ticker,strategy_type,timeframe,method,trial_number,composite_score,param_lookback,param_pivot_window,param_min_touches,param_tolerance_atr_mult,param_cluster_atr_mult,param_confirmation_bars,param_cooldown_bars,param_allowshort,metric_return_%,metric_sharpe,metric_sortino,metric_maxdd_%,metric_n_trades,metric_win_rate_%,allowshort,optim_params,params,IS_start,IS_end,OOS_start,OOS_end,FULL_start,FULL_end,IS_Количество сигналов,IS_Количество сделок,IS_Прибыльных сделок,IS_Убыточных сделок,IS_Процент прибыльных сделок,IS_Средняя прибыль,IS_Средний убыток,IS_Среднее время удержания (дней),IS_Среднее время удержания (часов),IS_Макс. просадка (%),IS_Макс. прибыль по сделке,IS_Макс. убыток по сделке,IS_Процент роста,IS_Sharpe,IS_Sortino,IS_Std. return,IS_Reward/Risk,OOS_Количество сигналов,OOS_Количество сделок,OOS_Прибыльных сделок,OOS_Убыточных сделок,OOS_Процент прибыльных сделок,OOS_Средняя прибыль,OOS_Средний убыток,OOS_Среднее время удержания (дней),OOS_Среднее время удержания (часов),OOS_Макс. просадка (%),OOS_Макс. прибыль по сделке,OOS_Макс. убыток по сделке,OOS_Процент роста,OOS_Sharpe,OOS_Sortino,OOS_Std. return,OOS_Reward/Risk,FULL_Количество сигналов,FULL_Количество сделок,FULL_Прибыльных сделок,FULL_Убыточных сделок,FULL_Процент прибыльных сделок,FULL_Средняя прибыль,FULL_Средний убыток,FULL_Среднее время удержания (дней),FULL_Среднее время удержания (часов),FULL_Макс. просадка (%),FULL_Макс. прибыль по сделке,FULL_Макс. убыток по сделке,FULL_Процент роста,FULL_Sharpe,FULL_Sortino,FULL_Std. return,FULL_Reward/Risk
GAZP,breakout_ols,1D,Bayesian_TPE,0,0.072,175,12,4,0.8500000000000001,0.4,1,4,True,22.57,0.193,0.195,60.2,9,33.33,True,"{""sampler"":""TPESampler"",""seed"":42,""n_trials"":50,""direction"":""maximize"",""objective"":""composite = Sharpe * (Return% / MaxDD%)""}","{""lookback"":175,""pivot_window"":12,""min_touches"":4,""tolerance_atr_mult"":0.8500000000000001,""cluster_atr_mult"":0.4,""confirmation_bars"":1,""cooldown_bars"":4,""allowshort"":true}",2014-01-01,2024-12-31,2025-01-01,2026-04-20,2014-01-01,2026-04-20,56.0,9.0,3.0,6.0,33.33,467622.97,-196187.0,214.56,,60.2,862321.1099999999,-777216.31,22.57,0.19,0.2,0.0126,0.0,9.0,2.0,1.0,1.0,50.0,2349.4,-118901.86,80.5,,32.29,2349.4000000000237,-118901.86000000007,-11.66,-0.24,-0.2,0.0136,-0.01,65.0,11.0,4.0,7.0,36.36,351437.18,-188981.97,190.18,,63.15,862321.1099999999,-777216.31,8.29,0.13,0.13,0.0127,0.0
GAZP,breakout_ols,1D,Bayesian_TPE,1,0.015,242,3,5,1.05,0.5,1,6,False,-29.17,-0.036,-0.029,69.63,35,34.29,False,"{""sampler"":""TPESampler"",""seed"":42,""n_trials"":50,""direction"":""maximize"",""objective"":""composite = Sharpe * (Return% / MaxDD%)""}","{""lookback"":242,""pivot_window"":3,""min_touches"":5,""tolerance_atr_mult"":1.05,""cluster_atr_mult"":0.5,""confirmation_bars"":1,""cooldown_bars"":6,""allowshort"":false}",2014-01-01,2024-12-31,2025-01-01,2026-04-20,2014-01-01,2026-04-20,156.0,35.0,12.0,23.0,34.29,123168.43,-76943.8,55.34,,69.63,899923.9500000001,-635692.67,-29.17,-0.04,-0.03,0.0134,-0.0,32.0,7.0,2.0,5.0,28.57,24891.24,-17491.12,30.86,,29.54,33910.68999999993,-28119.41999999995,-3.77,-0.01,-0.01,0.0133,-0.0,188.0,41.0,13.0,28.0,31.71,116350.27,-65413.94,52.88,,69.63,899923.9500000001,-635692.67,-31.9,-0.03,-0.03,0.0135,-0.0
GAZP,breakout_ols,1D,Bayesian_TPE,2,-0.006,186,5,4,0.4,0.55,2,11,True,-4.86,0.067,0.062,53.28,20,40.0,True,"{""sampler"":""TPESampler"",""seed"":42,""n_trials"":50,""direction"":""maximize"",""objective"":""composite = Sharpe * (Return% / MaxDD%)""}","{""lookback"":186,""pivot_window"":5,""min_touches"":4,""tolerance_atr_mult"":0.4,""cluster_atr_mult"":0.55,""confirmation_bars"":2,""cooldown_bars"":11,""allowshort"":true}",2014-01-01,2024-12-31,2025-01-01,2026-04-20,2014-01-01,2026-04-20,80.0,20.0,8.0,12.0,40.0,147281.36,-102237.76,85.5,,53.28,397003.3599999998,-587847.9600000002,-4.86,0.07,0.06,0.0116,0.0,19.0,5.0,1.0,4.0,20.0,22365.0,-65410.42,54.2,,44.04,22365.00000000004,-175680.18000000002,-23.93,-0.74,-0.91,0.0126,-0.02,99.0,24.0,8.0,16.0,33.33,156990.99,-93138.24,83.88,,62.21,397003.3599999998,-587847.9600000002,-23.43,-0.02,-0.02,0.0118,-0.0
GAZP,breakout_ols,1D,Bayesian_TPE,3,0.004,203,8,2,0.8500000000000001,0.45,1,20,True,2.09,0.111,0.115,52.3,26,34.62,True,"{""sampler"":""TPESampler"",""seed"":42,""n_trials"":50,""direction"":""maximize"",""objective"":""composite = Sharpe * (Return% / MaxDD%)""}","{""lookback"":203,""pivot_window"":8,""min_touches"":2,""tolerance_atr_mult"":0.8500000000000001,""cluster_atr_mult"":0.45,""confirmation_bars"":1,""cooldown_bars"":20,""allowshort"":true}",2014-01-01,2024-12-31,2025-01-01,2026-04-20,2014-01-01,2026-04-20,88.0,26.0,9.0,17.0,34.62,142108.56,-74003.29,78.19,,52.3,522512.47999999986,-683364.96,2.09,0.11,0.11,0.0128,0.0,21.0,7.0,2.0,5.0,28.57,25984.96,-38700.48,39.57,,34.22,26914.560000000023,-84844.89000000006,-14.15,-0.28,-0.32,0.0148,-0.01,109.0,32.0,10.0,22.0,31.25,139133.49,-66659.85,73.16,,56.41,522512.47999999986,-683364.96,-7.52,0.07,0.08,0.0132,0.0
GAZP,breakout_ols,1D,Bayesian_TPE,4,0.169,161,3,4,0.7,0.4,2,3,True,-54.47,-0.217,-0.177,70.02,29,31.03,True,"{""sampler"":""TPESampler"",""seed"":42,""n_trials"":50,""direction"":""maximize"",""objective"":""composite = Sharpe * (Return% / MaxDD%)""}","{""lookback"":161,""pivot_window"":3,""min_touches"":4,""tolerance_atr_mult"":0.7,""cluster_atr_mult"":0.4,""confirmation_bars"":2,""cooldown_bars"":3,""allowshort"":true}",2014-01-01,2024-12-31,2025-01-01,2026-04-20,2014-01-01,2026-04-20,151.0,29.0,9.0,20.0,31.03,111606.46,-77459.55,65.31,,70.02,304865.98000000004,-469597.37999999995,-54.47,-0.22,-0.18,0.0137,-0.0,30.0,6.0,3.0,3.0,50.0,31154.13,-38137.58,49.0,,31.97,82709.0,-59210.75,-2.1,0.05,0.06,0.0141,0.0,181.0,35.0,12.0,23.0,34.29,87250.52,-69620.59,62.51,,71.87,304865.98000000004,-469597.37999999995,-55.43,-0.18,-0.15,0.0137,-0.0
GAZP,breakout_ols,1D,Bayesian_TPE,5,-0.006,233,6,4,0.8,0.45,3,16,True,-5.52,0.06,0.055,58.5,13,46.15,True,"{""sampler"":""TPESampler"",""seed"":42,""n_trials"":50,""direction"":""maximize"",""objective"":""composite = Sharpe * (Return% / MaxDD%)""}","{""lookback"":233,""pivot_window"":6,""min_touches"":4,""tolerance_atr_mult"":0.8,""cluster_atr_mult"":0.45,""confirmation_bars"":3,""cooldown_bars"":16,""allowshort"":true}",2014-01-01,2024-12-31,2025-01-01,2026-04-20,2014-01-01,2026-04-20,59.0,13.0,6.0,7.0,46.15,204937.21,-183540.19,131.38,,58.5,862964.3100000002,-738147.1200000001,-5.52,0.06,0.06,0.0112,0.0,13.0,4.0,2.0,2.0,50.0,36352.73,-84791.66,69.75,,34.78,62178.799999999974,-117823.80000000008,-9.69,-0.15,-0.17,0.0148,-0.01,72.0,16.0,7.0,9.0,43.75,192553.32,-161427.79,126.38,,61.71,862964.3100000002,-738147.1200000001,-10.5,0.05,0.05,0.0118,0.0
GAZP,breakout_ols,1D,Bayesian_TPE,6,0.021,220,12,2,0.45,0.3,1,9,False,-31.36,-0.044,-0.035,64.42,18,27.78,False,"{""sampler"":""TPESampler"",""seed"":42,""n_trials"":50,""direction"":""maximize"",""objective"":""composite = Sharpe * (Return% / MaxDD%)""}","{""lookback"":220,""pivot_window"":12,""min_touches"":2,""tolerance_atr_mult"":0.45,""cluster_atr_mult"":0.3,""confirmation_bars"":1,""cooldown_bars"":9,""allowshort"":false}",2014-01-01,2024-12-31,2025-01-01,2026-04-20,2014-01-01,2026-04-20,91.0,18.0,5.0,12.0,27.78,198186.02,-108714.05,99.56,,64.42,631468.9,-799277.24,-31.36,-0.04,-0.04,0.0138,-0.0,20.0,3.0,2.0,1.0,66.67,9205.21,-109963.56,106.33,,34.84,12855.160000000007,-109963.55999999994,-9.16,-0.1,-0.12,0.0164,-0.0,111.0,20.0,7.0,13.0,35.0,143443.09,-104166.13,106.45,,68.64,631468.9,-799277.24,-35.01,-0.04,-0.03,0.0142,-0.0
GAZP,breakout_ols,1D,Bayesian_TPE,7,-0.006,171,5,4,0.4,1.05,1,20,True,-24.48,0.016,0.014,63.63,28,32.14,True,"{""sampler"":""TPESampler"",""seed"":42,""n_trials"":50,""direction"":""maximize"",""objective"":""composite = Sharpe * (Return% / MaxDD%)""}","{""lookback"":171,""pivot_window"":5,""min_touches"":4,""tolerance_atr_mult"":0.4,""cluster_atr_mult"":1.05,""confirmation_bars"":1,""cooldown_bars"":20,""allowshort"":true}",2014-01-01,2024-12-31,2025-01-01,2026-04-20,2014-01-01,2026-04-20,88.0,28.0,9.0,19.0,32.14,146204.78,-82137.63,72.43,,63.63,471172.7599999999,-646995.1799999999,-24.48,0.02,0.01,0.0151,0.0,16.0,6.0,3.0,3.0,50.0,22474.82,-64663.96,58.17,,34.93,46891.50000000013,-83183.40000000017,-12.66,-0.21,-0.28,0.0155,-0.01,104.0,33.0,11.0,22.0,33.33,126684.46,-77817.62,72.91,,65.87,471172.7599999999,-646995.1799999999,-31.85,-0.0,-0.0,0.0152,-0.0
GAZP,breakout_ols,1D,Bayesian_TPE,8,0.409,101,11,4,0.95,1.0,1,9,False,56.7,0.307,0.386,42.59,6,50.0,False,"{""sampler"":""TPESampler"",""seed"":42,""n_trials"":50,""direction"":""maximize"",""objective"":""composite = Sharpe * (Return% / MaxDD%)""}","{""lookback"":101,""pivot_window"":11,""min_touches"":4,""tolerance_atr_mult"":0.95,""cluster_atr_mult"":1.0,""confirmation_bars"":1,""cooldown_bars"":9,""allowshort"":false}",2014-01-01,2024-12-31,2025-01-01,2026-04-20,2014-01-01,2026-04-20,17.0,6.0,3.0,3.0,50.0,412156.25,-223172.14,373.0,,42.59,844749.4,-518586.2,56.7,0.31,0.39,0.0123,0.01,2.0,0.0,0.0,0.0,0.0,0.0,0.0,0.0,,0.0,0.0,0.0,0.0,,,0.0,,19.0,6.0,3.0,3.0,50.0,412156.25,-258874.47,404.5,,42.59,844749.4,-625693.2000000001,45.98,0.25,0.29,0.0126,0.01
GAZP,breakout_ols,1D,Bayesian_TPE,9,0.007,225,6,2,0.55,0.6000000000000001,3,14,True,-26.39,-0.02,-0.016,73.97,26,34.62,True,"{""sampler"":""TPESampler"",""seed"":42,""n_trials"":50,""direction"":""maximize"",""objective"":""composite = Sharpe * (Return% / MaxDD%)""}","{""lookback"":225,""pivot_window"":6,""min_touches"":2,""tolerance_atr_mult"":0.55,""cluster_atr_mult"":0.6000000000000001,""confirmation_bars"":3,""cooldown_bars"":14,""allowshort"":true}",2014-01-01,2024-12-31,2025-01-01,2026-04-20,2014-01-01,2026-04-20,106.0,26.0,9.0,17.0,34.62,206561.57,-124877.56,71.65,,73.97,1157668.38,-893031.8,-26.39,-0.02,-0.02,0.0134,-0.0,25.0,9.0,4.0,5.0,44.44,36085.9,-54405.2,28.56,,38.43,72276.59999999992,-92135.68,-12.77,-0.26,-0.3,0.0141,-0.01,131.0,35.0,13.0,22.0,37.14,149391.64,-105347.66,60.83,,79.06,1157668.38,-893031.8,-37.56,-0.06,-0.05,0.0135,-0.0
GAZP,breakout_ols,1D,Bayesian_TPE,10,0.118,104,10,3,1.15,1.0,2,9,False,-58.17,-0.155,-0.149,76.49,14,42.86,False,"{""sampler"":""TPESampler"",""seed"":42,""n_trials"":50,""direction"":""maximize"",""objective"":""composite = Sharpe * (Return% / MaxDD%)""}","{""lookback"":104,""pivot_window"":10,""min_touches"":3,""tolerance_atr_mult"":1.1500000000000001,""cluster_atr_mult"":1.0,""confirmation_bars"":2,""cooldown_bars"":9,""allowshort"":false}",2014-01-01,2024-12-31,2025-01-01,2026-04-20,2014-01-01,2026-04-20,63.0,14.0,6.0,8.0,42.86,124835.0,-166340.88,195.36,,76.49,517414.7999999998,-476770.0800000001,-58.17,-0.16,-0.15,0.017,-0.0,7.0,2.0,0.0,2.0,0.0,0.0,-74434.14,146.0,,36.89,-1797.390000000068,-147070.89000000004,-14.89,-0.29,-0.32,0.0152,-0.01,70.0,16.0,6.0,10.0,37.5,124835.0,-139298.26,189.19,,80.0,517414.7999999998,-476770.0800000001,-64.4,-0.17,-0.17,0.0167,-0.0
GAZP,breakout_ols,1D,Bayesian_TPE,11,-0.014,110,9,5,0.65,0.8500000000000001,2,3,False,-20.31,0.045,0.05,64.32,3,33.33,False,"{""sampler"":""TPESampler"",""seed"":42,""n_trials"":50,""direction"":""maximize"",""objective"":""composite = Sharpe * (Return% / MaxDD%)""}","{""lookback"":110,""pivot_window"":9,""min_touches"":5,""tolerance_atr_mult"":0.65,""cluster_atr_mult"":0.8500000000000001,""confirmation_bars"":2,""cooldown_bars"":3,""allowshort"":false}",2014-01-01,2024-12-31,2025-01-01,2026-04-20,2014-01-01,2026-04-20,16.0,3.0,1.0,2.0,33.33,151154.35,-177136.24,984.33,,64.32,151154.3499999999,-254883.87999999992,-20.31,0.04,0.05,0.0158,0.0,1.0,0.0,0.0,0.0,0.0,0.0,0.0,0.0,,0.0,0.0,0.0,0.0,,,0.0,,17.0,3.0,1.0,2.0,33.33,151154.35,-208682.46,1071.0,,64.32,151154.3499999999,-317976.31999999995,-26.62,0.03,0.03,0.0158,0.0
GAZP,breakout_ols,1D,Bayesian_TPE,12,-0.007,141,3,3,1.0,0.8,2,7,False,-6.67,0.064,0.066,58.0,48,35.42,False,"{""sampler"":""TPESampler"",""seed"":42,""n_trials"":50,""direction"":""maximize"",""objective"":""composite = Sharpe * (Return% / MaxDD%)""}","{""lookback"":141,""pivot_window"":3,""min_touches"":3,""tolerance_atr_mult"":1.0,""cluster_atr_mult"":0.8,""confirmation_bars"":2,""cooldown_bars"":7,""allowshort"":false}",2014-01-01,2024-12-31,2025-01-01,2026-04-20,2014-01-01,2026-04-20,178.0,48.0,17.0,31.0,35.42,98415.45,-56120.84,41.83,,58.0,567205.6499999999,-406844.94000000006,-6.67,0.06,0.07,0.0122,0.0,30.0,8.0,4.0,4.0,50.0,50447.38,-59177.63,34.38,,31.12,58110.77999999994,-116469.48,-3.49,0.0,0.0,0.0133,0.0,208.0,56.0,21.0,35.0,37.5,88637.81,-56019.43,40.77,,59.86,567205.6499999999,-406844.94000000006,-9.93,0.05,0.06,0.0123,0.0
GAZP,breakout_ols,1D,Bayesian_TPE,13,0.831,273,10,5,0.7,1.2,3,6,False,82.02,0.402,0.436,39.66,9,55.56,False,"{""sampler"":""TPESampler"",""seed"":42,""n_trials"":50,""direction"":""maximize"",""objective"":""composite = Sharpe * (Return% / MaxDD%)""}","{""lookback"":273,""pivot_window"":10,""min_touches"":5,""tolerance_atr_mult"":0.7,""cluster_atr_mult"":1.2,""confirmation_bars"":3,""cooldown_bars"":6,""allowshort"":false}",2014-01-01,2024-12-31,2025-01-01,2026-04-20,2014-01-01,2026-04-20,51.0,9.0,5.0,4.0,55.56,217932.98,-67359.78,203.11,,39.66,775261.3399999999,-115467.74000000017,82.02,0.4,0.44,0.0109,0.01,15.0,3.0,1.0,2.0,33.33,33563.92,-69546.79,104.67,,38.02,33563.91999999999,-76317.85000000005,-10.55,-0.15,-0.17,0.0158,-0.01,66.0,11.0,6.0,5.0,54.55,191783.2,-104830.01,196.09,,39.66,775261.3399999999,-172279.79999999993,62.65,0.3,0.32,0.0118,0.01
GAZP,breakout_ols,1D,Bayesian_TPE,14,1.012,284,10,5,0.95,1.2,3,7,False,88.62,0.428,0.485,37.47,9,55.56,False,"{""sampler"":""TPESampler"",""seed"":42,""n_trials"":50,""direction"":""maximize"",""objective"":""composite = Sharpe * (Return% / MaxDD%)""}","{""lookback"":284,""pivot_window"":10,""min_touches"":5,""tolerance_atr_mult"":0.95,""cluster_atr_mult"":1.2,""confirmation_bars"":3,""cooldown_bars"":7,""allowshort"":false}",2014-01-01,2024-12-31,2025-01-01,2026-04-20,2014-01-01,2026-04-20,50.0,9.0,5.0,4.0,55.56,241070.45,-79778.95,204.22,,37.47,959016.84,-163993.7000000003,88.62,0.43,0.48,0.0106,0.01,14.0,4.0,0.0,4.0,0.0,0.0,-42925.04,61.0,,40.2,-11984.699999999955,-76317.85000000005,-17.17,-0.36,-0.38,0.015,-0.01,64.0,12.0,5.0,7.0,41.67,241070.45,-92072.91,174.75,,40.2,959016.84,-178529.3999999999,56.08,0.29,0.31,0.0113,0.01
GAZP,breakout_ols,1D,Bayesian_TPE,15,0.46,295,10,5,1.2,1.15,3,6,False,48.51,0.305,0.328,32.13,8,62.5,False,"{""sampler"":""TPESampler"",""seed"":42,""n_trials"":50,""direction"":""maximize"",""objective"":""composite = Sharpe * (Return% / MaxDD%)""}","{""lookback"":295,""pivot_window"":10,""min_touches"":5,""tolerance_atr_mult"":1.2,""cluster_atr_mult"":1.1500000000000001,""confirmation_bars"":3,""cooldown_bars"":6,""allowshort"":false}",2014-01-01,2024-12-31,2025-01-01,2026-04-20,2014-01-01,2026-04-20,50.0,8.0,5.0,3.0,62.5,128890.38,-53106.49,209.0,,32.13,432327.41999999987,-116090.55999999988,48.51,0.31,0.33,0.0101,0.01,12.0,3.0,0.0,3.0,0.0,0.0,-37100.08,79.67,,35.83,-12858.299999999952,-76317.85000000005,-11.13,-0.19,-0.19,0.0148,-0.01,62.0,10.0,5.0,5.0,50.0,128890.38,-65181.68,192.6,,35.83,432327.41999999987,-140565.59999999995,31.85,0.21,0.22,0.0109,0.01
GAZP,breakout_ols,1D,Bayesian_TPE,16,0.843,290,8,5,0.65,1.2,3,13,False,74.52,0.389,0.45,34.4,11,27.27,False,"{""sampler"":""TPESampler"",""seed"":42,""n_trials"":50,""direction"":""maximize"",""objective"":""composite = Sharpe * (Return% / MaxDD%)""}","{""lookback"":290,""pivot_window"":8,""min_touches"":5,""tolerance_atr_mult"":0.65,""cluster_atr_mult"":1.2,""confirmation_bars"":3,""cooldown_bars"":13,""allowshort"":false}",2014-01-01,2024-12-31,2025-01-01,2026-04-20,2014-01-01,2026-04-20,58.0,11.0,3.0,8.0,27.27,361003.47,-42228.85,167.36,,34.4,870804.6900000002,-81557.78000000006,74.52,0.39,0.45,0.0105,0.01,9.0,2.0,0.0,2.0,0.0,0.0,-60949.55,159.5,,35.44,-8935.680000000008,-112963.41,-12.19,-0.19,-0.23,0.0159,-0.01,67.0,12.0,3.0,9.0,25.0,361003.47,-49943.83,183.25,,35.44,870804.6900000002,-125453.12999999992,63.35,0.3,0.35,0.0115,0.01
GAZP,breakout_ols,1D,Bayesian_TPE,17,0.037,268,8,5,0.55,0.9000000000000001,3,14,False,13.34,0.155,0.152,56.61,11,27.27,False,"{""sampler"":""TPESampler"",""seed"":42,""n_trials"":50,""direction"":""maximize"",""objective"":""composite = Sharpe * (Return% / MaxDD%)""}","{""lookback"":268,""pivot_window"":8,""min_touches"":5,""tolerance_atr_mult"":0.55,""cluster_atr_mult"":0.9000000000000001,""confirmation_bars"":3,""cooldown_bars"":14,""allowshort"":false}",2014-01-01,2024-12-31,2025-01-01,2026-04-20,2014-01-01,2026-04-20,59.0,11.0,3.0,8.0,27.27,379122.97,-125496.2,179.09,,56.61,881757.1800000002,-562393.1800000002,13.34,0.15,0.15,0.0116,0.0,12.0,4.0,0.0,4.0,0.0,0.0,-69793.26,45.0,,44.47,-10428.59999999996,-117819.28999999998,-27.92,-0.86,-0.72,0.0131,-0.03,71.0,14.0,3.0,11.0,21.43,379122.97,-115136.87,156.36,,59.52,881757.1800000002,-562393.1800000002,-12.91,0.04,0.04,0.0119,0.0
GAZP,breakout_ols,1D,Bayesian_TPE,18,0.095,298,7,5,0.3,0.7,3,12,False,23.75,0.202,0.173,50.73,11,45.45,False,"{""sampler"":""TPESampler"",""seed"":42,""n_trials"":50,""direction"":""maximize"",""objective"":""composite = Sharpe * (Return% / MaxDD%)""}","{""lookback"":298,""pivot_window"":7,""min_touches"":5,""tolerance_atr_mult"":0.3,""cluster_atr_mult"":0.7,""confirmation_bars"":3,""cooldown_bars"":12,""allowshort"":false}",2014-01-01,2024-12-31,2025-01-01,2026-04-20,2014-01-01,2026-04-20,57.0,11.0,5.0,6.0,45.45,251335.77,-169857.96,178.36,,50.73,874749.66,-505806.85,23.75,0.2,0.17,0.0127,0.01,9.0,2.0,0.0,2.0,0.0,0.0,-72948.4,91.0,,23.34,-15820.700000000084,-130076.09999999998,-14.59,-0.59,-0.46,0.0092,-0.02,66.0,13.0,5.0,8.0,38.46,271545.27,-151806.8,171.77,,54.66,874749.66,-505806.85,14.33,0.16,0.14,0.0129,0.0
GAZP,breakout_ols,1D,Bayesian_TPE,19,-0.006,260,9,3,0.9000000000000001,1.1,3,17,False,-5.07,0.066,0.065,54.46,12,33.33,False,"{""sampler"":""TPESampler"",""seed"":42,""n_trials"":50,""direction"":""maximize"",""objective"":""composite = Sharpe * (Return% / MaxDD%)""}","{""lookback"":260,""pivot_window"":9,""min_touches"":3,""tolerance_atr_mult"":0.9000000000000001,""cluster_atr_mult"":1.1,""confirmation_bars"":3,""cooldown_bars"":17,""allowshort"":false}",2014-01-01,2024-12-31,2025-01-01,2026-04-20,2014-01-01,2026-04-20,65.0,12.0,4.0,8.0,33.33,246949.19,-129813.53,163.42,,54.46,839091.5100000001,-566916.0599999999,-5.07,0.07,0.07,0.0115,0.0,15.0,5.0,1.0,4.0,20.0,2561.27,-63631.8,49.8,,42.37,2561.2699999999786,-118090.32,-25.2,-0.71,-0.72,0.0137,-0.02,80.0,16.0,5.0,11.0,31.25,200102.87,-113053.07,140.56,,63.03,839091.5100000001,-566916.0599999999,-24.31,-0.02,-0.02,0.012,-0.0
GAZP,breakout_ols,1D,Bayesian_TPE,20,0.783,281,9,5,1.1,1.2,3,11,False,73.89,0.391,0.452,36.91,11,45.45,False,"{""sampler"":""TPESampler"",""seed"":42,""n_trials"":50,""direction"":""maximize"",""objective"":""composite = Sharpe * (Return% / MaxDD%)""}","{""lookback"":281,""pivot_window"":9,""min_touches"":5,""tolerance_atr_mult"":1.1,""cluster_atr_mult"":1.2,""confirmation_bars"":3,""cooldown_bars"":11,""allowshort"":false}",2014-01-01,2024-12-31,2025-01-01,2026-04-20,2014-01-01,2026-04-20,50.0,11.0,5.0,6.0,45.45,234205.82,-72027.31,167.55,,36.91,930307.77,-151178.82000000027,73.89,0.39,0.45,0.0103,0.01,14.0,3.0,1.0,2.0,33.33,31812.8,-92024.99,66.33,,25.82,31812.799999999992,-124555.64,-15.22,-0.56,-0.48,0.0099,-0.02,64.0,13.0,6.0,7.0,46.15,205101.61,-91837.79,165.85,,36.91,930307.77,-151178.82000000027,58.77,0.3,0.33,0.0112,0.01
GAZP,breakout_ols,1D,Bayesian_TPE,21,-0.008,257,10,5,0.65,1.2,3,7,False,-8.59,0.058,0.057,61.68,9,22.22,False,"{""sampler"":""TPESampler"",""seed"":42,""n_trials"":50,""direction"":""maximize"",""objective"":""composite = Sharpe * (Return% / MaxDD%)""}","{""lookback"":257,""pivot_window"":10,""min_touches"":5,""tolerance_atr_mult"":0.65,""cluster_atr_mult"":1.2,""confirmation_bars"":3,""cooldown_bars"":7,""allowshort"":false}",2014-01-01,2024-12-31,2025-01-01,2026-04-20,2014-01-01,2026-04-20,52.0,9.0,2.0,7.0,22.22,303315.09,-98929.61,223.0,,61.68,527623.8599999999,-453517.40000000014,-8.59,0.06,0.06,0.0124,0.0,13.0,3.0,1.0,2.0,33.33,32813.44,-79193.35,106.0,,39.41,32813.439999999995,-82068.84000000003,-12.56,-0.2,-0.24,0.0158,-0.01,65.0,11.0,3.0,8.0,27.27,212197.58,-104754.85,212.73,,61.68,527623.8599999999,-453517.40000000014,-20.14,0.02,0.02,0.013,0.0
GAZP,breakout_ols,1D,Bayesian_TPE,22,1.239,283,11,5,0.7,0.95,3,5,False,96.19,0.454,0.527,35.24,8,50.0,False,"{""sampler"":""TPESampler"",""seed"":42,""n_trials"":50,""direction"":""maximize"",""objective"":""composite = Sharpe * (Return% / MaxDD%)""}","{""lookback"":283,""pivot_window"":11,""min_touches"":5,""tolerance_atr_mult"":0.7,""cluster_atr_mult"":0.95,""confirmation_bars"":3,""cooldown_bars"":5,""allowshort"":false}",2014-01-01,2024-12-31,2025-01-01,2026-04-20,2014-01-01,2026-04-20,53.0,8.0,4.0,4.0,50.0,304573.93,-64109.63,223.88,,35.24,903972.6,-172974.62000000032,96.19,0.45,0.53,0.0104,0.01,12.0,4.0,0.0,4.0,0.0,0.0,-35955.95,63.75,,40.19,-12386.919999999953,-64888.86000000002,-14.38,-0.27,-0.28,0.0153,-0.01,65.0,11.0,4.0,7.0,36.36,304573.93,-84982.24,186.36,,40.2,903972.6,-213833.86999999988,62.34,0.3,0.34,0.0112,0.01
GAZP,breakout_ols,1D,Bayesian_TPE,23,1.239,282,11,5,0.55,0.95,3,13,False,96.19,0.454,0.527,35.24,8,50.0,False,"{""sampler"":""TPESampler"",""seed"":42,""n_trials"":50,""direction"":""maximize"",""objective"":""composite = Sharpe * (Return% / MaxDD%)""}","{""lookback"":282,""pivot_window"":11,""min_touches"":5,""tolerance_atr_mult"":0.55,""cluster_atr_mult"":0.95,""confirmation_bars"":3,""cooldown_bars"":13,""allowshort"":false}",2014-01-01,2024-12-31,2025-01-01,2026-04-20,2014-01-01,2026-04-20,45.0,8.0,4.0,4.0,50.0,304573.93,-64109.63,223.88,,35.24,903972.6,-172974.62000000032,96.19,0.45,0.53,0.0104,0.01,10.0,3.0,1.0,2.0,33.33,34692.0,-55060.95,108.33,,38.02,34691.99999999999,-64888.86000000002,-7.54,-0.06,-0.07,0.0161,-0.0,55.0,10.0,5.0,5.0,50.0,256815.67,-106193.89,212.0,,38.02,903972.6,-213833.86999999988,75.31,0.34,0.38,0.0114,0.01
GAZP,breakout_ols,1D,Bayesian_TPE,24,-0.002,250,11,5,0.75,0.95,3,5,False,-17.84,0.007,0.007,66.88,10,40.0,False,"{""sampler"":""TPESampler"",""seed"":42,""n_trials"":50,""direction"":""maximize"",""objective"":""composite = Sharpe * (Return% / MaxDD%)""}","{""lookback"":250,""pivot_window"":11,""min_touches"":5,""tolerance_atr_mult"":0.75,""cluster_atr_mult"":0.95,""confirmation_bars"":3,""cooldown_bars"":5,""allowshort"":false}",2014-01-01,2024-12-31,2025-01-01,2026-04-20,2014-01-01,2026-04-20,53.0,10.0,4.0,6.0,40.0,173004.57,-145061.69,198.7,,66.88,516552.0899999999,-592104.6000000001,-17.84,0.01,0.01,0.0123,0.0,13.0,3.0,1.0,2.0,33.33,34290.8,-60235.44,110.0,,38.74,34290.79999999999,-75237.83999999995,-8.62,-0.09,-0.1,0.0161,-0.0,66.0,12.0,5.0,7.0,41.67,143849.59,-141936.91,193.42,,66.88,516552.0899999999,-592104.6000000001,-27.43,-0.02,-0.02,0.0129,-0.0
GAZP,breakout_ols,1D,Bayesian_TPE,25,0.972,278,11,4,0.55,0.7,2,8,False,85.29,0.417,0.473,36.6,9,55.56,False,"{""sampler"":""TPESampler"",""seed"":42,""n_trials"":50,""direction"":""maximize"",""objective"":""composite = Sharpe * (Return% / MaxDD%)""}","{""lookback"":278,""pivot_window"":11,""min_touches"":4,""tolerance_atr_mult"":0.55,""cluster_atr_mult"":0.7,""confirmation_bars"":2,""cooldown_bars"":8,""allowshort"":false}",2014-01-01,2024-12-31,2025-01-01,2026-04-20,2014-01-01,2026-04-20,55.0,9.0,5.0,4.0,55.56,235849.15,-81588.09,201.56,,36.6,803258.5000000001,-164295.3000000002,85.29,0.42,0.47,0.0107,0.01,14.0,3.0,1.0,2.0,33.33,35011.62,-92375.85,66.0,,21.79,35011.620000000046,-146436.50000000006,-14.97,-0.62,-0.6,0.009,-0.03,69.0,11.0,6.0,5.0,54.55,208227.04,-109343.46,194.82,,36.6,803258.5000000001,-175923.52000000002,70.26,0.32,0.36,0.0115,0.01
GAZP,breakout_ols,1D,Bayesian_TPE,26,0.07,243,12,5,0.95,0.9000000000000001,3,10,False,-36.26,-0.123,-0.114,64.06,11,27.27,False,"{""sampler"":""TPESampler"",""seed"":42,""n_trials"":50,""direction"":""maximize"",""objective"":""composite = Sharpe * (Return% / MaxDD%)""}","{""lookback"":243,""pivot_window"":12,""min_touches"":5,""tolerance_atr_mult"":0.95,""cluster_atr_mult"":0.9000000000000001,""confirmation_bars"":3,""cooldown_bars"":10,""allowshort"":false}",2014-01-01,2024-12-31,2025-01-01,2026-04-20,2014-01-01,2026-04-20,43.0,11.0,3.0,8.0,27.27,149252.83,-101297.63,166.73,,64.06,411498.9399999999,-423201.06000000006,-36.26,-0.12,-0.11,0.0119,-0.0,11.0,2.0,1.0,1.0,50.0,35121.52,-99142.16,154.0,,33.5,35121.51999999999,-99142.16000000008,-6.4,-0.04,-0.05,0.0156,-0.0,54.0,12.0,4.0,8.0,33.33,117672.06,-107448.92,179.83,,64.06,411498.9399999999,-423201.06000000006,-38.89,-0.1,-0.09,0.0125,-0.0
GAZP,breakout_ols,1D,Bayesian_TPE,27,-0.001,211,11,4,0.5,1.05,3,17,False,-18.29,0.003,0.003,59.82,12,25.0,False,"{""sampler"":""TPESampler"",""seed"":42,""n_trials"":50,""direction"":""maximize"",""objective"":""composite = Sharpe * (Return% / MaxDD%)""}","{""lookback"":211,""pivot_window"":11,""min_touches"":4,""tolerance_atr_mult"":0.5,""cluster_atr_mult"":1.05,""confirmation_bars"":3,""cooldown_bars"":17,""allowshort"":false}",2014-01-01,2024-12-31,2025-01-01,2026-04-20,2014-01-01,2026-04-20,47.0,12.0,3.0,9.0,25.0,285360.14,-115446.42,174.92,,59.82,654498.13,-467585.2500000001,-18.29,0.0,0.0,0.0122,0.0,10.0,2.0,0.0,2.0,0.0,0.0,-27425.48,154.0,,35.42,-9617.92000000001,-45233.03999999995,-5.49,-0.01,-0.02,0.0157,-0.0,57.0,13.0,3.0,10.0,23.08,285360.14,-110970.17,185.46,,59.82,654498.13,-467585.2500000001,-25.36,-0.01,-0.01,0.0128,-0.0
GAZP,breakout_ols,1D,Bayesian_TPE,28,1.986,284,12,5,0.75,0.75,2,4,False,137.93,0.542,0.624,37.65,8,62.5,False,"{""sampler"":""TPESampler"",""seed"":42,""n_trials"":50,""direction"":""maximize"",""objective"":""composite = Sharpe * (Return% / MaxDD%)""}","{""lookback"":284,""pivot_window"":12,""min_touches"":5,""tolerance_atr_mult"":0.75,""cluster_atr_mult"":0.75,""confirmation_bars"":2,""cooldown_bars"":4,""allowshort"":false}",2014-01-01,2024-12-31,2025-01-01,2026-04-20,2014-01-01,2026-04-20,54.0,8.0,5.0,3.0,62.5,358047.5,-136978.23,219.5,,37.65,1216908.4000000004,-206190.27000000008,137.93,0.54,0.62,0.0109,0.02,11.0,2.0,1.0,1.0,50.0,39658.08,-76618.61,154.5,,33.27,39658.08000000005,-76618.61000000009,-3.7,0.03,0.04,0.0157,0.0,65.0,9.0,6.0,3.0,66.67,314084.72,-198461.35,231.11,,37.65,1216908.4000000004,-275065.47000000003,128.91,0.45,0.5,0.0117,0.01
GAZP,breakout_ols,1D,Bayesian_TPE,29,0.209,264,12,4,0.8,0.75,2,4,False,45.38,0.271,0.284,58.73,10,30.0,False,"{""sampler"":""TPESampler"",""seed"":42,""n_trials"":50,""direction"":""maximize"",""objective"":""composite = Sharpe * (Return% / MaxDD%)""}","{""lookback"":264,""pivot_window"":12,""min_touches"":4,""tolerance_atr_mult"":0.8,""cluster_atr_mult"":0.75,""confirmation_bars"":2,""cooldown_bars"":4,""allowshort"":false}",2014-01-01,2024-12-31,2025-01-01,2026-04-20,2014-01-01,2026-04-20,62.0,10.0,3.0,7.0,30.0,529463.44,-162080.61,204.1,,58.73,1123032.86,-704876.75,45.38,0.27,0.28,0.0126,0.01,21.0,3.0,1.0,2.0,33.33,39336.92,-42037.5,111.33,,35.19,39336.92000000005,-76618.61000000009,-4.47,0.03,0.03,0.0167,0.0,83.0,12.0,4.0,8.0,33.33,411381.43,-157262.38,199.17,,58.73,1123032.86,-704876.75,38.74,0.23,0.25,0.0132,0.01
GAZP,breakout_ols,1D,Bayesian_TPE,30,1.359,299,12,3,0.6000000000000001,0.65,2,4,False,112.13,0.478,0.571,39.44,10,50.0,False,"{""sampler"":""TPESampler"",""seed"":42,""n_trials"":50,""direction"":""maximize"",""objective"":""composite = Sharpe * (Return% / MaxDD%)""}","{""lookback"":299,""pivot_window"":12,""min_touches"":3,""tolerance_atr_mult"":0.6000000000000001,""cluster_atr_mult"":0.65,""confirmation_bars"":2,""cooldown_bars"":4,""allowshort"":false}",2014-01-01,2024-12-31,2025-01-01,2026-04-20,2014-01-01,2026-04-20,68.0,10.0,5.0,5.0,50.0,331749.91,-107497.01,186.1,,39.44,1017538.44,-188932.9000000002,112.13,0.48,0.57,0.011,0.01,18.0,3.0,1.0,2.0,33.33,290.52,-43362.27,79.67,,34.04,290.5200000000454,-76618.61000000009,-8.64,-0.12,-0.12,0.0149,-0.01,86.0,12.0,6.0,6.0,50.0,276560.88,-120556.82,176.25,,39.44,1017538.44,-211125.50000000023,93.6,0.37,0.42,0.0117,0.01
GAZP,breakout_ols,1D,Bayesian_TPE,31,1.359,300,12,3,0.6000000000000001,0.65,2,4,False,112.13,0.478,0.571,39.44,10,50.0,False,"{""sampler"":""TPESampler"",""seed"":42,""n_trials"":50,""direction"":""maximize"",""objective"":""composite = Sharpe * (Return% / MaxDD%)""}","{""lookback"":300,""pivot_window"":12,""min_touches"":3,""tolerance_atr_mult"":0.6000000000000001,""cluster_atr_mult"":0.65,""confirmation_bars"":2,""cooldown_bars"":4,""allowshort"":false}",2014-01-01,2024-12-31,2025-01-01,2026-04-20,2014-01-01,2026-04-20,70.0,10.0,5.0,5.0,50.0,331749.91,-107497.01,186.1,,39.44,1017538.44,-188932.9000000002,112.13,0.48,0.57,0.011,0.01,18.0,4.0,0.0,4.0,0.0,0.0,-52784.4,63.25,,42.24,-8847.959999999954,-114884.9,-21.11,-0.48,-0.5,0.0152,-0.02,88.0,13.0,5.0,8.0,38.46,331749.91,-123376.75,163.77,,42.24,1017538.44,-243479.34000000003,67.17,0.31,0.35,0.0117,0.01
GAZP,breakout_ols,1D,Bayesian_TPE,32,1.359,299,12,3,0.6000000000000001,0.65,2,4,False,112.13,0.478,0.571,39.44,10,50.0,False,"{""sampler"":""TPESampler"",""seed"":42,""n_trials"":50,""direction"":""maximize"",""objective"":""composite = Sharpe * (Return% / MaxDD%)""}","{""lookback"":299,""pivot_window"":12,""min_touches"":3,""tolerance_atr_mult"":0.6000000000000001,""cluster_atr_mult"":0.65,""confirmation_bars"":2,""cooldown_bars"":4,""allowshort"":false}",2014-01-01,2024-12-31,2025-01-01,2026-04-20,2014-01-01,2026-04-20,68.0,10.0,5.0,5.0,50.0,331749.91,-107497.01,186.1,,39.44,1017538.44,-188932.9000000002,112.13,0.48,0.57,0.011,0.01,18.0,3.0,1.0,2.0,33.33,290.52,-43362.27,79.67,,34.04,290.5200000000454,-76618.61000000009,-8.64,-0.12,-0.12,0.0149,-0.01,86.0,12.0,6.0,6.0,50.0,276560.88,-120556.82,176.25,,39.44,1017538.44,-211125.50000000023,93.6,0.37,0.42,0.0117,0.01
GAZP,breakout_ols,1D,Bayesian_TPE,33,0.685,293,12,3,0.6000000000000001,0.6000000000000001,2,4,False,71.86,0.376,0.432,39.44,10,50.0,False,"{""sampler"":""TPESampler"",""seed"":42,""n_trials"":50,""direction"":""maximize"",""objective"":""composite = Sharpe * (Return% / MaxDD%)""}","{""lookback"":293,""pivot_window"":12,""min_touches"":3,""tolerance_atr_mult"":0.6000000000000001,""cluster_atr_mult"":0.6000000000000001,""confirmation_bars"":2,""cooldown_bars"":4,""allowshort"":false}",2014-01-01,2024-12-31,2025-01-01,2026-04-20,2014-01-01,2026-04-20,66.0,10.0,5.0,5.0,50.0,236897.7,-93177.66,172.8,,39.44,569943.6,-153074.48000000016,71.86,0.38,0.43,0.0107,0.01,16.0,2.0,1.0,1.0,50.0,39658.08,-76618.61,154.5,,33.27,39658.08000000005,-76618.61000000009,-3.7,0.03,0.04,0.0157,0.0,82.0,11.0,6.0,5.0,54.55,208763.26,-119823.9,186.55,,39.44,569943.6,-171057.50000000015,65.35,0.31,0.35,0.0115,0.01
GAZP,breakout_ols,1D,Bayesian_TPE,34,0.685,297,12,3,0.75,0.65,2,3,False,71.86,0.376,0.432,39.44,10,50.0,False,"{""sampler"":""TPESampler"",""seed"":42,""n_trials"":50,""direction"":""maximize"",""objective"":""composite = Sharpe * (Return% / MaxDD%)""}","{""lookback"":297,""pivot_window"":12,""min_touches"":3,""tolerance_atr_mult"":0.75,""cluster_atr_mult"":0.65,""confirmation_bars"":2,""cooldown_bars"":3,""allowshort"":false}",2014-01-01,2024-12-31,2025-01-01,2026-04-20,2014-01-01,2026-04-20,68.0,10.0,5.0,5.0,50.0,236897.7,-93177.66,172.8,,39.44,569943.6,-153074.48000000016,71.86,0.38,0.43,0.0107,0.01,18.0,3.0,1.0,2.0,33.33,290.52,-43362.27,79.67,,34.04,290.5200000000454,-76618.61000000009,-8.64,-0.12,-0.12,0.0149,-0.01,86.0,12.0,6.0,6.0,50.0,197497.88,-102745.15,165.17,,39.44,569943.6,-171057.50000000015,56.85,0.29,0.31,0.0114,0.01
GAZP,breakout_ols,1D,Bayesian_TPE,35,2.069,271,12,3,0.45,0.55,2,5,True,133.55,0.522,0.63,33.7,10,40.0,True,"{""sampler"":""TPESampler"",""seed"":42,""n_trials"":50,""direction"":""maximize"",""objective"":""composite = Sharpe * (Return% / MaxDD%)""}","{""lookback"":271,""pivot_window"":12,""min_touches"":3,""tolerance_atr_mult"":0.45,""cluster_atr_mult"":0.55,""confirmation_bars"":2,""cooldown_bars"":5,""allowshort"":true}",2014-01-01,2024-12-31,2025-01-01,2026-04-20,2014-01-01,2026-04-20,64.0,10.0,4.0,6.0,40.0,465739.78,-87915.89,186.5,,33.7,1171404.96,-173253.42000000027,133.55,0.52,0.63,0.0113,0.02,21.0,3.0,2.0,1.0,66.67,21451.58,-76618.61,108.0,,34.39,39792.76000000005,-76618.61000000009,-3.37,0.05,0.06,0.0165,0.0,85.0,12.0,6.0,6.0,50.0,327177.11,-118091.57,183.67,,34.39,1171404.96,-270002.16000000003,125.45,0.43,0.51,0.0121,0.02
GAZP,breakout_ols,1D,Bayesian_TPE,36,0.004,251,12,2,0.3,0.5,2,5,True,-18.18,-0.012,-0.011,58.12,14,35.71,True,"{""sampler"":""TPESampler"",""seed"":42,""n_trials"":50,""direction"":""maximize"",""objective"":""composite = Sharpe * (Return% / MaxDD%)""}","{""lookback"":251,""pivot_window"":12,""min_touches"":2,""tolerance_atr_mult"":0.3,""cluster_atr_mult"":0.5,""confirmation_bars"":2,""cooldown_bars"":5,""allowshort"":true}",2014-01-01,2024-12-31,2025-01-01,2026-04-20,2014-01-01,2026-04-20,85.0,14.0,5.0,9.0,35.71,186544.73,-123838.1,125.79,,58.12,663929.4,-653512.1200000001,-18.18,-0.01,-0.01,0.0113,-0.0,25.0,6.0,2.0,4.0,33.33,10491.86,-51993.76,59.5,,42.13,20725.200000000008,-98925.0,-18.7,-0.33,-0.43,0.017,-0.01,110.0,20.0,7.0,13.0,35.0,135698.72,-98823.57,105.9,,67.0,663929.4,-653512.1200000001,-33.48,-0.07,-0.07,0.0122,-0.0
GAZP,breakout_ols,1D,Bayesian_TPE,37,0.017,193,11,3,0.45,0.55,2,4,True,-32.17,-0.036,-0.032,66.64,18,44.44,True,"{""sampler"":""TPESampler"",""seed"":42,""n_trials"":50,""direction"":""maximize"",""objective"":""composite = Sharpe * (Return% / MaxDD%)""}","{""lookback"":193,""pivot_window"":11,""min_touches"":3,""tolerance_atr_mult"":0.45,""cluster_atr_mult"":0.55,""confirmation_bars"":2,""cooldown_bars"":4,""allowshort"":true}",2014-01-01,2024-12-31,2025-01-01,2026-04-20,2014-01-01,2026-04-20,81.0,18.0,8.0,10.0,44.44,103048.78,-114606.52,112.61,,66.64,394594.20000000007,-649609.15,-32.17,-0.04,-0.03,0.0145,-0.0,16.0,3.0,0.0,3.0,0.0,0.0,-27257.45,99.0,,37.04,-143.36000000007334,-41317.20000000008,-8.18,-0.09,-0.1,0.0153,-0.0,97.0,20.0,7.0,13.0,35.0,114603.86,-91314.27,116.9,,66.64,394594.20000000007,-649609.15,-38.49,-0.05,-0.04,0.0146,-0.0
GAZP,breakout_ols,1D,Bayesian_TPE,38,2.19,270,12,3,0.4,0.75,2,3,True,143.22,0.536,0.64,35.05,10,40.0,True,"{""sampler"":""TPESampler"",""seed"":42,""n_trials"":50,""direction"":""maximize"",""objective"":""composite = Sharpe * (Return% / MaxDD%)""}","{""lookback"":270,""pivot_window"":12,""min_touches"":3,""tolerance_atr_mult"":0.4,""cluster_atr_mult"":0.75,""confirmation_bars"":2,""cooldown_bars"":3,""allowshort"":true}",2014-01-01,2024-12-31,2025-01-01,2026-04-20,2014-01-01,2026-04-20,67.0,10.0,4.0,6.0,40.0,481040.71,-81998.66,188.5,,35.05,1193897.87,-180434.3400000003,143.22,0.54,0.64,0.0115,0.02,26.0,5.0,2.0,3.0,40.0,1692.52,-46577.5,54.2,,37.64,3110.400000000044,-76618.61000000009,-13.63,-0.23,-0.26,0.0158,-0.01,93.0,14.0,6.0,8.0,42.86,322064.7,-104237.43,155.07,,37.64,1193897.87,-281175.3,109.85,0.4,0.46,0.0122,0.01
GAZP,breakout_ols,1D,Bayesian_TPE,39,0.092,237,11,2,0.35,0.8,1,3,True,-39.26,-0.152,-0.148,64.68,24,33.33,True,"{""sampler"":""TPESampler"",""seed"":42,""n_trials"":50,""direction"":""maximize"",""objective"":""composite = Sharpe * (Return% / MaxDD%)""}","{""lookback"":237,""pivot_window"":11,""min_touches"":2,""tolerance_atr_mult"":0.35,""cluster_atr_mult"":0.8,""confirmation_bars"":1,""cooldown_bars"":3,""allowshort"":true}",2014-01-01,2024-12-31,2025-01-01,2026-04-20,2014-01-01,2026-04-20,151.0,24.0,8.0,16.0,33.33,108138.78,-78607.11,83.46,,64.68,558026.34,-489360.7700000001,-39.26,-0.15,-0.15,0.0117,-0.0,42.0,7.0,0.0,7.0,0.0,0.0,-30257.56,42.86,,42.95,-9181.790000000015,-60619.81999999999,-21.18,-0.44,-0.52,0.0161,-0.02,193.0,30.0,7.0,23.0,23.33,121293.14,-59836.0,77.23,,72.0,558026.34,-489360.7700000001,-52.72,-0.2,-0.2,0.0124,-0.0
GAZP,breakout_ols,1D,Bayesian_TPE,40,1.617,271,12,3,0.4,0.3,2,5,True,113.31,0.478,0.571,33.5,10,40.0,True,"{""sampler"":""TPESampler"",""seed"":42,""n_trials"":50,""direction"":""maximize"",""objective"":""composite = Sharpe * (Return% / MaxDD%)""}","{""lookback"":271,""pivot_window"":12,""min_touches"":3,""tolerance_atr_mult"":0.4,""cluster_atr_mult"":0.3,""confirmation_bars"":2,""cooldown_bars"":5,""allowshort"":true}",2014-01-01,2024-12-31,2025-01-01,2026-04-20,2014-01-01,2026-04-20,53.0,10.0,4.0,6.0,40.0,403510.18,-80154.26,183.9,,33.5,1059160.0799999998,-134395.14000000022,113.31,0.48,0.57,0.0112,0.02,18.0,3.0,1.0,2.0,33.33,38808.56,-48184.83,111.33,,34.69,38808.56000000005,-76618.61000000009,-5.76,-0.01,-0.01,0.0165,-0.0,71.0,12.0,5.0,7.0,41.67,339349.96,-98339.04,182.33,,34.69,1059160.0799999998,-246593.97,100.84,0.38,0.45,0.0121,0.01
GAZP,breakout_ols,1D,Bayesian_TPE,41,2.438,270,12,3,0.4,0.35,2,5,True,150.79,0.556,0.656,34.39,9,44.44,True,"{""sampler"":""TPESampler"",""seed"":42,""n_trials"":50,""direction"":""maximize"",""objective"":""composite = Sharpe * (Return% / MaxDD%)""}","{""lookback"":270,""pivot_window"":12,""min_touches"":3,""tolerance_atr_mult"":0.4,""cluster_atr_mult"":0.35,""confirmation_bars"":2,""cooldown_bars"":5,""allowshort"":true}",2014-01-01,2024-12-31,2025-01-01,2026-04-20,2014-01-01,2026-04-20,54.0,9.0,4.0,5.0,44.44,469936.52,-74363.89,204.89,,34.39,1218754.66,-158011.08000000028,150.79,0.56,0.66,0.0113,0.02,18.0,3.0,1.0,2.0,33.33,38808.56,-48184.83,111.33,,34.69,38808.56000000005,-76618.61000000009,-5.76,-0.01,-0.01,0.0165,-0.0,72.0,11.0,5.0,6.0,45.45,395397.0,-102620.79,199.36,,34.69,1218754.66,-289932.21,136.13,0.45,0.52,0.0122,0.02
GAZP,breakout_ols,1D,Bayesian_TPE,42,0.176,272,4,3,0.4,0.3,2,6,True,40.38,0.257,0.227,58.86,29,31.03,True,"{""sampler"":""TPESampler"",""seed"":42,""n_trials"":50,""direction"":""maximize"",""objective"":""composite = Sharpe * (Return% / MaxDD%)""}","{""lookback"":272,""pivot_window"":4,""min_touches"":3,""tolerance_atr_mult"":0.4,""cluster_atr_mult"":0.3,""confirmation_bars"":2,""cooldown_bars"":6,""allowshort"":true}",2014-01-01,2024-12-31,2025-01-01,2026-04-20,2014-01-01,2026-04-20,129.0,29.0,9.0,20.0,31.03,224037.18,-80625.78,68.34,,58.86,1326574.32,-603077.1000000001,40.38,0.26,0.23,0.0133,0.01,24.0,5.0,3.0,2.0,60.0,25316.43,-189630.41,48.4,,37.64,53579.75999999993,-298638.5800000001,-30.33,-0.99,-0.92,0.0127,-0.03,153.0,33.0,11.0,22.0,33.33,190441.97,-80546.16,68.88,,63.6,1326574.32,-603077.1000000001,32.28,0.21,0.2,0.0135,0.0
GAZP,breakout_ols,1D,Bayesian_TPE,43,-0.003,227,12,3,0.45,0.35,2,5,True,-2.07,0.085,0.085,56.07,12,33.33,True,"{""sampler"":""TPESampler"",""seed"":42,""n_trials"":50,""direction"":""maximize"",""objective"":""composite = Sharpe * (Return% / MaxDD%)""}","{""lookback"":227,""pivot_window"":12,""min_touches"":3,""tolerance_atr_mult"":0.45,""cluster_atr_mult"":0.35,""confirmation_bars"":2,""cooldown_bars"":5,""allowshort"":true}",2014-01-01,2024-12-31,2025-01-01,2026-04-20,2014-01-01,2026-04-20,62.0,12.0,4.0,8.0,33.33,206116.33,-105646.97,164.83,,56.07,541140.6000000001,-499330.08000000013,-2.07,0.08,0.08,0.0119,0.0,18.0,3.0,0.0,3.0,0.0,0.0,-33577.39,107.33,,36.49,-7456.389999999991,-76618.61000000009,-10.07,-0.12,-0.15,0.0164,-0.01,80.0,14.0,4.0,10.0,28.57,206116.33,-94468.11,165.36,,56.07,541140.6000000001,-499330.08000000013,-12.02,0.05,0.05,0.0126,0.0
GAZP,breakout_ols,1D,Bayesian_TPE,44,0.053,245,11,2,0.35,0.4,2,8,True,-33.99,-0.098,-0.1,62.37,20,35.0,True,"{""sampler"":""TPESampler"",""seed"":42,""n_trials"":50,""direction"":""maximize"",""objective"":""composite = Sharpe * (Return% / MaxDD%)""}","{""lookback"":245,""pivot_window"":11,""min_touches"":2,""tolerance_atr_mult"":0.35,""cluster_atr_mult"":0.4,""confirmation_bars"":2,""cooldown_bars"":8,""allowshort"":true}",2014-01-01,2024-12-31,2025-01-01,2026-04-20,2014-01-01,2026-04-20,87.0,20.0,7.0,12.0,35.0,123463.16,-100347.13,108.9,,62.37,572430.4000000001,-550770.7200000001,-33.99,-0.1,-0.1,0.0122,-0.0,21.0,5.0,1.0,4.0,20.0,238.0,-62940.26,66.2,,43.75,238.0000000000372,-112895.49000000006,-25.15,-0.56,-0.68,0.0161,-0.02,108.0,24.0,8.0,16.0,33.33,108050.69,-84415.16,105.58,,71.21,572430.4000000001,-550770.7200000001,-48.62,-0.16,-0.16,0.0129,-0.0
GAZP,breakout_ols,1D,Bayesian_TPE,45,0.199,260,12,3,0.35,0.35,2,6,True,42.14,0.263,0.27,55.57,10,40.0,True,"{""sampler"":""TPESampler"",""seed"":42,""n_trials"":50,""direction"":""maximize"",""objective"":""composite = Sharpe * (Return% / MaxDD%)""}","{""lookback"":260,""pivot_window"":12,""min_touches"":3,""tolerance_atr_mult"":0.35,""cluster_atr_mult"":0.35,""confirmation_bars"":2,""cooldown_bars"":6,""allowshort"":true}",2014-01-01,2024-12-31,2025-01-01,2026-04-20,2014-01-01,2026-04-20,58.0,10.0,4.0,6.0,40.0,354625.58,-166185.38,196.1,,55.57,903169.6899999998,-682199.75,42.14,0.26,0.27,0.0122,0.01,17.0,3.0,1.0,2.0,33.33,39336.92,-42037.5,111.33,,35.19,39336.92000000005,-76618.61000000009,-4.47,0.03,0.03,0.0167,0.0,75.0,12.0,5.0,7.0,41.67,294872.69,-159698.2,192.5,,55.57,903169.6899999998,-682199.75,35.65,0.22,0.23,0.0129,0.01
GAZP,breakout_ols,1D,Bayesian_TPE,46,0.016,271,10,3,0.5,0.45,2,3,True,6.5,0.134,0.108,53.27,12,33.33,True,"{""sampler"":""TPESampler"",""seed"":42,""n_trials"":50,""direction"":""maximize"",""objective"":""composite = Sharpe * (Return% / MaxDD%)""}","{""lookback"":271,""pivot_window"":10,""min_touches"":3,""tolerance_atr_mult"":0.5,""cluster_atr_mult"":0.45,""confirmation_bars"":2,""cooldown_bars"":3,""allowshort"":true}",2014-01-01,2024-12-31,2025-01-01,2026-04-20,2014-01-01,2026-04-20,73.0,12.0,4.0,8.0,33.33,219104.23,-101422.54,145.42,,53.27,702038.7800000001,-340088.60000000003,6.5,0.13,0.11,0.0127,0.0,23.0,3.0,1.0,2.0,33.33,38316.46,-53938.41,105.0,,36.26,38316.46000000005,-65944.02000000002,-6.96,-0.05,-0.06,0.0158,-0.0,96.0,14.0,5.0,9.0,35.71,183343.47,-104227.32,148.14,,53.27,702038.7800000001,-340088.60000000003,-2.13,0.1,0.09,0.0132,0.0
GAZP,breakout_ols,1D,Bayesian_TPE,47,0.189,156,12,4,0.4,0.35,1,8,True,38.02,0.248,0.266,49.83,9,33.33,True,"{""sampler"":""TPESampler"",""seed"":42,""n_trials"":50,""direction"":""maximize"",""objective"":""composite = Sharpe * (Return% / MaxDD%)""}","{""lookback"":156,""pivot_window"":12,""min_touches"":4,""tolerance_atr_mult"":0.4,""cluster_atr_mult"":0.35,""confirmation_bars"":1,""cooldown_bars"":8,""allowshort"":true}",2014-01-01,2024-12-31,2025-01-01,2026-04-20,2014-01-01,2026-04-20,42.0,9.0,3.0,6.0,33.33,433758.09,-153518.7,218.11,,49.83,766460.7700000001,-498076.0,38.02,0.25,0.27,0.0122,0.01,7.0,1.0,0.0,1.0,0.0,0.0,-118901.86,105.0,,32.29,-118901.86000000007,-118901.86000000007,-11.89,-0.27,-0.19,0.0131,-0.01,49.0,10.0,3.0,7.0,30.0,433758.09,-155032.42,206.8,,57.07,766460.7700000001,-498076.0,21.6,0.18,0.18,0.0123,0.0
GAZP,breakout_ols,1D,Bayesian_TPE,48,0.027,253,11,2,0.3,0.5,2,7,True,-29.27,-0.059,-0.061,64.66,21,38.1,True,"{""sampler"":""TPESampler"",""seed"":42,""n_trials"":50,""direction"":""maximize"",""objective"":""composite = Sharpe * (Return% / MaxDD%)""}","{""lookback"":253,""pivot_window"":11,""min_touches"":2,""tolerance_atr_mult"":0.3,""cluster_atr_mult"":0.5,""confirmation_bars"":2,""cooldown_bars"":7,""allowshort"":true}",2014-01-01,2024-12-31,2025-01-01,2026-04-20,2014-01-01,2026-04-20,93.0,21.0,8.0,12.0,38.1,127569.48,-109440.0,102.81,,64.66,626023.27,-596284.2000000001,-29.27,-0.06,-0.06,0.0125,-0.0,22.0,5.0,1.0,4.0,20.0,247.76,-55291.48,68.2,,43.75,247.76000000003873,-105702.55999999998,-22.09,-0.46,-0.57,0.0162,-0.02,115.0,25.0,9.0,16.0,36.0,113414.54,-91890.32,100.6,,72.96,626023.27,-596284.2000000001,-44.95,-0.12,-0.13,0.0131,-0.0
GAZP,breakout_ols,1D,Bayesian_TPE,49,0.136,266,6,3,0.5,0.45,2,5,True,28.57,0.222,0.238,46.74,24,25.0,True,"{""sampler"":""TPESampler"",""seed"":42,""n_trials"":50,""direction"":""maximize"",""objective"":""composite = Sharpe * (Return% / MaxDD%)""}","{""lookback"":266,""pivot_window"":6,""min_touches"":3,""tolerance_atr_mult"":0.5,""cluster_atr_mult"":0.45,""confirmation_bars"":2,""cooldown_bars"":5,""allowshort"":true}",2014-01-01,2024-12-31,2025-01-01,2026-04-20,2014-01-01,2026-04-20,125.0,24.0,6.0,18.0,25.0,237485.78,-63288.24,71.5,,46.74,1016327.1,-242501.56000000017,28.57,0.22,0.24,0.0103,0.0,23.0,7.0,2.0,5.0,28.57,18723.18,-38651.64,40.29,,39.93,22145.279999999977,-82532.51999999997,-15.58,-0.32,-0.35,0.0148,-0.01,148.0,30.0,7.0,23.0,23.33,201834.59,-57761.42,67.1,,53.76,1016327.1,-242501.56000000017,8.43,0.12,0.13,0.0111,0.0
VKCO,breakout_ols,1D,Bayesian_TPE,0,0.537,175,12,4,0.8500000000000001,0.4,1,4,True,-43.73,-0.781,-0.72,63.64,3,33.33,True,"{""sampler"":""TPESampler"",""seed"":42,""n_trials"":50,""direction"":""maximize"",""objective"":""composite = Sharpe * (Return% / MaxDD%)""}","{""lookback"":175,""pivot_window"":12,""min_touches"":4,""tolerance_atr_mult"":0.8500000000000001,""cluster_atr_mult"":0.4,""confirmation_bars"":1,""cooldown_bars"":4,""allowshort"":true}",2014-01-01,2024-12-31,2025-01-01,2026-04-20,2014-01-01,2026-04-20,15.0,3.0,1.0,2.0,33.33,71043.0,-254169.0,116.67,,63.64,71042.99999999991,-430650.0,-43.73,-0.78,-0.72,0.014,-0.02,7.0,2.0,0.0,2.0,0.0,0.0,-55775.95,157.0,,27.84,-48502.79999999997,-63049.09999999989,-11.16,-0.14,-0.18,0.0168,-0.01,22.0,5.0,1.0,4.0,20.0,71043.0,-142771.87,132.8,,70.91,71042.99999999991,-430650.0,-50.0,-0.52,-0.55,0.0151,-0.01
VKCO,breakout_ols,1D,Bayesian_TPE,1,0.601,242,3,5,1.05,0.5,1,6,False,24.59,0.543,0.415,22.21,8,50.0,False,"{""sampler"":""TPESampler"",""seed"":42,""n_trials"":50,""direction"":""maximize"",""objective"":""composite = Sharpe * (Return% / MaxDD%)""}","{""lookback"":242,""pivot_window"":3,""min_touches"":5,""tolerance_atr_mult"":1.05,""cluster_atr_mult"":0.5,""confirmation_bars"":1,""cooldown_bars"":6,""allowshort"":false}",2014-01-01,2024-12-31,2025-01-01,2026-04-20,2014-01-01,2026-04-20,22.0,8.0,4.0,4.0,50.0,83784.9,-22319.9,25.62,,22.21,194869.80000000005,-51410.40000000002,24.59,0.54,0.42,0.0104,0.03,25.0,4.0,2.0,2.0,50.0,100837.2,-86191.0,80.5,,31.53,175297.20000000007,-102221.00000000004,2.93,0.19,0.29,0.0159,0.01,47.0,12.0,6.0,6.0,50.0,105242.53,-51752.7,49.92,,31.53,224978.0000000001,-131185.60000000006,32.09,0.39,0.45,0.014,0.02
VKCO,breakout_ols,1D,Bayesian_TPE,2,-0.0,186,5,4,0.4,0.55,2,11,True,-0.1,0.112,0.095,50.16,3,33.33,True,"{""sampler"":""TPESampler"",""seed"":42,""n_trials"":50,""direction"":""maximize"",""objective"":""composite = Sharpe * (Return% / MaxDD%)""}","{""lookback"":186,""pivot_window"":5,""min_touches"":4,""tolerance_atr_mult"":0.4,""cluster_atr_mult"":0.55,""confirmation_bars"":2,""cooldown_bars"":11,""allowshort"":true}",2014-01-01,2024-12-31,2025-01-01,2026-04-20,2014-01-01,2026-04-20,12.0,3.0,1.0,2.0,33.33,131887.6,-66426.9,87.33,,50.16,131887.60000000003,-99605.0,-0.1,0.11,0.09,0.0146,0.0,9.0,2.0,1.0,1.0,50.0,12078.5,-58107.05,96.5,,22.67,12078.5,-58107.05000000004,-4.6,-0.1,-0.14,0.0102,-0.0,21.0,5.0,2.0,3.0,40.0,71629.55,-81704.7,107.2,,50.16,131887.60000000003,-99605.0,-10.19,0.01,0.01,0.0147,0.0
VKCO,breakout_ols,1D,Bayesian_TPE,3,0.344,203,8,2,0.8500000000000001,0.45,1,20,True,-45.45,-0.551,-0.648,72.84,5,40.0,True,"{""sampler"":""TPESampler"",""seed"":42,""n_trials"":50,""direction"":""maximize"",""objective"":""composite = Sharpe * (Return% / MaxDD%)""}","{""lookback"":203,""pivot_window"":8,""min_touches"":2,""tolerance_atr_mult"":0.8500000000000001,""cluster_atr_mult"":0.45,""confirmation_bars"":1,""cooldown_bars"":20,""allowshort"":true}",2014-01-01,2024-12-31,2025-01-01,2026-04-20,2014-01-01,2026-04-20,19.0,5.0,2.0,3.0,40.0,81880.0,-206084.13,106.8,,72.84,153663.00000000006,-444475.1999999999,-45.45,-0.55,-0.65,0.0189,-0.01,7.0,2.0,0.0,2.0,0.0,0.0,-65311.85,153.0,,27.84,-49120.00000000007,-81503.70000000004,-13.06,-0.19,-0.25,0.0167,-0.01,26.0,6.0,2.0,4.0,33.33,81880.0,-168505.92,152.17,,72.84,153663.00000000006,-444475.1999999999,-51.03,-0.37,-0.47,0.0191,-0.01
VKCO,breakout_ols,1D,Bayesian_TPE,4,-0.009,161,3,4,0.7,0.4,2,3,True,-11.62,0.04,0.033,51.75,7,28.57,True,"{""sampler"":""TPESampler"",""seed"":42,""n_trials"":50,""direction"":""maximize"",""objective"":""composite = Sharpe * (Return% / MaxDD%)""}","{""lookback"":161,""pivot_window"":3,""min_touches"":4,""tolerance_atr_mult"":0.7,""cluster_atr_mult"":0.4,""confirmation_bars"":2,""cooldown_bars"":3,""allowshort"":true}",2014-01-01,2024-12-31,2025-01-01,2026-04-20,2014-01-01,2026-04-20,30.0,7.0,2.0,5.0,28.57,240813.6,-119564.68,56.29,,51.75,303823.19999999995,-187056.0000000001,-11.62,0.04,0.03,0.021,0.0,16.0,3.0,2.0,1.0,66.67,113469.7,-39060.0,81.33,,17.11,155003.90000000017,-39060.00000000005,18.79,0.62,0.89,0.0127,0.05,46.0,10.0,4.0,6.0,40.0,169797.65,-107520.08,67.4,,51.75,303823.19999999995,-187056.0000000001,3.41,0.18,0.16,0.019,0.01
VKCO,breakout_ols,1D,Bayesian_TPE,5,0.508,233,6,4,0.8,0.45,3,16,True,24.05,0.552,0.329,26.11,2,100.0,True,"{""sampler"":""TPESampler"",""seed"":42,""n_trials"":50,""direction"":""maximize"",""objective"":""composite = Sharpe * (Return% / MaxDD%)""}","{""lookback"":233,""pivot_window"":6,""min_touches"":4,""tolerance_atr_mult"":0.8,""cluster_atr_mult"":0.45,""confirmation_bars"":3,""cooldown_bars"":16,""allowshort"":true}",2014-01-01,2024-12-31,2025-01-01,2026-04-20,2014-01-01,2026-04-20,11.0,2.0,2.0,0.0,100.0,120230.7,0.0,86.5,,26.11,128507.3999999999,111953.99999999996,24.05,0.55,0.33,0.0099,0.02,7.0,2.0,1.0,1.0,50.0,54299.7,-123760.6,129.5,,28.67,54299.70000000004,-123760.59999999985,-6.95,-0.06,-0.08,0.0153,-0.0,18.0,4.0,3.0,1.0,75.0,63683.8,-139834.8,129.0,,36.72,128507.3999999999,-139834.7999999998,5.12,0.16,0.15,0.0139,0.01
VKCO,breakout_ols,1D,Bayesian_TPE,6,0.022,220,12,2,0.45,0.3,1,9,False,5.38,0.192,0.165,46.69,4,25.0,False,"{""sampler"":""TPESampler"",""seed"":42,""n_trials"":50,""direction"":""maximize"",""objective"":""composite = Sharpe * (Return% / MaxDD%)""}","{""lookback"":220,""pivot_window"":12,""min_touches"":2,""tolerance_atr_mult"":0.45,""cluster_atr_mult"":0.3,""confirmation_bars"":1,""cooldown_bars"":9,""allowshort"":false}",2014-01-01,2024-12-31,2025-01-01,2026-04-20,2014-01-01,2026-04-20,20.0,4.0,1.0,3.0,25.0,198172.0,-48129.93,75.5,,46.69,198172.0,-103262.59999999996,5.38,0.19,0.17,0.0147,0.01,8.0,2.0,0.0,2.0,0.0,0.0,-57464.7,115.0,,32.15,-56074.20000000004,-58855.19999999992,-11.49,-0.32,-0.43,0.0114,-0.01,28.0,5.0,1.0,4.0,20.0,198172.0,-89292.95,143.0,,46.69,198172.0,-191923.70000000013,-15.9,-0.01,-0.01,0.0168,-0.0
VKCO,breakout_ols,1D,Bayesian_TPE,7,0.025,171,5,4,0.4,1.05,1,20,True,-17.59,-0.064,-0.052,44.24,6,16.67,True,"{""sampler"":""TPESampler"",""seed"":42,""n_trials"":50,""direction"":""maximize"",""objective"":""composite = Sharpe * (Return% / MaxDD%)""}","{""lookback"":171,""pivot_window"":5,""min_touches"":4,""tolerance_atr_mult"":0.4,""cluster_atr_mult"":1.05,""confirmation_bars"":1,""cooldown_bars"":20,""allowshort"":true}",2014-01-01,2024-12-31,2025-01-01,2026-04-20,2014-01-01,2026-04-20,18.0,6.0,1.0,5.0,16.67,67586.0,-48705.36,64.0,,44.24,67586.0,-108287.9999999999,-17.59,-0.06,-0.05,0.0193,-0.0,11.0,2.0,2.0,0.0,100.0,38027.45,0.0,86.0,,15.31,53608.10000000004,22446.80000000004,7.61,0.38,0.52,0.0092,0.02,29.0,8.0,4.0,4.0,50.0,33828.8,-55475.85,78.5,,44.24,67586.0,-108287.9999999999,-8.66,0.07,0.06,0.0174,0.0
VKCO,breakout_ols,1D,Bayesian_TPE,8,0.0,101,11,4,0.95,1.0,1,9,False,0.0,0.0,0.0,0.0,0,0.0,False,"{""sampler"":""TPESampler"",""seed"":42,""n_trials"":50,""direction"":""maximize"",""objective"":""composite = Sharpe * (Return% / MaxDD%)""}","{""lookback"":101,""pivot_window"":11,""min_touches"":4,""tolerance_atr_mult"":0.95,""cluster_atr_mult"":1.0,""confirmation_bars"":1,""cooldown_bars"":9,""allowshort"":false}",2014-01-01,2024-12-31,2025-01-01,2026-04-20,2014-01-01,2026-04-20,2.0,0.0,0.0,0.0,0.0,0.0,0.0,0.0,,0.0,0.0,0.0,0.0,,,0.0,,1.0,1.0,0.0,1.0,0.0,0.0,-246975.1,250.0,,30.1,-246975.09999999983,-246975.09999999983,-24.7,-0.75,-0.95,0.0127,-0.03,3.0,1.0,0.0,1.0,0.0,0.0,-246975.1,250.0,,30.1,-246975.09999999983,-246975.09999999983,-24.7,-0.45,-0.34,0.0077,-0.01
VKCO,breakout_ols,1D,Bayesian_TPE,9,0.224,225,6,2,0.55,0.6000000000000001,3,14,True,17.22,0.411,0.295,31.65,3,66.67,True,"{""sampler"":""TPESampler"",""seed"":42,""n_trials"":50,""direction"":""maximize"",""objective"":""composite = Sharpe * (Return% / MaxDD%)""}","{""lookback"":225,""pivot_window"":6,""min_touches"":2,""tolerance_atr_mult"":0.55,""cluster_atr_mult"":0.6000000000000001,""confirmation_bars"":3,""cooldown_bars"":14,""allowshort"":true}",2014-01-01,2024-12-31,2025-01-01,2026-04-20,2014-01-01,2026-04-20,16.0,3.0,2.0,1.0,66.67,117156.9,-62100.0,78.33,,31.65,128507.3999999999,-62100.0,17.22,0.41,0.29,0.0106,0.01,8.0,2.0,1.0,1.0,50.0,95592.7,-93447.3,102.0,,21.0,95592.69999999995,-93447.29999999989,0.21,0.09,0.13,0.0104,0.0,24.0,5.0,3.0,2.0,60.0,120389.8,-86458.25,95.2,,31.65,128507.3999999999,-110816.49999999984,18.83,0.3,0.29,0.0115,0.01
VKCO,breakout_ols,1D,Bayesian_TPE,10,0.163,294,3,5,1.2,0.8,2,6,False,13.29,0.343,0.276,28.05,3,33.33,False,"{""sampler"":""TPESampler"",""seed"":42,""n_trials"":50,""direction"":""maximize"",""objective"":""composite = Sharpe * (Return% / MaxDD%)""}","{""lookback"":294,""pivot_window"":3,""min_touches"":5,""tolerance_atr_mult"":1.2,""cluster_atr_mult"":0.8,""confirmation_bars"":2,""cooldown_bars"":6,""allowshort"":false}",2014-01-01,2024-12-31,2025-01-01,2026-04-20,2014-01-01,2026-04-20,11.0,3.0,1.0,2.0,33.33,290274.6,-78700.5,76.67,,28.05,290274.59999999986,-124355.40000000008,13.29,0.34,0.28,0.0104,0.01,18.0,4.0,2.0,2.0,50.0,146171.92,-92213.35,66.5,,21.82,285471.5999999999,-153549.19999999995,10.79,0.39,0.57,0.0143,0.03,29.0,7.0,3.0,4.0,42.86,207162.55,-91585.2,70.86,,28.96,323427.2999999999,-173959.79999999996,25.51,0.36,0.38,0.0119,0.01
VKCO,breakout_ols,1D,Bayesian_TPE,11,0.822,267,9,5,1.1,0.7,1,3,False,32.68,0.657,0.441,26.12,2,100.0,False,"{""sampler"":""TPESampler"",""seed"":42,""n_trials"":50,""direction"":""maximize"",""objective"":""composite = Sharpe * (Return% / MaxDD%)""}","{""lookback"":267,""pivot_window"":9,""min_touches"":5,""tolerance_atr_mult"":1.1,""cluster_atr_mult"":0.7,""confirmation_bars"":1,""cooldown_bars"":3,""allowshort"":false}",2014-01-01,2024-12-31,2025-01-01,2026-04-20,2014-01-01,2026-04-20,18.0,2.0,2.0,0.0,100.0,163409.3,0.0,104.0,,26.12,243577.40000000005,83241.19999999985,32.68,0.66,0.44,0.0107,0.03,15.0,2.0,1.0,1.0,50.0,75819.0,-43872.0,113.5,,24.69,75819.00000000013,-43872.0,3.19,0.19,0.27,0.0121,0.01,33.0,3.0,1.0,2.0,33.33,243577.4,-46746.75,196.33,,37.35,243577.40000000005,-48900.0,15.01,0.25,0.26,0.0145,0.01
VKCO,breakout_ols,1D,Bayesian_TPE,12,0.822,273,9,5,1.15,0.75,1,7,False,32.68,0.657,0.441,26.12,2,100.0,False,"{""sampler"":""TPESampler"",""seed"":42,""n_trials"":50,""direction"":""maximize"",""objective"":""composite = Sharpe * (Return% / MaxDD%)""}","{""lookback"":273,""pivot_window"":9,""min_touches"":5,""tolerance_atr_mult"":1.1500000000000001,""cluster_atr_mult"":0.75,""confirmation_bars"":1,""cooldown_bars"":7,""allowshort"":false}",2014-01-01,2024-12-31,2025-01-01,2026-04-20,2014-01-01,2026-04-20,13.0,2.0,2.0,0.0,100.0,163409.3,0.0,104.0,,26.12,243577.40000000005,83241.19999999985,32.68,0.66,0.44,0.0107,0.03,10.0,2.0,1.0,1.0,50.0,75819.0,-29979.2,112.5,,24.69,75819.00000000013,-29979.199999999957,4.58,0.24,0.33,0.0121,0.01,23.0,3.0,1.0,2.0,33.33,243577.4,-39004.25,195.67,,37.35,243577.40000000005,-44593.5,16.56,0.26,0.27,0.0145,0.01
VKCO,breakout_ols,1D,Bayesian_TPE,13,0.445,292,9,5,1.2,0.75,2,6,False,21.79,0.501,0.312,24.52,2,50.0,False,"{""sampler"":""TPESampler"",""seed"":42,""n_trials"":50,""direction"":""maximize"",""objective"":""composite = Sharpe * (Return% / MaxDD%)""}","{""lookback"":292,""pivot_window"":9,""min_touches"":5,""tolerance_atr_mult"":1.2,""cluster_atr_mult"":0.75,""confirmation_bars"":2,""cooldown_bars"":6,""allowshort"":false}",2014-01-01,2024-12-31,2025-01-01,2026-04-20,2014-01-01,2026-04-20,11.0,2.0,1.0,0.0,50.0,217852.8,0.0,95.5,,24.52,217852.80000000005,0.0,21.79,0.5,0.31,0.0102,0.02,8.0,2.0,0.0,2.0,0.0,0.0,-20915.1,106.5,,30.42,-14360.200000000044,-27469.999999999964,-4.18,-0.05,-0.07,0.0116,-0.0,19.0,3.0,1.0,2.0,33.33,217852.8,-114733.9,191.67,,41.77,217852.80000000005,-201136.79999999987,-1.16,0.1,0.1,0.0144,0.0
VKCO,breakout_ols,1D,Bayesian_TPE,14,0.252,263,10,3,1.05,0.9000000000000001,1,3,False,19.54,0.422,0.364,32.77,4,50.0,False,"{""sampler"":""TPESampler"",""seed"":42,""n_trials"":50,""direction"":""maximize"",""objective"":""composite = Sharpe * (Return% / MaxDD%)""}","{""lookback"":263,""pivot_window"":10,""min_touches"":3,""tolerance_atr_mult"":1.05,""cluster_atr_mult"":0.9000000000000001,""confirmation_bars"":1,""cooldown_bars"":3,""allowshort"":false}",2014-01-01,2024-12-31,2025-01-01,2026-04-20,2014-01-01,2026-04-20,22.0,4.0,2.0,1.0,50.0,31817.8,-86846.2,58.75,,32.77,61269.5999999999,-86846.19999999997,-2.32,0.42,0.36,0.0118,0.02,15.0,2.0,1.0,1.0,50.0,75819.0,-17990.4,115.5,,22.8,75819.00000000013,-17990.40000000004,5.78,0.27,0.38,0.0121,0.01,37.0,5.0,1.0,3.0,20.0,2366.0,-44809.73,124.0,,42.99,2365.999999999962,-86846.19999999997,-13.21,0.17,0.2,0.0151,0.01
VKCO,breakout_ols,1D,Bayesian_TPE,15,0.76,267,9,5,1.05,0.65,2,8,False,31.1,0.637,0.418,26.08,2,100.0,False,"{""sampler"":""TPESampler"",""seed"":42,""n_trials"":50,""direction"":""maximize"",""objective"":""composite = Sharpe * (Return% / MaxDD%)""}","{""lookback"":267,""pivot_window"":9,""min_touches"":5,""tolerance_atr_mult"":1.05,""cluster_atr_mult"":0.65,""confirmation_bars"":2,""cooldown_bars"":8,""allowshort"":false}",2014-01-01,2024-12-31,2025-01-01,2026-04-20,2014-01-01,2026-04-20,13.0,2.0,2.0,0.0,100.0,155502.0,0.0,99.0,,26.08,217852.80000000005,93151.19999999995,31.1,0.64,0.42,0.0107,0.03,8.0,2.0,0.0,2.0,0.0,0.0,-41315.8,113.5,,28.64,-1438.7999999999183,-81192.80000000003,-8.26,-0.18,-0.25,0.0119,-0.01,21.0,3.0,1.0,2.0,33.33,217852.8,-73801.27,193.33,,37.32,217852.80000000005,-94732.95000000004,7.03,0.18,0.19,0.0145,0.01
VKCO,breakout_ols,1D,Bayesian_TPE,16,0.123,271,8,3,1.2,1.2,1,12,False,13.14,0.323,0.272,34.47,3,66.67,False,"{""sampler"":""TPESampler"",""seed"":42,""n_trials"":50,""direction"":""maximize"",""objective"":""composite = Sharpe * (Return% / MaxDD%)""}","{""lookback"":271,""pivot_window"":8,""min_touches"":3,""tolerance_atr_mult"":1.2,""cluster_atr_mult"":1.2,""confirmation_bars"":1,""cooldown_bars"":12,""allowshort"":false}",2014-01-01,2024-12-31,2025-01-01,2026-04-20,2014-01-01,2026-04-20,15.0,3.0,2.0,1.0,66.67,116006.6,-100564.8,99.33,,34.47,161041.59999999998,-100564.79999999996,13.14,0.32,0.27,0.0116,0.01,12.0,3.0,1.0,2.0,33.33,69801.6,-21095.25,108.67,,30.1,69801.59999999998,-24225.5,2.76,0.19,0.29,0.0167,0.01,27.0,5.0,1.0,4.0,20.0,161041.6,-55682.35,145.2,,44.42,161041.59999999998,-100564.79999999996,-6.17,0.07,0.08,0.0157,0.0
VKCO,breakout_ols,1D,Bayesian_TPE,17,0.343,255,10,5,0.65,0.8500000000000001,3,5,False,16.84,0.445,0.228,21.86,2,100.0,False,"{""sampler"":""TPESampler"",""seed"":42,""n_trials"":50,""direction"":""maximize"",""objective"":""composite = Sharpe * (Return% / MaxDD%)""}","{""lookback"":255,""pivot_window"":10,""min_touches"":5,""tolerance_atr_mult"":0.65,""cluster_atr_mult"":0.8500000000000001,""confirmation_bars"":3,""cooldown_bars"":5,""allowshort"":false}",2014-01-01,2024-12-31,2025-01-01,2026-04-20,2014-01-01,2026-04-20,13.0,2.0,2.0,0.0,100.0,84209.9,0.0,76.0,,21.86,105467.99999999996,62951.80000000008,16.84,0.45,0.23,0.0091,0.02,9.0,2.0,0.0,2.0,0.0,0.0,-81254.55,106.5,,34.03,-62781.89999999996,-99727.19999999992,-16.25,-0.49,-0.59,0.0117,-0.02,22.0,3.0,1.0,2.0,33.33,62951.8,-89985.2,173.67,,35.17,62951.80000000008,-105170.39999999992,-11.7,-0.02,-0.02,0.0138,-0.0
VKCO,breakout_ols,1D,Bayesian_TPE,18,-0.006,144,7,5,0.95,0.7,1,8,False,-5.44,0.055,0.058,49.42,5,40.0,False,"{""sampler"":""TPESampler"",""seed"":42,""n_trials"":50,""direction"":""maximize"",""objective"":""composite = Sharpe * (Return% / MaxDD%)""}","{""lookback"":144,""pivot_window"":7,""min_touches"":5,""tolerance_atr_mult"":0.95,""cluster_atr_mult"":0.7,""confirmation_bars"":1,""cooldown_bars"":8,""allowshort"":false}",2014-01-01,2024-12-31,2025-01-01,2026-04-20,2014-01-01,2026-04-20,17.0,5.0,2.0,3.0,40.0,128219.0,-103608.67,75.4,,49.42,226043.99999999988,-119581.20000000011,-5.44,0.06,0.06,0.0165,0.0,9.0,3.0,1.0,2.0,33.33,170584.8,-159025.1,52.0,,31.27,170584.79999999993,-276346.2,-14.75,-0.35,-0.32,0.0136,-0.01,26.0,7.0,3.0,4.0,42.86,142969.93,-141734.05,87.14,,51.17,226043.99999999988,-315006.6000000001,-13.8,0.01,0.01,0.0167,0.0
VKCO,breakout_ols,1D,Bayesian_TPE,19,0.139,300,10,3,1.1,0.9000000000000001,2,7,False,12.84,0.329,0.243,30.37,3,33.33,False,"{""sampler"":""TPESampler"",""seed"":42,""n_trials"":50,""direction"":""maximize"",""objective"":""composite = Sharpe * (Return% / MaxDD%)""}","{""lookback"":300,""pivot_window"":10,""min_touches"":3,""tolerance_atr_mult"":1.1,""cluster_atr_mult"":0.9000000000000001,""confirmation_bars"":2,""cooldown_bars"":7,""allowshort"":false}",2014-01-01,2024-12-31,2025-01-01,2026-04-20,2014-01-01,2026-04-20,12.0,3.0,1.0,2.0,33.33,226104.8,-48871.7,84.67,,30.37,226104.80000000005,-89507.39999999988,12.84,0.33,0.24,0.0108,0.01,8.0,2.0,0.0,2.0,0.0,0.0,-63981.9,194.0,,31.8,-6707.799999999966,-121255.99999999984,-12.8,-0.11,-0.15,0.02,-0.01,20.0,5.0,1.0,4.0,20.0,226104.8,-60542.65,128.4,,44.45,226104.80000000005,-136859.19999999984,-1.61,0.1,0.11,0.0148,0.0
VKCO,breakout_ols,1D,Bayesian_TPE,20,0.445,279,9,5,0.95,1.0,2,11,False,21.79,0.501,0.312,24.52,1,100.0,False,"{""sampler"":""TPESampler"",""seed"":42,""n_trials"":50,""direction"":""maximize"",""objective"":""composite = Sharpe * (Return% / MaxDD%)""}","{""lookback"":279,""pivot_window"":9,""min_touches"":5,""tolerance_atr_mult"":0.95,""cluster_atr_mult"":1.0,""confirmation_bars"":2,""cooldown_bars"":11,""allowshort"":false}",2014-01-01,2024-12-31,2025-01-01,2026-04-20,2014-01-01,2026-04-20,10.0,1.0,1.0,0.0,100.0,217852.8,0.0,191.0,,24.52,217852.80000000005,217852.80000000005,21.79,0.5,0.31,0.0102,0.02,7.0,2.0,0.0,2.0,0.0,0.0,-61942.07,126.0,,33.59,-23887.549999999897,-99996.60000000003,-12.39,-0.26,-0.34,0.0138,-0.01,17.0,3.0,1.0,2.0,33.33,217852.8,-75428.05,147.67,,35.56,217852.80000000005,-121764.00000000004,6.7,0.17,0.15,0.0116,0.01
VKCO,breakout_ols,1D,Bayesian_TPE,21,0.203,251,9,5,1.1,0.65,2,9,False,12.74,0.357,0.186,22.4,2,100.0,False,"{""sampler"":""TPESampler"",""seed"":42,""n_trials"":50,""direction"":""maximize"",""objective"":""composite = Sharpe * (Return% / MaxDD%)""}","{""lookback"":251,""pivot_window"":9,""min_touches"":5,""tolerance_atr_mult"":1.1,""cluster_atr_mult"":0.65,""confirmation_bars"":2,""cooldown_bars"":9,""allowshort"":false}",2014-01-01,2024-12-31,2025-01-01,2026-04-20,2014-01-01,2026-04-20,12.0,2.0,2.0,0.0,100.0,63708.8,0.0,77.0,,22.4,80097.59999999996,47320.0,12.74,0.36,0.19,0.0092,0.01,8.0,2.0,0.0,2.0,0.0,0.0,-64531.82,105.0,,32.25,-24099.89999999996,-104963.75,-12.91,-0.38,-0.47,0.0113,-0.01,20.0,3.0,1.0,2.0,33.33,47320.0,-86757.6,173.0,,34.19,47320.0,-105324.0,-12.62,-0.03,-0.03,0.0137,-0.0
VKCO,breakout_ols,1D,Bayesian_TPE,22,0.103,274,7,5,1.1,0.7,1,4,False,10.1,0.287,0.176,28.25,3,66.67,False,"{""sampler"":""TPESampler"",""seed"":42,""n_trials"":50,""direction"":""maximize"",""objective"":""composite = Sharpe * (Return% / MaxDD%)""}","{""lookback"":274,""pivot_window"":7,""min_touches"":5,""tolerance_atr_mult"":1.1,""cluster_atr_mult"":0.7,""confirmation_bars"":1,""cooldown_bars"":4,""allowshort"":false}",2014-01-01,2024-12-31,2025-01-01,2026-04-20,2014-01-01,2026-04-20,17.0,3.0,2.0,1.0,66.67,89334.7,-77688.0,60.33,,28.25,109598.99999999996,-77688.0,10.1,0.29,0.18,0.0101,0.01,16.0,5.0,1.0,4.0,20.0,65825.1,-39963.75,39.2,,29.53,65825.10000000003,-60173.0,-9.4,-0.27,-0.35,0.0107,-0.01,33.0,7.0,2.0,5.0,28.57,60966.5,-46861.94,76.0,,39.16,109598.99999999996,-77688.0,-11.24,-0.01,-0.01,0.0139,-0.0
VKCO,breakout_ols,1D,Bayesian_TPE,23,0.066,206,11,5,1.0,0.6000000000000001,3,8,False,8.53,0.244,0.221,31.66,1,100.0,False,"{""sampler"":""TPESampler"",""seed"":42,""n_trials"":50,""direction"":""maximize"",""objective"":""composite = Sharpe * (Return% / MaxDD%)""}","{""lookback"":206,""pivot_window"":11,""min_touches"":5,""tolerance_atr_mult"":1.0,""cluster_atr_mult"":0.6000000000000001,""confirmation_bars"":3,""cooldown_bars"":8,""allowshort"":false}",2014-01-01,2024-12-31,2025-01-01,2026-04-20,2014-01-01,2026-04-20,6.0,1.0,1.0,0.0,100.0,85261.2,0.0,343.0,,31.66,85261.19999999995,85261.19999999995,8.53,0.24,0.22,0.0118,0.01,6.0,2.0,0.0,2.0,0.0,0.0,-139843.5,153.0,,35.94,-86970.0,-192717.0,-27.97,-0.56,-0.73,0.0179,-0.03,12.0,3.0,1.0,2.0,33.33,85261.2,-151770.0,216.33,,48.24,85261.19999999995,-209160.0,-21.83,-0.13,-0.13,0.0143,-0.0
VKCO,breakout_ols,1D,Bayesian_TPE,24,0.197,245,8,5,1.15,0.75,1,5,False,14.5,0.381,0.219,28.01,3,66.67,False,"{""sampler"":""TPESampler"",""seed"":42,""n_trials"":50,""direction"":""maximize"",""objective"":""composite = Sharpe * (Return% / MaxDD%)""}","{""lookback"":245,""pivot_window"":8,""min_touches"":5,""tolerance_atr_mult"":1.1500000000000001,""cluster_atr_mult"":0.75,""confirmation_bars"":1,""cooldown_bars"":5,""allowshort"":false}",2014-01-01,2024-12-31,2025-01-01,2026-04-20,2014-01-01,2026-04-20,15.0,3.0,2.0,1.0,66.67,86607.0,-28167.0,57.67,,28.01,101380.00000000012,-28167.000000000156,14.5,0.38,0.22,0.0097,0.01,13.0,2.0,1.0,1.0,50.0,50707.8,-138247.8,138.5,,28.0,50707.80000000004,-138247.79999999996,-8.75,-0.11,-0.14,0.0154,-0.01,28.0,4.0,2.0,2.0,50.0,57103.75,-85518.9,135.25,,38.95,101380.00000000012,-142870.79999999996,-5.68,0.05,0.05,0.0139,0.0
VKCO,breakout_ols,1D,Bayesian_TPE,25,0.139,282,9,4,1.0,0.8,2,12,False,12.83,0.328,0.242,30.37,3,33.33,False,"{""sampler"":""TPESampler"",""seed"":42,""n_trials"":50,""direction"":""maximize"",""objective"":""composite = Sharpe * (Return% / MaxDD%)""}","{""lookback"":282,""pivot_window"":9,""min_touches"":4,""tolerance_atr_mult"":1.0,""cluster_atr_mult"":0.8,""confirmation_bars"":2,""cooldown_bars"":12,""allowshort"":false}",2014-01-01,2024-12-31,2025-01-01,2026-04-20,2014-01-01,2026-04-20,13.0,3.0,1.0,1.0,33.33,217852.8,-89507.4,84.33,,30.37,217852.80000000005,-89507.39999999988,12.83,0.33,0.24,0.0108,0.01,8.0,2.0,0.0,2.0,0.0,0.0,-43384.3,114.5,,30.78,-24900.19999999989,-61868.39999999996,-8.68,-0.19,-0.25,0.0121,-0.01,21.0,4.0,1.0,3.0,25.0,217852.8,-100279.08,159.25,,46.05,217852.80000000005,-186327.5999999999,-8.3,0.03,0.04,0.0147,0.0
VKCO,breakout_ols,1D,Bayesian_TPE,26,0.422,264,11,5,0.3,0.6000000000000001,1,7,False,22.57,0.494,0.35,26.39,3,100.0,False,"{""sampler"":""TPESampler"",""seed"":42,""n_trials"":50,""direction"":""maximize"",""objective"":""composite = Sharpe * (Return% / MaxDD%)""}","{""lookback"":264,""pivot_window"":11,""min_touches"":5,""tolerance_atr_mult"":0.3,""cluster_atr_mult"":0.6000000000000001,""confirmation_bars"":1,""cooldown_bars"":7,""allowshort"":false}",2014-01-01,2024-12-31,2025-01-01,2026-04-20,2014-01-01,2026-04-20,16.0,3.0,3.0,0.0,100.0,75237.73,0.0,73.33,,26.39,147986.79999999996,835.5999999999525,22.57,0.49,0.35,0.0108,0.02,11.0,2.0,1.0,1.0,50.0,108777.9,-84968.4,139.5,,27.06,108777.90000000008,-84968.40000000004,2.38,0.18,0.26,0.0148,0.01,27.0,4.0,2.0,2.0,50.0,74411.2,-63034.85,150.5,,37.58,147986.79999999996,-84878.20000000004,2.28,0.14,0.14,0.0146,0.01
VKCO,breakout_ols,1D,Bayesian_TPE,27,0.359,232,10,4,0.9000000000000001,0.7,3,10,False,17.82,0.441,0.261,21.86,3,100.0,False,"{""sampler"":""TPESampler"",""seed"":42,""n_trials"":50,""direction"":""maximize"",""objective"":""composite = Sharpe * (Return% / MaxDD%)""}","{""lookback"":232,""pivot_window"":10,""min_touches"":4,""tolerance_atr_mult"":0.9000000000000001,""cluster_atr_mult"":0.7,""confirmation_bars"":3,""cooldown_bars"":10,""allowshort"":false}",2014-01-01,2024-12-31,2025-01-01,2026-04-20,2014-01-01,2026-04-20,13.0,3.0,3.0,0.0,100.0,59410.4,0.0,68.33,,21.86,106342.19999999995,8394.199999999899,17.82,0.44,0.26,0.0098,0.02,5.0,2.0,0.0,2.0,0.0,0.0,-92766.1,93.0,,34.18,-85165.20000000008,-100366.99999999993,-18.55,-0.69,-0.79,0.0102,-0.02,18.0,4.0,2.0,2.0,50.0,35944.5,-92369.1,143.75,,35.33,63494.80000000008,-109318.19999999992,-11.28,-0.01,-0.01,0.0141,-0.0
VKCO,breakout_ols,1D,Bayesian_TPE,28,0.095,215,7,5,1.15,0.9000000000000001,2,13,False,13.82,0.305,0.264,44.44,3,66.67,False,"{""sampler"":""TPESampler"",""seed"":42,""n_trials"":50,""direction"":""maximize"",""objective"":""composite = Sharpe * (Return% / MaxDD%)""}","{""lookback"":215,""pivot_window"":7,""min_touches"":5,""tolerance_atr_mult"":1.1500000000000001,""cluster_atr_mult"":0.9000000000000001,""confirmation_bars"":2,""cooldown_bars"":13,""allowshort"":false}",2014-01-01,2024-12-31,2025-01-01,2026-04-20,2014-01-01,2026-04-20,13.0,3.0,2.0,1.0,66.67,88030.8,-37887.2,104.67,,44.44,154335.59999999995,-37887.20000000012,13.82,0.31,0.26,0.0147,0.01,5.0,2.0,1.0,1.0,50.0,60392.4,-148724.1,91.5,,25.26,60392.39999999996,-148724.09999999995,-8.83,-0.29,-0.37,0.0096,-0.01,18.0,4.0,2.0,2.0,50.0,88030.8,-101419.45,170.5,,44.44,154335.59999999995,-158758.59999999995,-2.68,0.11,0.12,0.0165,0.0
VKCO,breakout_ols,1D,Bayesian_TPE,29,0.728,259,12,4,0.8,0.55,1,4,False,28.07,0.599,0.384,23.09,3,100.0,False,"{""sampler"":""TPESampler"",""seed"":42,""n_trials"":50,""direction"":""maximize"",""objective"":""composite = Sharpe * (Return% / MaxDD%)""}","{""lookback"":259,""pivot_window"":12,""min_touches"":4,""tolerance_atr_mult"":0.8,""cluster_atr_mult"":0.55,""confirmation_bars"":1,""cooldown_bars"":4,""allowshort"":false}",2014-01-01,2024-12-31,2025-01-01,2026-04-20,2014-01-01,2026-04-20,19.0,3.0,3.0,0.0,100.0,93562.33,0.0,66.33,,23.09,199511.0,835.5999999999525,28.07,0.6,0.38,0.0104,0.03,22.0,2.0,0.0,2.0,0.0,0.0,-57542.65,160.0,,29.74,-32556.5,-82528.79999999989,-11.51,-0.16,-0.23,0.0164,-0.01,41.0,4.0,2.0,2.0,50.0,100173.3,-70878.9,151.0,,34.78,199511.0,-98718.29999999989,5.86,0.17,0.18,0.0145,0.01
VKCO,breakout_ols,1D,Bayesian_TPE,30,0.341,280,8,3,1.05,0.3,2,15,False,22.69,0.481,0.379,32.0,3,66.67,False,"{""sampler"":""TPESampler"",""seed"":42,""n_trials"":50,""direction"":""maximize"",""objective"":""composite = Sharpe * (Return% / MaxDD%)""}","{""lookback"":280,""pivot_window"":8,""min_touches"":3,""tolerance_atr_mult"":1.05,""cluster_atr_mult"":0.3,""confirmation_bars"":2,""cooldown_bars"":15,""allowshort"":false}",2014-01-01,2024-12-31,2025-01-01,2026-04-20,2014-01-01,2026-04-20,12.0,3.0,2.0,1.0,66.67,158614.9,-90375.0,89.0,,32.0,230050.40000000005,-90374.99999999988,22.69,0.48,0.38,0.0114,0.02,10.0,2.0,1.0,1.0,50.0,90321.0,-88672.35,139.5,,28.64,90321.00000000012,-88672.35000000003,0.16,0.12,0.17,0.0148,0.01,22.0,4.0,1.0,3.0,25.0,230050.4,-76167.83,162.25,,42.34,230050.40000000005,-90374.99999999988,0.15,0.12,0.13,0.0149,0.0
VKCO,breakout_ols,1D,Bayesian_TPE,31,0.728,260,12,4,0.75,0.55,1,3,False,28.07,0.599,0.384,23.09,3,100.0,False,"{""sampler"":""TPESampler"",""seed"":42,""n_trials"":50,""direction"":""maximize"",""objective"":""composite = Sharpe * (Return% / MaxDD%)""}","{""lookback"":260,""pivot_window"":12,""min_touches"":4,""tolerance_atr_mult"":0.75,""cluster_atr_mult"":0.55,""confirmation_bars"":1,""cooldown_bars"":3,""allowshort"":false}",2014-01-01,2024-12-31,2025-01-01,2026-04-20,2014-01-01,2026-04-20,18.0,3.0,3.0,0.0,100.0,93562.33,0.0,66.33,,23.09,199511.0,835.5999999999525,28.07,0.6,0.38,0.0104,0.03,23.0,2.0,0.0,2.0,0.0,0.0,-57542.65,160.0,,29.74,-32556.5,-82528.79999999989,-11.51,-0.16,-0.23,0.0164,-0.01,41.0,4.0,2.0,2.0,50.0,100173.3,-70878.9,151.0,,34.78,199511.0,-98718.29999999989,5.86,0.17,0.18,0.0145,0.01
VKCO,breakout_ols,1D,Bayesian_TPE,32,0.294,243,11,5,0.8500000000000001,0.65,1,5,False,19.0,0.44,0.314,28.47,3,66.67,False,"{""sampler"":""TPESampler"",""seed"":42,""n_trials"":50,""direction"":""maximize"",""objective"":""composite = Sharpe * (Return% / MaxDD%)""}","{""lookback"":243,""pivot_window"":11,""min_touches"":5,""tolerance_atr_mult"":0.8500000000000001,""cluster_atr_mult"":0.65,""confirmation_bars"":1,""cooldown_bars"":5,""allowshort"":false}",2014-01-01,2024-12-31,2025-01-01,2026-04-20,2014-01-01,2026-04-20,15.0,3.0,2.0,1.0,66.67,113567.2,-37128.0,71.33,,28.47,152477.9999999999,-37128.00000000013,19.0,0.44,0.31,0.0106,0.02,9.0,2.0,1.0,1.0,50.0,44375.1,-124415.2,144.0,,36.26,44375.09999999993,-124415.19999999992,-8.0,-0.1,-0.14,0.0149,-0.0,24.0,4.0,1.0,3.0,25.0,152478.0,-86752.03,151.25,,42.67,152477.9999999999,-120665.99999999993,-10.78,0.01,0.01,0.0146,0.0
VKCO,breakout_ols,1D,Bayesian_TPE,33,0.863,284,9,4,0.6000000000000001,0.5,1,4,False,31.6,0.652,0.42,23.88,2,100.0,False,"{""sampler"":""TPESampler"",""seed"":42,""n_trials"":50,""direction"":""maximize"",""objective"":""composite = Sharpe * (Return% / MaxDD%)""}","{""lookback"":284,""pivot_window"":9,""min_touches"":4,""tolerance_atr_mult"":0.6000000000000001,""cluster_atr_mult"":0.5,""confirmation_bars"":1,""cooldown_bars"":4,""allowshort"":false}",2014-01-01,2024-12-31,2025-01-01,2026-04-20,2014-01-01,2026-04-20,14.0,2.0,2.0,0.0,100.0,158011.9,0.0,100.0,,23.88,243577.40000000005,72446.39999999995,31.6,0.65,0.42,0.0105,0.03,13.0,2.0,0.0,2.0,0.0,0.0,-5490.4,108.0,,27.59,-3373.200000000128,-7607.59999999996,-1.1,0.05,0.08,0.0116,0.0,27.0,3.0,1.0,2.0,33.33,243577.4,-65980.4,195.33,,37.86,243577.40000000005,-123411.60000000003,11.16,0.22,0.22,0.0145,0.01
VKCO,breakout_ols,1D,Bayesian_TPE,34,0.863,287,9,5,0.55,0.5,1,7,False,31.6,0.652,0.42,23.88,2,100.0,False,"{""sampler"":""TPESampler"",""seed"":42,""n_trials"":50,""direction"":""maximize"",""objective"":""composite = Sharpe * (Return% / MaxDD%)""}","{""lookback"":287,""pivot_window"":9,""min_touches"":5,""tolerance_atr_mult"":0.55,""cluster_atr_mult"":0.5,""confirmation_bars"":1,""cooldown_bars"":7,""allowshort"":false}",2014-01-01,2024-12-31,2025-01-01,2026-04-20,2014-01-01,2026-04-20,13.0,2.0,2.0,0.0,100.0,158011.9,0.0,100.0,,23.88,243577.40000000005,72446.39999999995,31.6,0.65,0.42,0.0105,0.03,11.0,2.0,0.0,2.0,0.0,0.0,-5490.4,108.0,,27.59,-3373.200000000128,-7607.59999999996,-1.1,0.05,0.08,0.0116,0.0,24.0,3.0,1.0,2.0,33.33,243577.4,-65980.4,195.33,,37.86,243577.40000000005,-123411.60000000003,11.16,0.22,0.22,0.0145,0.01
VKCO,breakout_ols,1D,Bayesian_TPE,35,0.544,287,8,4,0.6000000000000001,0.45,1,4,True,26.94,0.573,0.379,28.37,2,100.0,True,"{""sampler"":""TPESampler"",""seed"":42,""n_trials"":50,""direction"":""maximize"",""objective"":""composite = Sharpe * (Return% / MaxDD%)""}","{""lookback"":287,""pivot_window"":8,""min_touches"":4,""tolerance_atr_mult"":0.6000000000000001,""cluster_atr_mult"":0.45,""confirmation_bars"":1,""cooldown_bars"":4,""allowshort"":true}",2014-01-01,2024-12-31,2025-01-01,2026-04-20,2014-01-01,2026-04-20,14.0,2.0,2.0,0.0,100.0,134702.1,0.0,102.5,,28.37,207646.59999999995,61757.599999999955,26.94,0.57,0.38,0.0106,0.02,14.0,2.0,1.0,1.0,50.0,119773.2,-3901.0,140.5,,22.8,119773.20000000008,-3901.0,11.59,0.4,0.59,0.0147,0.03,28.0,3.0,1.0,2.0,33.33,207646.6,-32267.35,196.0,,40.06,207646.59999999995,-60538.69999999991,14.31,0.24,0.25,0.0145,0.01
VKCO,breakout_ols,1D,Bayesian_TPE,36,0.501,300,10,5,0.5,0.35,1,7,False,23.12,0.517,0.341,23.88,3,33.33,False,"{""sampler"":""TPESampler"",""seed"":42,""n_trials"":50,""direction"":""maximize"",""objective"":""composite = Sharpe * (Return% / MaxDD%)""}","{""lookback"":300,""pivot_window"":10,""min_touches"":5,""tolerance_atr_mult"":0.5,""cluster_atr_mult"":0.35,""confirmation_bars"":1,""cooldown_bars"":7,""allowshort"":false}",2014-01-01,2024-12-31,2025-01-01,2026-04-20,2014-01-01,2026-04-20,12.0,3.0,1.0,0.0,33.33,228167.8,0.0,63.33,,23.88,228167.80000000005,0.0,22.82,0.52,0.34,0.0104,0.02,10.0,2.0,1.0,1.0,50.0,3479.7,-44649.0,107.0,,29.49,3479.7000000000376,-44649.00000000009,-4.12,-0.05,-0.06,0.0114,-0.0,22.0,4.0,2.0,1.0,50.0,115937.68,-210308.5,145.0,,41.28,228167.80000000005,-210308.5,2.16,0.14,0.14,0.0146,0.0
VKCO,breakout_ols,1D,Bayesian_TPE,37,0.009,190,9,4,0.65,0.5,1,3,True,2.81,0.155,0.135,47.97,4,25.0,True,"{""sampler"":""TPESampler"",""seed"":42,""n_trials"":50,""direction"":""maximize"",""objective"":""composite = Sharpe * (Return% / MaxDD%)""}","{""lookback"":190,""pivot_window"":9,""min_touches"":4,""tolerance_atr_mult"":0.65,""cluster_atr_mult"":0.5,""confirmation_bars"":1,""cooldown_bars"":3,""allowshort"":true}",2014-01-01,2024-12-31,2025-01-01,2026-04-20,2014-01-01,2026-04-20,16.0,4.0,1.0,3.0,25.0,164993.4,-45637.2,68.25,,47.97,164993.3999999999,-96465.59999999992,2.81,0.16,0.13,0.0147,0.0,10.0,2.0,2.0,0.0,100.0,90980.35,0.0,84.5,,12.0,127337.30000000012,54623.40000000009,18.2,0.69,0.87,0.0106,0.06,26.0,5.0,2.0,3.0,40.0,107827.35,-39715.2,119.6,,47.97,164993.3999999999,-96465.59999999992,9.65,0.21,0.22,0.0163,0.01
VKCO,breakout_ols,1D,Bayesian_TPE,38,0.61,286,8,5,0.55,0.4,1,5,False,28.85,0.597,0.407,28.25,2,100.0,False,"{""sampler"":""TPESampler"",""seed"":42,""n_trials"":50,""direction"":""maximize"",""objective"":""composite = Sharpe * (Return% / MaxDD%)""}","{""lookback"":286,""pivot_window"":8,""min_touches"":5,""tolerance_atr_mult"":0.55,""cluster_atr_mult"":0.4,""confirmation_bars"":1,""cooldown_bars"":5,""allowshort"":false}",2014-01-01,2024-12-31,2025-01-01,2026-04-20,2014-01-01,2026-04-20,12.0,2.0,2.0,0.0,100.0,144238.5,0.0,105.0,,28.25,207646.59999999995,80830.39999999986,28.85,0.6,0.41,0.0108,0.02,14.0,2.0,1.0,1.0,50.0,119773.2,-3901.0,140.5,,22.8,119773.20000000008,-3901.0,11.59,0.4,0.59,0.0147,0.03,26.0,3.0,1.0,2.0,33.33,207646.6,-23679.0,197.67,,39.16,207646.59999999995,-43302.0,16.03,0.26,0.27,0.0145,0.01
VKCO,breakout_ols,1D,Bayesian_TPE,39,0.213,234,6,4,0.45,0.5,1,18,True,15.5,0.388,0.256,28.25,3,66.67,True,"{""sampler"":""TPESampler"",""seed"":42,""n_trials"":50,""direction"":""maximize"",""objective"":""composite = Sharpe * (Return% / MaxDD%)""}","{""lookback"":234,""pivot_window"":6,""min_touches"":4,""tolerance_atr_mult"":0.45,""cluster_atr_mult"":0.5,""confirmation_bars"":1,""cooldown_bars"":18,""allowshort"":true}",2014-01-01,2024-12-31,2025-01-01,2026-04-20,2014-01-01,2026-04-20,12.0,3.0,2.0,1.0,66.67,93701.0,-32421.6,69.67,,28.25,114940.79999999996,-32421.600000000024,15.5,0.39,0.26,0.0102,0.01,8.0,3.0,1.0,2.0,33.33,22252.5,-123201.75,74.67,,28.86,22252.5,-142903.80000000005,-22.42,-0.63,-0.71,0.0133,-0.03,20.0,6.0,3.0,3.0,50.0,82876.27,-108514.67,84.17,,38.7,114940.79999999996,-169985.40000000005,-7.69,0.02,0.02,0.0129,0.0
VKCO,breakout_ols,1D,Bayesian_TPE,40,0.0,100,10,5,0.65,0.5,1,6,False,0.0,0.0,0.0,0.0,0,0.0,False,"{""sampler"":""TPESampler"",""seed"":42,""n_trials"":50,""direction"":""maximize"",""objective"":""composite = Sharpe * (Return% / MaxDD%)""}","{""lookback"":100,""pivot_window"":10,""min_touches"":5,""tolerance_atr_mult"":0.65,""cluster_atr_mult"":0.5,""confirmation_bars"":1,""cooldown_bars"":6,""allowshort"":false}",2014-01-01,2024-12-31,2025-01-01,2026-04-20,2014-01-01,2026-04-20,0.0,0.0,0.0,0.0,0.0,0.0,0.0,0.0,,0.0,0.0,0.0,0.0,,,0.0,,0.0,0.0,0.0,0.0,0.0,0.0,0.0,0.0,,0.0,0.0,0.0,0.0,,,0.0,,0.0,0.0,0.0,0.0,0.0,0.0,0.0,0.0,,0.0,0.0,0.0,0.0,,,0.0,
VKCO,breakout_ols,1D,Bayesian_TPE,41,0.822,270,9,5,0.7,0.65,1,10,False,32.68,0.657,0.441,26.12,2,100.0,False,"{""sampler"":""TPESampler"",""seed"":42,""n_trials"":50,""direction"":""maximize"",""objective"":""composite = Sharpe * (Return% / MaxDD%)""}","{""lookback"":270,""pivot_window"":9,""min_touches"":5,""tolerance_atr_mult"":0.7,""cluster_atr_mult"":0.65,""confirmation_bars"":1,""cooldown_bars"":10,""allowshort"":false}",2014-01-01,2024-12-31,2025-01-01,2026-04-20,2014-01-01,2026-04-20,13.0,2.0,2.0,0.0,100.0,163409.3,0.0,104.0,,26.12,243577.40000000005,83241.19999999985,32.68,0.66,0.44,0.0107,0.03,9.0,2.0,1.0,1.0,50.0,75819.0,-29979.2,112.5,,24.69,75819.00000000013,-29979.199999999957,4.58,0.24,0.33,0.0121,0.01,22.0,3.0,1.0,2.0,33.33,243577.4,-39004.25,195.67,,37.35,243577.40000000005,-44593.5,16.56,0.26,0.27,0.0145,0.01
VKCO,breakout_ols,1D,Bayesian_TPE,42,0.822,270,9,5,0.75,0.45,1,10,False,32.68,0.657,0.441,26.12,2,100.0,False,"{""sampler"":""TPESampler"",""seed"":42,""n_trials"":50,""direction"":""maximize"",""objective"":""composite = Sharpe * (Return% / MaxDD%)""}","{""lookback"":270,""pivot_window"":9,""min_touches"":5,""tolerance_atr_mult"":0.75,""cluster_atr_mult"":0.45,""confirmation_bars"":1,""cooldown_bars"":10,""allowshort"":false}",2014-01-01,2024-12-31,2025-01-01,2026-04-20,2014-01-01,2026-04-20,13.0,2.0,2.0,0.0,100.0,163409.3,0.0,104.0,,26.12,243577.40000000005,83241.19999999985,32.68,0.66,0.44,0.0107,0.03,9.0,2.0,1.0,1.0,50.0,75819.0,-29979.2,112.5,,24.69,75819.00000000013,-29979.199999999957,4.58,0.24,0.33,0.0121,0.01,22.0,3.0,1.0,2.0,33.33,243577.4,-39004.25,195.67,,37.35,243577.40000000005,-44593.5,16.56,0.26,0.27,0.0145,0.01
VKCO,breakout_ols,1D,Bayesian_TPE,43,0.363,251,9,5,0.7,0.8,1,10,False,18.17,0.461,0.248,23.09,2,100.0,False,"{""sampler"":""TPESampler"",""seed"":42,""n_trials"":50,""direction"":""maximize"",""objective"":""composite = Sharpe * (Return% / MaxDD%)""}","{""lookback"":251,""pivot_window"":9,""min_touches"":5,""tolerance_atr_mult"":0.7,""cluster_atr_mult"":0.8,""confirmation_bars"":1,""cooldown_bars"":10,""allowshort"":false}",2014-01-01,2024-12-31,2025-01-01,2026-04-20,2014-01-01,2026-04-20,12.0,2.0,2.0,0.0,100.0,90852.3,0.0,78.5,,23.09,107577.40000000008,74127.19999999987,18.17,0.46,0.25,0.0094,0.02,10.0,2.0,1.0,1.0,50.0,57912.0,-80664.6,105.0,,28.25,57912.000000000175,-80664.60000000003,-2.28,0.01,0.02,0.0115,0.0,22.0,3.0,1.0,2.0,33.33,107577.4,-68784.25,173.67,,34.78,107577.40000000008,-80082.10000000003,-3.0,0.08,0.07,0.0137,0.0
VKCO,breakout_ols,1D,Bayesian_TPE,44,-0.007,141,4,5,0.55,0.6000000000000001,1,6,False,-5.49,0.06,0.065,48.15,7,28.57,False,"{""sampler"":""TPESampler"",""seed"":42,""n_trials"":50,""direction"":""maximize"",""objective"":""composite = Sharpe * (Return% / MaxDD%)""}","{""lookback"":141,""pivot_window"":4,""min_touches"":5,""tolerance_atr_mult"":0.55,""cluster_atr_mult"":0.6000000000000001,""confirmation_bars"":1,""cooldown_bars"":6,""allowshort"":false}",2014-01-01,2024-12-31,2025-01-01,2026-04-20,2014-01-01,2026-04-20,29.0,7.0,2.0,5.0,28.57,194601.4,-88829.24,58.14,,48.15,259713.59999999995,-126445.00000000004,-5.49,0.06,0.07,0.017,0.0,11.0,3.0,2.0,1.0,66.67,113738.98,-155278.7,79.0,,23.0,144608.80000000008,-155278.70000000004,7.22,0.31,0.37,0.0126,0.02,40.0,9.0,4.0,5.0,44.44,155239.6,-105708.74,78.67,,48.15,259713.59999999995,-210842.49999999997,9.24,0.2,0.24,0.0167,0.01
VKCO,breakout_ols,1D,Bayesian_TPE,45,0.544,288,8,4,0.6000000000000001,0.7,1,7,True,26.94,0.573,0.379,28.37,2,100.0,True,"{""sampler"":""TPESampler"",""seed"":42,""n_trials"":50,""direction"":""maximize"",""objective"":""composite = Sharpe * (Return% / MaxDD%)""}","{""lookback"":288,""pivot_window"":8,""min_touches"":4,""tolerance_atr_mult"":0.6000000000000001,""cluster_atr_mult"":0.7,""confirmation_bars"":1,""cooldown_bars"":7,""allowshort"":true}",2014-01-01,2024-12-31,2025-01-01,2026-04-20,2014-01-01,2026-04-20,12.0,2.0,2.0,0.0,100.0,134702.1,0.0,102.5,,28.37,207646.59999999995,61757.599999999955,26.94,0.57,0.38,0.0106,0.02,13.0,2.0,2.0,0.0,100.0,64275.23,0.0,140.0,,22.8,119773.20000000008,8777.25,12.86,0.43,0.63,0.0146,0.03,25.0,3.0,2.0,1.0,66.67,108318.8,-60538.7,195.67,,40.06,207646.59999999995,-60538.69999999991,15.61,0.25,0.26,0.0145,0.01
VKCO,breakout_ols,1D,Bayesian_TPE,46,-0.003,275,7,2,0.35,0.35,1,9,False,-2.19,0.041,0.032,31.39,5,40.0,False,"{""sampler"":""TPESampler"",""seed"":42,""n_trials"":50,""direction"":""maximize"",""objective"":""composite = Sharpe * (Return% / MaxDD%)""}","{""lookback"":275,""pivot_window"":7,""min_touches"":2,""tolerance_atr_mult"":0.35,""cluster_atr_mult"":0.35,""confirmation_bars"":1,""cooldown_bars"":9,""allowshort"":false}",2014-01-01,2024-12-31,2025-01-01,2026-04-20,2014-01-01,2026-04-20,22.0,5.0,2.0,3.0,40.0,81584.4,-61673.47,53.2,,31.39,101801.19999999995,-79234.19999999998,-2.19,0.04,0.03,0.0109,0.0,14.0,4.0,2.0,2.0,50.0,34397.75,-61986.0,51.0,,26.51,65825.10000000003,-62757.0,-5.52,-0.12,-0.15,0.0108,-0.0,36.0,8.0,3.0,5.0,37.5,38448.43,-58586.58,78.12,,41.82,101801.19999999995,-79234.19999999998,-17.76,-0.08,-0.08,0.0143,-0.0
VKCO,breakout_ols,1D,Bayesian_TPE,47,0.501,293,10,5,0.7,0.55,1,4,False,23.12,0.517,0.341,23.88,3,33.33,False,"{""sampler"":""TPESampler"",""seed"":42,""n_trials"":50,""direction"":""maximize"",""objective"":""composite = Sharpe * (Return% / MaxDD%)""}","{""lookback"":293,""pivot_window"":10,""min_touches"":5,""tolerance_atr_mult"":0.7,""cluster_atr_mult"":0.55,""confirmation_bars"":1,""cooldown_bars"":4,""allowshort"":false}",2014-01-01,2024-12-31,2025-01-01,2026-04-20,2014-01-01,2026-04-20,15.0,3.0,1.0,0.0,33.33,228167.8,0.0,63.33,,23.88,228167.80000000005,0.0,22.82,0.52,0.34,0.0104,0.02,13.0,2.0,1.0,1.0,50.0,3630.9,-3373.2,107.5,,27.59,3630.900000000039,-3373.200000000128,0.03,0.09,0.13,0.0116,0.0,28.0,4.0,2.0,1.0,50.0,115988.08,-182791.5,143.75,,41.28,228167.80000000005,-182791.5,4.92,0.16,0.17,0.0145,0.01
VKCO,breakout_ols,1D,Bayesian_TPE,48,0.061,236,9,3,0.5,0.65,1,3,False,7.74,0.236,0.173,29.75,4,50.0,False,"{""sampler"":""TPESampler"",""seed"":42,""n_trials"":50,""direction"":""maximize"",""objective"":""composite = Sharpe * (Return% / MaxDD%)""}","{""lookback"":236,""pivot_window"":9,""min_touches"":3,""tolerance_atr_mult"":0.5,""cluster_atr_mult"":0.65,""confirmation_bars"":1,""cooldown_bars"":3,""allowshort"":false}",2014-01-01,2024-12-31,2025-01-01,2026-04-20,2014-01-01,2026-04-20,22.0,4.0,2.0,2.0,50.0,87488.8,-48768.3,68.0,,29.75,107396.80000000008,-95800.59999999996,7.74,0.24,0.17,0.0108,0.01,12.0,2.0,1.0,1.0,50.0,13335.0,-54185.5,118.0,,29.58,13335.0,-54185.50000000008,-4.09,-0.03,-0.04,0.0126,-0.0,34.0,5.0,1.0,4.0,20.0,107396.8,-59832.76,132.4,,40.43,107396.80000000008,-95800.59999999996,-13.19,-0.02,-0.02,0.0147,-0.0
VKCO,breakout_ols,1D,Bayesian_TPE,49,0.452,268,11,5,0.6000000000000001,0.75,1,8,False,23.03,0.513,0.336,26.12,3,100.0,False,"{""sampler"":""TPESampler"",""seed"":42,""n_trials"":50,""direction"":""maximize"",""objective"":""composite = Sharpe * (Return% / MaxDD%)""}","{""lookback"":268,""pivot_window"":11,""min_touches"":5,""tolerance_atr_mult"":0.6000000000000001,""cluster_atr_mult"":0.75,""confirmation_bars"":1,""cooldown_bars"":8,""allowshort"":false}",2014-01-01,2024-12-31,2025-01-01,2026-04-20,2014-01-01,2026-04-20,16.0,3.0,3.0,0.0,100.0,76756.2,0.0,68.0,,26.12,152248.20000000004,835.5999999999525,23.03,0.51,0.34,0.0105,0.02,11.0,2.0,1.0,1.0,50.0,108777.9,-84968.4,139.5,,27.06,108777.90000000008,-84968.40000000004,2.38,0.18,0.26,0.0148,0.01,27.0,4.0,2.0,2.0,50.0,76541.9,-63271.45,146.5,,37.35,152248.20000000004,-85193.90000000004,2.65,0.14,0.14,0.0144,0.01
LKOH,breakout_ols,1D,Bayesian_TPE,0,1.017,175,12,4,0.8500000000000001,0.4,1,4,True,91.02,0.414,0.406,37.07,11,63.64,True,"{""sampler"":""TPESampler"",""seed"":42,""n_trials"":50,""direction"":""maximize"",""objective"":""composite = Sharpe * (Return% / MaxDD%)""}","{""lookback"":175,""pivot_window"":12,""min_touches"":4,""tolerance_atr_mult"":0.8500000000000001,""cluster_atr_mult"":0.4,""confirmation_bars"":1,""cooldown_bars"":4,""allowshort"":true}",2014-01-01,2024-12-31,2025-01-01,2026-04-20,2014-01-01,2026-04-20,62.0,11.0,7.0,4.0,63.64,170372.71,-70596.82,165.55,,37.07,503965.0,-88836.29999999996,91.02,0.41,0.41,0.0116,0.01,6.0,2.0,0.0,2.0,0.0,0.0,-120475.75,147.5,,26.24,-1621.5,-239330.0,-24.1,-0.86,-1.02,0.0112,-0.04,68.0,12.0,6.0,6.0,50.0,181256.17,-91700.72,180.0,,37.07,503965.0,-264528.0,53.73,0.28,0.28,0.0116,0.01
LKOH,breakout_ols,1D,Bayesian_TPE,1,0.156,242,3,5,1.05,0.5,1,6,False,31.22,0.225,0.243,45.04,36,36.11,False,"{""sampler"":""TPESampler"",""seed"":42,""n_trials"":50,""direction"":""maximize"",""objective"":""composite = Sharpe * (Return% / MaxDD%)""}","{""lookback"":242,""pivot_window"":3,""min_touches"":5,""tolerance_atr_mult"":1.05,""cluster_atr_mult"":0.5,""confirmation_bars"":1,""cooldown_bars"":6,""allowshort"":false}",2014-01-01,2024-12-31,2025-01-01,2026-04-20,2014-01-01,2026-04-20,155.0,36.0,13.0,23.0,36.11,114586.15,-51190.46,64.61,,45.04,576166.5,-176832.0,31.22,0.23,0.24,0.0123,0.01,26.0,7.0,0.0,7.0,0.0,0.0,-28103.64,32.14,,26.55,-7140.0,-93299.0,-19.67,-0.82,-0.75,0.0094,-0.03,181.0,42.0,13.0,29.0,30.95,112212.26,-49063.85,61.1,,45.04,576166.5,-176832.0,3.59,0.11,0.12,0.0119,0.0
LKOH,breakout_ols,1D,Bayesian_TPE,2,2.73,186,5,4,0.4,0.55,2,11,True,158.89,0.547,0.561,31.84,20,50.0,True,"{""sampler"":""TPESampler"",""seed"":42,""n_trials"":50,""direction"":""maximize"",""objective"":""composite = Sharpe * (Return% / MaxDD%)""}","{""lookback"":186,""pivot_window"":5,""min_touches"":4,""tolerance_atr_mult"":0.4,""cluster_atr_mult"":0.55,""confirmation_bars"":2,""cooldown_bars"":11,""allowshort"":true}",2014-01-01,2024-12-31,2025-01-01,2026-04-20,2014-01-01,2026-04-20,84.0,20.0,10.0,10.0,50.0,278849.1,-119954.18,101.35,,31.84,1167200.0,-304920.0,158.89,0.55,0.56,0.0122,0.02,14.0,5.0,0.0,5.0,0.0,0.0,-64340.4,48.8,,38.1,-1449.0,-103290.0,-32.17,-1.35,-1.23,0.0104,-0.04,98.0,24.0,9.0,15.0,37.5,293886.33,-126970.85,95.29,,43.01,1167200.0,-304920.0,74.04,0.33,0.33,0.012,0.01
LKOH,breakout_ols,1D,Bayesian_TPE,3,0.233,203,8,2,0.8500000000000001,0.45,1,20,True,43.46,0.261,0.248,48.77,22,50.0,True,"{""sampler"":""TPESampler"",""seed"":42,""n_trials"":50,""direction"":""maximize"",""objective"":""composite = Sharpe * (Return% / MaxDD%)""}","{""lookback"":203,""pivot_window"":8,""min_touches"":2,""tolerance_atr_mult"":0.8500000000000001,""cluster_atr_mult"":0.45,""confirmation_bars"":1,""cooldown_bars"":20,""allowshort"":true}",2014-01-01,2024-12-31,2025-01-01,2026-04-20,2014-01-01,2026-04-20,86.0,22.0,11.0,11.0,50.0,172171.02,-132658.86,95.73,,48.77,607529.0,-401150.0,43.46,0.26,0.25,0.0136,0.01,15.0,5.0,0.0,5.0,0.0,0.0,-56268.8,36.6,,32.21,-30307.5,-74690.0,-28.13,-1.22,-0.97,0.0097,-0.04,101.0,27.0,11.0,16.0,40.74,172171.02,-116473.78,84.78,,48.77,607529.0,-401150.0,3.03,0.12,0.11,0.0132,0.0
LKOH,breakout_ols,1D,Bayesian_TPE,4,0.129,161,3,4,0.7,0.4,2,3,True,28.01,0.215,0.209,46.85,34,44.12,True,"{""sampler"":""TPESampler"",""seed"":42,""n_trials"":50,""direction"":""maximize"",""objective"":""composite = Sharpe * (Return% / MaxDD%)""}","{""lookback"":161,""pivot_window"":3,""min_touches"":4,""tolerance_atr_mult"":0.7,""cluster_atr_mult"":0.4,""confirmation_bars"":2,""cooldown_bars"":3,""allowshort"":true}",2014-01-01,2024-12-31,2025-01-01,2026-04-20,2014-01-01,2026-04-20,148.0,34.0,15.0,19.0,44.12,110154.83,-72223.16,59.47,,46.85,550620.0,-220119.0,28.01,0.21,0.21,0.0117,0.01,25.0,5.0,2.0,3.0,40.0,16302.25,-36400.33,39.2,,16.56,17712.0,-104043.0,-7.66,-0.3,-0.29,0.0083,-0.02,173.0,38.0,17.0,21.0,44.74,98299.05,-71781.17,58.47,,46.85,550620.0,-220119.0,16.37,0.16,0.15,0.0113,0.0
LKOH,breakout_ols,1D,Bayesian_TPE,5,5.094,233,6,4,0.8,0.45,3,16,True,205.5,0.728,0.708,29.37,11,54.55,True,"{""sampler"":""TPESampler"",""seed"":42,""n_trials"":50,""direction"":""maximize"",""objective"":""composite = Sharpe * (Return% / MaxDD%)""}","{""lookback"":233,""pivot_window"":6,""min_touches"":4,""tolerance_atr_mult"":0.8,""cluster_atr_mult"":0.45,""confirmation_bars"":3,""cooldown_bars"":16,""allowshort"":true}",2014-01-01,2024-12-31,2025-01-01,2026-04-20,2014-01-01,2026-04-20,56.0,11.0,6.0,5.0,54.55,398179.58,-66825.0,146.18,,29.37,1182945.5,-114460.0,205.5,0.73,0.71,0.0099,0.02,12.0,3.0,0.0,3.0,0.0,0.0,-95673.0,46.0,,32.9,-41844.0,-132720.0,-28.7,-1.3,-0.85,0.0095,-0.04,68.0,14.0,5.0,9.0,35.71,457179.7,-148327.78,131.57,,41.27,1182945.5,-364560.0,95.09,0.41,0.39,0.0101,0.01
LKOH,breakout_ols,1D,Bayesian_TPE,6,0.763,220,12,2,0.45,0.3,1,9,False,98.1,0.402,0.392,51.68,14,57.14,False,"{""sampler"":""TPESampler"",""seed"":42,""n_trials"":50,""direction"":""maximize"",""objective"":""composite = Sharpe * (Return% / MaxDD%)""}","{""lookback"":220,""pivot_window"":12,""min_touches"":2,""tolerance_atr_mult"":0.45,""cluster_atr_mult"":0.3,""confirmation_bars"":1,""cooldown_bars"":9,""allowshort"":false}",2014-01-01,2024-12-31,2025-01-01,2026-04-20,2014-01-01,2026-04-20,77.0,14.0,8.0,6.0,57.14,234408.56,-149038.75,162.5,,51.68,886445.0,-238000.0,98.1,0.4,0.39,0.0133,0.01,8.0,3.0,0.0,3.0,0.0,0.0,-89424.5,69.67,,30.46,-66445.0,-127912.5,-26.83,-1.25,-1.03,0.0091,-0.04,85.0,16.0,7.0,9.0,43.75,259510.5,-148427.61,159.25,,51.68,886445.0,-238000.0,48.07,0.26,0.25,0.013,0.01
LKOH,breakout_ols,1D,Bayesian_TPE,7,0.296,171,5,4,0.4,1.05,1,20,True,51.64,0.284,0.268,49.56,27,48.15,True,"{""sampler"":""TPESampler"",""seed"":42,""n_trials"":50,""direction"":""maximize"",""objective"":""composite = Sharpe * (Return% / MaxDD%)""}","{""lookback"":171,""pivot_window"":5,""min_touches"":4,""tolerance_atr_mult"":0.4,""cluster_atr_mult"":1.05,""confirmation_bars"":1,""cooldown_bars"":20,""allowshort"":true}",2014-01-01,2024-12-31,2025-01-01,2026-04-20,2014-01-01,2026-04-20,91.0,27.0,13.0,14.0,48.15,166007.04,-117265.43,81.3,,49.56,700561.5,-356481.0,51.64,0.28,0.27,0.0138,0.01,15.0,5.0,0.0,5.0,0.0,0.0,-49658.5,52.8,,33.63,-1610.0,-176032.5,-24.83,-0.76,-0.74,0.0127,-0.03,106.0,32.0,13.0,19.0,40.62,166007.04,-106241.13,76.84,,49.56,700561.5,-356481.0,13.95,0.16,0.15,0.0137,0.0
LKOH,breakout_ols,1D,Bayesian_TPE,8,0.141,101,11,4,0.95,1.0,1,9,False,28.22,0.22,0.148,44.1,1,100.0,False,"{""sampler"":""TPESampler"",""seed"":42,""n_trials"":50,""direction"":""maximize"",""objective"":""composite = Sharpe * (Return% / MaxDD%)""}","{""lookback"":101,""pivot_window"":11,""min_touches"":4,""tolerance_atr_mult"":0.95,""cluster_atr_mult"":1.0,""confirmation_bars"":1,""cooldown_bars"":9,""allowshort"":false}",2014-01-01,2024-12-31,2025-01-01,2026-04-20,2014-01-01,2026-04-20,8.0,1.0,1.0,0.0,100.0,282234.0,0.0,1071.0,,44.1,282234.0,282234.0,28.22,0.22,0.15,0.0105,0.01,3.0,1.0,0.0,1.0,0.0,0.0,-196829.0,326.0,,28.4,-196829.0,-196829.0,-19.68,-0.53,-0.59,0.0132,-0.02,11.0,2.0,1.0,1.0,50.0,282234.0,-252311.0,698.5,,44.1,282234.0,-252311.0,2.99,0.1,0.08,0.0109,0.0
LKOH,breakout_ols,1D,Bayesian_TPE,9,0.119,225,6,2,0.55,0.6000000000000001,3,14,True,27.7,0.214,0.191,49.97,24,41.67,True,"{""sampler"":""TPESampler"",""seed"":42,""n_trials"":50,""direction"":""maximize"",""objective"":""composite = Sharpe * (Return% / MaxDD%)""}","{""lookback"":225,""pivot_window"":6,""min_touches"":2,""tolerance_atr_mult"":0.55,""cluster_atr_mult"":0.6000000000000001,""confirmation_bars"":3,""cooldown_bars"":14,""allowshort"":true}",2014-01-01,2024-12-31,2025-01-01,2026-04-20,2014-01-01,2026-04-20,98.0,24.0,10.0,14.0,41.67,153210.45,-89650.7,92.96,,49.97,602835.5,-378262.5,27.7,0.21,0.19,0.0129,0.01,21.0,6.0,1.0,5.0,16.67,18224.0,-48685.5,18.33,,26.08,18224.0,-105772.5,-22.52,-1.41,-0.97,0.0067,-0.04,119.0,30.0,11.0,19.0,36.67,140344.05,-82280.67,79.2,,49.97,602835.5,-378262.5,-1.95,0.09,0.08,0.0123,0.0
LKOH,breakout_ols,1D,Bayesian_TPE,10,4.216,293,9,3,1.15,0.8,3,16,False,181.39,0.664,0.596,28.57,6,66.67,False,"{""sampler"":""TPESampler"",""seed"":42,""n_trials"":50,""direction"":""maximize"",""objective"":""composite = Sharpe * (Return% / MaxDD%)""}","{""lookback"":293,""pivot_window"":9,""min_touches"":3,""tolerance_atr_mult"":1.1500000000000001,""cluster_atr_mult"":0.8,""confirmation_bars"":3,""cooldown_bars"":16,""allowshort"":false}",2014-01-01,2024-12-31,2025-01-01,2026-04-20,2014-01-01,2026-04-20,57.0,6.0,4.0,2.0,66.67,542059.88,-177176.0,287.33,,28.57,889713.0,-183352.0,181.39,0.66,0.6,0.0102,0.02,15.0,4.0,0.0,4.0,0.0,0.0,-75033.12,59.75,,39.43,-61204.0,-100368.0,-30.01,-1.26,-1.1,0.0102,-0.03,72.0,10.0,4.0,6.0,40.0,542059.88,-199851.0,196.3,,40.3,889713.0,-282654.0,96.91,0.41,0.37,0.0102,0.01
LKOH,breakout_ols,1D,Bayesian_TPE,11,4.861,290,9,3,1.2,0.8,3,16,False,200.69,0.692,0.637,28.57,6,66.67,False,"{""sampler"":""TPESampler"",""seed"":42,""n_trials"":50,""direction"":""maximize"",""objective"":""composite = Sharpe * (Return% / MaxDD%)""}","{""lookback"":290,""pivot_window"":9,""min_touches"":3,""tolerance_atr_mult"":1.2,""cluster_atr_mult"":0.8,""confirmation_bars"":3,""cooldown_bars"":16,""allowshort"":false}",2014-01-01,2024-12-31,2025-01-01,2026-04-20,2014-01-01,2026-04-20,57.0,6.0,4.0,2.0,66.67,590310.0,-177176.0,299.5,,28.57,951439.5,-183352.0,200.69,0.69,0.64,0.0104,0.03,15.0,4.0,0.0,4.0,0.0,0.0,-75033.12,59.75,,39.43,-61204.0,-100368.0,-30.01,-1.26,-1.1,0.0102,-0.03,72.0,10.0,4.0,6.0,40.0,590310.0,-209648.33,203.6,,40.34,951439.5,-301842.0,110.34,0.44,0.4,0.0104,0.01
LKOH,breakout_ols,1D,Bayesian_TPE,12,3.349,299,9,3,1.2,0.8,3,16,False,172.73,0.643,0.586,33.16,7,57.14,False,"{""sampler"":""TPESampler"",""seed"":42,""n_trials"":50,""direction"":""maximize"",""objective"":""composite = Sharpe * (Return% / MaxDD%)""}","{""lookback"":299,""pivot_window"":9,""min_touches"":3,""tolerance_atr_mult"":1.2,""cluster_atr_mult"":0.8,""confirmation_bars"":3,""cooldown_bars"":16,""allowshort"":false}",2014-01-01,2024-12-31,2025-01-01,2026-04-20,2014-01-01,2026-04-20,59.0,7.0,4.0,3.0,57.14,534173.25,-136465.17,253.14,,33.16,862042.5,-153735.0,172.73,0.64,0.59,0.0103,0.02,15.0,4.0,0.0,4.0,0.0,0.0,-75033.12,59.75,,39.43,-61204.0,-100368.0,-30.01,-1.26,-1.1,0.0102,-0.03,74.0,11.0,4.0,7.0,36.36,534173.25,-175485.5,182.82,,40.31,862042.5,-273798.0,90.83,0.4,0.36,0.0103,0.01
LKOH,breakout_ols,1D,Bayesian_TPE,13,2.001,266,7,5,0.7,0.7,3,16,False,153.83,0.546,0.44,41.97,8,50.0,False,"{""sampler"":""TPESampler"",""seed"":42,""n_trials"":50,""direction"":""maximize"",""objective"":""composite = Sharpe * (Return% / MaxDD%)""}","{""lookback"":266,""pivot_window"":7,""min_touches"":5,""tolerance_atr_mult"":0.7,""cluster_atr_mult"":0.7,""confirmation_bars"":3,""cooldown_bars"":16,""allowshort"":false}",2014-01-01,2024-12-31,2025-01-01,2026-04-20,2014-01-01,2026-04-20,45.0,8.0,4.0,4.0,50.0,607822.5,-223238.43,233.75,,41.97,1073165.0,-557550.0,153.83,0.55,0.44,0.012,0.02,12.0,3.0,0.0,3.0,0.0,0.0,-86413.5,88.0,,35.9,-70570.5,-116496.0,-25.92,-0.94,-0.92,0.0112,-0.03,57.0,11.0,4.0,7.0,36.36,607822.5,-221610.96,194.0,,41.97,1073165.0,-557550.0,88.0,0.36,0.3,0.0119,0.01
LKOH,breakout_ols,1D,Bayesian_TPE,14,1.078,263,10,3,1.05,0.95,2,13,True,100.65,0.461,0.416,43.03,11,36.36,True,"{""sampler"":""TPESampler"",""seed"":42,""n_trials"":50,""direction"":""maximize"",""objective"":""composite = Sharpe * (Return% / MaxDD%)""}","{""lookback"":263,""pivot_window"":10,""min_touches"":3,""tolerance_atr_mult"":1.05,""cluster_atr_mult"":0.95,""confirmation_bars"":2,""cooldown_bars"":13,""allowshort"":true}",2014-01-01,2024-12-31,2025-01-01,2026-04-20,2014-01-01,2026-04-20,67.0,11.0,4.0,7.0,36.36,480999.85,-131077.79,162.36,,43.03,803880.0,-266640.0,100.65,0.46,0.42,0.0107,0.01,17.0,4.0,0.0,4.0,0.0,0.0,-67718.62,61.0,,36.57,-33840.0,-89040.0,-27.09,-1.12,-0.97,0.0101,-0.03,84.0,15.0,4.0,11.0,26.67,480999.85,-132961.59,135.33,,43.03,803880.0,-266640.0,46.14,0.26,0.24,0.0106,0.01
LKOH,breakout_ols,1D,Bayesian_TPE,15,0.887,266,7,3,0.55,0.7,3,18,False,102.44,0.407,0.329,47.0,12,50.0,False,"{""sampler"":""TPESampler"",""seed"":42,""n_trials"":50,""direction"":""maximize"",""objective"":""composite = Sharpe * (Return% / MaxDD%)""}","{""lookback"":266,""pivot_window"":7,""min_touches"":3,""tolerance_atr_mult"":0.55,""cluster_atr_mult"":0.7,""confirmation_bars"":3,""cooldown_bars"":18,""allowshort"":false}",2014-01-01,2024-12-31,2025-01-01,2026-04-20,2014-01-01,2026-04-20,58.0,12.0,6.0,6.0,50.0,366545.67,-195807.2,166.42,,47.0,887488.0,-463740.0,102.44,0.41,0.33,0.0138,0.01,13.0,4.0,0.0,4.0,0.0,0.0,-73197.75,60.25,,38.79,-46368.0,-107339.5,-29.28,-1.22,-1.07,0.0102,-0.03,71.0,16.0,6.0,10.0,37.5,366545.67,-176811.87,139.88,,47.0,887488.0,-463740.0,43.12,0.24,0.2,0.0134,0.01
LKOH,breakout_ols,1D,Bayesian_TPE,16,1.927,125,5,5,0.8,1.2,3,14,True,134.65,0.526,0.516,36.75,18,66.67,True,"{""sampler"":""TPESampler"",""seed"":42,""n_trials"":50,""direction"":""maximize"",""objective"":""composite = Sharpe * (Return% / MaxDD%)""}","{""lookback"":125,""pivot_window"":5,""min_touches"":5,""tolerance_atr_mult"":0.8,""cluster_atr_mult"":1.2,""confirmation_bars"":3,""cooldown_bars"":14,""allowshort"":true}",2014-01-01,2024-12-31,2025-01-01,2026-04-20,2014-01-01,2026-04-20,77.0,18.0,12.0,6.0,66.67,159709.46,-95007.62,102.83,,36.75,814409.0,-189348.0,134.65,0.53,0.52,0.0113,0.02,13.0,3.0,0.0,3.0,0.0,0.0,-26721.5,69.0,,17.13,-8671.5,-42850.5,-8.02,-0.33,-0.37,0.0081,-0.02,90.0,21.0,12.0,9.0,57.14,159709.46,-84311.08,98.0,,36.75,814409.0,-189348.0,115.77,0.44,0.43,0.0109,0.01
LKOH,breakout_ols,1D,Bayesian_TPE,17,1.812,244,8,3,1.0,0.9000000000000001,2,18,False,153.11,0.512,0.461,43.27,16,50.0,False,"{""sampler"":""TPESampler"",""seed"":42,""n_trials"":50,""direction"":""maximize"",""objective"":""composite = Sharpe * (Return% / MaxDD%)""}","{""lookback"":244,""pivot_window"":8,""min_touches"":3,""tolerance_atr_mult"":1.0,""cluster_atr_mult"":0.9000000000000001,""confirmation_bars"":2,""cooldown_bars"":18,""allowshort"":false}",2014-01-01,2024-12-31,2025-01-01,2026-04-20,2014-01-01,2026-04-20,69.0,16.0,8.0,8.0,50.0,320452.58,-129063.69,127.25,,43.27,1037000.0,-348091.5,153.11,0.51,0.46,0.0132,0.02,13.0,4.0,0.0,4.0,0.0,0.0,-60943.75,31.5,,27.57,-44380.0,-76107.0,-24.38,-1.55,-1.1,0.0067,-0.04,82.0,19.0,7.0,12.0,36.84,354664.66,-124288.54,116.16,,43.27,1037000.0,-348091.5,99.12,0.37,0.33,0.0126,0.01
LKOH,breakout_ols,1D,Bayesian_TPE,18,2.243,282,10,3,0.6000000000000001,0.65,2,18,True,128.94,0.543,0.494,31.22,9,44.44,True,"{""sampler"":""TPESampler"",""seed"":42,""n_trials"":50,""direction"":""maximize"",""objective"":""composite = Sharpe * (Return% / MaxDD%)""}","{""lookback"":282,""pivot_window"":10,""min_touches"":3,""tolerance_atr_mult"":0.6000000000000001,""cluster_atr_mult"":0.65,""confirmation_bars"":2,""cooldown_bars"":18,""allowshort"":true}",2014-01-01,2024-12-31,2025-01-01,2026-04-20,2014-01-01,2026-04-20,56.0,9.0,4.0,5.0,44.44,439692.25,-93883.62,197.22,,31.22,703470.0,-162476.0,128.94,0.54,0.49,0.0104,0.02,15.0,4.0,0.0,4.0,0.0,0.0,-71961.88,59.25,,38.05,-39620.0,-89040.0,-28.78,-1.22,-1.04,0.0101,-0.03,71.0,13.0,4.0,9.0,30.77,439692.25,-125575.84,154.77,,42.3,703470.0,-204156.0,62.86,0.32,0.29,0.0103,0.01
LKOH,breakout_ols,1D,Bayesian_TPE,19,6.414,243,6,4,0.3,0.3,3,11,False,254.58,0.74,0.72,29.37,10,60.0,False,"{""sampler"":""TPESampler"",""seed"":42,""n_trials"":50,""direction"":""maximize"",""objective"":""composite = Sharpe * (Return% / MaxDD%)""}","{""lookback"":243,""pivot_window"":6,""min_touches"":4,""tolerance_atr_mult"":0.3,""cluster_atr_mult"":0.3,""confirmation_bars"":3,""cooldown_bars"":11,""allowshort"":false}",2014-01-01,2024-12-31,2025-01-01,2026-04-20,2014-01-01,2026-04-20,56.0,10.0,6.0,4.0,60.0,492079.75,-101660.25,192.6,,29.37,1409632.0,-145425.0,254.58,0.74,0.72,0.0112,0.03,11.0,3.0,0.0,3.0,0.0,0.0,-108835.83,47.0,,35.19,-43250.0,-176157.5,-32.65,-1.5,-1.02,0.0096,-0.04,67.0,13.0,5.0,8.0,38.46,566534.7,-207283.88,166.46,,43.61,1409632.0,-568250.0,117.44,0.44,0.42,0.0112,0.01
LKOH,breakout_ols,1D,Bayesian_TPE,20,2.131,210,4,5,0.35,0.3,3,11,False,141.46,0.513,0.519,34.06,17,52.94,False,"{""sampler"":""TPESampler"",""seed"":42,""n_trials"":50,""direction"":""maximize"",""objective"":""composite = Sharpe * (Return% / MaxDD%)""}","{""lookback"":210,""pivot_window"":4,""min_touches"":5,""tolerance_atr_mult"":0.35,""cluster_atr_mult"":0.3,""confirmation_bars"":3,""cooldown_bars"":11,""allowshort"":false}",2014-01-01,2024-12-31,2025-01-01,2026-04-20,2014-01-01,2026-04-20,66.0,17.0,9.0,8.0,52.94,263446.28,-119554.2,118.0,,34.06,1017275.0,-373590.0,141.46,0.51,0.52,0.0122,0.02,12.0,3.0,0.0,3.0,0.0,0.0,-79746.0,90.33,,33.02,-25047.0,-140448.0,-23.92,-0.82,-0.81,0.0116,-0.03,78.0,19.0,8.0,11.0,42.11,293754.69,-138346.65,120.74,,34.06,1017275.0,-373590.0,82.82,0.35,0.35,0.0121,0.01
LKOH,breakout_ols,1D,Bayesian_TPE,21,3.564,245,6,4,0.3,0.3,3,8,False,169.91,0.616,0.553,29.37,10,60.0,False,"{""sampler"":""TPESampler"",""seed"":42,""n_trials"":50,""direction"":""maximize"",""objective"":""composite = Sharpe * (Return% / MaxDD%)""}","{""lookback"":245,""pivot_window"":6,""min_touches"":4,""tolerance_atr_mult"":0.3,""cluster_atr_mult"":0.3,""confirmation_bars"":3,""cooldown_bars"":8,""allowshort"":false}",2014-01-01,2024-12-31,2025-01-01,2026-04-20,2014-01-01,2026-04-20,56.0,10.0,6.0,4.0,60.0,339483.75,-84448.75,164.8,,29.37,1021270.0,-114401.0,169.91,0.62,0.55,0.0108,0.02,11.0,3.0,0.0,3.0,0.0,0.0,-105494.83,43.67,,34.22,-43942.0,-163912.5,-31.65,-1.48,-0.96,0.0094,-0.04,67.0,13.0,5.0,8.0,38.46,389140.8,-158288.06,144.31,,42.79,1021270.0,-402907.5,67.94,0.33,0.29,0.0108,0.01
LKOH,breakout_ols,1D,Bayesian_TPE,22,2.065,230,6,4,0.9000000000000001,0.4,3,13,False,116.19,0.522,0.493,29.37,12,50.0,False,"{""sampler"":""TPESampler"",""seed"":42,""n_trials"":50,""direction"":""maximize"",""objective"":""composite = Sharpe * (Return% / MaxDD%)""}","{""lookback"":230,""pivot_window"":6,""min_touches"":4,""tolerance_atr_mult"":0.9000000000000001,""cluster_atr_mult"":0.4,""confirmation_bars"":3,""cooldown_bars"":13,""allowshort"":false}",2014-01-01,2024-12-31,2025-01-01,2026-04-20,2014-01-01,2026-04-20,56.0,12.0,6.0,6.0,50.0,279873.75,-86224.58,129.33,,29.37,837072.0,-188430.5,116.19,0.52,0.49,0.01,0.02,15.0,3.0,0.0,3.0,0.0,0.0,-95673.0,46.0,,32.9,-41844.0,-132720.0,-28.7,-1.3,-0.85,0.0095,-0.04,71.0,15.0,5.0,10.0,33.33,321276.3,-122506.25,119.07,,41.23,837072.0,-257880.0,38.13,0.24,0.22,0.0102,0.01
LKOH,breakout_ols,1D,Bayesian_TPE,23,0.575,280,7,4,0.65,0.8500000000000001,3,15,False,77.16,0.367,0.3,49.23,11,45.45,False,"{""sampler"":""TPESampler"",""seed"":42,""n_trials"":50,""direction"":""maximize"",""objective"":""composite = Sharpe * (Return% / MaxDD%)""}","{""lookback"":280,""pivot_window"":7,""min_touches"":4,""tolerance_atr_mult"":0.65,""cluster_atr_mult"":0.8500000000000001,""confirmation_bars"":3,""cooldown_bars"":15,""allowshort"":false}",2014-01-01,2024-12-31,2025-01-01,2026-04-20,2014-01-01,2026-04-20,64.0,11.0,5.0,6.0,45.45,304961.9,-125535.4,159.18,,49.23,645270.5,-361167.0,77.16,0.37,0.3,0.0123,0.01,15.0,4.0,0.0,4.0,0.0,0.0,-77297.5,60.25,,40.21,-60348.0,-97016.0,-30.92,-1.31,-1.15,0.0102,-0.03,79.0,15.0,5.0,10.0,33.33,304961.9,-130114.34,132.8,,49.23,645270.5,-361167.0,22.37,0.18,0.15,0.012,0.0
LKOH,breakout_ols,1D,Bayesian_TPE,24,2.532,249,9,3,1.15,0.55,2,12,False,136.69,0.523,0.517,28.23,13,38.46,False,"{""sampler"":""TPESampler"",""seed"":42,""n_trials"":50,""direction"":""maximize"",""objective"":""composite = Sharpe * (Return% / MaxDD%)""}","{""lookback"":249,""pivot_window"":9,""min_touches"":3,""tolerance_atr_mult"":1.1500000000000001,""cluster_atr_mult"":0.55,""confirmation_bars"":2,""cooldown_bars"":12,""allowshort"":false}",2014-01-01,2024-12-31,2025-01-01,2026-04-20,2014-01-01,2026-04-20,65.0,13.0,5.0,8.0,38.46,471643.7,-123909.1,151.38,,28.23,1064448.0,-295687.0,136.69,0.52,0.52,0.0115,0.02,15.0,4.0,0.0,4.0,0.0,0.0,-73391.62,41.75,,32.85,-32880.0,-117028.0,-29.36,-1.45,-1.01,0.0088,-0.04,80.0,17.0,5.0,12.0,29.41,471643.7,-140611.52,125.59,,44.85,1064448.0,-295687.0,67.09,0.32,0.3,0.0112,0.01
LKOH,breakout_ols,1D,Bayesian_TPE,25,0.103,281,8,4,0.75,0.75,3,17,False,29.37,0.22,0.164,62.57,9,44.44,False,"{""sampler"":""TPESampler"",""seed"":42,""n_trials"":50,""direction"":""maximize"",""objective"":""composite = Sharpe * (Return% / MaxDD%)""}","{""lookback"":281,""pivot_window"":8,""min_touches"":4,""tolerance_atr_mult"":0.75,""cluster_atr_mult"":0.75,""confirmation_bars"":3,""cooldown_bars"":17,""allowshort"":false}",2014-01-01,2024-12-31,2025-01-01,2026-04-20,2014-01-01,2026-04-20,57.0,9.0,4.0,5.0,44.44,348809.25,-220305.48,200.89,,62.57,599625.0,-427776.0,29.37,0.22,0.16,0.0131,0.0,12.0,3.0,0.0,3.0,0.0,0.0,-91581.5,82.67,,36.16,-70605.0,-118510.5,-27.47,-1.03,-0.99,0.0111,-0.03,69.0,12.0,4.0,8.0,33.33,348809.25,-182071.24,171.33,,62.57,599625.0,-427776.0,-6.13,0.08,0.06,0.0129,0.0
LKOH,breakout_ols,1D,Bayesian_TPE,26,0.181,194,4,5,0.5,1.1,3,10,True,36.77,0.247,0.203,50.24,24,45.83,True,"{""sampler"":""TPESampler"",""seed"":42,""n_trials"":50,""direction"":""maximize"",""objective"":""composite = Sharpe * (Return% / MaxDD%)""}","{""lookback"":194,""pivot_window"":4,""min_touches"":5,""tolerance_atr_mult"":0.5,""cluster_atr_mult"":1.1,""confirmation_bars"":3,""cooldown_bars"":10,""allowshort"":true}",2014-01-01,2024-12-31,2025-01-01,2026-04-20,2014-01-01,2026-04-20,91.0,24.0,11.0,13.0,45.83,173559.0,-118574.13,79.54,,50.24,623480.0,-514668.0,36.77,0.25,0.2,0.0123,0.01,15.0,4.0,0.0,4.0,0.0,0.0,-59386.75,65.5,,31.66,-32025.0,-86580.0,-23.75,-0.89,-0.91,0.0107,-0.03,106.0,27.0,11.0,16.0,40.74,169753.23,-113065.08,81.07,,50.24,623480.0,-514668.0,5.82,0.12,0.1,0.0121,0.0
LKOH,breakout_ols,1D,Bayesian_TPE,27,11.259,258,6,3,1.1,0.35,3,6,False,293.0,0.825,0.782,21.47,9,66.67,False,"{""sampler"":""TPESampler"",""seed"":42,""n_trials"":50,""direction"":""maximize"",""objective"":""composite = Sharpe * (Return% / MaxDD%)""}","{""lookback"":258,""pivot_window"":6,""min_touches"":3,""tolerance_atr_mult"":1.1,""cluster_atr_mult"":0.35,""confirmation_bars"":3,""cooldown_bars"":6,""allowshort"":false}",2014-01-01,2024-12-31,2025-01-01,2026-04-20,2014-01-01,2026-04-20,74.0,9.0,6.0,3.0,66.67,563365.42,-150058.67,201.56,,21.47,1743616.0,-160660.0,293.0,0.82,0.78,0.0106,0.04,22.0,5.0,1.0,4.0,20.0,16728.0,-74674.75,32.2,,36.14,16728.0,-105772.5,-28.2,-1.36,-0.89,0.0089,-0.03,96.0,14.0,7.0,7.0,50.0,492288.07,-232397.57,141.07,,36.26,1743616.0,-418389.0,181.92,0.58,0.53,0.0104,0.02
LKOH,breakout_ols,1D,Bayesian_TPE,28,1.031,258,6,2,1.05,0.35,2,7,True,88.87,0.401,0.359,34.57,24,37.5,True,"{""sampler"":""TPESampler"",""seed"":42,""n_trials"":50,""direction"":""maximize"",""objective"":""composite = Sharpe * (Return% / MaxDD%)""}","{""lookback"":258,""pivot_window"":6,""min_touches"":2,""tolerance_atr_mult"":1.05,""cluster_atr_mult"":0.35,""confirmation_bars"":2,""cooldown_bars"":7,""allowshort"":true}",2014-01-01,2024-12-31,2025-01-01,2026-04-20,2014-01-01,2026-04-20,114.0,24.0,9.0,15.0,37.5,246164.99,-88451.13,83.92,,34.57,928786.5,-272136.0,88.87,0.4,0.36,0.012,0.01,30.0,10.0,1.0,9.0,10.0,31937.5,-37620.22,15.2,,36.86,31937.5,-115307.0,-30.66,-1.49,-0.99,0.009,-0.04,144.0,34.0,10.0,24.0,29.41,227603.84,-81996.4,63.71,,48.93,928786.5,-272136.0,30.81,0.21,0.18,0.0117,0.0
LKOH,breakout_ols,1D,Bayesian_TPE,29,0.874,232,4,4,0.8500000000000001,0.5,3,5,True,86.91,0.414,0.403,41.15,18,44.44,True,"{""sampler"":""TPESampler"",""seed"":42,""n_trials"":50,""direction"":""maximize"",""objective"":""composite = Sharpe * (Return% / MaxDD%)""}","{""lookback"":232,""pivot_window"":4,""min_touches"":4,""tolerance_atr_mult"":0.8500000000000001,""cluster_atr_mult"":0.5,""confirmation_bars"":3,""cooldown_bars"":5,""allowshort"":true}",2014-01-01,2024-12-31,2025-01-01,2026-04-20,2014-01-01,2026-04-20,101.0,18.0,8.0,10.0,44.44,224959.0,-93056.97,102.11,,41.15,781087.5,-165594.0,86.91,0.41,0.4,0.011,0.01,20.0,6.0,1.0,5.0,16.67,53692.0,-65407.7,28.5,,37.66,53692.0,-104205.5,-27.33,-1.27,-0.9,0.0091,-0.03,121.0,23.0,8.0,15.0,34.78,229630.88,-99035.01,88.09,,41.15,781087.5,-195091.5,35.15,0.23,0.21,0.0108,0.01
LKOH,breakout_ols,1D,Bayesian_TPE,30,0.28,212,5,3,0.75,0.45,2,4,False,41.39,0.262,0.258,38.73,28,32.14,False,"{""sampler"":""TPESampler"",""seed"":42,""n_trials"":50,""direction"":""maximize"",""objective"":""composite = Sharpe * (Return% / MaxDD%)""}","{""lookback"":212,""pivot_window"":5,""min_touches"":3,""tolerance_atr_mult"":0.75,""cluster_atr_mult"":0.45,""confirmation_bars"":2,""cooldown_bars"":4,""allowshort"":false}",2014-01-01,2024-12-31,2025-01-01,2026-04-20,2014-01-01,2026-04-20,117.0,28.0,9.0,19.0,32.14,189941.59,-68189.24,69.0,,38.73,673596.0,-240393.0,41.39,0.26,0.26,0.0119,0.01,26.0,8.0,1.0,7.0,12.5,35770.0,-36878.71,23.5,,30.91,35770.0,-81622.0,-22.24,-0.99,-0.76,0.0091,-0.03,143.0,35.0,10.0,25.0,28.57,170918.18,-65094.68,60.69,,41.37,673596.0,-240393.0,8.18,0.13,0.12,0.0116,0.0
LKOH,breakout_ols,1D,Bayesian_TPE,31,6.499,275,7,3,1.2,0.35,3,7,False,200.17,0.713,0.622,21.96,7,57.14,False,"{""sampler"":""TPESampler"",""seed"":42,""n_trials"":50,""direction"":""maximize"",""objective"":""composite = Sharpe * (Return% / MaxDD%)""}","{""lookback"":275,""pivot_window"":7,""min_touches"":3,""tolerance_atr_mult"":1.2,""cluster_atr_mult"":0.35,""confirmation_bars"":3,""cooldown_bars"":7,""allowshort"":false}",2014-01-01,2024-12-31,2025-01-01,2026-04-20,2014-01-01,2026-04-20,65.0,7.0,4.0,3.0,57.14,619278.12,-158480.0,235.0,,21.96,1050670.5,-218010.0,200.17,0.71,0.62,0.01,0.03,18.0,4.0,0.0,4.0,0.0,0.0,-74557.12,60.5,,39.26,-61204.0,-98464.0,-29.82,-1.25,-1.1,0.0102,-0.03,83.0,11.0,4.0,7.0,36.36,619278.12,-196046.21,171.55,,39.32,1050670.5,-296116.0,110.48,0.45,0.39,0.01,0.01
LKOH,breakout_ols,1D,Bayesian_TPE,32,8.331,252,7,3,1.15,0.35,3,6,False,254.99,0.758,0.712,23.2,9,66.67,False,"{""sampler"":""TPESampler"",""seed"":42,""n_trials"":50,""direction"":""maximize"",""objective"":""composite = Sharpe * (Return% / MaxDD%)""}","{""lookback"":252,""pivot_window"":7,""min_touches"":3,""tolerance_atr_mult"":1.1500000000000001,""cluster_atr_mult"":0.35,""confirmation_bars"":3,""cooldown_bars"":6,""allowshort"":false}",2014-01-01,2024-12-31,2025-01-01,2026-04-20,2014-01-01,2026-04-20,58.0,9.0,6.0,3.0,66.67,492346.83,-134724.0,197.56,,23.2,1558592.0,-143486.0,254.99,0.76,0.71,0.0109,0.04,19.0,4.0,0.0,4.0,0.0,0.0,-75357.25,61.75,,39.55,-57096.0,-105772.5,-30.14,-1.25,-1.12,0.0103,-0.03,77.0,13.0,6.0,7.0,46.15,492346.83,-210826.21,155.77,,39.58,1558592.0,-377647.0,147.83,0.51,0.47,0.0108,0.01
LKOH,breakout_ols,1D,Bayesian_TPE,33,9.807,256,7,3,1.1,0.35,3,6,False,279.92,0.803,0.76,22.92,7,57.14,False,"{""sampler"":""TPESampler"",""seed"":42,""n_trials"":50,""direction"":""maximize"",""objective"":""composite = Sharpe * (Return% / MaxDD%)""}","{""lookback"":256,""pivot_window"":7,""min_touches"":3,""tolerance_atr_mult"":1.1,""cluster_atr_mult"":0.35,""confirmation_bars"":3,""cooldown_bars"":6,""allowshort"":false}",2014-01-01,2024-12-31,2025-01-01,2026-04-20,2014-01-01,2026-04-20,57.0,7.0,4.0,3.0,57.14,803830.5,-138720.0,258.0,,22.92,1668352.0,-153458.0,279.92,0.8,0.76,0.0107,0.04,20.0,4.0,0.0,4.0,0.0,0.0,-75357.25,61.75,,39.55,-57096.0,-105772.5,-30.14,-1.25,-1.12,0.0103,-0.03,77.0,11.0,4.0,7.0,36.36,803830.5,-223351.57,186.64,,39.6,1668352.0,-404286.0,165.19,0.54,0.51,0.0107,0.01
LKOH,breakout_ols,1D,Bayesian_TPE,34,0.991,274,7,2,1.1,0.4,3,6,False,97.22,0.431,0.379,42.28,18,44.44,False,"{""sampler"":""TPESampler"",""seed"":42,""n_trials"":50,""direction"":""maximize"",""objective"":""composite = Sharpe * (Return% / MaxDD%)""}","{""lookback"":274,""pivot_window"":7,""min_touches"":2,""tolerance_atr_mult"":1.1,""cluster_atr_mult"":0.4,""confirmation_bars"":3,""cooldown_bars"":6,""allowshort"":false}",2014-01-01,2024-12-31,2025-01-01,2026-04-20,2014-01-01,2026-04-20,107.0,18.0,8.0,10.0,44.44,247542.44,-100816.57,109.61,,42.28,838194.0,-352611.0,97.22,0.43,0.38,0.0116,0.01,24.0,5.0,0.0,5.0,0.0,0.0,-61737.4,32.4,,37.55,-21390.0,-99912.0,-30.87,-1.52,-1.0,0.0089,-0.04,131.0,23.0,8.0,15.0,34.78,247542.44,-107815.21,92.83,,42.28,838194.0,-352611.0,36.31,0.23,0.2,0.0113,0.01
LKOH,breakout_ols,1D,Bayesian_TPE,35,5.524,254,8,3,1.1,0.35,3,6,False,217.45,0.709,0.658,27.91,11,54.55,False,"{""sampler"":""TPESampler"",""seed"":42,""n_trials"":50,""direction"":""maximize"",""objective"":""composite = Sharpe * (Return% / MaxDD%)""}","{""lookback"":254,""pivot_window"":8,""min_touches"":3,""tolerance_atr_mult"":1.1,""cluster_atr_mult"":0.35,""confirmation_bars"":3,""cooldown_bars"":6,""allowshort"":false}",2014-01-01,2024-12-31,2025-01-01,2026-04-20,2014-01-01,2026-04-20,75.0,11.0,6.0,5.0,54.55,474279.17,-134225.68,159.27,,27.91,1303868.0,-214590.0,217.45,0.71,0.66,0.0107,0.03,18.0,4.0,0.0,4.0,0.0,0.0,-73841.88,61.5,,39.02,-57096.0,-99188.0,-29.54,-1.22,-1.09,0.0103,-0.03,93.0,15.0,6.0,9.0,40.0,474279.17,-178728.93,133.2,,39.1,1303868.0,-314940.0,123.71,0.46,0.43,0.0106,0.01
LKOH,breakout_ols,1D,Bayesian_TPE,36,1.631,269,7,3,0.95,0.5,3,3,False,126.46,0.51,0.406,39.54,9,44.44,False,"{""sampler"":""TPESampler"",""seed"":42,""n_trials"":50,""direction"":""maximize"",""objective"":""composite = Sharpe * (Return% / MaxDD%)""}","{""lookback"":269,""pivot_window"":7,""min_touches"":3,""tolerance_atr_mult"":0.95,""cluster_atr_mult"":0.5,""confirmation_bars"":3,""cooldown_bars"":3,""allowshort"":false}",2014-01-01,2024-12-31,2025-01-01,2026-04-20,2014-01-01,2026-04-20,76.0,9.0,4.0,5.0,44.44,514892.38,-158992.54,187.67,,39.54,845280.5,-351260.0,126.46,0.51,0.41,0.0112,0.01,22.0,4.0,0.0,4.0,0.0,0.0,-72356.38,58.75,,38.51,-49907.0,-99912.0,-28.94,-1.21,-1.04,0.0102,-0.03,98.0,13.0,4.0,9.0,30.77,514892.38,-161226.24,148.0,,39.54,845280.5,-351260.0,60.85,0.3,0.25,0.0111,0.01
LKOH,breakout_ols,1D,Bayesian_TPE,37,1.295,149,8,2,1.15,0.35,2,5,False,106.59,0.439,0.461,36.13,22,54.55,False,"{""sampler"":""TPESampler"",""seed"":42,""n_trials"":50,""direction"":""maximize"",""objective"":""composite = Sharpe * (Return% / MaxDD%)""}","{""lookback"":149,""pivot_window"":8,""min_touches"":2,""tolerance_atr_mult"":1.1500000000000001,""cluster_atr_mult"":0.35,""confirmation_bars"":2,""cooldown_bars"":5,""allowshort"":false}",2014-01-01,2024-12-31,2025-01-01,2026-04-20,2014-01-01,2026-04-20,114.0,22.0,12.0,10.0,54.55,191668.54,-123411.08,99.18,,36.13,1051644.0,-368328.0,106.59,0.44,0.46,0.0122,0.01,21.0,4.0,1.0,3.0,25.0,648.0,-34592.67,68.75,,22.01,648.0,-88927.5,-10.31,-0.36,-0.36,0.0097,-0.02,135.0,26.0,13.0,13.0,50.0,177027.58,-111426.52,94.5,,36.13,1051644.0,-368328.0,85.28,0.35,0.37,0.0119,0.01
LKOH,breakout_ols,1D,Bayesian_TPE,38,6.149,255,7,3,1.0,0.45,3,7,False,202.39,0.696,0.627,22.91,9,55.56,False,"{""sampler"":""TPESampler"",""seed"":42,""n_trials"":50,""direction"":""maximize"",""objective"":""composite = Sharpe * (Return% / MaxDD%)""}","{""lookback"":255,""pivot_window"":7,""min_touches"":3,""tolerance_atr_mult"":1.0,""cluster_atr_mult"":0.45,""confirmation_bars"":3,""cooldown_bars"":7,""allowshort"":false}",2014-01-01,2024-12-31,2025-01-01,2026-04-20,2014-01-01,2026-04-20,62.0,9.0,5.0,4.0,55.56,495076.7,-112868.68,186.89,,22.91,1326528.0,-122157.0,202.39,0.7,0.63,0.0104,0.03,19.0,4.0,0.0,4.0,0.0,0.0,-73197.75,60.25,,38.79,-46368.0,-107339.5,-29.28,-1.22,-1.07,0.0102,-0.03,81.0,13.0,5.0,8.0,38.46,495076.7,-167298.28,147.92,,38.84,1326528.0,-325152.5,113.7,0.45,0.4,0.0104,0.01
LKOH,breakout_ols,1D,Bayesian_TPE,39,0.197,238,5,2,1.1,0.55,3,8,False,44.03,0.263,0.223,58.89,25,48.0,False,"{""sampler"":""TPESampler"",""seed"":42,""n_trials"":50,""direction"":""maximize"",""objective"":""composite = Sharpe * (Return% / MaxDD%)""}","{""lookback"":238,""pivot_window"":5,""min_touches"":2,""tolerance_atr_mult"":1.1,""cluster_atr_mult"":0.55,""confirmation_bars"":3,""cooldown_bars"":8,""allowshort"":false}",2014-01-01,2024-12-31,2025-01-01,2026-04-20,2014-01-01,2026-04-20,121.0,25.0,12.0,13.0,48.0,161127.46,-114862.57,86.32,,58.89,649688.0,-438916.0,44.03,0.26,0.22,0.0143,0.01,29.0,9.0,3.0,6.0,33.33,6692.67,-47557.08,15.44,,30.18,17136.0,-107339.5,-26.53,-1.4,-0.89,0.0081,-0.04,150.0,34.0,15.0,19.0,44.12,128856.13,-99789.23,67.82,,58.89,649688.0,-438916.0,3.68,0.12,0.1,0.0137,0.0
LKOH,breakout_ols,1D,Bayesian_TPE,40,4.254,183,8,3,1.2,0.4,2,4,False,205.66,0.618,0.642,29.88,17,64.71,False,"{""sampler"":""TPESampler"",""seed"":42,""n_trials"":50,""direction"":""maximize"",""objective"":""composite = Sharpe * (Return% / MaxDD%)""}","{""lookback"":183,""pivot_window"":8,""min_touches"":3,""tolerance_atr_mult"":1.2,""cluster_atr_mult"":0.4,""confirmation_bars"":2,""cooldown_bars"":4,""allowshort"":false}",2014-01-01,2024-12-31,2025-01-01,2026-04-20,2014-01-01,2026-04-20,102.0,17.0,11.0,6.0,64.71,300238.57,-207675.25,124.88,,29.88,1302939.0,-607715.5,205.66,0.62,0.64,0.0124,0.03,13.0,3.0,0.0,3.0,0.0,0.0,-38606.17,48.67,,13.73,-1886.0,-79495.0,-11.58,-0.66,-0.6,0.0066,-0.03,115.0,19.0,11.0,8.0,57.89,293697.57,-170536.56,121.74,,29.88,1302939.0,-607715.5,186.64,0.54,0.55,0.0119,0.02
LKOH,breakout_ols,1D,Bayesian_TPE,41,0.76,221,6,3,1.05,0.3,3,7,False,84.29,0.388,0.392,43.03,15,46.67,False,"{""sampler"":""TPESampler"",""seed"":42,""n_trials"":50,""direction"":""maximize"",""objective"":""composite = Sharpe * (Return% / MaxDD%)""}","{""lookback"":221,""pivot_window"":6,""min_touches"":3,""tolerance_atr_mult"":1.05,""cluster_atr_mult"":0.3,""confirmation_bars"":3,""cooldown_bars"":7,""allowshort"":false}",2014-01-01,2024-12-31,2025-01-01,2026-04-20,2014-01-01,2026-04-20,78.0,15.0,7.0,8.0,46.67,262988.41,-124747.85,130.13,,43.03,806784.0,-362943.0,84.29,0.39,0.39,0.012,0.01,22.0,4.0,0.0,4.0,0.0,0.0,-59936.75,37.25,,31.51,-6909.0,-106556.0,-23.97,-1.28,-0.97,0.0078,-0.03,100.0,19.0,7.0,12.0,36.84,262988.41,-119970.15,110.58,,43.03,806784.0,-362943.0,40.13,0.24,0.23,0.0116,0.01
LKOH,breakout_ols,1D,Bayesian_TPE,42,6.498,239,6,3,1.15,0.35,3,9,False,256.86,0.743,0.724,29.37,13,69.23,False,"{""sampler"":""TPESampler"",""seed"":42,""n_trials"":50,""direction"":""maximize"",""objective"":""composite = Sharpe * (Return% / MaxDD%)""}","{""lookback"":239,""pivot_window"":6,""min_touches"":3,""tolerance_atr_mult"":1.1500000000000001,""cluster_atr_mult"":0.35,""confirmation_bars"":3,""cooldown_bars"":9,""allowshort"":false}",2014-01-01,2024-12-31,2025-01-01,2026-04-20,2014-01-01,2026-04-20,73.0,13.0,9.0,4.0,69.23,335641.78,-113042.5,147.0,,29.37,1454656.0,-144040.0,256.86,0.74,0.72,0.0112,0.03,19.0,5.0,1.0,4.0,20.0,12840.0,-77371.25,26.6,,36.16,12840.0,-104205.5,-29.66,-1.5,-0.91,0.0086,-0.04,92.0,17.0,9.0,8.0,52.94,327348.94,-181179.69,121.24,,36.29,1454656.0,-372162.5,149.67,0.51,0.47,0.0109,0.02
LKOH,breakout_ols,1D,Bayesian_TPE,43,0.465,276,5,3,1.15,0.35,3,9,False,66.01,0.331,0.283,46.94,15,53.33,False,"{""sampler"":""TPESampler"",""seed"":42,""n_trials"":50,""direction"":""maximize"",""objective"":""composite = Sharpe * (Return% / MaxDD%)""}","{""lookback"":276,""pivot_window"":5,""min_touches"":3,""tolerance_atr_mult"":1.1500000000000001,""cluster_atr_mult"":0.35,""confirmation_bars"":3,""cooldown_bars"":9,""allowshort"":false}",2014-01-01,2024-12-31,2025-01-01,2026-04-20,2014-01-01,2026-04-20,77.0,15.0,8.0,7.0,53.33,188128.19,-120708.1,125.67,,46.94,630219.0,-316143.0,66.01,0.33,0.28,0.0127,0.01,22.0,6.0,1.0,5.0,16.67,17136.0,-62085.7,28.67,,36.33,17136.0,-105772.5,-29.33,-1.37,-0.96,0.0092,-0.03,99.0,21.0,9.0,12.0,42.86,170383.28,-113384.35,97.95,,46.94,630219.0,-316143.0,17.28,0.16,0.14,0.0123,0.0
LKOH,breakout_ols,1D,Bayesian_TPE,44,8.253,258,6,3,1.2,0.45,3,5,False,239.11,0.74,0.708,21.44,11,54.55,False,"{""sampler"":""TPESampler"",""seed"":42,""n_trials"":50,""direction"":""maximize"",""objective"":""composite = Sharpe * (Return% / MaxDD%)""}","{""lookback"":258,""pivot_window"":6,""min_touches"":3,""tolerance_atr_mult"":1.2,""cluster_atr_mult"":0.45,""confirmation_bars"":3,""cooldown_bars"":5,""allowshort"":false}",2014-01-01,2024-12-31,2025-01-01,2026-04-20,2014-01-01,2026-04-20,80.0,11.0,6.0,5.0,54.55,492751.75,-113074.54,168.45,,21.44,1533504.0,-140993.0,239.11,0.74,0.71,0.0107,0.04,25.0,6.0,1.0,5.0,16.67,16456.0,-61801.1,25.0,,37.08,16456.0,-107339.5,-29.25,-1.45,-0.92,0.0087,-0.03,105.0,17.0,7.0,10.0,41.18,430363.21,-161484.47,117.82,,37.18,1533504.0,-365111.0,139.77,0.5,0.46,0.0105,0.01
LKOH,breakout_ols,1D,Bayesian_TPE,45,0.952,300,7,3,1.2,0.45,3,5,False,79.54,0.41,0.365,34.24,10,40.0,False,"{""sampler"":""TPESampler"",""seed"":42,""n_trials"":50,""direction"":""maximize"",""objective"":""composite = Sharpe * (Return% / MaxDD%)""}","{""lookback"":300,""pivot_window"":7,""min_touches"":3,""tolerance_atr_mult"":1.2,""cluster_atr_mult"":0.45,""confirmation_bars"":3,""cooldown_bars"":5,""allowshort"":false}",2014-01-01,2024-12-31,2025-01-01,2026-04-20,2014-01-01,2026-04-20,74.0,10.0,4.0,6.0,40.0,361867.12,-108674.48,168.8,,34.24,650928.0,-166200.0,79.54,0.41,0.36,0.0103,0.01,21.0,5.0,1.0,4.0,20.0,141.0,-75582.62,45.0,,38.58,141.0,-97740.0,-30.22,-1.29,-1.1,0.0101,-0.03,95.0,15.0,5.0,10.0,33.33,289544.3,-119580.19,127.53,,40.53,650928.0,-175932.0,25.19,0.19,0.17,0.0103,0.0
LKOH,breakout_ols,1D,Bayesian_TPE,46,0.289,286,7,2,1.0,0.6000000000000001,3,3,False,55.38,0.3,0.252,57.57,22,50.0,False,"{""sampler"":""TPESampler"",""seed"":42,""n_trials"":50,""direction"":""maximize"",""objective"":""composite = Sharpe * (Return% / MaxDD%)""}","{""lookback"":286,""pivot_window"":7,""min_touches"":2,""tolerance_atr_mult"":1.0,""cluster_atr_mult"":0.6000000000000001,""confirmation_bars"":3,""cooldown_bars"":3,""allowshort"":false}",2014-01-01,2024-12-31,2025-01-01,2026-04-20,2014-01-01,2026-04-20,132.0,22.0,11.0,11.0,50.0,200315.95,-149970.03,99.95,,57.57,697521.5,-507952.5,55.38,0.3,0.25,0.0133,0.01,27.0,5.0,0.0,5.0,0.0,0.0,-61966.2,32.6,,37.66,-21390.0,-99912.0,-30.98,-1.52,-1.0,0.0089,-0.04,159.0,27.0,11.0,16.0,40.74,200315.95,-133166.96,87.48,,57.57,697521.5,-507952.5,7.28,0.13,0.11,0.0128,0.0
LKOH,breakout_ols,1D,Bayesian_TPE,47,0.116,254,6,3,1.2,0.5,1,6,False,24.97,0.206,0.164,44.32,24,33.33,False,"{""sampler"":""TPESampler"",""seed"":42,""n_trials"":50,""direction"":""maximize"",""objective"":""composite = Sharpe * (Return% / MaxDD%)""}","{""lookback"":254,""pivot_window"":6,""min_touches"":3,""tolerance_atr_mult"":1.2,""cluster_atr_mult"":0.5,""confirmation_bars"":1,""cooldown_bars"":6,""allowshort"":false}",2014-01-01,2024-12-31,2025-01-01,2026-04-20,2014-01-01,2026-04-20,117.0,24.0,8.0,15.0,33.33,151220.24,-64002.14,65.58,,44.32,541167.0,-274907.5,24.97,0.21,0.16,0.0106,0.0,25.0,7.0,1.0,6.0,14.29,23450.0,-42474.17,21.57,,30.99,23450.0,-93800.0,-23.14,-1.09,-0.73,0.0087,-0.03,142.0,30.0,9.0,21.0,30.0,137619.1,-61619.6,58.0,,44.32,541167.0,-274907.5,-5.54,0.06,0.04,0.0104,0.0
LKOH,breakout_ols,1D,Bayesian_TPE,48,0.092,271,3,3,1.1,0.4,3,8,False,22.36,0.193,0.179,46.94,32,37.5,False,"{""sampler"":""TPESampler"",""seed"":42,""n_trials"":50,""direction"":""maximize"",""objective"":""composite = Sharpe * (Return% / MaxDD%)""}","{""lookback"":271,""pivot_window"":3,""min_touches"":3,""tolerance_atr_mult"":1.1,""cluster_atr_mult"":0.4,""confirmation_bars"":3,""cooldown_bars"":8,""allowshort"":false}",2014-01-01,2024-12-31,2025-01-01,2026-04-20,2014-01-01,2026-04-20,127.0,32.0,12.0,19.0,37.5,126111.23,-67878.64,64.22,,46.94,587583.5,-191172.0,22.36,0.19,0.18,0.0113,0.0,25.0,8.0,2.0,6.0,25.0,19160.75,-46271.08,20.12,,35.86,37115.0,-100288.0,-23.93,-1.12,-0.87,0.0088,-0.03,152.0,40.0,14.0,25.0,35.0,111464.06,-65142.75,55.4,,48.0,587583.5,-191172.0,-6.81,0.06,0.05,0.011,0.0
LKOH,breakout_ols,1D,Bayesian_TPE,49,3.209,260,8,3,1.05,0.5,3,5,False,198.56,0.632,0.536,39.1,9,44.44,False,"{""sampler"":""TPESampler"",""seed"":42,""n_trials"":50,""direction"":""maximize"",""objective"":""composite = Sharpe * (Return% / MaxDD%)""}","{""lookback"":260,""pivot_window"":8,""min_touches"":3,""tolerance_atr_mult"":1.05,""cluster_atr_mult"":0.5,""confirmation_bars"":3,""cooldown_bars"":5,""allowshort"":false}",2014-01-01,2024-12-31,2025-01-01,2026-04-20,2014-01-01,2026-04-20,75.0,9.0,4.0,5.0,44.44,689140.25,-154194.68,206.11,,39.1,1169564.0,-406651.0,198.56,0.63,0.54,0.0117,0.02,23.0,4.0,0.0,4.0,0.0,0.0,-71602.38,60.0,,38.26,-46368.0,-99912.0,-28.64,-1.19,-1.04,0.0102,-0.03,98.0,13.0,4.0,9.0,30.77,689140.25,-180776.43,161.15,,39.1,1169564.0,-406651.0,112.96,0.42,0.36,0.0115,0.01
AFKS,breakout_ols,1D,Bayesian_TPE,0,0.988,175,12,4,0.8500000000000001,0.4,1,4,True,140.24,0.43,0.391,61.06,8,75.0,True,"{""sampler"":""TPESampler"",""seed"":42,""n_trials"":50,""direction"":""maximize"",""objective"":""composite = Sharpe * (Return% / MaxDD%)""}","{""lookback"":175,""pivot_window"":12,""min_touches"":4,""tolerance_atr_mult"":0.8500000000000001,""cluster_atr_mult"":0.4,""confirmation_bars"":1,""cooldown_bars"":4,""allowshort"":true}",2014-01-01,2024-12-31,2025-01-01,2026-04-20,2014-01-01,2026-04-20,56.0,8.0,6.0,2.0,75.0,404900.26,-513491.6,273.62,,61.06,1138147.0240000002,-553629.2760000001,140.24,0.43,0.39,0.018,0.01,10.0,2.0,0.0,2.0,0.0,0.0,-46568.22,70.5,,16.02,-43614.82500000011,-49521.61200000003,-9.31,-0.46,-0.36,0.0072,-0.02,66.0,10.0,6.0,4.0,60.0,371700.33,-308046.14,250.2,,61.06,1138147.0240000002,-553629.2760000001,99.8,0.34,0.32,0.0179,0.01
AFKS,breakout_ols,1D,Bayesian_TPE,1,13.407,242,3,5,1.05,0.5,1,6,False,646.08,0.861,0.974,41.49,18,55.56,False,"{""sampler"":""TPESampler"",""seed"":42,""n_trials"":50,""direction"":""maximize"",""objective"":""composite = Sharpe * (Return% / MaxDD%)""}","{""lookback"":242,""pivot_window"":3,""min_touches"":5,""tolerance_atr_mult"":1.05,""cluster_atr_mult"":0.5,""confirmation_bars"":1,""cooldown_bars"":6,""allowshort"":false}",2014-01-01,2024-12-31,2025-01-01,2026-04-20,2014-01-01,2026-04-20,109.0,18.0,10.0,8.0,55.56,755657.62,-136970.94,115.44,,41.49,2625791.168,-355572.4799999997,646.08,0.86,0.97,0.0157,0.03,25.0,10.0,1.0,9.0,10.0,5339.95,-52965.46,23.3,,53.09,5339.952000000005,-144538.562,-47.13,-1.58,-1.45,0.0144,-0.04,134.0,28.0,11.0,17.0,39.29,690583.35,-273663.16,82.54,,59.84,2625791.168,-1078374.402,294.41,0.56,0.62,0.0155,0.01
AFKS,breakout_ols,1D,Bayesian_TPE,2,1.619,186,5,4,0.4,0.55,2,11,True,163.89,0.489,0.483,49.51,17,35.29,True,"{""sampler"":""TPESampler"",""seed"":42,""n_trials"":50,""direction"":""maximize"",""objective"":""composite = Sharpe * (Return% / MaxDD%)""}","{""lookback"":186,""pivot_window"":5,""min_touches"":4,""tolerance_atr_mult"":0.4,""cluster_atr_mult"":0.55,""confirmation_bars"":2,""cooldown_bars"":11,""allowshort"":true}",2014-01-01,2024-12-31,2025-01-01,2026-04-20,2014-01-01,2026-04-20,61.0,17.0,6.0,11.0,35.29,401200.79,-69849.83,108.47,,49.51,841721.4120000001,-204248.47199999983,163.89,0.49,0.48,0.0151,0.01,17.0,4.0,0.0,4.0,0.0,0.0,-77301.92,66.75,,42.6,-53133.43999999995,-109800.18000000008,-30.92,-0.82,-0.82,0.0151,-0.03,78.0,21.0,5.0,16.0,23.81,438932.38,-96066.05,102.19,,49.51,841721.4120000001,-263476.8900000002,65.76,0.29,0.29,0.0152,0.01
AFKS,breakout_ols,1D,Bayesian_TPE,3,1.029,203,8,2,0.8500000000000001,0.45,1,20,True,142.77,0.439,0.395,60.93,20,50.0,True,"{""sampler"":""TPESampler"",""seed"":42,""n_trials"":50,""direction"":""maximize"",""objective"":""composite = Sharpe * (Return% / MaxDD%)""}","{""lookback"":203,""pivot_window"":8,""min_touches"":2,""tolerance_atr_mult"":0.8500000000000001,""cluster_atr_mult"":0.45,""confirmation_bars"":1,""cooldown_bars"":20,""allowshort"":true}",2014-01-01,2024-12-31,2025-01-01,2026-04-20,2014-01-01,2026-04-20,75.0,20.0,10.0,10.0,50.0,335118.43,-192348.45,104.0,,60.93,742612.0000000002,-479298.1,142.77,0.44,0.4,0.0173,0.01,12.0,4.0,0.0,4.0,0.0,0.0,-57548.84,65.25,,30.96,-2289.679999999951,-178102.6289999999,-23.02,-0.52,-0.53,0.0156,-0.03,87.0,23.0,10.0,13.0,43.48,314988.88,-158815.11,103.91,,60.93,742612.0000000002,-479298.1,108.53,0.36,0.33,0.0173,0.01
AFKS,breakout_ols,1D,Bayesian_TPE,4,1.444,161,3,4,0.7,0.4,2,3,True,150.54,0.496,0.447,51.7,21,47.62,True,"{""sampler"":""TPESampler"",""seed"":42,""n_trials"":50,""direction"":""maximize"",""objective"":""composite = Sharpe * (Return% / MaxDD%)""}","{""lookback"":161,""pivot_window"":3,""min_touches"":4,""tolerance_atr_mult"":0.7,""cluster_atr_mult"":0.4,""confirmation_bars"":2,""cooldown_bars"":3,""allowshort"":true}",2014-01-01,2024-12-31,2025-01-01,2026-04-20,2014-01-01,2026-04-20,121.0,21.0,10.0,11.0,47.62,278254.43,-116107.67,77.9,,51.7,817912.1000000001,-255894.492,150.54,0.5,0.45,0.0136,0.01,22.0,5.0,0.0,5.0,0.0,0.0,-64517.57,47.4,,43.71,-14340.794999999987,-147020.58000000007,-32.26,-0.98,-0.87,0.0137,-0.03,143.0,26.0,10.0,16.0,38.46,255536.97,-125756.63,73.38,,51.7,817912.1000000001,-334942.6200000001,54.33,0.27,0.24,0.0138,0.01
AFKS,breakout_ols,1D,Bayesian_TPE,5,1.861,233,6,4,0.8,0.45,3,16,True,198.53,0.549,0.54,58.57,13,53.85,True,"{""sampler"":""TPESampler"",""seed"":42,""n_trials"":50,""direction"":""maximize"",""objective"":""composite = Sharpe * (Return% / MaxDD%)""}","{""lookback"":233,""pivot_window"":6,""min_touches"":4,""tolerance_atr_mult"":0.8,""cluster_atr_mult"":0.45,""confirmation_bars"":3,""cooldown_bars"":16,""allowshort"":true}",2014-01-01,2024-12-31,2025-01-01,2026-04-20,2014-01-01,2026-04-20,49.0,13.0,7.0,6.0,53.85,404615.03,-141171.29,152.08,,58.57,935515.215,-267400.1099999999,198.53,0.55,0.54,0.0145,0.01,14.0,3.0,0.0,3.0,0.0,0.0,-78674.5,118.67,,42.41,-38463.58799999996,-115431.47999999997,-23.6,-0.43,-0.54,0.0181,-0.02,63.0,16.0,7.0,9.0,43.75,404615.03,-172403.07,145.81,,58.57,935515.215,-344597.2469999999,128.07,0.39,0.4,0.015,0.01
AFKS,breakout_ols,1D,Bayesian_TPE,6,3.583,220,12,2,0.45,0.3,1,9,False,340.42,0.62,0.589,58.91,12,66.67,False,"{""sampler"":""TPESampler"",""seed"":42,""n_trials"":50,""direction"":""maximize"",""objective"":""composite = Sharpe * (Return% / MaxDD%)""}","{""lookback"":220,""pivot_window"":12,""min_touches"":2,""tolerance_atr_mult"":0.45,""cluster_atr_mult"":0.3,""confirmation_bars"":1,""cooldown_bars"":9,""allowshort"":false}",2014-01-01,2024-12-31,2025-01-01,2026-04-20,2014-01-01,2026-04-20,66.0,12.0,8.0,4.0,66.67,722027.2,-592998.75,188.83,,58.91,2410415.43,-1584756.9210000003,340.42,0.62,0.59,0.0182,0.02,11.0,2.0,0.0,2.0,0.0,0.0,-93312.32,97.5,,22.53,-63987.99000000004,-122636.65100000004,-18.66,-0.49,-0.42,0.0134,-0.03,77.0,13.0,8.0,5.0,61.54,676379.45,-533314.28,196.54,,58.91,2410415.43,-1584756.9210000003,274.45,0.51,0.5,0.018,0.02
AFKS,breakout_ols,1D,Bayesian_TPE,7,2.614,171,5,4,0.4,1.05,1,20,True,173.39,0.526,0.507,34.89,25,56.0,True,"{""sampler"":""TPESampler"",""seed"":42,""n_trials"":50,""direction"":""maximize"",""objective"":""composite = Sharpe * (Return% / MaxDD%)""}","{""lookback"":171,""pivot_window"":5,""min_touches"":4,""tolerance_atr_mult"":0.4,""cluster_atr_mult"":1.05,""confirmation_bars"":1,""cooldown_bars"":20,""allowshort"":true}",2014-01-01,2024-12-31,2025-01-01,2026-04-20,2014-01-01,2026-04-20,80.0,25.0,14.0,11.0,56.0,188172.74,-81861.61,65.16,,34.89,626242.0380000001,-158555.6680000001,173.39,0.53,0.51,0.0139,0.02,20.0,6.0,0.0,6.0,0.0,0.0,-63323.6,45.33,,48.04,-29775.432000000048,-96640.065,-37.99,-1.16,-1.14,0.0144,-0.03,100.0,31.0,13.0,18.0,41.94,188729.86,-104042.16,62.0,,49.91,626242.0380000001,-246368.93299999996,58.07,0.27,0.27,0.014,0.01
AFKS,breakout_ols,1D,Bayesian_TPE,8,3.78,101,11,4,0.95,1.0,1,9,False,224.26,0.748,0.567,44.38,1,100.0,False,"{""sampler"":""TPESampler"",""seed"":42,""n_trials"":50,""direction"":""maximize"",""objective"":""composite = Sharpe * (Return% / MaxDD%)""}","{""lookback"":101,""pivot_window"":11,""min_touches"":4,""tolerance_atr_mult"":0.95,""cluster_atr_mult"":1.0,""confirmation_bars"":1,""cooldown_bars"":9,""allowshort"":false}",2014-01-01,2024-12-31,2025-01-01,2026-04-20,2014-01-01,2026-04-20,9.0,1.0,1.0,0.0,100.0,2242647.42,0.0,1035.0,,44.38,2242647.418,2242647.418,224.26,0.75,0.57,0.0101,0.02,1.0,0.0,0.0,0.0,0.0,0.0,0.0,0.0,,0.0,0.0,0.0,0.0,,,0.0,,10.0,1.0,1.0,0.0,100.0,2242647.42,0.0,1035.0,,44.38,2242647.418,2242647.418,224.26,0.7,0.49,0.0095,0.01
AFKS,breakout_ols,1D,Bayesian_TPE,9,4.298,225,6,2,0.55,0.6000000000000001,3,14,True,345.08,0.684,0.678,54.92,17,58.82,True,"{""sampler"":""TPESampler"",""seed"":42,""n_trials"":50,""direction"":""maximize"",""objective"":""composite = Sharpe * (Return% / MaxDD%)""}","{""lookback"":225,""pivot_window"":6,""min_touches"":2,""tolerance_atr_mult"":0.55,""cluster_atr_mult"":0.6000000000000001,""confirmation_bars"":3,""cooldown_bars"":14,""allowshort"":true}",2014-01-01,2024-12-31,2025-01-01,2026-04-20,2014-01-01,2026-04-20,89.0,17.0,10.0,7.0,58.82,453227.1,-154499.33,124.76,,54.92,1404816.4019999998,-408777.5900000002,345.08,0.68,0.68,0.0153,0.02,20.0,6.0,0.0,6.0,0.0,0.0,-76123.17,45.17,,47.14,-16972.74800000002,-149018.93999999994,-45.67,-1.31,-1.39,0.0163,-0.05,109.0,23.0,10.0,13.0,43.48,453227.1,-239565.84,104.0,,56.74,1404816.4019999998,-663253.9199999998,141.79,0.41,0.41,0.0155,0.01
AFKS,breakout_ols,1D,Bayesian_TPE,10,1.191,294,3,5,1.2,0.8,2,6,False,148.57,0.489,0.444,61.0,21,28.57,False,"{""sampler"":""TPESampler"",""seed"":42,""n_trials"":50,""direction"":""maximize"",""objective"":""composite = Sharpe * (Return% / MaxDD%)""}","{""lookback"":294,""pivot_window"":3,""min_touches"":5,""tolerance_atr_mult"":1.2,""cluster_atr_mult"":0.8,""confirmation_bars"":2,""cooldown_bars"":6,""allowshort"":false}",2014-01-01,2024-12-31,2025-01-01,2026-04-20,2014-01-01,2026-04-20,96.0,21.0,6.0,15.0,28.57,498399.43,-100315.28,89.38,,61.0,1310649.144,-546347.5500000002,148.57,0.49,0.44,0.0139,0.01,24.0,4.0,1.0,3.0,25.0,18318.69,-84973.79,50.0,,36.57,18318.69300000009,-109800.18000000008,-23.66,-0.6,-0.54,0.0145,-0.02,120.0,25.0,7.0,18.0,28.0,433704.44,-118798.97,83.08,,61.0,1310649.144,-546347.5500000002,89.75,0.34,0.31,0.014,0.01
AFKS,breakout_ols,1D,Bayesian_TPE,11,2.586,264,8,3,0.6000000000000001,0.7,3,14,False,191.65,0.543,0.512,40.24,12,58.33,False,"{""sampler"":""TPESampler"",""seed"":42,""n_trials"":50,""direction"":""maximize"",""objective"":""composite = Sharpe * (Return% / MaxDD%)""}","{""lookback"":264,""pivot_window"":8,""min_touches"":3,""tolerance_atr_mult"":0.6000000000000001,""cluster_atr_mult"":0.7,""confirmation_bars"":3,""cooldown_bars"":14,""allowshort"":false}",2014-01-01,2024-12-31,2025-01-01,2026-04-20,2014-01-01,2026-04-20,57.0,12.0,7.0,5.0,58.33,404464.34,-182951.67,154.5,,40.24,931422.0,-561101.4500000001,191.65,0.54,0.51,0.0144,0.02,9.0,3.0,1.0,2.0,33.33,8404.35,-50843.97,72.33,,18.54,8404.349999999971,-67768.26000000004,-9.33,-0.2,-0.18,0.0127,-0.01,66.0,14.0,7.0,7.0,50.0,401365.05,-172381.51,155.21,,40.24,931422.0,-561101.4500000001,160.29,0.44,0.43,0.0149,0.02
AFKS,breakout_ols,1D,Bayesian_TPE,12,2.461,250,6,5,1.1,0.65,3,15,False,240.71,0.598,0.602,58.5,11,54.55,False,"{""sampler"":""TPESampler"",""seed"":42,""n_trials"":50,""direction"":""maximize"",""objective"":""composite = Sharpe * (Return% / MaxDD%)""}","{""lookback"":250,""pivot_window"":6,""min_touches"":5,""tolerance_atr_mult"":1.1,""cluster_atr_mult"":0.65,""confirmation_bars"":3,""cooldown_bars"":15,""allowshort"":false}",2014-01-01,2024-12-31,2025-01-01,2026-04-20,2014-01-01,2026-04-20,49.0,11.0,6.0,5.0,54.55,510660.94,-131363.27,186.73,,58.5,1124830.7999999998,-269020.5249999999,240.71,0.6,0.6,0.0147,0.01,11.0,2.0,1.0,1.0,50.0,30012.25,-107444.39,191.0,,30.46,30012.246000000036,-107444.392,-7.74,-0.02,-0.02,0.0187,-0.0,60.0,13.0,7.0,6.0,53.85,452317.59,-170483.11,187.38,,58.5,1124830.7999999998,-366082.352,214.33,0.5,0.52,0.0152,0.01
AFKS,breakout_ols,1D,Bayesian_TPE,13,1.575,273,4,3,0.6000000000000001,0.8500000000000001,3,7,False,183.94,0.503,0.442,58.73,20,55.0,False,"{""sampler"":""TPESampler"",""seed"":42,""n_trials"":50,""direction"":""maximize"",""objective"":""composite = Sharpe * (Return% / MaxDD%)""}","{""lookback"":273,""pivot_window"":4,""min_touches"":3,""tolerance_atr_mult"":0.6000000000000001,""cluster_atr_mult"":0.8500000000000001,""confirmation_bars"":3,""cooldown_bars"":7,""allowshort"":false}",2014-01-01,2024-12-31,2025-01-01,2026-04-20,2014-01-01,2026-04-20,101.0,20.0,11.0,9.0,55.0,300531.11,-162934.18,104.75,,58.73,1498047.661,-618121.4140000001,183.94,0.5,0.44,0.0164,0.01,19.0,6.0,1.0,5.0,16.67,12849.38,-65243.05,35.83,,39.38,12849.376000000057,-162930.28499999997,-31.34,-0.89,-0.79,0.0144,-0.03,120.0,26.0,12.0,14.0,46.15,278527.25,-170905.6,88.85,,58.73,1498047.661,-618121.4140000001,94.96,0.34,0.3,0.0162,0.01
AFKS,breakout_ols,1D,Bayesian_TPE,14,0.617,227,9,2,1.0,0.6000000000000001,2,12,True,103.27,0.389,0.323,65.16,14,64.29,True,"{""sampler"":""TPESampler"",""seed"":42,""n_trials"":50,""direction"":""maximize"",""objective"":""composite = Sharpe * (Return% / MaxDD%)""}","{""lookback"":227,""pivot_window"":9,""min_touches"":2,""tolerance_atr_mult"":1.0,""cluster_atr_mult"":0.6000000000000001,""confirmation_bars"":2,""cooldown_bars"":12,""allowshort"":true}",2014-01-01,2024-12-31,2025-01-01,2026-04-20,2014-01-01,2026-04-20,69.0,14.0,9.0,5.0,64.29,223636.64,-196003.23,144.21,,65.16,657482.9759999999,-485374.56,103.27,0.39,0.32,0.0162,0.01,13.0,3.0,0.0,3.0,0.0,0.0,-42803.0,65.33,,20.74,-9682.350000000022,-93072.24000000003,-12.84,-0.33,-0.29,0.0124,-0.02,82.0,16.0,9.0,7.0,56.25,219986.79,-174253.77,144.88,,65.16,657482.9759999999,-485374.56,76.01,0.31,0.27,0.0164,0.01
AFKS,breakout_ols,1D,Bayesian_TPE,15,1.516,138,6,3,0.55,0.8500000000000001,2,17,False,140.4,0.466,0.452,43.16,19,42.11,False,"{""sampler"":""TPESampler"",""seed"":42,""n_trials"":50,""direction"":""maximize"",""objective"":""composite = Sharpe * (Return% / MaxDD%)""}","{""lookback"":138,""pivot_window"":6,""min_touches"":3,""tolerance_atr_mult"":0.55,""cluster_atr_mult"":0.8500000000000001,""confirmation_bars"":2,""cooldown_bars"":17,""allowshort"":false}",2014-01-01,2024-12-31,2025-01-01,2026-04-20,2014-01-01,2026-04-20,68.0,19.0,8.0,11.0,42.11,310831.07,-98421.79,93.84,,43.16,620609.9619999998,-283312.62000000005,140.4,0.47,0.45,0.0143,0.02,15.0,4.0,1.0,3.0,25.0,3007.67,-41914.99,63.0,,28.37,3007.6689999999685,-60000.489999999954,-12.27,-0.3,-0.29,0.0127,-0.01,83.0,23.0,9.0,14.0,39.13,259676.51,-97519.85,89.74,,43.16,620609.9619999998,-283312.62000000005,97.18,0.35,0.34,0.0142,0.01
AFKS,breakout_ols,1D,Bayesian_TPE,16,8.902,205,10,5,0.7,1.2,3,12,False,387.96,0.787,0.764,34.3,8,87.5,False,"{""sampler"":""TPESampler"",""seed"":42,""n_trials"":50,""direction"":""maximize"",""objective"":""composite = Sharpe * (Return% / MaxDD%)""}","{""lookback"":205,""pivot_window"":10,""min_touches"":5,""tolerance_atr_mult"":0.7,""cluster_atr_mult"":1.2,""confirmation_bars"":3,""cooldown_bars"":12,""allowshort"":false}",2014-01-01,2024-12-31,2025-01-01,2026-04-20,2014-01-01,2026-04-20,41.0,8.0,7.0,1.0,87.5,569920.73,-109876.52,208.62,,34.3,1346233.805,-109876.52,387.96,0.79,0.76,0.0134,0.03,6.0,2.0,0.0,2.0,0.0,0.0,-65587.19,41.5,,15.09,-46255.194000000054,-84919.18399999998,-13.12,-0.9,-0.57,0.0057,-0.03,47.0,9.0,7.0,2.0,77.78,553962.17,-175440.9,220.22,,34.3,1346233.805,-241005.27000000028,352.69,0.65,0.64,0.0141,0.03
AFKS,breakout_ols,1D,Bayesian_TPE,17,1.108,200,10,5,1.0,1.2,2,11,False,152.6,0.449,0.386,61.86,10,50.0,False,"{""sampler"":""TPESampler"",""seed"":42,""n_trials"":50,""direction"":""maximize"",""objective"":""composite = Sharpe * (Return% / MaxDD%)""}","{""lookback"":200,""pivot_window"":10,""min_touches"":5,""tolerance_atr_mult"":1.0,""cluster_atr_mult"":1.2,""confirmation_bars"":2,""cooldown_bars"":11,""allowshort"":false}",2014-01-01,2024-12-31,2025-01-01,2026-04-20,2014-01-01,2026-04-20,46.0,10.0,5.0,5.0,50.0,455560.41,-150365.63,199.7,,61.86,1106936.642,-526447.9950000001,152.6,0.45,0.39,0.0176,0.01,8.0,2.0,0.0,2.0,0.0,0.0,-62916.39,40.5,,14.76,-25472.517000000014,-100360.25999999997,-12.58,-0.89,-0.57,0.0055,-0.03,54.0,12.0,5.0,7.0,41.67,409589.64,-148679.41,187.75,,61.86,1106936.642,-526447.9950000001,100.72,0.34,0.3,0.0175,0.01
AFKS,breakout_ols,1D,Bayesian_TPE,18,0.503,144,10,5,0.7,1.2,2,6,False,86.78,0.352,0.314,60.71,3,66.67,False,"{""sampler"":""TPESampler"",""seed"":42,""n_trials"":50,""direction"":""maximize"",""objective"":""composite = Sharpe * (Return% / MaxDD%)""}","{""lookback"":144,""pivot_window"":10,""min_touches"":5,""tolerance_atr_mult"":0.7,""cluster_atr_mult"":1.2,""confirmation_bars"":2,""cooldown_bars"":6,""allowshort"":false}",2014-01-01,2024-12-31,2025-01-01,2026-04-20,2014-01-01,2026-04-20,17.0,3.0,2.0,1.0,66.67,681395.32,-495033.73,719.33,,60.71,1020476.544,-495033.7300000001,86.78,0.35,0.31,0.0176,0.01,5.0,1.0,0.0,1.0,0.0,0.0,-9682.35,66.0,,9.95,-9682.350000000022,-9682.350000000022,-0.97,-0.01,-0.0,0.0065,-0.0,22.0,3.0,2.0,1.0,66.67,666303.79,-495033.73,805.0,,60.71,1020476.544,-495033.7300000001,83.76,0.32,0.29,0.0176,0.01
AFKS,breakout_ols,1D,Bayesian_TPE,19,0.767,299,9,5,0.3,0.95,3,9,False,114.95,0.414,0.433,62.01,8,62.5,False,"{""sampler"":""TPESampler"",""seed"":42,""n_trials"":50,""direction"":""maximize"",""objective"":""composite = Sharpe * (Return% / MaxDD%)""}","{""lookback"":299,""pivot_window"":9,""min_touches"":5,""tolerance_atr_mult"":0.3,""cluster_atr_mult"":0.95,""confirmation_bars"":3,""cooldown_bars"":9,""allowshort"":false}",2014-01-01,2024-12-31,2025-01-01,2026-04-20,2014-01-01,2026-04-20,44.0,8.0,5.0,3.0,62.5,327174.57,-162115.43,288.62,,62.01,783796.7969999999,-199317.6,114.95,0.41,0.43,0.0149,0.01,9.0,2.0,1.0,1.0,50.0,8404.35,-104370.98,129.0,,18.78,8404.349999999971,-104370.98099999996,-9.6,-0.19,-0.19,0.0132,-0.01,53.0,10.0,6.0,4.0,60.0,275656.4,-177673.73,256.7,,62.01,783796.7969999999,-224348.6179999999,94.32,0.34,0.36,0.0147,0.01
AFKS,breakout_ols,1D,Bayesian_TPE,20,6.13,249,7,5,1.15,1.1,1,12,False,360.11,0.699,0.783,41.06,15,66.67,False,"{""sampler"":""TPESampler"",""seed"":42,""n_trials"":50,""direction"":""maximize"",""objective"":""composite = Sharpe * (Return% / MaxDD%)""}","{""lookback"":249,""pivot_window"":7,""min_touches"":5,""tolerance_atr_mult"":1.1500000000000001,""cluster_atr_mult"":1.1,""confirmation_bars"":1,""cooldown_bars"":12,""allowshort"":false}",2014-01-01,2024-12-31,2025-01-01,2026-04-20,2014-01-01,2026-04-20,67.0,15.0,10.0,5.0,66.67,411488.29,-102764.71,136.47,,41.06,1405658.2049999998,-245845.935,360.11,0.7,0.78,0.0151,0.03,9.0,3.0,1.0,2.0,33.33,61379.36,-28997.41,66.33,,14.89,61379.35800000001,-54915.93300000008,0.34,0.1,0.09,0.0116,0.01,76.0,17.0,10.0,7.0,58.82,407505.08,-109007.86,139.47,,41.06,1405658.2049999998,-245845.935,331.2,0.59,0.67,0.0156,0.02
AFKS,breakout_ols,1D,Bayesian_TPE,21,6.136,252,7,5,1.2,1.1,1,12,False,360.42,0.699,0.784,41.06,15,66.67,False,"{""sampler"":""TPESampler"",""seed"":42,""n_trials"":50,""direction"":""maximize"",""objective"":""composite = Sharpe * (Return% / MaxDD%)""}","{""lookback"":252,""pivot_window"":7,""min_touches"":5,""tolerance_atr_mult"":1.2,""cluster_atr_mult"":1.1,""confirmation_bars"":1,""cooldown_bars"":12,""allowshort"":false}",2014-01-01,2024-12-31,2025-01-01,2026-04-20,2014-01-01,2026-04-20,65.0,15.0,10.0,5.0,66.67,411803.7,-102764.71,136.8,,41.06,1406622.6299999997,-245845.935,360.42,0.7,0.78,0.0152,0.03,9.0,3.0,1.0,2.0,33.33,61379.36,-42375.8,61.0,,16.51,61379.35800000001,-81672.7200000001,-2.34,0.01,0.01,0.0113,0.0,74.0,17.0,10.0,7.0,58.82,407817.76,-125470.06,138.82,,41.06,1406622.6299999997,-351226.35000000044,319.99,0.58,0.65,0.0155,0.02
AFKS,breakout_ols,1D,Bayesian_TPE,22,4.873,274,10,5,1.1,1.2,1,10,False,330.8,0.661,0.671,44.87,11,54.55,False,"{""sampler"":""TPESampler"",""seed"":42,""n_trials"":50,""direction"":""maximize"",""objective"":""composite = Sharpe * (Return% / MaxDD%)""}","{""lookback"":274,""pivot_window"":10,""min_touches"":5,""tolerance_atr_mult"":1.1,""cluster_atr_mult"":1.2,""confirmation_bars"":1,""cooldown_bars"":10,""allowshort"":false}",2014-01-01,2024-12-31,2025-01-01,2026-04-20,2014-01-01,2026-04-20,61.0,11.0,6.0,5.0,54.55,608986.33,-69177.56,176.55,,44.87,1141143.6859999998,-108164.80999999988,330.8,0.66,0.67,0.0156,0.02,8.0,2.0,1.0,1.0,50.0,40982.0,-92568.7,91.5,,17.96,40982.004000000066,-92568.69600000004,-5.16,-0.06,-0.05,0.0126,-0.0,69.0,12.0,6.0,6.0,50.0,597383.32,-120465.05,185.42,,44.87,1141143.6859999998,-376902.4600000001,286.15,0.55,0.57,0.0159,0.02
AFKS,breakout_ols,1D,Bayesian_TPE,23,2.775,244,4,5,1.2,1.1,1,7,False,250.36,0.64,0.669,57.74,25,36.0,False,"{""sampler"":""TPESampler"",""seed"":42,""n_trials"":50,""direction"":""maximize"",""objective"":""composite = Sharpe * (Return% / MaxDD%)""}","{""lookback"":244,""pivot_window"":4,""min_touches"":5,""tolerance_atr_mult"":1.2,""cluster_atr_mult"":1.1,""confirmation_bars"":1,""cooldown_bars"":7,""allowshort"":false}",2014-01-01,2024-12-31,2025-01-01,2026-04-20,2014-01-01,2026-04-20,100.0,25.0,9.0,16.0,36.0,409399.63,-73813.92,76.96,,57.74,1202136.385,-280387.10400000005,250.36,0.64,0.67,0.0136,0.02,25.0,9.0,2.0,7.0,22.22,12537.17,-48083.74,27.33,,45.18,16021.110000000026,-67599.14399999991,-31.15,-0.79,-0.78,0.0157,-0.03,125.0,34.0,11.0,23.0,32.35,342949.7,-102621.04,63.82,,57.74,1202136.385,-280387.10400000005,141.22,0.43,0.44,0.0139,0.01
AFKS,breakout_ols,1D,Bayesian_TPE,24,8.773,205,7,5,0.95,1.1,1,13,False,428.92,0.768,0.807,37.55,12,58.33,False,"{""sampler"":""TPESampler"",""seed"":42,""n_trials"":50,""direction"":""maximize"",""objective"":""composite = Sharpe * (Return% / MaxDD%)""}","{""lookback"":205,""pivot_window"":7,""min_touches"":5,""tolerance_atr_mult"":0.95,""cluster_atr_mult"":1.1,""confirmation_bars"":1,""cooldown_bars"":13,""allowshort"":false}",2014-01-01,2024-12-31,2025-01-01,2026-04-20,2014-01-01,2026-04-20,65.0,12.0,7.0,5.0,58.33,825040.84,-297211.15,159.25,,37.55,2200840.7900000005,-692126.6759999997,428.92,0.77,0.81,0.0147,0.03,9.0,2.0,0.0,2.0,0.0,0.0,-96927.58,94.5,,20.69,-66719.25400000002,-127135.905,-19.39,-0.51,-0.42,0.0135,-0.03,74.0,13.0,7.0,6.0,53.85,762388.89,-309471.45,168.54,,37.55,2200840.7900000005,-692126.6759999997,347.99,0.62,0.65,0.015,0.02
AFKS,breakout_ols,1D,Bayesian_TPE,25,5.7,205,9,5,0.95,0.95,2,18,False,326.7,0.737,0.751,42.24,10,70.0,False,"{""sampler"":""TPESampler"",""seed"":42,""n_trials"":50,""direction"":""maximize"",""objective"":""composite = Sharpe * (Return% / MaxDD%)""}","{""lookback"":205,""pivot_window"":9,""min_touches"":5,""tolerance_atr_mult"":0.95,""cluster_atr_mult"":0.95,""confirmation_bars"":2,""cooldown_bars"":18,""allowshort"":false}",2014-01-01,2024-12-31,2025-01-01,2026-04-20,2014-01-01,2026-04-20,43.0,10.0,7.0,3.0,70.0,608496.04,-330825.55,165.9,,42.24,1266207.6080000002,-505389.11999999976,326.7,0.74,0.75,0.0132,0.02,7.0,2.0,0.0,2.0,0.0,0.0,-77075.46,66.0,,17.34,-75592.44000000002,-78558.47999999988,-15.42,-0.86,-0.64,0.007,-0.03,50.0,12.0,7.0,5.0,58.33,553027.33,-318076.63,163.83,,42.24,1266207.6080000002,-505389.11999999976,228.08,0.54,0.55,0.0138,0.02
AFKS,breakout_ols,1D,Bayesian_TPE,26,0.192,214,11,4,0.9000000000000001,0.75,1,14,False,44.12,0.267,0.245,61.29,11,63.64,False,"{""sampler"":""TPESampler"",""seed"":42,""n_trials"":50,""direction"":""maximize"",""objective"":""composite = Sharpe * (Return% / MaxDD%)""}","{""lookback"":214,""pivot_window"":11,""min_touches"":4,""tolerance_atr_mult"":0.9000000000000001,""cluster_atr_mult"":0.75,""confirmation_bars"":1,""cooldown_bars"":14,""allowshort"":false}",2014-01-01,2024-12-31,2025-01-01,2026-04-20,2014-01-01,2026-04-20,51.0,11.0,7.0,4.0,63.64,323554.98,-455908.96,198.82,,61.29,834621.588,-1057677.368,44.12,0.27,0.25,0.0186,0.01,8.0,2.0,0.0,2.0,0.0,0.0,-90199.75,72.5,,20.24,-64476.87000000004,-115922.625,-18.04,-1.04,-0.87,0.007,-0.04,59.0,13.0,7.0,6.0,53.85,323554.98,-363596.87,192.62,,61.76,834621.588,-1177179.014,8.33,0.17,0.16,0.0184,0.01
AFKS,breakout_ols,1D,Bayesian_TPE,27,11.766,193,4,5,1.05,0.9000000000000001,2,5,False,572.5,0.871,0.918,42.38,18,55.56,False,"{""sampler"":""TPESampler"",""seed"":42,""n_trials"":50,""direction"":""maximize"",""objective"":""composite = Sharpe * (Return% / MaxDD%)""}","{""lookback"":193,""pivot_window"":4,""min_touches"":5,""tolerance_atr_mult"":1.05,""cluster_atr_mult"":0.9000000000000001,""confirmation_bars"":2,""cooldown_bars"":5,""allowshort"":false}",2014-01-01,2024-12-31,2025-01-01,2026-04-20,2014-01-01,2026-04-20,91.0,18.0,10.0,8.0,55.56,699693.71,-158989.72,108.72,,42.38,2260139.574,-639197.137,572.5,0.87,0.92,0.0145,0.03,18.0,5.0,0.0,5.0,0.0,0.0,-55367.6,51.4,,39.91,-17948.11199999992,-109800.18000000008,-27.68,-0.68,-0.69,0.0155,-0.03,109.0,23.0,9.0,14.0,39.13,717253.29,-216642.3,97.78,,43.09,2260139.574,-671460.1200000005,342.23,0.62,0.66,0.0148,0.02
AFKS,breakout_ols,1D,Bayesian_TPE,28,3.457,188,4,4,0.75,0.9000000000000001,3,4,False,245.32,0.638,0.64,45.28,21,42.86,False,"{""sampler"":""TPESampler"",""seed"":42,""n_trials"":50,""direction"":""maximize"",""objective"":""composite = Sharpe * (Return% / MaxDD%)""}","{""lookback"":188,""pivot_window"":4,""min_touches"":4,""tolerance_atr_mult"":0.75,""cluster_atr_mult"":0.9000000000000001,""confirmation_bars"":3,""cooldown_bars"":4,""allowshort"":false}",2014-01-01,2024-12-31,2025-01-01,2026-04-20,2014-01-01,2026-04-20,102.0,21.0,9.0,12.0,42.86,369163.13,-72441.28,86.95,,45.28,970869.12,-294877.6320000001,245.32,0.64,0.64,0.0134,0.02,16.0,5.0,0.0,5.0,0.0,0.0,-82597.8,59.0,,47.5,-38630.880000000034,-162930.28499999997,-41.3,-1.22,-1.24,0.0153,-0.04,118.0,26.0,8.0,17.0,30.77,364100.06,-125072.6,82.96,,53.42,970869.12,-495881.1899999998,78.66,0.32,0.32,0.0138,0.01
AFKS,breakout_ols,1D,Bayesian_TPE,29,9.347,183,3,5,1.05,0.3,2,4,False,539.68,0.761,0.784,43.94,16,62.5,False,"{""sampler"":""TPESampler"",""seed"":42,""n_trials"":50,""direction"":""maximize"",""objective"":""composite = Sharpe * (Return% / MaxDD%)""}","{""lookback"":183,""pivot_window"":3,""min_touches"":5,""tolerance_atr_mult"":1.05,""cluster_atr_mult"":0.3,""confirmation_bars"":2,""cooldown_bars"":4,""allowshort"":false}",2014-01-01,2024-12-31,2025-01-01,2026-04-20,2014-01-01,2026-04-20,88.0,16.0,10.0,6.0,62.5,655101.46,-192376.91,125.69,,43.94,1773065.977,-420402.24,539.68,0.76,0.78,0.017,0.03,14.0,5.0,0.0,5.0,0.0,0.0,-58649.0,51.8,,41.27,-24230.96899999998,-109800.18000000008,-29.32,-0.74,-0.75,0.0154,-0.03,102.0,20.0,10.0,10.0,50.0,604071.84,-236729.82,115.8,,43.94,1773065.977,-539674.4610000004,367.34,0.59,0.61,0.017,0.02
AFKS,breakout_ols,1D,Bayesian_TPE,30,6.615,163,3,4,1.05,0.3,2,4,False,389.4,0.723,0.731,42.56,19,52.63,False,"{""sampler"":""TPESampler"",""seed"":42,""n_trials"":50,""direction"":""maximize"",""objective"":""composite = Sharpe * (Return% / MaxDD%)""}","{""lookback"":163,""pivot_window"":3,""min_touches"":4,""tolerance_atr_mult"":1.05,""cluster_atr_mult"":0.3,""confirmation_bars"":2,""cooldown_bars"":4,""allowshort"":false}",2014-01-01,2024-12-31,2025-01-01,2026-04-20,2014-01-01,2026-04-20,104.0,19.0,10.0,9.0,52.63,586536.72,-219041.82,101.89,,42.56,1935137.0700000003,-484885.44,389.4,0.72,0.73,0.0152,0.03,16.0,5.0,0.0,5.0,0.0,0.0,-58986.54,39.6,,41.41,-14340.794999999987,-147020.58000000007,-29.49,-0.92,-0.75,0.0132,-0.03,120.0,24.0,10.0,14.0,41.67,528476.69,-231682.16,90.42,,42.56,1935137.0700000003,-634164.6000000002,204.12,0.49,0.49,0.015,0.02
AFKS,breakout_ols,1D,Bayesian_TPE,31,2.524,189,3,5,0.8500000000000001,0.35,2,5,False,230.13,0.592,0.533,53.97,18,55.56,False,"{""sampler"":""TPESampler"",""seed"":42,""n_trials"":50,""direction"":""maximize"",""objective"":""composite = Sharpe * (Return% / MaxDD%)""}","{""lookback"":189,""pivot_window"":3,""min_touches"":5,""tolerance_atr_mult"":0.8500000000000001,""cluster_atr_mult"":0.35,""confirmation_bars"":2,""cooldown_bars"":5,""allowshort"":false}",2014-01-01,2024-12-31,2025-01-01,2026-04-20,2014-01-01,2026-04-20,89.0,18.0,10.0,8.0,55.56,391362.74,-201544.25,93.39,,53.97,854198.22,-411245.3170000001,230.13,0.59,0.53,0.0144,0.02,13.0,4.0,0.0,4.0,0.0,0.0,-80563.88,76.5,,43.68,-41935.48500000001,-122455.14399999996,-32.23,-0.82,-0.88,0.0159,-0.03,102.0,21.0,10.0,11.0,47.62,365027.14,-212489.85,96.81,,53.97,854198.22,-417895.00799999986,131.29,0.4,0.38,0.0148,0.01
AFKS,breakout_ols,1D,Bayesian_TPE,32,7.813,180,5,5,1.05,0.5,2,7,False,434.11,0.737,0.745,40.95,13,53.85,False,"{""sampler"":""TPESampler"",""seed"":42,""n_trials"":50,""direction"":""maximize"",""objective"":""composite = Sharpe * (Return% / MaxDD%)""}","{""lookback"":180,""pivot_window"":5,""min_touches"":5,""tolerance_atr_mult"":1.05,""cluster_atr_mult"":0.5,""confirmation_bars"":2,""cooldown_bars"":7,""allowshort"":false}",2014-01-01,2024-12-31,2025-01-01,2026-04-20,2014-01-01,2026-04-20,71.0,13.0,7.0,6.0,53.85,825612.92,-239692.84,144.46,,40.95,2532946.788,-616586.5199999997,434.11,0.74,0.74,0.0157,0.03,17.0,5.0,0.0,5.0,0.0,0.0,-75286.56,54.8,,48.19,-37216.06500000001,-94321.63000000008,-37.64,-1.11,-1.11,0.0148,-0.03,88.0,18.0,7.0,11.0,38.89,825612.92,-313522.73,119.56,,49.73,2532946.788,-616586.5199999997,233.05,0.51,0.51,0.0156,0.02
AFKS,breakout_ols,1D,Bayesian_TPE,33,0.571,147,4,5,1.1,0.5,2,3,False,89.59,0.372,0.356,58.35,22,36.36,False,"{""sampler"":""TPESampler"",""seed"":42,""n_trials"":50,""direction"":""maximize"",""objective"":""composite = Sharpe * (Return% / MaxDD%)""}","{""lookback"":147,""pivot_window"":4,""min_touches"":5,""tolerance_atr_mult"":1.1,""cluster_atr_mult"":0.5,""confirmation_bars"":2,""cooldown_bars"":3,""allowshort"":false}",2014-01-01,2024-12-31,2025-01-01,2026-04-20,2014-01-01,2026-04-20,102.0,22.0,8.0,14.0,36.36,264476.05,-87139.15,82.68,,58.35,746116.581,-190254.155,89.59,0.37,0.36,0.0142,0.01,19.0,5.0,0.0,5.0,0.0,0.0,-51102.13,49.4,,40.78,-15191.744999999986,-85855.05600000003,-25.55,-0.66,-0.64,0.0146,-0.02,121.0,27.0,7.0,20.0,25.93,284265.1,-85319.66,77.81,,58.35,746116.581,-190254.155,28.35,0.2,0.19,0.0144,0.0
AFKS,breakout_ols,1D,Bayesian_TPE,34,7.895,195,3,4,0.8,0.4,3,5,False,447.39,0.774,0.787,43.86,20,45.0,False,"{""sampler"":""TPESampler"",""seed"":42,""n_trials"":50,""direction"":""maximize"",""objective"":""composite = Sharpe * (Return% / MaxDD%)""}","{""lookback"":195,""pivot_window"":3,""min_touches"":4,""tolerance_atr_mult"":0.8,""cluster_atr_mult"":0.4,""confirmation_bars"":3,""cooldown_bars"":5,""allowshort"":false}",2014-01-01,2024-12-31,2025-01-01,2026-04-20,2014-01-01,2026-04-20,90.0,20.0,9.0,11.0,45.0,632047.65,-110408.06,95.95,,43.86,1739705.38,-282602.3899999999,447.39,0.77,0.79,0.0149,0.03,15.0,3.0,0.0,3.0,0.0,0.0,-87786.52,95.33,,34.11,-29120.039999999954,-149194.7159999999,-26.34,-0.61,-0.64,0.0159,-0.03,105.0,23.0,8.0,14.0,34.78,629878.39,-177506.14,97.43,,43.86,1739705.38,-719798.1119999995,255.39,0.54,0.55,0.0152,0.02
AFKS,breakout_ols,1D,Bayesian_TPE,35,4.791,174,5,5,0.8500000000000001,0.55,2,8,True,321.92,0.673,0.683,45.22,15,53.33,True,"{""sampler"":""TPESampler"",""seed"":42,""n_trials"":50,""direction"":""maximize"",""objective"":""composite = Sharpe * (Return% / MaxDD%)""}","{""lookback"":174,""pivot_window"":5,""min_touches"":5,""tolerance_atr_mult"":0.8500000000000001,""cluster_atr_mult"":0.55,""confirmation_bars"":2,""cooldown_bars"":8,""allowshort"":true}",2014-01-01,2024-12-31,2025-01-01,2026-04-20,2014-01-01,2026-04-20,76.0,15.0,8.0,7.0,53.33,634267.96,-264987.85,121.8,,45.22,1201481.6,-510552.2369999998,321.92,0.67,0.68,0.0149,0.02,17.0,5.0,0.0,5.0,0.0,0.0,-76939.51,49.2,,48.87,-34726.045000000006,-147020.58000000007,-38.47,-1.26,-1.11,0.0136,-0.04,93.0,20.0,8.0,12.0,40.0,634267.96,-289837.62,103.65,,50.39,1201481.6,-620319.0600000003,159.61,0.44,0.44,0.0147,0.01
AFKS,breakout_ols,1D,Bayesian_TPE,36,1.479,126,4,4,0.7,0.35,2,3,False,202.22,0.402,0.605,54.98,20,65.0,False,"{""sampler"":""TPESampler"",""seed"":42,""n_trials"":50,""direction"":""maximize"",""objective"":""composite = Sharpe * (Return% / MaxDD%)""}","{""lookback"":126,""pivot_window"":4,""min_touches"":4,""tolerance_atr_mult"":0.7,""cluster_atr_mult"":0.35,""confirmation_bars"":2,""cooldown_bars"":3,""allowshort"":false}",2014-01-01,2024-12-31,2025-01-01,2026-04-20,2014-01-01,2026-04-20,92.0,20.0,13.0,7.0,65.0,218688.17,-117250.13,95.2,,54.98,862457.1209999999,-229552.6700000001,202.22,0.4,0.6,0.0254,0.02,20.0,5.0,3.0,2.0,60.0,36138.11,-96339.66,42.6,,34.78,99586.01999999996,-138322.59799999994,-8.43,-0.16,-0.16,0.0128,-0.01,112.0,24.0,15.0,9.0,62.5,195992.33,-151440.2,90.0,,54.98,862457.1209999999,-389246.4799999998,157.69,0.34,0.5,0.0242,0.02
AFKS,breakout_ols,1D,Bayesian_TPE,37,21.045,217,3,5,0.9000000000000001,0.7,3,5,True,767.35,0.944,1.045,34.42,16,62.5,True,"{""sampler"":""TPESampler"",""seed"":42,""n_trials"":50,""direction"":""maximize"",""objective"":""composite = Sharpe * (Return% / MaxDD%)""}","{""lookback"":217,""pivot_window"":3,""min_touches"":5,""tolerance_atr_mult"":0.9000000000000001,""cluster_atr_mult"":0.7,""confirmation_bars"":3,""cooldown_bars"":5,""allowshort"":true}",2014-01-01,2024-12-31,2025-01-01,2026-04-20,2014-01-01,2026-04-20,93.0,16.0,10.0,6.0,62.5,902189.91,-224726.47,124.56,,34.42,3014172.8300000005,-816309.0260000004,767.35,0.94,1.04,0.0151,0.04,22.0,5.0,0.0,5.0,0.0,0.0,-73159.93,57.2,,43.27,-29072.24399999997,-162930.28499999997,-36.58,-0.98,-1.01,0.0158,-0.04,115.0,21.0,9.0,12.0,42.86,921102.97,-370147.47,110.24,,53.1,3014172.8300000005,-1245534.5699999996,384.82,0.64,0.7,0.0153,0.02
AFKS,breakout_ols,1D,Bayesian_TPE,38,5.656,236,3,4,1.0,0.7,2,5,True,396.6,0.691,0.593,48.45,26,46.15,True,"{""sampler"":""TPESampler"",""seed"":42,""n_trials"":50,""direction"":""maximize"",""objective"":""composite = Sharpe * (Return% / MaxDD%)""}","{""lookback"":236,""pivot_window"":3,""min_touches"":4,""tolerance_atr_mult"":1.0,""cluster_atr_mult"":0.7,""confirmation_bars"":2,""cooldown_bars"":5,""allowshort"":true}",2014-01-01,2024-12-31,2025-01-01,2026-04-20,2014-01-01,2026-04-20,126.0,26.0,12.0,14.0,46.15,454872.42,-106604.34,74.69,,48.45,1733809.931,-623952.9,396.6,0.69,0.59,0.0167,0.02,22.0,5.0,1.0,4.0,20.0,18186.22,-58320.17,45.4,,32.42,18186.22200000009,-103953.87000000008,-21.51,-0.46,-0.45,0.0158,-0.02,148.0,31.0,13.0,18.0,41.94,426829.38,-147274.55,69.97,,48.45,1733809.931,-623952.9,289.78,0.55,0.48,0.0166,0.02
AFKS,breakout_ols,1D,Bayesian_TPE,39,7.858,217,4,5,0.9000000000000001,0.45,2,6,True,365.59,0.783,0.865,36.43,13,69.23,True,"{""sampler"":""TPESampler"",""seed"":42,""n_trials"":50,""direction"":""maximize"",""objective"":""composite = Sharpe * (Return% / MaxDD%)""}","{""lookback"":217,""pivot_window"":4,""min_touches"":5,""tolerance_atr_mult"":0.9000000000000001,""cluster_atr_mult"":0.45,""confirmation_bars"":2,""cooldown_bars"":6,""allowshort"":true}",2014-01-01,2024-12-31,2025-01-01,2026-04-20,2014-01-01,2026-04-20,73.0,13.0,9.0,4.0,69.23,452411.62,-103939.53,124.38,,36.43,1238937.9,-218588.96,365.59,0.78,0.86,0.013,0.03,22.0,6.0,0.0,6.0,0.0,0.0,-60058.76,54.83,,44.83,-16856.141999999923,-102939.66000000008,-36.04,-0.86,-1.01,0.0172,-0.03,95.0,19.0,9.0,10.0,47.37,452411.62,-209355.54,102.42,,52.37,1238937.9,-479287.68000000034,197.81,0.51,0.55,0.0136,0.01
AFKS,breakout_ols,1D,Bayesian_TPE,40,1.361,161,5,4,1.05,0.75,1,3,True,130.81,0.459,0.41,44.1,29,41.38,True,"{""sampler"":""TPESampler"",""seed"":42,""n_trials"":50,""direction"":""maximize"",""objective"":""composite = Sharpe * (Return% / MaxDD%)""}","{""lookback"":161,""pivot_window"":5,""min_touches"":4,""tolerance_atr_mult"":1.05,""cluster_atr_mult"":0.75,""confirmation_bars"":1,""cooldown_bars"":3,""allowshort"":true}",2014-01-01,2024-12-31,2025-01-01,2026-04-20,2014-01-01,2026-04-20,147.0,29.0,12.0,17.0,41.38,222489.74,-80101.7,59.03,,44.1,593658.9940000002,-207628.61,130.81,0.46,0.41,0.0138,0.01,33.0,7.0,1.0,6.0,14.29,4870.8,-55413.67,33.57,,43.66,4870.800000000054,-97061.30999999988,-32.76,-1.07,-1.0,0.013,-0.03,180.0,36.0,12.0,24.0,33.33,210634.06,-86685.01,54.67,,45.69,593658.9940000002,-208906.11399999977,44.72,0.24,0.22,0.0138,0.01
AFKS,breakout_ols,1D,Bayesian_TPE,41,7.211,213,3,5,0.9000000000000001,0.55,3,4,True,482.91,0.801,0.806,53.64,18,44.44,True,"{""sampler"":""TPESampler"",""seed"":42,""n_trials"":50,""direction"":""maximize"",""objective"":""composite = Sharpe * (Return% / MaxDD%)""}","{""lookback"":213,""pivot_window"":3,""min_touches"":5,""tolerance_atr_mult"":0.9000000000000001,""cluster_atr_mult"":0.55,""confirmation_bars"":3,""cooldown_bars"":4,""allowshort"":true}",2014-01-01,2024-12-31,2025-01-01,2026-04-20,2014-01-01,2026-04-20,99.0,18.0,8.0,10.0,44.44,763628.61,-127993.17,106.89,,53.64,2309036.055,-351256.49999999994,482.91,0.8,0.81,0.0149,0.02,22.0,5.0,0.0,5.0,0.0,0.0,-79445.65,47.8,,46.09,-27631.28999999997,-162930.28499999997,-39.72,-1.26,-1.15,0.0141,-0.04,121.0,23.0,7.0,16.0,30.43,802443.45,-220021.51,95.61,,55.42,2309036.055,-837067.7699999997,209.68,0.5,0.5,0.0149,0.01
AFKS,breakout_ols,1D,Bayesian_TPE,42,-0.018,237,12,5,0.8,0.65,3,8,True,-14.73,0.093,0.075,74.76,6,83.33,True,"{""sampler"":""TPESampler"",""seed"":42,""n_trials"":50,""direction"":""maximize"",""objective"":""composite = Sharpe * (Return% / MaxDD%)""}","{""lookback"":237,""pivot_window"":12,""min_touches"":5,""tolerance_atr_mult"":0.8,""cluster_atr_mult"":0.65,""confirmation_bars"":3,""cooldown_bars"":8,""allowshort"":true}",2014-01-01,2024-12-31,2025-01-01,2026-04-20,2014-01-01,2026-04-20,35.0,6.0,5.0,1.0,83.33,126918.12,-781872.23,322.0,,74.76,224763.35000000003,-781872.235,-14.73,0.09,0.08,0.0174,0.0,7.0,2.0,0.0,2.0,0.0,0.0,-65243.93,109.5,,20.29,-35638.46000000006,-94849.40000000004,-13.05,-0.34,-0.32,0.0123,-0.02,42.0,7.0,5.0,2.0,71.43,125649.5,-432558.49,323.71,,74.76,224763.35000000003,-781872.235,-23.69,0.07,0.06,0.0175,0.0
AFKS,breakout_ols,1D,Bayesian_TPE,43,5.271,182,3,5,1.15,0.4,3,5,True,343.09,0.694,0.744,45.17,16,50.0,True,"{""sampler"":""TPESampler"",""seed"":42,""n_trials"":50,""direction"":""maximize"",""objective"":""composite = Sharpe * (Return% / MaxDD%)""}","{""lookback"":182,""pivot_window"":3,""min_touches"":5,""tolerance_atr_mult"":1.1500000000000001,""cluster_atr_mult"":0.4,""confirmation_bars"":3,""cooldown_bars"":5,""allowshort"":true}",2014-01-01,2024-12-31,2025-01-01,2026-04-20,2014-01-01,2026-04-20,85.0,16.0,8.0,8.0,50.0,582832.2,-153967.46,124.38,,45.17,1553697.84,-358450.74599999975,343.09,0.69,0.74,0.0149,0.02,14.0,4.0,0.0,4.0,0.0,0.0,-87322.13,67.75,,41.8,-25862.75999999996,-183217.54799999992,-34.93,-0.99,-0.97,0.0149,-0.04,99.0,20.0,8.0,12.0,40.0,517124.37,-216317.31,114.85,,48.31,1553697.84,-715511.5319999998,154.12,0.43,0.46,0.015,0.01
AFKS,breakout_ols,1D,Bayesian_TPE,44,11.649,195,4,5,1.0,0.8,3,10,False,588.03,0.878,0.938,44.32,15,60.0,False,"{""sampler"":""TPESampler"",""seed"":42,""n_trials"":50,""direction"":""maximize"",""objective"":""composite = Sharpe * (Return% / MaxDD%)""}","{""lookback"":195,""pivot_window"":4,""min_touches"":5,""tolerance_atr_mult"":1.0,""cluster_atr_mult"":0.8,""confirmation_bars"":3,""cooldown_bars"":10,""allowshort"":false}",2014-01-01,2024-12-31,2025-01-01,2026-04-20,2014-01-01,2026-04-20,69.0,15.0,9.0,6.0,60.0,784257.87,-196339.93,132.93,,44.32,2337795.9150000005,-481034.41100000014,588.03,0.88,0.94,0.0146,0.03,15.0,4.0,0.0,4.0,0.0,0.0,-100972.76,65.25,,46.68,-68821.18099999997,-162930.28499999997,-40.39,-1.24,-1.2,0.0146,-0.04,84.0,19.0,8.0,10.0,42.11,780259.6,-362726.25,120.58,,52.53,2337795.9150000005,-988017.3449999996,261.48,0.55,0.59,0.0147,0.02
AFKS,breakout_ols,1D,Bayesian_TPE,45,7.432,227,4,5,1.0,0.8500000000000001,3,6,False,415.34,0.736,0.833,41.13,16,56.25,False,"{""sampler"":""TPESampler"",""seed"":42,""n_trials"":50,""direction"":""maximize"",""objective"":""composite = Sharpe * (Return% / MaxDD%)""}","{""lookback"":227,""pivot_window"":4,""min_touches"":5,""tolerance_atr_mult"":1.0,""cluster_atr_mult"":0.8500000000000001,""confirmation_bars"":3,""cooldown_bars"":6,""allowshort"":false}",2014-01-01,2024-12-31,2025-01-01,2026-04-20,2014-01-01,2026-04-20,81.0,16.0,9.0,7.0,56.25,579830.54,-152158.36,128.56,,41.13,2124843.8550000004,-575458.2860000003,415.34,0.74,0.83,0.0153,0.03,20.0,6.0,0.0,6.0,0.0,0.0,-62268.17,38.67,,43.97,-19296.849000000024,-162930.28499999997,-37.36,-1.06,-1.03,0.0152,-0.04,101.0,22.0,9.0,13.0,40.91,579830.54,-230035.4,104.05,,51.88,2124843.8550000004,-839641.9499999997,222.8,0.5,0.56,0.0153,0.01
AFKS,breakout_ols,1D,Bayesian_TPE,46,5.183,169,5,5,1.1,0.8,3,8,True,314.99,0.683,0.673,41.51,17,52.94,True,"{""sampler"":""TPESampler"",""seed"":42,""n_trials"":50,""direction"":""maximize"",""objective"":""composite = Sharpe * (Return% / MaxDD%)""}","{""lookback"":169,""pivot_window"":5,""min_touches"":5,""tolerance_atr_mult"":1.1,""cluster_atr_mult"":0.8,""confirmation_bars"":3,""cooldown_bars"":8,""allowshort"":true}",2014-01-01,2024-12-31,2025-01-01,2026-04-20,2014-01-01,2026-04-20,79.0,17.0,9.0,8.0,52.94,571699.63,-249427.09,105.29,,41.51,1059853.4200000002,-515231.0099999999,314.99,0.68,0.67,0.0144,0.02,15.0,5.0,0.0,5.0,0.0,0.0,-87363.16,50.4,,49.63,-46119.96199999999,-152987.80199999994,-43.68,-1.49,-1.35,0.0138,-0.04,94.0,21.0,9.0,12.0,42.86,546388.66,-275807.84,99.57,,49.63,1059853.4200000002,-515231.0099999999,160.78,0.44,0.44,0.0146,0.01
AFKS,breakout_ols,1D,Bayesian_TPE,47,2.149,265,4,3,1.15,0.8,3,10,False,230.59,0.549,0.487,58.92,21,47.62,False,"{""sampler"":""TPESampler"",""seed"":42,""n_trials"":50,""direction"":""maximize"",""objective"":""composite = Sharpe * (Return% / MaxDD%)""}","{""lookback"":265,""pivot_window"":4,""min_touches"":3,""tolerance_atr_mult"":1.1500000000000001,""cluster_atr_mult"":0.8,""confirmation_bars"":3,""cooldown_bars"":10,""allowshort"":false}",2014-01-01,2024-12-31,2025-01-01,2026-04-20,2014-01-01,2026-04-20,95.0,21.0,10.0,11.0,47.62,380900.86,-136645.78,100.24,,58.92,1545064.4220000005,-659291.6400000001,230.59,0.55,0.49,0.0168,0.02,18.0,6.0,1.0,5.0,16.67,13869.65,-54542.94,36.33,,39.38,13869.648000000065,-108941.133,-25.88,-0.65,-0.6,0.0149,-0.02,113.0,27.0,11.0,16.0,40.74,350441.85,-150292.18,86.04,,58.92,1545064.4220000005,-659291.6400000001,145.02,0.41,0.36,0.0166,0.01
AFKS,breakout_ols,1D,Bayesian_TPE,48,5.879,194,3,5,1.05,0.7,3,7,False,380.91,0.729,0.744,47.23,16,62.5,False,"{""sampler"":""TPESampler"",""seed"":42,""n_trials"":50,""direction"":""maximize"",""objective"":""composite = Sharpe * (Return% / MaxDD%)""}","{""lookback"":194,""pivot_window"":3,""min_touches"":5,""tolerance_atr_mult"":1.05,""cluster_atr_mult"":0.7,""confirmation_bars"":3,""cooldown_bars"":7,""allowshort"":false}",2014-01-01,2024-12-31,2025-01-01,2026-04-20,2014-01-01,2026-04-20,87.0,16.0,10.0,6.0,62.5,489048.5,-180230.03,122.44,,47.23,1489876.7400000002,-446668.39800000016,380.91,0.73,0.74,0.0148,0.02,18.0,4.0,0.0,4.0,0.0,0.0,-86744.21,63.75,,41.59,-25814.69999999996,-162930.28499999997,-34.7,-1.02,-0.96,0.0145,-0.04,105.0,20.0,9.0,10.0,45.0,479995.12,-255207.45,112.5,,49.83,1489876.7400000002,-690594.6599999998,176.79,0.46,0.47,0.0149,0.01
AFKS,breakout_ols,1D,Bayesian_TPE,49,0.134,153,5,4,0.95,0.9000000000000001,2,4,True,29.15,0.217,0.173,47.24,24,41.67,True,"{""sampler"":""TPESampler"",""seed"":42,""n_trials"":50,""direction"":""maximize"",""objective"":""composite = Sharpe * (Return% / MaxDD%)""}","{""lookback"":153,""pivot_window"":5,""min_touches"":4,""tolerance_atr_mult"":0.95,""cluster_atr_mult"":0.9000000000000001,""confirmation_bars"":2,""cooldown_bars"":4,""allowshort"":true}",2014-01-01,2024-12-31,2025-01-01,2026-04-20,2014-01-01,2026-04-20,104.0,24.0,10.0,14.0,41.67,133347.6,-74430.01,62.12,,47.24,344391.795,-188246.835,29.15,0.22,0.17,0.0133,0.01,18.0,6.0,0.0,6.0,0.0,0.0,-50401.58,40.5,,43.42,-14514.644999999986,-99396.80400000008,-30.24,-0.97,-0.89,0.0129,-0.03,122.0,30.0,10.0,20.0,33.33,121637.28,-69857.8,58.97,,47.24,344391.795,-188246.835,-18.08,0.03,0.03,0.0134,0.0
VTBR,breakout_ols,1D,Bayesian_TPE,0,0.81,175,12,4,0.8500000000000001,0.4,1,4,True,91.59,0.404,0.462,45.7,10,50.0,True,"{""sampler"":""TPESampler"",""seed"":42,""n_trials"":50,""direction"":""maximize"",""objective"":""composite = Sharpe * (Return% / MaxDD%)""}","{""lookback"":175,""pivot_window"":12,""min_touches"":4,""tolerance_atr_mult"":0.8500000000000001,""cluster_atr_mult"":0.4,""confirmation_bars"":1,""cooldown_bars"":4,""allowshort"":true}",2014-01-01,2024-12-31,2025-01-01,2026-04-20,2014-01-01,2026-04-20,67.0,10.0,5.0,5.0,50.0,352139.7,-168961.25,174.5,,45.7,683177.4000000001,-326391.4500000001,91.59,0.4,0.46,0.0121,0.01,10.0,3.0,2.0,1.0,66.67,85050.25,-174145.75,109.0,,37.18,135394.56000000008,-174145.74999999994,-0.4,0.16,0.15,0.0203,0.01,77.0,12.0,6.0,6.0,50.0,345530.42,-161947.16,176.33,,45.7,683177.4000000001,-326391.4500000001,110.15,0.38,0.39,0.0137,0.01
VTBR,breakout_ols,1D,Bayesian_TPE,1,-0.005,242,3,5,1.05,0.5,1,6,False,-10.03,0.022,0.021,45.28,27,37.04,False,"{""sampler"":""TPESampler"",""seed"":42,""n_trials"":50,""direction"":""maximize"",""objective"":""composite = Sharpe * (Return% / MaxDD%)""}","{""lookback"":242,""pivot_window"":3,""min_touches"":5,""tolerance_atr_mult"":1.05,""cluster_atr_mult"":0.5,""confirmation_bars"":1,""cooldown_bars"":6,""allowshort"":false}",2014-01-01,2024-12-31,2025-01-01,2026-04-20,2014-01-01,2026-04-20,132.0,27.0,10.0,17.0,37.04,59734.42,-41034.96,50.26,,45.28,201079.37500000003,-84271.00000000006,-10.03,0.02,0.02,0.0103,0.0,16.0,3.0,2.0,1.0,66.67,259586.08,-181342.59,90.0,,32.27,362140.3099999999,-181342.58999999985,33.78,0.76,0.6,0.0184,0.04,148.0,29.0,11.0,18.0,37.93,95605.21,-47735.41,56.48,,45.28,322781.74499999994,-161642.90999999986,19.24,0.17,0.14,0.0117,0.0
VTBR,breakout_ols,1D,Bayesian_TPE,2,0.905,186,5,4,0.4,0.55,2,11,True,92.66,0.405,0.45,41.45,18,44.44,True,"{""sampler"":""TPESampler"",""seed"":42,""n_trials"":50,""direction"":""maximize"",""objective"":""composite = Sharpe * (Return% / MaxDD%)""}","{""lookback"":186,""pivot_window"":5,""min_touches"":4,""tolerance_atr_mult"":0.4,""cluster_atr_mult"":0.55,""confirmation_bars"":2,""cooldown_bars"":11,""allowshort"":true}",2014-01-01,2024-12-31,2025-01-01,2026-04-20,2014-01-01,2026-04-20,78.0,18.0,8.0,10.0,44.44,205199.21,-71498.42,91.94,,41.45,590486.05,-193361.99999999965,92.66,0.41,0.45,0.0122,0.01,12.0,4.0,1.0,3.0,25.0,33036.39,-92122.64,29.25,,30.05,33036.39000000002,-205438.20000000004,-24.33,-1.15,-0.7,0.0088,-0.03,90.0,22.0,9.0,13.0,40.91,223541.45,-102267.77,82.95,,41.45,590486.05,-456784.9000000001,68.24,0.31,0.33,0.0123,0.01
VTBR,breakout_ols,1D,Bayesian_TPE,3,0.444,203,8,2,0.8500000000000001,0.45,1,20,True,66.13,0.331,0.383,49.29,24,29.17,True,"{""sampler"":""TPESampler"",""seed"":42,""n_trials"":50,""direction"":""maximize"",""objective"":""composite = Sharpe * (Return% / MaxDD%)""}","{""lookback"":203,""pivot_window"":8,""min_touches"":2,""tolerance_atr_mult"":0.8500000000000001,""cluster_atr_mult"":0.45,""confirmation_bars"":1,""cooldown_bars"":20,""allowshort"":true}",2014-01-01,2024-12-31,2025-01-01,2026-04-20,2014-01-01,2026-04-20,83.0,24.0,7.0,17.0,29.17,238879.04,-59463.31,75.88,,49.29,572982.8,-154875.09999999986,66.13,0.33,0.38,0.0125,0.01,10.0,3.0,1.0,2.0,33.33,164266.41,-147073.22,53.0,,35.51,164266.41,-261386.7199999999,-12.99,-0.26,-0.13,0.0141,-0.01,93.0,27.0,8.0,19.0,29.63,278476.51,-82682.63,75.19,,49.29,572982.8,-497708.95999999985,65.68,0.3,0.29,0.0132,0.01
VTBR,breakout_ols,1D,Bayesian_TPE,4,0.011,161,3,4,0.7,0.4,2,3,True,5.9,0.122,0.124,62.79,27,22.22,True,"{""sampler"":""TPESampler"",""seed"":42,""n_trials"":50,""direction"":""maximize"",""objective"":""composite = Sharpe * (Return% / MaxDD%)""}","{""lookback"":161,""pivot_window"":3,""min_touches"":4,""tolerance_atr_mult"":0.7,""cluster_atr_mult"":0.4,""confirmation_bars"":2,""cooldown_bars"":3,""allowshort"":true}",2014-01-01,2024-12-31,2025-01-01,2026-04-20,2014-01-01,2026-04-20,142.0,27.0,6.0,21.0,22.22,217708.26,-59393.56,59.48,,62.79,581517.3000000002,-200748.8250000002,5.9,0.12,0.12,0.0121,0.0,22.0,6.0,3.0,3.0,50.0,171970.6,-89229.55,46.33,,32.04,331630.69500000007,-122693.72999999992,24.82,0.73,0.88,0.0138,0.03,164.0,32.0,8.0,24.0,25.0,229895.82,-63681.91,59.31,,62.79,581517.3000000002,-200748.8250000002,31.08,0.21,0.22,0.0124,0.0
VTBR,breakout_ols,1D,Bayesian_TPE,5,-0.006,233,6,4,0.8,0.45,3,16,True,-10.64,0.03,0.031,55.29,11,36.36,True,"{""sampler"":""TPESampler"",""seed"":42,""n_trials"":50,""direction"":""maximize"",""objective"":""composite = Sharpe * (Return% / MaxDD%)""}","{""lookback"":233,""pivot_window"":6,""min_touches"":4,""tolerance_atr_mult"":0.8,""cluster_atr_mult"":0.45,""confirmation_bars"":3,""cooldown_bars"":16,""allowshort"":true}",2014-01-01,2024-12-31,2025-01-01,2026-04-20,2014-01-01,2026-04-20,52.0,11.0,4.0,7.0,36.36,127439.86,-88023.3,140.36,,55.29,314175.6,-156360.75,-10.64,0.03,0.03,0.0112,0.0,8.0,3.0,2.0,1.0,66.67,118354.5,-304030.1,49.0,,32.27,178955.52000000002,-304030.1,-6.73,-0.03,-0.01,0.0163,-0.0,60.0,14.0,6.0,8.0,42.86,120212.87,-110982.47,120.79,,55.29,314175.6,-271696.69999999995,-16.66,0.02,0.02,0.012,0.0
VTBR,breakout_ols,1D,Bayesian_TPE,6,0.006,220,12,2,0.45,0.3,1,9,False,-19.42,-0.018,-0.018,57.61,16,25.0,False,"{""sampler"":""TPESampler"",""seed"":42,""n_trials"":50,""direction"":""maximize"",""objective"":""composite = Sharpe * (Return% / MaxDD%)""}","{""lookback"":220,""pivot_window"":12,""min_touches"":2,""tolerance_atr_mult"":0.45,""cluster_atr_mult"":0.3,""confirmation_bars"":1,""cooldown_bars"":9,""allowshort"":false}",2014-01-01,2024-12-31,2025-01-01,2026-04-20,2014-01-01,2026-04-20,77.0,16.0,4.0,12.0,25.0,117103.71,-55217.0,104.56,,57.61,302268.2250000001,-125154.89999999997,-19.42,-0.02,-0.02,0.0115,-0.0,12.0,2.0,1.0,1.0,50.0,374058.09,-81858.37,177.5,,32.54,374058.0900000001,-81858.36999999994,29.22,0.64,0.61,0.021,0.04,89.0,18.0,5.0,13.0,27.78,153967.3,-56043.72,112.67,,57.61,302268.2250000001,-125154.89999999997,4.13,0.12,0.11,0.0131,0.0
VTBR,breakout_ols,1D,Bayesian_TPE,7,0.498,171,5,4,0.4,1.05,1,20,True,66.62,0.342,0.373,45.79,21,42.86,True,"{""sampler"":""TPESampler"",""seed"":42,""n_trials"":50,""direction"":""maximize"",""objective"":""composite = Sharpe * (Return% / MaxDD%)""}","{""lookback"":171,""pivot_window"":5,""min_touches"":4,""tolerance_atr_mult"":0.4,""cluster_atr_mult"":1.05,""confirmation_bars"":1,""cooldown_bars"":20,""allowshort"":true}",2014-01-01,2024-12-31,2025-01-01,2026-04-20,2014-01-01,2026-04-20,84.0,21.0,9.0,12.0,42.86,180118.73,-79574.83,79.05,,45.79,566774.55,-137048.0,66.62,0.34,0.37,0.0118,0.01,14.0,5.0,2.0,3.0,40.0,86642.6,-94546.93,55.2,,33.55,118196.5250000001,-166151.25000000012,-11.04,-0.29,-0.3,0.0117,-0.01,98.0,25.0,11.0,14.0,44.0,184152.07,-85461.92,79.4,,45.79,566774.55,-153719.10000000012,82.92,0.34,0.38,0.0122,0.01
VTBR,breakout_ols,1D,Bayesian_TPE,8,0.292,101,11,4,0.95,1.0,1,9,False,-79.13,-0.308,-0.305,83.35,3,0.0,False,"{""sampler"":""TPESampler"",""seed"":42,""n_trials"":50,""direction"":""maximize"",""objective"":""composite = Sharpe * (Return% / MaxDD%)""}","{""lookback"":101,""pivot_window"":11,""min_touches"":4,""tolerance_atr_mult"":0.95,""cluster_atr_mult"":1.0,""confirmation_bars"":1,""cooldown_bars"":9,""allowshort"":false}",2014-01-01,2024-12-31,2025-01-01,2026-04-20,2014-01-01,2026-04-20,14.0,3.0,0.0,3.0,0.0,0.0,-263757.66,962.67,,83.35,-102463.0,-377992.3500000001,-79.13,-0.31,-0.31,0.0192,-0.01,1.0,0.0,0.0,0.0,0.0,0.0,0.0,0.0,,0.0,0.0,0.0,0.0,,,0.0,,15.0,3.0,0.0,3.0,0.0,0.0,-270811.23,1091.0,,83.35,-102463.0,-377992.3500000001,-81.24,-0.27,-0.26,0.0195,-0.01
VTBR,breakout_ols,1D,Bayesian_TPE,9,-0.002,225,6,2,0.55,0.6000000000000001,3,14,True,-1.74,0.077,0.078,57.32,16,31.25,True,"{""sampler"":""TPESampler"",""seed"":42,""n_trials"":50,""direction"":""maximize"",""objective"":""composite = Sharpe * (Return% / MaxDD%)""}","{""lookback"":225,""pivot_window"":6,""min_touches"":2,""tolerance_atr_mult"":0.55,""cluster_atr_mult"":0.6000000000000001,""confirmation_bars"":3,""cooldown_bars"":14,""allowshort"":true}",2014-01-01,2024-12-31,2025-01-01,2026-04-20,2014-01-01,2026-04-20,87.0,16.0,5.0,11.0,31.25,124185.47,-58025.93,95.06,,57.32,328215.75,-133147.5999999999,-1.74,0.08,0.08,0.011,0.0,15.0,5.0,2.0,3.0,40.0,119884.25,-130632.9,40.4,,39.18,161218.34999999995,-238604.29999999996,-15.21,-0.28,-0.17,0.0155,-0.01,102.0,21.0,7.0,14.0,33.33,122360.95,-73099.84,82.05,,57.32,328215.75,-234480.39999999997,-16.69,0.02,0.01,0.0117,0.0
VTBR,breakout_ols,1D,Bayesian_TPE,10,-0.006,289,9,3,0.3,0.8,2,12,False,-7.47,0.043,0.039,55.87,14,28.57,False,"{""sampler"":""TPESampler"",""seed"":42,""n_trials"":50,""direction"":""maximize"",""objective"":""composite = Sharpe * (Return% / MaxDD%)""}","{""lookback"":289,""pivot_window"":9,""min_touches"":3,""tolerance_atr_mult"":0.3,""cluster_atr_mult"":0.8,""confirmation_bars"":2,""cooldown_bars"":12,""allowshort"":false}",2014-01-01,2024-12-31,2025-01-01,2026-04-20,2014-01-01,2026-04-20,68.0,14.0,4.0,10.0,28.57,147247.79,-66366.94,104.14,,55.87,264425.2000000001,-206696.6999999998,-7.47,0.04,0.04,0.0107,0.0,11.0,3.0,2.0,1.0,66.67,138238.5,-126673.2,69.0,,32.27,220426.5,-126673.19999999994,14.98,0.45,0.31,0.018,0.02,79.0,17.0,6.0,11.0,35.29,140803.12,-70989.28,97.94,,55.87,264425.2000000001,-206696.6999999998,6.39,0.12,0.1,0.0119,0.0
VTBR,breakout_ols,1D,Bayesian_TPE,11,0.008,157,10,5,1.15,0.7,2,4,True,-25.84,-0.018,-0.02,56.16,3,33.33,True,"{""sampler"":""TPESampler"",""seed"":42,""n_trials"":50,""direction"":""maximize"",""objective"":""composite = Sharpe * (Return% / MaxDD%)""}","{""lookback"":157,""pivot_window"":10,""min_touches"":5,""tolerance_atr_mult"":1.1500000000000001,""cluster_atr_mult"":0.7,""confirmation_bars"":2,""cooldown_bars"":4,""allowshort"":true}",2014-01-01,2024-12-31,2025-01-01,2026-04-20,2014-01-01,2026-04-20,32.0,3.0,1.0,2.0,33.33,155162.25,-206784.78,708.67,,56.16,155162.25,-362189.6,-25.84,-0.02,-0.02,0.0137,-0.0,6.0,2.0,1.0,1.0,50.0,332973.94,-30580.2,76.0,,20.23,332973.93999999994,-30580.200000000124,30.24,0.92,0.85,0.0123,0.06,38.0,4.0,2.0,2.0,50.0,204700.81,-207479.73,579.0,,56.16,254239.3749999999,-362189.6,-0.56,0.11,0.11,0.0136,0.0
VTBR,breakout_ols,1D,Bayesian_TPE,12,0.065,124,5,3,0.65,0.8,2,8,True,19.02,0.178,0.189,51.73,29,44.83,True,"{""sampler"":""TPESampler"",""seed"":42,""n_trials"":50,""direction"":""maximize"",""objective"":""composite = Sharpe * (Return% / MaxDD%)""}","{""lookback"":124,""pivot_window"":5,""min_touches"":3,""tolerance_atr_mult"":0.65,""cluster_atr_mult"":0.8,""confirmation_bars"":2,""cooldown_bars"":8,""allowshort"":true}",2014-01-01,2024-12-31,2025-01-01,2026-04-20,2014-01-01,2026-04-20,112.0,29.0,13.0,16.0,44.83,93282.56,-63905.98,55.38,,51.73,450585.8500000002,-142880.5700000001,19.02,0.18,0.19,0.0114,0.0,16.0,4.0,2.0,2.0,50.0,57591.47,-153620.22,82.5,,45.36,65156.82000000004,-226942.5199999999,-19.21,-0.3,-0.26,0.0181,-0.01,128.0,33.0,15.0,18.0,45.45,94207.3,-78089.19,59.61,,52.22,450585.8500000002,-282981.85999999987,0.75,0.1,0.1,0.0126,0.0
VTBR,breakout_ols,1D,Bayesian_TPE,13,0.322,193,7,5,0.6000000000000001,1.2,3,16,True,51.55,0.295,0.282,47.23,13,38.46,True,"{""sampler"":""TPESampler"",""seed"":42,""n_trials"":50,""direction"":""maximize"",""objective"":""composite = Sharpe * (Return% / MaxDD%)""}","{""lookback"":193,""pivot_window"":7,""min_touches"":5,""tolerance_atr_mult"":0.6000000000000001,""cluster_atr_mult"":1.2,""confirmation_bars"":3,""cooldown_bars"":16,""allowshort"":true}",2014-01-01,2024-12-31,2025-01-01,2026-04-20,2014-01-01,2026-04-20,55.0,13.0,5.0,8.0,38.46,300541.3,-123396.09,118.77,,47.23,550012.7999999999,-193005.6499999999,51.55,0.29,0.28,0.0119,0.01,9.0,4.0,1.0,3.0,25.0,25947.0,-143887.99,32.0,,45.72,25947.000000000015,-202127.0699999999,-40.57,-1.3,-0.59,0.0141,-0.04,64.0,16.0,5.0,11.0,31.25,296027.03,-132887.73,108.38,,49.59,550012.7999999999,-346347.59999999986,1.84,0.11,0.09,0.0128,0.0
VTBR,breakout_ols,1D,Bayesian_TPE,14,-0.006,263,12,3,0.9000000000000001,0.3,2,6,True,-11.03,0.037,0.038,64.38,8,37.5,True,"{""sampler"":""TPESampler"",""seed"":42,""n_trials"":50,""direction"":""maximize"",""objective"":""composite = Sharpe * (Return% / MaxDD%)""}","{""lookback"":263,""pivot_window"":12,""min_touches"":3,""tolerance_atr_mult"":0.9000000000000001,""cluster_atr_mult"":0.3,""confirmation_bars"":2,""cooldown_bars"":6,""allowshort"":true}",2014-01-01,2024-12-31,2025-01-01,2026-04-20,2014-01-01,2026-04-20,59.0,8.0,3.0,5.0,37.5,134593.18,-102814.49,215.5,,64.38,227441.55000000005,-211497.29999999976,-11.03,0.04,0.04,0.0119,0.0,10.0,2.0,1.0,1.0,50.0,286397.95,-133267.75,161.0,,33.26,286397.9549999999,-133267.74999999994,15.31,0.43,0.4,0.0208,0.03,69.0,10.0,4.0,6.0,40.0,164647.07,-105440.69,204.6,,64.38,254808.7199999999,-211497.29999999976,2.59,0.12,0.11,0.0134,0.0
VTBR,breakout_ols,1D,Bayesian_TPE,15,0.0,138,9,4,1.0,0.6000000000000001,1,12,True,0.18,0.082,0.087,41.62,13,46.15,True,"{""sampler"":""TPESampler"",""seed"":42,""n_trials"":50,""direction"":""maximize"",""objective"":""composite = Sharpe * (Return% / MaxDD%)""}","{""lookback"":138,""pivot_window"":9,""min_touches"":4,""tolerance_atr_mult"":1.0,""cluster_atr_mult"":0.6000000000000001,""confirmation_bars"":1,""cooldown_bars"":12,""allowshort"":true}",2014-01-01,2024-12-31,2025-01-01,2026-04-20,2014-01-01,2026-04-20,64.0,13.0,6.0,7.0,46.15,85016.2,-72608.79,114.15,,41.62,238637.4750000001,-154633.00000000012,0.18,0.08,0.09,0.0103,0.0,7.0,2.0,1.0,1.0,50.0,65907.73,-606.75,123.5,,29.33,65907.72500000006,-606.750000000138,6.53,0.28,0.34,0.0137,0.01,71.0,14.0,7.0,7.0,50.0,86732.34,-72608.79,126.36,,41.62,238637.4750000001,-154633.00000000012,9.89,0.13,0.14,0.011,0.0
VTBR,breakout_ols,1D,Bayesian_TPE,16,0.231,183,4,3,0.75,0.6000000000000001,3,7,True,45.29,0.275,0.3,53.95,22,36.36,True,"{""sampler"":""TPESampler"",""seed"":42,""n_trials"":50,""direction"":""maximize"",""objective"":""composite = Sharpe * (Return% / MaxDD%)""}","{""lookback"":183,""pivot_window"":4,""min_touches"":3,""tolerance_atr_mult"":0.75,""cluster_atr_mult"":0.6000000000000001,""confirmation_bars"":3,""cooldown_bars"":7,""allowshort"":true}",2014-01-01,2024-12-31,2025-01-01,2026-04-20,2014-01-01,2026-04-20,106.0,22.0,8.0,14.0,36.36,155150.86,-56308.11,73.14,,53.95,427982.1000000003,-136531.79999999984,45.29,0.27,0.3,0.0118,0.01,18.0,5.0,2.0,3.0,40.0,145238.74,-58322.1,56.2,,24.46,284258.14999999997,-113216.70000000004,11.55,0.45,0.53,0.0117,0.02,124.0,27.0,10.0,17.0,37.04,175368.64,-62046.46,71.19,,53.95,432933.12499999994,-172430.50000000006,69.89,0.32,0.35,0.0119,0.01
VTBR,breakout_ols,1D,Bayesian_TPE,17,0.385,145,7,5,0.5,0.55,2,10,True,62.87,0.316,0.358,51.55,13,46.15,True,"{""sampler"":""TPESampler"",""seed"":42,""n_trials"":50,""direction"":""maximize"",""objective"":""composite = Sharpe * (Return% / MaxDD%)""}","{""lookback"":145,""pivot_window"":7,""min_touches"":5,""tolerance_atr_mult"":0.5,""cluster_atr_mult"":0.55,""confirmation_bars"":2,""cooldown_bars"":10,""allowshort"":true}",2014-01-01,2024-12-31,2025-01-01,2026-04-20,2014-01-01,2026-04-20,52.0,13.0,6.0,7.0,46.15,272617.28,-143851.92,160.0,,51.55,597240.0000000002,-283789.35000000003,62.87,0.32,0.36,0.0133,0.01,6.0,3.0,2.0,1.0,66.67,41946.39,-74309.75,80.67,,28.62,79258.26000000008,-74309.74999999997,0.96,0.13,0.15,0.013,0.01,58.0,15.0,8.0,7.0,53.33,227242.21,-143851.92,157.73,,51.55,597240.0000000002,-283789.35000000003,81.1,0.33,0.38,0.0135,0.01
VTBR,breakout_ols,1D,Bayesian_TPE,18,0.202,205,10,4,0.3,0.7,1,4,False,43.98,0.27,0.292,58.89,13,38.46,False,"{""sampler"":""TPESampler"",""seed"":42,""n_trials"":50,""direction"":""maximize"",""objective"":""composite = Sharpe * (Return% / MaxDD%)""}","{""lookback"":205,""pivot_window"":10,""min_touches"":4,""tolerance_atr_mult"":0.3,""cluster_atr_mult"":0.7,""confirmation_bars"":1,""cooldown_bars"":4,""allowshort"":false}",2014-01-01,2024-12-31,2025-01-01,2026-04-20,2014-01-01,2026-04-20,86.0,13.0,5.0,8.0,38.46,251569.96,-102252.31,128.31,,58.89,473816.725,-238083.3,43.98,0.27,0.29,0.0119,0.01,11.0,2.0,1.0,1.0,50.0,281294.84,-261386.72,119.5,,33.17,281294.835,-261386.7199999999,1.99,0.18,0.12,0.0148,0.01,97.0,15.0,5.0,10.0,33.33,312106.05,-123476.86,133.47,,58.89,473816.725,-339748.6399999999,32.58,0.21,0.2,0.013,0.0
VTBR,breakout_ols,1D,Bayesian_TPE,19,-0.002,119,5,3,1.15,0.35,2,14,True,-1.51,0.081,0.086,62.87,27,40.74,True,"{""sampler"":""TPESampler"",""seed"":42,""n_trials"":50,""direction"":""maximize"",""objective"":""composite = Sharpe * (Return% / MaxDD%)""}","{""lookback"":119,""pivot_window"":5,""min_touches"":3,""tolerance_atr_mult"":1.1500000000000001,""cluster_atr_mult"":0.35,""confirmation_bars"":2,""cooldown_bars"":14,""allowshort"":true}",2014-01-01,2024-12-31,2025-01-01,2026-04-20,2014-01-01,2026-04-20,86.0,27.0,11.0,16.0,40.74,97236.52,-67795.21,63.48,,62.87,571640.85,-167112.0,-1.51,0.08,0.09,0.0113,0.0,11.0,3.0,1.0,2.0,33.33,65156.82,-153620.22,104.33,,45.36,65156.82000000004,-226942.5199999999,-24.21,-0.44,-0.38,0.018,-0.02,97.0,30.0,12.0,18.0,40.0,98653.65,-77875.03,68.6,,65.99,571640.85,-234169.5299999999,-21.79,0.0,0.0,0.0125,0.0
VTBR,breakout_ols,1D,Bayesian_TPE,20,0.541,178,8,5,0.4,0.9000000000000001,3,17,True,77.97,0.364,0.425,52.46,10,50.0,True,"{""sampler"":""TPESampler"",""seed"":42,""n_trials"":50,""direction"":""maximize"",""objective"":""composite = Sharpe * (Return% / MaxDD%)""}","{""lookback"":178,""pivot_window"":8,""min_touches"":5,""tolerance_atr_mult"":0.4,""cluster_atr_mult"":0.9000000000000001,""confirmation_bars"":3,""cooldown_bars"":17,""allowshort"":true}",2014-01-01,2024-12-31,2025-01-01,2026-04-20,2014-01-01,2026-04-20,40.0,10.0,5.0,5.0,50.0,388980.8,-233034.91,191.2,,52.46,718933.8000000003,-368895.45,77.97,0.36,0.42,0.0125,0.01,5.0,2.0,1.0,1.0,50.0,306631.45,-103331.24,169.5,,37.33,306631.44999999995,-103331.24,20.33,0.51,0.48,0.0208,0.03,45.0,11.0,5.0,6.0,45.45,483969.48,-207872.13,208.18,,52.46,718933.8000000003,-368895.45,117.26,0.39,0.41,0.014,0.01
VTBR,breakout_ols,1D,Bayesian_TPE,21,0.859,177,9,5,0.35,1.05,3,18,True,91.35,0.404,0.458,42.95,8,62.5,True,"{""sampler"":""TPESampler"",""seed"":42,""n_trials"":50,""direction"":""maximize"",""objective"":""composite = Sharpe * (Return% / MaxDD%)""}","{""lookback"":177,""pivot_window"":9,""min_touches"":5,""tolerance_atr_mult"":0.35,""cluster_atr_mult"":1.05,""confirmation_bars"":3,""cooldown_bars"":18,""allowshort"":true}",2014-01-01,2024-12-31,2025-01-01,2026-04-20,2014-01-01,2026-04-20,38.0,8.0,5.0,3.0,62.5,279407.07,-161189.92,223.38,,42.95,421017.29999999993,-264826.80000000005,91.35,0.4,0.46,0.0121,0.01,7.0,2.0,1.0,1.0,50.0,327954.47,-41012.28,119.0,,27.06,327954.475,-41012.27999999998,28.69,0.83,0.93,0.0133,0.04,45.0,9.0,6.0,3.0,66.67,330298.41,-161189.92,229.33,,42.95,636637.6249999999,-264826.80000000005,149.82,0.47,0.53,0.0124,0.01
VTBR,breakout_ols,1D,Bayesian_TPE,22,-0.001,193,11,5,0.35,1.2,3,18,True,-0.32,0.088,0.073,50.77,7,28.57,True,"{""sampler"":""TPESampler"",""seed"":42,""n_trials"":50,""direction"":""maximize"",""objective"":""composite = Sharpe * (Return% / MaxDD%)""}","{""lookback"":193,""pivot_window"":11,""min_touches"":5,""tolerance_atr_mult"":0.35,""cluster_atr_mult"":1.2,""confirmation_bars"":3,""cooldown_bars"":18,""allowshort"":true}",2014-01-01,2024-12-31,2025-01-01,2026-04-20,2014-01-01,2026-04-20,35.0,7.0,2.0,5.0,28.57,261070.23,-105063.25,197.43,,50.77,303009.7500000002,-143346.45000000022,-0.32,0.09,0.07,0.0113,0.0,7.0,2.0,1.0,1.0,50.0,98300.67,-92772.16,58.5,,28.41,98300.67000000004,-92772.1599999999,0.55,0.11,0.08,0.0121,0.0,42.0,9.0,3.0,6.0,33.33,206707.51,-102965.73,166.56,,50.77,303009.7500000002,-143346.45000000022,0.23,0.09,0.07,0.0114,0.0
VTBR,breakout_ols,1D,Bayesian_TPE,23,0.177,162,9,4,0.5,1.1,3,11,True,36.84,0.243,0.248,50.64,13,38.46,True,"{""sampler"":""TPESampler"",""seed"":42,""n_trials"":50,""direction"":""maximize"",""objective"":""composite = Sharpe * (Return% / MaxDD%)""}","{""lookback"":162,""pivot_window"":9,""min_touches"":4,""tolerance_atr_mult"":0.5,""cluster_atr_mult"":1.1,""confirmation_bars"":3,""cooldown_bars"":11,""allowshort"":true}",2014-01-01,2024-12-31,2025-01-01,2026-04-20,2014-01-01,2026-04-20,52.0,13.0,5.0,8.0,38.46,253990.21,-112696.46,129.23,,50.64,421017.29999999993,-233638.80000000005,36.84,0.24,0.25,0.0123,0.01,8.0,2.0,1.0,1.0,50.0,327954.47,-41012.28,119.0,,27.06,327954.475,-41012.27999999998,28.69,0.83,0.93,0.0133,0.04,60.0,14.0,6.0,8.0,42.86,281355.06,-112696.46,139.79,,50.64,455281.99999999994,-233638.80000000005,78.66,0.33,0.34,0.0126,0.01
VTBR,breakout_ols,1D,Bayesian_TPE,24,0.004,143,11,4,0.65,0.4,2,14,True,1.82,0.092,0.099,40.85,8,50.0,True,"{""sampler"":""TPESampler"",""seed"":42,""n_trials"":50,""direction"":""maximize"",""objective"":""composite = Sharpe * (Return% / MaxDD%)""}","{""lookback"":143,""pivot_window"":11,""min_touches"":4,""tolerance_atr_mult"":0.65,""cluster_atr_mult"":0.4,""confirmation_bars"":2,""cooldown_bars"":14,""allowshort"":true}",2014-01-01,2024-12-31,2025-01-01,2026-04-20,2014-01-01,2026-04-20,39.0,8.0,4.0,4.0,50.0,102757.79,-98202.79,202.12,,40.85,183098.30000000005,-262219.0,1.82,0.09,0.1,0.0105,0.0,5.0,1.0,1.0,0.0,100.0,138693.2,0.0,65.0,,7.25,138693.20000000013,138693.20000000013,13.87,0.86,0.65,0.0062,0.07,44.0,9.0,5.0,4.0,55.56,110449.87,-98202.79,186.89,,40.85,183098.30000000005,-262219.0,15.94,0.15,0.16,0.01,0.0
VTBR,breakout_ols,1D,Bayesian_TPE,25,0.075,212,10,5,0.75,0.7,2,13,True,18.82,0.176,0.177,43.97,9,44.44,True,"{""sampler"":""TPESampler"",""seed"":42,""n_trials"":50,""direction"":""maximize"",""objective"":""composite = Sharpe * (Return% / MaxDD%)""}","{""lookback"":212,""pivot_window"":10,""min_touches"":5,""tolerance_atr_mult"":0.75,""cluster_atr_mult"":0.7,""confirmation_bars"":2,""cooldown_bars"":13,""allowshort"":true}",2014-01-01,2024-12-31,2025-01-01,2026-04-20,2014-01-01,2026-04-20,52.0,9.0,4.0,5.0,44.44,187708.14,-112526.62,168.56,,43.97,407398.8000000001,-149614.125,18.82,0.18,0.18,0.0109,0.0,9.0,2.0,1.0,1.0,50.0,283567.66,-246750.77,119.0,,32.93,283567.655,-246750.7699999999,3.68,0.22,0.14,0.0148,0.01,61.0,11.0,4.0,7.0,36.36,247907.61,-125479.54,168.27,,46.37,407398.8000000001,-264950.3499999999,11.33,0.14,0.12,0.0122,0.0
VTBR,breakout_ols,1D,Bayesian_TPE,26,0.246,183,6,4,0.4,0.8500000000000001,2,18,False,45.42,0.277,0.285,51.21,17,35.29,False,"{""sampler"":""TPESampler"",""seed"":42,""n_trials"":50,""direction"":""maximize"",""objective"":""composite = Sharpe * (Return% / MaxDD%)""}","{""lookback"":183,""pivot_window"":6,""min_touches"":4,""tolerance_atr_mult"":0.4,""cluster_atr_mult"":0.8500000000000001,""confirmation_bars"":2,""cooldown_bars"":18,""allowshort"":false}",2014-01-01,2024-12-31,2025-01-01,2026-04-20,2014-01-01,2026-04-20,66.0,17.0,6.0,11.0,35.29,204665.61,-70342.15,91.0,,51.21,453373.8000000001,-178679.0000000001,45.42,0.28,0.29,0.0116,0.01,11.0,5.0,2.0,3.0,40.0,20343.31,-88717.53,23.2,,29.29,33818.985000000015,-206859.4,-22.55,-1.03,-0.64,0.0089,-0.03,77.0,21.0,7.0,14.0,33.33,215487.12,-86956.05,81.57,,51.21,453373.8000000001,-344790.60000000003,29.1,0.2,0.2,0.0118,0.0
VTBR,breakout_ols,1D,Bayesian_TPE,27,0.012,254,4,5,0.55,0.9000000000000001,1,5,True,5.46,0.113,0.119,52.99,25,32.0,True,"{""sampler"":""TPESampler"",""seed"":42,""n_trials"":50,""direction"":""maximize"",""objective"":""composite = Sharpe * (Return% / MaxDD%)""}","{""lookback"":254,""pivot_window"":4,""min_touches"":5,""tolerance_atr_mult"":0.55,""cluster_atr_mult"":0.9000000000000001,""confirmation_bars"":1,""cooldown_bars"":5,""allowshort"":true}",2014-01-01,2024-12-31,2025-01-01,2026-04-20,2014-01-01,2026-04-20,140.0,25.0,8.0,16.0,32.0,88492.75,-40836.46,63.56,,52.99,245524.5,-90880.64999999994,5.46,0.11,0.12,0.0108,0.0,16.0,5.0,2.0,3.0,40.0,214414.94,-114231.46,52.4,,35.86,271798.02,-257189.12999999995,8.61,0.33,0.24,0.0173,0.02,156.0,29.0,10.0,19.0,34.48,114604.73,-53231.24,64.21,,52.99,283934.43,-268684.12999999995,13.47,0.15,0.13,0.0119,0.0
VTBR,breakout_ols,1D,Bayesian_TPE,28,0.535,173,12,4,0.8500000000000001,0.5,3,10,True,71.33,0.357,0.38,47.56,9,44.44,True,"{""sampler"":""TPESampler"",""seed"":42,""n_trials"":50,""direction"":""maximize"",""objective"":""composite = Sharpe * (Return% / MaxDD%)""}","{""lookback"":173,""pivot_window"":12,""min_touches"":4,""tolerance_atr_mult"":0.8500000000000001,""cluster_atr_mult"":0.5,""confirmation_bars"":3,""cooldown_bars"":10,""allowshort"":true}",2014-01-01,2024-12-31,2025-01-01,2026-04-20,2014-01-01,2026-04-20,44.0,9.0,4.0,5.0,44.44,379589.15,-161013.32,171.67,,47.56,645308.3999999999,-245858.17499999935,71.33,0.36,0.38,0.0117,0.01,10.0,2.0,1.0,1.0,50.0,320089.62,-64022.88,187.0,,37.33,320089.62499999994,-64022.88000000005,25.61,0.58,0.58,0.0214,0.03,54.0,11.0,5.0,6.0,45.45,413354.22,-152460.18,174.45,,47.56,645308.3999999999,-245858.17499999935,115.2,0.39,0.38,0.0133,0.01
VTBR,breakout_ols,1D,Bayesian_TPE,29,0.023,246,3,5,1.05,0.5,1,7,False,7.62,0.123,0.115,40.19,27,37.04,False,"{""sampler"":""TPESampler"",""seed"":42,""n_trials"":50,""direction"":""maximize"",""objective"":""composite = Sharpe * (Return% / MaxDD%)""}","{""lookback"":246,""pivot_window"":3,""min_touches"":5,""tolerance_atr_mult"":1.05,""cluster_atr_mult"":0.5,""confirmation_bars"":1,""cooldown_bars"":7,""allowshort"":false}",2014-01-01,2024-12-31,2025-01-01,2026-04-20,2014-01-01,2026-04-20,121.0,27.0,10.0,16.0,37.04,72414.78,-40496.29,51.74,,40.19,246479.8750000001,-90236.80000000006,7.62,0.12,0.12,0.0106,0.0,14.0,3.0,2.0,1.0,66.67,157961.82,-151162.2,78.67,,33.55,291465.72,-151162.19999999992,16.48,0.48,0.35,0.0175,0.03,135.0,29.0,12.0,17.0,41.38,102704.19,-48820.45,57.86,,40.19,350972.505,-182006.9999999999,40.25,0.24,0.2,0.012,0.01
VTBR,breakout_ols,1D,Bayesian_TPE,30,1.877,192,8,3,0.3,0.95,3,15,True,150.87,0.513,0.582,41.23,12,41.67,True,"{""sampler"":""TPESampler"",""seed"":42,""n_trials"":50,""direction"":""maximize"",""objective"":""composite = Sharpe * (Return% / MaxDD%)""}","{""lookback"":192,""pivot_window"":8,""min_touches"":3,""tolerance_atr_mult"":0.3,""cluster_atr_mult"":0.95,""confirmation_bars"":3,""cooldown_bars"":15,""allowshort"":true}",2014-01-01,2024-12-31,2025-01-01,2026-04-20,2014-01-01,2026-04-20,57.0,12.0,5.0,7.0,41.67,510373.5,-149019.98,168.0,,41.23,807554.0250000001,-308596.94999999984,150.87,0.51,0.58,0.0129,0.02,10.0,3.0,1.0,2.0,33.33,165847.5,-146812.25,52.33,,36.33,165847.49999999994,-257882.89999999997,-12.78,-0.25,-0.13,0.0141,-0.01,67.0,15.0,6.0,9.0,40.0,565736.09,-209691.82,148.87,,41.23,807554.0250000001,-741340.5999999999,150.72,0.45,0.44,0.0136,0.01
VTBR,breakout_ols,1D,Bayesian_TPE,31,1.667,193,8,3,0.3,0.95,3,16,True,139.69,0.492,0.557,41.23,12,41.67,True,"{""sampler"":""TPESampler"",""seed"":42,""n_trials"":50,""direction"":""maximize"",""objective"":""composite = Sharpe * (Return% / MaxDD%)""}","{""lookback"":193,""pivot_window"":8,""min_touches"":3,""tolerance_atr_mult"":0.3,""cluster_atr_mult"":0.95,""confirmation_bars"":3,""cooldown_bars"":16,""allowshort"":true}",2014-01-01,2024-12-31,2025-01-01,2026-04-20,2014-01-01,2026-04-20,58.0,12.0,5.0,7.0,41.67,482836.44,-145332.62,168.58,,41.23,771548.1750000002,-294835.8499999998,139.69,0.49,0.56,0.0129,0.02,10.0,3.0,1.0,2.0,33.33,165847.5,-146812.25,52.33,,36.33,165847.49999999994,-257882.89999999997,-12.78,-0.25,-0.13,0.0141,-0.01,68.0,15.0,6.0,9.0,40.0,536527.7,-202640.63,149.33,,41.23,771548.1750000002,-708273.4999999999,139.54,0.43,0.43,0.0136,0.01
VTBR,breakout_ols,1D,Bayesian_TPE,32,0.067,203,8,3,0.3,0.95,3,16,True,21.63,0.189,0.201,60.93,16,31.25,True,"{""sampler"":""TPESampler"",""seed"":42,""n_trials"":50,""direction"":""maximize"",""objective"":""composite = Sharpe * (Return% / MaxDD%)""}","{""lookback"":203,""pivot_window"":8,""min_touches"":3,""tolerance_atr_mult"":0.3,""cluster_atr_mult"":0.95,""confirmation_bars"":3,""cooldown_bars"":16,""allowshort"":true}",2014-01-01,2024-12-31,2025-01-01,2026-04-20,2014-01-01,2026-04-20,62.0,16.0,5.0,11.0,31.25,251991.98,-94881.37,121.81,,60.93,413871.575,-162854.99999999997,21.63,0.19,0.2,0.0126,0.0,10.0,3.0,1.0,2.0,33.33,165847.5,-146812.25,52.33,,36.33,165847.49999999994,-257882.89999999997,-12.78,-0.25,-0.13,0.0141,-0.01,72.0,19.0,6.0,13.0,31.58,278073.05,-111762.92,114.0,,60.93,413871.575,-359411.8,21.55,0.18,0.17,0.0133,0.0
VTBR,breakout_ols,1D,Bayesian_TPE,33,0.072,193,7,3,0.35,1.1,3,19,True,20.58,0.184,0.19,52.53,18,27.78,True,"{""sampler"":""TPESampler"",""seed"":42,""n_trials"":50,""direction"":""maximize"",""objective"":""composite = Sharpe * (Return% / MaxDD%)""}","{""lookback"":193,""pivot_window"":7,""min_touches"":3,""tolerance_atr_mult"":0.35,""cluster_atr_mult"":1.1,""confirmation_bars"":3,""cooldown_bars"":19,""allowshort"":true}",2014-01-01,2024-12-31,2025-01-01,2026-04-20,2014-01-01,2026-04-20,62.0,18.0,5.0,13.0,27.78,242176.58,-77317.08,99.89,,52.53,421017.29999999993,-146361.07499999992,20.58,0.18,0.19,0.0123,0.0,11.0,4.0,1.0,3.0,25.0,166762.41,-143887.99,63.0,,47.18,166762.40500000003,-202127.0699999999,-26.49,-0.61,-0.41,0.0159,-0.02,73.0,22.0,6.0,16.0,27.27,269518.86,-100093.25,95.91,,52.93,421017.29999999993,-279236.5499999999,1.56,0.11,0.1,0.0134,0.0
VTBR,breakout_ols,1D,Bayesian_TPE,34,0.101,217,8,2,0.45,1.0,3,15,True,23.78,0.199,0.203,46.86,13,30.77,True,"{""sampler"":""TPESampler"",""seed"":42,""n_trials"":50,""direction"":""maximize"",""objective"":""composite = Sharpe * (Return% / MaxDD%)""}","{""lookback"":217,""pivot_window"":8,""min_touches"":2,""tolerance_atr_mult"":0.45,""cluster_atr_mult"":1.0,""confirmation_bars"":3,""cooldown_bars"":15,""allowshort"":true}",2014-01-01,2024-12-31,2025-01-01,2026-04-20,2014-01-01,2026-04-20,71.0,13.0,4.0,9.0,30.77,191057.16,-58496.66,119.0,,46.86,382874.8499999999,-119648.74999999978,23.78,0.2,0.2,0.0107,0.0,13.0,3.0,2.0,1.0,66.67,239080.88,-304030.1,104.33,,37.33,299206.24999999994,-304030.1,17.41,0.49,0.41,0.0183,0.02,84.0,16.0,6.0,10.0,37.5,226011.58,-90280.75,116.25,,46.86,382874.8499999999,-376337.49999999994,45.33,0.25,0.23,0.012,0.01
VTBR,breakout_ols,1D,Bayesian_TPE,35,0.4,188,9,3,0.35,1.1,3,18,True,57.33,0.304,0.345,43.54,16,31.25,True,"{""sampler"":""TPESampler"",""seed"":42,""n_trials"":50,""direction"":""maximize"",""objective"":""composite = Sharpe * (Return% / MaxDD%)""}","{""lookback"":188,""pivot_window"":9,""min_touches"":3,""tolerance_atr_mult"":0.35,""cluster_atr_mult"":1.1,""confirmation_bars"":3,""cooldown_bars"":18,""allowshort"":true}",2014-01-01,2024-12-31,2025-01-01,2026-04-20,2014-01-01,2026-04-20,60.0,16.0,5.0,11.0,31.25,382007.51,-121518.21,128.69,,43.54,645301.7999999999,-220762.87499999985,57.33,0.3,0.35,0.0129,0.01,9.0,3.0,2.0,1.0,66.67,190928.7,-54400.16,34.67,,12.73,252416.2499999999,-54400.15999999997,32.75,1.07,0.89,0.011,0.09,69.0,18.0,6.0,12.0,33.33,423723.32,-118627.44,122.33,,43.54,645301.7999999999,-220762.87499999985,111.88,0.39,0.44,0.0128,0.01
VTBR,breakout_ols,1D,Bayesian_TPE,36,0.032,231,8,2,0.45,0.95,3,15,True,-26.23,-0.066,-0.064,53.8,18,27.78,True,"{""sampler"":""TPESampler"",""seed"":42,""n_trials"":50,""direction"":""maximize"",""objective"":""composite = Sharpe * (Return% / MaxDD%)""}","{""lookback"":231,""pivot_window"":8,""min_touches"":2,""tolerance_atr_mult"":0.45,""cluster_atr_mult"":0.95,""confirmation_bars"":3,""cooldown_bars"":15,""allowshort"":true}",2014-01-01,2024-12-31,2025-01-01,2026-04-20,2014-01-01,2026-04-20,81.0,18.0,5.0,13.0,27.78,92572.07,-55784.38,90.89,,53.8,261208.4,-133147.5999999999,-26.23,-0.07,-0.06,0.0113,-0.0,11.0,3.0,2.0,1.0,66.67,232690.33,-202847.91,91.0,,35.18,286425.1400000001,-202847.91000000012,26.25,0.63,0.51,0.0188,0.03,92.0,21.0,7.0,14.0,33.33,115165.69,-62488.04,90.9,,53.8,261208.4,-149635.7000000001,-6.87,0.07,0.06,0.0125,0.0
VTBR,breakout_ols,1D,Bayesian_TPE,37,0.236,165,7,3,0.3,1.15,3,17,True,40.68,0.257,0.264,44.34,16,31.25,True,"{""sampler"":""TPESampler"",""seed"":42,""n_trials"":50,""direction"":""maximize"",""objective"":""composite = Sharpe * (Return% / MaxDD%)""}","{""lookback"":165,""pivot_window"":7,""min_touches"":3,""tolerance_atr_mult"":0.3,""cluster_atr_mult"":1.1500000000000001,""confirmation_bars"":3,""cooldown_bars"":17,""allowshort"":true}",2014-01-01,2024-12-31,2025-01-01,2026-04-20,2014-01-01,2026-04-20,58.0,16.0,5.0,11.0,31.25,253378.75,-78191.09,111.19,,44.34,485497.6250000001,-127635.75000000004,40.68,0.26,0.26,0.0123,0.01,10.0,3.0,2.0,1.0,66.67,132838.57,-260337.0,103.0,,43.02,256193.825,-260336.99999999997,0.53,0.16,0.14,0.0181,0.01,68.0,18.0,6.0,12.0,33.33,277743.59,-102638.15,118.17,,44.34,485497.6250000001,-371555.79999999993,43.48,0.24,0.23,0.0133,0.01
VTBR,breakout_ols,1D,Bayesian_TPE,38,0.126,155,6,3,0.4,1.0,2,19,True,29.58,0.218,0.242,51.36,21,28.57,True,"{""sampler"":""TPESampler"",""seed"":42,""n_trials"":50,""direction"":""maximize"",""objective"":""composite = Sharpe * (Return% / MaxDD%)""}","{""lookback"":155,""pivot_window"":6,""min_touches"":3,""tolerance_atr_mult"":0.4,""cluster_atr_mult"":1.0,""confirmation_bars"":2,""cooldown_bars"":19,""allowshort"":true}",2014-01-01,2024-12-31,2025-01-01,2026-04-20,2014-01-01,2026-04-20,82.0,21.0,6.0,15.0,28.57,214587.36,-66117.23,86.48,,51.36,487262.5000000004,-130336.0,29.58,0.22,0.24,0.0122,0.01,12.0,4.0,1.0,3.0,25.0,241026.23,-111282.26,76.25,,44.18,241026.22500000003,-228407.12999999992,-9.28,-0.06,-0.05,0.0178,-0.0,94.0,25.0,7.0,18.0,28.0,239510.51,-80278.6,86.08,,51.36,487262.5000000004,-310113.15999999986,23.16,0.18,0.18,0.0132,0.0
VTBR,breakout_ols,1D,Bayesian_TPE,39,0.029,207,9,2,0.5,1.05,3,13,False,11.6,0.148,0.162,59.33,19,26.32,False,"{""sampler"":""TPESampler"",""seed"":42,""n_trials"":50,""direction"":""maximize"",""objective"":""composite = Sharpe * (Return% / MaxDD%)""}","{""lookback"":207,""pivot_window"":9,""min_touches"":2,""tolerance_atr_mult"":0.5,""cluster_atr_mult"":1.05,""confirmation_bars"":3,""cooldown_bars"":13,""allowshort"":false}",2014-01-01,2024-12-31,2025-01-01,2026-04-20,2014-01-01,2026-04-20,83.0,19.0,5.0,14.0,26.32,222855.56,-71304.84,96.68,,59.33,438008.4000000001,-152204.79999999996,11.6,0.15,0.16,0.0122,0.0,12.0,2.0,1.0,1.0,50.0,253775.75,-257882.9,128.5,,37.33,253775.74999999997,-257882.89999999997,-0.41,0.12,0.08,0.0151,0.0,95.0,21.0,6.0,15.0,28.57,266919.14,-88536.88,102.57,,59.33,438008.4000000001,-329785.49999999994,27.35,0.2,0.19,0.0132,0.0
VTBR,breakout_ols,1D,Bayesian_TPE,40,0.753,170,8,3,0.35,0.8,3,20,True,87.25,0.387,0.418,44.86,14,35.71,True,"{""sampler"":""TPESampler"",""seed"":42,""n_trials"":50,""direction"":""maximize"",""objective"":""composite = Sharpe * (Return% / MaxDD%)""}","{""lookback"":170,""pivot_window"":8,""min_touches"":3,""tolerance_atr_mult"":0.35,""cluster_atr_mult"":0.8,""confirmation_bars"":3,""cooldown_bars"":20,""allowshort"":true}",2014-01-01,2024-12-31,2025-01-01,2026-04-20,2014-01-01,2026-04-20,53.0,14.0,5.0,9.0,35.71,340844.82,-92413.09,131.43,,44.86,601716.2000000001,-155828.19999999987,87.25,0.39,0.42,0.0125,0.01,7.0,2.0,1.0,1.0,50.0,327954.47,-41012.28,119.0,,27.06,327954.475,-41012.27999999998,28.69,0.83,0.93,0.0133,0.04,60.0,15.0,6.0,9.0,40.0,379410.18,-92413.09,141.13,,44.86,623008.475,-155828.19999999987,144.47,0.45,0.49,0.0127,0.01
VTBR,breakout_ols,1D,Bayesian_TPE,41,0.147,197,10,4,0.8500000000000001,0.4,1,3,True,37.61,0.243,0.247,62.08,11,36.36,True,"{""sampler"":""TPESampler"",""seed"":42,""n_trials"":50,""direction"":""maximize"",""objective"":""composite = Sharpe * (Return% / MaxDD%)""}","{""lookback"":197,""pivot_window"":10,""min_touches"":4,""tolerance_atr_mult"":0.8500000000000001,""cluster_atr_mult"":0.4,""confirmation_bars"":1,""cooldown_bars"":3,""allowshort"":true}",2014-01-01,2024-12-31,2025-01-01,2026-04-20,2014-01-01,2026-04-20,83.0,11.0,4.0,7.0,36.36,279746.59,-106122.33,175.36,,62.08,393420.0,-155477.00000000003,37.61,0.24,0.25,0.0135,0.01,12.0,3.0,1.0,2.0,33.33,247510.91,-175030.18,97.0,,46.68,247510.90500000003,-229985.2799999999,-10.25,-0.07,-0.06,0.0183,-0.0,95.0,13.0,4.0,9.0,30.77,352068.64,-126797.94,174.08,,62.08,393420.0,-324730.5599999999,26.71,0.2,0.19,0.0144,0.0
VTBR,breakout_ols,1D,Bayesian_TPE,42,0.035,180,6,4,0.3,0.45,3,17,True,12.95,0.155,0.167,56.98,15,40.0,True,"{""sampler"":""TPESampler"",""seed"":42,""n_trials"":50,""direction"":""maximize"",""objective"":""composite = Sharpe * (Return% / MaxDD%)""}","{""lookback"":180,""pivot_window"":6,""min_touches"":4,""tolerance_atr_mult"":0.3,""cluster_atr_mult"":0.45,""confirmation_bars"":3,""cooldown_bars"":17,""allowshort"":true}",2014-01-01,2024-12-31,2025-01-01,2026-04-20,2014-01-01,2026-04-20,52.0,15.0,6.0,9.0,40.0,206837.79,-123507.64,123.67,,56.98,421017.29999999993,-353434.3499999996,12.95,0.16,0.17,0.0128,0.0,6.0,3.0,1.0,2.0,33.33,32738.68,-46590.84,30.33,,19.34,32738.680000000033,-47295.52,-6.04,-0.31,-0.2,0.0067,-0.01,58.0,17.0,7.0,10.0,41.18,210839.72,-117509.52,121.59,,56.98,421017.29999999993,-353434.3499999996,30.08,0.2,0.22,0.0134,0.0
VTBR,breakout_ols,1D,Bayesian_TPE,43,0.295,151,7,4,0.8,0.9000000000000001,2,15,True,47.58,0.279,0.29,44.96,17,35.29,True,"{""sampler"":""TPESampler"",""seed"":42,""n_trials"":50,""direction"":""maximize"",""objective"":""composite = Sharpe * (Return% / MaxDD%)""}","{""lookback"":151,""pivot_window"":7,""min_touches"":4,""tolerance_atr_mult"":0.8,""cluster_atr_mult"":0.9000000000000001,""confirmation_bars"":2,""cooldown_bars"":15,""allowshort"":true}",2014-01-01,2024-12-31,2025-01-01,2026-04-20,2014-01-01,2026-04-20,62.0,17.0,6.0,11.0,35.29,220765.86,-77162.25,103.82,,44.96,487973.7750000001,-150420.1499999999,47.58,0.28,0.29,0.0123,0.01,7.0,3.0,1.0,2.0,33.33,319967.73,-57817.77,77.33,,25.89,319967.72500000003,-74309.74999999997,20.43,0.66,0.72,0.0126,0.03,69.0,19.0,7.0,12.0,36.84,267633.32,-76329.58,107.42,,44.96,520071.69500000007,-150420.1499999999,95.75,0.37,0.39,0.0125,0.01
VTBR,breakout_ols,1D,Bayesian_TPE,44,0.616,172,11,4,0.4,0.65,3,19,True,76.06,0.373,0.39,46.09,9,44.44,True,"{""sampler"":""TPESampler"",""seed"":42,""n_trials"":50,""direction"":""maximize"",""objective"":""composite = Sharpe * (Return% / MaxDD%)""}","{""lookback"":172,""pivot_window"":11,""min_touches"":4,""tolerance_atr_mult"":0.4,""cluster_atr_mult"":0.65,""confirmation_bars"":3,""cooldown_bars"":19,""allowshort"":true}",2014-01-01,2024-12-31,2025-01-01,2026-04-20,2014-01-01,2026-04-20,40.0,9.0,4.0,5.0,44.44,387093.6,-157560.23,169.89,,46.09,662718.6000000003,-252641.92499999932,76.06,0.37,0.39,0.0115,0.01,7.0,2.0,1.0,1.0,50.0,303309.65,-113102.7,115.5,,27.06,303309.64999999997,-113102.70000000008,19.02,0.63,0.66,0.0127,0.03,47.0,11.0,5.0,6.0,45.45,416470.75,-164489.57,160.0,,46.09,662718.6000000003,-252641.92499999932,109.54,0.41,0.43,0.0117,0.01
VTBR,breakout_ols,1D,Bayesian_TPE,45,0.006,223,9,3,0.45,1.05,1,16,True,-20.39,-0.017,-0.017,54.85,20,30.0,True,"{""sampler"":""TPESampler"",""seed"":42,""n_trials"":50,""direction"":""maximize"",""objective"":""composite = Sharpe * (Return% / MaxDD%)""}","{""lookback"":223,""pivot_window"":9,""min_touches"":3,""tolerance_atr_mult"":0.45,""cluster_atr_mult"":1.05,""confirmation_bars"":1,""cooldown_bars"":16,""allowshort"":true}",2014-01-01,2024-12-31,2025-01-01,2026-04-20,2014-01-01,2026-04-20,81.0,20.0,6.0,14.0,30.0,132471.81,-71341.04,85.85,,54.85,353774.74999999994,-214215.29999999996,-20.39,-0.02,-0.02,0.0119,-0.0,11.0,2.0,1.0,1.0,50.0,343538.59,-156731.52,126.5,,32.54,343538.5900000001,-156731.51999999984,18.68,0.55,0.38,0.0161,0.03,92.0,22.0,7.0,15.0,31.82,174951.72,-76119.11,91.82,,54.85,353774.74999999994,-214215.29999999996,8.29,0.13,0.13,0.013,0.0
VTBR,breakout_ols,1D,Bayesian_TPE,46,0.04,186,4,3,0.95,0.75,2,13,False,15.36,0.162,0.177,61.8,29,34.48,False,"{""sampler"":""TPESampler"",""seed"":42,""n_trials"":50,""direction"":""maximize"",""objective"":""composite = Sharpe * (Return% / MaxDD%)""}","{""lookback"":186,""pivot_window"":4,""min_touches"":3,""tolerance_atr_mult"":0.95,""cluster_atr_mult"":0.75,""confirmation_bars"":2,""cooldown_bars"":13,""allowshort"":false}",2014-01-01,2024-12-31,2025-01-01,2026-04-20,2014-01-01,2026-04-20,102.0,29.0,10.0,19.0,34.48,116710.59,-53341.58,55.14,,61.8,410247.00000000006,-166801.49999999997,15.36,0.16,0.18,0.0119,0.0,14.0,4.0,2.0,2.0,50.0,161813.38,-65698.83,67.75,,20.21,316759.13500000007,-104314.65999999992,19.22,0.69,0.8,0.0112,0.04,116.0,33.0,12.0,21.0,36.36,134442.43,-55824.06,57.61,,61.8,410247.00000000006,-166801.49999999997,44.1,0.25,0.27,0.0119,0.0
VTBR,breakout_ols,1D,Bayesian_TPE,47,0.091,128,8,4,0.35,0.3,3,9,True,20.65,0.185,0.186,42.06,13,46.15,True,"{""sampler"":""TPESampler"",""seed"":42,""n_trials"":50,""direction"":""maximize"",""objective"":""composite = Sharpe * (Return% / MaxDD%)""}","{""lookback"":128,""pivot_window"":8,""min_touches"":4,""tolerance_atr_mult"":0.35,""cluster_atr_mult"":0.3,""confirmation_bars"":3,""cooldown_bars"":9,""allowshort"":true}",2014-01-01,2024-12-31,2025-01-01,2026-04-20,2014-01-01,2026-04-20,50.0,13.0,6.0,7.0,46.15,136199.13,-87246.49,129.23,,42.06,443734.1999999999,-175821.8000000002,20.65,0.18,0.19,0.0114,0.0,6.0,2.0,1.0,1.0,50.0,191976.72,-88785.6,88.0,,17.39,191976.7200000001,-88785.60000000003,10.32,0.41,0.4,0.0117,0.03,56.0,14.0,7.0,7.0,50.0,157120.82,-87246.49,135.79,,42.06,443734.1999999999,-175821.8000000002,48.91,0.26,0.27,0.0117,0.01
VTBR,breakout_ols,1D,Bayesian_TPE,48,0.033,214,5,5,0.65,0.95,2,11,True,12.81,0.149,0.157,57.28,16,37.5,True,"{""sampler"":""TPESampler"",""seed"":42,""n_trials"":50,""direction"":""maximize"",""objective"":""composite = Sharpe * (Return% / MaxDD%)""}","{""lookback"":214,""pivot_window"":5,""min_touches"":5,""tolerance_atr_mult"":0.65,""cluster_atr_mult"":0.95,""confirmation_bars"":2,""cooldown_bars"":11,""allowshort"":true}",2014-01-01,2024-12-31,2025-01-01,2026-04-20,2014-01-01,2026-04-20,68.0,16.0,6.0,10.0,37.5,115900.8,-56725.48,101.12,,57.28,393476.10000000015,-152236.69999999978,12.81,0.15,0.16,0.0108,0.0,9.0,2.0,1.0,1.0,50.0,84910.23,-29289.45,44.5,,12.19,84910.22999999994,-29289.449999999943,5.56,0.37,0.24,0.0065,0.02,77.0,18.0,6.0,12.0,33.33,125771.07,-56537.35,100.17,,57.28,393476.10000000015,-152236.69999999978,7.62,0.12,0.12,0.0112,0.0
VTBR,breakout_ols,1D,Bayesian_TPE,49,0.258,198,3,4,0.55,0.55,1,16,True,48.82,0.283,0.314,53.59,28,42.86,True,"{""sampler"":""TPESampler"",""seed"":42,""n_trials"":50,""direction"":""maximize"",""objective"":""composite = Sharpe * (Return% / MaxDD%)""}","{""lookback"":198,""pivot_window"":3,""min_touches"":4,""tolerance_atr_mult"":0.55,""cluster_atr_mult"":0.55,""confirmation_bars"":1,""cooldown_bars"":16,""allowshort"":true}",2014-01-01,2024-12-31,2025-01-01,2026-04-20,2014-01-01,2026-04-20,101.0,28.0,12.0,16.0,42.86,151193.32,-82883.27,58.71,,53.59,585685.6000000001,-373215.8249999999,48.82,0.28,0.31,0.0122,0.01,13.0,3.0,2.0,1.0,66.67,281645.98,-22103.25,83.33,,13.39,446139.6000000001,-22103.250000000033,54.12,1.4,1.72,0.0128,0.13,114.0,31.0,14.0,17.0,45.16,197132.97,-80032.0,62.0,,53.59,694540.5850000001,-373215.8249999999,139.93,0.45,0.51,0.0124,0.01
ROSN,breakout_ols,1D,Bayesian_TPE,0,1.38,175,12,4,0.8500000000000001,0.4,1,4,True,158.52,0.507,0.502,58.25,12,50.0,True,"{""sampler"":""TPESampler"",""seed"":42,""n_trials"":50,""direction"":""maximize"",""objective"":""composite = Sharpe * (Return% / MaxDD%)""}","{""lookback"":175,""pivot_window"":12,""min_touches"":4,""tolerance_atr_mult"":0.8500000000000001,""cluster_atr_mult"":0.4,""confirmation_bars"":1,""cooldown_bars"":4,""allowshort"":true}",2014-01-01,2024-12-31,2025-01-01,2026-04-20,2014-01-01,2026-04-20,83.0,12.0,6.0,6.0,50.0,376868.54,-112662.84,183.58,,58.25,657310.5,-379387.8000000001,158.52,0.51,0.5,0.0138,0.01,11.0,2.0,1.0,1.0,50.0,33469.5,-110893.0,160.5,,24.04,33469.49999999995,-110893.00000000004,-7.74,-0.15,-0.19,0.0126,-0.01,94.0,13.0,7.0,6.0,53.85,278581.82,-112662.84,197.54,,58.25,657310.5,-379387.8000000001,127.41,0.41,0.42,0.0138,0.01
ROSN,breakout_ols,1D,Bayesian_TPE,1,1.199,242,3,5,1.05,0.5,1,6,False,104.09,0.441,0.463,38.3,37,45.95,False,"{""sampler"":""TPESampler"",""seed"":42,""n_trials"":50,""direction"":""maximize"",""objective"":""composite = Sharpe * (Return% / MaxDD%)""}","{""lookback"":242,""pivot_window"":3,""min_touches"":5,""tolerance_atr_mult"":1.05,""cluster_atr_mult"":0.5,""confirmation_bars"":1,""cooldown_bars"":6,""allowshort"":false}",2014-01-01,2024-12-31,2025-01-01,2026-04-20,2014-01-01,2026-04-20,148.0,37.0,17.0,20.0,45.95,120006.55,-49958.47,53.27,,38.3,520704.8000000001,-148504.45000000004,104.09,0.44,0.46,0.0118,0.01,25.0,6.0,3.0,3.0,50.0,57740.35,-46266.0,32.67,,20.07,76227.9999999999,-53169.59999999994,3.44,0.2,0.23,0.0108,0.01,173.0,43.0,20.0,23.0,46.51,111172.65,-54884.41,50.65,,38.3,520704.8000000001,-148504.45000000004,96.11,0.38,0.4,0.0117,0.01
ROSN,breakout_ols,1D,Bayesian_TPE,2,0.924,186,5,4,0.4,0.55,2,11,True,89.06,0.403,0.396,38.83,24,37.5,True,"{""sampler"":""TPESampler"",""seed"":42,""n_trials"":50,""direction"":""maximize"",""objective"":""composite = Sharpe * (Return% / MaxDD%)""}","{""lookback"":186,""pivot_window"":5,""min_touches"":4,""tolerance_atr_mult"":0.4,""cluster_atr_mult"":0.55,""confirmation_bars"":2,""cooldown_bars"":11,""allowshort"":true}",2014-01-01,2024-12-31,2025-01-01,2026-04-20,2014-01-01,2026-04-20,99.0,24.0,9.0,15.0,37.5,202371.72,-62047.99,75.71,,38.83,434957.9,-272489.09999999986,89.06,0.4,0.4,0.0119,0.01,9.0,2.0,0.0,2.0,0.0,0.0,-20833.93,27.5,,16.56,-11263.050000000074,-30404.799999999945,-4.17,-0.23,-0.11,0.0059,-0.01,108.0,26.0,9.0,17.0,34.62,166451.24,-58589.84,75.35,,38.83,434957.9,-272489.09999999986,50.2,0.27,0.26,0.0116,0.01
ROSN,breakout_ols,1D,Bayesian_TPE,3,1.165,203,8,2,0.8500000000000001,0.45,1,20,True,106.71,0.447,0.492,40.95,26,26.92,True,"{""sampler"":""TPESampler"",""seed"":42,""n_trials"":50,""direction"":""maximize"",""objective"":""composite = Sharpe * (Return% / MaxDD%)""}","{""lookback"":203,""pivot_window"":8,""min_touches"":2,""tolerance_atr_mult"":0.8500000000000001,""cluster_atr_mult"":0.45,""confirmation_bars"":1,""cooldown_bars"":20,""allowshort"":true}",2014-01-01,2024-12-31,2025-01-01,2026-04-20,2014-01-01,2026-04-20,87.0,26.0,7.0,19.0,26.92,319590.97,-61580.29,76.92,,40.95,949162.5,-163204.60000000015,106.71,0.45,0.49,0.0118,0.01,19.0,4.0,1.0,3.0,25.0,48664.2,-35344.85,45.25,,18.66,48664.19999999992,-39435.900000000045,-5.74,-0.13,-0.14,0.0106,-0.01,106.0,29.0,8.0,21.0,27.59,251398.95,-61501.25,76.21,,40.95,949162.5,-163204.60000000015,71.97,0.32,0.36,0.0118,0.01
ROSN,breakout_ols,1D,Bayesian_TPE,4,1.832,161,3,4,0.7,0.4,2,3,True,138.27,0.496,0.55,37.43,29,37.93,True,"{""sampler"":""TPESampler"",""seed"":42,""n_trials"":50,""direction"":""maximize"",""objective"":""composite = Sharpe * (Return% / MaxDD%)""}","{""lookback"":161,""pivot_window"":3,""min_touches"":4,""tolerance_atr_mult"":0.7,""cluster_atr_mult"":0.4,""confirmation_bars"":2,""cooldown_bars"":3,""allowshort"":true}",2014-01-01,2024-12-31,2025-01-01,2026-04-20,2014-01-01,2026-04-20,172.0,29.0,11.0,18.0,37.93,217047.36,-55822.38,74.38,,37.43,551187.0000000002,-364145.0,138.27,0.5,0.55,0.0126,0.02,18.0,5.0,1.0,4.0,20.0,44244.2,-46797.62,26.0,,20.99,44244.19999999993,-94131.80000000005,-14.29,-0.59,-0.5,0.009,-0.03,190.0,33.0,12.0,21.0,36.36,179639.87,-58282.98,70.67,,37.43,551187.0000000002,-364145.0,93.17,0.36,0.4,0.0124,0.01
ROSN,breakout_ols,1D,Bayesian_TPE,5,1.352,233,6,4,0.8,0.45,3,16,True,109.62,0.457,0.439,37.06,15,40.0,True,"{""sampler"":""TPESampler"",""seed"":42,""n_trials"":50,""direction"":""maximize"",""objective"":""composite = Sharpe * (Return% / MaxDD%)""}","{""lookback"":233,""pivot_window"":6,""min_touches"":4,""tolerance_atr_mult"":0.8,""cluster_atr_mult"":0.45,""confirmation_bars"":3,""cooldown_bars"":16,""allowshort"":true}",2014-01-01,2024-12-31,2025-01-01,2026-04-20,2014-01-01,2026-04-20,56.0,15.0,6.0,9.0,40.0,303540.33,-80560.22,122.73,,37.06,999913.2,-279059.29999999993,109.62,0.46,0.44,0.0117,0.01,11.0,3.0,1.0,2.0,33.33,3689.5,-157844.93,64.67,,38.58,3689.4999999999463,-177274.65000000005,-31.2,-1.16,-1.17,0.0115,-0.03,67.0,17.0,6.0,11.0,35.29,283843.28,-130029.03,121.53,,40.7,999913.2,-449194.1999999999,27.27,0.2,0.19,0.0118,0.01
ROSN,breakout_ols,1D,Bayesian_TPE,6,2.245,220,12,2,0.45,0.3,1,9,False,167.44,0.564,0.607,42.07,16,31.25,False,"{""sampler"":""TPESampler"",""seed"":42,""n_trials"":50,""direction"":""maximize"",""objective"":""composite = Sharpe * (Return% / MaxDD%)""}","{""lookback"":220,""pivot_window"":12,""min_touches"":2,""tolerance_atr_mult"":0.45,""cluster_atr_mult"":0.3,""confirmation_bars"":1,""cooldown_bars"":9,""allowshort"":false}",2014-01-01,2024-12-31,2025-01-01,2026-04-20,2014-01-01,2026-04-20,81.0,16.0,5.0,11.0,31.25,503624.6,-76705.86,125.81,,42.07,1105252.2,-189525.7000000001,167.44,0.56,0.61,0.0121,0.02,16.0,2.0,1.0,1.0,50.0,46041.1,-256372.75,83.0,,29.98,46041.09999999992,-256372.7500000001,-21.03,-0.77,-0.69,0.0107,-0.03,97.0,17.0,5.0,12.0,29.41,439592.04,-94156.89,128.71,,42.07,1105252.2,-286118.19999999984,106.81,0.4,0.42,0.0119,0.01
ROSN,breakout_ols,1D,Bayesian_TPE,7,0.656,171,5,4,0.4,1.05,1,20,True,62.99,0.337,0.377,32.38,33,39.39,True,"{""sampler"":""TPESampler"",""seed"":42,""n_trials"":50,""direction"":""maximize"",""objective"":""composite = Sharpe * (Return% / MaxDD%)""}","{""lookback"":171,""pivot_window"":5,""min_touches"":4,""tolerance_atr_mult"":0.4,""cluster_atr_mult"":1.05,""confirmation_bars"":1,""cooldown_bars"":20,""allowshort"":true}",2014-01-01,2024-12-31,2025-01-01,2026-04-20,2014-01-01,2026-04-20,100.0,33.0,13.0,20.0,39.39,157742.64,-71037.31,61.36,,32.38,505926.0,-362111.79999999993,62.99,0.34,0.38,0.0114,0.01,18.0,6.0,1.0,5.0,16.67,68175.1,-40464.66,32.0,,27.09,68175.09999999998,-87653.39999999998,-13.41,-0.44,-0.48,0.0106,-0.02,118.0,39.0,14.0,25.0,35.9,154411.66,-70022.31,56.85,,46.06,505926.0,-362111.79999999993,41.12,0.24,0.27,0.0113,0.01
ROSN,breakout_ols,1D,Bayesian_TPE,8,0.034,101,11,4,0.95,1.0,1,9,False,12.37,0.183,0.163,67.06,5,60.0,False,"{""sampler"":""TPESampler"",""seed"":42,""n_trials"":50,""direction"":""maximize"",""objective"":""composite = Sharpe * (Return% / MaxDD%)""}","{""lookback"":101,""pivot_window"":11,""min_touches"":4,""tolerance_atr_mult"":0.95,""cluster_atr_mult"":1.0,""confirmation_bars"":1,""cooldown_bars"":9,""allowshort"":false}",2014-01-01,2024-12-31,2025-01-01,2026-04-20,2014-01-01,2026-04-20,20.0,5.0,3.0,2.0,60.0,91511.32,-75396.15,503.4,,67.06,185649.24999999997,-79867.5,12.37,0.18,0.16,0.0171,0.0,3.0,1.0,1.0,0.0,100.0,5390.9,0.0,48.0,,16.56,5390.899999999921,5390.899999999921,0.54,0.08,0.04,0.0059,0.0,23.0,6.0,3.0,3.0,50.0,80487.33,-158877.6,459.33,,67.06,185649.24999999997,-325840.5,-23.52,0.06,0.05,0.0167,0.0
ROSN,breakout_ols,1D,Bayesian_TPE,9,1.734,225,6,2,0.55,0.6000000000000001,3,14,True,122.21,0.463,0.513,32.63,28,39.29,True,"{""sampler"":""TPESampler"",""seed"":42,""n_trials"":50,""direction"":""maximize"",""objective"":""composite = Sharpe * (Return% / MaxDD%)""}","{""lookback"":225,""pivot_window"":6,""min_touches"":2,""tolerance_atr_mult"":0.55,""cluster_atr_mult"":0.6000000000000001,""confirmation_bars"":3,""cooldown_bars"":14,""allowshort"":true}",2014-01-01,2024-12-31,2025-01-01,2026-04-20,2014-01-01,2026-04-20,104.0,28.0,11.0,17.0,39.29,210303.4,-64192.91,86.07,,32.63,911974.4,-341815.0000000001,122.21,0.46,0.51,0.0127,0.02,23.0,4.0,1.0,3.0,25.0,4227.65,-71921.05,41.5,,29.61,4227.649999999939,-77286.30000000002,-21.15,-0.84,-0.82,0.01,-0.03,127.0,32.0,11.0,21.0,34.38,199027.25,-76491.96,81.0,,34.31,911974.4,-341815.0000000001,58.3,0.28,0.31,0.0124,0.01
ROSN,breakout_ols,1D,Bayesian_TPE,10,0.737,291,10,2,0.3,0.8,2,9,False,87.36,0.406,0.376,48.12,18,38.89,False,"{""sampler"":""TPESampler"",""seed"":42,""n_trials"":50,""direction"":""maximize"",""objective"":""composite = Sharpe * (Return% / MaxDD%)""}","{""lookback"":291,""pivot_window"":10,""min_touches"":2,""tolerance_atr_mult"":0.3,""cluster_atr_mult"":0.8,""confirmation_bars"":2,""cooldown_bars"":9,""allowshort"":false}",2014-01-01,2024-12-31,2025-01-01,2026-04-20,2014-01-01,2026-04-20,95.0,18.0,7.0,11.0,38.89,295555.08,-108657.83,98.44,,48.12,597842.9999999999,-426261.15,87.36,0.41,0.38,0.0115,0.01,32.0,8.0,1.0,7.0,12.5,4000.0,-31035.9,15.88,,23.16,4000.0,-73958.39999999992,-21.33,-1.01,-0.84,0.0085,-0.04,127.0,26.0,7.0,19.0,26.92,275998.94,-85142.76,73.62,,48.12,597842.9999999999,-426261.15,31.43,0.21,0.19,0.0112,0.0
ROSN,breakout_ols,1D,Bayesian_TPE,11,0.964,124,9,3,0.6000000000000001,0.3,2,3,False,115.76,0.441,0.468,52.97,18,50.0,False,"{""sampler"":""TPESampler"",""seed"":42,""n_trials"":50,""direction"":""maximize"",""objective"":""composite = Sharpe * (Return% / MaxDD%)""}","{""lookback"":124,""pivot_window"":9,""min_touches"":3,""tolerance_atr_mult"":0.6000000000000001,""cluster_atr_mult"":0.3,""confirmation_bars"":2,""cooldown_bars"":3,""allowshort"":false}",2014-01-01,2024-12-31,2025-01-01,2026-04-20,2014-01-01,2026-04-20,105.0,18.0,9.0,9.0,50.0,201213.16,-72588.57,121.39,,52.97,662040.4,-121824.89999999997,115.76,0.44,0.47,0.0132,0.01,13.0,3.0,0.0,3.0,0.0,0.0,-20683.4,70.0,,16.56,-11021.000000000073,-34327.75,-6.21,-0.14,-0.16,0.0108,-0.01,118.0,21.0,9.0,12.0,42.86,175126.27,-64385.38,117.1,,52.97,662040.4,-121824.89999999997,80.35,0.33,0.36,0.0131,0.01
ROSN,breakout_ols,1D,Bayesian_TPE,12,0.159,132,3,3,0.65,0.7,2,7,False,27.25,0.211,0.254,36.08,49,36.73,False,"{""sampler"":""TPESampler"",""seed"":42,""n_trials"":50,""direction"":""maximize"",""objective"":""composite = Sharpe * (Return% / MaxDD%)""}","{""lookback"":132,""pivot_window"":3,""min_touches"":3,""tolerance_atr_mult"":0.65,""cluster_atr_mult"":0.7,""confirmation_bars"":2,""cooldown_bars"":7,""allowshort"":false}",2014-01-01,2024-12-31,2025-01-01,2026-04-20,2014-01-01,2026-04-20,185.0,49.0,18.0,31.0,36.73,92325.99,-44818.96,44.31,,36.08,285588.80000000005,-115414.0,27.25,0.21,0.25,0.0118,0.01,25.0,8.0,2.0,6.0,25.0,53331.38,-41949.56,23.88,,23.38,71758.79999999997,-80136.79999999989,-14.5,-0.47,-0.52,0.0109,-0.02,210.0,56.0,20.0,36.0,35.71,81253.77,-44330.83,42.98,,36.08,285588.80000000005,-115414.0,2.92,0.11,0.13,0.0118,0.0
ROSN,breakout_ols,1D,Bayesian_TPE,13,3.947,273,12,5,1.2,0.3,3,6,False,201.95,0.655,0.635,33.51,8,62.5,False,"{""sampler"":""TPESampler"",""seed"":42,""n_trials"":50,""direction"":""maximize"",""objective"":""composite = Sharpe * (Return% / MaxDD%)""}","{""lookback"":273,""pivot_window"":12,""min_touches"":5,""tolerance_atr_mult"":1.2,""cluster_atr_mult"":0.3,""confirmation_bars"":3,""cooldown_bars"":6,""allowshort"":false}",2014-01-01,2024-12-31,2025-01-01,2026-04-20,2014-01-01,2026-04-20,49.0,8.0,5.0,3.0,62.5,459913.7,-93372.25,225.12,,33.51,1046200.4,-94991.55000000002,201.95,0.66,0.63,0.0112,0.02,7.0,2.0,1.0,1.0,50.0,53013.0,-297352.0,147.0,,34.36,53013.0,-297351.9999999999,-24.43,-0.68,-0.83,0.0136,-0.03,56.0,9.0,5.0,4.0,55.56,454188.74,-278152.24,237.78,,36.62,1046200.4,-832492.1999999998,115.83,0.42,0.43,0.0118,0.01
ROSN,breakout_ols,1D,Bayesian_TPE,14,2.798,287,12,5,1.2,0.3,3,7,False,166.15,0.596,0.565,35.39,8,62.5,False,"{""sampler"":""TPESampler"",""seed"":42,""n_trials"":50,""direction"":""maximize"",""objective"":""composite = Sharpe * (Return% / MaxDD%)""}","{""lookback"":287,""pivot_window"":12,""min_touches"":5,""tolerance_atr_mult"":1.2,""cluster_atr_mult"":0.3,""confirmation_bars"":3,""cooldown_bars"":7,""allowshort"":false}",2014-01-01,2024-12-31,2025-01-01,2026-04-20,2014-01-01,2026-04-20,50.0,8.0,5.0,3.0,62.5,394721.1,-104049.47,219.88,,35.39,863374.4000000001,-138728.39999999997,166.15,0.6,0.57,0.0111,0.02,6.0,1.0,0.0,1.0,0.0,0.0,-235701.6,430.0,,36.74,-235701.59999999995,-235701.59999999995,-23.57,-0.51,-0.77,0.0163,-0.02,56.0,8.0,4.0,4.0,50.0,456791.41,-225739.36,279.25,,38.92,863374.4000000001,-590809.0500000003,92.42,0.37,0.39,0.0121,0.01
ROSN,breakout_ols,1D,Bayesian_TPE,15,1.076,300,10,5,1.2,0.8500000000000001,3,6,False,97.32,0.446,0.402,40.33,11,45.45,False,"{""sampler"":""TPESampler"",""seed"":42,""n_trials"":50,""direction"":""maximize"",""objective"":""composite = Sharpe * (Return% / MaxDD%)""}","{""lookback"":300,""pivot_window"":10,""min_touches"":5,""tolerance_atr_mult"":1.2,""cluster_atr_mult"":0.8500000000000001,""confirmation_bars"":3,""cooldown_bars"":6,""allowshort"":false}",2014-01-01,2024-12-31,2025-01-01,2026-04-20,2014-01-01,2026-04-20,54.0,11.0,5.0,6.0,45.45,351287.44,-130545.08,157.0,,40.33,711048.0,-360173.0000000002,97.32,0.45,0.4,0.0109,0.01,11.0,3.0,1.0,2.0,33.33,73853.0,-153817.55,117.0,,32.4,73853.0,-226300.6,-23.38,-0.54,-0.78,0.0154,-0.03,65.0,13.0,5.0,8.0,38.46,358247.44,-163032.55,160.15,,40.33,711048.0,-439289.4,48.7,0.26,0.26,0.0116,0.01
ROSN,breakout_ols,1D,Bayesian_TPE,16,0.586,271,11,5,1.2,1.2,3,13,False,83.11,0.373,0.366,52.9,11,45.45,False,"{""sampler"":""TPESampler"",""seed"":42,""n_trials"":50,""direction"":""maximize"",""objective"":""composite = Sharpe * (Return% / MaxDD%)""}","{""lookback"":271,""pivot_window"":11,""min_touches"":5,""tolerance_atr_mult"":1.2,""cluster_atr_mult"":1.2,""confirmation_bars"":3,""cooldown_bars"":13,""allowshort"":false}",2014-01-01,2024-12-31,2025-01-01,2026-04-20,2014-01-01,2026-04-20,51.0,11.0,5.0,6.0,45.45,322785.52,-130465.74,195.0,,52.9,637459.2000000001,-365385.2499999999,83.11,0.37,0.37,0.0129,0.01,8.0,3.0,1.0,2.0,33.33,46110.0,-141730.0,92.67,,33.75,46110.0,-279214.39999999997,-23.73,-0.67,-0.79,0.0134,-0.03,59.0,13.0,5.0,8.0,38.46,318614.95,-158999.69,189.85,,52.9,637459.2000000001,-481849.5000000002,32.11,0.21,0.21,0.0131,0.01
ROSN,breakout_ols,1D,Bayesian_TPE,17,1.97,258,12,5,1.05,0.3,3,7,False,147.13,0.543,0.541,40.56,9,55.56,False,"{""sampler"":""TPESampler"",""seed"":42,""n_trials"":50,""direction"":""maximize"",""objective"":""composite = Sharpe * (Return% / MaxDD%)""}","{""lookback"":258,""pivot_window"":12,""min_touches"":5,""tolerance_atr_mult"":1.05,""cluster_atr_mult"":0.3,""confirmation_bars"":3,""cooldown_bars"":7,""allowshort"":false}",2014-01-01,2024-12-31,2025-01-01,2026-04-20,2014-01-01,2026-04-20,51.0,9.0,5.0,4.0,55.56,399556.56,-131628.88,212.56,,40.56,856269.6000000001,-191232.00000000012,147.13,0.54,0.54,0.0115,0.02,5.0,2.0,1.0,1.0,50.0,53013.0,-297352.0,147.0,,34.36,53013.0,-297351.9999999999,-24.43,-0.68,-0.83,0.0136,-0.03,56.0,10.0,5.0,5.0,50.0,394870.5,-241556.44,225.2,,40.56,856269.6000000001,-681266.6999999998,76.66,0.33,0.35,0.012,0.01
ROSN,breakout_ols,1D,Bayesian_TPE,18,5.916,274,8,5,1.05,0.65,3,11,False,239.6,0.757,0.807,30.66,9,55.56,False,"{""sampler"":""TPESampler"",""seed"":42,""n_trials"":50,""direction"":""maximize"",""objective"":""composite = Sharpe * (Return% / MaxDD%)""}","{""lookback"":274,""pivot_window"":8,""min_touches"":5,""tolerance_atr_mult"":1.05,""cluster_atr_mult"":0.65,""confirmation_bars"":3,""cooldown_bars"":11,""allowshort"":false}",2014-01-01,2024-12-31,2025-01-01,2026-04-20,2014-01-01,2026-04-20,50.0,9.0,5.0,4.0,55.56,537464.72,-72827.17,192.22,,30.66,1499423.2500000002,-98815.5,239.6,0.76,0.81,0.0104,0.03,12.0,4.0,1.0,3.0,25.0,50403.8,-106242.3,68.0,,40.7,50403.79999999998,-163257.15000000005,-26.83,-0.92,-1.06,0.0119,-0.03,62.0,12.0,5.0,7.0,41.67,527179.19,-206171.04,169.42,,42.98,1499423.2500000002,-685807.1999999998,119.27,0.45,0.49,0.0108,0.01
ROSN,breakout_ols,1D,Bayesian_TPE,19,1.325,260,8,3,1.05,0.7,3,17,False,119.42,0.466,0.466,41.99,16,43.75,False,"{""sampler"":""TPESampler"",""seed"":42,""n_trials"":50,""direction"":""maximize"",""objective"":""composite = Sharpe * (Return% / MaxDD%)""}","{""lookback"":260,""pivot_window"":8,""min_touches"":3,""tolerance_atr_mult"":1.05,""cluster_atr_mult"":0.7,""confirmation_bars"":3,""cooldown_bars"":17,""allowshort"":false}",2014-01-01,2024-12-31,2025-01-01,2026-04-20,2014-01-01,2026-04-20,66.0,16.0,7.0,9.0,43.75,260023.13,-69547.68,121.31,,41.99,764557.2000000001,-141711.54999999993,119.42,0.47,0.47,0.0123,0.01,15.0,4.0,2.0,2.0,50.0,31893.02,-89475.75,53.75,,28.29,59661.44999999991,-107742.60000000002,-11.52,-0.35,-0.39,0.0109,-0.01,81.0,20.0,8.0,12.0,40.0,226970.88,-88455.39,108.6,,41.99,764557.2000000001,-213610.95000000004,75.43,0.33,0.33,0.0121,0.01
ROSN,breakout_ols,1D,Bayesian_TPE,20,1.2,275,7,5,0.95,0.9000000000000001,3,11,False,134.93,0.5,0.454,56.23,14,42.86,False,"{""sampler"":""TPESampler"",""seed"":42,""n_trials"":50,""direction"":""maximize"",""objective"":""composite = Sharpe * (Return% / MaxDD%)""}","{""lookback"":275,""pivot_window"":7,""min_touches"":5,""tolerance_atr_mult"":0.95,""cluster_atr_mult"":0.9000000000000001,""confirmation_bars"":3,""cooldown_bars"":11,""allowshort"":false}",2014-01-01,2024-12-31,2025-01-01,2026-04-20,2014-01-01,2026-04-20,61.0,14.0,6.0,8.0,42.86,354043.95,-96865.6,133.36,,56.23,702595.2000000001,-470321.0000000002,134.93,0.5,0.45,0.0123,0.01,17.0,6.0,3.0,3.0,50.0,18584.13,-69956.37,29.83,,25.26,46911.900000000045,-121451.40000000002,-15.41,-0.57,-0.58,0.0099,-0.02,78.0,20.0,8.0,12.0,40.0,262814.29,-108909.1,103.1,,56.23,702595.2000000001,-470321.0000000002,79.56,0.34,0.31,0.012,0.01
ROSN,breakout_ols,1D,Bayesian_TPE,21,0.773,288,10,5,1.15,0.65,3,5,False,93.89,0.425,0.362,51.59,9,55.56,False,"{""sampler"":""TPESampler"",""seed"":42,""n_trials"":50,""direction"":""maximize"",""objective"":""composite = Sharpe * (Return% / MaxDD%)""}","{""lookback"":288,""pivot_window"":10,""min_touches"":5,""tolerance_atr_mult"":1.1500000000000001,""cluster_atr_mult"":0.65,""confirmation_bars"":3,""cooldown_bars"":5,""allowshort"":false}",2014-01-01,2024-12-31,2025-01-01,2026-04-20,2014-01-01,2026-04-20,51.0,9.0,5.0,4.0,55.56,328579.16,-175989.33,187.22,,51.59,590892.0000000001,-412550.8000000001,93.89,0.43,0.36,0.0114,0.01,11.0,2.0,1.0,1.0,50.0,55779.4,-246334.2,198.5,,34.4,55779.39999999998,-246334.2,-19.06,-0.4,-0.59,0.0155,-0.02,62.0,10.0,5.0,5.0,50.0,324542.83,-247542.09,211.3,,51.59,590892.0000000001,-533753.1499999999,38.5,0.23,0.22,0.0121,0.01
ROSN,breakout_ols,1D,Bayesian_TPE,22,2.369,247,11,5,1.1,0.35,3,8,False,151.48,0.543,0.558,34.72,10,50.0,False,"{""sampler"":""TPESampler"",""seed"":42,""n_trials"":50,""direction"":""maximize"",""objective"":""composite = Sharpe * (Return% / MaxDD%)""}","{""lookback"":247,""pivot_window"":11,""min_touches"":5,""tolerance_atr_mult"":1.1,""cluster_atr_mult"":0.35,""confirmation_bars"":3,""cooldown_bars"":8,""allowshort"":false}",2014-01-01,2024-12-31,2025-01-01,2026-04-20,2014-01-01,2026-04-20,56.0,10.0,5.0,5.0,50.0,396246.17,-93293.13,200.0,,34.72,871236.4,-142021.5,151.48,0.54,0.56,0.0118,0.02,8.0,3.0,1.0,2.0,33.33,44059.05,-195304.75,85.67,,44.36,44059.04999999993,-263825.7000000001,-34.66,-1.12,-1.26,0.0133,-0.03,64.0,12.0,5.0,7.0,41.67,386797.97,-201484.61,191.92,,46.28,871236.4,-648281.25,52.36,0.27,0.28,0.0122,0.01
ROSN,breakout_ols,1D,Bayesian_TPE,23,0.304,278,9,5,0.95,0.55,3,12,False,36.64,0.259,0.22,31.17,9,44.44,False,"{""sampler"":""TPESampler"",""seed"":42,""n_trials"":50,""direction"":""maximize"",""objective"":""composite = Sharpe * (Return% / MaxDD%)""}","{""lookback"":278,""pivot_window"":9,""min_touches"":5,""tolerance_atr_mult"":0.95,""cluster_atr_mult"":0.55,""confirmation_bars"":3,""cooldown_bars"":12,""allowshort"":false}",2014-01-01,2024-12-31,2025-01-01,2026-04-20,2014-01-01,2026-04-20,41.0,9.0,4.0,5.0,44.44,265187.12,-138875.02,163.22,,31.17,460061.0,-401136.0000000002,36.64,0.26,0.22,0.01,0.01,10.0,3.0,1.0,2.0,33.33,54722.4,-130262.3,92.0,,35.63,54722.39999999998,-163257.15000000005,-20.58,-0.64,-0.76,0.012,-0.02,51.0,11.0,4.0,7.0,36.36,261313.35,-155363.37,161.45,,54.51,460061.0,-401136.0000000002,-4.23,0.06,0.06,0.0104,0.0
ROSN,breakout_ols,1D,Bayesian_TPE,24,2.961,260,9,5,1.2,0.4,3,5,False,192.87,0.626,0.614,40.78,9,55.56,False,"{""sampler"":""TPESampler"",""seed"":42,""n_trials"":50,""direction"":""maximize"",""objective"":""composite = Sharpe * (Return% / MaxDD%)""}","{""lookback"":260,""pivot_window"":9,""min_touches"":5,""tolerance_atr_mult"":1.2,""cluster_atr_mult"":0.4,""confirmation_bars"":3,""cooldown_bars"":5,""allowshort"":false}",2014-01-01,2024-12-31,2025-01-01,2026-04-20,2014-01-01,2026-04-20,54.0,9.0,5.0,4.0,55.56,470056.55,-105392.47,199.33,,40.78,1020615.75,-132434.0,192.87,0.63,0.61,0.0116,0.02,13.0,2.0,0.0,2.0,0.0,0.0,-109442.18,157.5,,39.68,-41609.70000000004,-177274.65000000005,-21.89,-0.61,-0.78,0.0133,-0.02,67.0,10.0,4.0,6.0,40.0,543901.49,-192803.36,214.0,,41.77,1020615.75,-627676.7999999999,101.88,0.39,0.4,0.0119,0.01
ROSN,breakout_ols,1D,Bayesian_TPE,25,2.417,213,9,5,1.1,0.5,2,5,False,152.91,0.547,0.565,34.61,9,66.67,False,"{""sampler"":""TPESampler"",""seed"":42,""n_trials"":50,""direction"":""maximize"",""objective"":""composite = Sharpe * (Return% / MaxDD%)""}","{""lookback"":213,""pivot_window"":9,""min_touches"":5,""tolerance_atr_mult"":1.1,""cluster_atr_mult"":0.5,""confirmation_bars"":2,""cooldown_bars"":5,""allowshort"":false}",2014-01-01,2024-12-31,2025-01-01,2026-04-20,2014-01-01,2026-04-20,73.0,9.0,6.0,3.0,66.67,287924.78,-66152.57,220.22,,34.61,922229.0,-101833.20000000004,152.91,0.55,0.57,0.0118,0.02,11.0,3.0,1.0,2.0,33.33,61337.7,-114505.33,65.33,,30.63,61337.69999999992,-121284.75,-16.77,-0.5,-0.55,0.0118,-0.02,84.0,11.0,6.0,5.0,54.55,278471.06,-162103.96,200.73,,34.61,922229.0,-340934.1000000002,86.03,0.36,0.37,0.0119,0.01
ROSN,breakout_ols,1D,Bayesian_TPE,26,7.415,252,7,4,1.0,0.4,3,10,False,273.51,0.751,0.832,27.7,11,63.64,False,"{""sampler"":""TPESampler"",""seed"":42,""n_trials"":50,""direction"":""maximize"",""objective"":""composite = Sharpe * (Return% / MaxDD%)""}","{""lookback"":252,""pivot_window"":7,""min_touches"":4,""tolerance_atr_mult"":1.0,""cluster_atr_mult"":0.4,""confirmation_bars"":3,""cooldown_bars"":10,""allowshort"":false}",2014-01-01,2024-12-31,2025-01-01,2026-04-20,2014-01-01,2026-04-20,57.0,11.0,7.0,4.0,63.64,451377.56,-106131.19,176.91,,27.7,1684988.25,-152056.80000000008,273.51,0.75,0.83,0.0115,0.03,14.0,3.0,1.0,2.0,33.33,50645.4,-157844.93,98.33,,40.44,50645.39999999998,-177274.65000000005,-26.5,-0.82,-0.99,0.0128,-0.03,71.0,14.0,7.0,7.0,50.0,443645.35,-236883.86,161.14,,41.9,1684988.25,-590536.1000000001,144.73,0.47,0.53,0.0117,0.01
ROSN,breakout_ols,1D,Bayesian_TPE,27,0.938,247,7,4,1.0,0.6000000000000001,3,10,False,118.23,0.455,0.431,57.36,14,42.86,False,"{""sampler"":""TPESampler"",""seed"":42,""n_trials"":50,""direction"":""maximize"",""objective"":""composite = Sharpe * (Return% / MaxDD%)""}","{""lookback"":247,""pivot_window"":7,""min_touches"":4,""tolerance_atr_mult"":1.0,""cluster_atr_mult"":0.6000000000000001,""confirmation_bars"":3,""cooldown_bars"":10,""allowshort"":false}",2014-01-01,2024-12-31,2025-01-01,2026-04-20,2014-01-01,2026-04-20,62.0,14.0,6.0,8.0,42.86,346382.91,-112000.03,141.36,,57.36,781593.75,-425258.0000000001,118.23,0.45,0.43,0.0127,0.01,16.0,4.0,1.0,3.0,25.0,3745.9,-101772.5,43.5,,37.65,3745.8999999999455,-177274.65000000005,-30.16,-1.23,-1.18,0.0105,-0.03,78.0,18.0,6.0,12.0,33.33,325907.47,-133043.26,120.44,,57.36,781593.75,-425258.0000000001,35.89,0.22,0.21,0.0125,0.0
ROSN,breakout_ols,1D,Bayesian_TPE,28,2.461,264,5,3,0.9000000000000001,0.75,2,14,False,126.57,0.516,0.562,26.54,27,44.44,False,"{""sampler"":""TPESampler"",""seed"":42,""n_trials"":50,""direction"":""maximize"",""objective"":""composite = Sharpe * (Return% / MaxDD%)""}","{""lookback"":264,""pivot_window"":5,""min_touches"":3,""tolerance_atr_mult"":0.9000000000000001,""cluster_atr_mult"":0.75,""confirmation_bars"":2,""cooldown_bars"":14,""allowshort"":false}",2014-01-01,2024-12-31,2025-01-01,2026-04-20,2014-01-01,2026-04-20,103.0,27.0,12.0,15.0,44.44,174542.18,-55256.47,65.41,,26.54,645972.7999999998,-271532.24999999994,126.57,0.52,0.56,0.011,0.02,20.0,6.0,1.0,5.0,16.67,54498.4,-42781.82,29.5,,22.56,54498.39999999996,-99752.39999999997,-15.94,-0.6,-0.62,0.0099,-0.03,123.0,33.0,12.0,21.0,36.36,169249.9,-63472.86,59.33,,36.94,645972.7999999998,-271532.24999999994,69.81,0.33,0.36,0.0109,0.01
ROSN,breakout_ols,1D,Bayesian_TPE,29,1.912,237,6,4,0.8,0.4,3,16,False,129.72,0.5,0.488,33.93,15,40.0,False,"{""sampler"":""TPESampler"",""seed"":42,""n_trials"":50,""direction"":""maximize"",""objective"":""composite = Sharpe * (Return% / MaxDD%)""}","{""lookback"":237,""pivot_window"":6,""min_touches"":4,""tolerance_atr_mult"":0.8,""cluster_atr_mult"":0.4,""confirmation_bars"":3,""cooldown_bars"":16,""allowshort"":false}",2014-01-01,2024-12-31,2025-01-01,2026-04-20,2014-01-01,2026-04-20,56.0,15.0,6.0,9.0,40.0,333790.06,-78394.52,126.07,,33.93,1095767.35,-305918.5999999999,129.72,0.5,0.49,0.0118,0.02,12.0,3.0,1.0,2.0,33.33,3689.5,-157844.93,64.67,,38.58,3689.4999999999463,-177274.65000000005,-31.2,-1.16,-1.17,0.0115,-0.03,68.0,17.0,6.0,11.0,35.29,312201.98,-134411.09,124.47,,40.7,1095767.35,-492320.99999999994,39.47,0.24,0.23,0.0119,0.01
ROSN,breakout_ols,1D,Bayesian_TPE,30,2.994,298,4,4,1.1,0.5,2,12,False,135.96,0.554,0.579,25.16,20,55.0,False,"{""sampler"":""TPESampler"",""seed"":42,""n_trials"":50,""direction"":""maximize"",""objective"":""composite = Sharpe * (Return% / MaxDD%)""}","{""lookback"":298,""pivot_window"":4,""min_touches"":4,""tolerance_atr_mult"":1.1,""cluster_atr_mult"":0.5,""confirmation_bars"":2,""cooldown_bars"":12,""allowshort"":false}",2014-01-01,2024-12-31,2025-01-01,2026-04-20,2014-01-01,2026-04-20,95.0,20.0,11.0,9.0,55.0,189006.88,-79945.58,85.4,,25.16,826914.0,-147777.40000000005,135.96,0.55,0.58,0.0105,0.02,18.0,5.0,1.0,4.0,20.0,64115.5,-48510.69,34.8,,21.27,64115.49999999991,-112350.0,-12.99,-0.5,-0.49,0.0094,-0.02,113.0,25.0,11.0,14.0,44.0,184950.45,-84754.65,75.84,,35.09,826914.0,-238663.5,84.79,0.38,0.39,0.0104,0.01
ROSN,breakout_ols,1D,Bayesian_TPE,31,3.924,299,4,4,1.1,0.5,2,12,False,160.53,0.615,0.664,25.16,20,60.0,False,"{""sampler"":""TPESampler"",""seed"":42,""n_trials"":50,""direction"":""maximize"",""objective"":""composite = Sharpe * (Return% / MaxDD%)""}","{""lookback"":299,""pivot_window"":4,""min_touches"":4,""tolerance_atr_mult"":1.1,""cluster_atr_mult"":0.5,""confirmation_bars"":2,""cooldown_bars"":12,""allowshort"":false}",2014-01-01,2024-12-31,2025-01-01,2026-04-20,2014-01-01,2026-04-20,94.0,20.0,12.0,8.0,60.0,187794.41,-81024.79,84.8,,25.16,912945.0,-147777.40000000005,160.53,0.62,0.66,0.0103,0.03,17.0,5.0,1.0,4.0,20.0,64115.5,-48510.69,34.8,,21.27,64115.49999999991,-112350.0,-12.99,-0.5,-0.49,0.0094,-0.02,111.0,25.0,12.0,13.0,48.0,183689.97,-89527.68,75.36,,35.09,912945.0,-263487.5,104.04,0.43,0.46,0.0103,0.01
ROSN,breakout_ols,1D,Bayesian_TPE,32,2.058,278,4,4,1.1,0.45,2,10,False,101.18,0.47,0.474,23.11,20,40.0,False,"{""sampler"":""TPESampler"",""seed"":42,""n_trials"":50,""direction"":""maximize"",""objective"":""composite = Sharpe * (Return% / MaxDD%)""}","{""lookback"":278,""pivot_window"":4,""min_touches"":4,""tolerance_atr_mult"":1.1,""cluster_atr_mult"":0.45,""confirmation_bars"":2,""cooldown_bars"":10,""allowshort"":false}",2014-01-01,2024-12-31,2025-01-01,2026-04-20,2014-01-01,2026-04-20,96.0,20.0,8.0,12.0,40.0,215594.43,-59414.37,80.95,,23.11,471691.4999999999,-154350.0,101.18,0.47,0.47,0.0104,0.02,20.0,5.0,2.0,3.0,40.0,47853.77,-77998.97,42.6,,26.94,63501.79999999991,-160433.0,-13.83,-0.41,-0.49,0.0114,-0.02,116.0,25.0,9.0,16.0,36.0,193768.13,-73968.74,73.84,,38.11,471691.4999999999,-290515.75,56.04,0.29,0.3,0.0106,0.01
ROSN,breakout_ols,1D,Bayesian_TPE,33,1.681,249,4,3,1.0,0.55,2,13,False,119.07,0.478,0.497,33.86,29,41.38,False,"{""sampler"":""TPESampler"",""seed"":42,""n_trials"":50,""direction"":""maximize"",""objective"":""composite = Sharpe * (Return% / MaxDD%)""}","{""lookback"":249,""pivot_window"":4,""min_touches"":3,""tolerance_atr_mult"":1.0,""cluster_atr_mult"":0.55,""confirmation_bars"":2,""cooldown_bars"":13,""allowshort"":false}",2014-01-01,2024-12-31,2025-01-01,2026-04-20,2014-01-01,2026-04-20,106.0,29.0,12.0,17.0,41.38,144269.47,-31798.21,66.48,,33.86,627159.6,-87786.89999999994,119.07,0.48,0.5,0.0117,0.02,19.0,6.0,1.0,5.0,16.67,61273.1,-45970.18,28.5,,25.79,61273.09999999991,-103043.59999999996,-16.86,-0.68,-0.66,0.0094,-0.02,125.0,35.0,12.0,23.0,34.29,140349.8,-45426.31,60.37,,34.87,627159.6,-203231.59999999992,63.94,0.31,0.32,0.0115,0.01
ROSN,breakout_ols,1D,Bayesian_TPE,34,1.76,284,7,4,1.15,0.35,2,10,False,154.67,0.56,0.521,49.21,12,58.33,False,"{""sampler"":""TPESampler"",""seed"":42,""n_trials"":50,""direction"":""maximize"",""objective"":""composite = Sharpe * (Return% / MaxDD%)""}","{""lookback"":284,""pivot_window"":7,""min_touches"":4,""tolerance_atr_mult"":1.1500000000000001,""cluster_atr_mult"":0.35,""confirmation_bars"":2,""cooldown_bars"":10,""allowshort"":false}",2014-01-01,2024-12-31,2025-01-01,2026-04-20,2014-01-01,2026-04-20,62.0,12.0,7.0,5.0,58.33,289709.56,-96251.54,148.17,,49.21,736047.0,-163891.5,154.67,0.56,0.52,0.0115,0.01,17.0,4.0,2.0,2.0,50.0,45235.07,-90508.85,59.75,,27.45,52289.99999999998,-110351.99999999994,-9.05,-0.24,-0.28,0.0111,-0.01,79.0,16.0,8.0,8.0,50.0,255020.75,-119441.09,126.94,,49.21,736047.0,-252986.79999999987,108.46,0.41,0.39,0.0115,0.01
ROSN,breakout_ols,1D,Bayesian_TPE,35,1.251,188,8,5,1.0,0.5,3,13,True,104.02,0.444,0.441,36.93,13,38.46,True,"{""sampler"":""TPESampler"",""seed"":42,""n_trials"":50,""direction"":""maximize"",""objective"":""composite = Sharpe * (Return% / MaxDD%)""}","{""lookback"":188,""pivot_window"":8,""min_touches"":5,""tolerance_atr_mult"":1.0,""cluster_atr_mult"":0.5,""confirmation_bars"":3,""cooldown_bars"":13,""allowshort"":true}",2014-01-01,2024-12-31,2025-01-01,2026-04-20,2014-01-01,2026-04-20,73.0,13.0,5.0,8.0,38.46,306283.83,-61402.2,146.0,,36.93,655400.7,-112138.95000000008,104.02,0.44,0.44,0.0117,0.01,8.0,2.0,1.0,1.0,50.0,62696.55,-150174.15,81.0,,26.86,62696.549999999974,-150174.15000000005,-8.75,-0.24,-0.22,0.0108,-0.01,81.0,14.0,5.0,9.0,35.71,297595.41,-93887.13,149.36,,36.93,655400.7,-353766.6000000001,64.3,0.31,0.3,0.0117,0.01
ROSN,breakout_ols,1D,Bayesian_TPE,36,3.052,269,6,4,0.8500000000000001,0.6000000000000001,2,11,False,193.63,0.6,0.619,38.06,16,56.25,False,"{""sampler"":""TPESampler"",""seed"":42,""n_trials"":50,""direction"":""maximize"",""objective"":""composite = Sharpe * (Return% / MaxDD%)""}","{""lookback"":269,""pivot_window"":6,""min_touches"":4,""tolerance_atr_mult"":0.8500000000000001,""cluster_atr_mult"":0.6000000000000001,""confirmation_bars"":2,""cooldown_bars"":11,""allowshort"":false}",2014-01-01,2024-12-31,2025-01-01,2026-04-20,2014-01-01,2026-04-20,78.0,16.0,9.0,7.0,56.25,267625.45,-67482.47,123.88,,38.06,963814.8,-139737.80000000005,193.63,0.6,0.62,0.0124,0.02,16.0,4.0,2.0,2.0,50.0,46306.07,-72983.47,59.75,,24.48,54431.99999999998,-110351.99999999994,-5.34,-0.11,-0.12,0.011,-0.0,94.0,20.0,10.0,10.0,50.0,242609.56,-94782.28,111.8,,38.06,963814.8,-288947.9999999999,147.83,0.47,0.49,0.0122,0.02
ROSN,breakout_ols,1D,Bayesian_TPE,37,0.762,299,3,4,1.15,0.4,3,8,True,81.95,0.393,0.393,42.24,25,40.0,True,"{""sampler"":""TPESampler"",""seed"":42,""n_trials"":50,""direction"":""maximize"",""objective"":""composite = Sharpe * (Return% / MaxDD%)""}","{""lookback"":299,""pivot_window"":3,""min_touches"":4,""tolerance_atr_mult"":1.1500000000000001,""cluster_atr_mult"":0.4,""confirmation_bars"":3,""cooldown_bars"":8,""allowshort"":true}",2014-01-01,2024-12-31,2025-01-01,2026-04-20,2014-01-01,2026-04-20,113.0,25.0,10.0,15.0,40.0,187385.27,-70287.73,78.08,,42.24,726305.5,-358839.1999999999,81.95,0.39,0.39,0.0114,0.01,23.0,6.0,2.0,4.0,33.33,22236.6,-35017.42,30.17,,19.54,39622.79999999987,-80012.39999999998,-9.56,-0.33,-0.32,0.0096,-0.02,136.0,31.0,11.0,20.0,35.48,167045.25,-68514.42,69.29,,42.24,726305.5,-358839.1999999999,46.72,0.26,0.26,0.0113,0.01
ROSN,breakout_ols,1D,Bayesian_TPE,38,0.806,230,5,5,1.05,0.45,3,15,False,99.73,0.419,0.381,51.85,14,35.71,False,"{""sampler"":""TPESampler"",""seed"":42,""n_trials"":50,""direction"":""maximize"",""objective"":""composite = Sharpe * (Return% / MaxDD%)""}","{""lookback"":230,""pivot_window"":5,""min_touches"":5,""tolerance_atr_mult"":1.05,""cluster_atr_mult"":0.45,""confirmation_bars"":3,""cooldown_bars"":15,""allowshort"":false}",2014-01-01,2024-12-31,2025-01-01,2026-04-20,2014-01-01,2026-04-20,59.0,14.0,5.0,9.0,35.71,336682.11,-76238.73,134.0,,51.85,746059.5000000001,-315502.1999999999,99.73,0.42,0.38,0.0125,0.01,11.0,2.0,1.0,1.0,50.0,4483.8,-168225.4,64.5,,25.41,4483.799999999935,-168225.40000000008,-16.37,-0.66,-0.54,0.0094,-0.02,70.0,16.0,5.0,11.0,31.25,307439.26,-114707.9,131.19,,51.85,746059.5000000001,-318956.00000000006,27.54,0.2,0.18,0.0124,0.0
ROSN,breakout_ols,1D,Bayesian_TPE,39,2.341,207,7,4,0.75,0.35,1,18,True,169.86,0.579,0.569,42.01,15,46.67,True,"{""sampler"":""TPESampler"",""seed"":42,""n_trials"":50,""direction"":""maximize"",""objective"":""composite = Sharpe * (Return% / MaxDD%)""}","{""lookback"":207,""pivot_window"":7,""min_touches"":4,""tolerance_atr_mult"":0.75,""cluster_atr_mult"":0.35,""confirmation_bars"":1,""cooldown_bars"":18,""allowshort"":true}",2014-01-01,2024-12-31,2025-01-01,2026-04-20,2014-01-01,2026-04-20,73.0,15.0,7.0,8.0,46.67,322653.82,-70000.71,117.4,,42.01,687580.0,-142863.59999999992,169.86,0.58,0.57,0.0118,0.02,14.0,3.0,1.0,2.0,33.33,31528.9,-76248.35,68.33,,27.06,31528.89999999993,-112607.25,-12.1,-0.37,-0.41,0.011,-0.01,87.0,17.0,7.0,10.0,41.18,269842.69,-79546.94,117.35,,42.01,687580.0,-142863.59999999992,109.34,0.41,0.41,0.0118,0.01
ROSN,breakout_ols,1D,Bayesian_TPE,40,5.358,240,8,4,0.9000000000000001,0.65,2,4,False,216.93,0.679,0.749,27.49,11,54.55,False,"{""sampler"":""TPESampler"",""seed"":42,""n_trials"":50,""direction"":""maximize"",""objective"":""composite = Sharpe * (Return% / MaxDD%)""}","{""lookback"":240,""pivot_window"":8,""min_touches"":4,""tolerance_atr_mult"":0.9000000000000001,""cluster_atr_mult"":0.65,""confirmation_bars"":2,""cooldown_bars"":4,""allowshort"":false}",2014-01-01,2024-12-31,2025-01-01,2026-04-20,2014-01-01,2026-04-20,88.0,11.0,6.0,5.0,54.55,449870.26,-105983.72,173.09,,27.49,1378649.8,-213468.75,216.93,0.68,0.75,0.0113,0.03,17.0,5.0,1.0,4.0,20.0,56498.75,-53174.8,41.0,,31.52,56498.749999999935,-107725.90000000008,-15.62,-0.49,-0.56,0.0112,-0.02,105.0,15.0,6.0,9.0,40.0,435774.73,-139021.29,142.6,,33.88,1378649.8,-427209.3000000002,136.35,0.47,0.52,0.0114,0.02
ROSN,breakout_ols,1D,Bayesian_TPE,41,1.831,255,8,4,0.9000000000000001,0.7,2,3,False,154.07,0.538,0.543,45.26,13,46.15,False,"{""sampler"":""TPESampler"",""seed"":42,""n_trials"":50,""direction"":""maximize"",""objective"":""composite = Sharpe * (Return% / MaxDD%)""}","{""lookback"":255,""pivot_window"":8,""min_touches"":4,""tolerance_atr_mult"":0.9000000000000001,""cluster_atr_mult"":0.7,""confirmation_bars"":2,""cooldown_bars"":3,""allowshort"":false}",2014-01-01,2024-12-31,2025-01-01,2026-04-20,2014-01-01,2026-04-20,97.0,13.0,6.0,7.0,46.15,351071.4,-80816.86,150.15,,45.26,869428.7999999999,-173615.0,154.07,0.54,0.54,0.0122,0.01,20.0,4.0,1.0,3.0,25.0,60192.0,-64184.83,44.0,,29.59,60191.99999999995,-176058.10000000003,-13.24,-0.44,-0.42,0.0105,-0.02,117.0,17.0,6.0,11.0,35.29,341342.33,-98416.55,126.06,,45.26,869428.7999999999,-398794.70000000007,96.55,0.38,0.38,0.012,0.01
ROSN,breakout_ols,1D,Bayesian_TPE,42,5.358,239,8,4,0.9000000000000001,0.65,2,4,False,216.93,0.679,0.749,27.49,11,54.55,False,"{""sampler"":""TPESampler"",""seed"":42,""n_trials"":50,""direction"":""maximize"",""objective"":""composite = Sharpe * (Return% / MaxDD%)""}","{""lookback"":239,""pivot_window"":8,""min_touches"":4,""tolerance_atr_mult"":0.9000000000000001,""cluster_atr_mult"":0.65,""confirmation_bars"":2,""cooldown_bars"":4,""allowshort"":false}",2014-01-01,2024-12-31,2025-01-01,2026-04-20,2014-01-01,2026-04-20,85.0,11.0,6.0,5.0,54.55,449870.26,-105983.72,173.09,,27.49,1378649.8,-213468.75,216.93,0.68,0.75,0.0113,0.03,16.0,4.0,1.0,3.0,25.0,57144.45,-67936.97,50.25,,30.75,57144.44999999993,-107725.90000000008,-14.67,-0.47,-0.52,0.011,-0.02,101.0,14.0,6.0,8.0,42.86,436073.12,-153286.66,152.5,,33.13,1378649.8,-427209.3000000002,139.01,0.47,0.53,0.0113,0.02
ROSN,breakout_ols,1D,Bayesian_TPE,43,5.648,236,8,4,0.9000000000000001,0.8,2,4,False,219.49,0.677,0.746,26.31,13,46.15,False,"{""sampler"":""TPESampler"",""seed"":42,""n_trials"":50,""direction"":""maximize"",""objective"":""composite = Sharpe * (Return% / MaxDD%)""}","{""lookback"":236,""pivot_window"":8,""min_touches"":4,""tolerance_atr_mult"":0.9000000000000001,""cluster_atr_mult"":0.8,""confirmation_bars"":2,""cooldown_bars"":4,""allowshort"":false}",2014-01-01,2024-12-31,2025-01-01,2026-04-20,2014-01-01,2026-04-20,90.0,13.0,6.0,7.0,46.15,457767.62,-78815.33,146.23,,26.31,1425333.0,-204781.5,219.49,0.68,0.75,0.0114,0.03,18.0,4.0,1.0,3.0,25.0,65859.7,-57465.95,42.0,,24.25,65859.69999999991,-72532.95000000004,-10.65,-0.33,-0.34,0.0106,-0.01,108.0,16.0,6.0,10.0,37.5,447953.14,-116503.51,131.19,,26.86,1425333.0,-331282.3500000001,152.27,0.5,0.55,0.0114,0.02
ROSN,breakout_ols,1D,Bayesian_TPE,44,0.693,193,8,3,0.8500000000000001,0.8,2,4,False,91.11,0.395,0.378,51.95,22,36.36,False,"{""sampler"":""TPESampler"",""seed"":42,""n_trials"":50,""direction"":""maximize"",""objective"":""composite = Sharpe * (Return% / MaxDD%)""}","{""lookback"":193,""pivot_window"":8,""min_touches"":3,""tolerance_atr_mult"":0.8500000000000001,""cluster_atr_mult"":0.8,""confirmation_bars"":2,""cooldown_bars"":4,""allowshort"":false}",2014-01-01,2024-12-31,2025-01-01,2026-04-20,2014-01-01,2026-04-20,136.0,22.0,8.0,14.0,36.36,231737.14,-67342.72,93.27,,51.95,582672.0000000001,-312889.5,91.11,0.39,0.38,0.0127,0.01,19.0,2.0,1.0,1.0,50.0,95076.5,-72532.95,65.0,,18.52,95076.5,-72532.95000000004,2.25,0.17,0.15,0.0089,0.01,155.0,23.0,8.0,15.0,34.78,212439.68,-64829.08,96.17,,51.95,582672.0000000001,-312889.5,72.71,0.32,0.3,0.0124,0.01
ROSN,breakout_ols,1D,Bayesian_TPE,45,1.266,223,7,4,0.9000000000000001,0.9000000000000001,2,4,True,140.93,0.503,0.478,55.99,18,38.89,True,"{""sampler"":""TPESampler"",""seed"":42,""n_trials"":50,""direction"":""maximize"",""objective"":""composite = Sharpe * (Return% / MaxDD%)""}","{""lookback"":223,""pivot_window"":7,""min_touches"":4,""tolerance_atr_mult"":0.9000000000000001,""cluster_atr_mult"":0.9000000000000001,""confirmation_bars"":2,""cooldown_bars"":4,""allowshort"":true}",2014-01-01,2024-12-31,2025-01-01,2026-04-20,2014-01-01,2026-04-20,108.0,18.0,7.0,11.0,38.89,342144.08,-89611.52,110.17,,55.99,887793.5,-412580.6999999999,140.93,0.5,0.48,0.0126,0.01,23.0,4.0,1.0,3.0,25.0,65859.7,-57465.95,42.0,,24.25,65859.69999999991,-72532.95000000004,-10.65,-0.33,-0.34,0.0106,-0.01,131.0,21.0,7.0,14.0,33.33,335797.73,-103444.93,103.86,,55.99,887793.5,-412580.6999999999,90.24,0.36,0.34,0.0124,0.01
ROSN,breakout_ols,1D,Bayesian_TPE,46,2.261,241,8,4,0.75,0.75,2,3,False,178.79,0.582,0.587,46.03,12,50.0,False,"{""sampler"":""TPESampler"",""seed"":42,""n_trials"":50,""direction"":""maximize"",""objective"":""composite = Sharpe * (Return% / MaxDD%)""}","{""lookback"":241,""pivot_window"":8,""min_touches"":4,""tolerance_atr_mult"":0.75,""cluster_atr_mult"":0.75,""confirmation_bars"":2,""cooldown_bars"":3,""allowshort"":false}",2014-01-01,2024-12-31,2025-01-01,2026-04-20,2014-01-01,2026-04-20,102.0,12.0,6.0,6.0,50.0,379553.52,-81573.44,160.83,,46.03,954026.4,-217626.75,178.79,0.58,0.59,0.0122,0.02,18.0,5.0,1.0,4.0,20.0,56498.75,-53174.8,41.0,,31.52,56498.749999999935,-107725.90000000008,-15.62,-0.49,-0.56,0.0112,-0.02,120.0,16.0,6.0,10.0,37.5,367147.92,-112391.89,135.31,,46.03,954026.4,-375820.00000000023,107.9,0.4,0.41,0.0121,0.01
ROSN,breakout_ols,1D,Bayesian_TPE,47,2.938,233,9,3,0.8,0.65,1,4,False,158.81,0.568,0.607,30.7,20,40.0,False,"{""sampler"":""TPESampler"",""seed"":42,""n_trials"":50,""direction"":""maximize"",""objective"":""composite = Sharpe * (Return% / MaxDD%)""}","{""lookback"":233,""pivot_window"":9,""min_touches"":3,""tolerance_atr_mult"":0.8,""cluster_atr_mult"":0.65,""confirmation_bars"":1,""cooldown_bars"":4,""allowshort"":false}",2014-01-01,2024-12-31,2025-01-01,2026-04-20,2014-01-01,2026-04-20,105.0,20.0,8.0,12.0,40.0,312599.78,-76058.1,94.2,,30.7,1180793.2499999998,-129894.4500000001,158.81,0.57,0.61,0.0115,0.02,18.0,5.0,1.0,4.0,20.0,52019.8,-39927.85,39.4,,27.68,52019.79999999991,-72616.70000000007,-10.77,-0.32,-0.35,0.0107,-0.01,123.0,24.0,9.0,15.0,37.5,247278.92,-79161.6,87.92,,30.7,1180793.2499999998,-165860.85000000018,103.81,0.4,0.43,0.0115,0.02
ROSN,breakout_ols,1D,Bayesian_TPE,48,3.491,214,6,4,0.95,0.8,2,6,False,220.4,0.639,0.681,40.34,20,55.0,False,"{""sampler"":""TPESampler"",""seed"":42,""n_trials"":50,""direction"":""maximize"",""objective"":""composite = Sharpe * (Return% / MaxDD%)""}","{""lookback"":214,""pivot_window"":6,""min_touches"":4,""tolerance_atr_mult"":0.95,""cluster_atr_mult"":0.8,""confirmation_bars"":2,""cooldown_bars"":6,""allowshort"":false}",2014-01-01,2024-12-31,2025-01-01,2026-04-20,2014-01-01,2026-04-20,106.0,20.0,11.0,9.0,55.0,248587.46,-58944.5,102.85,,40.34,1192572.0000000002,-148186.55000000008,220.4,0.64,0.68,0.0124,0.02,16.0,3.0,1.0,2.0,33.33,68895.9,-67069.28,54.67,,20.75,68895.8999999999,-72532.95000000004,-6.52,-0.17,-0.17,0.0104,-0.01,122.0,22.0,11.0,11.0,50.0,244004.7,-94288.94,102.32,,40.34,1192572.0000000002,-332225.1000000001,164.69,0.49,0.53,0.0123,0.02
ROSN,breakout_ols,1D,Bayesian_TPE,49,0.836,201,9,4,0.9000000000000001,0.65,2,8,False,82.09,0.396,0.37,38.89,13,46.15,False,"{""sampler"":""TPESampler"",""seed"":42,""n_trials"":50,""direction"":""maximize"",""objective"":""composite = Sharpe * (Return% / MaxDD%)""}","{""lookback"":201,""pivot_window"":9,""min_touches"":4,""tolerance_atr_mult"":0.9000000000000001,""cluster_atr_mult"":0.65,""confirmation_bars"":2,""cooldown_bars"":8,""allowshort"":false}",2014-01-01,2024-12-31,2025-01-01,2026-04-20,2014-01-01,2026-04-20,70.0,13.0,6.0,7.0,46.15,235242.12,-84363.99,131.31,,38.89,586984.8000000002,-104176.80000000005,82.09,0.4,0.37,0.0113,0.01,12.0,3.0,0.0,3.0,0.0,0.0,-51310.6,54.33,,24.37,-9939.500000000064,-83081.5,-15.39,-0.58,-0.57,0.0098,-0.02,82.0,15.0,5.0,10.0,33.33,254383.39,-91034.77,126.67,,38.89,586984.8000000002,-205774.0,36.16,0.23,0.21,0.0112,0.01
SBER,breakout_ols,1D,Bayesian_TPE,0,8.864,175,12,4,0.8500000000000001,0.4,1,4,True,437.22,0.801,0.824,39.51,9,77.78,True,"{""sampler"":""TPESampler"",""seed"":42,""n_trials"":50,""direction"":""maximize"",""objective"":""composite = Sharpe * (Return% / MaxDD%)""}","{""lookback"":175,""pivot_window"":12,""min_touches"":4,""tolerance_atr_mult"":0.8500000000000001,""cluster_atr_mult"":0.4,""confirmation_bars"":1,""cooldown_bars"":4,""allowshort"":true}",2014-01-01,2024-12-31,2025-01-01,2026-04-20,2014-01-01,2026-04-20,72.0,9.0,7.0,2.0,77.78,666579.43,-146924.18,255.44,,39.51,2712886.4000000004,-276413.99999999994,437.22,0.8,0.82,0.014,0.03,16.0,2.0,2.0,0.0,100.0,21380.83,0.0,64.5,,3.25,34447.75999999987,8313.89999999992,4.28,0.6,0.54,0.0028,0.05,88.0,11.0,9.0,2.0,81.82,557167.57,-146924.18,229.36,,39.51,2712886.4000000004,-276413.99999999994,472.07,0.76,0.77,0.0134,0.03
SBER,breakout_ols,1D,Bayesian_TPE,1,16.883,242,3,5,1.05,0.5,1,6,False,520.5,0.951,1.032,29.32,26,57.69,False,"{""sampler"":""TPESampler"",""seed"":42,""n_trials"":50,""direction"":""maximize"",""objective"":""composite = Sharpe * (Return% / MaxDD%)""}","{""lookback"":242,""pivot_window"":3,""min_touches"":5,""tolerance_atr_mult"":1.05,""cluster_atr_mult"":0.5,""confirmation_bars"":1,""cooldown_bars"":6,""allowshort"":false}",2014-01-01,2024-12-31,2025-01-01,2026-04-20,2014-01-01,2026-04-20,115.0,26.0,15.0,11.0,57.69,424742.51,-106015.02,83.08,,29.32,2639269.6199999996,-254790.8999999999,520.5,0.95,1.03,0.0123,0.04,24.0,5.0,3.0,2.0,60.0,44862.58,-34123.53,59.8,,13.49,78519.10000000003,-37036.30000000003,6.63,0.34,0.38,0.0093,0.02,139.0,30.0,17.0,13.0,56.67,435344.26,-123183.49,83.23,,29.32,2639269.6199999996,-254790.8999999999,579.95,0.89,0.98,0.012,0.04
SBER,breakout_ols,1D,Bayesian_TPE,2,13.129,186,5,4,0.4,0.55,2,11,True,463.86,0.863,0.929,30.49,17,52.94,True,"{""sampler"":""TPESampler"",""seed"":42,""n_trials"":50,""direction"":""maximize"",""objective"":""composite = Sharpe * (Return% / MaxDD%)""}","{""lookback"":186,""pivot_window"":5,""min_touches"":4,""tolerance_atr_mult"":0.4,""cluster_atr_mult"":0.55,""confirmation_bars"":2,""cooldown_bars"":11,""allowshort"":true}",2014-01-01,2024-12-31,2025-01-01,2026-04-20,2014-01-01,2026-04-20,78.0,17.0,9.0,8.0,52.94,686899.87,-192936.92,132.88,,30.49,2167216.48,-900909.1799999996,463.86,0.86,0.93,0.0131,0.04,14.0,3.0,2.0,1.0,66.67,22309.53,-6558.94,35.33,,2.56,43053.010000000104,-6558.9399999999405,3.81,0.62,0.49,0.0024,0.06,92.0,20.0,11.0,9.0,55.0,621807.13,-175893.21,125.65,,30.49,2167216.48,-900909.1799999996,525.68,0.83,0.88,0.0126,0.03
SBER,breakout_ols,1D,Bayesian_TPE,3,4.648,203,8,2,0.8500000000000001,0.45,1,20,True,233.46,0.7,0.701,35.16,24,41.67,True,"{""sampler"":""TPESampler"",""seed"":42,""n_trials"":50,""direction"":""maximize"",""objective"":""composite = Sharpe * (Return% / MaxDD%)""}","{""lookback"":203,""pivot_window"":8,""min_touches"":2,""tolerance_atr_mult"":0.8500000000000001,""cluster_atr_mult"":0.45,""confirmation_bars"":1,""cooldown_bars"":20,""allowshort"":true}",2014-01-01,2024-12-31,2025-01-01,2026-04-20,2014-01-01,2026-04-20,78.0,24.0,10.0,14.0,41.67,342696.62,-78023.85,78.92,,35.16,1227574.9899999998,-253323.0899999998,233.46,0.7,0.7,0.0114,0.02,17.0,5.0,3.0,2.0,60.0,26738.2,-63116.64,41.0,,14.76,64173.45000000007,-89020.80000000003,-4.6,-0.2,-0.15,0.0072,-0.01,95.0,29.0,13.0,16.0,44.83,277072.75,-93908.04,72.52,,35.16,1227574.9899999998,-289267.2000000001,209.94,0.6,0.59,0.0109,0.02
SBER,breakout_ols,1D,Bayesian_TPE,4,15.14,161,3,4,0.7,0.4,2,3,True,474.68,0.887,0.952,27.81,20,55.0,True,"{""sampler"":""TPESampler"",""seed"":42,""n_trials"":50,""direction"":""maximize"",""objective"":""composite = Sharpe * (Return% / MaxDD%)""}","{""lookback"":161,""pivot_window"":3,""min_touches"":4,""tolerance_atr_mult"":0.7,""cluster_atr_mult"":0.4,""confirmation_bars"":2,""cooldown_bars"":3,""allowshort"":true}",2014-01-01,2024-12-31,2025-01-01,2026-04-20,2014-01-01,2026-04-20,127.0,20.0,11.0,9.0,55.0,540990.01,-133792.39,110.35,,27.81,2263769.85,-334342.4500000004,474.68,0.89,0.95,0.0128,0.04,23.0,6.0,3.0,3.0,50.0,16837.87,-34209.5,39.33,,21.58,28224.419999999987,-67745.11000000006,-5.21,-0.2,-0.19,0.0078,-0.01,150.0,25.0,14.0,11.0,56.0,454426.54,-162754.9,99.28,,27.81,2263769.85,-398190.4600000004,457.17,0.8,0.84,0.0123,0.04
SBER,breakout_ols,1D,Bayesian_TPE,5,2.105,233,6,4,0.8,0.45,3,16,True,140.83,0.522,0.496,34.93,12,50.0,True,"{""sampler"":""TPESampler"",""seed"":42,""n_trials"":50,""direction"":""maximize"",""objective"":""composite = Sharpe * (Return% / MaxDD%)""}","{""lookback"":233,""pivot_window"":6,""min_touches"":4,""tolerance_atr_mult"":0.8,""cluster_atr_mult"":0.45,""confirmation_bars"":3,""cooldown_bars"":16,""allowshort"":true}",2014-01-01,2024-12-31,2025-01-01,2026-04-20,2014-01-01,2026-04-20,52.0,12.0,6.0,6.0,50.0,439125.71,-204413.35,155.42,,34.93,963538.3799999998,-550355.0399999998,140.83,0.52,0.5,0.0118,0.02,11.0,4.0,2.0,2.0,50.0,54656.05,-356.95,45.25,,7.4,66724.15000000004,-374.0000000000464,10.86,0.68,0.5,0.0063,0.06,63.0,15.0,7.0,8.0,46.67,441838.85,-153540.6,143.2,,34.93,963538.3799999998,-550355.0399999998,186.45,0.55,0.52,0.0116,0.02
SBER,breakout_ols,1D,Bayesian_TPE,6,9.826,220,12,2,0.45,0.3,1,9,False,313.96,0.799,0.824,25.53,12,66.67,False,"{""sampler"":""TPESampler"",""seed"":42,""n_trials"":50,""direction"":""maximize"",""objective"":""composite = Sharpe * (Return% / MaxDD%)""}","{""lookback"":220,""pivot_window"":12,""min_touches"":2,""tolerance_atr_mult"":0.45,""cluster_atr_mult"":0.3,""confirmation_bars"":1,""cooldown_bars"":9,""allowshort"":false}",2014-01-01,2024-12-31,2025-01-01,2026-04-20,2014-01-01,2026-04-20,71.0,12.0,8.0,4.0,66.67,514346.62,-243785.23,159.0,,25.53,1046502.0000000002,-431047.5,313.96,0.8,0.82,0.0116,0.04,15.0,3.0,1.0,2.0,33.33,63278.88,-35694.33,42.0,,11.09,63278.880000000085,-37802.89999999995,-0.81,-0.02,-0.01,0.005,-0.0,86.0,14.0,9.0,5.0,64.29,519479.92,-229540.15,153.29,,25.53,1046502.0000000002,-431047.5,352.76,0.76,0.77,0.0113,0.03
SBER,breakout_ols,1D,Bayesian_TPE,7,4.374,171,5,4,0.4,1.05,1,20,True,193.73,0.594,0.602,26.31,28,57.14,True,"{""sampler"":""TPESampler"",""seed"":42,""n_trials"":50,""direction"":""maximize"",""objective"":""composite = Sharpe * (Return% / MaxDD%)""}","{""lookback"":171,""pivot_window"":5,""min_touches"":4,""tolerance_atr_mult"":0.4,""cluster_atr_mult"":1.05,""confirmation_bars"":1,""cooldown_bars"":20,""allowshort"":true}",2014-01-01,2024-12-31,2025-01-01,2026-04-20,2014-01-01,2026-04-20,88.0,28.0,16.0,12.0,57.14,222186.16,-134806.48,74.18,,26.31,1113812.48,-518294.16,193.73,0.59,0.6,0.0125,0.03,14.0,4.0,3.0,1.0,75.0,14111.15,-15448.8,30.75,,4.35,29513.06000000014,-15448.80000000005,2.69,0.4,0.3,0.0027,0.02,102.0,32.0,19.0,13.0,59.38,196849.46,-127996.94,71.75,,26.31,1113812.48,-518294.16,207.62,0.56,0.56,0.012,0.03
SBER,breakout_ols,1D,Bayesian_TPE,8,0.495,101,11,4,0.95,1.0,1,9,False,95.22,0.384,0.253,73.81,2,50.0,False,"{""sampler"":""TPESampler"",""seed"":42,""n_trials"":50,""direction"":""maximize"",""objective"":""composite = Sharpe * (Return% / MaxDD%)""}","{""lookback"":101,""pivot_window"":11,""min_touches"":4,""tolerance_atr_mult"":0.95,""cluster_atr_mult"":1.0,""confirmation_bars"":1,""cooldown_bars"":9,""allowshort"":false}",2014-01-01,2024-12-31,2025-01-01,2026-04-20,2014-01-01,2026-04-20,8.0,2.0,1.0,1.0,50.0,994088.7,-41899.36,812.5,,73.81,994088.7,-41899.359999999906,95.22,0.38,0.25,0.0152,0.01,6.0,1.0,0.0,1.0,0.0,0.0,-3648.2,312.0,,14.26,-3648.1999999999,-3648.1999999999,-0.36,0.05,0.05,0.0081,0.0,14.0,3.0,1.0,2.0,33.33,994088.7,-24510.3,645.67,,73.81,994088.7,-41899.359999999906,94.51,0.35,0.24,0.0145,0.01
SBER,breakout_ols,1D,Bayesian_TPE,9,7.338,225,6,2,0.55,0.6000000000000001,3,14,True,329.61,0.769,0.796,34.54,25,52.0,True,"{""sampler"":""TPESampler"",""seed"":42,""n_trials"":50,""direction"":""maximize"",""objective"":""composite = Sharpe * (Return% / MaxDD%)""}","{""lookback"":225,""pivot_window"":6,""min_touches"":2,""tolerance_atr_mult"":0.55,""cluster_atr_mult"":0.6000000000000001,""confirmation_bars"":3,""cooldown_bars"":14,""allowshort"":true}",2014-01-01,2024-12-31,2025-01-01,2026-04-20,2014-01-01,2026-04-20,92.0,25.0,13.0,12.0,52.0,411353.99,-170959.34,86.36,,34.54,2058182.01,-634165.1999999997,329.61,0.77,0.8,0.0125,0.03,20.0,7.0,2.0,5.0,28.57,41282.39,-42331.55,39.43,,20.9,52413.55000000003,-120561.79999999994,-12.91,-0.64,-0.57,0.0076,-0.02,112.0,32.0,15.0,17.0,46.88,377460.77,-173710.09,76.38,,34.91,2058182.01,-634165.1999999997,270.88,0.64,0.66,0.012,0.02
SBER,breakout_ols,1D,Bayesian_TPE,10,7.397,294,3,5,1.2,0.8,2,6,False,356.33,0.767,0.784,36.95,28,42.86,False,"{""sampler"":""TPESampler"",""seed"":42,""n_trials"":50,""direction"":""maximize"",""objective"":""composite = Sharpe * (Return% / MaxDD%)""}","{""lookback"":294,""pivot_window"":3,""min_touches"":5,""tolerance_atr_mult"":1.2,""cluster_atr_mult"":0.8,""confirmation_bars"":2,""cooldown_bars"":6,""allowshort"":false}",2014-01-01,2024-12-31,2025-01-01,2026-04-20,2014-01-01,2026-04-20,118.0,28.0,12.0,16.0,42.86,420736.65,-92848.03,83.79,,36.95,2066092.2,-353546.2400000007,356.33,0.77,0.78,0.0132,0.03,19.0,6.0,4.0,2.0,66.67,54602.23,-8272.17,46.83,,8.22,80214.2000000001,-9054.180000000026,20.19,0.92,1.03,0.0083,0.09,137.0,34.0,16.0,18.0,47.06,377851.76,-86726.14,77.26,,36.95,2066092.2,-353546.2400000007,448.46,0.77,0.79,0.0127,0.03
SBER,breakout_ols,1D,Bayesian_TPE,11,17.044,125,3,5,1.1,0.7,2,3,False,549.86,0.991,1.085,31.97,25,68.0,False,"{""sampler"":""TPESampler"",""seed"":42,""n_trials"":50,""direction"":""maximize"",""objective"":""composite = Sharpe * (Return% / MaxDD%)""}","{""lookback"":125,""pivot_window"":3,""min_touches"":5,""tolerance_atr_mult"":1.1,""cluster_atr_mult"":0.7,""confirmation_bars"":2,""cooldown_bars"":3,""allowshort"":false}",2014-01-01,2024-12-31,2025-01-01,2026-04-20,2014-01-01,2026-04-20,144.0,25.0,17.0,8.0,68.0,368584.64,-95922.87,79.84,,31.97,2414931.6300000004,-265674.63,549.86,0.99,1.09,0.012,0.04,25.0,6.0,2.0,4.0,33.33,53257.54,-21077.55,41.83,,17.69,63243.839999999946,-47157.76000000005,2.22,0.17,0.18,0.0076,0.01,169.0,30.0,18.0,12.0,60.0,395692.11,-110654.75,76.2,,31.97,2414931.6300000004,-313511.25000000035,579.46,0.92,1.0,0.0116,0.03
SBER,breakout_ols,1D,Bayesian_TPE,12,10.002,273,3,5,1.15,0.75,2,7,False,413.78,0.818,0.838,33.84,29,48.28,False,"{""sampler"":""TPESampler"",""seed"":42,""n_trials"":50,""direction"":""maximize"",""objective"":""composite = Sharpe * (Return% / MaxDD%)""}","{""lookback"":273,""pivot_window"":3,""min_touches"":5,""tolerance_atr_mult"":1.1500000000000001,""cluster_atr_mult"":0.75,""confirmation_bars"":2,""cooldown_bars"":7,""allowshort"":false}",2014-01-01,2024-12-31,2025-01-01,2026-04-20,2014-01-01,2026-04-20,117.0,29.0,14.0,15.0,48.28,395226.03,-93025.8,80.79,,33.84,2346313.4000000004,-303259.5600000001,413.78,0.82,0.84,0.0132,0.03,24.0,7.0,5.0,2.0,71.43,39371.78,-12859.88,40.71,,8.52,69387.66000000006,-14863.060000000116,17.11,0.79,0.89,0.0083,0.08,141.0,35.0,18.0,17.0,51.43,364048.28,-89866.05,75.49,,33.84,2346313.4000000004,-303259.5600000001,502.51,0.81,0.83,0.0127,0.03
SBER,breakout_ols,1D,Bayesian_TPE,13,0.755,121,8,5,1.05,0.9000000000000001,3,5,False,128.42,0.418,0.378,71.13,6,66.67,False,"{""sampler"":""TPESampler"",""seed"":42,""n_trials"":50,""direction"":""maximize"",""objective"":""composite = Sharpe * (Return% / MaxDD%)""}","{""lookback"":121,""pivot_window"":8,""min_touches"":5,""tolerance_atr_mult"":1.05,""cluster_atr_mult"":0.9000000000000001,""confirmation_bars"":3,""cooldown_bars"":5,""allowshort"":false}",2014-01-01,2024-12-31,2025-01-01,2026-04-20,2014-01-01,2026-04-20,26.0,6.0,4.0,2.0,66.67,803706.16,-965296.82,442.33,,71.13,1219664.7999999998,-1910754.6,128.42,0.42,0.38,0.0177,0.01,7.0,3.0,1.0,2.0,33.33,24564.15,-40159.43,69.33,,13.61,24564.14999999997,-71992.35000000003,-5.58,-0.35,-0.27,0.0056,-0.01,33.0,9.0,5.0,4.0,55.56,654188.22,-528522.37,318.0,,71.13,1219664.7999999998,-1910754.6,115.69,0.37,0.33,0.0166,0.01
SBER,breakout_ols,1D,Bayesian_TPE,14,3.359,261,4,3,1.05,0.65,2,3,False,253.44,0.651,0.662,49.12,37,40.54,False,"{""sampler"":""TPESampler"",""seed"":42,""n_trials"":50,""direction"":""maximize"",""objective"":""composite = Sharpe * (Return% / MaxDD%)""}","{""lookback"":261,""pivot_window"":4,""min_touches"":3,""tolerance_atr_mult"":1.05,""cluster_atr_mult"":0.65,""confirmation_bars"":2,""cooldown_bars"":3,""allowshort"":false}",2014-01-01,2024-12-31,2025-01-01,2026-04-20,2014-01-01,2026-04-20,159.0,37.0,15.0,22.0,40.54,361084.74,-130993.46,65.84,,49.12,1831656.9700000004,-897745.7999999998,253.44,0.65,0.66,0.0134,0.02,39.0,9.0,4.0,5.0,44.44,53254.92,-21418.13,31.78,,14.44,69387.66000000006,-38245.68000000015,10.59,0.52,0.58,0.0085,0.03,198.0,46.0,19.0,27.0,41.3,320614.23,-120501.36,59.33,,49.12,1831656.9700000004,-897745.7999999998,283.81,0.63,0.64,0.0128,0.02
SBER,breakout_ols,1D,Bayesian_TPE,15,-0.001,138,10,5,1.05,0.65,1,9,False,-2.27,0.03,0.013,46.85,3,66.67,False,"{""sampler"":""TPESampler"",""seed"":42,""n_trials"":50,""direction"":""maximize"",""objective"":""composite = Sharpe * (Return% / MaxDD%)""}","{""lookback"":138,""pivot_window"":10,""min_touches"":5,""tolerance_atr_mult"":1.05,""cluster_atr_mult"":0.65,""confirmation_bars"":1,""cooldown_bars"":9,""allowshort"":false}",2014-01-01,2024-12-31,2025-01-01,2026-04-20,2014-01-01,2026-04-20,16.0,3.0,2.0,1.0,66.67,140372.76,-303482.2,91.33,,46.85,215351.62999999995,-303482.19999999995,-2.27,0.03,0.01,0.0064,0.0,12.0,2.0,1.0,1.0,50.0,63500.0,-32385.15,104.5,,7.79,63500.0,-32385.15000000007,3.11,0.27,0.21,0.0052,0.02,28.0,5.0,3.0,2.0,60.0,139777.93,-168730.62,118.4,,46.85,215351.62999999995,-303482.19999999995,8.19,0.11,0.06,0.0068,0.0
SBER,breakout_ols,1D,Bayesian_TPE,16,8.169,246,7,3,0.7,1.2,3,7,False,360.21,0.813,0.808,35.85,17,58.82,False,"{""sampler"":""TPESampler"",""seed"":42,""n_trials"":50,""direction"":""maximize"",""objective"":""composite = Sharpe * (Return% / MaxDD%)""}","{""lookback"":246,""pivot_window"":7,""min_touches"":3,""tolerance_atr_mult"":0.7,""cluster_atr_mult"":1.2,""confirmation_bars"":3,""cooldown_bars"":7,""allowshort"":false}",2014-01-01,2024-12-31,2025-01-01,2026-04-20,2014-01-01,2026-04-20,85.0,17.0,10.0,7.0,58.82,511051.55,-215483.93,122.35,,35.85,1950868.9199999997,-691796.2000000002,360.21,0.81,0.81,0.0123,0.03,19.0,5.0,2.0,3.0,40.0,38411.72,-46994.57,42.6,,13.9,46672.19999999997,-120561.79999999994,-6.42,-0.32,-0.27,0.0068,-0.02,104.0,21.0,12.0,9.0,57.14,467665.97,-179711.67,112.9,,35.85,1950868.9199999997,-691796.2000000002,399.46,0.77,0.77,0.0119,0.03
SBER,breakout_ols,1D,Bayesian_TPE,17,8.285,144,4,5,0.95,0.55,2,12,False,397.13,0.78,0.853,37.39,16,56.25,False,"{""sampler"":""TPESampler"",""seed"":42,""n_trials"":50,""direction"":""maximize"",""objective"":""composite = Sharpe * (Return% / MaxDD%)""}","{""lookback"":144,""pivot_window"":4,""min_touches"":5,""tolerance_atr_mult"":0.95,""cluster_atr_mult"":0.55,""confirmation_bars"":2,""cooldown_bars"":12,""allowshort"":false}",2014-01-01,2024-12-31,2025-01-01,2026-04-20,2014-01-01,2026-04-20,77.0,16.0,9.0,7.0,56.25,546019.87,-134698.62,140.75,,37.39,2092485.0,-312917.58999999985,397.13,0.78,0.85,0.0138,0.03,16.0,3.0,1.0,2.0,33.33,80098.98,-54275.26,61.0,,13.74,80098.97999999992,-62519.27999999986,-2.85,-0.18,-0.12,0.0051,-0.01,93.0,19.0,10.0,9.0,52.63,541911.24,-165915.34,133.21,,37.39,2092485.0,-316965.59999999934,392.59,0.71,0.76,0.0132,0.03
SBER,breakout_ols,1D,Bayesian_TPE,18,4.378,202,9,5,1.15,0.8500000000000001,2,6,False,264.93,0.64,0.674,38.73,13,53.85,False,"{""sampler"":""TPESampler"",""seed"":42,""n_trials"":50,""direction"":""maximize"",""objective"":""composite = Sharpe * (Return% / MaxDD%)""}","{""lookback"":202,""pivot_window"":9,""min_touches"":5,""tolerance_atr_mult"":1.1500000000000001,""cluster_atr_mult"":0.8500000000000001,""confirmation_bars"":2,""cooldown_bars"":6,""allowshort"":false}",2014-01-01,2024-12-31,2025-01-01,2026-04-20,2014-01-01,2026-04-20,66.0,13.0,7.0,6.0,53.85,514195.71,-158350.26,175.08,,38.73,1705445.3,-482210.2800000002,264.93,0.64,0.67,0.0141,0.02,10.0,1.0,1.0,0.0,100.0,76487.12,0.0,70.0,,2.15,76487.11999999995,76487.11999999995,7.65,1.45,1.16,0.002,0.13,76.0,14.0,8.0,6.0,57.14,484818.2,-158350.26,167.57,,38.73,1705445.3,-482210.2800000002,292.84,0.62,0.62,0.0132,0.02
SBER,breakout_ols,1D,Bayesian_TPE,19,6.253,296,4,3,0.95,0.7,1,3,False,308.48,0.738,0.745,36.41,47,42.55,False,"{""sampler"":""TPESampler"",""seed"":42,""n_trials"":50,""direction"":""maximize"",""objective"":""composite = Sharpe * (Return% / MaxDD%)""}","{""lookback"":296,""pivot_window"":4,""min_touches"":3,""tolerance_atr_mult"":0.95,""cluster_atr_mult"":0.7,""confirmation_bars"":1,""cooldown_bars"":3,""allowshort"":false}",2014-01-01,2024-12-31,2025-01-01,2026-04-20,2014-01-01,2026-04-20,213.0,47.0,20.0,27.0,42.55,262774.4,-80395.5,48.6,,36.41,1804397.0,-246922.49999999977,308.48,0.74,0.74,0.0127,0.03,47.0,11.0,6.0,5.0,54.55,53943.31,-18675.99,26.82,,10.02,87124.0,-24826.049999999956,23.03,0.96,1.26,0.0089,0.09,260.0,58.0,26.0,32.0,44.83,247644.53,-79449.42,44.53,,36.41,1804397.0,-246922.49999999977,389.64,0.74,0.76,0.0123,0.03
SBER,breakout_ols,1D,Bayesian_TPE,20,5.561,105,5,5,1.1,0.3,3,5,False,270.54,0.665,0.684,32.35,20,50.0,False,"{""sampler"":""TPESampler"",""seed"":42,""n_trials"":50,""direction"":""maximize"",""objective"":""composite = Sharpe * (Return% / MaxDD%)""}","{""lookback"":105,""pivot_window"":5,""min_touches"":5,""tolerance_atr_mult"":1.1,""cluster_atr_mult"":0.3,""confirmation_bars"":3,""cooldown_bars"":5,""allowshort"":false}",2014-01-01,2024-12-31,2025-01-01,2026-04-20,2014-01-01,2026-04-20,84.0,20.0,10.0,10.0,50.0,376593.8,-106055.4,99.0,,32.35,1800337.47,-288776.94999999984,270.54,0.66,0.68,0.0135,0.03,17.0,4.0,1.0,3.0,25.0,3014.81,-26871.93,38.25,,15.76,3014.8099999999204,-35811.88000000006,-7.76,-0.66,-0.53,0.0045,-0.02,101.0,23.0,11.0,12.0,47.83,372989.25,-103985.17,95.61,,32.35,1800337.47,-288776.94999999984,285.51,0.63,0.64,0.0129,0.02
SBER,breakout_ols,1D,Bayesian_TPE,21,20.008,152,3,4,0.65,0.4,2,3,True,699.37,1.001,1.021,34.99,22,68.18,True,"{""sampler"":""TPESampler"",""seed"":42,""n_trials"":50,""direction"":""maximize"",""objective"":""composite = Sharpe * (Return% / MaxDD%)""}","{""lookback"":152,""pivot_window"":3,""min_touches"":4,""tolerance_atr_mult"":0.65,""cluster_atr_mult"":0.4,""confirmation_bars"":2,""cooldown_bars"":3,""allowshort"":true}",2014-01-01,2024-12-31,2025-01-01,2026-04-20,2014-01-01,2026-04-20,130.0,22.0,15.0,7.0,68.18,568858.25,-219879.22,95.82,,34.99,3729868.56,-634672.1499999998,699.37,1.0,1.02,0.0134,0.04,24.0,5.0,3.0,2.0,60.0,20961.95,-27893.71,48.6,,17.33,41645.00999999997,-52884.089999999975,0.71,0.1,0.09,0.0079,0.0,154.0,26.0,18.0,8.0,69.23,511435.2,-246443.59,91.92,,34.99,3729868.56,-634672.1499999998,723.43,0.92,0.94,0.0128,0.03
SBER,breakout_ols,1D,Bayesian_TPE,22,11.29,134,3,5,0.6000000000000001,0.5,2,5,True,449.0,0.862,0.932,34.28,25,68.0,True,"{""sampler"":""TPESampler"",""seed"":42,""n_trials"":50,""direction"":""maximize"",""objective"":""composite = Sharpe * (Return% / MaxDD%)""}","{""lookback"":134,""pivot_window"":3,""min_touches"":5,""tolerance_atr_mult"":0.6000000000000001,""cluster_atr_mult"":0.5,""confirmation_bars"":2,""cooldown_bars"":5,""allowshort"":true}",2014-01-01,2024-12-31,2025-01-01,2026-04-20,2014-01-01,2026-04-20,113.0,25.0,17.0,8.0,68.0,341329.08,-164072.72,85.88,,34.28,2055364.0500000005,-460976.6400000002,449.0,0.86,0.93,0.0129,0.03,17.0,5.0,2.0,3.0,40.0,6128.9,-14249.96,53.6,,20.95,9631.009999999986,-40185.599999999984,-3.05,-0.08,-0.08,0.0083,-0.0,130.0,29.0,19.0,10.0,65.52,315144.88,-154360.37,84.62,,34.28,2055364.0500000005,-460976.6400000002,444.41,0.78,0.84,0.0124,0.03
SBER,breakout_ols,1D,Bayesian_TPE,23,13.35,153,4,4,0.6000000000000001,0.35,2,8,True,448.86,0.856,0.916,28.78,17,70.59,True,"{""sampler"":""TPESampler"",""seed"":42,""n_trials"":50,""direction"":""maximize"",""objective"":""composite = Sharpe * (Return% / MaxDD%)""}","{""lookback"":153,""pivot_window"":4,""min_touches"":4,""tolerance_atr_mult"":0.6000000000000001,""cluster_atr_mult"":0.35,""confirmation_bars"":2,""cooldown_bars"":8,""allowshort"":true}",2014-01-01,2024-12-31,2025-01-01,2026-04-20,2014-01-01,2026-04-20,85.0,17.0,12.0,5.0,70.59,419755.22,-109683.54,127.06,,28.78,2515590.0,-231265.85999999996,448.86,0.86,0.92,0.013,0.04,15.0,3.0,2.0,1.0,66.67,26049.89,-66612.03,50.67,,7.69,50613.1199999999,-66612.03000000006,-1.45,-0.09,-0.05,0.0045,-0.01,100.0,20.0,14.0,6.0,70.0,411614.74,-156987.22,121.8,,28.78,2515590.0,-393505.6100000004,482.07,0.8,0.85,0.0126,0.04
SBER,breakout_ols,1D,Bayesian_TPE,24,5.31,124,6,5,0.75,0.55,1,3,False,276.38,0.672,0.703,34.98,20,60.0,False,"{""sampler"":""TPESampler"",""seed"":42,""n_trials"":50,""direction"":""maximize"",""objective"":""composite = Sharpe * (Return% / MaxDD%)""}","{""lookback"":124,""pivot_window"":6,""min_touches"":5,""tolerance_atr_mult"":0.75,""cluster_atr_mult"":0.55,""confirmation_bars"":1,""cooldown_bars"":3,""allowshort"":false}",2014-01-01,2024-12-31,2025-01-01,2026-04-20,2014-01-01,2026-04-20,115.0,20.0,12.0,8.0,60.0,296296.85,-98965.98,100.4,,34.98,1533563.66,-209883.69,276.38,0.67,0.7,0.0135,0.03,19.0,5.0,2.0,3.0,40.0,20329.92,-35588.55,39.4,,12.9,24725.000000000065,-67231.99999999997,-6.61,-0.43,-0.32,0.0056,-0.02,134.0,25.0,14.0,11.0,56.0,281992.57,-110741.5,92.4,,34.98,1533563.66,-268528.8099999999,272.97,0.61,0.64,0.013,0.02
SBER,breakout_ols,1D,Bayesian_TPE,25,15.408,186,3,3,0.3,0.7,2,5,False,515.34,0.937,1.007,31.34,33,54.55,False,"{""sampler"":""TPESampler"",""seed"":42,""n_trials"":50,""direction"":""maximize"",""objective"":""composite = Sharpe * (Return% / MaxDD%)""}","{""lookback"":186,""pivot_window"":3,""min_touches"":3,""tolerance_atr_mult"":0.3,""cluster_atr_mult"":0.7,""confirmation_bars"":2,""cooldown_bars"":5,""allowshort"":false}",2014-01-01,2024-12-31,2025-01-01,2026-04-20,2014-01-01,2026-04-20,163.0,33.0,18.0,15.0,54.55,428683.53,-170858.36,69.06,,31.34,2478299.1200000006,-709356.9899999998,515.34,0.94,1.01,0.0125,0.04,31.0,8.0,4.0,4.0,50.0,30097.18,-5997.45,31.75,,13.49,52085.21999999995,-15278.900000000038,9.64,0.47,0.47,0.0088,0.03,194.0,40.0,21.0,19.0,52.5,410221.91,-142836.7,64.3,,31.34,2478299.1200000006,-709356.9899999998,590.08,0.89,0.96,0.0121,0.03
SBER,breakout_ols,1D,Bayesian_TPE,26,6.937,123,5,4,0.9000000000000001,0.45,2,11,True,315.05,0.764,0.84,34.7,21,66.67,True,"{""sampler"":""TPESampler"",""seed"":42,""n_trials"":50,""direction"":""maximize"",""objective"":""composite = Sharpe * (Return% / MaxDD%)""}","{""lookback"":123,""pivot_window"":5,""min_touches"":4,""tolerance_atr_mult"":0.9000000000000001,""cluster_atr_mult"":0.45,""confirmation_bars"":2,""cooldown_bars"":11,""allowshort"":true}",2014-01-01,2024-12-31,2025-01-01,2026-04-20,2014-01-01,2026-04-20,83.0,21.0,14.0,7.0,66.67,282910.24,-115743.97,94.43,,34.7,1995833.2800000005,-267179.9000000003,315.05,0.76,0.84,0.0123,0.03,14.0,3.0,2.0,1.0,66.67,19514.66,-21941.3,61.33,,10.73,36350.91000000004,-21941.29999999997,1.71,0.16,0.12,0.0056,0.01,97.0,24.0,16.0,8.0,66.67,275575.58,-113417.29,94.71,,34.7,1995833.2800000005,-267179.9000000003,350.19,0.73,0.79,0.0119,0.02
SBER,breakout_ols,1D,Bayesian_TPE,27,4.234,263,4,5,0.65,0.6000000000000001,3,4,False,278.15,0.675,0.732,44.34,18,50.0,False,"{""sampler"":""TPESampler"",""seed"":42,""n_trials"":50,""direction"":""maximize"",""objective"":""composite = Sharpe * (Return% / MaxDD%)""}","{""lookback"":263,""pivot_window"":4,""min_touches"":5,""tolerance_atr_mult"":0.65,""cluster_atr_mult"":0.6000000000000001,""confirmation_bars"":3,""cooldown_bars"":4,""allowshort"":false}",2014-01-01,2024-12-31,2025-01-01,2026-04-20,2014-01-01,2026-04-20,76.0,18.0,9.0,9.0,50.0,551118.1,-242062.66,130.28,,44.34,2052258.0,-513876.6000000001,278.15,0.68,0.73,0.0135,0.02,21.0,5.0,2.0,3.0,40.0,41946.57,-53337.67,50.8,,16.43,55600.20000000003,-118879.85999999994,-7.61,-0.34,-0.29,0.0075,-0.02,97.0,22.0,11.0,11.0,50.0,491133.89,-214421.19,121.59,,44.34,2052258.0,-513876.6000000001,304.38,0.64,0.69,0.013,0.02
SBER,breakout_ols,1D,Bayesian_TPE,28,9.77,155,7,5,1.2,0.95,1,7,True,424.64,0.805,0.827,34.99,18,61.11,True,"{""sampler"":""TPESampler"",""seed"":42,""n_trials"":50,""direction"":""maximize"",""objective"":""composite = Sharpe * (Return% / MaxDD%)""}","{""lookback"":155,""pivot_window"":7,""min_touches"":5,""tolerance_atr_mult"":1.2,""cluster_atr_mult"":0.95,""confirmation_bars"":1,""cooldown_bars"":7,""allowshort"":true}",2014-01-01,2024-12-31,2025-01-01,2026-04-20,2014-01-01,2026-04-20,95.0,18.0,11.0,7.0,61.11,473114.27,-136840.66,117.39,,34.99,2536622.16,-276895.45,424.64,0.8,0.83,0.0137,0.03,20.0,3.0,2.0,1.0,66.67,28419.6,-50062.5,43.0,,9.04,44727.84000000011,-50062.49999999994,0.68,0.1,0.05,0.0042,0.0,115.0,21.0,13.0,8.0,61.9,454678.12,-154983.58,111.95,,34.99,2536622.16,-281984.0399999997,467.09,0.76,0.77,0.0132,0.03
SBER,breakout_ols,1D,Bayesian_TPE,29,14.486,176,3,4,0.8500000000000001,0.4,2,4,True,434.09,0.885,0.898,26.52,20,65.0,True,"{""sampler"":""TPESampler"",""seed"":42,""n_trials"":50,""direction"":""maximize"",""objective"":""composite = Sharpe * (Return% / MaxDD%)""}","{""lookback"":176,""pivot_window"":3,""min_touches"":4,""tolerance_atr_mult"":0.8500000000000001,""cluster_atr_mult"":0.4,""confirmation_bars"":2,""cooldown_bars"":4,""allowshort"":true}",2014-01-01,2024-12-31,2025-01-01,2026-04-20,2014-01-01,2026-04-20,123.0,20.0,13.0,7.0,65.0,418427.82,-156953.48,103.8,,26.52,1838995.0,-537731.9199999998,434.09,0.89,0.9,0.0122,0.04,23.0,6.0,3.0,3.0,50.0,22406.63,-35032.34,42.33,,20.41,45556.379999999954,-57830.31999999995,-3.79,-0.11,-0.11,0.0085,-0.0,146.0,25.0,16.0,9.0,64.0,369556.21,-184108.57,94.76,,26.52,1838995.0,-537731.9199999998,425.59,0.79,0.81,0.0119,0.04
SBER,breakout_ols,1D,Bayesian_TPE,30,3.051,115,4,4,1.0,0.35,1,17,False,197.94,0.583,0.58,37.82,29,58.62,False,"{""sampler"":""TPESampler"",""seed"":42,""n_trials"":50,""direction"":""maximize"",""objective"":""composite = Sharpe * (Return% / MaxDD%)""}","{""lookback"":115,""pivot_window"":4,""min_touches"":4,""tolerance_atr_mult"":1.0,""cluster_atr_mult"":0.35,""confirmation_bars"":1,""cooldown_bars"":17,""allowshort"":false}",2014-01-01,2024-12-31,2025-01-01,2026-04-20,2014-01-01,2026-04-20,97.0,29.0,17.0,12.0,58.62,245836.51,-183315.55,72.1,,37.82,1303068.48,-588595.4799999997,197.94,0.58,0.58,0.0132,0.02,12.0,4.0,2.0,2.0,50.0,21100.63,-20903.2,61.25,,13.07,34958.00000000007,-27775.999999999935,0.04,0.05,0.04,0.0061,0.0,109.0,32.0,19.0,13.0,59.38,245707.44,-176424.4,75.0,,37.82,1303068.48,-588595.4799999997,237.49,0.58,0.58,0.0126,0.02
SBER,breakout_ols,1D,Bayesian_TPE,31,16.502,189,3,3,0.3,0.7,2,5,False,539.83,0.958,1.02,31.34,33,54.55,False,"{""sampler"":""TPESampler"",""seed"":42,""n_trials"":50,""direction"":""maximize"",""objective"":""composite = Sharpe * (Return% / MaxDD%)""}","{""lookback"":189,""pivot_window"":3,""min_touches"":3,""tolerance_atr_mult"":0.3,""cluster_atr_mult"":0.7,""confirmation_bars"":2,""cooldown_bars"":5,""allowshort"":false}",2014-01-01,2024-12-31,2025-01-01,2026-04-20,2014-01-01,2026-04-20,163.0,33.0,18.0,15.0,54.55,442572.78,-171203.62,68.3,,31.34,2549394.5400000005,-729697.4899999998,539.83,0.96,1.02,0.0124,0.04,31.0,8.0,4.0,4.0,50.0,31827.65,-5997.45,33.0,,13.49,53283.439999999995,-15278.900000000038,10.33,0.5,0.5,0.0088,0.03,194.0,40.0,21.0,19.0,52.5,425986.23,-143425.52,63.92,,31.34,2549394.5400000005,-729697.4899999998,622.06,0.92,0.97,0.0121,0.04
SBER,breakout_ols,1D,Bayesian_TPE,32,21.039,187,3,3,0.3,0.8,2,4,False,667.62,1.039,1.111,32.97,32,62.5,False,"{""sampler"":""TPESampler"",""seed"":42,""n_trials"":50,""direction"":""maximize"",""objective"":""composite = Sharpe * (Return% / MaxDD%)""}","{""lookback"":187,""pivot_window"":3,""min_touches"":3,""tolerance_atr_mult"":0.3,""cluster_atr_mult"":0.8,""confirmation_bars"":2,""cooldown_bars"":4,""allowshort"":false}",2014-01-01,2024-12-31,2025-01-01,2026-04-20,2014-01-01,2026-04-20,173.0,32.0,20.0,12.0,62.5,471272.79,-229101.96,70.44,,32.97,3052133.4800000004,-873588.5799999997,667.62,1.04,1.11,0.0125,0.04,31.0,7.0,4.0,3.0,57.14,30317.59,-3768.82,35.14,,13.49,52085.21999999995,-4978.519999999857,11.0,0.53,0.51,0.0087,0.03,204.0,38.0,23.0,15.0,60.53,458826.7,-189200.52,66.82,,32.97,3052133.4800000004,-873588.5799999997,771.5,0.99,1.05,0.0121,0.04
SBER,breakout_ols,1D,Bayesian_TPE,33,10.557,213,5,3,0.45,0.8,2,4,False,405.38,0.812,0.858,31.18,23,69.57,False,"{""sampler"":""TPESampler"",""seed"":42,""n_trials"":50,""direction"":""maximize"",""objective"":""composite = Sharpe * (Return% / MaxDD%)""}","{""lookback"":213,""pivot_window"":5,""min_touches"":3,""tolerance_atr_mult"":0.45,""cluster_atr_mult"":0.8,""confirmation_bars"":2,""cooldown_bars"":4,""allowshort"":false}",2014-01-01,2024-12-31,2025-01-01,2026-04-20,2014-01-01,2026-04-20,121.0,23.0,16.0,7.0,69.57,319135.5,-150340.74,97.48,,31.18,1932558.1000000003,-574176.5999999997,405.38,0.81,0.86,0.0132,0.03,22.0,5.0,2.0,3.0,40.0,44440.62,-22183.74,46.0,,11.86,59780.520000000026,-46025.97999999999,2.23,0.18,0.15,0.0065,0.01,143.0,27.0,17.0,10.0,62.96,351716.87,-141469.68,95.37,,31.18,1932558.1000000003,-574176.5999999997,456.45,0.77,0.82,0.0128,0.03
SBER,breakout_ols,1D,Bayesian_TPE,34,11.128,169,4,3,0.5,0.5,2,3,False,384.2,0.813,0.86,28.07,27,62.96,False,"{""sampler"":""TPESampler"",""seed"":42,""n_trials"":50,""direction"":""maximize"",""objective"":""composite = Sharpe * (Return% / MaxDD%)""}","{""lookback"":169,""pivot_window"":4,""min_touches"":3,""tolerance_atr_mult"":0.5,""cluster_atr_mult"":0.5,""confirmation_bars"":2,""cooldown_bars"":3,""allowshort"":false}",2014-01-01,2024-12-31,2025-01-01,2026-04-20,2014-01-01,2026-04-20,145.0,27.0,17.0,10.0,62.96,343157.84,-199169.88,84.48,,28.07,2079515.6800000004,-747938.6399999999,384.2,0.81,0.86,0.0128,0.04,15.0,3.0,2.0,1.0,66.67,60940.17,-57831.24,74.67,,10.56,65520.0,-57831.23999999986,6.4,0.42,0.36,0.0066,0.03,160.0,29.0,18.0,11.0,62.07,370684.85,-207689.84,89.86,,28.07,2079515.6800000004,-747938.6399999999,438.77,0.78,0.83,0.0124,0.03
SBER,breakout_ols,1D,Bayesian_TPE,35,31.523,193,3,2,0.8,0.8,2,4,True,848.77,1.132,1.205,30.48,38,55.26,True,"{""sampler"":""TPESampler"",""seed"":42,""n_trials"":50,""direction"":""maximize"",""objective"":""composite = Sharpe * (Return% / MaxDD%)""}","{""lookback"":193,""pivot_window"":3,""min_touches"":2,""tolerance_atr_mult"":0.8,""cluster_atr_mult"":0.8,""confirmation_bars"":2,""cooldown_bars"":4,""allowshort"":true}",2014-01-01,2024-12-31,2025-01-01,2026-04-20,2014-01-01,2026-04-20,203.0,38.0,21.0,17.0,55.26,570318.29,-205235.9,59.45,,30.48,3695034.860000001,-1057610.2799999996,848.77,1.13,1.21,0.0126,0.05,40.0,12.0,5.0,7.0,41.67,38538.93,-25396.61,18.0,,14.76,105289.80000000008,-123228.95999999996,1.49,0.13,0.11,0.0078,0.01,243.0,50.0,26.0,24.0,52.0,523089.75,-214387.45,49.64,,30.48,3695034.860000001,-1148003.2799999998,845.5,1.03,1.07,0.012,0.04
SBER,breakout_ols,1D,Bayesian_TPE,36,27.422,188,3,2,0.8,0.8500000000000001,2,4,True,747.61,1.067,1.129,29.09,37,54.05,True,"{""sampler"":""TPESampler"",""seed"":42,""n_trials"":50,""direction"":""maximize"",""objective"":""composite = Sharpe * (Return% / MaxDD%)""}","{""lookback"":188,""pivot_window"":3,""min_touches"":2,""tolerance_atr_mult"":0.8,""cluster_atr_mult"":0.8500000000000001,""confirmation_bars"":2,""cooldown_bars"":4,""allowshort"":true}",2014-01-01,2024-12-31,2025-01-01,2026-04-20,2014-01-01,2026-04-20,197.0,37.0,20.0,17.0,54.05,553265.2,-211131.13,60.11,,29.09,3480531.5600000005,-890701.1400000006,747.61,1.07,1.13,0.0127,0.05,39.0,9.0,4.0,5.0,44.44,21990.61,-9410.18,25.67,,14.76,39917.900000000074,-36677.52000000014,4.09,0.25,0.22,0.0081,0.01,236.0,46.0,24.0,22.0,52.17,485163.14,-180950.19,53.52,,29.09,3480531.5600000005,-890701.1400000006,766.3,0.98,1.02,0.0122,0.04
SBER,breakout_ols,1D,Bayesian_TPE,37,9.222,194,6,2,0.8,0.8500000000000001,2,6,True,393.23,0.83,0.874,35.39,32,53.12,True,"{""sampler"":""TPESampler"",""seed"":42,""n_trials"":50,""direction"":""maximize"",""objective"":""composite = Sharpe * (Return% / MaxDD%)""}","{""lookback"":194,""pivot_window"":6,""min_touches"":2,""tolerance_atr_mult"":0.8,""cluster_atr_mult"":0.8500000000000001,""confirmation_bars"":2,""cooldown_bars"":6,""allowshort"":true}",2014-01-01,2024-12-31,2025-01-01,2026-04-20,2014-01-01,2026-04-20,142.0,32.0,17.0,15.0,53.12,344145.87,-127877.24,69.72,,35.39,2052030.8600000003,-587337.9199999998,393.23,0.83,0.87,0.0126,0.03,25.0,4.0,2.0,2.0,50.0,41057.94,-30282.39,35.0,,9.28,72586.59999999995,-32086.34999999987,2.16,0.23,0.13,0.0042,0.01,167.0,36.0,19.0,17.0,52.78,324153.57,-130089.18,66.06,,35.39,2052030.8600000003,-587337.9199999998,394.74,0.77,0.77,0.0118,0.03
SBER,breakout_ols,1D,Bayesian_TPE,38,13.227,211,5,2,0.75,1.1,2,8,True,485.78,0.898,0.941,32.98,32,59.38,True,"{""sampler"":""TPESampler"",""seed"":42,""n_trials"":50,""direction"":""maximize"",""objective"":""composite = Sharpe * (Return% / MaxDD%)""}","{""lookback"":211,""pivot_window"":5,""min_touches"":2,""tolerance_atr_mult"":0.75,""cluster_atr_mult"":1.1,""confirmation_bars"":2,""cooldown_bars"":8,""allowshort"":true}",2014-01-01,2024-12-31,2025-01-01,2026-04-20,2014-01-01,2026-04-20,132.0,32.0,19.0,13.0,59.38,348645.92,-135878.66,69.88,,32.98,2262781.6200000006,-647641.5199999998,485.78,0.9,0.94,0.0128,0.03,25.0,5.0,2.0,3.0,40.0,38681.36,-38331.3,50.0,,13.49,68386.03999999995,-50022.77,-3.76,-0.12,-0.11,0.008,-0.01,157.0,37.0,21.0,16.0,56.76,331581.56,-151745.68,67.38,,32.98,2262781.6200000006,-647641.5199999998,453.53,0.8,0.82,0.0123,0.03
SBER,breakout_ols,1D,Bayesian_TPE,39,43.161,173,3,2,0.8500000000000001,0.9000000000000001,2,4,True,955.61,1.154,1.255,25.55,34,67.65,True,"{""sampler"":""TPESampler"",""seed"":42,""n_trials"":50,""direction"":""maximize"",""objective"":""composite = Sharpe * (Return% / MaxDD%)""}","{""lookback"":173,""pivot_window"":3,""min_touches"":2,""tolerance_atr_mult"":0.8500000000000001,""cluster_atr_mult"":0.9000000000000001,""confirmation_bars"":2,""cooldown_bars"":4,""allowshort"":true}",2014-01-01,2024-12-31,2025-01-01,2026-04-20,2014-01-01,2026-04-20,197.0,34.0,23.0,11.0,67.65,568210.09,-319339.82,65.26,,25.55,4330329.74,-978425.5199999989,955.61,1.15,1.26,0.0129,0.06,33.0,8.0,3.0,5.0,37.5,19138.62,-18762.92,25.75,,20.42,37915.77999999994,-38820.879999999874,-3.64,-0.12,-0.1,0.0077,-0.0,230.0,42.0,26.0,16.0,61.9,518184.67,-280330.16,57.9,,25.55,4330329.74,-978425.5199999989,898.75,1.03,1.09,0.0124,0.05
SBER,breakout_ols,1D,Bayesian_TPE,40,12.463,181,4,2,0.8500000000000001,0.95,2,18,True,509.99,0.912,0.982,37.32,29,65.52,True,"{""sampler"":""TPESampler"",""seed"":42,""n_trials"":50,""direction"":""maximize"",""objective"":""composite = Sharpe * (Return% / MaxDD%)""}","{""lookback"":181,""pivot_window"":4,""min_touches"":2,""tolerance_atr_mult"":0.8500000000000001,""cluster_atr_mult"":0.95,""confirmation_bars"":2,""cooldown_bars"":18,""allowshort"":true}",2014-01-01,2024-12-31,2025-01-01,2026-04-20,2014-01-01,2026-04-20,109.0,29.0,19.0,10.0,65.52,382287.2,-216357.5,80.45,,37.32,2292865.02,-646588.5999999997,509.99,0.91,0.98,0.0129,0.03,19.0,7.0,3.0,4.0,42.86,38944.0,-19758.01,34.86,,15.78,59203.34999999991,-36633.960000000145,3.78,0.23,0.22,0.009,0.01,128.0,35.0,21.0,14.0,60.0,387229.1,-189764.82,74.74,,37.32,2292865.02,-646588.5999999997,547.51,0.85,0.91,0.0125,0.03
SBER,breakout_ols,1D,Bayesian_TPE,41,43.025,162,3,2,0.8,0.8500000000000001,2,4,True,948.49,1.159,1.253,25.55,37,70.27,True,"{""sampler"":""TPESampler"",""seed"":42,""n_trials"":50,""direction"":""maximize"",""objective"":""composite = Sharpe * (Return% / MaxDD%)""}","{""lookback"":162,""pivot_window"":3,""min_touches"":2,""tolerance_atr_mult"":0.8,""cluster_atr_mult"":0.8500000000000001,""confirmation_bars"":2,""cooldown_bars"":4,""allowshort"":true}",2014-01-01,2024-12-31,2025-01-01,2026-04-20,2014-01-01,2026-04-20,198.0,37.0,26.0,11.0,70.27,453595.25,-209868.33,59.3,,25.55,4431997.580000001,-647252.4500000008,948.49,1.16,1.25,0.0128,0.06,33.0,7.0,3.0,4.0,42.86,18923.75,-21076.66,29.86,,20.11,37159.10000000007,-44097.04000000005,-2.75,-0.07,-0.06,0.0079,-0.0,231.0,44.0,29.0,15.0,65.91,420279.78,-211771.55,54.77,,25.55,4431997.580000001,-647252.4500000008,901.15,1.04,1.09,0.0123,0.05
SBER,breakout_ols,1D,Bayesian_TPE,42,42.861,165,3,2,0.9000000000000001,0.8500000000000001,2,4,True,968.66,1.177,1.26,26.6,37,70.27,True,"{""sampler"":""TPESampler"",""seed"":42,""n_trials"":50,""direction"":""maximize"",""objective"":""composite = Sharpe * (Return% / MaxDD%)""}","{""lookback"":165,""pivot_window"":3,""min_touches"":2,""tolerance_atr_mult"":0.9000000000000001,""cluster_atr_mult"":0.8500000000000001,""confirmation_bars"":2,""cooldown_bars"":4,""allowshort"":true}",2014-01-01,2024-12-31,2025-01-01,2026-04-20,2014-01-01,2026-04-20,194.0,37.0,26.0,11.0,70.27,498898.5,-298617.69,58.89,,26.6,4353960.600000001,-990512.9399999988,968.66,1.18,1.26,0.0127,0.06,33.0,6.0,3.0,3.0,50.0,19343.95,-21291.7,37.0,,18.33,37981.900000000074,-35142.03000000014,-0.58,0.03,0.03,0.008,0.0,227.0,43.0,29.0,14.0,67.44,461616.47,-282513.09,56.0,,26.6,4353960.600000001,-990512.9399999988,943.17,1.06,1.11,0.0122,0.05
SBER,breakout_ols,1D,Bayesian_TPE,43,15.702,167,4,2,0.8,0.9000000000000001,2,6,True,532.01,0.925,1.019,31.34,32,59.38,True,"{""sampler"":""TPESampler"",""seed"":42,""n_trials"":50,""direction"":""maximize"",""objective"":""composite = Sharpe * (Return% / MaxDD%)""}","{""lookback"":167,""pivot_window"":4,""min_touches"":2,""tolerance_atr_mult"":0.8,""cluster_atr_mult"":0.9000000000000001,""confirmation_bars"":2,""cooldown_bars"":6,""allowshort"":true}",2014-01-01,2024-12-31,2025-01-01,2026-04-20,2014-01-01,2026-04-20,169.0,32.0,19.0,13.0,59.38,395795.4,-169234.46,73.88,,31.34,2620571.7,-757695.5899999997,532.01,0.92,1.02,0.0129,0.04,31.0,10.0,5.0,5.0,50.0,25557.5,-24287.72,25.4,,16.19,71184.30000000008,-57954.50999999986,0.63,0.1,0.1,0.009,0.01,200.0,42.0,24.0,18.0,57.14,341616.36,-164100.05,62.5,,31.34,2620571.7,-757695.5899999997,524.5,0.83,0.91,0.0125,0.03
SBER,breakout_ols,1D,Bayesian_TPE,44,36.246,164,3,2,0.9000000000000001,1.0,2,4,True,833.56,1.111,1.2,25.55,35,62.86,True,"{""sampler"":""TPESampler"",""seed"":42,""n_trials"":50,""direction"":""maximize"",""objective"":""composite = Sharpe * (Return% / MaxDD%)""}","{""lookback"":164,""pivot_window"":3,""min_touches"":2,""tolerance_atr_mult"":0.9000000000000001,""cluster_atr_mult"":1.0,""confirmation_bars"":2,""cooldown_bars"":4,""allowshort"":true}",2014-01-01,2024-12-31,2025-01-01,2026-04-20,2014-01-01,2026-04-20,193.0,35.0,22.0,13.0,62.86,518005.77,-235422.12,64.0,,25.55,3889862.6800000006,-865312.439999999,833.56,1.11,1.2,0.0127,0.06,30.0,6.0,4.0,2.0,66.67,17256.14,-39907.92,38.33,,19.87,37788.30000000007,-44848.050000000054,-1.08,0.01,0.01,0.0082,0.0,223.0,41.0,26.0,15.0,63.41,456150.11,-252820.17,60.41,,25.55,3889862.6800000006,-865312.439999999,806.76,1.0,1.06,0.0122,0.05
SBER,breakout_ols,1D,Bayesian_TPE,45,12.309,162,5,2,0.9000000000000001,1.05,2,7,True,421.14,0.847,0.909,28.98,33,57.58,True,"{""sampler"":""TPESampler"",""seed"":42,""n_trials"":50,""direction"":""maximize"",""objective"":""composite = Sharpe * (Return% / MaxDD%)""}","{""lookback"":162,""pivot_window"":5,""min_touches"":2,""tolerance_atr_mult"":0.9000000000000001,""cluster_atr_mult"":1.05,""confirmation_bars"":2,""cooldown_bars"":7,""allowshort"":true}",2014-01-01,2024-12-31,2025-01-01,2026-04-20,2014-01-01,2026-04-20,149.0,33.0,19.0,14.0,57.58,342794.47,-164407.52,68.42,,28.98,2237698.4,-588319.0499999998,421.14,0.85,0.91,0.0127,0.04,26.0,7.0,3.0,4.0,42.86,20214.23,-19473.34,21.43,,11.37,41600.84999999996,-44352.10000000005,-1.73,-0.1,-0.06,0.0047,-0.0,175.0,40.0,22.0,18.0,55.0,305867.07,-150018.68,60.38,,28.98,2237698.4,-588319.0499999998,402.87,0.77,0.79,0.012,0.03
SBER,breakout_ols,1D,Bayesian_TPE,46,29.753,174,3,2,0.9000000000000001,1.0,2,14,True,772.43,1.097,1.164,28.48,33,57.58,True,"{""sampler"":""TPESampler"",""seed"":42,""n_trials"":50,""direction"":""maximize"",""objective"":""composite = Sharpe * (Return% / MaxDD%)""}","{""lookback"":174,""pivot_window"":3,""min_touches"":2,""tolerance_atr_mult"":0.9000000000000001,""cluster_atr_mult"":1.0,""confirmation_bars"":2,""cooldown_bars"":14,""allowshort"":true}",2014-01-01,2024-12-31,2025-01-01,2026-04-20,2014-01-01,2026-04-20,129.0,33.0,19.0,14.0,57.58,565780.22,-216106.56,65.79,,28.48,3580430.2600000007,-692908.4999999997,772.43,1.1,1.16,0.0125,0.05,25.0,8.0,4.0,4.0,50.0,17100.71,-27404.27,26.75,,21.93,37716.41999999994,-38630.82999999988,-4.12,-0.14,-0.12,0.008,-0.01,154.0,41.0,23.0,18.0,56.1,485996.16,-220255.45,58.34,,28.48,3580430.2600000007,-692908.4999999997,721.33,0.97,1.01,0.012,0.04
SBER,breakout_ols,1D,Bayesian_TPE,47,32.872,142,4,2,0.7,0.9000000000000001,2,5,True,849.01,1.093,1.225,28.23,38,52.63,True,"{""sampler"":""TPESampler"",""seed"":42,""n_trials"":50,""direction"":""maximize"",""objective"":""composite = Sharpe * (Return% / MaxDD%)""}","{""lookback"":142,""pivot_window"":4,""min_touches"":2,""tolerance_atr_mult"":0.7,""cluster_atr_mult"":0.9000000000000001,""confirmation_bars"":2,""cooldown_bars"":5,""allowshort"":true}",2014-01-01,2024-12-31,2025-01-01,2026-04-20,2014-01-01,2026-04-20,168.0,38.0,20.0,18.0,52.63,594336.61,-188700.56,60.47,,28.23,5344077.78,-1124376.4500000014,849.01,1.09,1.23,0.0131,0.05,29.0,8.0,4.0,4.0,50.0,30188.0,-24303.7,31.88,,16.45,53193.08000000011,-60298.26000000003,2.35,0.17,0.16,0.0085,0.01,197.0,46.0,24.0,22.0,52.17,535010.77,-195576.16,55.65,,28.23,5344077.78,-1124376.4500000014,853.76,1.0,1.1,0.0126,0.04
SBER,breakout_ols,1D,Bayesian_TPE,48,34.537,146,4,2,0.7,0.95,3,8,True,813.3,1.085,1.185,25.55,29,65.52,True,"{""sampler"":""TPESampler"",""seed"":42,""n_trials"":50,""direction"":""maximize"",""objective"":""composite = Sharpe * (Return% / MaxDD%)""}","{""lookback"":146,""pivot_window"":4,""min_touches"":2,""tolerance_atr_mult"":0.7,""cluster_atr_mult"":0.95,""confirmation_bars"":3,""cooldown_bars"":8,""allowshort"":true}",2014-01-01,2024-12-31,2025-01-01,2026-04-20,2014-01-01,2026-04-20,133.0,29.0,19.0,10.0,65.52,579759.89,-288246.28,79.48,,25.55,4433167.29,-1100889.52,813.3,1.09,1.18,0.013,0.06,21.0,5.0,3.0,2.0,60.0,27531.41,-26146.8,54.4,,18.67,44344.560000000056,-52261.31999999995,3.03,0.2,0.21,0.0092,0.01,154.0,33.0,21.0,12.0,63.64,578181.88,-281510.13,79.36,,25.55,4433167.29,-1100889.52,876.37,1.01,1.1,0.0126,0.05
SBER,breakout_ols,1D,Bayesian_TPE,49,16.914,148,5,2,1.0,1.1,3,10,True,427.34,0.868,0.941,21.93,31,61.29,True,"{""sampler"":""TPESampler"",""seed"":42,""n_trials"":50,""direction"":""maximize"",""objective"":""composite = Sharpe * (Return% / MaxDD%)""}","{""lookback"":148,""pivot_window"":5,""min_touches"":2,""tolerance_atr_mult"":1.0,""cluster_atr_mult"":1.1,""confirmation_bars"":3,""cooldown_bars"":10,""allowshort"":true}",2014-01-01,2024-12-31,2025-01-01,2026-04-20,2014-01-01,2026-04-20,121.0,31.0,19.0,12.0,61.29,344518.97,-189368.17,70.16,,21.93,2779359.24,-629863.38,427.34,0.87,0.94,0.0124,0.05,19.0,5.0,2.0,3.0,40.0,26273.32,-27805.92,28.6,,11.45,33868.40000000007,-49720.710000000014,-3.09,-0.23,-0.13,0.0046,-0.01,140.0,36.0,21.0,15.0,58.33,344323.41,-182976.76,67.81,,21.93,2779359.24,-629863.38,448.61,0.8,0.86,0.0121,0.04
PLZL,breakout_ols,1D,Bayesian_TPE,0,1.657,175,12,4,0.8500000000000001,0.4,1,4,True,171.85,0.51,0.514,52.88,11,54.55,True,"{""sampler"":""TPESampler"",""seed"":42,""n_trials"":50,""direction"":""maximize"",""objective"":""composite = Sharpe * (Return% / MaxDD%)""}","{""lookback"":175,""pivot_window"":12,""min_touches"":4,""tolerance_atr_mult"":0.8500000000000001,""cluster_atr_mult"":0.4,""confirmation_bars"":1,""cooldown_bars"":4,""allowshort"":true}",2014-01-01,2024-12-31,2025-01-01,2026-04-20,2014-01-01,2026-04-20,50.0,11.0,6.0,5.0,54.55,622554.88,-403357.5,200.91,,52.88,1450882.0000000002,-780925.6,171.85,0.51,0.51,0.0147,0.01,9.0,2.0,2.0,0.0,100.0,175688.8,0.0,196.5,,22.91,216594.3999999999,134783.19999999995,35.14,0.89,1.18,0.0154,0.06,59.0,13.0,8.0,5.0,61.54,586424.53,-403357.5,200.23,,52.88,1450882.0000000002,-780925.6,267.46,0.56,0.59,0.0148,0.02
PLZL,breakout_ols,1D,Bayesian_TPE,1,1.015,242,3,5,1.05,0.5,1,6,False,123.14,0.43,0.388,52.15,35,34.29,False,"{""sampler"":""TPESampler"",""seed"":42,""n_trials"":50,""direction"":""maximize"",""objective"":""composite = Sharpe * (Return% / MaxDD%)""}","{""lookback"":242,""pivot_window"":3,""min_touches"":5,""tolerance_atr_mult"":1.05,""cluster_atr_mult"":0.5,""confirmation_bars"":1,""cooldown_bars"":6,""allowshort"":false}",2014-01-01,2024-12-31,2025-01-01,2026-04-20,2014-01-01,2026-04-20,137.0,35.0,12.0,23.0,34.29,311246.44,-108850.05,50.74,,52.15,983181.2,-581826.3999999999,123.14,0.43,0.39,0.0149,0.01,20.0,7.0,5.0,2.0,71.43,70044.4,-97790.7,37.57,,21.54,169494.6000000001,-143999.8000000001,15.46,0.55,0.54,0.0123,0.03,157.0,42.0,17.0,25.0,40.48,265703.74,-117608.16,48.55,,52.15,983181.2,-581826.3999999999,157.68,0.44,0.4,0.0146,0.01
PLZL,breakout_ols,1D,Bayesian_TPE,2,3.379,186,5,4,0.4,0.55,2,11,True,313.28,0.603,0.662,55.9,22,36.36,True,"{""sampler"":""TPESampler"",""seed"":42,""n_trials"":50,""direction"":""maximize"",""objective"":""composite = Sharpe * (Return% / MaxDD%)""}","{""lookback"":186,""pivot_window"":5,""min_touches"":4,""tolerance_atr_mult"":0.4,""cluster_atr_mult"":0.55,""confirmation_bars"":2,""cooldown_bars"":11,""allowshort"":true}",2014-01-01,2024-12-31,2025-01-01,2026-04-20,2014-01-01,2026-04-20,85.0,22.0,8.0,14.0,36.36,995912.96,-345322.76,98.5,,55.9,1927667.2,-1392367.25,313.28,0.6,0.66,0.0176,0.02,11.0,3.0,2.0,1.0,66.67,87405.6,-128970.0,71.33,,20.62,87484.80000000003,-128969.99999999996,4.58,0.25,0.24,0.0105,0.01,96.0,25.0,10.0,15.0,40.0,869001.41,-357858.75,95.24,,55.9,1927667.2,-1392367.25,332.21,0.57,0.61,0.0168,0.02
PLZL,breakout_ols,1D,Bayesian_TPE,3,21.172,203,8,2,0.8500000000000001,0.45,1,20,True,946.8,0.943,0.987,42.17,23,47.83,True,"{""sampler"":""TPESampler"",""seed"":42,""n_trials"":50,""direction"":""maximize"",""objective"":""composite = Sharpe * (Return% / MaxDD%)""}","{""lookback"":203,""pivot_window"":8,""min_touches"":2,""tolerance_atr_mult"":0.8500000000000001,""cluster_atr_mult"":0.45,""confirmation_bars"":1,""cooldown_bars"":20,""allowshort"":true}",2014-01-01,2024-12-31,2025-01-01,2026-04-20,2014-01-01,2026-04-20,75.0,23.0,11.0,11.0,47.83,1221643.05,-360911.26,77.0,,42.17,4283419.8,-1009411.1999999996,946.8,0.94,0.99,0.0166,0.04,11.0,2.0,2.0,0.0,100.0,212519.7,0.0,143.0,,17.4,255544.79999999996,169494.6000000001,42.5,1.17,1.2,0.013,0.09,86.0,25.0,13.0,11.0,52.0,1376335.54,-360911.26,82.28,,42.17,4283419.8,-1009411.1999999996,1392.23,0.96,1.01,0.0162,0.04
PLZL,breakout_ols,1D,Bayesian_TPE,4,21.812,161,3,4,0.7,0.4,2,3,True,904.53,0.939,1.052,38.94,26,46.15,True,"{""sampler"":""TPESampler"",""seed"":42,""n_trials"":50,""direction"":""maximize"",""objective"":""composite = Sharpe * (Return% / MaxDD%)""}","{""lookback"":161,""pivot_window"":3,""min_touches"":4,""tolerance_atr_mult"":0.7,""cluster_atr_mult"":0.4,""confirmation_bars"":2,""cooldown_bars"":3,""allowshort"":true}",2014-01-01,2024-12-31,2025-01-01,2026-04-20,2014-01-01,2026-04-20,135.0,26.0,12.0,14.0,46.15,1062837.63,-264912.71,67.65,,38.94,3854609.5000000014,-1093139.8499999996,904.53,0.94,1.05,0.0163,0.04,10.0,3.0,2.0,1.0,66.67,165118.7,-17160.0,79.67,,13.05,166374.99999999988,-17160.00000000015,31.31,1.07,1.15,0.0108,0.09,145.0,29.0,14.0,15.0,48.28,1148076.7,-258750.11,68.9,,38.94,3854609.5000000014,-1093139.8499999996,1219.18,0.94,1.05,0.0157,0.04
PLZL,breakout_ols,1D,Bayesian_TPE,5,6.603,233,6,4,0.8,0.45,3,16,True,363.33,0.714,0.73,39.29,17,41.18,True,"{""sampler"":""TPESampler"",""seed"":42,""n_trials"":50,""direction"":""maximize"",""objective"":""composite = Sharpe * (Return% / MaxDD%)""}","{""lookback"":233,""pivot_window"":6,""min_touches"":4,""tolerance_atr_mult"":0.8,""cluster_atr_mult"":0.45,""confirmation_bars"":3,""cooldown_bars"":16,""allowshort"":true}",2014-01-01,2024-12-31,2025-01-01,2026-04-20,2014-01-01,2026-04-20,61.0,17.0,7.0,10.0,41.18,828252.86,-216442.14,114.29,,39.29,2189659.5,-442858.9000000002,363.33,0.71,0.73,0.0148,0.03,8.0,3.0,3.0,0.0,100.0,112675.27,0.0,104.33,,13.75,194615.79999999976,2441.999999999798,33.8,0.95,1.07,0.0136,0.09,69.0,19.0,10.0,9.0,52.63,760595.96,-221386.3,119.53,,39.29,2189659.5,-442858.9000000002,561.35,0.76,0.79,0.0147,0.03
PLZL,breakout_ols,1D,Bayesian_TPE,6,1.275,220,12,2,0.45,0.3,1,9,False,150.06,0.496,0.509,58.37,19,42.11,False,"{""sampler"":""TPESampler"",""seed"":42,""n_trials"":50,""direction"":""maximize"",""objective"":""composite = Sharpe * (Return% / MaxDD%)""}","{""lookback"":220,""pivot_window"":12,""min_touches"":2,""tolerance_atr_mult"":0.45,""cluster_atr_mult"":0.3,""confirmation_bars"":1,""cooldown_bars"":9,""allowshort"":false}",2014-01-01,2024-12-31,2025-01-01,2026-04-20,2014-01-01,2026-04-20,80.0,19.0,8.0,11.0,42.11,459392.62,-197687.67,88.26,,58.37,1110558.0,-1349580.0,150.06,0.5,0.51,0.0135,0.01,9.0,1.0,1.0,0.0,100.0,208845.6,0.0,223.0,,17.41,208845.59999999992,208845.59999999992,20.88,0.74,0.67,0.0113,0.05,89.0,20.0,10.0,10.0,50.0,484755.18,-214631.4,101.75,,58.37,1110558.0,-1349580.0,270.12,0.59,0.62,0.0137,0.01
PLZL,breakout_ols,1D,Bayesian_TPE,7,5.553,171,5,4,0.4,1.05,1,20,True,443.82,0.7,0.675,55.95,26,42.31,True,"{""sampler"":""TPESampler"",""seed"":42,""n_trials"":50,""direction"":""maximize"",""objective"":""composite = Sharpe * (Return% / MaxDD%)""}","{""lookback"":171,""pivot_window"":5,""min_touches"":4,""tolerance_atr_mult"":0.4,""cluster_atr_mult"":1.05,""confirmation_bars"":1,""cooldown_bars"":20,""allowshort"":true}",2014-01-01,2024-12-31,2025-01-01,2026-04-20,2014-01-01,2026-04-20,83.0,26.0,11.0,15.0,42.31,980813.33,-423382.98,73.46,,55.95,2440305.0,-2194558.8,443.82,0.7,0.68,0.0173,0.02,13.0,3.0,2.0,1.0,66.67,174626.52,-13838.4,86.33,,15.56,176954.7999999999,-13838.4000000001,33.54,1.0,1.07,0.0126,0.08,96.0,29.0,13.0,16.0,44.83,976105.12,-401625.79,74.79,,55.95,2440305.0,-2194558.8,626.34,0.73,0.7,0.0168,0.02
PLZL,breakout_ols,1D,Bayesian_TPE,8,1.476,101,11,4,0.95,1.0,1,9,False,65.04,0.504,0.282,22.21,2,100.0,False,"{""sampler"":""TPESampler"",""seed"":42,""n_trials"":50,""direction"":""maximize"",""objective"":""composite = Sharpe * (Return% / MaxDD%)""}","{""lookback"":101,""pivot_window"":11,""min_touches"":4,""tolerance_atr_mult"":0.95,""cluster_atr_mult"":1.0,""confirmation_bars"":1,""cooldown_bars"":9,""allowshort"":false}",2014-01-01,2024-12-31,2025-01-01,2026-04-20,2014-01-01,2026-04-20,8.0,2.0,2.0,0.0,100.0,325195.0,0.0,193.5,,22.21,575916.7999999999,74473.19999999994,65.04,0.5,0.28,0.0063,0.01,2.0,1.0,1.0,0.0,100.0,396240.0,0.0,452.0,,22.91,396240.0,396240.0,39.62,0.92,1.33,0.0166,0.07,10.0,3.0,3.0,0.0,100.0,434813.33,0.0,279.67,,22.91,654050.0,74473.19999999994,130.44,0.57,0.41,0.0084,0.02
PLZL,breakout_ols,1D,Bayesian_TPE,9,9.893,225,6,2,0.55,0.6000000000000001,3,14,True,600.82,0.792,0.883,48.1,25,56.0,True,"{""sampler"":""TPESampler"",""seed"":42,""n_trials"":50,""direction"":""maximize"",""objective"":""composite = Sharpe * (Return% / MaxDD%)""}","{""lookback"":225,""pivot_window"":6,""min_touches"":2,""tolerance_atr_mult"":0.55,""cluster_atr_mult"":0.6000000000000001,""confirmation_bars"":3,""cooldown_bars"":14,""allowshort"":true}",2014-01-01,2024-12-31,2025-01-01,2026-04-20,2014-01-01,2026-04-20,92.0,25.0,14.0,11.0,56.0,629236.21,-254643.69,90.24,,48.1,2720663.5999999996,-585133.2000000001,600.82,0.79,0.88,0.0171,0.03,14.0,5.0,4.0,1.0,80.0,91064.45,-16374.4,54.8,,13.62,140967.9999999999,-16374.39999999989,34.79,1.05,1.22,0.0122,0.09,106.0,29.0,17.0,12.0,58.62,706033.93,-243639.25,87.76,,48.1,2720663.5999999996,-585133.2000000001,907.89,0.83,0.93,0.0165,0.03
PLZL,breakout_ols,1D,Bayesian_TPE,10,9.815,289,3,3,0.65,0.8,2,3,False,547.2,0.8,0.804,44.6,33,45.45,False,"{""sampler"":""TPESampler"",""seed"":42,""n_trials"":50,""direction"":""maximize"",""objective"":""composite = Sharpe * (Return% / MaxDD%)""}","{""lookback"":289,""pivot_window"":3,""min_touches"":3,""tolerance_atr_mult"":0.65,""cluster_atr_mult"":0.8,""confirmation_bars"":2,""cooldown_bars"":3,""allowshort"":false}",2014-01-01,2024-12-31,2025-01-01,2026-04-20,2014-01-01,2026-04-20,159.0,33.0,15.0,18.0,45.45,730279.3,-304566.94,61.18,,44.6,1992040.75,-1318281.75,547.2,0.8,0.8,0.016,0.03,29.0,7.0,5.0,2.0,71.43,103405.04,-61899.2,42.29,,16.87,214400.0,-108721.80000000006,39.32,1.13,1.38,0.0126,0.08,188.0,40.0,20.0,20.0,50.0,715080.13,-314197.84,57.88,,44.6,1992040.75,-1318281.75,801.76,0.83,0.85,0.0156,0.03
PLZL,breakout_ols,1D,Bayesian_TPE,11,5.107,131,9,3,1.15,0.75,2,20,True,464.36,0.695,0.705,63.19,20,40.0,True,"{""sampler"":""TPESampler"",""seed"":42,""n_trials"":50,""direction"":""maximize"",""objective"":""composite = Sharpe * (Return% / MaxDD%)""}","{""lookback"":131,""pivot_window"":9,""min_touches"":3,""tolerance_atr_mult"":1.1500000000000001,""cluster_atr_mult"":0.75,""confirmation_bars"":2,""cooldown_bars"":20,""allowshort"":true}",2014-01-01,2024-12-31,2025-01-01,2026-04-20,2014-01-01,2026-04-20,64.0,20.0,8.0,12.0,40.0,1308523.44,-485378.69,104.2,,63.19,2651733.0,-1491145.5,464.36,0.69,0.71,0.0181,0.02,7.0,3.0,3.0,0.0,100.0,81175.07,0.0,90.67,,15.53,142876.3999999999,21879.000000000055,24.35,0.8,0.88,0.0121,0.06,71.0,23.0,11.0,12.0,47.83,1076696.46,-485378.69,102.43,,63.19,2651733.0,-1491145.5,601.91,0.7,0.71,0.0174,0.02
PLZL,breakout_ols,1D,Bayesian_TPE,12,18.976,132,8,5,0.7,0.65,2,16,True,1252.83,0.905,1.098,59.75,6,83.33,True,"{""sampler"":""TPESampler"",""seed"":42,""n_trials"":50,""direction"":""maximize"",""objective"":""composite = Sharpe * (Return% / MaxDD%)""}","{""lookback"":132,""pivot_window"":8,""min_touches"":5,""tolerance_atr_mult"":0.7,""cluster_atr_mult"":0.65,""confirmation_bars"":2,""cooldown_bars"":16,""allowshort"":true}",2014-01-01,2024-12-31,2025-01-01,2026-04-20,2014-01-01,2026-04-20,35.0,6.0,5.0,1.0,83.33,2775209.64,-1347766.5,464.83,,59.75,7464794.7,-1347766.5,1252.83,0.91,1.1,0.0201,0.03,5.0,2.0,2.0,0.0,100.0,135040.5,0.0,179.5,,22.92,209592.0,60489.00000000005,27.01,0.77,0.94,0.0143,0.05,40.0,8.0,7.0,1.0,87.5,2504338.89,-1347766.5,393.5,,59.75,7464794.7,-1347766.5,1618.26,0.89,1.08,0.0194,0.03
PLZL,breakout_ols,1D,Bayesian_TPE,13,5.139,270,9,3,0.9000000000000001,0.35,3,7,True,399.24,0.716,0.761,55.63,12,66.67,True,"{""sampler"":""TPESampler"",""seed"":42,""n_trials"":50,""direction"":""maximize"",""objective"":""composite = Sharpe * (Return% / MaxDD%)""}","{""lookback"":270,""pivot_window"":9,""min_touches"":3,""tolerance_atr_mult"":0.9000000000000001,""cluster_atr_mult"":0.35,""confirmation_bars"":3,""cooldown_bars"":7,""allowshort"":true}",2014-01-01,2024-12-31,2025-01-01,2026-04-20,2014-01-01,2026-04-20,58.0,12.0,8.0,4.0,66.67,824006.09,-649917.95,170.58,,55.63,2231639.1999999997,-1848243.0,399.24,0.72,0.76,0.0156,0.02,12.0,3.0,2.0,1.0,66.67,151608.6,-9013.8,109.67,,16.25,187977.1999999998,-9013.800000000074,29.42,0.84,0.99,0.0139,0.07,70.0,14.0,9.0,5.0,64.29,949066.48,-529532.48,170.79,,55.63,2231639.1999999997,-1848243.0,589.39,0.75,0.81,0.0154,0.02
PLZL,breakout_ols,1D,Bayesian_TPE,14,30.472,149,7,2,0.6000000000000001,0.8500000000000001,2,17,True,1200.08,0.989,1.092,38.95,26,61.54,True,"{""sampler"":""TPESampler"",""seed"":42,""n_trials"":50,""direction"":""maximize"",""objective"":""composite = Sharpe * (Return% / MaxDD%)""}","{""lookback"":149,""pivot_window"":7,""min_touches"":2,""tolerance_atr_mult"":0.6000000000000001,""cluster_atr_mult"":0.8500000000000001,""confirmation_bars"":2,""cooldown_bars"":17,""allowshort"":true}",2014-01-01,2024-12-31,2025-01-01,2026-04-20,2014-01-01,2026-04-20,93.0,26.0,16.0,10.0,61.54,1072906.66,-516571.84,72.81,,38.95,2422866.599999999,-1478912.0,1200.08,0.99,1.09,0.0173,0.04,14.0,4.0,3.0,1.0,75.0,197916.62,-128118.0,78.0,,22.76,275524.4,-128117.99999999994,46.56,1.2,1.46,0.0137,0.07,107.0,29.0,18.0,11.0,62.07,1483923.9,-634466.0,76.62,,38.95,3992561.2000000007,-1813407.5999999992,1973.15,1.03,1.16,0.0169,0.04
PLZL,breakout_ols,1D,Bayesian_TPE,15,8.48,151,4,3,0.6000000000000001,0.8500000000000001,2,14,True,565.34,0.762,0.849,50.8,32,43.75,True,"{""sampler"":""TPESampler"",""seed"":42,""n_trials"":50,""direction"":""maximize"",""objective"":""composite = Sharpe * (Return% / MaxDD%)""}","{""lookback"":151,""pivot_window"":4,""min_touches"":3,""tolerance_atr_mult"":0.6000000000000001,""cluster_atr_mult"":0.8500000000000001,""confirmation_bars"":2,""cooldown_bars"":14,""allowshort"":true}",2014-01-01,2024-12-31,2025-01-01,2026-04-20,2014-01-01,2026-04-20,103.0,32.0,14.0,18.0,43.75,979146.33,-447482.18,63.22,,50.8,2146768.5,-1257344.0,565.34,0.76,0.85,0.0174,0.03,13.0,3.0,3.0,0.0,100.0,183563.82,0.0,86.0,,13.04,236847.9999999999,93715.59999999976,55.07,1.63,1.93,0.0111,0.14,116.0,35.0,17.0,18.0,48.57,1022058.73,-447482.18,65.17,,50.8,2146768.5,-1257344.0,932.03,0.83,0.92,0.0168,0.03
PLZL,breakout_ols,1D,Bayesian_TPE,16,2.259,102,10,5,0.5,1.2,2,17,True,280.98,0.587,0.642,73.01,2,100.0,True,"{""sampler"":""TPESampler"",""seed"":42,""n_trials"":50,""direction"":""maximize"",""objective"":""composite = Sharpe * (Return% / MaxDD%)""}","{""lookback"":102,""pivot_window"":10,""min_touches"":5,""tolerance_atr_mult"":0.5,""cluster_atr_mult"":1.2,""confirmation_bars"":2,""cooldown_bars"":17,""allowshort"":true}",2014-01-01,2024-12-31,2025-01-01,2026-04-20,2014-01-01,2026-04-20,7.0,2.0,2.0,0.0,100.0,1404887.6,0.0,1239.0,,73.01,2281662.0000000005,528113.2,280.98,0.59,0.64,0.0171,0.01,0.0,0.0,0.0,0.0,0.0,0.0,0.0,0.0,,0.0,0.0,0.0,0.0,,,0.0,,7.0,2.0,2.0,0.0,100.0,1404887.6,0.0,1239.0,,73.01,2281662.0000000005,528113.2,280.98,0.55,0.56,0.0159,0.01
PLZL,breakout_ols,1D,Bayesian_TPE,17,15.981,151,7,2,0.3,0.9000000000000001,3,13,True,825.55,0.869,0.98,44.89,26,53.85,True,"{""sampler"":""TPESampler"",""seed"":42,""n_trials"":50,""direction"":""maximize"",""objective"":""composite = Sharpe * (Return% / MaxDD%)""}","{""lookback"":151,""pivot_window"":7,""min_touches"":2,""tolerance_atr_mult"":0.3,""cluster_atr_mult"":0.9000000000000001,""confirmation_bars"":3,""cooldown_bars"":13,""allowshort"":true}",2014-01-01,2024-12-31,2025-01-01,2026-04-20,2014-01-01,2026-04-20,93.0,26.0,14.0,12.0,53.85,1038954.2,-524153.85,76.38,,44.89,2352472.8499999996,-1641309.5999999996,825.55,0.87,0.98,0.0175,0.03,14.0,3.0,3.0,0.0,100.0,168934.45,0.0,90.33,,12.47,266207.4000000001,92419.79999999976,50.68,1.4,1.58,0.0123,0.14,107.0,28.0,16.0,12.0,57.14,1276136.3,-524153.85,81.25,,44.89,2698312.000000001,-1641309.5999999996,1412.83,0.94,1.06,0.0169,0.04
PLZL,breakout_ols,1D,Bayesian_TPE,18,13.866,153,4,3,0.75,0.7,2,18,False,774.69,0.855,0.935,47.77,28,42.86,False,"{""sampler"":""TPESampler"",""seed"":42,""n_trials"":50,""direction"":""maximize"",""objective"":""composite = Sharpe * (Return% / MaxDD%)""}","{""lookback"":153,""pivot_window"":4,""min_touches"":3,""tolerance_atr_mult"":0.75,""cluster_atr_mult"":0.7,""confirmation_bars"":2,""cooldown_bars"":18,""allowshort"":false}",2014-01-01,2024-12-31,2025-01-01,2026-04-20,2014-01-01,2026-04-20,96.0,28.0,12.0,16.0,42.86,1191362.16,-409338.67,68.57,,47.77,2146768.5,-1279360.0,774.69,0.86,0.94,0.0173,0.03,12.0,4.0,3.0,1.0,75.0,132655.28,-77312.0,61.0,,13.05,220127.85,-77311.99999999997,32.07,1.1,1.25,0.0108,0.09,108.0,32.0,15.0,17.0,46.88,1185290.83,-425074.18,67.62,,47.77,2146768.5,-1279360.0,1055.31,0.87,0.95,0.0166,0.03
PLZL,breakout_ols,1D,Bayesian_TPE,19,12.065,121,7,5,0.7,0.95,2,10,True,616.19,0.81,0.884,41.37,12,66.67,True,"{""sampler"":""TPESampler"",""seed"":42,""n_trials"":50,""direction"":""maximize"",""objective"":""composite = Sharpe * (Return% / MaxDD%)""}","{""lookback"":121,""pivot_window"":7,""min_touches"":5,""tolerance_atr_mult"":0.7,""cluster_atr_mult"":0.95,""confirmation_bars"":2,""cooldown_bars"":10,""allowshort"":true}",2014-01-01,2024-12-31,2025-01-01,2026-04-20,2014-01-01,2026-04-20,62.0,12.0,8.0,4.0,66.67,1298605.71,-1056724.62,161.83,,41.37,5102530.3999999985,-2186957.9999999995,616.19,0.81,0.88,0.0167,0.03,7.0,1.0,1.0,0.0,100.0,301626.0,0.0,262.0,,16.26,301625.99999999994,301625.99999999994,30.16,0.95,1.1,0.0121,0.07,69.0,13.0,9.0,4.0,69.23,1394528.5,-1056724.62,169.54,,41.37,5102530.3999999985,-2186957.9999999995,832.39,0.82,0.9,0.0161,0.03
PLZL,breakout_ols,1D,Bayesian_TPE,20,27.982,187,6,2,1.0,1.1,3,6,True,1252.08,0.967,1.127,43.27,25,52.0,True,"{""sampler"":""TPESampler"",""seed"":42,""n_trials"":50,""direction"":""maximize"",""objective"":""composite = Sharpe * (Return% / MaxDD%)""}","{""lookback"":187,""pivot_window"":6,""min_touches"":2,""tolerance_atr_mult"":1.0,""cluster_atr_mult"":1.1,""confirmation_bars"":3,""cooldown_bars"":6,""allowshort"":true}",2014-01-01,2024-12-31,2025-01-01,2026-04-20,2014-01-01,2026-04-20,115.0,25.0,13.0,12.0,52.0,1588924.8,-677935.72,86.52,,43.27,7601963.1,-2140419.600000001,1252.08,0.97,1.13,0.0182,0.04,17.0,3.0,3.0,0.0,100.0,69955.05,0.0,83.33,,15.36,127094.0000000001,35151.999999999956,20.99,0.75,0.78,0.0114,0.06,132.0,28.0,16.0,12.0,57.14,1468621.35,-677935.72,86.18,,43.27,7601963.1,-2140419.600000001,1536.27,0.94,1.08,0.0174,0.04
PLZL,breakout_ols,1D,Bayesian_TPE,21,29.761,196,6,2,1.2,1.15,3,5,True,1271.67,0.967,1.133,41.32,23,52.17,True,"{""sampler"":""TPESampler"",""seed"":42,""n_trials"":50,""direction"":""maximize"",""objective"":""composite = Sharpe * (Return% / MaxDD%)""}","{""lookback"":196,""pivot_window"":6,""min_touches"":2,""tolerance_atr_mult"":1.2,""cluster_atr_mult"":1.1500000000000001,""confirmation_bars"":3,""cooldown_bars"":5,""allowshort"":true}",2014-01-01,2024-12-31,2025-01-01,2026-04-20,2014-01-01,2026-04-20,111.0,23.0,12.0,11.0,52.17,1671286.49,-667159.0,95.65,,41.32,7446277.399999999,-2302824.000000001,1271.67,0.97,1.13,0.0183,0.04,15.0,3.0,3.0,0.0,100.0,117488.67,0.0,81.0,,12.46,156511.99999999994,92851.1999999998,35.25,1.14,1.2,0.0113,0.1,126.0,26.0,15.0,11.0,57.69,1659598.07,-667159.0,93.96,,41.32,7446277.399999999,-2302824.000000001,1755.52,0.97,1.12,0.0175,0.04
PLZL,breakout_ols,1D,Bayesian_TPE,22,43.878,194,6,2,1.1,1.2,3,6,True,1696.83,1.054,1.245,40.76,22,54.55,True,"{""sampler"":""TPESampler"",""seed"":42,""n_trials"":50,""direction"":""maximize"",""objective"":""composite = Sharpe * (Return% / MaxDD%)""}","{""lookback"":194,""pivot_window"":6,""min_touches"":2,""tolerance_atr_mult"":1.1,""cluster_atr_mult"":1.2,""confirmation_bars"":3,""cooldown_bars"":6,""allowshort"":true}",2014-01-01,2024-12-31,2025-01-01,2026-04-20,2014-01-01,2026-04-20,107.0,22.0,12.0,10.0,54.55,2055013.32,-769187.54,102.64,,40.76,8467987.799999999,-2489614.200000001,1696.83,1.05,1.25,0.0183,0.05,15.0,3.0,3.0,0.0,100.0,99111.87,0.0,82.67,,15.37,156511.99999999994,37720.79999999995,29.73,0.98,1.05,0.0114,0.07,122.0,25.0,15.0,10.0,60.0,2000431.35,-769187.54,100.24,,40.76,8467987.799999999,-2489614.200000001,2231.46,1.04,1.21,0.0175,0.04
PLZL,breakout_ols,1D,Bayesian_TPE,23,42.863,206,7,2,1.2,1.2,3,5,True,1599.07,1.047,1.227,39.06,25,48.0,True,"{""sampler"":""TPESampler"",""seed"":42,""n_trials"":50,""direction"":""maximize"",""objective"":""composite = Sharpe * (Return% / MaxDD%)""}","{""lookback"":206,""pivot_window"":7,""min_touches"":2,""tolerance_atr_mult"":1.2,""cluster_atr_mult"":1.2,""confirmation_bars"":3,""cooldown_bars"":5,""allowshort"":true}",2014-01-01,2024-12-31,2025-01-01,2026-04-20,2014-01-01,2026-04-20,116.0,25.0,12.0,13.0,48.0,1961615.42,-580666.58,87.64,,39.06,7917377.899999999,-1962738.0000000005,1599.07,1.05,1.23,0.018,0.05,18.0,5.0,3.0,2.0,60.0,79187.53,-33217.0,52.6,,20.12,156511.99999999994,-57088.19999999995,17.11,0.59,0.6,0.0127,0.04,134.0,30.0,15.0,15.0,50.0,1838656.61,-578555.44,81.8,,39.06,7917377.899999999,-1962738.0000000005,1890.15,1.0,1.16,0.0174,0.04
PLZL,breakout_ols,1D,Bayesian_TPE,24,7.417,255,7,2,1.2,1.2,3,7,True,438.4,0.741,0.802,43.8,24,45.83,True,"{""sampler"":""TPESampler"",""seed"":42,""n_trials"":50,""direction"":""maximize"",""objective"":""composite = Sharpe * (Return% / MaxDD%)""}","{""lookback"":255,""pivot_window"":7,""min_touches"":2,""tolerance_atr_mult"":1.2,""cluster_atr_mult"":1.2,""confirmation_bars"":3,""cooldown_bars"":7,""allowshort"":true}",2014-01-01,2024-12-31,2025-01-01,2026-04-20,2014-01-01,2026-04-20,106.0,24.0,11.0,13.0,45.83,682376.77,-240165.71,85.75,,43.8,3091078.4,-909345.3000000002,438.4,0.74,0.8,0.0157,0.03,21.0,5.0,2.0,3.0,40.0,117997.97,-26804.07,52.0,,14.71,122211.55000000005,-57313.39999999995,15.56,0.54,0.56,0.013,0.05,127.0,29.0,13.0,16.0,44.83,675227.57,-222220.22,79.93,,43.8,3091078.4,-909345.3000000002,522.24,0.72,0.77,0.0154,0.03
PLZL,breakout_ols,1D,Bayesian_TPE,25,40.313,206,9,2,1.05,1.1,3,8,True,1660.15,1.066,1.277,43.9,23,47.83,True,"{""sampler"":""TPESampler"",""seed"":42,""n_trials"":50,""direction"":""maximize"",""objective"":""composite = Sharpe * (Return% / MaxDD%)""}","{""lookback"":206,""pivot_window"":9,""min_touches"":2,""tolerance_atr_mult"":1.05,""cluster_atr_mult"":1.1,""confirmation_bars"":3,""cooldown_bars"":8,""allowshort"":true}",2014-01-01,2024-12-31,2025-01-01,2026-04-20,2014-01-01,2026-04-20,98.0,23.0,11.0,12.0,47.83,2101608.18,-543014.25,96.87,,43.9,7276354.500000001,-1640921.3999999997,1660.15,1.07,1.28,0.0178,0.04,9.0,3.0,2.0,1.0,66.67,93733.0,-9013.8,95.33,,16.32,115240.0,-9013.800000000074,17.85,0.58,0.65,0.0134,0.05,107.0,25.0,12.0,13.0,48.0,2317950.04,-514263.43,101.16,,43.9,7276354.500000001,-1640921.3999999997,2113.0,1.03,1.23,0.0173,0.04
PLZL,breakout_ols,1D,Bayesian_TPE,26,4.746,208,10,3,1.1,1.1,3,8,False,294.1,0.677,0.738,41.95,16,43.75,False,"{""sampler"":""TPESampler"",""seed"":42,""n_trials"":50,""direction"":""maximize"",""objective"":""composite = Sharpe * (Return% / MaxDD%)""}","{""lookback"":208,""pivot_window"":10,""min_touches"":3,""tolerance_atr_mult"":1.1,""cluster_atr_mult"":1.1,""confirmation_bars"":3,""cooldown_bars"":8,""allowshort"":false}",2014-01-01,2024-12-31,2025-01-01,2026-04-20,2014-01-01,2026-04-20,69.0,16.0,7.0,9.0,43.75,652432.36,-180668.13,114.94,,41.95,1914466.7,-647105.5,294.1,0.68,0.74,0.0139,0.02,10.0,3.0,1.0,2.0,33.33,115240.0,-54834.1,82.33,,23.87,115240.0,-100654.40000000008,0.56,0.12,0.12,0.0128,0.01,79.0,18.0,8.0,10.0,44.44,646048.46,-194120.74,116.72,,41.95,1914466.7,-647105.5,322.72,0.63,0.69,0.0138,0.02
PLZL,breakout_ols,1D,Bayesian_TPE,27,45.415,213,9,2,1.1,1.05,3,5,True,1798.21,1.087,1.306,43.04,22,45.45,True,"{""sampler"":""TPESampler"",""seed"":42,""n_trials"":50,""direction"":""maximize"",""objective"":""composite = Sharpe * (Return% / MaxDD%)""}","{""lookback"":213,""pivot_window"":9,""min_touches"":2,""tolerance_atr_mult"":1.1,""cluster_atr_mult"":1.05,""confirmation_bars"":3,""cooldown_bars"":5,""allowshort"":true}",2014-01-01,2024-12-31,2025-01-01,2026-04-20,2014-01-01,2026-04-20,101.0,22.0,10.0,12.0,45.45,2455312.94,-547589.91,102.05,,43.04,7441216.15,-1636780.5999999996,1798.21,1.09,1.31,0.0179,0.05,11.0,3.0,2.0,1.0,66.67,93733.0,-9013.8,95.33,,16.32,115240.0,-9013.800000000074,17.85,0.58,0.65,0.0134,0.05,112.0,24.0,11.0,13.0,45.83,2692684.23,-519508.66,106.08,,43.04,7441216.15,-1636780.5999999996,2286.59,1.05,1.26,0.0174,0.04
PLZL,breakout_ols,1D,Bayesian_TPE,28,29.566,258,8,2,1.1,1.0,3,5,True,960.59,0.996,1.04,32.36,19,73.68,True,"{""sampler"":""TPESampler"",""seed"":42,""n_trials"":50,""direction"":""maximize"",""objective"":""composite = Sharpe * (Return% / MaxDD%)""}","{""lookback"":258,""pivot_window"":8,""min_touches"":2,""tolerance_atr_mult"":1.1,""cluster_atr_mult"":1.0,""confirmation_bars"":3,""cooldown_bars"":5,""allowshort"":true}",2014-01-01,2024-12-31,2025-01-01,2026-04-20,2014-01-01,2026-04-20,102.0,19.0,14.0,5.0,73.68,820776.22,-376989.77,103.37,,32.36,3783061.8,-638575.6,960.59,1.0,1.04,0.0156,0.05,14.0,3.0,2.0,1.0,66.67,156218.97,-15748.8,107.33,,17.4,190226.3999999998,-15748.799999999894,29.67,0.84,0.97,0.0139,0.07,116.0,21.0,15.0,6.0,71.43,1065608.37,-344400.01,109.71,,32.36,3783061.8,-638575.6,1391.77,1.0,1.07,0.0154,0.05
PLZL,breakout_ols,1D,Bayesian_TPE,29,31.762,174,10,3,0.95,1.2,3,4,True,1330.22,1.026,1.306,42.97,19,36.84,True,"{""sampler"":""TPESampler"",""seed"":42,""n_trials"":50,""direction"":""maximize"",""objective"":""composite = Sharpe * (Return% / MaxDD%)""}","{""lookback"":174,""pivot_window"":10,""min_touches"":3,""tolerance_atr_mult"":0.95,""cluster_atr_mult"":1.2,""confirmation_bars"":3,""cooldown_bars"":4,""allowshort"":true}",2014-01-01,2024-12-31,2025-01-01,2026-04-20,2014-01-01,2026-04-20,77.0,19.0,7.0,12.0,36.84,2763736.19,-503665.76,118.68,,42.97,6489530.249999998,-2156826.0,1330.22,1.03,1.31,0.0172,0.04,11.0,3.0,2.0,1.0,66.67,29506.98,-52550.4,87.33,,20.9,48786.0,-52550.39999999989,0.65,0.12,0.13,0.0129,0.01,88.0,21.0,8.0,13.0,38.1,2860371.38,-533077.25,121.0,,42.97,6489530.249999998,-2156826.0,1595.3,0.98,1.23,0.0167,0.04
PLZL,breakout_ols,1D,Bayesian_TPE,30,39.657,218,5,2,1.15,1.05,3,4,True,1691.46,1.037,1.081,44.23,28,50.0,True,"{""sampler"":""TPESampler"",""seed"":42,""n_trials"":50,""direction"":""maximize"",""objective"":""composite = Sharpe * (Return% / MaxDD%)""}","{""lookback"":218,""pivot_window"":5,""min_touches"":2,""tolerance_atr_mult"":1.1500000000000001,""cluster_atr_mult"":1.05,""confirmation_bars"":3,""cooldown_bars"":4,""allowshort"":true}",2014-01-01,2024-12-31,2025-01-01,2026-04-20,2014-01-01,2026-04-20,144.0,28.0,14.0,14.0,50.0,1643132.59,-434949.4,73.82,,44.23,4416962.549999999,-1147430.9,1691.46,1.04,1.08,0.0187,0.04,22.0,5.0,3.0,2.0,60.0,145003.58,-35048.5,54.6,,16.16,190800.40000000005,-53505.0,36.49,1.09,1.24,0.0122,0.08,166.0,33.0,17.0,16.0,51.52,1812002.59,-459145.51,70.91,,44.23,4416962.549999999,-1147430.9,2345.77,1.03,1.08,0.018,0.04
PLZL,breakout_ols,1D,Bayesian_TPE,31,37.697,209,9,2,1.05,1.1,3,7,True,1554.1,1.044,1.252,43.04,23,47.83,True,"{""sampler"":""TPESampler"",""seed"":42,""n_trials"":50,""direction"":""maximize"",""objective"":""composite = Sharpe * (Return% / MaxDD%)""}","{""lookback"":209,""pivot_window"":9,""min_touches"":2,""tolerance_atr_mult"":1.05,""cluster_atr_mult"":1.1,""confirmation_bars"":3,""cooldown_bars"":7,""allowshort"":true}",2014-01-01,2024-12-31,2025-01-01,2026-04-20,2014-01-01,2026-04-20,101.0,23.0,11.0,12.0,47.83,1999204.35,-537521.97,97.26,,43.04,7258228.350000001,-1636780.5999999996,1554.1,1.04,1.25,0.0178,0.04,11.0,3.0,2.0,1.0,66.67,93733.0,-9013.8,95.33,,16.32,115240.0,-9013.800000000074,17.85,0.58,0.65,0.0134,0.05,112.0,25.0,12.0,13.0,48.0,2200504.5,-508409.6,101.52,,43.04,7258228.350000001,-1636780.5999999996,1979.67,1.01,1.21,0.0174,0.04
PLZL,breakout_ols,1D,Bayesian_TPE,32,50.136,189,9,2,1.05,1.15,3,5,True,1943.34,1.09,1.364,42.25,20,50.0,True,"{""sampler"":""TPESampler"",""seed"":42,""n_trials"":50,""direction"":""maximize"",""objective"":""composite = Sharpe * (Return% / MaxDD%)""}","{""lookback"":189,""pivot_window"":9,""min_touches"":2,""tolerance_atr_mult"":1.05,""cluster_atr_mult"":1.1500000000000001,""confirmation_bars"":3,""cooldown_bars"":5,""allowshort"":true}",2014-01-01,2024-12-31,2025-01-01,2026-04-20,2014-01-01,2026-04-20,97.0,20.0,10.0,10.0,50.0,2867751.52,-924407.25,125.75,,42.25,9738921.45,-3292362.0,1943.34,1.09,1.36,0.0184,0.05,10.0,3.0,2.0,1.0,66.67,71228.48,-8449.4,88.67,,14.71,96415.99999999996,-8449.400000000069,13.4,0.49,0.5,0.0128,0.04,107.0,22.0,11.0,11.0,50.0,3248914.59,-858865.64,127.5,,42.25,9738921.45,-3292362.0,2629.05,1.07,1.32,0.0178,0.05
PLZL,breakout_ols,1D,Bayesian_TPE,33,13.835,238,8,2,1.15,1.15,3,5,True,649.25,0.85,0.949,39.89,23,52.17,True,"{""sampler"":""TPESampler"",""seed"":42,""n_trials"":50,""direction"":""maximize"",""objective"":""composite = Sharpe * (Return% / MaxDD%)""}","{""lookback"":238,""pivot_window"":8,""min_touches"":2,""tolerance_atr_mult"":1.1500000000000001,""cluster_atr_mult"":1.1500000000000001,""confirmation_bars"":3,""cooldown_bars"":5,""allowshort"":true}",2014-01-01,2024-12-31,2025-01-01,2026-04-20,2014-01-01,2026-04-20,100.0,23.0,12.0,11.0,52.17,744752.64,-222225.66,94.83,,39.89,2427479.5,-578354.3999999999,649.25,0.85,0.95,0.016,0.03,13.0,3.0,2.0,1.0,66.67,167165.0,-16020.8,108.33,,17.4,193361.9999999998,-16020.799999999894,31.83,0.89,1.03,0.0139,0.07,113.0,26.0,14.0,12.0,53.85,817422.26,-213720.99,96.38,,39.89,2427479.5,-578354.3999999999,887.93,0.85,0.96,0.0158,0.03
PLZL,breakout_ols,1D,Bayesian_TPE,34,50.573,190,11,2,1.0,1.15,3,6,True,1715.81,1.072,1.284,36.37,18,44.44,True,"{""sampler"":""TPESampler"",""seed"":42,""n_trials"":50,""direction"":""maximize"",""objective"":""composite = Sharpe * (Return% / MaxDD%)""}","{""lookback"":190,""pivot_window"":11,""min_touches"":2,""tolerance_atr_mult"":1.0,""cluster_atr_mult"":1.1500000000000001,""confirmation_bars"":3,""cooldown_bars"":6,""allowshort"":true}",2014-01-01,2024-12-31,2025-01-01,2026-04-20,2014-01-01,2026-04-20,84.0,18.0,8.0,10.0,44.44,2943761.78,-639196.82,135.56,,36.37,7430858.350000001,-1106169.9,1715.81,1.07,1.28,0.0179,0.05,11.0,2.0,2.0,0.0,100.0,175285.4,0.0,162.5,,17.41,195800.79999999976,154770.0,35.06,0.96,1.1,0.0139,0.08,95.0,19.0,9.0,10.0,47.37,3506244.75,-639196.82,146.32,,36.37,7430858.350000001,-1106169.9,2516.42,1.07,1.29,0.0175,0.05
PLZL,breakout_ols,1D,Bayesian_TPE,35,4.961,188,12,3,1.0,1.0,3,6,True,299.12,0.673,0.652,40.58,14,42.86,True,"{""sampler"":""TPESampler"",""seed"":42,""n_trials"":50,""direction"":""maximize"",""objective"":""composite = Sharpe * (Return% / MaxDD%)""}","{""lookback"":188,""pivot_window"":12,""min_touches"":3,""tolerance_atr_mult"":1.0,""cluster_atr_mult"":1.0,""confirmation_bars"":3,""cooldown_bars"":6,""allowshort"":true}",2014-01-01,2024-12-31,2025-01-01,2026-04-20,2014-01-01,2026-04-20,52.0,14.0,6.0,8.0,42.86,747518.72,-186745.25,124.64,,40.58,1894227.6499999992,-406320.60000000015,299.12,0.67,0.65,0.0142,0.02,8.0,2.0,2.0,0.0,100.0,164226.07,0.0,161.0,,17.41,192665.1999999998,135786.95000000013,32.85,0.91,1.05,0.0139,0.07,60.0,15.0,8.0,7.0,53.33,762032.89,-192262.77,139.0,,40.58,1894227.6499999992,-406320.60000000015,475.04,0.73,0.73,0.0142,0.03
PLZL,breakout_ols,1D,Bayesian_TPE,36,30.539,179,11,2,0.8500000000000001,1.15,3,3,False,1254.64,0.969,1.166,39.81,21,57.14,False,"{""sampler"":""TPESampler"",""seed"":42,""n_trials"":50,""direction"":""maximize"",""objective"":""composite = Sharpe * (Return% / MaxDD%)""}","{""lookback"":179,""pivot_window"":11,""min_touches"":2,""tolerance_atr_mult"":0.8500000000000001,""cluster_atr_mult"":1.1500000000000001,""confirmation_bars"":3,""cooldown_bars"":3,""allowshort"":false}",2014-01-01,2024-12-31,2025-01-01,2026-04-20,2014-01-01,2026-04-20,93.0,21.0,12.0,9.0,57.14,1640035.58,-792666.67,112.48,,39.81,5024637.3999999985,-2337117.2999999993,1254.64,0.97,1.17,0.0181,0.04,12.0,2.0,2.0,0.0,100.0,132913.57,0.0,148.5,,17.4,219786.19999999987,46040.95000000008,26.58,0.8,0.86,0.0132,0.06,105.0,22.0,13.0,9.0,59.09,2025457.28,-792666.67,121.95,,39.81,5024637.3999999985,-2337117.2999999993,1919.69,0.99,1.19,0.0176,0.04
PLZL,breakout_ols,1D,Bayesian_TPE,37,23.814,194,11,2,0.95,1.05,3,11,True,930.3,0.931,1.057,36.37,19,47.37,True,"{""sampler"":""TPESampler"",""seed"":42,""n_trials"":50,""direction"":""maximize"",""objective"":""composite = Sharpe * (Return% / MaxDD%)""}","{""lookback"":194,""pivot_window"":11,""min_touches"":2,""tolerance_atr_mult"":0.95,""cluster_atr_mult"":1.05,""confirmation_bars"":3,""cooldown_bars"":11,""allowshort"":true}",2014-01-01,2024-12-31,2025-01-01,2026-04-20,2014-01-01,2026-04-20,70.0,19.0,9.0,10.0,47.37,1509675.84,-428405.59,112.26,,36.37,3683158.1999999993,-1133595.6,930.3,0.93,1.06,0.0168,0.04,8.0,2.0,2.0,0.0,100.0,175285.4,0.0,162.5,,17.41,195800.79999999976,154770.0,35.06,0.96,1.1,0.0139,0.08,78.0,20.0,10.0,10.0,50.0,1812996.12,-428405.59,123.65,,36.37,3683158.1999999993,-1133595.6,1384.59,0.95,1.09,0.0165,0.04
PLZL,breakout_ols,1D,Bayesian_TPE,38,3.778,164,10,2,1.1,0.95,3,8,True,409.01,0.655,0.742,70.92,27,51.85,True,"{""sampler"":""TPESampler"",""seed"":42,""n_trials"":50,""direction"":""maximize"",""objective"":""composite = Sharpe * (Return% / MaxDD%)""}","{""lookback"":164,""pivot_window"":10,""min_touches"":2,""tolerance_atr_mult"":1.1,""cluster_atr_mult"":0.95,""confirmation_bars"":3,""cooldown_bars"":8,""allowshort"":true}",2014-01-01,2024-12-31,2025-01-01,2026-04-20,2014-01-01,2026-04-20,89.0,27.0,14.0,13.0,51.85,968966.24,-728879.45,82.33,,70.92,2405949.0,-5445213.0,409.01,0.66,0.74,0.0183,0.02,9.0,3.0,2.0,1.0,66.67,92917.78,-9870.0,115.0,,22.89,96905.95000000011,-9870.000000000096,17.6,0.55,0.69,0.0148,0.04,98.0,29.0,15.0,14.0,51.72,1001477.71,-680714.95,89.17,,70.92,2405949.0,-5445213.0,549.22,0.66,0.77,0.0179,0.02
PLZL,breakout_ols,1D,Bayesian_TPE,39,8.269,228,11,3,1.05,1.15,3,6,True,445.51,0.769,0.779,41.43,12,66.67,True,"{""sampler"":""TPESampler"",""seed"":42,""n_trials"":50,""direction"":""maximize"",""objective"":""composite = Sharpe * (Return% / MaxDD%)""}","{""lookback"":228,""pivot_window"":11,""min_touches"":3,""tolerance_atr_mult"":1.05,""cluster_atr_mult"":1.1500000000000001,""confirmation_bars"":3,""cooldown_bars"":6,""allowshort"":true}",2014-01-01,2024-12-31,2025-01-01,2026-04-20,2014-01-01,2026-04-20,68.0,12.0,8.0,4.0,66.67,839436.32,-565090.65,149.75,,41.43,3023730.1500000004,-1165745.6999999995,445.51,0.77,0.78,0.015,0.03,9.0,2.0,2.0,0.0,100.0,190495.4,0.0,182.5,,17.4,211212.7999999999,169777.9999999999,38.1,0.95,1.21,0.0151,0.08,77.0,13.0,9.0,4.0,69.23,1033124.89,-565090.65,167.46,,41.43,3023730.1500000004,-1165745.6999999995,703.78,0.81,0.85,0.015,0.03
PLZL,breakout_ols,1D,Bayesian_TPE,40,5.621,247,12,2,0.9000000000000001,0.95,3,10,False,340.59,0.698,0.658,42.29,14,50.0,False,"{""sampler"":""TPESampler"",""seed"":42,""n_trials"":50,""direction"":""maximize"",""objective"":""composite = Sharpe * (Return% / MaxDD%)""}","{""lookback"":247,""pivot_window"":12,""min_touches"":2,""tolerance_atr_mult"":0.9000000000000001,""cluster_atr_mult"":0.95,""confirmation_bars"":3,""cooldown_bars"":10,""allowshort"":false}",2014-01-01,2024-12-31,2025-01-01,2026-04-20,2014-01-01,2026-04-20,67.0,14.0,7.0,7.0,50.0,691288.43,-204726.29,112.57,,42.29,1871918.6,-446175.5999999999,340.59,0.7,0.66,0.0147,0.02,11.0,3.0,2.0,1.0,66.67,142086.17,-15422.4,115.0,,18.35,178831.1999999998,-15422.399999999896,26.87,0.76,0.94,0.0143,0.06,78.0,16.0,8.0,8.0,50.0,821239.06,-188352.91,121.19,,42.29,1871918.6,-446175.5999999999,506.31,0.73,0.72,0.0146,0.03
PLZL,breakout_ols,1D,Bayesian_TPE,41,37.211,218,8,2,1.2,1.2,3,5,True,1480.79,1.021,1.202,40.63,23,47.83,True,"{""sampler"":""TPESampler"",""seed"":42,""n_trials"":50,""direction"":""maximize"",""objective"":""composite = Sharpe * (Return% / MaxDD%)""}","{""lookback"":218,""pivot_window"":8,""min_touches"":2,""tolerance_atr_mult"":1.2,""cluster_atr_mult"":1.2,""confirmation_bars"":3,""cooldown_bars"":5,""allowshort"":true}",2014-01-01,2024-12-31,2025-01-01,2026-04-20,2014-01-01,2026-04-20,105.0,23.0,11.0,12.0,47.83,1985309.46,-585875.23,96.0,,40.63,7241565.950000001,-1675341.7999999998,1480.79,1.02,1.2,0.0181,0.05,16.0,4.0,2.0,2.0,50.0,167165.0,-38777.1,83.25,,17.55,193361.9999999998,-62267.79999999995,25.68,0.75,0.88,0.014,0.06,121.0,27.0,13.0,14.0,48.15,2086775.58,-589890.38,94.11,,40.63,7241565.950000001,-1675341.7999999998,1886.96,0.99,1.17,0.0176,0.04
PLZL,breakout_ols,1D,Bayesian_TPE,42,26.211,181,9,2,1.0,1.2,3,4,True,1168.16,0.948,1.146,42.25,26,50.0,True,"{""sampler"":""TPESampler"",""seed"":42,""n_trials"":50,""direction"":""maximize"",""objective"":""composite = Sharpe * (Return% / MaxDD%)""}","{""lookback"":181,""pivot_window"":9,""min_touches"":2,""tolerance_atr_mult"":1.0,""cluster_atr_mult"":1.2,""confirmation_bars"":3,""cooldown_bars"":4,""allowshort"":true}",2014-01-01,2024-12-31,2025-01-01,2026-04-20,2014-01-01,2026-04-20,108.0,26.0,13.0,13.0,50.0,1462058.35,-563476.63,88.5,,42.25,4165086.75,-2209044.5,1168.16,0.95,1.15,0.0181,0.04,12.0,4.0,2.0,2.0,50.0,71228.48,-44785.7,76.0,,21.12,96415.99999999996,-81121.99999999996,5.29,0.26,0.29,0.0136,0.02,120.0,29.0,14.0,15.0,48.28,1670609.34,-577667.09,90.66,,42.25,4165086.75,-2209044.5,1472.35,0.92,1.11,0.0177,0.04
PLZL,breakout_ols,1D,Bayesian_TPE,43,42.482,202,6,2,1.1,1.05,3,3,True,1646.33,1.035,1.239,40.11,25,48.0,True,"{""sampler"":""TPESampler"",""seed"":42,""n_trials"":50,""direction"":""maximize"",""objective"":""composite = Sharpe * (Return% / MaxDD%)""}","{""lookback"":202,""pivot_window"":6,""min_touches"":2,""tolerance_atr_mult"":1.1,""cluster_atr_mult"":1.05,""confirmation_bars"":3,""cooldown_bars"":3,""allowshort"":true}",2014-01-01,2024-12-31,2025-01-01,2026-04-20,2014-01-01,2026-04-20,131.0,25.0,12.0,13.0,48.0,1939113.88,-523544.72,91.12,,40.11,7446088.800000001,-1653107.5,1646.33,1.03,1.24,0.0185,0.05,20.0,4.0,4.0,0.0,100.0,89910.1,0.0,63.25,,15.56,156511.99999999994,7174.400000000111,35.96,1.13,1.24,0.0116,0.08,151.0,28.0,15.0,13.0,53.57,2075958.7,-523544.72,90.93,,40.11,7446088.800000001,-1653107.5,2433.33,1.05,1.25,0.0178,0.05
PLZL,breakout_ols,1D,Bayesian_TPE,44,46.893,167,7,2,1.15,1.15,3,7,True,1618.89,1.059,1.204,36.56,22,50.0,True,"{""sampler"":""TPESampler"",""seed"":42,""n_trials"":50,""direction"":""maximize"",""objective"":""composite = Sharpe * (Return% / MaxDD%)""}","{""lookback"":167,""pivot_window"":7,""min_touches"":2,""tolerance_atr_mult"":1.1500000000000001,""cluster_atr_mult"":1.1500000000000001,""confirmation_bars"":3,""cooldown_bars"":7,""allowshort"":true}",2014-01-01,2024-12-31,2025-01-01,2026-04-20,2014-01-01,2026-04-20,104.0,22.0,11.0,11.0,50.0,2012119.19,-540401.18,94.27,,36.56,8208160.8,-1471694.2999999996,1618.89,1.06,1.2,0.0178,0.05,12.0,3.0,2.0,1.0,66.67,120842.48,-10340.0,96.0,,22.9,184232.40000000005,-10340.0000000001,23.13,0.76,0.89,0.0123,0.04,116.0,25.0,13.0,12.0,52.0,2022239.14,-510197.81,94.48,,36.56,8208160.8,-1471694.2999999996,2016.67,1.03,1.17,0.0172,0.05
PLZL,breakout_ols,1D,Bayesian_TPE,45,37.544,165,8,2,1.15,1.1,3,7,True,1361.12,1.025,1.166,37.16,24,50.0,True,"{""sampler"":""TPESampler"",""seed"":42,""n_trials"":50,""direction"":""maximize"",""objective"":""composite = Sharpe * (Return% / MaxDD%)""}","{""lookback"":165,""pivot_window"":8,""min_touches"":2,""tolerance_atr_mult"":1.1500000000000001,""cluster_atr_mult"":1.1,""confirmation_bars"":3,""cooldown_bars"":7,""allowshort"":true}",2014-01-01,2024-12-31,2025-01-01,2026-04-20,2014-01-01,2026-04-20,97.0,24.0,12.0,12.0,50.0,1704595.12,-570326.78,82.33,,37.16,7710592.5,-1834374.3999999997,1361.12,1.03,1.17,0.0173,0.05,13.0,3.0,3.0,0.0,100.0,70500.72,0.0,83.67,,14.71,102913.59999999996,51136.0,21.15,0.7,0.68,0.0124,0.06,110.0,27.0,15.0,12.0,55.56,1569861.44,-570326.78,82.48,,37.16,7710592.5,-1834374.3999999997,1670.4,0.99,1.11,0.0168,0.04
PLZL,breakout_ols,1D,Bayesian_TPE,46,4.553,192,10,3,1.05,1.15,3,9,True,285.12,0.67,0.728,41.96,18,38.89,True,"{""sampler"":""TPESampler"",""seed"":42,""n_trials"":50,""direction"":""maximize"",""objective"":""composite = Sharpe * (Return% / MaxDD%)""}","{""lookback"":192,""pivot_window"":10,""min_touches"":3,""tolerance_atr_mult"":1.05,""cluster_atr_mult"":1.1500000000000001,""confirmation_bars"":3,""cooldown_bars"":9,""allowshort"":true}",2014-01-01,2024-12-31,2025-01-01,2026-04-20,2014-01-01,2026-04-20,68.0,18.0,7.0,11.0,38.89,673567.24,-169434.52,105.06,,41.96,1971434.6,-666435.0,285.12,0.67,0.73,0.0138,0.02,9.0,2.0,1.0,1.0,50.0,154770.0,-9329.2,94.0,,14.63,154770.0,-9329.200000000075,14.54,0.56,0.49,0.0114,0.04,77.0,19.0,8.0,11.0,42.11,683145.04,-159926.65,110.21,,41.96,1971434.6,-666435.0,370.6,0.68,0.72,0.0135,0.02
PLZL,breakout_ols,1D,Bayesian_TPE,47,29.836,139,6,2,0.9000000000000001,1.05,1,6,True,1260.68,0.985,1.121,41.62,33,48.48,True,"{""sampler"":""TPESampler"",""seed"":42,""n_trials"":50,""direction"":""maximize"",""objective"":""composite = Sharpe * (Return% / MaxDD%)""}","{""lookback"":139,""pivot_window"":6,""min_touches"":2,""tolerance_atr_mult"":0.9000000000000001,""cluster_atr_mult"":1.05,""confirmation_bars"":1,""cooldown_bars"":6,""allowshort"":true}",2014-01-01,2024-12-31,2025-01-01,2026-04-20,2014-01-01,2026-04-20,155.0,33.0,16.0,17.0,48.48,1323879.37,-504428.02,61.12,,41.62,3180453.599999999,-1863049.8999999997,1260.68,0.98,1.12,0.0178,0.04,23.0,5.0,3.0,2.0,60.0,206246.22,-157485.8,61.0,,23.77,339949.2000000001,-182042.8000000001,30.38,0.89,1.01,0.0132,0.05,178.0,38.0,19.0,19.0,50.0,1558534.73,-677202.81,61.11,,41.62,4632457.6000000015,-2478994.6000000015,1674.53,0.97,1.11,0.0172,0.04
PLZL,breakout_ols,1D,Bayesian_TPE,48,15.982,170,9,4,1.0,0.5,2,4,False,917.9,0.885,0.966,50.83,17,58.82,False,"{""sampler"":""TPESampler"",""seed"":42,""n_trials"":50,""direction"":""maximize"",""objective"":""composite = Sharpe * (Return% / MaxDD%)""}","{""lookback"":170,""pivot_window"":9,""min_touches"":4,""tolerance_atr_mult"":1.0,""cluster_atr_mult"":0.5,""confirmation_bars"":2,""cooldown_bars"":4,""allowshort"":false}",2014-01-01,2024-12-31,2025-01-01,2026-04-20,2014-01-01,2026-04-20,78.0,17.0,10.0,7.0,58.82,1407059.93,-698804.78,124.76,,50.83,4339019.3,-2495529.749999999,917.9,0.89,0.97,0.018,0.03,14.0,3.0,2.0,1.0,66.67,100285.17,-82677.0,90.0,,20.25,110876.75,-82677.00000000009,11.79,0.43,0.47,0.0134,0.03,92.0,20.0,12.0,8.0,60.0,1342803.11,-716734.0,119.55,,50.83,4339019.3,-2495529.749999999,1037.98,0.84,0.91,0.0174,0.03
PLZL,breakout_ols,1D,Bayesian_TPE,49,42.653,214,5,2,1.15,1.0,3,8,True,1731.1,1.041,1.089,42.25,27,59.26,True,"{""sampler"":""TPESampler"",""seed"":42,""n_trials"":50,""direction"":""maximize"",""objective"":""composite = Sharpe * (Return% / MaxDD%)""}","{""lookback"":214,""pivot_window"":5,""min_touches"":2,""tolerance_atr_mult"":1.1500000000000001,""cluster_atr_mult"":1.0,""confirmation_bars"":3,""cooldown_bars"":8,""allowshort"":true}",2014-01-01,2024-12-31,2025-01-01,2026-04-20,2014-01-01,2026-04-20,128.0,27.0,16.0,11.0,59.26,1452805.93,-539448.01,76.7,,42.25,4477554.899999999,-1197642.0,1731.1,1.04,1.09,0.0187,0.05,19.0,4.0,3.0,1.0,75.0,149144.45,-17380.8,68.75,,16.52,210592.2000000001,-17380.799999999883,43.01,1.23,1.41,0.0123,0.09,147.0,31.0,19.0,12.0,61.29,1654965.67,-521043.47,75.68,,42.25,4477554.899999999,-1197642.0,2519.18,1.05,1.1,0.018,0.04
GMKN,breakout_ols,1D,Bayesian_TPE,0,0.181,175,12,4,0.8500000000000001,0.4,1,4,True,30.92,0.227,0.175,38.7,13,53.85,True,"{""sampler"":""TPESampler"",""seed"":42,""n_trials"":50,""direction"":""maximize"",""objective"":""composite = Sharpe * (Return% / MaxDD%)""}","{""lookback"":175,""pivot_window"":12,""min_touches"":4,""tolerance_atr_mult"":0.8500000000000001,""cluster_atr_mult"":0.4,""confirmation_bars"":1,""cooldown_bars"":4,""allowshort"":true}",2014-01-01,2024-12-31,2025-01-01,2026-04-20,2014-01-01,2026-04-20,75.0,13.0,7.0,6.0,53.85,125245.36,-94591.01,110.0,,38.7,271986.7,-286513.60000000003,30.92,0.23,0.17,0.0116,0.01,16.0,3.0,2.0,1.0,66.67,78147.86,-90336.96,69.0,,12.22,79372.71999999993,-90336.96,6.6,0.29,0.29,0.0129,0.03,91.0,16.0,9.0,7.0,56.25,120149.02,-97973.53,102.31,,38.7,271986.7,-286513.60000000003,39.55,0.24,0.19,0.0117,0.01
GMKN,breakout_ols,1D,Bayesian_TPE,1,0.001,242,3,5,1.05,0.5,1,6,False,-14.4,-0.003,-0.002,49.86,36,33.33,False,"{""sampler"":""TPESampler"",""seed"":42,""n_trials"":50,""direction"":""maximize"",""objective"":""composite = Sharpe * (Return% / MaxDD%)""}","{""lookback"":242,""pivot_window"":3,""min_touches"":5,""tolerance_atr_mult"":1.05,""cluster_atr_mult"":0.5,""confirmation_bars"":1,""cooldown_bars"":6,""allowshort"":false}",2014-01-01,2024-12-31,2025-01-01,2026-04-20,2014-01-01,2026-04-20,146.0,36.0,12.0,24.0,33.33,77932.52,-44964.48,44.14,,49.86,182304.8499999999,-155906.39999999994,-14.4,-0.0,-0.0,0.0104,-0.0,24.0,3.0,2.0,1.0,66.67,116605.12,-115973.0,90.33,,13.4,209148.42,-115972.99999999996,11.72,0.4,0.46,0.0152,0.05,170.0,38.0,14.0,24.0,36.84,78579.94,-44964.48,51.34,,49.86,191110.92,-155906.39999999994,2.1,0.1,0.09,0.0117,0.0
GMKN,breakout_ols,1D,Bayesian_TPE,2,0.294,186,5,4,0.4,0.55,2,11,True,45.68,0.276,0.227,42.94,20,45.0,True,"{""sampler"":""TPESampler"",""seed"":42,""n_trials"":50,""direction"":""maximize"",""objective"":""composite = Sharpe * (Return% / MaxDD%)""}","{""lookback"":186,""pivot_window"":5,""min_touches"":4,""tolerance_atr_mult"":0.4,""cluster_atr_mult"":0.55,""confirmation_bars"":2,""cooldown_bars"":11,""allowshort"":true}",2014-01-01,2024-12-31,2025-01-01,2026-04-20,2014-01-01,2026-04-20,105.0,20.0,9.0,11.0,45.0,170732.33,-98161.38,79.2,,42.94,291890.04000000004,-396393.0,45.68,0.28,0.23,0.012,0.01,11.0,3.0,1.0,2.0,33.33,123684.68,-60283.88,55.0,,16.6,123684.67999999992,-66032.08000000006,0.31,0.09,0.07,0.0101,0.01,116.0,23.0,10.0,13.0,43.48,164875.31,-96009.25,80.22,,49.36,291890.04000000004,-396393.0,40.06,0.24,0.2,0.0123,0.01
GMKN,breakout_ols,1D,Bayesian_TPE,3,-0.011,203,8,2,0.8500000000000001,0.45,1,20,True,-8.42,0.061,0.054,47.73,30,40.0,True,"{""sampler"":""TPESampler"",""seed"":42,""n_trials"":50,""direction"":""maximize"",""objective"":""composite = Sharpe * (Return% / MaxDD%)""}","{""lookback"":203,""pivot_window"":8,""min_touches"":2,""tolerance_atr_mult"":0.8500000000000001,""cluster_atr_mult"":0.45,""confirmation_bars"":1,""cooldown_bars"":20,""allowshort"":true}",2014-01-01,2024-12-31,2025-01-01,2026-04-20,2014-01-01,2026-04-20,106.0,30.0,12.0,18.0,40.0,91505.74,-65682.6,62.37,,47.73,315354.24,-179349.62999999992,-8.42,0.06,0.05,0.0127,0.0,15.0,5.0,3.0,2.0,60.0,53356.43,-39420.89,55.0,,17.05,106512.36000000006,-71069.39999999995,8.12,0.32,0.36,0.0144,0.03,121.0,35.0,15.0,20.0,42.86,82976.46,-62724.4,61.31,,47.73,315354.24,-179349.62999999992,-0.98,0.1,0.09,0.0129,0.0
GMKN,breakout_ols,1D,Bayesian_TPE,4,0.382,161,3,4,0.7,0.4,2,3,True,49.25,0.288,0.245,37.17,25,32.0,True,"{""sampler"":""TPESampler"",""seed"":42,""n_trials"":50,""direction"":""maximize"",""objective"":""composite = Sharpe * (Return% / MaxDD%)""}","{""lookback"":161,""pivot_window"":3,""min_touches"":4,""tolerance_atr_mult"":0.7,""cluster_atr_mult"":0.4,""confirmation_bars"":2,""cooldown_bars"":3,""allowshort"":true}",2014-01-01,2024-12-31,2025-01-01,2026-04-20,2014-01-01,2026-04-20,158.0,25.0,8.0,17.0,32.0,216371.09,-72850.47,65.52,,37.17,465701.0599999999,-329296.10000000003,49.25,0.29,0.24,0.012,0.01,17.0,5.0,3.0,2.0,60.0,100398.83,-90348.35,72.6,,31.75,164915.2800000001,-101614.5,12.05,0.39,0.56,0.0179,0.02,175.0,29.0,10.0,19.0,34.48,222893.9,-79730.34,69.48,,37.17,465701.0599999999,-329296.10000000003,71.41,0.31,0.29,0.013,0.01
GMKN,breakout_ols,1D,Bayesian_TPE,5,0.045,233,6,4,0.8,0.45,3,16,True,-26.31,-0.075,-0.058,44.12,15,33.33,True,"{""sampler"":""TPESampler"",""seed"":42,""n_trials"":50,""direction"":""maximize"",""objective"":""composite = Sharpe * (Return% / MaxDD%)""}","{""lookback"":233,""pivot_window"":6,""min_touches"":4,""tolerance_atr_mult"":0.8,""cluster_atr_mult"":0.45,""confirmation_bars"":3,""cooldown_bars"":16,""allowshort"":true}",2014-01-01,2024-12-31,2025-01-01,2026-04-20,2014-01-01,2026-04-20,64.0,15.0,5.0,10.0,33.33,108556.69,-80588.59,98.67,,44.12,146805.15999999992,-250856.22,-26.31,-0.08,-0.06,0.0108,-0.0,8.0,2.0,1.0,1.0,50.0,227343.04,-121559.6,151.0,,16.7,227343.0399999999,-121559.59999999996,10.58,0.37,0.46,0.0161,0.04,72.0,17.0,6.0,11.0,35.29,118386.52,-81405.17,104.82,,53.45,167535.6799999999,-250856.22,-18.51,0.01,0.0,0.0117,0.0
GMKN,breakout_ols,1D,Bayesian_TPE,6,-0.008,220,12,2,0.45,0.3,1,9,False,-10.63,0.034,0.03,47.14,22,45.45,False,"{""sampler"":""TPESampler"",""seed"":42,""n_trials"":50,""direction"":""maximize"",""objective"":""composite = Sharpe * (Return% / MaxDD%)""}","{""lookback"":220,""pivot_window"":12,""min_touches"":2,""tolerance_atr_mult"":0.45,""cluster_atr_mult"":0.3,""confirmation_bars"":1,""cooldown_bars"":9,""allowshort"":false}",2014-01-01,2024-12-31,2025-01-01,2026-04-20,2014-01-01,2026-04-20,98.0,22.0,10.0,11.0,45.45,54752.41,-59442.42,74.18,,47.14,127980.72000000004,-124646.87000000004,-10.63,0.03,0.03,0.0114,0.0,16.0,3.0,2.0,1.0,66.67,69286.99,-8126.16,79.0,,17.05,111356.46000000006,-8126.160000000151,13.04,0.46,0.49,0.0131,0.04,114.0,25.0,12.0,12.0,48.0,50308.36,-55053.77,80.4,,47.14,127980.72000000004,-124646.87000000004,-5.69,0.08,0.07,0.0125,0.0
GMKN,breakout_ols,1D,Bayesian_TPE,7,-0.009,171,5,4,0.4,1.05,1,20,True,-9.59,0.049,0.041,55.21,26,42.31,True,"{""sampler"":""TPESampler"",""seed"":42,""n_trials"":50,""direction"":""maximize"",""objective"":""composite = Sharpe * (Return% / MaxDD%)""}","{""lookback"":171,""pivot_window"":5,""min_touches"":4,""tolerance_atr_mult"":0.4,""cluster_atr_mult"":1.05,""confirmation_bars"":1,""cooldown_bars"":20,""allowshort"":true}",2014-01-01,2024-12-31,2025-01-01,2026-04-20,2014-01-01,2026-04-20,94.0,26.0,11.0,15.0,42.31,129456.83,-101331.23,63.27,,55.21,446346.0000000001,-249809.70000000004,-9.59,0.05,0.04,0.0121,0.0,14.0,5.0,2.0,3.0,40.0,48169.56,-71989.91,61.8,,26.1,77352.59999999993,-115140.96000000002,-11.96,-0.2,-0.26,0.0153,-0.01,108.0,30.0,13.0,17.0,43.33,120359.11,-97559.07,66.67,,55.21,446346.0000000001,-249809.70000000004,-9.38,0.06,0.06,0.0128,0.0
GMKN,breakout_ols,1D,Bayesian_TPE,8,-0.005,101,11,4,0.95,1.0,1,9,False,-11.18,0.02,0.013,41.3,4,25.0,False,"{""sampler"":""TPESampler"",""seed"":42,""n_trials"":50,""direction"":""maximize"",""objective"":""composite = Sharpe * (Return% / MaxDD%)""}","{""lookback"":101,""pivot_window"":11,""min_touches"":4,""tolerance_atr_mult"":0.95,""cluster_atr_mult"":1.0,""confirmation_bars"":1,""cooldown_bars"":9,""allowshort"":false}",2014-01-01,2024-12-31,2025-01-01,2026-04-20,2014-01-01,2026-04-20,14.0,4.0,1.0,3.0,25.0,26137.08,-45993.35,263.75,,41.3,26137.080000000075,-61838.14000000008,-11.18,0.02,0.01,0.0106,0.0,1.0,0.0,0.0,0.0,0.0,0.0,0.0,0.0,,0.0,0.0,0.0,0.0,,,0.0,,15.0,4.0,1.0,3.0,25.0,26137.08,-45993.35,263.75,,41.3,26137.080000000075,-61838.14000000008,-11.18,0.02,0.01,0.0099,0.0
GMKN,breakout_ols,1D,Bayesian_TPE,9,-0.009,225,6,2,0.55,0.6000000000000001,3,14,True,-6.51,0.058,0.054,44.1,25,36.0,True,"{""sampler"":""TPESampler"",""seed"":42,""n_trials"":50,""direction"":""maximize"",""objective"":""composite = Sharpe * (Return% / MaxDD%)""}","{""lookback"":225,""pivot_window"":6,""min_touches"":2,""tolerance_atr_mult"":0.55,""cluster_atr_mult"":0.6000000000000001,""confirmation_bars"":3,""cooldown_bars"":14,""allowshort"":true}",2014-01-01,2024-12-31,2025-01-01,2026-04-20,2014-01-01,2026-04-20,108.0,25.0,9.0,16.0,36.0,100566.18,-60636.74,73.2,,44.1,240453.88,-171564.79999999993,-6.51,0.06,0.05,0.0115,0.0,18.0,6.0,3.0,3.0,50.0,70210.33,-69894.01,54.5,,29.24,172079.59999999995,-100945.0,0.09,0.13,0.17,0.0158,0.01,126.0,31.0,12.0,19.0,38.71,91835.56,-61379.63,69.58,,55.98,240453.88,-171564.79999999993,-6.42,0.07,0.07,0.0121,0.0
GMKN,breakout_ols,1D,Bayesian_TPE,10,-0.004,289,3,3,0.65,0.8,2,3,False,-12.08,0.017,0.016,48.65,40,32.5,False,"{""sampler"":""TPESampler"",""seed"":42,""n_trials"":50,""direction"":""maximize"",""objective"":""composite = Sharpe * (Return% / MaxDD%)""}","{""lookback"":289,""pivot_window"":3,""min_touches"":3,""tolerance_atr_mult"":0.65,""cluster_atr_mult"":0.8,""confirmation_bars"":2,""cooldown_bars"":3,""allowshort"":false}",2014-01-01,2024-12-31,2025-01-01,2026-04-20,2014-01-01,2026-04-20,201.0,40.0,13.0,27.0,32.5,77490.74,-41784.51,43.35,,48.65,214622.19999999984,-105737.43999999994,-12.08,0.02,0.02,0.0108,0.0,32.0,6.0,2.0,4.0,33.33,142805.4,-37969.67,53.33,,21.95,261790.2600000001,-51856.0,13.37,0.43,0.56,0.016,0.03,233.0,45.0,14.0,31.0,31.11,91905.11,-40807.8,45.96,,50.8,235903.56000000008,-105737.43999999994,2.16,0.1,0.1,0.0117,0.0
GMKN,breakout_ols,1D,Bayesian_TPE,11,0.042,125,4,5,0.3,0.7,2,11,True,14.83,0.166,0.161,59.2,22,36.36,True,"{""sampler"":""TPESampler"",""seed"":42,""n_trials"":50,""direction"":""maximize"",""objective"":""composite = Sharpe * (Return% / MaxDD%)""}","{""lookback"":125,""pivot_window"":4,""min_touches"":5,""tolerance_atr_mult"":0.3,""cluster_atr_mult"":0.7,""confirmation_bars"":2,""cooldown_bars"":11,""allowshort"":true}",2014-01-01,2024-12-31,2025-01-01,2026-04-20,2014-01-01,2026-04-20,105.0,22.0,8.0,14.0,36.36,221831.5,-116170.34,91.68,,59.2,543805.9199999999,-395114.5,14.83,0.17,0.16,0.0134,0.0,16.0,3.0,3.0,0.0,100.0,132379.07,0.0,67.67,,16.31,210468.89999999985,12180.400000000032,39.71,1.06,1.2,0.0134,0.09,121.0,24.0,10.0,14.0,41.67,231403.84,-116170.34,94.08,,59.2,543805.9199999999,-395114.5,68.77,0.3,0.3,0.0135,0.01
GMKN,breakout_ols,1D,Bayesian_TPE,12,0.007,168,8,3,0.65,0.8,2,7,True,3.53,0.119,0.118,56.47,20,45.0,True,"{""sampler"":""TPESampler"",""seed"":42,""n_trials"":50,""direction"":""maximize"",""objective"":""composite = Sharpe * (Return% / MaxDD%)""}","{""lookback"":168,""pivot_window"":8,""min_touches"":3,""tolerance_atr_mult"":0.65,""cluster_atr_mult"":0.8,""confirmation_bars"":2,""cooldown_bars"":7,""allowshort"":true}",2014-01-01,2024-12-31,2025-01-01,2026-04-20,2014-01-01,2026-04-20,104.0,20.0,9.0,11.0,45.0,187451.16,-150162.89,103.2,,56.47,464596.8799999999,-480051.2000000002,3.53,0.12,0.12,0.0131,0.0,14.0,3.0,2.0,1.0,66.67,125530.07,-53004.24,108.33,,27.32,132882.39999999988,-53004.24,19.81,0.54,0.75,0.0173,0.03,118.0,22.0,11.0,11.0,50.0,176381.78,-150162.89,109.27,,56.47,464596.8799999999,-480051.2000000002,28.84,0.2,0.21,0.0137,0.0
GMKN,breakout_ols,1D,Bayesian_TPE,13,0.0,123,5,5,1.2,0.6000000000000001,2,16,True,0.23,0.108,0.102,62.01,19,42.11,True,"{""sampler"":""TPESampler"",""seed"":42,""n_trials"":50,""direction"":""maximize"",""objective"":""composite = Sharpe * (Return% / MaxDD%)""}","{""lookback"":123,""pivot_window"":5,""min_touches"":5,""tolerance_atr_mult"":1.2,""cluster_atr_mult"":0.6000000000000001,""confirmation_bars"":2,""cooldown_bars"":16,""allowshort"":true}",2014-01-01,2024-12-31,2025-01-01,2026-04-20,2014-01-01,2026-04-20,74.0,19.0,8.0,11.0,42.11,206748.26,-150153.98,106.47,,62.01,506555.71999999986,-433762.12000000017,0.23,0.11,0.1,0.0134,0.0,10.0,3.0,3.0,0.0,100.0,86017.91,0.0,68.33,,17.38,161481.59999999998,12180.400000000032,25.81,0.79,0.86,0.0128,0.06,84.0,21.0,10.0,11.0,47.62,197811.38,-150153.98,107.9,,62.01,506555.71999999986,-433762.12000000017,32.64,0.21,0.21,0.0134,0.0
GMKN,breakout_ols,1D,Bayesian_TPE,14,-0.003,149,7,3,0.3,0.3,3,12,True,-14.55,0.012,0.011,62.07,16,56.25,True,"{""sampler"":""TPESampler"",""seed"":42,""n_trials"":50,""direction"":""maximize"",""objective"":""composite = Sharpe * (Return% / MaxDD%)""}","{""lookback"":149,""pivot_window"":7,""min_touches"":3,""tolerance_atr_mult"":0.3,""cluster_atr_mult"":0.3,""confirmation_bars"":3,""cooldown_bars"":12,""allowshort"":true}",2014-01-01,2024-12-31,2025-01-01,2026-04-20,2014-01-01,2026-04-20,65.0,16.0,9.0,7.0,56.25,125267.75,-181851.27,105.44,,62.07,379511.8799999999,-364517.7999999999,-14.55,0.01,0.01,0.0115,0.0,8.0,1.0,1.0,0.0,100.0,78450.24,0.0,99.0,,9.74,78450.23999999995,78450.23999999995,7.85,0.39,0.32,0.0092,0.04,73.0,17.0,10.0,7.0,58.82,118550.54,-181851.27,112.18,,62.07,379511.8799999999,-364517.7999999999,-8.75,0.06,0.05,0.012,0.0
GMKN,breakout_ols,1D,Bayesian_TPE,15,0.396,190,4,4,0.65,0.6000000000000001,2,6,True,53.76,0.307,0.241,41.73,22,40.91,True,"{""sampler"":""TPESampler"",""seed"":42,""n_trials"":50,""direction"":""maximize"",""objective"":""composite = Sharpe * (Return% / MaxDD%)""}","{""lookback"":190,""pivot_window"":4,""min_touches"":4,""tolerance_atr_mult"":0.65,""cluster_atr_mult"":0.6000000000000001,""confirmation_bars"":2,""cooldown_bars"":6,""allowshort"":true}",2014-01-01,2024-12-31,2025-01-01,2026-04-20,2014-01-01,2026-04-20,123.0,22.0,9.0,13.0,40.91,196587.24,-94745.1,66.45,,41.73,345200.3000000001,-435636.18000000005,53.76,0.31,0.24,0.0115,0.01,16.0,4.0,2.0,2.0,50.0,98840.84,-48234.48,84.0,,29.07,147310.59999999995,-64872.95999999994,10.12,0.35,0.48,0.0167,0.02,139.0,25.0,11.0,14.0,44.0,183358.05,-91534.16,72.48,,42.14,345200.3000000001,-435636.18000000005,73.55,0.32,0.28,0.0124,0.01
GMKN,breakout_ols,1D,Bayesian_TPE,16,0.713,140,3,3,0.65,1.2,2,5,True,76.64,0.356,0.319,38.24,40,45.0,True,"{""sampler"":""TPESampler"",""seed"":42,""n_trials"":50,""direction"":""maximize"",""objective"":""composite = Sharpe * (Return% / MaxDD%)""}","{""lookback"":140,""pivot_window"":3,""min_touches"":3,""tolerance_atr_mult"":0.65,""cluster_atr_mult"":1.2,""confirmation_bars"":2,""cooldown_bars"":5,""allowshort"":true}",2014-01-01,2024-12-31,2025-01-01,2026-04-20,2014-01-01,2026-04-20,193.0,40.0,18.0,22.0,45.0,140218.98,-79888.61,47.12,,38.24,684893.6799999998,-282106.44,76.64,0.36,0.32,0.013,0.01,28.0,8.0,4.0,4.0,50.0,63387.61,-65583.92,37.25,,34.83,149444.48000000004,-116485.88,-0.88,0.1,0.12,0.0151,0.0,221.0,47.0,21.0,26.0,44.68,144143.28,-85866.55,46.74,,43.79,684893.6799999998,-282106.44,79.45,0.33,0.31,0.0133,0.01
GMKN,breakout_ols,1D,Bayesian_TPE,17,0.041,268,10,3,0.55,1.2,3,6,True,-24.89,-0.08,-0.069,49.01,15,33.33,True,"{""sampler"":""TPESampler"",""seed"":42,""n_trials"":50,""direction"":""maximize"",""objective"":""composite = Sharpe * (Return% / MaxDD%)""}","{""lookback"":268,""pivot_window"":10,""min_touches"":3,""tolerance_atr_mult"":0.55,""cluster_atr_mult"":1.2,""confirmation_bars"":3,""cooldown_bars"":6,""allowshort"":true}",2014-01-01,2024-12-31,2025-01-01,2026-04-20,2014-01-01,2026-04-20,88.0,15.0,5.0,10.0,33.33,79689.72,-64736.78,110.13,,49.01,123463.5,-193100.7,-24.89,-0.08,-0.07,0.0102,-0.0,11.0,2.0,1.0,1.0,50.0,258944.4,-12434.48,124.5,,14.84,258944.3999999999,-12434.480000000123,24.65,0.74,0.81,0.0135,0.07,99.0,17.0,5.0,12.0,29.41,109055.67,-58237.94,123.12,,49.01,175828.67999999996,-193100.7,-15.36,0.02,0.02,0.0118,0.0
GMKN,breakout_ols,1D,Bayesian_TPE,18,0.146,144,4,3,0.55,0.95,2,8,False,32.33,0.228,0.209,50.48,32,37.5,False,"{""sampler"":""TPESampler"",""seed"":42,""n_trials"":50,""direction"":""maximize"",""objective"":""composite = Sharpe * (Return% / MaxDD%)""}","{""lookback"":144,""pivot_window"":4,""min_touches"":3,""tolerance_atr_mult"":0.55,""cluster_atr_mult"":0.95,""confirmation_bars"":2,""cooldown_bars"":8,""allowshort"":false}",2014-01-01,2024-12-31,2025-01-01,2026-04-20,2014-01-01,2026-04-20,142.0,32.0,12.0,20.0,37.5,186630.02,-95812.06,59.16,,50.48,569048.7599999999,-422625.0,32.33,0.23,0.21,0.0129,0.01,21.0,7.0,3.0,4.0,42.86,129830.98,-40823.65,43.71,,28.71,190803.08,-83518.43999999999,22.62,0.61,0.82,0.0163,0.03,163.0,38.0,14.0,24.0,36.84,200059.6,-89071.47,58.24,,50.58,569048.7599999999,-422625.0,66.31,0.3,0.29,0.0134,0.01
GMKN,breakout_ols,1D,Bayesian_TPE,19,-0.011,201,9,3,0.75,0.7,3,5,True,-10.23,0.055,0.048,52.53,18,33.33,True,"{""sampler"":""TPESampler"",""seed"":42,""n_trials"":50,""direction"":""maximize"",""objective"":""composite = Sharpe * (Return% / MaxDD%)""}","{""lookback"":201,""pivot_window"":9,""min_touches"":3,""tolerance_atr_mult"":0.75,""cluster_atr_mult"":0.7,""confirmation_bars"":3,""cooldown_bars"":5,""allowshort"":true}",2014-01-01,2024-12-31,2025-01-01,2026-04-20,2014-01-01,2026-04-20,91.0,18.0,6.0,12.0,33.33,148246.07,-82647.77,102.17,,52.53,247682.87999999983,-265060.08,-10.23,0.06,0.05,0.0129,0.0,9.0,1.0,1.0,0.0,100.0,249718.44,0.0,248.0,,14.39,249718.43999999992,249718.43999999992,24.97,0.74,0.82,0.0135,0.07,100.0,19.0,7.0,12.0,36.84,144551.22,-82647.77,117.37,,53.76,247682.87999999983,-265060.08,2.01,0.12,0.11,0.0137,0.0
GMKN,breakout_ols,1D,Bayesian_TPE,20,0.013,133,4,2,0.95,1.2,2,5,True,6.01,0.131,0.128,61.06,42,33.33,True,"{""sampler"":""TPESampler"",""seed"":42,""n_trials"":50,""direction"":""maximize"",""objective"":""composite = Sharpe * (Return% / MaxDD%)""}","{""lookback"":133,""pivot_window"":4,""min_touches"":2,""tolerance_atr_mult"":0.95,""cluster_atr_mult"":1.2,""confirmation_bars"":2,""cooldown_bars"":5,""allowshort"":true}",2014-01-01,2024-12-31,2025-01-01,2026-04-20,2014-01-01,2026-04-20,190.0,42.0,14.0,28.0,33.33,162428.02,-79067.74,49.29,,61.06,569651.7199999999,-201593.36,6.01,0.13,0.13,0.0132,0.0,27.0,6.0,3.0,3.0,50.0,141108.6,-44789.96,47.33,,21.24,194318.08000000005,-79637.76000000014,28.9,0.75,0.94,0.0156,0.05,217.0,47.0,16.0,31.0,34.04,172525.33,-76125.83,50.38,,61.06,569651.7199999999,-201593.36,40.05,0.23,0.24,0.0136,0.01
GMKN,breakout_ols,1D,Bayesian_TPE,21,0.026,155,3,4,0.65,0.8500000000000001,2,3,True,9.37,0.141,0.123,49.89,29,31.03,True,"{""sampler"":""TPESampler"",""seed"":42,""n_trials"":50,""direction"":""maximize"",""objective"":""composite = Sharpe * (Return% / MaxDD%)""}","{""lookback"":155,""pivot_window"":3,""min_touches"":4,""tolerance_atr_mult"":0.65,""cluster_atr_mult"":0.8500000000000001,""confirmation_bars"":2,""cooldown_bars"":3,""allowshort"":true}",2014-01-01,2024-12-31,2025-01-01,2026-04-20,2014-01-01,2026-04-20,183.0,29.0,9.0,20.0,31.03,177255.75,-75081.28,61.28,,49.89,463072.0599999999,-310839.20000000007,9.37,0.14,0.12,0.0125,0.0,30.0,5.0,3.0,2.0,60.0,101217.11,-86348.05,67.8,,31.12,166457.62000000008,-112495.49999999994,13.1,0.41,0.57,0.017,0.02,213.0,33.0,11.0,22.0,33.33,178448.36,-77055.45,64.55,,51.68,463072.0599999999,-310839.20000000007,26.77,0.2,0.18,0.0132,0.0
GMKN,breakout_ols,1D,Bayesian_TPE,22,0.649,190,3,4,0.7,0.35,2,3,True,67.7,0.348,0.297,36.32,24,37.5,True,"{""sampler"":""TPESampler"",""seed"":42,""n_trials"":50,""direction"":""maximize"",""objective"":""composite = Sharpe * (Return% / MaxDD%)""}","{""lookback"":190,""pivot_window"":3,""min_touches"":4,""tolerance_atr_mult"":0.7,""cluster_atr_mult"":0.35,""confirmation_bars"":2,""cooldown_bars"":3,""allowshort"":true}",2014-01-01,2024-12-31,2025-01-01,2026-04-20,2014-01-01,2026-04-20,140.0,24.0,9.0,15.0,37.5,216124.05,-84539.49,65.75,,36.32,465063.11999999994,-242373.22000000003,67.7,0.35,0.3,0.0117,0.01,18.0,3.0,2.0,1.0,66.67,98671.5,-143936.88,122.33,,32.8,149614.08000000007,-143936.87999999995,5.34,0.25,0.37,0.0179,0.01,158.0,26.0,10.0,16.0,38.46,213184.84,-82577.0,75.35,,40.09,465063.11999999994,-242373.22000000003,81.06,0.33,0.32,0.0127,0.01
GMKN,breakout_ols,1D,Bayesian_TPE,23,-0.008,105,4,5,0.6000000000000001,1.1,2,5,True,-4.61,0.083,0.08,49.97,27,37.04,True,"{""sampler"":""TPESampler"",""seed"":42,""n_trials"":50,""direction"":""maximize"",""objective"":""composite = Sharpe * (Return% / MaxDD%)""}","{""lookback"":105,""pivot_window"":4,""min_touches"":5,""tolerance_atr_mult"":0.6000000000000001,""cluster_atr_mult"":1.1,""confirmation_bars"":2,""cooldown_bars"":5,""allowshort"":true}",2014-01-01,2024-12-31,2025-01-01,2026-04-20,2014-01-01,2026-04-20,133.0,27.0,10.0,17.0,37.04,133728.22,-81375.36,73.63,,49.97,351735.77999999997,-236137.50000000012,-4.61,0.08,0.08,0.013,0.0,15.0,4.0,2.0,2.0,50.0,163038.94,-56272.97,83.25,,27.32,193634.20000000004,-74196.56000000013,21.35,0.56,0.78,0.0174,0.04,148.0,30.0,12.0,18.0,40.0,136863.38,-80884.86,77.83,,49.97,351735.77999999997,-236137.50000000012,18.64,0.17,0.18,0.0137,0.0
GMKN,breakout_ols,1D,Bayesian_TPE,24,0.027,190,6,4,0.75,0.9000000000000001,2,6,True,10.32,0.147,0.127,55.5,19,36.84,True,"{""sampler"":""TPESampler"",""seed"":42,""n_trials"":50,""direction"":""maximize"",""objective"":""composite = Sharpe * (Return% / MaxDD%)""}","{""lookback"":190,""pivot_window"":6,""min_touches"":4,""tolerance_atr_mult"":0.75,""cluster_atr_mult"":0.9000000000000001,""confirmation_bars"":2,""cooldown_bars"":6,""allowshort"":true}",2014-01-01,2024-12-31,2025-01-01,2026-04-20,2014-01-01,2026-04-20,114.0,19.0,7.0,12.0,36.84,206953.56,-112121.96,96.16,,55.5,320689.73999999993,-342900.78,10.32,0.15,0.13,0.013,0.0,17.0,4.0,2.0,2.0,50.0,87347.04,-113144.53,71.5,,29.09,131556.2399999999,-198962.49999999988,-5.16,-0.01,-0.02,0.0153,-0.0,131.0,22.0,9.0,13.0,40.91,181491.57,-106271.74,98.27,,55.82,320689.73999999993,-342900.78,25.19,0.19,0.18,0.0135,0.0
GMKN,breakout_ols,1D,Bayesian_TPE,25,1.017,211,3,3,0.5,0.65,2,8,True,86.04,0.398,0.361,33.66,38,44.74,True,"{""sampler"":""TPESampler"",""seed"":42,""n_trials"":50,""direction"":""maximize"",""objective"":""composite = Sharpe * (Return% / MaxDD%)""}","{""lookback"":211,""pivot_window"":3,""min_touches"":3,""tolerance_atr_mult"":0.5,""cluster_atr_mult"":0.65,""confirmation_bars"":2,""cooldown_bars"":8,""allowshort"":true}",2014-01-01,2024-12-31,2025-01-01,2026-04-20,2014-01-01,2026-04-20,165.0,38.0,17.0,21.0,44.74,131375.47,-65378.96,46.42,,33.66,549781.5599999999,-197730.71999999988,86.04,0.4,0.36,0.0118,0.01,31.0,8.0,3.0,5.0,37.5,104456.62,-31076.23,41.75,,24.29,271542.0399999999,-56745.27999999998,15.8,0.48,0.65,0.0161,0.03,196.0,45.0,19.0,26.0,42.22,151439.05,-64201.74,46.93,,38.33,549781.5599999999,-197730.71999999988,120.81,0.42,0.41,0.0125,0.01
GMKN,breakout_ols,1D,Bayesian_TPE,26,0.084,212,3,3,0.4,0.7,3,8,False,22.01,0.192,0.163,50.04,37,35.14,False,"{""sampler"":""TPESampler"",""seed"":42,""n_trials"":50,""direction"":""maximize"",""objective"":""composite = Sharpe * (Return% / MaxDD%)""}","{""lookback"":212,""pivot_window"":3,""min_touches"":3,""tolerance_atr_mult"":0.4,""cluster_atr_mult"":0.7,""confirmation_bars"":3,""cooldown_bars"":8,""allowshort"":false}",2014-01-01,2024-12-31,2025-01-01,2026-04-20,2014-01-01,2026-04-20,146.0,37.0,13.0,24.0,35.14,133882.55,-63348.19,49.0,,50.04,319072.51999999996,-329429.75999999995,22.01,0.19,0.16,0.0128,0.0,28.0,7.0,3.0,4.0,42.86,90039.24,-39307.96,49.29,,26.47,253810.43999999983,-68428.79999999996,11.29,0.38,0.52,0.0164,0.02,174.0,43.0,15.0,28.0,34.88,142010.45,-61415.97,50.53,,53.47,321692.39999999985,-329429.75999999995,41.05,0.24,0.22,0.0134,0.01
GMKN,breakout_ols,1D,Bayesian_TPE,27,0.039,247,5,3,0.5,1.1,2,9,True,-27.31,-0.069,-0.063,48.77,32,31.25,True,"{""sampler"":""TPESampler"",""seed"":42,""n_trials"":50,""direction"":""maximize"",""objective"":""composite = Sharpe * (Return% / MaxDD%)""}","{""lookback"":247,""pivot_window"":5,""min_touches"":3,""tolerance_atr_mult"":0.5,""cluster_atr_mult"":1.1,""confirmation_bars"":2,""cooldown_bars"":9,""allowshort"":true}",2014-01-01,2024-12-31,2025-01-01,2026-04-20,2014-01-01,2026-04-20,129.0,32.0,10.0,22.0,31.25,78623.98,-48152.58,55.91,,48.77,169175.57999999996,-100503.19999999995,-27.31,-0.07,-0.06,0.0115,-0.0,17.0,2.0,1.0,1.0,50.0,262811.64,-124676.64,185.5,,30.35,262811.6400000001,-124676.64000000009,13.81,0.42,0.61,0.018,0.02,146.0,33.0,10.0,23.0,30.3,94791.82,-47328.54,65.91,,50.07,198429.48000000007,-100503.19999999995,-14.06,0.04,0.04,0.0126,0.0
GMKN,breakout_ols,1D,Bayesian_TPE,28,-0.005,257,7,3,0.45,0.35,2,4,True,-2.9,0.07,0.058,41.66,16,43.75,True,"{""sampler"":""TPESampler"",""seed"":42,""n_trials"":50,""direction"":""maximize"",""objective"":""composite = Sharpe * (Return% / MaxDD%)""}","{""lookback"":257,""pivot_window"":7,""min_touches"":3,""tolerance_atr_mult"":0.45,""cluster_atr_mult"":0.35,""confirmation_bars"":2,""cooldown_bars"":4,""allowshort"":true}",2014-01-01,2024-12-31,2025-01-01,2026-04-20,2014-01-01,2026-04-20,106.0,16.0,7.0,9.0,43.75,72798.31,-59848.2,91.31,,41.66,132854.00000000006,-138379.1500000001,-2.9,0.07,0.06,0.0107,0.0,16.0,2.0,1.0,1.0,50.0,229054.12,-162693.36,130.0,,16.94,229054.1199999999,-162693.36,6.64,0.29,0.32,0.0136,0.02,122.0,17.0,7.0,10.0,41.18,102225.93,-64454.94,108.18,,41.66,230034.51999999996,-138379.1500000001,7.1,0.12,0.12,0.0119,0.0
GMKN,breakout_ols,1D,Bayesian_TPE,29,2.507,182,3,2,0.8500000000000001,0.75,1,4,True,181.12,0.56,0.546,40.45,69,34.78,True,"{""sampler"":""TPESampler"",""seed"":42,""n_trials"":50,""direction"":""maximize"",""objective"":""composite = Sharpe * (Return% / MaxDD%)""}","{""lookback"":182,""pivot_window"":3,""min_touches"":2,""tolerance_atr_mult"":0.8500000000000001,""cluster_atr_mult"":0.75,""confirmation_bars"":1,""cooldown_bars"":4,""allowshort"":true}",2014-01-01,2024-12-31,2025-01-01,2026-04-20,2014-01-01,2026-04-20,299.0,69.0,24.0,45.0,34.78,191324.39,-61790.82,27.52,,40.45,736929.0,-350982.3999999998,181.12,0.56,0.55,0.0131,0.02,55.0,16.0,5.0,11.0,31.25,52088.64,-25147.83,17.44,,29.43,161213.28,-51717.600000000064,-1.62,0.08,0.1,0.0151,0.0,354.0,84.0,28.0,56.0,33.33,190975.39,-63631.88,26.06,,45.21,736929.0,-350982.3999999998,178.39,0.49,0.5,0.0134,0.01
GMKN,breakout_ols,1D,Bayesian_TPE,30,4.68,180,4,2,0.9000000000000001,0.75,1,8,True,206.9,0.615,0.581,27.19,46,54.35,True,"{""sampler"":""TPESampler"",""seed"":42,""n_trials"":50,""direction"":""maximize"",""objective"":""composite = Sharpe * (Return% / MaxDD%)""}","{""lookback"":180,""pivot_window"":4,""min_touches"":2,""tolerance_atr_mult"":0.9000000000000001,""cluster_atr_mult"":0.75,""confirmation_bars"":1,""cooldown_bars"":8,""allowshort"":true}",2014-01-01,2024-12-31,2025-01-01,2026-04-20,2014-01-01,2026-04-20,191.0,46.0,25.0,21.0,54.35,170696.65,-104687.2,42.22,,27.19,739357.0,-470763.59999999986,206.9,0.62,0.58,0.0125,0.03,30.0,10.0,4.0,6.0,40.0,66591.63,-42017.02,33.3,,32.16,161409.3599999999,-160947.79999999996,1.43,0.16,0.22,0.0165,0.01,221.0,55.0,28.0,27.0,50.91,182517.78,-110269.13,41.56,,37.18,739357.0,-497242.7999999999,213.32,0.54,0.54,0.0132,0.02
GMKN,breakout_ols,1D,Bayesian_TPE,31,1.942,183,4,2,0.9000000000000001,0.75,1,8,True,150.64,0.514,0.481,39.88,46,54.35,True,"{""sampler"":""TPESampler"",""seed"":42,""n_trials"":50,""direction"":""maximize"",""objective"":""composite = Sharpe * (Return% / MaxDD%)""}","{""lookback"":183,""pivot_window"":4,""min_touches"":2,""tolerance_atr_mult"":0.9000000000000001,""cluster_atr_mult"":0.75,""confirmation_bars"":1,""cooldown_bars"":8,""allowshort"":true}",2014-01-01,2024-12-31,2025-01-01,2026-04-20,2014-01-01,2026-04-20,190.0,46.0,25.0,21.0,54.35,157521.91,-115791.22,42.63,,39.88,511388.8000000001,-489545.80000000016,150.64,0.51,0.48,0.0129,0.02,33.0,10.0,4.0,6.0,40.0,66591.63,-42017.02,33.3,,32.16,161409.3599999999,-160947.79999999996,1.43,0.16,0.22,0.0165,0.01,223.0,55.0,28.0,27.0,50.91,165235.41,-113617.79,41.91,,48.13,511388.8000000001,-489545.80000000016,155.89,0.46,0.45,0.0134,0.01
GMKN,breakout_ols,1D,Bayesian_TPE,32,5.229,180,4,2,0.95,0.75,1,10,True,225.3,0.639,0.61,27.53,44,56.82,True,"{""sampler"":""TPESampler"",""seed"":42,""n_trials"":50,""direction"":""maximize"",""objective"":""composite = Sharpe * (Return% / MaxDD%)""}","{""lookback"":180,""pivot_window"":4,""min_touches"":2,""tolerance_atr_mult"":0.95,""cluster_atr_mult"":0.75,""confirmation_bars"":1,""cooldown_bars"":10,""allowshort"":true}",2014-01-01,2024-12-31,2025-01-01,2026-04-20,2014-01-01,2026-04-20,179.0,44.0,25.0,19.0,56.82,179605.21,-117745.98,44.77,,27.53,893528.9999999999,-498988.07999999984,225.3,0.64,0.61,0.0126,0.03,28.0,10.0,4.0,6.0,40.0,64134.76,-50520.68,31.2,,30.63,151738.43999999992,-160947.79999999996,-4.66,0.01,0.01,0.0157,0.0,207.0,53.0,28.0,25.0,52.83,191125.92,-129191.26,43.26,,36.07,893528.9999999999,-527050.9999999999,212.17,0.54,0.54,0.0131,0.02
GMKN,breakout_ols,1D,Bayesian_TPE,33,0.693,173,5,2,0.95,0.8,1,12,True,77.89,0.363,0.343,40.82,40,47.5,True,"{""sampler"":""TPESampler"",""seed"":42,""n_trials"":50,""direction"":""maximize"",""objective"":""composite = Sharpe * (Return% / MaxDD%)""}","{""lookback"":173,""pivot_window"":5,""min_touches"":2,""tolerance_atr_mult"":0.95,""cluster_atr_mult"":0.8,""confirmation_bars"":1,""cooldown_bars"":12,""allowshort"":true}",2014-01-01,2024-12-31,2025-01-01,2026-04-20,2014-01-01,2026-04-20,158.0,40.0,19.0,21.0,47.5,146600.15,-95549.39,49.0,,40.82,636720.7000000001,-302940.2400000001,77.89,0.36,0.34,0.0127,0.01,25.0,7.0,3.0,4.0,42.86,86101.66,-45319.92,42.29,,27.31,171396.9599999999,-130441.0,7.7,0.3,0.4,0.0165,0.02,183.0,46.0,21.0,25.0,45.65,157177.54,-93482.96,49.35,,45.3,636720.7000000001,-302940.2400000001,96.37,0.36,0.36,0.0133,0.01
GMKN,breakout_ols,1D,Bayesian_TPE,34,4.961,182,4,2,1.1,0.75,1,11,True,216.09,0.632,0.584,27.53,44,54.55,True,"{""sampler"":""TPESampler"",""seed"":42,""n_trials"":50,""direction"":""maximize"",""objective"":""composite = Sharpe * (Return% / MaxDD%)""}","{""lookback"":182,""pivot_window"":4,""min_touches"":2,""tolerance_atr_mult"":1.1,""cluster_atr_mult"":0.75,""confirmation_bars"":1,""cooldown_bars"":11,""allowshort"":true}",2014-01-01,2024-12-31,2025-01-01,2026-04-20,2014-01-01,2026-04-20,175.0,44.0,24.0,20.0,54.55,183805.07,-112519.43,42.82,,27.53,873217.7999999999,-484875.83999999985,216.09,0.63,0.58,0.0124,0.03,27.0,10.0,4.0,6.0,40.0,62378.72,-54220.19,33.0,,33.86,147085.6799999999,-160947.79999999996,-7.58,-0.06,-0.08,0.0162,-0.0,202.0,53.0,27.0,26.0,50.94,193556.49,-126366.65,41.98,,39.05,873217.7999999999,-512136.59999999986,194.05,0.52,0.51,0.013,0.02
GMKN,breakout_ols,1D,Bayesian_TPE,35,1.144,181,6,2,1.05,0.9000000000000001,1,11,True,109.17,0.434,0.417,41.41,40,50.0,True,"{""sampler"":""TPESampler"",""seed"":42,""n_trials"":50,""direction"":""maximize"",""objective"":""composite = Sharpe * (Return% / MaxDD%)""}","{""lookback"":181,""pivot_window"":6,""min_touches"":2,""tolerance_atr_mult"":1.05,""cluster_atr_mult"":0.9000000000000001,""confirmation_bars"":1,""cooldown_bars"":11,""allowshort"":true}",2014-01-01,2024-12-31,2025-01-01,2026-04-20,2014-01-01,2026-04-20,165.0,40.0,20.0,20.0,50.0,155076.9,-100492.61,49.9,,41.41,783366.0000000001,-319140.36,109.17,0.43,0.42,0.0128,0.01,26.0,9.0,3.0,6.0,33.33,69845.13,-43980.32,35.56,,33.86,128378.84,-158063.79999999996,-5.43,0.0,0.0,0.0166,0.0,191.0,48.0,22.0,26.0,45.83,163769.05,-99061.92,48.54,,50.34,783366.0000000001,-338890.5999999999,102.73,0.37,0.38,0.0134,0.01
GMKN,breakout_ols,1D,Bayesian_TPE,36,1.132,201,4,2,1.1,0.75,1,13,False,90.1,0.391,0.36,31.13,46,43.48,False,"{""sampler"":""TPESampler"",""seed"":42,""n_trials"":50,""direction"":""maximize"",""objective"":""composite = Sharpe * (Return% / MaxDD%)""}","{""lookback"":201,""pivot_window"":4,""min_touches"":2,""tolerance_atr_mult"":1.1,""cluster_atr_mult"":0.75,""confirmation_bars"":1,""cooldown_bars"":13,""allowshort"":false}",2014-01-01,2024-12-31,2025-01-01,2026-04-20,2014-01-01,2026-04-20,153.0,46.0,20.0,26.0,43.48,120685.54,-58182.79,41.8,,31.13,366312.7,-273547.7999999998,90.1,0.39,0.36,0.0128,0.02,25.0,7.0,2.0,5.0,28.57,91422.24,-42836.07,42.0,,27.58,154150.0799999999,-58381.679999999986,-3.13,0.04,0.05,0.0154,0.0,178.0,53.0,22.0,31.0,41.51,129018.93,-62382.67,42.36,,36.58,366312.7,-273547.7999999998,90.46,0.35,0.34,0.0133,0.01
GMKN,breakout_ols,1D,Bayesian_TPE,37,2.767,161,5,2,1.15,0.5,1,10,True,185.99,0.573,0.554,38.51,35,57.14,True,"{""sampler"":""TPESampler"",""seed"":42,""n_trials"":50,""direction"":""maximize"",""objective"":""composite = Sharpe * (Return% / MaxDD%)""}","{""lookback"":161,""pivot_window"":5,""min_touches"":2,""tolerance_atr_mult"":1.1500000000000001,""cluster_atr_mult"":0.5,""confirmation_bars"":1,""cooldown_bars"":10,""allowshort"":true}",2014-01-01,2024-12-31,2025-01-01,2026-04-20,2014-01-01,2026-04-20,168.0,35.0,20.0,15.0,57.14,204271.86,-148371.14,57.74,,38.51,927544.8000000002,-463826.2000000002,185.99,0.57,0.55,0.0129,0.02,30.0,10.0,3.0,7.0,30.0,90575.87,-35637.08,30.8,,29.84,169946.17999999996,-94381.04,2.23,0.18,0.24,0.016,0.01,198.0,44.0,22.0,22.0,50.0,222112.34,-133804.89,53.18,,45.14,927544.8000000002,-463826.2000000002,194.28,0.51,0.52,0.0134,0.02
GMKN,breakout_ols,1D,Bayesian_TPE,38,2.753,163,5,2,1.2,0.5,1,10,True,188.25,0.577,0.554,39.45,36,58.33,True,"{""sampler"":""TPESampler"",""seed"":42,""n_trials"":50,""direction"":""maximize"",""objective"":""composite = Sharpe * (Return% / MaxDD%)""}","{""lookback"":163,""pivot_window"":5,""min_touches"":2,""tolerance_atr_mult"":1.2,""cluster_atr_mult"":0.5,""confirmation_bars"":1,""cooldown_bars"":10,""allowshort"":true}",2014-01-01,2024-12-31,2025-01-01,2026-04-20,2014-01-01,2026-04-20,169.0,36.0,21.0,15.0,58.33,194759.59,-147165.59,55.31,,39.45,949355.2000000002,-467477.2400000002,188.25,0.58,0.55,0.0128,0.02,30.0,10.0,3.0,7.0,30.0,90575.87,-35637.08,30.8,,29.84,169946.17999999996,-94381.04,2.23,0.18,0.24,0.016,0.01,199.0,45.0,23.0,22.0,51.11,212927.38,-133241.28,51.33,,45.98,949355.2000000002,-467477.2400000002,196.6,0.51,0.52,0.0133,0.01
GMKN,breakout_ols,1D,Bayesian_TPE,39,0.44,158,7,2,1.1,0.55,1,14,True,59.52,0.312,0.297,42.16,32,50.0,True,"{""sampler"":""TPESampler"",""seed"":42,""n_trials"":50,""direction"":""maximize"",""objective"":""composite = Sharpe * (Return% / MaxDD%)""}","{""lookback"":158,""pivot_window"":7,""min_touches"":2,""tolerance_atr_mult"":1.1,""cluster_atr_mult"":0.55,""confirmation_bars"":1,""cooldown_bars"":14,""allowshort"":true}",2014-01-01,2024-12-31,2025-01-01,2026-04-20,2014-01-01,2026-04-20,120.0,32.0,16.0,16.0,50.0,114254.98,-77051.86,62.5,,42.16,487308.78,-250394.76,59.52,0.31,0.3,0.0129,0.01,23.0,8.0,4.0,4.0,50.0,60956.66,-69952.29,36.75,,28.96,165132.79999999996,-107696.16000000002,-3.6,0.03,0.03,0.0152,0.0,143.0,40.0,20.0,20.0,50.0,114252.61,-84726.78,58.05,,47.74,487308.78,-250394.76,59.05,0.28,0.28,0.0133,0.01
GMKN,breakout_ols,1D,Bayesian_TPE,40,2.398,174,5,2,1.0,0.65,1,10,False,172.55,0.551,0.534,39.65,38,55.26,False,"{""sampler"":""TPESampler"",""seed"":42,""n_trials"":50,""direction"":""maximize"",""objective"":""composite = Sharpe * (Return% / MaxDD%)""}","{""lookback"":174,""pivot_window"":5,""min_touches"":2,""tolerance_atr_mult"":1.0,""cluster_atr_mult"":0.65,""confirmation_bars"":1,""cooldown_bars"":10,""allowshort"":false}",2014-01-01,2024-12-31,2025-01-01,2026-04-20,2014-01-01,2026-04-20,169.0,38.0,21.0,17.0,55.26,185468.55,-127607.76,53.97,,39.65,816261.6000000001,-464162.4800000002,172.55,0.55,0.53,0.0129,0.02,28.0,8.0,4.0,4.0,50.0,69224.38,-45353.24,38.88,,27.31,174344.5199999999,-130441.0,9.55,0.34,0.46,0.0167,0.02,197.0,45.0,24.0,21.0,53.33,197346.24,-127435.15,52.8,,44.22,816261.6000000001,-464162.4800000002,206.02,0.52,0.54,0.0135,0.02
GMKN,breakout_ols,1D,Bayesian_TPE,41,2.767,161,5,2,1.15,0.5,1,10,True,185.99,0.573,0.554,38.51,35,57.14,True,"{""sampler"":""TPESampler"",""seed"":42,""n_trials"":50,""direction"":""maximize"",""objective"":""composite = Sharpe * (Return% / MaxDD%)""}","{""lookback"":161,""pivot_window"":5,""min_touches"":2,""tolerance_atr_mult"":1.1500000000000001,""cluster_atr_mult"":0.5,""confirmation_bars"":1,""cooldown_bars"":10,""allowshort"":true}",2014-01-01,2024-12-31,2025-01-01,2026-04-20,2014-01-01,2026-04-20,168.0,35.0,20.0,15.0,57.14,204271.86,-148371.14,57.74,,38.51,927544.8000000002,-463826.2000000002,185.99,0.57,0.55,0.0129,0.02,30.0,10.0,3.0,7.0,30.0,90575.87,-35637.08,30.8,,29.84,169946.17999999996,-94381.04,2.23,0.18,0.24,0.016,0.01,198.0,44.0,22.0,22.0,50.0,222112.34,-133804.89,53.18,,45.14,927544.8000000002,-463826.2000000002,194.28,0.51,0.52,0.0134,0.02
GMKN,breakout_ols,1D,Bayesian_TPE,42,0.427,155,6,2,1.15,0.45,1,10,True,63.83,0.319,0.321,47.63,33,45.45,True,"{""sampler"":""TPESampler"",""seed"":42,""n_trials"":50,""direction"":""maximize"",""objective"":""composite = Sharpe * (Return% / MaxDD%)""}","{""lookback"":155,""pivot_window"":6,""min_touches"":2,""tolerance_atr_mult"":1.1500000000000001,""cluster_atr_mult"":0.45,""confirmation_bars"":1,""cooldown_bars"":10,""allowshort"":true}",2014-01-01,2024-12-31,2025-01-01,2026-04-20,2014-01-01,2026-04-20,142.0,33.0,15.0,18.0,45.45,176350.13,-111499.73,66.67,,47.63,806250.6000000001,-280522.31999999995,63.83,0.32,0.32,0.0134,0.01,30.0,10.0,3.0,7.0,30.0,88749.74,-43723.61,30.3,,31.14,164467.79999999996,-94381.04,-3.98,0.02,0.03,0.0156,0.0,172.0,42.0,17.0,25.0,40.48,182064.04,-100468.84,59.86,,54.14,806250.6000000001,-280522.31999999995,58.34,0.28,0.29,0.0137,0.01
GMKN,breakout_ols,1D,Bayesian_TPE,43,1.676,167,5,2,1.05,0.5,1,13,True,151.51,0.516,0.496,46.66,37,56.76,True,"{""sampler"":""TPESampler"",""seed"":42,""n_trials"":50,""direction"":""maximize"",""objective"":""composite = Sharpe * (Return% / MaxDD%)""}","{""lookback"":167,""pivot_window"":5,""min_touches"":2,""tolerance_atr_mult"":1.05,""cluster_atr_mult"":0.5,""confirmation_bars"":1,""cooldown_bars"":13,""allowshort"":true}",2014-01-01,2024-12-31,2025-01-01,2026-04-20,2014-01-01,2026-04-20,147.0,37.0,21.0,16.0,56.76,193177.2,-158848.25,54.97,,46.66,917406.8000000002,-446042.52,151.51,0.52,0.5,0.0129,0.01,25.0,8.0,2.0,6.0,25.0,126269.2,-33194.3,34.38,,24.83,175103.83999999997,-91856.32,5.34,0.25,0.32,0.0154,0.02,172.0,45.0,23.0,22.0,51.11,208692.97,-139076.96,51.93,,49.0,917406.8000000002,-446042.52,174.02,0.49,0.49,0.0133,0.01
GMKN,breakout_ols,1D,Bayesian_TPE,44,2.072,195,4,2,1.15,0.8500000000000001,1,10,True,144.19,0.507,0.458,35.29,47,53.19,True,"{""sampler"":""TPESampler"",""seed"":42,""n_trials"":50,""direction"":""maximize"",""objective"":""composite = Sharpe * (Return% / MaxDD%)""}","{""lookback"":195,""pivot_window"":4,""min_touches"":2,""tolerance_atr_mult"":1.1500000000000001,""cluster_atr_mult"":0.8500000000000001,""confirmation_bars"":1,""cooldown_bars"":10,""allowshort"":true}",2014-01-01,2024-12-31,2025-01-01,2026-04-20,2014-01-01,2026-04-20,177.0,47.0,25.0,22.0,53.19,145222.03,-99485.99,39.19,,35.29,592306.0,-394655.03999999986,144.19,0.51,0.46,0.0127,0.02,31.0,10.0,3.0,7.0,30.0,56047.4,-34748.09,28.0,,30.85,125552.76,-71036.04000000005,-7.51,-0.1,-0.12,0.0142,-0.0,208.0,57.0,28.0,29.0,49.12,147819.8,-96656.33,37.72,,45.54,592306.0,-394655.03999999986,133.59,0.43,0.41,0.013,0.01
GMKN,breakout_ols,1D,Bayesian_TPE,45,2.72,177,5,2,1.1,0.65,1,11,True,187.27,0.576,0.56,39.65,37,56.76,True,"{""sampler"":""TPESampler"",""seed"":42,""n_trials"":50,""direction"":""maximize"",""objective"":""composite = Sharpe * (Return% / MaxDD%)""}","{""lookback"":177,""pivot_window"":5,""min_touches"":2,""tolerance_atr_mult"":1.1,""cluster_atr_mult"":0.65,""confirmation_bars"":1,""cooldown_bars"":11,""allowshort"":true}",2014-01-01,2024-12-31,2025-01-01,2026-04-20,2014-01-01,2026-04-20,167.0,37.0,21.0,16.0,56.76,197397.6,-142041.18,55.27,,39.65,860351.8,-489239.3600000002,187.27,0.58,0.56,0.0128,0.02,25.0,8.0,3.0,5.0,37.5,79300.3,-49825.96,38.38,,34.44,157365.59999999992,-158063.79999999996,-1.12,0.1,0.13,0.0162,0.0,192.0,44.0,23.0,21.0,52.27,213799.62,-143153.74,53.77,,49.69,860351.8,-489239.3600000002,191.12,0.51,0.52,0.0134,0.01
GMKN,breakout_ols,1D,Bayesian_TPE,46,0.683,212,6,2,1.0,0.55,1,7,True,69.15,0.342,0.318,34.61,42,45.24,True,"{""sampler"":""TPESampler"",""seed"":42,""n_trials"":50,""direction"":""maximize"",""objective"":""composite = Sharpe * (Return% / MaxDD%)""}","{""lookback"":212,""pivot_window"":6,""min_touches"":2,""tolerance_atr_mult"":1.0,""cluster_atr_mult"":0.55,""confirmation_bars"":1,""cooldown_bars"":7,""allowshort"":true}",2014-01-01,2024-12-31,2025-01-01,2026-04-20,2014-01-01,2026-04-20,181.0,42.0,19.0,23.0,45.24,108032.6,-59178.42,44.48,,34.61,557634.2399999999,-173069.04,69.15,0.34,0.32,0.0125,0.01,33.0,10.0,4.0,6.0,40.0,46509.41,-33639.2,32.8,,26.34,145545.09999999983,-65446.12000000011,-1.58,0.09,0.12,0.0162,0.01,214.0,51.0,22.0,29.0,43.14,109879.64,-59001.4,43.33,,37.16,557634.2399999999,-173069.04,70.63,0.31,0.31,0.0131,0.01
GMKN,breakout_ols,1D,Bayesian_TPE,47,0.663,132,4,2,1.15,0.4,1,9,True,96.78,0.402,0.383,58.7,42,50.0,True,"{""sampler"":""TPESampler"",""seed"":42,""n_trials"":50,""direction"":""maximize"",""objective"":""composite = Sharpe * (Return% / MaxDD%)""}","{""lookback"":132,""pivot_window"":4,""min_touches"":2,""tolerance_atr_mult"":1.1500000000000001,""cluster_atr_mult"":0.4,""confirmation_bars"":1,""cooldown_bars"":9,""allowshort"":true}",2014-01-01,2024-12-31,2025-01-01,2026-04-20,2014-01-01,2026-04-20,187.0,42.0,21.0,21.0,50.0,187441.37,-141355.69,47.86,,58.7,897240.4000000001,-440548.28,96.78,0.4,0.38,0.0131,0.01,24.0,6.0,3.0,3.0,50.0,166490.97,-46341.17,47.33,,17.99,241388.0,-96129.74000000006,36.04,0.87,1.12,0.0158,0.08,211.0,47.0,23.0,24.0,48.94,214720.48,-135160.51,49.04,,58.7,897240.4000000001,-440548.28,169.47,0.47,0.47,0.0135,0.01
GMKN,breakout_ols,1D,Bayesian_TPE,48,-0.006,227,6,2,0.9000000000000001,0.7,1,16,False,-14.35,0.017,0.015,40.08,36,36.11,False,"{""sampler"":""TPESampler"",""seed"":42,""n_trials"":50,""direction"":""maximize"",""objective"":""composite = Sharpe * (Return% / MaxDD%)""}","{""lookback"":227,""pivot_window"":6,""min_touches"":2,""tolerance_atr_mult"":0.9000000000000001,""cluster_atr_mult"":0.7,""confirmation_bars"":1,""cooldown_bars"":16,""allowshort"":false}",2014-01-01,2024-12-31,2025-01-01,2026-04-20,2014-01-01,2026-04-20,122.0,36.0,13.0,23.0,36.11,63489.05,-42125.51,49.94,,40.08,319264.7999999999,-172966.43999999992,-14.35,0.02,0.01,0.0117,0.0,22.0,7.0,4.0,3.0,57.14,52693.54,-66354.97,43.14,,26.74,157365.59999999992,-125657.35999999994,1.17,0.16,0.2,0.0166,0.01,144.0,43.0,17.0,26.0,39.53,59169.53,-43822.73,48.84,,50.5,319264.7999999999,-172966.43999999992,-13.35,0.04,0.04,0.0124,0.0
GMKN,breakout_ols,1D,Bayesian_TPE,49,1.337,163,5,2,1.05,0.8,1,13,True,127.03,0.47,0.452,44.67,41,53.66,True,"{""sampler"":""TPESampler"",""seed"":42,""n_trials"":50,""direction"":""maximize"",""objective"":""composite = Sharpe * (Return% / MaxDD%)""}","{""lookback"":163,""pivot_window"":5,""min_touches"":2,""tolerance_atr_mult"":1.05,""cluster_atr_mult"":0.8,""confirmation_bars"":1,""cooldown_bars"":13,""allowshort"":true}",2014-01-01,2024-12-31,2025-01-01,2026-04-20,2014-01-01,2026-04-20,149.0,41.0,22.0,19.0,53.66,165785.16,-125102.33,48.8,,44.67,884746.0000000002,-388163.16,127.03,0.47,0.45,0.0129,0.01,26.0,9.0,3.0,6.0,33.33,85172.61,-37967.23,33.56,,27.32,170844.27999999997,-92689.83999999998,2.77,0.19,0.25,0.0159,0.01,175.0,49.0,24.0,25.0,48.98,179102.61,-116281.99,47.29,,48.86,884746.0000000002,-388163.16,139.14,0.43,0.44,0.0133,0.01
VKCO,breakout_ols,1h,Bayesian_TPE,0,-0.004,175,12,4,0.8500000000000001,0.4,1,4,True,-41.42,0.006,0.006,69.22,43,37.21,True,"{""sampler"":""TPESampler"",""seed"":42,""n_trials"":50,""direction"":""maximize"",""objective"":""composite = Sharpe * (Return% / MaxDD%)""}","{""lookback"":175,""pivot_window"":12,""min_touches"":4,""tolerance_atr_mult"":0.8500000000000001,""cluster_atr_mult"":0.4,""confirmation_bars"":1,""cooldown_bars"":4,""allowshort"":true}",2014-01-01,2024-12-31,2025-01-01,2026-04-20,2014-01-01,2026-04-20,235.0,43.0,16.0,27.0,37.21,45403.93,-42247.7,14.05,337.16,69.22,127803.0,-527343.2,-41.42,0.02,0.01,0.0107,0.0,192.0,34.0,15.0,19.0,44.12,27974.34,-34860.1,6.06,145.41,42.42,85130.39999999997,-73395.00000000003,-24.27,-0.39,-0.32,0.0037,-0.0,427.0,77.0,31.0,46.0,40.26,31362.89,-33231.61,10.52,252.49,69.22,127803.0,-527343.2,-55.64,-0.05,-0.05,0.0087,-0.0
VKCO,breakout_ols,1h,Bayesian_TPE,1,0.005,242,3,5,1.05,0.5,1,6,False,-20.55,-0.013,-0.011,48.76,135,40.74,False,"{""sampler"":""TPESampler"",""seed"":42,""n_trials"":50,""direction"":""maximize"",""objective"":""composite = Sharpe * (Return% / MaxDD%)""}","{""lookback"":242,""pivot_window"":3,""min_touches"":5,""tolerance_atr_mult"":1.05,""cluster_atr_mult"":0.5,""confirmation_bars"":1,""cooldown_bars"":6,""allowshort"":false}",2014-01-01,2024-12-31,2025-01-01,2026-04-20,2014-01-01,2026-04-20,584.0,135.0,55.0,79.0,40.74,23634.71,-19056.04,3.89,93.36,48.76,155122.99999999994,-159264.60000000003,-20.55,-0.03,-0.03,0.0058,-0.0,372.0,83.0,33.0,50.0,39.76,29844.16,-17651.77,2.69,64.46,26.26,98352.0,-90952.99999999988,10.23,0.23,0.21,0.0037,0.0,956.0,218.0,88.0,129.0,40.37,22975.18,-16896.75,3.46,83.06,48.76,124606.99999999993,-159264.60000000003,-15.79,0.02,0.02,0.0051,0.0
VKCO,breakout_ols,1h,Bayesian_TPE,2,0.199,186,5,4,0.4,0.55,2,11,True,-70.97,-0.214,-0.141,76.45,71,33.8,True,"{""sampler"":""TPESampler"",""seed"":42,""n_trials"":50,""direction"":""maximize"",""objective"":""composite = Sharpe * (Return% / MaxDD%)""}","{""lookback"":186,""pivot_window"":5,""min_touches"":4,""tolerance_atr_mult"":0.4,""cluster_atr_mult"":0.55,""confirmation_bars"":2,""cooldown_bars"":11,""allowshort"":true}",2014-01-01,2024-12-31,2025-01-01,2026-04-20,2014-01-01,2026-04-20,310.0,71.0,24.0,47.0,33.8,17948.89,-24264.95,6.43,154.39,76.45,80505.59999999998,-448467.1999999999,-70.97,-0.55,-0.36,0.0069,-0.0,229.0,57.0,23.0,34.0,40.35,28005.4,-19549.53,4.2,100.86,25.2,97513.60000000003,-54551.39999999982,-2.06,0.04,0.04,0.0038,0.0,539.0,128.0,47.0,81.0,36.72,13143.61,-16461.29,5.44,130.55,76.45,80505.59999999998,-448467.1999999999,-71.56,-0.38,-0.27,0.0059,-0.0
VKCO,breakout_ols,1h,Bayesian_TPE,3,-0.006,203,8,2,0.8500000000000001,0.45,1,20,True,-8.61,0.029,0.026,41.6,89,38.2,True,"{""sampler"":""TPESampler"",""seed"":42,""n_trials"":50,""direction"":""maximize"",""objective"":""composite = Sharpe * (Return% / MaxDD%)""}","{""lookback"":203,""pivot_window"":8,""min_touches"":2,""tolerance_atr_mult"":0.8500000000000001,""cluster_atr_mult"":0.45,""confirmation_bars"":1,""cooldown_bars"":20,""allowshort"":true}",2014-01-01,2024-12-31,2025-01-01,2026-04-20,2014-01-01,2026-04-20,343.0,89.0,34.0,54.0,38.2,45356.38,-30152.06,6.39,153.3,41.6,200199.99999999997,-158093.59999999998,-8.61,0.07,0.07,0.0063,0.0,214.0,53.0,19.0,34.0,35.85,36744.68,-23360.46,4.39,105.45,31.72,103435.0,-99127.80000000008,-9.61,-0.08,-0.08,0.0038,-0.0,557.0,141.0,53.0,87.0,37.59,40595.25,-26893.75,5.74,137.86,41.6,200199.99999999997,-158093.59999999998,-18.82,0.02,0.02,0.0055,0.0
VKCO,breakout_ols,1h,Bayesian_TPE,4,0.007,161,3,4,0.7,0.4,2,3,True,-20.22,-0.016,-0.014,48.51,113,34.51,True,"{""sampler"":""TPESampler"",""seed"":42,""n_trials"":50,""direction"":""maximize"",""objective"":""composite = Sharpe * (Return% / MaxDD%)""}","{""lookback"":161,""pivot_window"":3,""min_touches"":4,""tolerance_atr_mult"":0.7,""cluster_atr_mult"":0.4,""confirmation_bars"":2,""cooldown_bars"":3,""allowshort"":true}",2014-01-01,2024-12-31,2025-01-01,2026-04-20,2014-01-01,2026-04-20,582.0,113.0,39.0,73.0,34.51,32205.36,-19974.92,4.6,110.31,48.51,177270.0,-157613.99999999997,-20.22,-0.04,-0.04,0.0056,-0.0,375.0,75.0,28.0,46.0,37.33,26881.01,-17872.03,2.99,71.79,29.19,100250.99999999996,-83782.39999999995,-6.94,-0.04,-0.04,0.0038,-0.0,957.0,188.0,67.0,119.0,35.64,27321.88,-17663.07,3.97,95.39,48.51,177270.0,-157613.99999999997,-27.13,-0.05,-0.04,0.005,-0.0
VKCO,breakout_ols,1h,Bayesian_TPE,5,-0.001,233,6,4,0.8,0.45,3,16,True,-14.46,0.002,0.002,46.84,52,32.69,True,"{""sampler"":""TPESampler"",""seed"":42,""n_trials"":50,""direction"":""maximize"",""objective"":""composite = Sharpe * (Return% / MaxDD%)""}","{""lookback"":233,""pivot_window"":6,""min_touches"":4,""tolerance_atr_mult"":0.8,""cluster_atr_mult"":0.45,""confirmation_bars"":3,""cooldown_bars"":16,""allowshort"":true}",2014-01-01,2024-12-31,2025-01-01,2026-04-20,2014-01-01,2026-04-20,220.0,52.0,17.0,35.0,32.69,61823.46,-34160.29,9.71,233.15,46.84,218471.19999999992,-204980.0,-14.46,0.01,0.0,0.0056,0.0,149.0,34.0,15.0,19.0,44.12,52521.74,-33271.6,7.05,169.09,25.41,127231.79999999992,-92771.19999999995,15.57,0.3,0.28,0.0039,0.0,369.0,86.0,32.0,54.0,37.21,52067.25,-31769.62,8.73,209.62,46.84,218471.19999999992,-204980.0,-4.94,0.08,0.07,0.005,0.0
VKCO,breakout_ols,1h,Bayesian_TPE,6,0.015,220,12,2,0.45,0.3,1,9,False,-27.38,-0.029,-0.026,54.18,61,37.7,False,"{""sampler"":""TPESampler"",""seed"":42,""n_trials"":50,""direction"":""maximize"",""objective"":""composite = Sharpe * (Return% / MaxDD%)""}","{""lookback"":220,""pivot_window"":12,""min_touches"":2,""tolerance_atr_mult"":0.45,""cluster_atr_mult"":0.3,""confirmation_bars"":1,""cooldown_bars"":9,""allowshort"":false}",2014-01-01,2024-12-31,2025-01-01,2026-04-20,2014-01-01,2026-04-20,305.0,61.0,23.0,38.0,37.7,36917.72,-29550.53,9.09,218.16,54.18,124504.0,-153649.20000000007,-27.38,-0.07,-0.07,0.0062,-0.0,209.0,38.0,16.0,22.0,42.11,43605.47,-28854.39,6.08,145.95,24.63,99936.90000000008,-66132.90000000015,6.29,0.17,0.16,0.0039,0.0,514.0,99.0,39.0,60.0,39.39,34396.09,-26522.57,7.97,191.37,54.18,124504.0,-153649.20000000007,-24.99,-0.02,-0.01,0.0054,-0.0
VKCO,breakout_ols,1h,Bayesian_TPE,7,-0.004,171,5,4,0.4,1.05,1,20,True,-10.43,0.016,0.015,45.82,101,38.61,True,"{""sampler"":""TPESampler"",""seed"":42,""n_trials"":50,""direction"":""maximize"",""objective"":""composite = Sharpe * (Return% / MaxDD%)""}","{""lookback"":171,""pivot_window"":5,""min_touches"":4,""tolerance_atr_mult"":0.4,""cluster_atr_mult"":1.05,""confirmation_bars"":1,""cooldown_bars"":20,""allowshort"":true}",2014-01-01,2024-12-31,2025-01-01,2026-04-20,2014-01-01,2026-04-20,354.0,101.0,39.0,62.0,38.61,36206.59,-24457.59,5.29,126.89,45.82,155698.39999999997,-143412.0000000001,-10.43,0.04,0.04,0.0057,0.0,247.0,83.0,27.0,56.0,32.53,17816.65,-16078.37,2.76,66.3,45.78,71771.69999999994,-65400.5,-41.93,-0.75,-0.7,0.0039,-0.01,601.0,184.0,66.0,118.0,35.87,27923.02,-19684.77,4.15,99.56,52.34,155698.39999999997,-143412.0000000001,-47.99,-0.2,-0.18,0.0051,-0.0
VKCO,breakout_ols,1h,Bayesian_TPE,8,-0.003,101,11,4,0.95,1.0,1,9,False,-2.71,0.072,0.068,65.16,15,46.67,False,"{""sampler"":""TPESampler"",""seed"":42,""n_trials"":50,""direction"":""maximize"",""objective"":""composite = Sharpe * (Return% / MaxDD%)""}","{""lookback"":101,""pivot_window"":11,""min_touches"":4,""tolerance_atr_mult"":0.95,""cluster_atr_mult"":1.0,""confirmation_bars"":1,""cooldown_bars"":9,""allowshort"":false}",2014-01-01,2024-12-31,2025-01-01,2026-04-20,2014-01-01,2026-04-20,67.0,15.0,7.0,8.0,46.67,202401.43,-180489.0,40.49,971.87,65.16,368319.19999999984,-726415.2000000001,-2.71,0.18,0.17,0.0101,0.0,40.0,7.0,4.0,3.0,57.14,70607.02,-142617.97,34.77,834.57,23.6,151734.09999999998,-188322.59999999992,-14.54,-0.21,-0.2,0.0034,-0.0,107.0,22.0,11.0,11.0,50.0,153786.26,-169100.01,38.67,928.18,65.31,368319.19999999984,-726415.2000000001,-16.85,0.1,0.1,0.0082,0.0
VKCO,breakout_ols,1h,Bayesian_TPE,9,0.007,225,6,2,0.55,0.6000000000000001,3,14,True,4.61,0.056,0.046,38.29,107,32.71,True,"{""sampler"":""TPESampler"",""seed"":42,""n_trials"":50,""direction"":""maximize"",""objective"":""composite = Sharpe * (Return% / MaxDD%)""}","{""lookback"":225,""pivot_window"":6,""min_touches"":2,""tolerance_atr_mult"":0.55,""cluster_atr_mult"":0.6000000000000001,""confirmation_bars"":3,""cooldown_bars"":14,""allowshort"":true}",2014-01-01,2024-12-31,2025-01-01,2026-04-20,2014-01-01,2026-04-20,410.0,107.0,35.0,71.0,32.71,39841.65,-18990.43,4.83,115.97,38.29,212375.0,-173900.99999999997,4.61,0.14,0.12,0.0054,0.0,250.0,64.0,22.0,41.0,34.38,31974.46,-21002.79,3.46,83.14,34.67,116165.79999999996,-133560.0,-15.77,-0.18,-0.16,0.004,-0.0,660.0,170.0,57.0,111.0,33.53,36907.45,-20129.52,4.4,105.51,38.29,212375.0,-173900.99999999997,-13.07,0.03,0.03,0.0049,0.0
VKCO,breakout_ols,1h,Bayesian_TPE,10,-0.002,289,9,3,0.3,0.8,2,12,False,-13.95,0.008,0.008,46.28,60,35.0,False,"{""sampler"":""TPESampler"",""seed"":42,""n_trials"":50,""direction"":""maximize"",""objective"":""composite = Sharpe * (Return% / MaxDD%)""}","{""lookback"":289,""pivot_window"":9,""min_touches"":3,""tolerance_atr_mult"":0.3,""cluster_atr_mult"":0.8,""confirmation_bars"":2,""cooldown_bars"":12,""allowshort"":false}",2014-01-01,2024-12-31,2025-01-01,2026-04-20,2014-01-01,2026-04-20,282.0,60.0,21.0,38.0,35.0,57902.91,-35668.74,8.65,207.5,46.28,243674.0,-206087.9999999999,-13.95,0.02,0.02,0.0059,0.0,193.0,38.0,14.0,24.0,36.84,37969.69,-27156.2,6.34,152.13,28.09,83024.50000000007,-105700.0,-12.02,-0.12,-0.11,0.0038,-0.0,475.0,98.0,35.0,62.0,35.71,46460.22,-30582.83,7.85,188.4,46.28,243674.0,-206087.9999999999,-27.0,-0.04,-0.03,0.0052,-0.0
VKCO,breakout_ols,1h,Bayesian_TPE,11,0.02,124,10,3,0.5,0.3,2,9,False,-52.63,-0.028,-0.026,72.24,54,38.89,False,"{""sampler"":""TPESampler"",""seed"":42,""n_trials"":50,""direction"":""maximize"",""objective"":""composite = Sharpe * (Return% / MaxDD%)""}","{""lookback"":124,""pivot_window"":10,""min_touches"":3,""tolerance_atr_mult"":0.5,""cluster_atr_mult"":0.3,""confirmation_bars"":2,""cooldown_bars"":9,""allowshort"":false}",2014-01-01,2024-12-31,2025-01-01,2026-04-20,2014-01-01,2026-04-20,235.0,54.0,21.0,33.0,38.89,26942.82,-33095.13,10.48,251.46,72.24,107476.20000000008,-263195.19999999995,-52.63,-0.07,-0.07,0.0105,-0.0,155.0,36.0,12.0,23.0,33.33,32972.88,-21165.63,6.0,143.97,28.15,108107.99999999988,-59807.70000000005,-9.11,-0.07,-0.06,0.0039,-0.0,390.0,90.0,33.0,56.0,36.67,22823.28,-23619.35,8.69,208.47,72.24,107476.20000000008,-263195.19999999995,-56.95,-0.07,-0.06,0.0085,-0.0
VKCO,breakout_ols,1h,Bayesian_TPE,12,-0.002,113,10,3,0.6000000000000001,0.7,2,9,False,-41.48,0.003,0.003,71.31,52,36.54,False,"{""sampler"":""TPESampler"",""seed"":42,""n_trials"":50,""direction"":""maximize"",""objective"":""composite = Sharpe * (Return% / MaxDD%)""}","{""lookback"":113,""pivot_window"":10,""min_touches"":3,""tolerance_atr_mult"":0.6000000000000001,""cluster_atr_mult"":0.7,""confirmation_bars"":2,""cooldown_bars"":9,""allowshort"":false}",2014-01-01,2024-12-31,2025-01-01,2026-04-20,2014-01-01,2026-04-20,222.0,52.0,19.0,33.0,36.54,39691.84,-35421.96,10.91,261.73,71.31,139035.19999999995,-265796.79999999993,-41.48,0.01,0.01,0.0105,0.0,152.0,36.0,15.0,21.0,41.67,32531.85,-26591.57,6.45,154.78,28.85,88788.49999999991,-61154.99999999995,-7.04,-0.04,-0.04,0.0038,-0.0,374.0,87.0,33.0,54.0,37.93,32941.75,-28027.05,9.36,224.76,71.31,139035.19999999995,-265796.79999999993,-42.64,0.02,0.01,0.0086,0.0
VKCO,breakout_ols,1h,Bayesian_TPE,13,0.036,122,7,5,1.2,0.8500000000000001,2,12,False,-37.41,-0.058,-0.053,59.78,57,36.84,False,"{""sampler"":""TPESampler"",""seed"":42,""n_trials"":50,""direction"":""maximize"",""objective"":""composite = Sharpe * (Return% / MaxDD%)""}","{""lookback"":122,""pivot_window"":7,""min_touches"":5,""tolerance_atr_mult"":1.2,""cluster_atr_mult"":0.8500000000000001,""confirmation_bars"":2,""cooldown_bars"":12,""allowshort"":false}",2014-01-01,2024-12-31,2025-01-01,2026-04-20,2014-01-01,2026-04-20,242.0,57.0,21.0,35.0,36.84,38272.15,-33651.01,10.7,256.68,59.78,140826.39999999997,-188487.0,-37.41,-0.15,-0.13,0.0065,-0.0,135.0,32.0,13.0,19.0,40.62,23639.92,-34905.68,7.89,189.25,41.15,88790.4999999999,-165055.80000000008,-35.59,-0.54,-0.53,0.0043,-0.01,377.0,89.0,34.0,54.0,38.2,29296.25,-29497.62,9.68,232.44,61.44,140826.39999999997,-188487.0,-59.68,-0.26,-0.24,0.0057,-0.0
VKCO,breakout_ols,1h,Bayesian_TPE,14,0.003,140,5,5,1.2,0.8500000000000001,3,15,True,-18.35,-0.01,-0.008,64.95,77,37.66,True,"{""sampler"":""TPESampler"",""seed"":42,""n_trials"":50,""direction"":""maximize"",""objective"":""composite = Sharpe * (Return% / MaxDD%)""}","{""lookback"":140,""pivot_window"":5,""min_touches"":5,""tolerance_atr_mult"":1.2,""cluster_atr_mult"":0.8500000000000001,""confirmation_bars"":3,""cooldown_bars"":15,""allowshort"":true}",2014-01-01,2024-12-31,2025-01-01,2026-04-20,2014-01-01,2026-04-20,293.0,77.0,29.0,48.0,37.66,35119.35,-25040.05,6.8,163.14,64.95,168277.19999999995,-173093.79999999996,-18.35,-0.03,-0.02,0.0056,-0.0,184.0,51.0,22.0,29.0,43.14,32169.65,-23730.36,4.48,107.41,30.69,112223.20000000008,-84246.0,1.96,0.11,0.11,0.0038,0.0,477.0,128.0,51.0,77.0,39.84,30145.93,-22598.39,5.92,142.18,64.95,133785.59999999998,-173093.79999999996,-20.26,-0.01,-0.0,0.005,-0.0
VKCO,breakout_ols,1h,Bayesian_TPE,15,0.015,145,7,5,1.2,0.95,2,12,False,10.75,0.074,0.067,52.51,61,42.62,False,"{""sampler"":""TPESampler"",""seed"":42,""n_trials"":50,""direction"":""maximize"",""objective"":""composite = Sharpe * (Return% / MaxDD%)""}","{""lookback"":145,""pivot_window"":7,""min_touches"":5,""tolerance_atr_mult"":1.2,""cluster_atr_mult"":0.95,""confirmation_bars"":2,""cooldown_bars"":12,""allowshort"":false}",2014-01-01,2024-12-31,2025-01-01,2026-04-20,2014-01-01,2026-04-20,274.0,61.0,26.0,34.0,42.62,52568.12,-37038.16,9.5,227.95,52.51,244604.9999999999,-176484.39999999988,10.75,0.19,0.17,0.0062,0.0,170.0,45.0,17.0,28.0,37.78,38495.95,-25840.86,5.27,126.51,26.32,202993.60000000003,-88982.80000000003,-6.91,-0.02,-0.02,0.0041,-0.0,444.0,105.0,43.0,61.0,40.95,47280.11,-33060.2,7.86,188.61,52.51,221605.20000000004,-176484.39999999988,1.64,0.12,0.11,0.0055,0.0
VKCO,breakout_ols,1h,Bayesian_TPE,16,0.487,264,4,5,1.05,1.2,2,17,True,78.11,0.2,0.176,32.09,95,44.21,True,"{""sampler"":""TPESampler"",""seed"":42,""n_trials"":50,""direction"":""maximize"",""objective"":""composite = Sharpe * (Return% / MaxDD%)""}","{""lookback"":264,""pivot_window"":4,""min_touches"":5,""tolerance_atr_mult"":1.05,""cluster_atr_mult"":1.2,""confirmation_bars"":2,""cooldown_bars"":17,""allowshort"":true}",2014-01-01,2024-12-31,2025-01-01,2026-04-20,2014-01-01,2026-04-20,346.0,95.0,42.0,52.0,44.21,57939.94,-31775.86,5.08,122.03,32.09,367144.39999999985,-186263.1999999999,78.11,0.51,0.45,0.0056,0.01,235.0,65.0,22.0,43.0,33.85,33841.98,-18735.38,3.75,89.97,27.62,98775.60000000003,-60296.79999999992,-6.11,-0.02,-0.02,0.0039,-0.0,581.0,160.0,64.0,95.0,40.0,56256.83,-31724.53,4.58,109.97,32.09,275928.39999999985,-186263.1999999999,58.66,0.32,0.29,0.005,0.0
VKCO,breakout_ols,1h,Bayesian_TPE,17,0.453,268,4,5,1.0,1.2,3,17,True,73.29,0.195,0.166,31.55,85,42.35,True,"{""sampler"":""TPESampler"",""seed"":42,""n_trials"":50,""direction"":""maximize"",""objective"":""composite = Sharpe * (Return% / MaxDD%)""}","{""lookback"":268,""pivot_window"":4,""min_touches"":5,""tolerance_atr_mult"":1.0,""cluster_atr_mult"":1.2,""confirmation_bars"":3,""cooldown_bars"":17,""allowshort"":true}",2014-01-01,2024-12-31,2025-01-01,2026-04-20,2014-01-01,2026-04-20,306.0,85.0,36.0,49.0,42.35,61194.25,-30001.11,5.47,131.2,31.55,352789.19999999984,-177680.0,73.29,0.5,0.42,0.0054,0.01,212.0,59.0,21.0,38.0,35.59,40025.68,-21374.08,4.1,98.37,29.64,102427.80000000005,-75841.50000000016,2.83,0.12,0.11,0.0038,0.0,518.0,144.0,57.0,87.0,39.58,62163.99,-32486.39,4.95,118.9,31.55,289553.39999999997,-177680.0,71.7,0.36,0.31,0.0049,0.01
VKCO,breakout_ols,1h,Bayesian_TPE,18,0.483,274,4,5,1.05,1.2,3,18,True,74.69,0.197,0.165,30.44,84,44.05,True,"{""sampler"":""TPESampler"",""seed"":42,""n_trials"":50,""direction"":""maximize"",""objective"":""composite = Sharpe * (Return% / MaxDD%)""}","{""lookback"":274,""pivot_window"":4,""min_touches"":5,""tolerance_atr_mult"":1.05,""cluster_atr_mult"":1.2,""confirmation_bars"":3,""cooldown_bars"":18,""allowshort"":true}",2014-01-01,2024-12-31,2025-01-01,2026-04-20,2014-01-01,2026-04-20,299.0,84.0,37.0,47.0,44.05,58725.32,-30339.9,5.43,130.43,30.44,355587.5999999998,-181482.0,74.69,0.5,0.42,0.0055,0.01,206.0,61.0,22.0,38.0,36.07,33513.57,-20004.56,4.06,97.44,29.97,102427.80000000005,-75494.30000000016,-2.29,0.04,0.04,0.0039,0.0,505.0,145.0,59.0,85.0,40.69,56486.44,-31739.73,4.9,117.65,30.44,281786.39999999985,-181482.0,63.48,0.33,0.29,0.0049,0.01
VKCO,breakout_ols,1h,Bayesian_TPE,19,0.619,300,4,5,1.1,1.2,3,18,True,86.2,0.217,0.185,30.23,84,39.29,True,"{""sampler"":""TPESampler"",""seed"":42,""n_trials"":50,""direction"":""maximize"",""objective"":""composite = Sharpe * (Return% / MaxDD%)""}","{""lookback"":300,""pivot_window"":4,""min_touches"":5,""tolerance_atr_mult"":1.1,""cluster_atr_mult"":1.2,""confirmation_bars"":3,""cooldown_bars"":18,""allowshort"":true}",2014-01-01,2024-12-31,2025-01-01,2026-04-20,2014-01-01,2026-04-20,292.0,84.0,33.0,51.0,39.29,71172.13,-29150.32,5.6,134.31,30.23,380247.9999999999,-89397.0,86.2,0.55,0.47,0.0054,0.01,203.0,59.0,25.0,34.0,42.37,28999.06,-23205.71,4.24,101.66,30.44,100040.39999999992,-92015.00000000004,-6.4,-0.02,-0.02,0.0039,-0.0,495.0,143.0,58.0,85.0,40.56,62422.15,-34354.07,5.1,122.45,30.45,351373.1999999999,-167180.50000000003,70.04,0.35,0.31,0.0049,0.01
VKCO,breakout_ols,1h,Bayesian_TPE,20,1.056,298,4,5,1.1,1.1,3,19,True,121.67,0.263,0.225,30.3,80,43.75,True,"{""sampler"":""TPESampler"",""seed"":42,""n_trials"":50,""direction"":""maximize"",""objective"":""composite = Sharpe * (Return% / MaxDD%)""}","{""lookback"":298,""pivot_window"":4,""min_touches"":5,""tolerance_atr_mult"":1.1,""cluster_atr_mult"":1.1,""confirmation_bars"":3,""cooldown_bars"":19,""allowshort"":true}",2014-01-01,2024-12-31,2025-01-01,2026-04-20,2014-01-01,2026-04-20,281.0,80.0,35.0,45.0,43.75,80683.69,-35715.86,5.88,141.06,30.3,452660.9999999999,-112320.0,121.67,0.67,0.57,0.0055,0.01,196.0,55.0,22.0,33.0,40.0,28842.83,-21991.12,4.55,109.31,33.78,100040.39999999992,-92732.00000000004,-9.12,-0.06,-0.06,0.004,-0.0,477.0,134.0,57.0,77.0,42.54,73440.32,-41356.36,5.46,131.05,33.79,425879.9999999999,-204273.30000000005,100.17,0.43,0.38,0.005,0.01
VKCO,breakout_ols,1h,Bayesian_TPE,21,0.821,300,4,5,1.05,1.1,3,18,True,103.98,0.24,0.208,30.4,80,42.5,True,"{""sampler"":""TPESampler"",""seed"":42,""n_trials"":50,""direction"":""maximize"",""objective"":""composite = Sharpe * (Return% / MaxDD%)""}","{""lookback"":300,""pivot_window"":4,""min_touches"":5,""tolerance_atr_mult"":1.05,""cluster_atr_mult"":1.1,""confirmation_bars"":3,""cooldown_bars"":18,""allowshort"":true}",2014-01-01,2024-12-31,2025-01-01,2026-04-20,2014-01-01,2026-04-20,292.0,80.0,34.0,46.0,42.5,74568.7,-32512.1,6.02,144.47,30.4,416550.1999999999,-103760.0,103.98,0.61,0.53,0.0055,0.01,200.0,57.0,24.0,33.0,42.11,30336.59,-23385.57,4.38,105.12,29.36,100040.39999999992,-92732.00000000004,-4.36,0.01,0.01,0.0039,0.0,492.0,137.0,58.0,79.0,42.34,67840.61,-38373.92,5.41,129.78,30.4,407825.5999999999,-184579.70000000004,90.32,0.41,0.36,0.0049,0.01
VKCO,breakout_ols,1h,Bayesian_TPE,22,0.034,298,3,5,1.1,1.1,3,19,True,17.72,0.088,0.075,45.71,95,38.95,True,"{""sampler"":""TPESampler"",""seed"":42,""n_trials"":50,""direction"":""maximize"",""objective"":""composite = Sharpe * (Return% / MaxDD%)""}","{""lookback"":298,""pivot_window"":3,""min_touches"":5,""tolerance_atr_mult"":1.1,""cluster_atr_mult"":1.1,""confirmation_bars"":3,""cooldown_bars"":19,""allowshort"":true}",2014-01-01,2024-12-31,2025-01-01,2026-04-20,2014-01-01,2026-04-20,319.0,95.0,37.0,58.0,38.95,54856.01,-31939.05,5.48,131.63,45.71,239644.79999999987,-167352.80000000013,17.72,0.23,0.19,0.0058,0.0,213.0,57.0,22.0,35.0,38.6,28384.84,-23376.71,4.29,102.91,36.68,80525.0,-147595.39999999994,-19.37,-0.25,-0.23,0.0039,-0.0,532.0,152.0,59.0,93.0,38.82,45739.89,-29918.06,5.1,122.38,47.47,222325.60000000003,-167752.9999999999,-8.37,0.06,0.06,0.0051,0.0
VKCO,breakout_ols,1h,Bayesian_TPE,23,0.838,283,4,5,0.95,1.1,3,18,True,101.36,0.238,0.201,28.79,78,48.72,True,"{""sampler"":""TPESampler"",""seed"":42,""n_trials"":50,""direction"":""maximize"",""objective"":""composite = Sharpe * (Return% / MaxDD%)""}","{""lookback"":283,""pivot_window"":4,""min_touches"":5,""tolerance_atr_mult"":0.95,""cluster_atr_mult"":1.1,""confirmation_bars"":3,""cooldown_bars"":18,""allowshort"":true}",2014-01-01,2024-12-31,2025-01-01,2026-04-20,2014-01-01,2026-04-20,291.0,78.0,38.0,39.0,48.72,59139.04,-31633.14,5.98,143.47,28.79,409901.99999999977,-103784.79999999996,101.36,0.61,0.51,0.0054,0.01,206.0,58.0,22.0,35.0,37.93,34968.86,-19375.83,4.26,102.12,22.9,102427.80000000005,-75928.30000000016,9.12,0.21,0.21,0.0038,0.0,497.0,136.0,60.0,74.0,44.12,60956.03,-34405.61,5.29,127.07,28.79,331272.9999999998,-146952.4000000003,111.13,0.46,0.4,0.0049,0.01
VKCO,breakout_ols,1h,Bayesian_TPE,24,0.053,253,6,5,0.95,1.1,3,14,True,21.42,0.097,0.082,39.37,55,34.55,True,"{""sampler"":""TPESampler"",""seed"":42,""n_trials"":50,""direction"":""maximize"",""objective"":""composite = Sharpe * (Return% / MaxDD%)""}","{""lookback"":253,""pivot_window"":6,""min_touches"":5,""tolerance_atr_mult"":0.95,""cluster_atr_mult"":1.1,""confirmation_bars"":3,""cooldown_bars"":14,""allowshort"":true}",2014-01-01,2024-12-31,2025-01-01,2026-04-20,2014-01-01,2026-04-20,262.0,55.0,19.0,36.0,34.55,76825.64,-34596.41,8.53,204.67,39.37,277031.9999999999,-182236.0,21.42,0.25,0.21,0.0054,0.0,183.0,43.0,15.0,27.0,34.88,35574.92,-21600.59,5.61,134.63,28.49,90160.0,-69874.69999999982,-4.96,-0.0,-0.0,0.0038,-0.0,445.0,98.0,34.0,63.0,34.69,59955.23,-30592.66,7.31,175.53,39.37,277031.9999999999,-182236.0,11.11,0.15,0.13,0.0049,0.0
VKCO,breakout_ols,1h,Bayesian_TPE,25,0.042,282,5,4,0.95,0.95,3,19,True,21.14,0.096,0.08,47.8,75,41.33,True,"{""sampler"":""TPESampler"",""seed"":42,""n_trials"":50,""direction"":""maximize"",""objective"":""composite = Sharpe * (Return% / MaxDD%)""}","{""lookback"":282,""pivot_window"":5,""min_touches"":4,""tolerance_atr_mult"":0.95,""cluster_atr_mult"":0.95,""confirmation_bars"":3,""cooldown_bars"":19,""allowshort"":true}",2014-01-01,2024-12-31,2025-01-01,2026-04-20,2014-01-01,2026-04-20,286.0,75.0,31.0,43.0,41.33,46206.74,-28395.29,6.52,156.51,47.8,247352.59999999995,-125281.0,21.14,0.25,0.21,0.0056,0.0,202.0,62.0,23.0,38.0,37.1,32143.79,-20070.99,3.89,93.29,35.91,101280.0,-102752.10000000008,-2.34,0.05,0.04,0.004,0.0,488.0,137.0,54.0,81.0,39.42,41464.93,-25998.84,5.38,129.06,47.8,196176.2,-125281.0,13.32,0.16,0.14,0.0051,0.0
VKCO,breakout_ols,1h,Bayesian_TPE,26,0.333,258,3,5,0.7,1.1,3,16,True,67.52,0.18,0.153,36.49,90,45.56,True,"{""sampler"":""TPESampler"",""seed"":42,""n_trials"":50,""direction"":""maximize"",""objective"":""composite = Sharpe * (Return% / MaxDD%)""}","{""lookback"":258,""pivot_window"":3,""min_touches"":5,""tolerance_atr_mult"":0.7,""cluster_atr_mult"":1.1,""confirmation_bars"":3,""cooldown_bars"":16,""allowshort"":true}",2014-01-01,2024-12-31,2025-01-01,2026-04-20,2014-01-01,2026-04-20,343.0,90.0,41.0,48.0,45.56,50569.26,-29126.93,5.68,136.38,36.49,342095.5999999999,-147484.80000000005,67.52,0.46,0.39,0.0058,0.01,234.0,66.0,23.0,43.0,34.85,35246.95,-19389.02,3.67,88.08,29.91,102427.80000000005,-69068.20000000016,-2.3,0.04,0.04,0.0038,0.0,577.0,156.0,64.0,91.0,41.03,51432.78,-30005.53,4.87,116.95,36.49,264882.80000000005,-147484.80000000005,56.12,0.31,0.27,0.0051,0.0
VKCO,breakout_ols,1h,Bayesian_TPE,27,0.158,287,4,4,0.9000000000000001,0.95,3,20,True,41.86,0.138,0.115,36.55,89,40.45,True,"{""sampler"":""TPESampler"",""seed"":42,""n_trials"":50,""direction"":""maximize"",""objective"":""composite = Sharpe * (Return% / MaxDD%)""}","{""lookback"":287,""pivot_window"":4,""min_touches"":4,""tolerance_atr_mult"":0.9000000000000001,""cluster_atr_mult"":0.95,""confirmation_bars"":3,""cooldown_bars"":20,""allowshort"":true}",2014-01-01,2024-12-31,2025-01-01,2026-04-20,2014-01-01,2026-04-20,291.0,89.0,36.0,52.0,40.45,51828.17,-27830.27,5.32,127.64,36.55,311168.3999999999,-216259.2000000001,41.86,0.35,0.29,0.0056,0.01,211.0,68.0,24.0,42.0,35.29,25776.31,-19004.11,3.57,85.59,38.87,99694.99999999993,-159081.30000000005,-17.95,-0.22,-0.21,0.0039,-0.0,502.0,156.0,60.0,93.0,38.46,44922.76,-27387.95,4.64,111.46,43.26,311168.3999999999,-222642.0000000001,14.83,0.17,0.14,0.005,0.0
VKCO,breakout_ols,1h,Bayesian_TPE,28,0.171,276,8,5,1.15,1.05,3,14,True,40.27,0.136,0.112,32.08,42,47.62,True,"{""sampler"":""TPESampler"",""seed"":42,""n_trials"":50,""direction"":""maximize"",""objective"":""composite = Sharpe * (Return% / MaxDD%)""}","{""lookback"":276,""pivot_window"":8,""min_touches"":5,""tolerance_atr_mult"":1.1500000000000001,""cluster_atr_mult"":1.05,""confirmation_bars"":3,""cooldown_bars"":14,""allowshort"":true}",2014-01-01,2024-12-31,2025-01-01,2026-04-20,2014-01-01,2026-04-20,216.0,42.0,20.0,22.0,47.62,69839.59,-45183.82,10.85,260.29,32.08,312786.19999999984,-204980.0,40.27,0.35,0.29,0.0055,0.01,153.0,31.0,10.0,21.0,32.26,50416.04,-28084.15,8.14,195.32,26.8,94406.0000000001,-103815.89999999992,-8.56,-0.06,-0.05,0.004,-0.0,369.0,73.0,30.0,43.0,41.1,68378.3,-41877.52,9.83,235.89,32.08,312786.19999999984,-204980.0,25.06,0.21,0.18,0.005,0.0
VKCO,breakout_ols,1h,Bayesian_TPE,29,-0.003,248,5,4,0.8500000000000001,0.7,3,18,True,-3.89,0.032,0.028,39.21,74,33.78,True,"{""sampler"":""TPESampler"",""seed"":42,""n_trials"":50,""direction"":""maximize"",""objective"":""composite = Sharpe * (Return% / MaxDD%)""}","{""lookback"":248,""pivot_window"":5,""min_touches"":4,""tolerance_atr_mult"":0.8500000000000001,""cluster_atr_mult"":0.7,""confirmation_bars"":3,""cooldown_bars"":18,""allowshort"":true}",2014-01-01,2024-12-31,2025-01-01,2026-04-20,2014-01-01,2026-04-20,284.0,74.0,25.0,49.0,33.78,48342.1,-25458.71,6.6,158.36,39.21,204246.3999999999,-114954.00000000004,-3.89,0.08,0.07,0.0055,0.0,185.0,49.0,21.0,26.0,42.86,42200.93,-22524.87,4.83,115.96,20.8,97021.20000000004,-82249.80000000016,30.06,0.49,0.49,0.0038,0.01,469.0,123.0,46.0,75.0,37.4,43324.46,-23858.7,5.95,142.74,39.21,182483.40000000005,-114954.00000000004,20.35,0.19,0.17,0.0049,0.0
VKCO,breakout_ols,1h,Bayesian_TPE,30,0.533,299,6,3,0.75,0.9000000000000001,3,16,True,82.68,0.212,0.198,32.86,81,38.27,True,"{""sampler"":""TPESampler"",""seed"":42,""n_trials"":50,""direction"":""maximize"",""objective"":""composite = Sharpe * (Return% / MaxDD%)""}","{""lookback"":299,""pivot_window"":6,""min_touches"":3,""tolerance_atr_mult"":0.75,""cluster_atr_mult"":0.9000000000000001,""confirmation_bars"":3,""cooldown_bars"":16,""allowshort"":true}",2014-01-01,2024-12-31,2025-01-01,2026-04-20,2014-01-01,2026-04-20,290.0,81.0,31.0,48.0,38.27,79290.65,-33983.09,6.13,147.22,32.86,373038.5999999999,-115873.80000000002,82.68,0.54,0.51,0.0054,0.01,220.0,63.0,22.0,38.0,34.92,26664.83,-21713.79,4.06,97.38,39.04,101139.39999999992,-140462.90000000008,-23.85,-0.32,-0.3,0.0041,-0.0,510.0,143.0,52.0,86.0,36.36,66916.13,-36193.14,5.32,127.73,39.05,366965.9999999999,-252178.10000000012,36.7,0.25,0.23,0.0049,0.0
VKCO,breakout_ols,1h,Bayesian_TPE,31,0.731,300,4,5,1.1,1.15,3,18,True,96.11,0.23,0.197,30.23,81,40.74,True,"{""sampler"":""TPESampler"",""seed"":42,""n_trials"":50,""direction"":""maximize"",""objective"":""composite = Sharpe * (Return% / MaxDD%)""}","{""lookback"":300,""pivot_window"":4,""min_touches"":5,""tolerance_atr_mult"":1.1,""cluster_atr_mult"":1.1500000000000001,""confirmation_bars"":3,""cooldown_bars"":18,""allowshort"":true}",2014-01-01,2024-12-31,2025-01-01,2026-04-20,2014-01-01,2026-04-20,289.0,81.0,33.0,48.0,40.74,73687.52,-30636.53,5.81,139.48,30.23,400472.5999999999,-100403.80000000006,96.11,0.59,0.5,0.0054,0.01,201.0,58.0,25.0,33.0,43.1,29779.33,-23731.38,4.31,103.34,29.9,100040.39999999992,-92015.00000000004,-3.87,0.02,0.02,0.0039,0.0,490.0,139.0,58.0,81.0,41.73,65663.5,-36655.37,5.25,126.06,30.23,388897.5999999999,-176095.20000000004,83.94,0.39,0.35,0.0049,0.01
VKCO,breakout_ols,1h,Bayesian_TPE,32,0.164,285,3,5,1.1,1.15,3,19,True,50.61,0.155,0.133,47.87,96,39.58,True,"{""sampler"":""TPESampler"",""seed"":42,""n_trials"":50,""direction"":""maximize"",""objective"":""composite = Sharpe * (Return% / MaxDD%)""}","{""lookback"":285,""pivot_window"":3,""min_touches"":5,""tolerance_atr_mult"":1.1,""cluster_atr_mult"":1.1500000000000001,""confirmation_bars"":3,""cooldown_bars"":19,""allowshort"":true}",2014-01-01,2024-12-31,2025-01-01,2026-04-20,2014-01-01,2026-04-20,325.0,96.0,38.0,56.0,39.58,63026.19,-33729.96,4.87,116.89,47.87,308543.9999999999,-214747.2000000001,50.61,0.4,0.34,0.0056,0.0,209.0,59.0,21.0,37.0,35.59,31424.23,-22419.63,4.07,97.63,37.34,102427.80000000005,-157052.09999999995,-16.96,-0.21,-0.19,0.0039,-0.0,534.0,155.0,59.0,93.0,38.06,56354.55,-33401.36,4.63,111.03,47.87,269975.9999999999,-230511.19999999995,21.86,0.19,0.17,0.005,0.0
VKCO,breakout_ols,1h,Bayesian_TPE,33,0.352,269,4,5,1.0,1.05,3,17,True,66.21,0.184,0.153,34.63,86,40.7,True,"{""sampler"":""TPESampler"",""seed"":42,""n_trials"":50,""direction"":""maximize"",""objective"":""composite = Sharpe * (Return% / MaxDD%)""}","{""lookback"":269,""pivot_window"":4,""min_touches"":5,""tolerance_atr_mult"":1.0,""cluster_atr_mult"":1.05,""confirmation_bars"":3,""cooldown_bars"":17,""allowshort"":true}",2014-01-01,2024-12-31,2025-01-01,2026-04-20,2014-01-01,2026-04-20,310.0,86.0,35.0,50.0,40.7,60465.11,-29084.18,5.17,123.98,34.63,338351.9999999998,-164080.0,66.21,0.47,0.39,0.0054,0.01,206.0,61.0,22.0,39.0,36.07,29834.65,-19107.84,3.82,91.67,32.47,101013.79999999992,-81014.40000000007,-8.88,-0.07,-0.07,0.0038,-0.0,516.0,147.0,57.0,89.0,38.78,54504.96,-29748.85,4.65,111.69,34.63,277703.99999999994,-164080.0,45.91,0.28,0.24,0.0049,0.0
VKCO,breakout_ols,1h,Bayesian_TPE,34,0.229,290,3,5,1.15,1.15,3,5,True,54.9,0.16,0.134,38.36,103,37.86,True,"{""sampler"":""TPESampler"",""seed"":42,""n_trials"":50,""direction"":""maximize"",""objective"":""composite = Sharpe * (Return% / MaxDD%)""}","{""lookback"":290,""pivot_window"":3,""min_touches"":5,""tolerance_atr_mult"":1.1500000000000001,""cluster_atr_mult"":1.1500000000000001,""confirmation_bars"":3,""cooldown_bars"":5,""allowshort"":true}",2014-01-01,2024-12-31,2025-01-01,2026-04-20,2014-01-01,2026-04-20,472.0,103.0,39.0,63.0,37.86,58575.18,-27546.48,5.0,120.0,38.36,317311.9999999999,-216070.40000000017,54.9,0.41,0.34,0.0058,0.01,318.0,67.0,24.0,43.0,35.82,29115.51,-19633.09,3.46,82.93,32.92,100040.39999999992,-105037.80000000008,-14.55,-0.17,-0.15,0.0038,-0.0,790.0,170.0,63.0,106.0,37.06,52987.49,-28575.0,4.46,106.92,38.36,300454.8,-216070.40000000017,30.93,0.23,0.19,0.0051,0.0
VKCO,breakout_ols,1h,Bayesian_TPE,35,-0.001,200,5,5,1.0,1.0,3,15,True,-13.72,0.005,0.004,48.1,67,32.84,True,"{""sampler"":""TPESampler"",""seed"":42,""n_trials"":50,""direction"":""maximize"",""objective"":""composite = Sharpe * (Return% / MaxDD%)""}","{""lookback"":200,""pivot_window"":5,""min_touches"":5,""tolerance_atr_mult"":1.0,""cluster_atr_mult"":1.0,""confirmation_bars"":3,""cooldown_bars"":15,""allowshort"":true}",2014-01-01,2024-12-31,2025-01-01,2026-04-20,2014-01-01,2026-04-20,280.0,67.0,22.0,45.0,32.84,44263.75,-24687.93,7.76,186.21,48.1,139021.20000000004,-127635.20000000006,-13.72,0.01,0.01,0.0056,0.0,184.0,48.0,18.0,30.0,37.5,49096.49,-22119.39,4.8,115.1,21.71,113353.2000000001,-91706.39999999978,22.02,0.39,0.39,0.0038,0.01,464.0,115.0,40.0,75.0,34.78,43408.98,-22446.84,6.52,156.53,48.1,139021.20000000004,-127635.20000000006,5.28,0.13,0.11,0.005,0.0
VKCO,breakout_ols,1h,Bayesian_TPE,36,-0.002,240,4,4,0.9000000000000001,1.15,2,20,True,-2.54,0.036,0.031,37.9,101,38.61,True,"{""sampler"":""TPESampler"",""seed"":42,""n_trials"":50,""direction"":""maximize"",""objective"":""composite = Sharpe * (Return% / MaxDD%)""}","{""lookback"":240,""pivot_window"":4,""min_touches"":4,""tolerance_atr_mult"":0.9000000000000001,""cluster_atr_mult"":1.1500000000000001,""confirmation_bars"":2,""cooldown_bars"":20,""allowshort"":true}",2014-01-01,2024-12-31,2025-01-01,2026-04-20,2014-01-01,2026-04-20,339.0,101.0,39.0,62.0,38.61,39550.41,-25287.88,5.0,119.91,37.9,162245.59999999992,-115290.0,-2.54,0.09,0.08,0.0054,0.0,229.0,72.0,26.0,46.0,36.11,29365.37,-19150.7,3.1,74.44,29.37,115453.79999999992,-60227.20000000008,-11.74,-0.12,-0.11,0.0038,-0.0,568.0,173.0,65.0,108.0,37.57,33823.81,-22059.64,4.25,101.88,37.9,162245.59999999992,-115290.0,-18.39,-0.0,-0.0,0.0049,-0.0
VKCO,breakout_ols,1h,Bayesian_TPE,37,0.11,280,3,5,1.15,1.0,3,18,True,38.55,0.132,0.112,46.36,99,42.42,True,"{""sampler"":""TPESampler"",""seed"":42,""n_trials"":50,""direction"":""maximize"",""objective"":""composite = Sharpe * (Return% / MaxDD%)""}","{""lookback"":280,""pivot_window"":3,""min_touches"":5,""tolerance_atr_mult"":1.1500000000000001,""cluster_atr_mult"":1.0,""confirmation_bars"":3,""cooldown_bars"":18,""allowshort"":true}",2014-01-01,2024-12-31,2025-01-01,2026-04-20,2014-01-01,2026-04-20,333.0,99.0,42.0,57.0,42.42,50019.27,-30093.24,4.74,113.83,46.36,283839.9999999999,-123177.60000000003,38.55,0.34,0.29,0.0057,0.0,219.0,66.0,22.0,44.0,33.33,32507.81,-20530.51,3.73,89.45,37.07,103136.0,-104236.20000000008,-18.82,-0.24,-0.23,0.0039,-0.0,552.0,165.0,64.0,101.0,38.79,47357.16,-29058.61,4.39,105.47,46.36,248359.99999999988,-140727.60000000012,9.59,0.15,0.13,0.0051,0.0
VKCO,breakout_ols,1h,Bayesian_TPE,38,0.292,259,6,4,1.05,1.1,3,19,True,57.53,0.168,0.144,33.07,62,43.55,True,"{""sampler"":""TPESampler"",""seed"":42,""n_trials"":50,""direction"":""maximize"",""objective"":""composite = Sharpe * (Return% / MaxDD%)""}","{""lookback"":259,""pivot_window"":6,""min_touches"":4,""tolerance_atr_mult"":1.05,""cluster_atr_mult"":1.1,""confirmation_bars"":3,""cooldown_bars"":19,""allowshort"":true}",2014-01-01,2024-12-31,2025-01-01,2026-04-20,2014-01-01,2026-04-20,251.0,62.0,27.0,35.0,43.55,69085.72,-36857.59,7.81,187.52,33.07,337007.9999999999,-151109.99999999994,57.53,0.43,0.37,0.0055,0.01,183.0,50.0,19.0,30.0,38.0,27638.92,-23469.27,4.86,116.76,31.9,72187.20000000007,-130550.39999999997,-17.89,-0.22,-0.21,0.004,-0.0,434.0,112.0,46.0,65.0,41.07,56595.0,-36277.02,6.56,157.32,34.7,337007.9999999999,-198071.9999999999,24.54,0.2,0.18,0.005,0.0
VKCO,breakout_ols,1h,Bayesian_TPE,39,0.0,207,7,5,0.8500000000000001,1.05,2,15,True,0.24,0.047,0.041,44.18,56,41.07,True,"{""sampler"":""TPESampler"",""seed"":42,""n_trials"":50,""direction"":""maximize"",""objective"":""composite = Sharpe * (Return% / MaxDD%)""}","{""lookback"":207,""pivot_window"":7,""min_touches"":5,""tolerance_atr_mult"":0.8500000000000001,""cluster_atr_mult"":1.05,""confirmation_bars"":2,""cooldown_bars"":15,""allowshort"":true}",2014-01-01,2024-12-31,2025-01-01,2026-04-20,2014-01-01,2026-04-20,247.0,56.0,23.0,33.0,41.07,56715.7,-39457.84,9.42,226.2,44.18,206595.19999999992,-130565.99999999994,0.24,0.12,0.1,0.0058,0.0,177.0,37.0,16.0,20.0,43.24,47098.02,-29821.9,6.7,160.89,24.24,111866.09999999986,-106627.9999999999,15.71,0.31,0.32,0.0039,0.0,424.0,93.0,39.0,53.0,41.94,51777.48,-35587.91,8.44,202.67,44.18,183497.6,-130565.99999999994,13.32,0.16,0.15,0.0051,0.0
VKCO,breakout_ols,1h,Bayesian_TPE,40,0.116,293,5,4,1.1,0.9000000000000001,3,17,True,40.84,0.137,0.116,48.38,74,43.24,True,"{""sampler"":""TPESampler"",""seed"":42,""n_trials"":50,""direction"":""maximize"",""objective"":""composite = Sharpe * (Return% / MaxDD%)""}","{""lookback"":293,""pivot_window"":5,""min_touches"":4,""tolerance_atr_mult"":1.1,""cluster_atr_mult"":0.9000000000000001,""confirmation_bars"":3,""cooldown_bars"":17,""allowshort"":true}",2014-01-01,2024-12-31,2025-01-01,2026-04-20,2014-01-01,2026-04-20,288.0,74.0,32.0,41.0,43.24,54703.85,-32734.05,6.54,156.95,48.38,299331.1999999999,-136576.00000000003,40.84,0.35,0.3,0.0056,0.0,209.0,61.0,22.0,37.0,36.07,32466.29,-20652.33,3.85,92.38,34.45,109514.0,-104110.50000000007,-4.99,0.0,0.0,0.004,0.0,497.0,135.0,54.0,78.0,40.0,49902.96,-30651.39,5.39,129.47,48.38,284855.5999999999,-142860.4000000001,30.4,0.23,0.2,0.005,0.0
VKCO,breakout_ols,1h,Bayesian_TPE,41,0.731,300,4,5,1.1,1.15,3,18,True,96.11,0.23,0.197,30.23,81,40.74,True,"{""sampler"":""TPESampler"",""seed"":42,""n_trials"":50,""direction"":""maximize"",""objective"":""composite = Sharpe * (Return% / MaxDD%)""}","{""lookback"":300,""pivot_window"":4,""min_touches"":5,""tolerance_atr_mult"":1.1,""cluster_atr_mult"":1.1500000000000001,""confirmation_bars"":3,""cooldown_bars"":18,""allowshort"":true}",2014-01-01,2024-12-31,2025-01-01,2026-04-20,2014-01-01,2026-04-20,289.0,81.0,33.0,48.0,40.74,73687.52,-30636.53,5.81,139.48,30.23,400472.5999999999,-100403.80000000006,96.11,0.59,0.5,0.0054,0.01,201.0,58.0,25.0,33.0,43.1,29779.33,-23731.38,4.31,103.34,29.9,100040.39999999992,-92015.00000000004,-3.87,0.02,0.02,0.0039,0.0,490.0,139.0,58.0,81.0,41.73,65663.5,-36655.37,5.25,126.06,30.23,388897.5999999999,-176095.20000000004,83.94,0.39,0.35,0.0049,0.01
VKCO,breakout_ols,1h,Bayesian_TPE,42,0.602,275,4,5,1.0,1.15,3,19,True,88.08,0.218,0.184,31.92,83,45.78,True,"{""sampler"":""TPESampler"",""seed"":42,""n_trials"":50,""direction"":""maximize"",""objective"":""composite = Sharpe * (Return% / MaxDD%)""}","{""lookback"":275,""pivot_window"":4,""min_touches"":5,""tolerance_atr_mult"":1.0,""cluster_atr_mult"":1.1500000000000001,""confirmation_bars"":3,""cooldown_bars"":19,""allowshort"":true}",2014-01-01,2024-12-31,2025-01-01,2026-04-20,2014-01-01,2026-04-20,288.0,83.0,38.0,45.0,45.78,66580.24,-36650.73,5.62,134.95,31.92,382871.99999999977,-194586.0,88.08,0.55,0.47,0.0055,0.01,203.0,60.0,22.0,37.0,36.67,37369.66,-19542.54,3.98,95.58,25.49,102427.80000000005,-75494.30000000016,9.91,0.23,0.21,0.0038,0.0,491.0,143.0,60.0,82.0,41.96,65528.33,-35998.18,4.98,119.55,31.92,303407.9999999999,-194586.0,97.98,0.43,0.37,0.0049,0.01
VKCO,breakout_ols,1h,Bayesian_TPE,43,0.101,291,5,5,1.05,1.1,3,18,True,37.73,0.131,0.111,49.14,61,40.98,True,"{""sampler"":""TPESampler"",""seed"":42,""n_trials"":50,""direction"":""maximize"",""objective"":""composite = Sharpe * (Return% / MaxDD%)""}","{""lookback"":291,""pivot_window"":5,""min_touches"":5,""tolerance_atr_mult"":1.05,""cluster_atr_mult"":1.1,""confirmation_bars"":3,""cooldown_bars"":18,""allowshort"":true}",2014-01-01,2024-12-31,2025-01-01,2026-04-20,2014-01-01,2026-04-20,262.0,61.0,25.0,36.0,40.98,64064.31,-34009.4,7.97,191.28,49.14,292691.1999999999,-148863.00000000003,37.73,0.33,0.28,0.0055,0.0,187.0,52.0,18.0,33.0,34.62,37583.18,-22206.99,4.55,109.15,30.12,110849.20000000004,-106751.90000000008,-5.63,-0.01,-0.01,0.004,-0.0,449.0,113.0,43.0,69.0,38.05,56819.84,-31800.97,6.46,154.97,49.14,275154.19999999995,-148863.00000000003,24.9,0.21,0.18,0.005,0.0
VKCO,breakout_ols,1h,Bayesian_TPE,44,0.09,300,3,5,1.15,1.05,3,16,True,29.41,0.113,0.092,37.12,98,42.86,True,"{""sampler"":""TPESampler"",""seed"":42,""n_trials"":50,""direction"":""maximize"",""objective"":""composite = Sharpe * (Return% / MaxDD%)""}","{""lookback"":300,""pivot_window"":3,""min_touches"":5,""tolerance_atr_mult"":1.1500000000000001,""cluster_atr_mult"":1.05,""confirmation_bars"":3,""cooldown_bars"":16,""allowshort"":true}",2014-01-01,2024-12-31,2025-01-01,2026-04-20,2014-01-01,2026-04-20,335.0,98.0,42.0,56.0,42.86,49377.79,-31781.61,4.92,118.05,37.12,263431.19999999984,-189358.40000000017,29.41,0.29,0.24,0.0057,0.0,222.0,61.0,20.0,41.0,32.79,25626.32,-19805.2,4.08,98.03,40.42,71194.10000000003,-91718.40000000008,-29.95,-0.47,-0.43,0.0039,-0.0,557.0,158.0,62.0,96.0,39.24,43744.64,-29285.84,4.7,112.74,45.28,242721.19999999987,-189358.40000000017,-9.93,0.06,0.05,0.0051,0.0
VKCO,breakout_ols,1h,Bayesian_TPE,45,-0.004,280,4,5,0.9000000000000001,0.6000000000000001,3,20,True,-8.32,0.021,0.018,41.57,72,36.11,True,"{""sampler"":""TPESampler"",""seed"":42,""n_trials"":50,""direction"":""maximize"",""objective"":""composite = Sharpe * (Return% / MaxDD%)""}","{""lookback"":280,""pivot_window"":4,""min_touches"":5,""tolerance_atr_mult"":0.9000000000000001,""cluster_atr_mult"":0.6000000000000001,""confirmation_bars"":3,""cooldown_bars"":20,""allowshort"":true}",2014-01-01,2024-12-31,2025-01-01,2026-04-20,2014-01-01,2026-04-20,249.0,72.0,26.0,46.0,36.11,43587.8,-26445.13,6.87,164.78,41.57,186602.3999999999,-215782.9999999999,-8.32,0.05,0.04,0.0056,0.0,177.0,50.0,18.0,32.0,36.0,37784.99,-22890.48,4.98,119.48,24.91,103136.0,-122841.60000000012,-5.24,0.0,0.0,0.004,0.0,426.0,122.0,44.0,78.0,36.07,38562.98,-23869.89,6.15,147.59,41.57,150807.59999999995,-215782.9999999999,-16.51,0.02,0.02,0.005,0.0
VKCO,breakout_ols,1h,Bayesian_TPE,46,0.116,290,5,2,1.1,1.15,3,13,False,38.18,0.137,0.115,45.21,114,42.11,False,"{""sampler"":""TPESampler"",""seed"":42,""n_trials"":50,""direction"":""maximize"",""objective"":""composite = Sharpe * (Return% / MaxDD%)""}","{""lookback"":290,""pivot_window"":5,""min_touches"":2,""tolerance_atr_mult"":1.1,""cluster_atr_mult"":1.1500000000000001,""confirmation_bars"":3,""cooldown_bars"":13,""allowshort"":false}",2014-01-01,2024-12-31,2025-01-01,2026-04-20,2014-01-01,2026-04-20,440.0,114.0,48.0,66.0,42.11,42229.83,-24927.18,4.21,101.13,45.21,282187.3999999999,-92000.0,38.18,0.35,0.29,0.005,0.0,291.0,79.0,34.0,44.0,43.04,22462.42,-18405.16,3.04,72.97,25.48,74649.59999999989,-109365.20000000008,-4.61,-0.0,-0.0,0.0037,-0.0,731.0,193.0,82.0,110.0,42.49,36429.65,-24732.52,3.77,90.48,45.21,270405.19999999995,-145248.9000000001,26.67,0.21,0.19,0.0046,0.0
VKCO,breakout_ols,1h,Bayesian_TPE,47,0.055,230,3,4,1.2,1.2,1,17,True,-38.23,-0.081,-0.069,56.68,138,39.86,True,"{""sampler"":""TPESampler"",""seed"":42,""n_trials"":50,""direction"":""maximize"",""objective"":""composite = Sharpe * (Return% / MaxDD%)""}","{""lookback"":230,""pivot_window"":3,""min_touches"":4,""tolerance_atr_mult"":1.2,""cluster_atr_mult"":1.2,""confirmation_bars"":1,""cooldown_bars"":17,""allowshort"":true}",2014-01-01,2024-12-31,2025-01-01,2026-04-20,2014-01-01,2026-04-20,458.0,138.0,55.0,82.0,39.86,25255.38,-21601.3,3.71,89.06,56.68,205805.59999999995,-129319.99999999993,-38.23,-0.21,-0.18,0.0057,-0.0,300.0,94.0,34.0,60.0,36.17,27295.65,-14873.98,2.38,57.11,22.93,87687.5999999999,-65755.20000000007,3.56,0.13,0.12,0.0038,0.0,758.0,232.0,89.0,142.0,38.36,21662.5,-16244.08,3.19,76.53,56.68,205805.59999999995,-129319.99999999993,-37.87,-0.12,-0.1,0.0051,-0.0
VKCO,breakout_ols,1h,Bayesian_TPE,48,0.021,267,6,5,0.95,1.0,2,20,False,11.41,0.073,0.062,40.57,58,44.83,False,"{""sampler"":""TPESampler"",""seed"":42,""n_trials"":50,""direction"":""maximize"",""objective"":""composite = Sharpe * (Return% / MaxDD%)""}","{""lookback"":267,""pivot_window"":6,""min_touches"":5,""tolerance_atr_mult"":0.95,""cluster_atr_mult"":1.0,""confirmation_bars"":2,""cooldown_bars"":20,""allowshort"":false}",2014-01-01,2024-12-31,2025-01-01,2026-04-20,2014-01-01,2026-04-20,243.0,58.0,26.0,32.0,44.83,47045.2,-34659.24,8.12,194.98,40.57,170312.9999999999,-161928.0,11.41,0.19,0.16,0.0056,0.0,176.0,43.0,18.0,25.0,41.86,39267.37,-25934.4,5.96,142.95,24.81,104933.09999999996,-72971.3999999998,5.85,0.17,0.17,0.0038,0.0,419.0,101.0,44.0,57.0,43.56,44257.04,-31708.49,7.27,174.46,40.57,170312.9999999999,-161928.0,13.99,0.16,0.15,0.005,0.0
VKCO,breakout_ols,1h,Bayesian_TPE,49,-0.004,189,4,4,0.8,0.75,3,16,True,-9.49,0.018,0.016,39.53,87,39.08,True,"{""sampler"":""TPESampler"",""seed"":42,""n_trials"":50,""direction"":""maximize"",""objective"":""composite = Sharpe * (Return% / MaxDD%)""}","{""lookback"":189,""pivot_window"":4,""min_touches"":4,""tolerance_atr_mult"":0.8,""cluster_atr_mult"":0.75,""confirmation_bars"":3,""cooldown_bars"":16,""allowshort"":true}",2014-01-01,2024-12-31,2025-01-01,2026-04-20,2014-01-01,2026-04-20,313.0,87.0,34.0,53.0,39.08,44060.34,-30055.69,5.88,141.01,39.53,163782.00000000012,-171248.00000000006,-9.49,0.05,0.04,0.0056,0.0,206.0,56.0,21.0,35.0,37.5,50925.23,-20489.91,3.91,93.82,18.81,143822.70000000004,-68795.69999999988,35.23,0.56,0.56,0.0038,0.01,519.0,143.0,55.0,88.0,38.46,44835.51,-25477.53,5.11,122.53,39.53,163782.00000000012,-171248.00000000006,22.39,0.2,0.18,0.005,0.0
GAZP,breakout_ols,1h,Bayesian_TPE,0,0.233,175,12,4,0.8500000000000001,0.4,1,4,True,128.16,0.116,0.097,63.83,138,44.93,True,"{""sampler"":""TPESampler"",""seed"":42,""n_trials"":50,""direction"":""maximize"",""objective"":""composite = Sharpe * (Return% / MaxDD%)""}","{""lookback"":175,""pivot_window"":12,""min_touches"":4,""tolerance_atr_mult"":0.8500000000000001,""cluster_atr_mult"":0.4,""confirmation_bars"":1,""cooldown_bars"":4,""allowshort"":true}",2014-01-01,2024-12-31,2025-01-01,2026-04-20,2014-01-01,2026-04-20,851.0,138.0,62.0,75.0,44.93,103635.82,-68584.29,14.93,358.2,63.83,544587.1200000001,-994789.5600000002,128.16,0.3,0.25,0.0055,0.0,203.0,32.0,16.0,16.0,50.0,62284.89,-38502.36,7.35,176.28,25.06,216150.88,-185639.0499999999,38.05,0.61,0.61,0.0036,0.01,1054.0,169.0,77.0,91.0,45.56,112443.18,-71832.64,13.66,327.83,63.83,544587.1200000001,-994789.5600000002,212.14,0.33,0.28,0.0053,0.0
GAZP,breakout_ols,1h,Bayesian_TPE,1,2.788,242,3,5,1.05,0.5,1,6,False,433.15,0.247,0.217,38.37,393,41.73,False,"{""sampler"":""TPESampler"",""seed"":42,""n_trials"":50,""direction"":""maximize"",""objective"":""composite = Sharpe * (Return% / MaxDD%)""}","{""lookback"":242,""pivot_window"":3,""min_touches"":5,""tolerance_atr_mult"":1.05,""cluster_atr_mult"":0.5,""confirmation_bars"":1,""cooldown_bars"":6,""allowshort"":false}",2014-01-01,2024-12-31,2025-01-01,2026-04-20,2014-01-01,2026-04-20,1808.0,393.0,164.0,229.0,41.73,78902.37,-37591.59,5.06,121.41,38.37,1033645.4000000001,-978965.3000000002,433.15,0.63,0.55,0.0038,0.01,353.0,70.0,28.0,42.0,40.0,37776.67,-18785.26,3.43,82.21,22.31,250800.50999999998,-53980.499999999905,26.88,0.48,0.48,0.0036,0.01,2161.0,463.0,192.0,271.0,41.47,94570.36,-46691.26,4.83,115.82,38.37,1285730.53,-978965.3000000002,550.42,0.59,0.53,0.0037,0.01
GAZP,breakout_ols,1h,Bayesian_TPE,2,4.033,186,5,4,0.4,0.55,2,11,True,559.11,0.284,0.279,39.37,226,40.27,True,"{""sampler"":""TPESampler"",""seed"":42,""n_trials"":50,""direction"":""maximize"",""objective"":""composite = Sharpe * (Return% / MaxDD%)""}","{""lookback"":186,""pivot_window"":5,""min_touches"":4,""tolerance_atr_mult"":0.4,""cluster_atr_mult"":0.55,""confirmation_bars"":2,""cooldown_bars"":11,""allowshort"":true}",2014-01-01,2024-12-31,2025-01-01,2026-04-20,2014-01-01,2026-04-20,1068.0,226.0,91.0,135.0,40.27,137766.91,-51449.62,8.72,209.4,39.37,1471392.5,-435416.9000000003,559.11,0.72,0.71,0.0036,0.01,226.0,46.0,22.0,24.0,47.83,48730.81,-28012.38,5.11,122.7,29.0,175769.32000000004,-130847.27999999988,39.98,0.65,0.65,0.0035,0.01,1294.0,272.0,113.0,159.0,41.54,166970.77,-70053.16,8.15,195.69,39.37,1471392.5,-816020.4399999992,772.92,0.69,0.68,0.0036,0.01
GAZP,breakout_ols,1h,Bayesian_TPE,3,3.285,203,8,2,0.8500000000000001,0.45,1,20,True,432.23,0.24,0.21,31.58,276,42.39,True,"{""sampler"":""TPESampler"",""seed"":42,""n_trials"":50,""direction"":""maximize"",""objective"":""composite = Sharpe * (Return% / MaxDD%)""}","{""lookback"":203,""pivot_window"":8,""min_touches"":2,""tolerance_atr_mult"":0.8500000000000001,""cluster_atr_mult"":0.45,""confirmation_bars"":1,""cooldown_bars"":20,""allowshort"":true}",2014-01-01,2024-12-31,2025-01-01,2026-04-20,2014-01-01,2026-04-20,1080.0,276.0,117.0,159.0,42.39,120028.15,-61138.22,7.42,178.08,31.58,1500929.5599999996,-1177198.35,432.23,0.61,0.54,0.0039,0.01,230.0,56.0,24.0,32.0,42.86,43662.06,-21978.94,4.44,106.62,21.92,209434.94000000015,-64410.25,34.46,0.57,0.6,0.0036,0.01,1310.0,332.0,141.0,191.0,42.47,136651.64,-69860.28,6.93,166.28,31.58,1500929.5599999996,-1177198.35,592.46,0.6,0.53,0.0039,0.01
GAZP,breakout_ols,1h,Bayesian_TPE,4,2.11,161,3,4,0.7,0.4,2,3,True,370.76,0.226,0.191,39.72,332,41.27,True,"{""sampler"":""TPESampler"",""seed"":42,""n_trials"":50,""direction"":""maximize"",""objective"":""composite = Sharpe * (Return% / MaxDD%)""}","{""lookback"":161,""pivot_window"":3,""min_touches"":4,""tolerance_atr_mult"":0.7,""cluster_atr_mult"":0.4,""confirmation_bars"":2,""cooldown_bars"":3,""allowshort"":true}",2014-01-01,2024-12-31,2025-01-01,2026-04-20,2014-01-01,2026-04-20,1766.0,332.0,137.0,195.0,41.27,94701.87,-47520.99,5.96,142.94,39.72,1321645.38,-1445099.28,370.76,0.58,0.49,0.0039,0.01,327.0,65.0,24.0,41.0,36.92,46474.11,-19746.91,3.57,85.6,28.07,230563.5,-88758.53999999994,30.58,0.53,0.53,0.0035,0.01,2093.0,397.0,161.0,236.0,40.55,113198.47,-55415.68,5.56,133.55,39.72,1321645.38,-1445099.28,514.69,0.57,0.49,0.0038,0.01
GAZP,breakout_ols,1h,Bayesian_TPE,5,0.996,233,6,4,0.8,0.45,3,16,True,204.36,0.18,0.165,36.94,171,43.27,True,"{""sampler"":""TPESampler"",""seed"":42,""n_trials"":50,""direction"":""maximize"",""objective"":""composite = Sharpe * (Return% / MaxDD%)""}","{""lookback"":233,""pivot_window"":6,""min_touches"":4,""tolerance_atr_mult"":0.8,""cluster_atr_mult"":0.45,""confirmation_bars"":3,""cooldown_bars"":16,""allowshort"":true}",2014-01-01,2024-12-31,2025-01-01,2026-04-20,2014-01-01,2026-04-20,726.0,171.0,74.0,97.0,43.27,87424.23,-45626.67,11.32,271.61,36.94,925723.1300000001,-807319.1099999999,204.36,0.46,0.42,0.0036,0.0,155.0,31.0,9.0,22.0,29.03,85996.77,-28405.95,7.53,180.77,20.25,272347.6199999999,-76538.24999999996,14.9,0.31,0.31,0.0035,0.01,881.0,202.0,83.0,119.0,41.09,104147.48,-52639.94,10.76,258.15,36.94,925723.1300000001,-807319.1099999999,238.01,0.42,0.39,0.0036,0.0
GAZP,breakout_ols,1h,Bayesian_TPE,6,2.217,220,12,2,0.45,0.3,1,9,False,301.5,0.209,0.183,28.42,207,41.55,False,"{""sampler"":""TPESampler"",""seed"":42,""n_trials"":50,""direction"":""maximize"",""objective"":""composite = Sharpe * (Return% / MaxDD%)""}","{""lookback"":220,""pivot_window"":12,""min_touches"":2,""tolerance_atr_mult"":0.45,""cluster_atr_mult"":0.3,""confirmation_bars"":1,""cooldown_bars"":9,""allowshort"":false}",2014-01-01,2024-12-31,2025-01-01,2026-04-20,2014-01-01,2026-04-20,1066.0,207.0,86.0,121.0,41.55,100816.83,-46737.63,9.61,230.52,28.42,856886.9100000003,-673403.9999999998,301.5,0.53,0.47,0.0038,0.01,209.0,36.0,20.0,16.0,55.56,41506.27,-34477.77,7.0,167.97,20.75,195898.56000000014,-113133.60000000005,27.85,0.49,0.51,0.0035,0.01,1275.0,242.0,105.0,137.0,43.39,112635.44,-57058.36,9.31,223.51,28.42,856886.9100000003,-673403.9999999998,400.97,0.52,0.46,0.0038,0.01
GAZP,breakout_ols,1h,Bayesian_TPE,7,1.756,171,5,4,0.4,1.05,1,20,True,298.27,0.214,0.21,36.34,302,40.07,True,"{""sampler"":""TPESampler"",""seed"":42,""n_trials"":50,""direction"":""maximize"",""objective"":""composite = Sharpe * (Return% / MaxDD%)""}","{""lookback"":171,""pivot_window"":5,""min_touches"":4,""tolerance_atr_mult"":0.4,""cluster_atr_mult"":1.05,""confirmation_bars"":1,""cooldown_bars"":20,""allowshort"":true}",2014-01-01,2024-12-31,2025-01-01,2026-04-20,2014-01-01,2026-04-20,1101.0,302.0,121.0,181.0,40.07,75394.85,-33923.01,6.53,156.82,36.34,942591.3600000001,-496295.79999999964,298.27,0.55,0.54,0.0036,0.01,232.0,59.0,26.0,33.0,44.07,45490.6,-24783.58,3.84,92.27,28.17,209078.67,-177587.52,36.49,0.61,0.61,0.0035,0.01,1333.0,361.0,147.0,214.0,40.72,94106.52,-43914.01,6.09,146.27,36.34,942591.3600000001,-707369.9199999999,443.61,0.56,0.55,0.0036,0.01
GAZP,breakout_ols,1h,Bayesian_TPE,8,0.196,101,11,4,0.95,1.0,1,9,False,97.15,0.123,0.106,61.01,39,46.15,False,"{""sampler"":""TPESampler"",""seed"":42,""n_trials"":50,""direction"":""maximize"",""objective"":""composite = Sharpe * (Return% / MaxDD%)""}","{""lookback"":101,""pivot_window"":11,""min_touches"":4,""tolerance_atr_mult"":0.95,""cluster_atr_mult"":1.0,""confirmation_bars"":1,""cooldown_bars"":9,""allowshort"":false}",2014-01-01,2024-12-31,2025-01-01,2026-04-20,2014-01-01,2026-04-20,210.0,39.0,18.0,21.0,46.15,145837.59,-78744.08,47.39,1137.46,61.01,693938.7000000001,-586964.6399999999,97.15,0.31,0.27,0.0035,0.0,43.0,6.0,1.0,5.0,16.67,30452.1,-56664.62,35.88,861.17,29.96,30452.099999999966,-203751.17999999996,-25.29,-0.49,-0.42,0.0032,-0.01,253.0,45.0,19.0,26.0,42.22,144478.59,-85718.35,46.37,1112.8,63.11,693938.7000000001,-586964.6399999999,51.64,0.19,0.17,0.0035,0.0
GAZP,breakout_ols,1h,Bayesian_TPE,9,0.281,225,6,2,0.55,0.6000000000000001,3,14,True,111.58,0.128,0.107,50.77,353,37.68,True,"{""sampler"":""TPESampler"",""seed"":42,""n_trials"":50,""direction"":""maximize"",""objective"":""composite = Sharpe * (Return% / MaxDD%)""}","{""lookback"":225,""pivot_window"":6,""min_touches"":2,""tolerance_atr_mult"":0.55,""cluster_atr_mult"":0.6000000000000001,""confirmation_bars"":3,""cooldown_bars"":14,""allowshort"":true}",2014-01-01,2024-12-31,2025-01-01,2026-04-20,2014-01-01,2026-04-20,1291.0,353.0,133.0,219.0,37.68,43638.91,-21407.27,5.51,132.29,50.77,497454.16000000003,-495889.20000000007,111.58,0.33,0.27,0.0037,0.0,259.0,65.0,29.0,35.0,44.62,37693.7,-18347.06,3.55,85.31,20.06,248007.7299999999,-53026.5,45.1,0.72,0.72,0.0035,0.01,1550.0,417.0,162.0,253.0,38.85,48889.49,-23484.89,5.24,125.77,50.77,509107.66999999975,-495889.20000000007,197.84,0.38,0.32,0.0037,0.0
GAZP,breakout_ols,1h,Bayesian_TPE,10,0.122,289,9,3,0.3,0.8,2,12,False,63.36,0.093,0.076,48.34,205,40.49,False,"{""sampler"":""TPESampler"",""seed"":42,""n_trials"":50,""direction"":""maximize"",""objective"":""composite = Sharpe * (Return% / MaxDD%)""}","{""lookback"":289,""pivot_window"":9,""min_touches"":3,""tolerance_atr_mult"":0.3,""cluster_atr_mult"":0.8,""confirmation_bars"":2,""cooldown_bars"":12,""allowshort"":false}",2014-01-01,2024-12-31,2025-01-01,2026-04-20,2014-01-01,2026-04-20,925.0,205.0,83.0,121.0,40.49,62165.75,-37406.06,9.34,224.16,48.34,686194.1200000001,-752289.0,63.36,0.24,0.19,0.0038,0.0,205.0,39.0,15.0,24.0,38.46,52189.47,-20194.62,5.88,141.13,15.97,217866.24,-45996.31999999991,29.82,0.54,0.52,0.0034,0.01,1130.0,244.0,98.0,145.0,40.16,64178.38,-36395.63,8.83,211.82,48.34,686194.1200000001,-752289.0,101.21,0.27,0.22,0.0038,0.0
GAZP,breakout_ols,1h,Bayesian_TPE,11,1.372,124,8,3,1.1500000000000001,0.7,2,20,True,268.13,0.204,0.201,39.87,220,41.82,True,"{""sampler"":""TPESampler"",""seed"":42,""n_trials"":50,""direction"":""maximize"",""objective"":""composite = Sharpe * (Return% / MaxDD%)""}","{""lookback"":124,""pivot_window"":8,""min_touches"":3,""tolerance_atr_mult"":1.1500000000000001,""cluster_atr_mult"":0.7,""confirmation_bars"":2,""cooldown_bars"":20,""allowshort"":true}",2014-01-01,2024-12-31,2025-01-01,2026-04-20,2014-01-01,2026-04-20,778.0,220.0,92.0,128.0,41.82,89171.09,-43143.9,9.17,220.2,39.87,944408.1500000003,-538712.25,268.13,0.52,0.51,0.0036,0.0,167.0,42.0,21.0,21.0,50.0,62843.21,-28814.79,5.51,132.31,26.9,240194.8999999999,-141764.94000000012,71.46,0.99,1.0,0.0035,0.01,945.0,262.0,113.0,149.0,43.13,112364.88,-51375.13,8.62,206.98,39.87,944408.1500000003,-538712.25,504.23,0.58,0.58,0.0036,0.01
GAZP,breakout_ols,1h,Bayesian_TPE,12,0.275,268,9,5,0.65,0.8,2,16,True,109.29,0.122,0.099,48.57,135,45.19,True,"{""sampler"":""TPESampler"",""seed"":42,""n_trials"":50,""direction"":""maximize"",""objective"":""composite = Sharpe * (Return% / MaxDD%)""}","{""lookback"":268,""pivot_window"":9,""min_touches"":5,""tolerance_atr_mult"":0.65,""cluster_atr_mult"":0.8,""confirmation_bars"":2,""cooldown_bars"":16,""allowshort"":true}",2014-01-01,2024-12-31,2025-01-01,2026-04-20,2014-01-01,2026-04-20,658.0,135.0,61.0,73.0,45.19,85983.27,-56877.21,14.69,352.58,48.57,642025.4399999998,-818285.6500000001,109.29,0.31,0.25,0.004,0.0,136.0,26.0,10.0,16.0,38.46,65710.76,-24843.13,8.8,211.23,17.32,189578.87999999986,-62271.40000000012,25.96,0.48,0.47,0.0034,0.01,794.0,161.0,71.0,89.0,44.1,92433.5,-55844.72,13.83,331.82,48.57,642025.4399999998,-818285.6500000001,159.26,0.33,0.28,0.0039,0.0
GAZP,breakout_ols,1h,Bayesian_TPE,13,0.744,203,5,3,0.6000000000000001,0.6000000000000001,3,10,True,199.02,0.177,0.166,47.34,269,36.8,True,"{""sampler"":""TPESampler"",""seed"":42,""n_trials"":50,""direction"":""maximize"",""objective"":""composite = Sharpe * (Return% / MaxDD%)""}","{""lookback"":203,""pivot_window"":5,""min_touches"":3,""tolerance_atr_mult"":0.6000000000000001,""cluster_atr_mult"":0.6000000000000001,""confirmation_bars"":3,""cooldown_bars"":10,""allowshort"":true}",2014-01-01,2024-12-31,2025-01-01,2026-04-20,2014-01-01,2026-04-20,1205.0,269.0,99.0,169.0,36.8,68521.57,-28363.55,7.35,176.48,47.34,898901.5700000002,-1033086.5999999999,199.02,0.45,0.42,0.0036,0.0,248.0,52.0,19.0,33.0,36.54,54105.75,-18582.72,4.55,109.21,25.71,258865.50000000003,-84752.50000000004,41.48,0.65,0.66,0.0036,0.01,1453.0,321.0,118.0,202.0,36.76,81887.22,-32515.86,6.91,165.85,47.34,898901.5700000002,-1033086.5999999999,309.45,0.48,0.45,0.0036,0.0
GAZP,breakout_ols,1h,Bayesian_TPE,14,2.201,145,7,2,0.9000000000000001,0.3,2,17,True,324.3,0.222,0.215,32.71,273,42.49,True,"{""sampler"":""TPESampler"",""seed"":42,""n_trials"":50,""direction"":""maximize"",""objective"":""composite = Sharpe * (Return% / MaxDD%)""}","{""lookback"":145,""pivot_window"":7,""min_touches"":2,""tolerance_atr_mult"":0.9000000000000001,""cluster_atr_mult"":0.3,""confirmation_bars"":2,""cooldown_bars"":17,""allowshort"":true}",2014-01-01,2024-12-31,2025-01-01,2026-04-20,2014-01-01,2026-04-20,1023.0,273.0,116.0,157.0,42.49,76210.75,-35652.77,7.2,172.78,32.71,1089275.8499999999,-320560.86000000004,324.3,0.57,0.55,0.0037,0.01,224.0,57.0,18.0,38.0,31.58,53088.54,-20949.0,4.05,97.26,34.0,222942.5,-139313.16000000006,15.95,0.32,0.32,0.0036,0.0,1247.0,330.0,134.0,195.0,40.61,96232.33,-46027.21,6.66,159.73,34.01,1089275.8499999999,-591172.0400000003,391.98,0.53,0.51,0.0036,0.01
GAZP,breakout_ols,1h,Bayesian_TPE,15,3.844,193,10,3,1.2,0.6000000000000001,1,13,True,473.48,0.254,0.24,31.29,185,42.16,True,"{""sampler"":""TPESampler"",""seed"":42,""n_trials"":50,""direction"":""maximize"",""objective"":""composite = Sharpe * (Return% / MaxDD%)""}","{""lookback"":193,""pivot_window"":10,""min_touches"":3,""tolerance_atr_mult"":1.2,""cluster_atr_mult"":0.6000000000000001,""confirmation_bars"":1,""cooldown_bars"":13,""allowshort"":true}",2014-01-01,2024-12-31,2025-01-01,2026-04-20,2014-01-01,2026-04-20,895.0,185.0,78.0,106.0,42.16,130002.87,-50994.12,10.67,256.18,31.29,1175063.76,-591121.4999999999,473.48,0.65,0.61,0.0038,0.01,187.0,35.0,17.0,18.0,48.57,57457.18,-29299.86,6.23,149.57,20.34,250586.80000000002,-115310.99999999988,44.94,0.72,0.7,0.0034,0.01,1082.0,219.0,94.0,124.0,42.92,164569.19,-67397.99,10.07,241.79,31.29,1402600.48,-645418.5999999994,711.22,0.65,0.62,0.0038,0.01
GAZP,breakout_ols,1h,Bayesian_TPE,16,1.956,189,10,3,1.2,1.2,3,12,True,294.55,0.215,0.209,32.38,180,40.56,True,"{""sampler"":""TPESampler"",""seed"":42,""n_trials"":50,""direction"":""maximize"",""objective"":""composite = Sharpe * (Return% / MaxDD%)""}","{""lookback"":189,""pivot_window"":10,""min_touches"":3,""tolerance_atr_mult"":1.2,""cluster_atr_mult"":1.2,""confirmation_bars"":3,""cooldown_bars"":12,""allowshort"":true}",2014-01-01,2024-12-31,2025-01-01,2026-04-20,2014-01-01,2026-04-20,832.0,180.0,73.0,107.0,40.56,106006.25,-44794.14,11.34,272.25,32.38,843557.1600000003,-252050.74999999983,294.55,0.55,0.53,0.0036,0.01,172.0,36.0,17.0,19.0,47.22,56844.99,-30472.18,6.39,153.44,16.56,254443.86000000002,-61293.75,38.74,0.65,0.64,0.0034,0.01,1004.0,215.0,89.0,126.0,41.4,129004.97,-56006.25,10.63,255.16,32.38,994894.56,-252050.74999999983,442.47,0.56,0.55,0.0036,0.01
GAZP,breakout_ols,1h,Bayesian_TPE,17,0.984,151,4,5,1.0,0.7,2,7,True,244.77,0.187,0.174,46.52,258,43.41,True,"{""sampler"":""TPESampler"",""seed"":42,""n_trials"":50,""direction"":""maximize"",""objective"":""composite = Sharpe * (Return% / MaxDD%)""}","{""lookback"":151,""pivot_window"":4,""min_touches"":5,""tolerance_atr_mult"":1.0,""cluster_atr_mult"":0.7,""confirmation_bars"":2,""cooldown_bars"":7,""allowshort"":true}",2014-01-01,2024-12-31,2025-01-01,2026-04-20,2014-01-01,2026-04-20,1273.0,258.0,112.0,146.0,43.41,84017.18,-47686.64,8.0,191.99,46.52,1203619.7100000002,-711175.6200000003,244.77,0.48,0.44,0.0039,0.0,269.0,52.0,22.0,30.0,42.31,49498.06,-20519.14,4.27,102.56,27.82,252839.99999999997,-109092.06000000003,47.34,0.73,0.71,0.0035,0.01,1542.0,310.0,134.0,176.0,43.23,98242.33,-51617.35,7.37,176.99,46.52,1203619.7100000002,-711175.6200000003,407.98,0.52,0.48,0.0038,0.0
GAZP,breakout_ols,1h,Bayesian_TPE,18,1.387,253,10,3,0.5,0.9000000000000001,2,13,False,224.32,0.19,0.191,30.73,177,39.55,False,"{""sampler"":""TPESampler"",""seed"":42,""n_trials"":50,""direction"":""maximize"",""objective"":""composite = Sharpe * (Return% / MaxDD%)""}","{""lookback"":253,""pivot_window"":10,""min_touches"":3,""tolerance_atr_mult"":0.5,""cluster_atr_mult"":0.9000000000000001,""confirmation_bars"":2,""cooldown_bars"":13,""allowshort"":false}",2014-01-01,2024-12-31,2025-01-01,2026-04-20,2014-01-01,2026-04-20,843.0,177.0,70.0,107.0,39.55,89667.58,-37696.11,11.47,275.19,30.73,820570.7600000001,-353940.3000000002,224.32,0.49,0.49,0.0035,0.01,181.0,34.0,15.0,19.0,44.12,57705.19,-23567.48,7.16,171.85,15.51,228969.59999999992,-62643.48999999999,41.78,0.68,0.68,0.0035,0.02,1024.0,210.0,84.0,126.0,40.0,106520.86,-43278.35,10.89,261.32,30.73,820570.7600000001,-353940.3000000002,349.47,0.51,0.51,0.0035,0.01
GAZP,breakout_ols,1h,Bayesian_TPE,19,1.137,132,7,4,0.3,0.6000000000000001,1,14,True,211.14,0.178,0.175,33.06,241,41.49,True,"{""sampler"":""TPESampler"",""seed"":42,""n_trials"":50,""direction"":""maximize"",""objective"":""composite = Sharpe * (Return% / MaxDD%)""}","{""lookback"":132,""pivot_window"":7,""min_touches"":4,""tolerance_atr_mult"":0.3,""cluster_atr_mult"":0.6000000000000001,""confirmation_bars"":1,""cooldown_bars"":14,""allowshort"":true}",2014-01-01,2024-12-31,2025-01-01,2026-04-20,2014-01-01,2026-04-20,977.0,241.0,100.0,141.0,41.49,77468.56,-39967.5,8.39,201.32,33.06,914001.2000000002,-346608.01999999996,211.14,0.46,0.45,0.0037,0.01,205.0,51.0,19.0,32.0,37.25,61432.69,-27019.98,4.56,109.47,20.33,240092.16000000003,-101865.60000000018,30.26,0.53,0.54,0.0035,0.01,1182.0,292.0,119.0,173.0,40.75,95620.0,-48126.03,7.72,185.28,33.06,914001.2000000002,-346608.01999999996,305.3,0.47,0.46,0.0037,0.01
GAZP,breakout_ols,1h,Bayesian_TPE,20,2.255,183,10,3,1.1,0.55,3,10,True,350.83,0.23,0.222,35.78,158,46.2,True,"{""sampler"":""TPESampler"",""seed"":42,""n_trials"":50,""direction"":""maximize"",""objective"":""composite = Sharpe * (Return% / MaxDD%)""}","{""lookback"":183,""pivot_window"":10,""min_touches"":3,""tolerance_atr_mult"":1.1,""cluster_atr_mult"":0.55,""confirmation_bars"":3,""cooldown_bars"":10,""allowshort"":true}",2014-01-01,2024-12-31,2025-01-01,2026-04-20,2014-01-01,2026-04-20,752.0,158.0,73.0,85.0,46.2,121614.81,-63172.0,13.09,314.18,35.78,796866.98,-316564.49999999977,350.83,0.59,0.57,0.0037,0.01,156.0,30.0,13.0,17.0,43.33,87109.55,-31277.25,7.64,183.33,16.05,254443.86000000002,-69441.75,60.07,0.9,0.91,0.0034,0.02,908.0,187.0,85.0,102.0,45.45,163490.25,-75933.46,12.36,296.63,35.78,1136805.4500000002,-316564.49999999977,615.15,0.63,0.61,0.0036,0.01
GAZP,breakout_ols,1h,Bayesian_TPE,21,2.549,202,8,2,0.75,0.5,1,18,True,358.72,0.221,0.194,31.1,291,41.58,True,"{""sampler"":""TPESampler"",""seed"":42,""n_trials"":50,""direction"":""maximize"",""objective"":""composite = Sharpe * (Return% / MaxDD%)""}","{""lookback"":202,""pivot_window"":8,""min_touches"":2,""tolerance_atr_mult"":0.75,""cluster_atr_mult"":0.5,""confirmation_bars"":1,""cooldown_bars"":18,""allowshort"":true}",2014-01-01,2024-12-31,2025-01-01,2026-04-20,2014-01-01,2026-04-20,1164.0,291.0,121.0,170.0,41.58,107305.7,-55274.98,6.98,167.63,31.1,1378762.3199999996,-1001686.9000000001,358.72,0.56,0.49,0.0039,0.01,243.0,60.0,25.0,35.0,41.67,33840.8,-17736.94,3.93,94.42,20.64,207908.8700000001,-53764.65000000009,22.52,0.41,0.42,0.0036,0.01,1407.0,351.0,146.0,205.0,41.6,113635.91,-59280.1,6.47,155.35,31.1,1378762.3199999996,-1001686.9000000001,443.84,0.53,0.47,0.0039,0.01
GAZP,breakout_ols,1h,Bayesian_TPE,22,0.359,205,9,2,0.9000000000000001,0.7,1,15,True,119.94,0.129,0.114,43.13,299,39.13,True,"{""sampler"":""TPESampler"",""seed"":42,""n_trials"":50,""direction"":""maximize"",""objective"":""composite = Sharpe * (Return% / MaxDD%)""}","{""lookback"":205,""pivot_window"":9,""min_touches"":2,""tolerance_atr_mult"":0.9000000000000001,""cluster_atr_mult"":0.7,""confirmation_bars"":1,""cooldown_bars"":15,""allowshort"":true}",2014-01-01,2024-12-31,2025-01-01,2026-04-20,2014-01-01,2026-04-20,1242.0,299.0,117.0,181.0,39.13,56028.95,-29590.84,6.88,165.01,43.13,647125.9599999998,-509557.70000000007,119.94,0.33,0.29,0.004,0.0,258.0,59.0,21.0,37.0,35.59,43646.43,-16336.02,3.9,93.49,19.08,207734.56000000014,-45314.28000000009,31.21,0.54,0.55,0.0035,0.01,1500.0,358.0,138.0,218.0,38.55,60466.5,-30338.51,6.41,153.95,43.13,647125.9599999998,-509557.70000000007,173.06,0.35,0.31,0.0039,0.0
GAZP,breakout_ols,1h,Bayesian_TPE,23,1.088,216,6,2,0.4,0.4,1,18,True,234.26,0.188,0.161,40.49,395,40.25,True,"{""sampler"":""TPESampler"",""seed"":42,""n_trials"":50,""direction"":""maximize"",""objective"":""composite = Sharpe * (Return% / MaxDD%)""}","{""lookback"":216,""pivot_window"":6,""min_touches"":2,""tolerance_atr_mult"":0.4,""cluster_atr_mult"":0.4,""confirmation_bars"":1,""cooldown_bars"":18,""allowshort"":true}",2014-01-01,2024-12-31,2025-01-01,2026-04-20,2014-01-01,2026-04-20,1353.0,395.0,159.0,236.0,40.25,54380.72,-26711.55,4.97,119.2,40.49,740093.6399999998,-523823.2500000001,234.26,0.48,0.41,0.0037,0.0,282.0,85.0,29.0,56.0,34.12,27923.43,-14410.33,2.61,62.67,29.69,243895.20000000004,-106854.48000000005,0.28,0.07,0.07,0.0034,0.0,1635.0,479.0,188.0,291.0,39.25,58963.16,-30424.19,4.57,109.77,40.49,786064.0000000001,-523823.2500000001,223.16,0.4,0.35,0.0037,0.0
GAZP,breakout_ols,1h,Bayesian_TPE,24,4.425,192,8,3,1.2,0.65,1,7,True,483.61,0.264,0.251,28.85,224,42.86,True,"{""sampler"":""TPESampler"",""seed"":42,""n_trials"":50,""direction"":""maximize"",""objective"":""composite = Sharpe * (Return% / MaxDD%)""}","{""lookback"":192,""pivot_window"":8,""min_touches"":3,""tolerance_atr_mult"":1.2,""cluster_atr_mult"":0.65,""confirmation_bars"":1,""cooldown_bars"":7,""allowshort"":true}",2014-01-01,2024-12-31,2025-01-01,2026-04-20,2014-01-01,2026-04-20,1277.0,224.0,96.0,128.0,42.86,121869.91,-53620.72,8.68,208.25,28.85,1598315.1599999997,-770288.83,483.61,0.67,0.64,0.0037,0.01,260.0,46.0,21.0,25.0,45.65,41645.36,-22903.91,4.54,108.85,28.45,204110.80000000005,-137206.40000000005,30.2,0.53,0.51,0.0035,0.01,1537.0,270.0,117.0,153.0,43.33,138830.84,-65582.42,8.01,192.27,28.85,1598315.1599999997,-770288.83,620.91,0.63,0.6,0.0036,0.01
GAZP,breakout_ols,1h,Bayesian_TPE,25,1.093,180,11,3,1.2,0.65,1,7,True,268.1,0.19,0.164,46.59,188,43.09,True,"{""sampler"":""TPESampler"",""seed"":42,""n_trials"":50,""direction"":""maximize"",""objective"":""composite = Sharpe * (Return% / MaxDD%)""}","{""lookback"":180,""pivot_window"":11,""min_touches"":3,""tolerance_atr_mult"":1.2,""cluster_atr_mult"":0.65,""confirmation_bars"":1,""cooldown_bars"":7,""allowshort"":true}",2014-01-01,2024-12-31,2025-01-01,2026-04-20,2014-01-01,2026-04-20,1036.0,188.0,81.0,107.0,43.09,112848.49,-60370.92,10.79,258.97,46.59,793336.0,-887303.6999999998,268.1,0.48,0.42,0.004,0.0,202.0,35.0,20.0,15.0,57.14,61930.38,-41646.18,6.67,160.11,22.42,250586.80000000002,-150062.08000000007,61.39,0.89,0.9,0.0035,0.01,1238.0,222.0,100.0,122.0,45.05,135021.6,-71344.68,10.25,246.01,46.59,900295.64,-887303.6999999998,479.81,0.54,0.47,0.004,0.0
GAZP,breakout_ols,1h,Bayesian_TPE,26,2.862,161,5,3,1.1,0.8500000000000001,2,5,False,389.72,0.244,0.235,33.22,330,40.0,False,"{""sampler"":""TPESampler"",""seed"":42,""n_trials"":50,""direction"":""maximize"",""objective"":""composite = Sharpe * (Return% / MaxDD%)""}","{""lookback"":161,""pivot_window"":5,""min_touches"":3,""tolerance_atr_mult"":1.1,""cluster_atr_mult"":0.8500000000000001,""confirmation_bars"":2,""cooldown_bars"":5,""allowshort"":false}",2014-01-01,2024-12-31,2025-01-01,2026-04-20,2014-01-01,2026-04-20,1717.0,330.0,132.0,198.0,40.0,81105.79,-34387.63,5.89,141.35,33.22,1298629.7999999998,-327752.1000000002,389.72,0.62,0.6,0.0036,0.01,327.0,61.0,27.0,34.0,44.26,42590.32,-21359.32,3.7,88.89,29.96,253041.59999999995,-190095.44000000003,42.37,0.68,0.67,0.0035,0.01,2044.0,391.0,159.0,232.0,40.66,102752.67,-44678.38,5.55,133.17,33.22,1298629.7999999998,-931037.7000000002,597.23,0.63,0.61,0.0036,0.01
GAZP,breakout_ols,1h,Bayesian_TPE,27,1.074,260,7,4,1.0,0.75,2,11,True,220.91,0.186,0.172,38.26,193,36.79,True,"{""sampler"":""TPESampler"",""seed"":42,""n_trials"":50,""direction"":""maximize"",""objective"":""composite = Sharpe * (Return% / MaxDD%)""}","{""lookback"":260,""pivot_window"":7,""min_touches"":4,""tolerance_atr_mult"":1.0,""cluster_atr_mult"":0.75,""confirmation_bars"":2,""cooldown_bars"":11,""allowshort"":true}",2014-01-01,2024-12-31,2025-01-01,2026-04-20,2014-01-01,2026-04-20,928.0,193.0,71.0,122.0,36.79,100891.29,-40608.35,10.14,243.42,38.26,975740.9799999999,-1116590.0200000003,220.91,0.47,0.44,0.0036,0.0,201.0,40.0,16.0,24.0,40.0,49871.54,-25459.63,6.12,146.78,20.87,219920.57999999996,-131045.50000000004,18.69,0.36,0.37,0.0036,0.01,1129.0,232.0,86.0,146.0,37.07,111558.15,-47061.12,9.55,229.21,38.26,975740.9799999999,-1116590.0200000003,272.31,0.45,0.42,0.0036,0.0
GAZP,breakout_ols,1h,Bayesian_TPE,28,2.38,190,4,3,1.1,0.55,1,8,True,387.76,0.233,0.203,37.96,441,36.73,True,"{""sampler"":""TPESampler"",""seed"":42,""n_trials"":50,""direction"":""maximize"",""objective"":""composite = Sharpe * (Return% / MaxDD%)""}","{""lookback"":190,""pivot_window"":4,""min_touches"":3,""tolerance_atr_mult"":1.1,""cluster_atr_mult"":0.55,""confirmation_bars"":1,""cooldown_bars"":8,""allowshort"":true}",2014-01-01,2024-12-31,2025-01-01,2026-04-20,2014-01-01,2026-04-20,1883.0,441.0,162.0,279.0,36.73,68375.59,-25803.92,4.5,108.01,37.96,967979.68,-720723.0,387.76,0.59,0.52,0.0038,0.01,396.0,93.0,31.0,62.0,33.33,31509.67,-13665.05,2.58,61.82,36.12,196308.05000000005,-128217.60000000006,12.96,0.27,0.27,0.0037,0.0,2279.0,534.0,193.0,341.0,36.14,79520.18,-32610.39,4.19,100.45,37.96,967979.68,-720723.0,422.73,0.53,0.47,0.0038,0.01
GAZP,breakout_ols,1h,Bayesian_TPE,29,1.286,169,12,4,1.2,0.95,1,5,True,259.69,0.21,0.213,42.41,137,43.8,True,"{""sampler"":""TPESampler"",""seed"":42,""n_trials"":50,""direction"":""maximize"",""objective"":""composite = Sharpe * (Return% / MaxDD%)""}","{""lookback"":169,""pivot_window"":12,""min_touches"":4,""tolerance_atr_mult"":1.2,""cluster_atr_mult"":0.95,""confirmation_bars"":1,""cooldown_bars"":5,""allowshort"":true}",2014-01-01,2024-12-31,2025-01-01,2026-04-20,2014-01-01,2026-04-20,816.0,137.0,60.0,76.0,43.8,111887.59,-54162.05,14.45,346.78,42.41,787893.9000000001,-761795.8799999997,259.69,0.54,0.54,0.0034,0.0,197.0,34.0,16.0,18.0,47.06,52963.11,-29417.42,7.19,172.44,28.68,215753.6,-91452.06000000011,31.79,0.53,0.53,0.0037,0.01,1013.0,170.0,75.0,94.0,44.12,129355.15,-63871.04,13.16,315.89,42.41,787893.9000000001,-761795.8799999997,369.78,0.53,0.54,0.0035,0.0
GAZP,breakout_ols,1h,Bayesian_TPE,30,2.745,142,11,5,1.0,0.65,1,11,True,268.89,0.228,0.22,22.33,47,59.57,True,"{""sampler"":""TPESampler"",""seed"":42,""n_trials"":50,""direction"":""maximize"",""objective"":""composite = Sharpe * (Return% / MaxDD%)""}","{""lookback"":142,""pivot_window"":11,""min_touches"":5,""tolerance_atr_mult"":1.0,""cluster_atr_mult"":0.65,""confirmation_bars"":1,""cooldown_bars"":11,""allowshort"":true}",2014-01-01,2024-12-31,2025-01-01,2026-04-20,2014-01-01,2026-04-20,267.0,47.0,28.0,19.0,59.57,144580.49,-71542.37,42.97,1031.3,22.33,818311.95,-220887.42000000004,268.89,0.58,0.56,0.0031,0.01,57.0,9.0,4.0,5.0,44.44,6376.43,-65057.8,27.89,669.33,34.72,16717.329999999976,-255133.94999999995,-29.98,-0.54,-0.52,0.0035,-0.01,324.0,56.0,32.0,24.0,57.14,129448.16,-106638.52,40.55,973.12,41.19,818311.95,-941209.4999999998,158.3,0.37,0.36,0.0032,0.0
GAZP,breakout_ols,1h,Bayesian_TPE,31,1.042,210,8,2,0.8500000000000001,0.5,1,13,True,245.9,0.186,0.162,43.88,307,42.67,True,"{""sampler"":""TPESampler"",""seed"":42,""n_trials"":50,""direction"":""maximize"",""objective"":""composite = Sharpe * (Return% / MaxDD%)""}","{""lookback"":210,""pivot_window"":8,""min_touches"":2,""tolerance_atr_mult"":0.8500000000000001,""cluster_atr_mult"":0.5,""confirmation_bars"":1,""cooldown_bars"":13,""allowshort"":true}",2014-01-01,2024-12-31,2025-01-01,2026-04-20,2014-01-01,2026-04-20,1333.0,307.0,131.0,176.0,42.67,81600.55,-46765.23,6.58,157.96,43.88,1127219.5999999999,-912349.7000000002,245.9,0.47,0.41,0.0039,0.0,291.0,61.0,22.0,39.0,36.07,48833.74,-18709.63,3.83,91.97,23.28,270172.80000000005,-55874.7300000001,34.47,0.58,0.6,0.0035,0.01,1624.0,368.0,153.0,215.0,41.58,92638.6,-49642.02,6.14,147.25,43.88,1127219.5999999999,-912349.7000000002,350.07,0.48,0.43,0.0039,0.0
GAZP,breakout_ols,1h,Bayesian_TPE,32,2.681,238,9,3,0.75,0.45,1,7,True,384.67,0.245,0.247,35.15,189,47.62,True,"{""sampler"":""TPESampler"",""seed"":42,""n_trials"":50,""direction"":""maximize"",""objective"":""composite = Sharpe * (Return% / MaxDD%)""}","{""lookback"":238,""pivot_window"":9,""min_touches"":3,""tolerance_atr_mult"":0.75,""cluster_atr_mult"":0.45,""confirmation_bars"":1,""cooldown_bars"":7,""allowshort"":true}",2014-01-01,2024-12-31,2025-01-01,2026-04-20,2014-01-01,2026-04-20,1086.0,189.0,90.0,99.0,47.62,107428.75,-58807.26,10.76,258.16,35.15,1343429.6400000001,-631409.5799999998,384.67,0.62,0.63,0.0036,0.01,244.0,38.0,18.0,20.0,47.37,50966.69,-24951.39,6.44,154.47,19.25,241033.65000000005,-63777.77999999998,41.84,0.67,0.67,0.0035,0.01,1330.0,226.0,107.0,119.0,47.35,129828.71,-68760.53,10.14,243.31,35.15,1343429.6400000001,-631409.5799999998,570.92,0.62,0.63,0.0036,0.01
GAZP,breakout_ols,1h,Bayesian_TPE,33,3.829,194,8,4,0.65,0.35,1,4,True,455.06,0.262,0.262,31.14,160,45.62,True,"{""sampler"":""TPESampler"",""seed"":42,""n_trials"":50,""direction"":""maximize"",""objective"":""composite = Sharpe * (Return% / MaxDD%)""}","{""lookback"":194,""pivot_window"":8,""min_touches"":4,""tolerance_atr_mult"":0.65,""cluster_atr_mult"":0.35,""confirmation_bars"":1,""cooldown_bars"":4,""allowshort"":true}",2014-01-01,2024-12-31,2025-01-01,2026-04-20,2014-01-01,2026-04-20,1166.0,160.0,73.0,87.0,45.62,156089.61,-78665.69,12.45,298.9,31.14,1516745.8799999997,-595509.6200000001,455.06,0.67,0.67,0.0036,0.01,245.0,34.0,17.0,17.0,50.0,51567.29,-37083.94,6.49,155.74,25.13,202463.60000000003,-142396.16000000006,24.62,0.45,0.43,0.0035,0.01,1411.0,193.0,89.0,104.0,46.11,179890.44,-98646.96,11.54,276.91,31.14,1516745.8799999997,-771442.5600000004,575.1,0.62,0.62,0.0036,0.01
GAZP,breakout_ols,1h,Bayesian_TPE,34,3.928,191,7,4,0.6000000000000001,0.35,1,3,True,462.28,0.26,0.254,30.6,181,46.96,True,"{""sampler"":""TPESampler"",""seed"":42,""n_trials"":50,""direction"":""maximize"",""objective"":""composite = Sharpe * (Return% / MaxDD%)""}","{""lookback"":191,""pivot_window"":7,""min_touches"":4,""tolerance_atr_mult"":0.6000000000000001,""cluster_atr_mult"":0.35,""confirmation_bars"":1,""cooldown_bars"":3,""allowshort"":true}",2014-01-01,2024-12-31,2025-01-01,2026-04-20,2014-01-01,2026-04-20,1335.0,181.0,85.0,96.0,46.96,124230.08,-61841.61,11.15,267.64,30.6,1236552.7199999997,-702495.5600000002,462.28,0.66,0.65,0.0037,0.01,271.0,38.0,17.0,21.0,44.74,51112.6,-30699.4,5.69,136.47,28.06,172272.38999999998,-136816.32000000007,22.42,0.42,0.4,0.0034,0.01,1606.0,218.0,101.0,117.0,46.33,150424.5,-80980.76,10.31,247.49,30.6,1236552.7199999997,-750819.2000000003,571.81,0.61,0.6,0.0036,0.01
GAZP,breakout_ols,1h,Bayesian_TPE,35,7.909,176,6,4,0.55,0.55,1,3,True,943.24,0.341,0.333,40.67,221,42.53,True,"{""sampler"":""TPESampler"",""seed"":42,""n_trials"":50,""direction"":""maximize"",""objective"":""composite = Sharpe * (Return% / MaxDD%)""}","{""lookback"":176,""pivot_window"":6,""min_touches"":4,""tolerance_atr_mult"":0.55,""cluster_atr_mult"":0.55,""confirmation_bars"":1,""cooldown_bars"":3,""allowshort"":true}",2014-01-01,2024-12-31,2025-01-01,2026-04-20,2014-01-01,2026-04-20,1569.0,221.0,94.0,127.0,42.53,198644.92,-72757.39,9.01,216.13,40.67,2201843.5399999996,-883545.6,943.24,0.87,0.85,0.0037,0.01,328.0,51.0,18.0,33.0,35.29,58578.8,-23650.31,4.52,108.49,31.58,227108.69999999987,-168009.9999999999,27.4,0.49,0.47,0.0035,0.01,1897.0,271.0,111.0,160.0,40.96,262686.67,-107419.05,8.24,197.86,40.67,2312573.8999999985,-1710797.5999999992,1197.12,0.8,0.78,0.0037,0.01
GAZP,breakout_ols,1h,Bayesian_TPE,36,4.482,158,6,4,0.55,0.35,1,3,False,581.2,0.285,0.282,36.96,208,50.48,False,"{""sampler"":""TPESampler"",""seed"":42,""n_trials"":50,""direction"":""maximize"",""objective"":""composite = Sharpe * (Return% / MaxDD%)""}","{""lookback"":158,""pivot_window"":6,""min_touches"":4,""tolerance_atr_mult"":0.55,""cluster_atr_mult"":0.35,""confirmation_bars"":1,""cooldown_bars"":3,""allowshort"":false}",2014-01-01,2024-12-31,2025-01-01,2026-04-20,2014-01-01,2026-04-20,1431.0,208.0,105.0,103.0,50.48,137218.05,-83455.74,9.5,228.02,36.96,1841347.1999999997,-822889.8300000001,581.2,0.73,0.72,0.0037,0.01,299.0,49.0,19.0,30.0,38.78,55875.82,-24121.54,4.48,107.53,28.18,230866.34999999986,-159858.6299999999,33.8,0.57,0.55,0.0035,0.01,1730.0,257.0,124.0,133.0,48.25,174517.22,-101696.57,8.54,205.05,36.96,1841347.1999999997,-1088971.0199999993,811.45,0.7,0.69,0.0036,0.01
GAZP,breakout_ols,1h,Bayesian_TPE,37,1.142,159,4,4,0.4,0.45,1,3,False,276.13,0.2,0.187,48.34,316,40.51,False,"{""sampler"":""TPESampler"",""seed"":42,""n_trials"":50,""direction"":""maximize"",""objective"":""composite = Sharpe * (Return% / MaxDD%)""}","{""lookback"":159,""pivot_window"":4,""min_touches"":4,""tolerance_atr_mult"":0.4,""cluster_atr_mult"":0.45,""confirmation_bars"":1,""cooldown_bars"":3,""allowshort"":false}",2014-01-01,2024-12-31,2025-01-01,2026-04-20,2014-01-01,2026-04-20,1938.0,316.0,128.0,188.0,40.51,67663.06,-31380.74,6.36,152.63,48.34,911032.1100000001,-342584.6899999999,276.13,0.51,0.48,0.0038,0.0,401.0,69.0,19.0,50.0,27.54,57639.23,-17505.3,3.13,75.01,34.94,259023.43999999997,-183730.7999999999,21.99,0.41,0.39,0.0035,0.0,2339.0,385.0,147.0,238.0,38.18,86939.76,-38621.28,5.78,138.72,48.34,974312.4299999999,-691123.2499999997,358.83,0.49,0.46,0.0038,0.0
GAZP,breakout_ols,1h,Bayesian_TPE,38,7.076,169,6,5,0.5,0.55,2,5,False,687.89,0.308,0.304,29.94,174,50.57,False,"{""sampler"":""TPESampler"",""seed"":42,""n_trials"":50,""direction"":""maximize"",""objective"":""composite = Sharpe * (Return% / MaxDD%)""}","{""lookback"":169,""pivot_window"":6,""min_touches"":5,""tolerance_atr_mult"":0.5,""cluster_atr_mult"":0.55,""confirmation_bars"":2,""cooldown_bars"":5,""allowshort"":false}",2014-01-01,2024-12-31,2025-01-01,2026-04-20,2014-01-01,2026-04-20,1070.0,174.0,88.0,86.0,50.57,148141.28,-71599.12,11.3,271.11,29.94,1592432.7600000002,-739125.2800000003,687.89,0.79,0.77,0.0036,0.01,201.0,35.0,18.0,17.0,51.43,55690.36,-38156.29,6.78,162.71,29.13,218405.59999999995,-123399.60000000012,35.38,0.58,0.58,0.0036,0.01,1271.0,208.0,105.0,103.0,50.48,199807.45,-109544.79,10.66,255.85,29.94,1725723.2999999996,-975091.4400000009,969.67,0.75,0.74,0.0036,0.01
GAZP,breakout_ols,1h,Bayesian_TPE,39,0.511,118,6,5,0.5,0.55,2,5,False,144.22,0.145,0.142,40.96,206,46.12,False,"{""sampler"":""TPESampler"",""seed"":42,""n_trials"":50,""direction"":""maximize"",""objective"":""composite = Sharpe * (Return% / MaxDD%)""}","{""lookback"":118,""pivot_window"":6,""min_touches"":5,""tolerance_atr_mult"":0.5,""cluster_atr_mult"":0.55,""confirmation_bars"":2,""cooldown_bars"":5,""allowshort"":false}",2014-01-01,2024-12-31,2025-01-01,2026-04-20,2014-01-01,2026-04-20,1040.0,206.0,95.0,111.0,46.12,67643.28,-44899.8,10.29,246.88,40.96,542911.3200000002,-547138.83,144.22,0.37,0.36,0.0038,0.0,215.0,42.0,22.0,20.0,52.38,52537.41,-31040.71,5.18,124.38,17.29,208918.89999999997,-88327.2799999999,53.5,0.81,0.79,0.0035,0.02,1255.0,248.0,117.0,131.0,47.18,79051.38,-49619.17,9.42,226.14,40.96,542911.3200000002,-547138.83,274.89,0.44,0.43,0.0037,0.0
GAZP,breakout_ols,1h,Bayesian_TPE,40,7.95,171,5,5,0.5,0.35,1,4,False,749.2,0.316,0.315,29.78,208,50.0,False,"{""sampler"":""TPESampler"",""seed"":42,""n_trials"":50,""direction"":""maximize"",""objective"":""composite = Sharpe * (Return% / MaxDD%)""}","{""lookback"":171,""pivot_window"":5,""min_touches"":5,""tolerance_atr_mult"":0.5,""cluster_atr_mult"":0.35,""confirmation_bars"":1,""cooldown_bars"":4,""allowshort"":false}",2014-01-01,2024-12-31,2025-01-01,2026-04-20,2014-01-01,2026-04-20,1388.0,208.0,104.0,104.0,50.0,140305.62,-68267.0,9.69,232.52,29.78,1623139.5200000003,-555314.7600000002,749.2,0.81,0.8,0.0036,0.01,262.0,42.0,20.0,22.0,47.62,48158.66,-30864.81,5.29,126.93,29.97,198500.37000000002,-164380.47999999998,28.41,0.5,0.48,0.0035,0.01,1650.0,250.0,124.0,126.0,49.6,183641.81,-102115.04,8.95,214.78,29.97,1685809.35,-1396087.0399999998,990.51,0.75,0.75,0.0036,0.01
GAZP,breakout_ols,1h,Bayesian_TPE,41,10.359,169,5,5,0.5,0.35,1,4,False,907.31,0.34,0.339,29.78,203,50.74,False,"{""sampler"":""TPESampler"",""seed"":42,""n_trials"":50,""direction"":""maximize"",""objective"":""composite = Sharpe * (Return% / MaxDD%)""}","{""lookback"":169,""pivot_window"":5,""min_touches"":5,""tolerance_atr_mult"":0.5,""cluster_atr_mult"":0.35,""confirmation_bars"":1,""cooldown_bars"":4,""allowshort"":false}",2014-01-01,2024-12-31,2025-01-01,2026-04-20,2014-01-01,2026-04-20,1395.0,203.0,103.0,100.0,50.74,165421.33,-79653.22,9.86,236.68,29.78,2064803.6100000003,-602742.1400000002,907.31,0.87,0.86,0.0036,0.01,260.0,42.0,21.0,21.0,50.0,48915.8,-34360.21,5.49,131.74,30.63,229707.24000000005,-177893.7999999999,30.57,0.52,0.51,0.0036,0.01,1655.0,245.0,124.0,121.0,50.61,220858.49,-125901.6,9.11,218.69,30.63,2313910.4100000006,-1791958.999999999,1215.24,0.81,0.8,0.0036,0.01
GAZP,breakout_ols,1h,Bayesian_TPE,42,12.498,176,5,5,0.5,0.35,1,4,False,972.31,0.35,0.34,27.23,203,48.77,False,"{""sampler"":""TPESampler"",""seed"":42,""n_trials"":50,""direction"":""maximize"",""objective"":""composite = Sharpe * (Return% / MaxDD%)""}","{""lookback"":176,""pivot_window"":5,""min_touches"":5,""tolerance_atr_mult"":0.5,""cluster_atr_mult"":0.35,""confirmation_bars"":1,""cooldown_bars"":4,""allowshort"":false}",2014-01-01,2024-12-31,2025-01-01,2026-04-20,2014-01-01,2026-04-20,1365.0,203.0,99.0,103.0,48.77,178714.58,-77375.08,9.64,231.24,27.23,2342012.3999999994,-738291.3999999998,972.31,0.89,0.87,0.0036,0.01,269.0,41.0,22.0,19.0,53.66,55815.83,-36819.5,5.74,137.66,30.73,205933.77000000002,-178580.8999999999,52.84,0.79,0.78,0.0036,0.01,1634.0,244.0,121.0,122.0,49.59,255045.5,-126816.25,8.98,215.52,30.74,2342012.3999999994,-1915085.499999999,1538.89,0.87,0.85,0.0036,0.01
GAZP,breakout_ols,1h,Bayesian_TPE,43,3.301,175,3,5,0.45,0.4,1,4,False,499.83,0.259,0.246,39.22,323,41.18,False,"{""sampler"":""TPESampler"",""seed"":42,""n_trials"":50,""direction"":""maximize"",""objective"":""composite = Sharpe * (Return% / MaxDD%)""}","{""lookback"":175,""pivot_window"":3,""min_touches"":5,""tolerance_atr_mult"":0.45,""cluster_atr_mult"":0.4,""confirmation_bars"":1,""cooldown_bars"":4,""allowshort"":false}",2014-01-01,2024-12-31,2025-01-01,2026-04-20,2014-01-01,2026-04-20,1794.0,323.0,133.0,189.0,41.18,97109.64,-41890.49,6.15,147.65,39.22,1094267.6,-607621.0,499.83,0.66,0.63,0.0038,0.01,359.0,65.0,26.0,39.0,40.0,50162.6,-19337.14,3.33,79.86,22.14,215273.42000000007,-62513.64000000002,55.01,0.83,0.84,0.0035,0.01,2153.0,388.0,159.0,228.0,40.98,130436.21,-54566.69,5.68,136.29,39.22,1291430.3800000004,-607621.0,829.82,0.69,0.66,0.0038,0.01
GAZP,breakout_ols,1h,Bayesian_TPE,44,10.161,167,5,5,0.35,0.3,1,6,False,905.5,0.34,0.338,30.3,204,49.51,False,"{""sampler"":""TPESampler"",""seed"":42,""n_trials"":50,""direction"":""maximize"",""objective"":""composite = Sharpe * (Return% / MaxDD%)""}","{""lookback"":167,""pivot_window"":5,""min_touches"":5,""tolerance_atr_mult"":0.35,""cluster_atr_mult"":0.3,""confirmation_bars"":1,""cooldown_bars"":6,""allowshort"":false}",2014-01-01,2024-12-31,2025-01-01,2026-04-20,2014-01-01,2026-04-20,1270.0,204.0,101.0,103.0,49.51,167789.03,-76618.79,9.77,234.37,30.3,2129478.6900000004,-592020.0000000002,905.5,0.87,0.86,0.0036,0.01,233.0,41.0,19.0,22.0,46.34,53696.44,-31605.6,5.5,131.98,28.18,222953.01000000007,-178769.34999999992,32.49,0.55,0.53,0.0036,0.01,1503.0,245.0,120.0,125.0,48.98,226714.37,-119069.43,9.05,217.23,30.3,2241992.1300000004,-1797638.8499999992,1232.2,0.81,0.81,0.0036,0.01
GAZP,breakout_ols,1h,Bayesian_TPE,45,0.913,134,5,5,0.35,0.3,1,4,False,190.82,0.169,0.165,35.31,251,45.42,False,"{""sampler"":""TPESampler"",""seed"":42,""n_trials"":50,""direction"":""maximize"",""objective"":""composite = Sharpe * (Return% / MaxDD%)""}","{""lookback"":134,""pivot_window"":5,""min_touches"":5,""tolerance_atr_mult"":0.35,""cluster_atr_mult"":0.3,""confirmation_bars"":1,""cooldown_bars"":4,""allowshort"":false}",2014-01-01,2024-12-31,2025-01-01,2026-04-20,2014-01-01,2026-04-20,1472.0,251.0,114.0,137.0,45.42,70222.27,-44504.97,7.77,186.43,35.31,764781.75,-728866.1599999997,190.82,0.43,0.42,0.0037,0.0,263.0,52.0,21.0,31.0,40.38,57796.98,-29029.83,4.33,103.94,25.45,230085.2400000001,-155268.80000000002,31.38,0.54,0.55,0.0035,0.01,1735.0,303.0,135.0,168.0,44.55,85446.54,-51871.71,7.18,172.27,35.31,764781.75,-728866.1599999997,282.08,0.45,0.44,0.0037,0.0
GAZP,breakout_ols,1h,Bayesian_TPE,46,6.29,178,5,5,0.35,0.4,1,6,False,641.77,0.3,0.293,30.61,213,44.13,False,"{""sampler"":""TPESampler"",""seed"":42,""n_trials"":50,""direction"":""maximize"",""objective"":""composite = Sharpe * (Return% / MaxDD%)""}","{""lookback"":178,""pivot_window"":5,""min_touches"":5,""tolerance_atr_mult"":0.35,""cluster_atr_mult"":0.4,""confirmation_bars"":1,""cooldown_bars"":6,""allowshort"":false}",2014-01-01,2024-12-31,2025-01-01,2026-04-20,2014-01-01,2026-04-20,1261.0,213.0,94.0,118.0,44.13,143087.1,-59597.62,9.19,220.62,30.61,1671742.7999999998,-580305.6000000003,641.77,0.77,0.75,0.0036,0.01,258.0,45.0,22.0,23.0,48.89,54031.63,-30972.81,5.13,123.13,30.3,205933.77000000002,-179715.8999999999,47.63,0.74,0.73,0.0035,0.01,1519.0,258.0,116.0,141.0,44.96,191964.82,-87354.11,8.48,203.62,30.61,1671742.7999999998,-1333102.8999999994,995.1,0.76,0.74,0.0036,0.01
GAZP,breakout_ols,1h,Bayesian_TPE,47,0.864,150,4,5,0.45,0.3,1,6,False,242.1,0.181,0.155,50.71,230,48.7,False,"{""sampler"":""TPESampler"",""seed"":42,""n_trials"":50,""direction"":""maximize"",""objective"":""composite = Sharpe * (Return% / MaxDD%)""}","{""lookback"":150,""pivot_window"":4,""min_touches"":5,""tolerance_atr_mult"":0.45,""cluster_atr_mult"":0.3,""confirmation_bars"":1,""cooldown_bars"":6,""allowshort"":false}",2014-01-01,2024-12-31,2025-01-01,2026-04-20,2014-01-01,2026-04-20,1379.0,230.0,112.0,118.0,48.7,84453.05,-59642.01,9.03,216.67,50.71,1034198.9999999999,-647151.7,242.1,0.46,0.39,0.0041,0.0,286.0,53.0,20.0,32.0,37.74,53701.69,-26448.27,4.16,99.91,36.39,230404.32000000007,-161168.34999999992,22.77,0.43,0.41,0.0035,0.0,1665.0,283.0,132.0,150.0,46.64,99493.79,-66221.38,8.12,194.8,50.71,1034198.9999999999,-647151.7,320.0,0.45,0.39,0.004,0.0
GAZP,breakout_ols,1h,Bayesian_TPE,48,5.515,167,3,5,0.55,0.35,1,6,False,650.02,0.296,0.287,34.89,313,42.81,False,"{""sampler"":""TPESampler"",""seed"":42,""n_trials"":50,""direction"":""maximize"",""objective"":""composite = Sharpe * (Return% / MaxDD%)""}","{""lookback"":167,""pivot_window"":3,""min_touches"":5,""tolerance_atr_mult"":0.55,""cluster_atr_mult"":0.35,""confirmation_bars"":1,""cooldown_bars"":6,""allowshort"":false}",2014-01-01,2024-12-31,2025-01-01,2026-04-20,2014-01-01,2026-04-20,1560.0,313.0,134.0,179.0,42.81,117988.21,-52012.52,6.1,146.45,34.89,1785669.5999999996,-691788.3999999999,650.02,0.76,0.73,0.0037,0.01,293.0,58.0,26.0,32.0,44.83,31988.96,-18933.96,3.44,82.48,23.54,166626.83999999988,-81640.79999999996,22.58,0.45,0.43,0.0032,0.01,1853.0,371.0,160.0,211.0,43.13,137804.48,-65662.15,5.69,136.45,34.89,1785669.5999999996,-691788.3999999999,819.4,0.71,0.68,0.0036,0.01
GAZP,breakout_ols,1h,Bayesian_TPE,49,0.942,154,4,5,0.65,0.45,1,3,False,235.02,0.179,0.151,44.66,256,44.53,False,"{""sampler"":""TPESampler"",""seed"":42,""n_trials"":50,""direction"":""maximize"",""objective"":""composite = Sharpe * (Return% / MaxDD%)""}","{""lookback"":154,""pivot_window"":4,""min_touches"":5,""tolerance_atr_mult"":0.65,""cluster_atr_mult"":0.45,""confirmation_bars"":1,""cooldown_bars"":3,""allowshort"":false}",2014-01-01,2024-12-31,2025-01-01,2026-04-20,2014-01-01,2026-04-20,1738.0,256.0,114.0,142.0,44.53,82954.26,-50046.55,7.81,187.38,44.66,1052789.2499999998,-660916.6199999999,235.02,0.46,0.39,0.004,0.0,360.0,61.0,23.0,38.0,37.7,51351.1,-21588.2,3.52,84.46,33.49,260356.84999999998,-186963.59999999992,36.07,0.6,0.58,0.0035,0.01,2098.0,317.0,137.0,180.0,43.22,97910.41,-54750.28,6.98,167.57,44.66,1052789.2499999998,-660916.6199999999,355.87,0.48,0.41,0.0039,0.0
