ticker,strategy_type,timeframe,method,trial_number,composite_score,param_lookback,param_pivot_window,param_min_touches,param_tolerance_atr_mult,param_cluster_atr_mult,param_confirmation_bars,param_cooldown_bars,param_allowshort,metric_return_%,metric_sharpe,metric_sortino,metric_maxdd_%,metric_n_trades,metric_win_rate_%,allowshort,optim_params,params,IS_start,IS_end,OOS_start,OOS_end,FULL_start,FULL_end,IS_Количество сигналов,IS_Количество сделок,IS_Прибыльных сделок,IS_Убыточных сделок,IS_Процент прибыльных сделок,IS_Средняя прибыль,IS_Средний убыток,IS_Среднее время удержания (дней),IS_Среднее время удержания (часов),IS_Макс. просадка (%),IS_Макс. прибыль по сделке,IS_Макс. убыток по сделке,IS_Процент роста,IS_Sharpe,IS_Sortino,IS_Std. return,IS_Reward/Risk,OOS_Количество сигналов,OOS_Количество сделок,OOS_Прибыльных сделок,OOS_Убыточных сделок,OOS_Процент прибыльных сделок,OOS_Средняя прибыль,OOS_Средний убыток,OOS_Среднее время удержания (дней),OOS_Среднее время удержания (часов),OOS_Макс. просадка (%),OOS_Макс. прибыль по сделке,OOS_Макс. убыток по сделке,OOS_Процент роста,OOS_Sharpe,OOS_Sortino,OOS_Std. return,OOS_Reward/Risk,FULL_Количество сигналов,FULL_Количество сделок,FULL_Прибыльных сделок,FULL_Убыточных сделок,FULL_Процент прибыльных сделок,FULL_Средняя прибыль,FULL_Средний убыток,FULL_Среднее время удержания (дней),FULL_Среднее время удержания (часов),FULL_Макс. просадка (%),FULL_Макс. прибыль по сделке,FULL_Макс. убыток по сделке,FULL_Процент роста,FULL_Sharpe,FULL_Sortino,FULL_Std. return,FULL_Reward/Risk
GAZP,breakout_pivot,1D,Bayesian_TPE,0,0.612,175,12,4,0.8500000000000001,0.4,1,4,True,71.58,0.368,0.284,43.01,1,100.0,True,"{""sampler"":""TPESampler"",""seed"":42,""n_trials"":50,""direction"":""maximize"",""objective"":""composite = Sharpe * (Return% / MaxDD%)""}","{""lookback"":175,""pivot_window"":12,""min_touches"":4,""tolerance_atr_mult"":0.8500000000000001,""cluster_atr_mult"":0.4,""confirmation_bars"":1,""cooldown_bars"":4,""allowshort"":true}",2014-01-01,2024-12-31,2025-01-01,2026-04-20,2014-01-01,2026-04-20,15.0,1.0,1.0,0.0,100.0,715809.8,0.0,1270.0,,43.01,715809.8000000002,715809.8000000002,71.58,0.37,0.28,0.0111,0.01,3.0,0.0,0.0,0.0,0.0,0.0,0.0,0.0,,0.0,0.0,0.0,0.0,,,0.0,,18.0,1.0,1.0,0.0,100.0,715809.8,0.0,1270.0,,43.01,715809.8000000002,715809.8000000002,71.58,0.34,0.25,0.0104,0.01
GAZP,breakout_pivot,1D,Bayesian_TPE,1,-0.01,242,3,5,1.05,0.5,1,6,False,-10.77,0.053,0.039,56.63,46,30.43,False,"{""sampler"":""TPESampler"",""seed"":42,""n_trials"":50,""direction"":""maximize"",""objective"":""composite = Sharpe * (Return% / MaxDD%)""}","{""lookback"":242,""pivot_window"":3,""min_touches"":5,""tolerance_atr_mult"":1.05,""cluster_atr_mult"":0.5,""confirmation_bars"":1,""cooldown_bars"":6,""allowshort"":false}",2014-01-01,2024-12-31,2025-01-01,2026-04-20,2014-01-01,2026-04-20,188.0,46.0,14.0,32.0,30.43,106542.26,-49978.63,36.63,,56.63,797214.6000000002,-440094.39,-10.77,0.05,0.04,0.0125,0.0,44.0,13.0,6.0,7.0,46.15,82746.0,-31510.65,17.46,,19.08,316452.27999999997,-56968.15999999988,27.59,0.77,0.89,0.0142,0.06,232.0,58.0,19.0,39.0,32.76,99883.33,-45915.53,33.12,,57.61,797214.6000000002,-440094.39,10.71,0.15,0.11,0.0128,0.0
GAZP,breakout_pivot,1D,Bayesian_TPE,2,0.09,186,5,4,0.4,0.55,2,11,True,25.56,0.209,0.179,59.61,13,23.08,True,"{""sampler"":""TPESampler"",""seed"":42,""n_trials"":50,""direction"":""maximize"",""objective"":""composite = Sharpe * (Return% / MaxDD%)""}","{""lookback"":186,""pivot_window"":5,""min_touches"":4,""tolerance_atr_mult"":0.4,""cluster_atr_mult"":0.55,""confirmation_bars"":2,""cooldown_bars"":11,""allowshort"":true}",2014-01-01,2024-12-31,2025-01-01,2026-04-20,2014-01-01,2026-04-20,53.0,13.0,3.0,9.0,23.08,644587.88,-186458.48,150.77,,59.61,1185643.25,-1192681.05,25.56,0.21,0.18,0.0144,0.01,11.0,4.0,2.0,2.0,50.0,99463.85,-72311.64,73.75,,24.16,194894.9999999999,-105805.70000000008,5.43,0.25,0.38,0.0138,0.01,64.0,16.0,5.0,11.0,31.25,454168.95,-170023.15,142.94,,62.38,1185643.25,-1192681.05,40.06,0.23,0.21,0.0144,0.01
GAZP,breakout_pivot,1D,Bayesian_TPE,3,0.514,203,8,2,0.8500000000000001,0.45,1,20,True,58.5,0.319,0.329,36.32,43,39.53,True,"{""sampler"":""TPESampler"",""seed"":42,""n_trials"":50,""direction"":""maximize"",""objective"":""composite = Sharpe * (Return% / MaxDD%)""}","{""lookback"":203,""pivot_window"":8,""min_touches"":2,""tolerance_atr_mult"":0.8500000000000001,""cluster_atr_mult"":0.45,""confirmation_bars"":1,""cooldown_bars"":20,""allowshort"":true}",2014-01-01,2024-12-31,2025-01-01,2026-04-20,2014-01-01,2026-04-20,124.0,43.0,17.0,26.0,39.53,120240.25,-56119.09,43.0,,36.32,448094.1099999999,-464590.70000000007,58.5,0.32,0.33,0.0118,0.01,23.0,9.0,2.0,7.0,22.22,3341.7,-24048.63,25.33,,24.08,3488.8000000000648,-44296.560000000005,-16.17,-0.51,-0.49,0.0112,-0.02,147.0,51.0,19.0,32.0,37.25,112251.11,-54082.89,41.33,,39.3,448094.1099999999,-464590.70000000007,40.21,0.24,0.24,0.0118,0.01
GAZP,breakout_pivot,1D,Bayesian_TPE,4,-0.009,161,3,4,0.7,0.4,2,3,True,-5.29,0.104,0.088,62.53,24,33.33,True,"{""sampler"":""TPESampler"",""seed"":42,""n_trials"":50,""direction"":""maximize"",""objective"":""composite = Sharpe * (Return% / MaxDD%)""}","{""lookback"":161,""pivot_window"":3,""min_touches"":4,""tolerance_atr_mult"":0.7,""cluster_atr_mult"":0.4,""confirmation_bars"":2,""cooldown_bars"":3,""allowshort"":true}",2014-01-01,2024-12-31,2025-01-01,2026-04-20,2014-01-01,2026-04-20,163.0,24.0,8.0,16.0,33.33,217848.9,-112228.32,83.29,,62.53,1096536.6799999997,-735203.6900000001,-5.29,0.1,0.09,0.0152,0.0,38.0,8.0,3.0,5.0,37.5,100395.94,-57809.85,37.62,,26.7,264067.28,-168385.59999999995,1.21,0.15,0.18,0.0144,0.01,201.0,31.0,10.0,21.0,32.26,202683.13,-98530.43,74.68,,62.53,1096536.6799999997,-735203.6900000001,-4.23,0.11,0.1,0.0152,0.0
GAZP,breakout_pivot,1D,Bayesian_TPE,5,-0.0,233,6,4,0.8,0.45,3,16,True,-22.93,0.001,0.001,58.4,12,33.33,True,"{""sampler"":""TPESampler"",""seed"":42,""n_trials"":50,""direction"":""maximize"",""objective"":""composite = Sharpe * (Return% / MaxDD%)""}","{""lookback"":233,""pivot_window"":6,""min_touches"":4,""tolerance_atr_mult"":0.8,""cluster_atr_mult"":0.45,""confirmation_bars"":3,""cooldown_bars"":16,""allowshort"":true}",2014-01-01,2024-12-31,2025-01-01,2026-04-20,2014-01-01,2026-04-20,48.0,12.0,4.0,8.0,33.33,271050.09,-164185.55,151.33,,58.4,923460.37,-848691.3600000001,-22.93,0.0,0.0,0.0135,0.0,16.0,6.0,1.0,5.0,16.67,249981.97,-64818.13,40.33,,34.62,249981.96999999983,-95893.41999999993,-7.41,-0.1,-0.12,0.0139,-0.0,64.0,18.0,5.0,13.0,27.78,255375.41,-120251.61,114.33,,61.56,923460.37,-848691.3600000001,-28.64,-0.01,-0.01,0.0136,-0.0
GAZP,breakout_pivot,1D,Bayesian_TPE,6,0.079,220,12,2,0.45,0.3,1,9,False,20.35,0.19,0.165,49.04,38,36.84,False,"{""sampler"":""TPESampler"",""seed"":42,""n_trials"":50,""direction"":""maximize"",""objective"":""composite = Sharpe * (Return% / MaxDD%)""}","{""lookback"":220,""pivot_window"":12,""min_touches"":2,""tolerance_atr_mult"":0.45,""cluster_atr_mult"":0.3,""confirmation_bars"":1,""cooldown_bars"":9,""allowshort"":false}",2014-01-01,2024-12-31,2025-01-01,2026-04-20,2014-01-01,2026-04-20,124.0,38.0,14.0,24.0,36.84,123685.51,-63670.22,52.05,,49.04,747603.5700000002,-692686.71,20.35,0.19,0.17,0.0129,0.0,19.0,3.0,2.0,1.0,66.67,21880.89,-42977.04,91.67,,32.29,36844.02000000007,-42977.03999999997,0.08,0.12,0.13,0.0146,0.01,143.0,40.0,15.0,25.0,37.5,122499.04,-63279.84,56.77,,49.96,747603.5700000002,-692686.71,25.55,0.19,0.18,0.0132,0.01
GAZP,breakout_pivot,1D,Bayesian_TPE,7,0.097,171,5,4,0.4,1.05,1,20,True,-46.65,-0.13,-0.112,62.41,19,26.32,True,"{""sampler"":""TPESampler"",""seed"":42,""n_trials"":50,""direction"":""maximize"",""objective"":""composite = Sharpe * (Return% / MaxDD%)""}","{""lookback"":171,""pivot_window"":5,""min_touches"":4,""tolerance_atr_mult"":0.4,""cluster_atr_mult"":1.05,""confirmation_bars"":1,""cooldown_bars"":20,""allowshort"":true}",2014-01-01,2024-12-31,2025-01-01,2026-04-20,2014-01-01,2026-04-20,64.0,19.0,5.0,14.0,26.32,136798.78,-82176.62,105.47,,62.41,352635.36000000004,-542430.04,-46.65,-0.13,-0.11,0.0145,-0.0,12.0,5.0,1.0,4.0,20.0,30041.04,-33874.75,38.8,,21.09,30041.039999999924,-49830.34000000009,-10.55,-0.34,-0.3,0.0101,-0.02,76.0,24.0,6.0,18.0,25.0,142328.65,-69056.25,94.54,,64.04,352635.36000000004,-542430.04,-38.9,-0.05,-0.05,0.0144,-0.0
GAZP,breakout_pivot,1D,Bayesian_TPE,8,-0.015,101,11,4,0.95,1.0,1,9,False,-7.42,0.123,0.111,60.73,2,50.0,False,"{""sampler"":""TPESampler"",""seed"":42,""n_trials"":50,""direction"":""maximize"",""objective"":""composite = Sharpe * (Return% / MaxDD%)""}","{""lookback"":101,""pivot_window"":11,""min_touches"":4,""tolerance_atr_mult"":0.95,""cluster_atr_mult"":1.0,""confirmation_bars"":1,""cooldown_bars"":9,""allowshort"":false}",2014-01-01,2024-12-31,2025-01-01,2026-04-20,2014-01-01,2026-04-20,6.0,2.0,1.0,1.0,50.0,45778.2,-119933.19,1194.5,,60.73,45778.20000000007,-119933.19000000008,-7.42,0.12,0.11,0.0179,0.0,0.0,0.0,0.0,0.0,0.0,0.0,0.0,0.0,,0.0,0.0,0.0,0.0,,,0.0,,6.0,2.0,1.0,1.0,50.0,45778.2,-119933.19,1194.5,,60.73,45778.20000000007,-119933.19000000008,-7.42,0.11,0.1,0.0167,0.0
GAZP,breakout_pivot,1D,Bayesian_TPE,9,0.21,225,6,2,0.55,0.6000000000000001,3,14,True,38.93,0.25,0.222,46.43,52,44.23,True,"{""sampler"":""TPESampler"",""seed"":42,""n_trials"":50,""direction"":""maximize"",""objective"":""composite = Sharpe * (Return% / MaxDD%)""}","{""lookback"":225,""pivot_window"":6,""min_touches"":2,""tolerance_atr_mult"":0.55,""cluster_atr_mult"":0.6000000000000001,""confirmation_bars"":3,""cooldown_bars"":14,""allowshort"":true}",2014-01-01,2024-12-31,2025-01-01,2026-04-20,2014-01-01,2026-04-20,147.0,52.0,23.0,29.0,44.23,96566.39,-63163.45,36.44,,46.43,399014.21,-661980.6000000001,38.93,0.25,0.22,0.0134,0.01,29.0,9.0,5.0,4.0,55.56,53287.95,-52458.66,30.44,,25.95,191673.73000000007,-66378.58999999994,5.66,0.26,0.32,0.0137,0.01,176.0,61.0,28.0,33.0,45.9,90810.3,-64097.55,35.7,,46.43,399014.21,-661980.6000000001,42.75,0.24,0.22,0.0134,0.01
GAZP,breakout_pivot,1D,Bayesian_TPE,10,0.053,289,10,3,1.15,0.8,2,3,False,15.14,0.171,0.127,48.51,17,29.41,False,"{""sampler"":""TPESampler"",""seed"":42,""n_trials"":50,""direction"":""maximize"",""objective"":""composite = Sharpe * (Return% / MaxDD%)""}","{""lookback"":289,""pivot_window"":10,""min_touches"":3,""tolerance_atr_mult"":1.1500000000000001,""cluster_atr_mult"":0.8,""confirmation_bars"":2,""cooldown_bars"":3,""allowshort"":false}",2014-01-01,2024-12-31,2025-01-01,2026-04-20,2014-01-01,2026-04-20,114.0,17.0,5.0,12.0,29.41,237229.22,-86226.14,100.18,,48.51,919849.5,-362470.6,15.14,0.17,0.13,0.0128,0.0,24.0,5.0,1.0,4.0,20.0,4849.46,-49912.59,68.6,,43.45,4849.460000000065,-65944.02000000002,-19.48,-0.37,-0.47,0.0165,-0.01,138.0,21.0,5.0,16.0,23.81,232243.27,-77848.25,98.1,,59.55,919849.5,-362470.6,-8.44,0.08,0.06,0.0134,0.0
GAZP,breakout_pivot,1D,Bayesian_TPE,11,0.961,124,9,3,0.8500000000000001,0.7,1,20,True,99.8,0.422,0.433,43.83,11,45.45,True,"{""sampler"":""TPESampler"",""seed"":42,""n_trials"":50,""direction"":""maximize"",""objective"":""composite = Sharpe * (Return% / MaxDD%)""}","{""lookback"":124,""pivot_window"":9,""min_touches"":3,""tolerance_atr_mult"":0.8500000000000001,""cluster_atr_mult"":0.7,""confirmation_bars"":1,""cooldown_bars"":20,""allowshort"":true}",2014-01-01,2024-12-31,2025-01-01,2026-04-20,2014-01-01,2026-04-20,40.0,11.0,5.0,6.0,45.45,393687.74,-161744.13,176.27,,43.83,1201121.67,-653868.4399999998,99.8,0.42,0.43,0.0123,0.01,7.0,3.0,0.0,3.0,0.0,0.0,-22294.08,31.67,,12.12,-11500.31999999986,-40947.36000000007,-6.69,-0.43,-0.34,0.0056,-0.02,47.0,14.0,4.0,10.0,28.57,472111.51,-115154.64,158.79,,49.58,1201121.67,-653868.4399999998,73.69,0.32,0.33,0.0128,0.01
GAZP,breakout_pivot,1D,Bayesian_TPE,12,0.336,124,9,3,0.65,0.75,1,16,True,50.28,0.289,0.31,43.25,10,30.0,True,"{""sampler"":""TPESampler"",""seed"":42,""n_trials"":50,""direction"":""maximize"",""objective"":""composite = Sharpe * (Return% / MaxDD%)""}","{""lookback"":124,""pivot_window"":9,""min_touches"":3,""tolerance_atr_mult"":0.65,""cluster_atr_mult"":0.75,""confirmation_bars"":1,""cooldown_bars"":16,""allowshort"":true}",2014-01-01,2024-12-31,2025-01-01,2026-04-20,2014-01-01,2026-04-20,33.0,10.0,3.0,7.0,30.0,459231.52,-124984.74,216.9,,43.25,876031.14,-486809.0999999999,50.28,0.29,0.31,0.0121,0.01,5.0,2.0,0.0,2.0,0.0,0.0,-26608.28,22.5,,11.43,-11667.51999999986,-41549.04000000007,-5.32,-0.54,-0.26,0.0037,-0.02,38.0,12.0,2.0,10.0,16.67,658762.09,-103022.48,206.42,,49.8,876031.14,-486809.0999999999,28.73,0.2,0.22,0.0129,0.01
GAZP,breakout_pivot,1D,Bayesian_TPE,13,-0.024,153,12,5,0.95,1.2,2,7,True,-19.88,0.087,0.085,72.51,2,0.0,True,"{""sampler"":""TPESampler"",""seed"":42,""n_trials"":50,""direction"":""maximize"",""objective"":""composite = Sharpe * (Return% / MaxDD%)""}","{""lookback"":153,""pivot_window"":12,""min_touches"":5,""tolerance_atr_mult"":0.95,""cluster_atr_mult"":1.2,""confirmation_bars"":2,""cooldown_bars"":7,""allowshort"":true}",2014-01-01,2024-12-31,2025-01-01,2026-04-20,2014-01-01,2026-04-20,6.0,2.0,0.0,2.0,0.0,0.0,-99379.9,1321.5,,72.51,-93940.97999999992,-104818.81999999998,-19.88,0.09,0.09,0.0189,0.0,1.0,0.0,0.0,0.0,0.0,0.0,0.0,0.0,,0.0,0.0,0.0,0.0,,,0.0,,7.0,2.0,0.0,2.0,0.0,0.0,-142167.88,1455.5,,72.51,-104818.81999999998,-179516.93999999992,-28.43,0.06,0.06,0.0186,0.0
GAZP,breakout_pivot,1D,Bayesian_TPE,14,0.009,135,10,3,1.2,0.65,1,13,True,-29.11,-0.022,-0.016,69.63,12,41.67,True,"{""sampler"":""TPESampler"",""seed"":42,""n_trials"":50,""direction"":""maximize"",""objective"":""composite = Sharpe * (Return% / MaxDD%)""}","{""lookback"":135,""pivot_window"":10,""min_touches"":3,""tolerance_atr_mult"":1.2,""cluster_atr_mult"":0.65,""confirmation_bars"":1,""cooldown_bars"":13,""allowshort"":true}",2014-01-01,2024-12-31,2025-01-01,2026-04-20,2014-01-01,2026-04-20,56.0,12.0,5.0,7.0,41.67,191429.39,-178323.55,146.25,,69.63,757094.73,-576058.86,-29.11,-0.02,-0.02,0.0142,-0.0,8.0,4.0,1.0,3.0,25.0,32867.16,-59224.68,91.0,,34.93,32867.16000000006,-95096.48,-14.48,-0.23,-0.3,0.0165,-0.01,64.0,15.0,5.0,10.0,33.33,190669.27,-131365.04,143.33,,71.01,757094.73,-576058.86,-36.03,-0.03,-0.03,0.0146,-0.0
GAZP,breakout_pivot,1D,Bayesian_TPE,15,-0.019,108,8,3,0.9000000000000001,0.3,2,17,True,-15.93,0.084,0.075,70.78,8,50.0,True,"{""sampler"":""TPESampler"",""seed"":42,""n_trials"":50,""direction"":""maximize"",""objective"":""composite = Sharpe * (Return% / MaxDD%)""}","{""lookback"":108,""pivot_window"":8,""min_touches"":3,""tolerance_atr_mult"":0.9000000000000001,""cluster_atr_mult"":0.3,""confirmation_bars"":2,""cooldown_bars"":17,""allowshort"":true}",2014-01-01,2024-12-31,2025-01-01,2026-04-20,2014-01-01,2026-04-20,40.0,8.0,4.0,4.0,50.0,168172.26,-207989.17,302.88,,70.78,372781.44000000006,-667256.7000000001,-15.93,0.08,0.08,0.0172,0.0,9.0,3.0,1.0,2.0,33.33,185970.33,-33837.56,88.0,,19.92,185970.3299999999,-46507.37999999988,11.83,0.42,0.62,0.0139,0.03,49.0,10.0,4.0,6.0,40.0,223696.9,-148767.61,272.6,,70.78,372781.44000000006,-667256.7000000001,0.22,0.14,0.13,0.0169,0.0
GAZP,breakout_pivot,1D,Bayesian_TPE,16,-0.023,141,10,5,0.6000000000000001,0.8500000000000001,1,7,True,-26.04,0.063,0.061,72.51,2,0.0,True,"{""sampler"":""TPESampler"",""seed"":42,""n_trials"":50,""direction"":""maximize"",""objective"":""composite = Sharpe * (Return% / MaxDD%)""}","{""lookback"":141,""pivot_window"":10,""min_touches"":5,""tolerance_atr_mult"":0.6000000000000001,""cluster_atr_mult"":0.8500000000000001,""confirmation_bars"":1,""cooldown_bars"":7,""allowshort"":true}",2014-01-01,2024-12-31,2025-01-01,2026-04-20,2014-01-01,2026-04-20,7.0,2.0,0.0,2.0,0.0,0.0,-130192.88,1323.0,,72.51,-93490.6499999999,-166895.11999999997,-26.04,0.06,0.06,0.0189,0.0,0.0,0.0,0.0,0.0,0.0,0.0,0.0,0.0,,0.0,0.0,0.0,0.0,,,0.0,,7.0,2.0,0.0,2.0,0.0,0.0,-150579.73,1560.5,,72.51,-134264.34999999992,-166895.11999999997,-30.12,0.06,0.06,0.0189,0.0
GAZP,breakout_pivot,1D,Bayesian_TPE,17,0.117,268,11,3,0.75,0.9000000000000001,3,18,True,-48.18,-0.154,-0.109,63.17,11,27.27,True,"{""sampler"":""TPESampler"",""seed"":42,""n_trials"":50,""direction"":""maximize"",""objective"":""composite = Sharpe * (Return% / MaxDD%)""}","{""lookback"":268,""pivot_window"":11,""min_touches"":3,""tolerance_atr_mult"":0.75,""cluster_atr_mult"":0.9000000000000001,""confirmation_bars"":3,""cooldown_bars"":18,""allowshort"":true}",2014-01-01,2024-12-31,2025-01-01,2026-04-20,2014-01-01,2026-04-20,45.0,11.0,3.0,7.0,27.27,47688.16,-89265.48,163.27,,63.17,63984.599999999984,-199750.05,-48.18,-0.15,-0.11,0.0139,-0.0,15.0,5.0,0.0,5.0,0.0,0.0,-58955.77,64.6,,47.5,-6936.29999999995,-120233.18999999994,-29.48,-0.7,-0.86,0.0161,-0.02,60.0,15.0,3.0,12.0,20.0,47688.16,-63311.82,143.6,,73.85,63984.599999999984,-199750.05,-61.67,-0.22,-0.17,0.0143,-0.0
GAZP,breakout_pivot,1D,Bayesian_TPE,18,0.021,187,9,3,1.05,0.65,2,13,False,-34.71,-0.041,-0.035,66.74,20,25.0,False,"{""sampler"":""TPESampler"",""seed"":42,""n_trials"":50,""direction"":""maximize"",""objective"":""composite = Sharpe * (Return% / MaxDD%)""}","{""lookback"":187,""pivot_window"":9,""min_touches"":3,""tolerance_atr_mult"":1.05,""cluster_atr_mult"":0.65,""confirmation_bars"":2,""cooldown_bars"":13,""allowshort"":false}",2014-01-01,2024-12-31,2025-01-01,2026-04-20,2014-01-01,2026-04-20,64.0,20.0,5.0,15.0,25.0,198438.17,-89283.39,106.5,,66.74,745115.3800000001,-462560.72,-34.71,-0.04,-0.04,0.015,-0.0,13.0,4.0,1.0,3.0,25.0,1470.24,-72755.28,78.75,,41.08,1470.2400000000555,-128084.00000000004,-21.68,-0.46,-0.56,0.0159,-0.02,77.0,23.0,5.0,18.0,21.74,195188.89,-79716.77,107.7,,70.51,745115.3800000001,-462560.72,-45.9,-0.08,-0.07,0.0152,-0.0
GAZP,breakout_pivot,1D,Bayesian_TPE,19,0.276,131,7,4,0.3,0.7,1,10,True,-30.96,-0.339,-0.217,37.96,5,20.0,True,"{""sampler"":""TPESampler"",""seed"":42,""n_trials"":50,""direction"":""maximize"",""objective"":""composite = Sharpe * (Return% / MaxDD%)""}","{""lookback"":131,""pivot_window"":7,""min_touches"":4,""tolerance_atr_mult"":0.3,""cluster_atr_mult"":0.7,""confirmation_bars"":1,""cooldown_bars"":10,""allowshort"":true}",2014-01-01,2024-12-31,2025-01-01,2026-04-20,2014-01-01,2026-04-20,17.0,5.0,1.0,4.0,20.0,4869.2,-78607.52,135.2,,37.96,4869.199999999988,-97353.02000000014,-30.96,-0.34,-0.22,0.0056,-0.0,4.0,1.0,0.0,1.0,0.0,0.0,-48346.74,44.0,,9.67,-48346.739999999896,-48346.739999999896,-4.83,-0.5,-0.23,0.0036,-0.02,21.0,6.0,1.0,5.0,16.67,4869.2,-69561.01,120.0,,41.48,4869.199999999988,-97353.02000000014,-34.29,-0.35,-0.22,0.0053,-0.0
GAZP,breakout_pivot,1D,Bayesian_TPE,20,0.006,170,12,5,1.05,0.35,1,5,True,2.46,0.151,0.124,60.72,1,100.0,True,"{""sampler"":""TPESampler"",""seed"":42,""n_trials"":50,""direction"":""maximize"",""objective"":""composite = Sharpe * (Return% / MaxDD%)""}","{""lookback"":170,""pivot_window"":12,""min_touches"":5,""tolerance_atr_mult"":1.05,""cluster_atr_mult"":0.35,""confirmation_bars"":1,""cooldown_bars"":5,""allowshort"":true}",2014-01-01,2024-12-31,2025-01-01,2026-04-20,2014-01-01,2026-04-20,6.0,1.0,1.0,0.0,100.0,24604.92,0.0,2075.0,,60.72,24604.919999999984,24604.919999999984,2.46,0.15,0.12,0.0173,0.0,0.0,0.0,0.0,0.0,0.0,0.0,0.0,0.0,,0.0,0.0,0.0,0.0,,,0.0,,6.0,1.0,1.0,0.0,100.0,24604.92,0.0,2075.0,,60.72,24604.919999999984,24604.919999999984,2.46,0.14,0.11,0.0161,0.0
GAZP,breakout_pivot,1D,Bayesian_TPE,21,0.49,197,8,2,0.8500000000000001,0.45,1,20,True,53.78,0.304,0.313,33.38,45,40.0,True,"{""sampler"":""TPESampler"",""seed"":42,""n_trials"":50,""direction"":""maximize"",""objective"":""composite = Sharpe * (Return% / MaxDD%)""}","{""lookback"":197,""pivot_window"":8,""min_touches"":2,""tolerance_atr_mult"":0.8500000000000001,""cluster_atr_mult"":0.45,""confirmation_bars"":1,""cooldown_bars"":20,""allowshort"":true}",2014-01-01,2024-12-31,2025-01-01,2026-04-20,2014-01-01,2026-04-20,124.0,45.0,18.0,27.0,40.0,105827.24,-50632.54,41.36,,33.38,415567.37999999995,-430866.1000000001,53.78,0.3,0.31,0.0117,0.01,23.0,9.0,2.0,7.0,22.22,3341.7,-24048.63,25.33,,24.08,3488.8000000000648,-44296.560000000005,-16.17,-0.51,-0.49,0.0112,-0.02,147.0,53.0,20.0,33.0,37.74,99546.97,-49410.55,40.0,,36.49,415567.37999999995,-430866.1000000001,36.04,0.22,0.23,0.0118,0.01
GAZP,breakout_pivot,1D,Bayesian_TPE,22,0.03,212,9,2,0.8,0.55,1,18,True,12.07,0.161,0.133,65.22,41,46.34,True,"{""sampler"":""TPESampler"",""seed"":42,""n_trials"":50,""direction"":""maximize"",""objective"":""composite = Sharpe * (Return% / MaxDD%)""}","{""lookback"":212,""pivot_window"":9,""min_touches"":2,""tolerance_atr_mult"":0.8,""cluster_atr_mult"":0.55,""confirmation_bars"":1,""cooldown_bars"":18,""allowshort"":true}",2014-01-01,2024-12-31,2025-01-01,2026-04-20,2014-01-01,2026-04-20,123.0,41.0,19.0,22.0,46.34,134035.73,-110272.73,47.78,,65.22,554309.0700000002,-671841.1799999999,12.07,0.16,0.13,0.0136,0.0,20.0,6.0,1.0,5.0,16.67,3320.55,-26382.04,53.17,,33.37,3320.549999999992,-42452.269999999975,-12.86,-0.22,-0.26,0.0155,-0.01,143.0,46.0,20.0,26.0,43.48,130308.22,-99064.32,50.2,,66.5,554309.0700000002,-671841.1799999999,3.05,0.13,0.11,0.014,0.0
GAZP,breakout_pivot,1D,Bayesian_TPE,23,0.44,247,7,2,0.9000000000000001,0.4,1,20,True,63.15,0.327,0.354,46.93,49,38.78,True,"{""sampler"":""TPESampler"",""seed"":42,""n_trials"":50,""direction"":""maximize"",""objective"":""composite = Sharpe * (Return% / MaxDD%)""}","{""lookback"":247,""pivot_window"":7,""min_touches"":2,""tolerance_atr_mult"":0.9000000000000001,""cluster_atr_mult"":0.4,""confirmation_bars"":1,""cooldown_bars"":20,""allowshort"":true}",2014-01-01,2024-12-31,2025-01-01,2026-04-20,2014-01-01,2026-04-20,132.0,49.0,19.0,30.0,38.78,131407.34,-62175.06,40.43,,46.93,475730.2999999999,-384780.9000000001,63.15,0.33,0.35,0.0122,0.01,25.0,11.0,3.0,8.0,27.27,11088.17,-48649.78,21.27,,37.52,14326.759999999982,-91155.7499999999,-35.59,-1.5,-1.33,0.0106,-0.04,157.0,59.0,21.0,38.0,35.59,124322.72,-66388.1,37.95,,49.49,475730.2999999999,-384780.9000000001,8.8,0.13,0.14,0.0121,0.0
GAZP,breakout_pivot,1D,Bayesian_TPE,24,2.532,199,11,2,0.75,0.5,1,15,True,141.98,0.55,0.654,30.84,32,50.0,True,"{""sampler"":""TPESampler"",""seed"":42,""n_trials"":50,""direction"":""maximize"",""objective"":""composite = Sharpe * (Return% / MaxDD%)""}","{""lookback"":199,""pivot_window"":11,""min_touches"":2,""tolerance_atr_mult"":0.75,""cluster_atr_mult"":0.5,""confirmation_bars"":1,""cooldown_bars"":15,""allowshort"":true}",2014-01-01,2024-12-31,2025-01-01,2026-04-20,2014-01-01,2026-04-20,107.0,32.0,16.0,16.0,50.0,140679.07,-51939.49,59.0,,30.84,462528.0,-118149.81000000014,141.98,0.55,0.65,0.011,0.02,22.0,7.0,1.0,6.0,14.29,3181.9,-28033.35,42.43,,35.42,3181.8999999999924,-70389.20000000003,-16.5,-0.33,-0.39,0.0153,-0.01,129.0,38.0,17.0,21.0,44.74,139938.72,-59376.0,58.32,,35.43,462528.0,-179740.40000000005,113.21,0.42,0.48,0.0117,0.01
GAZP,breakout_pivot,1D,Bayesian_TPE,25,0.047,183,11,3,0.7,0.55,2,14,True,16.38,0.18,0.16,62.2,9,55.56,True,"{""sampler"":""TPESampler"",""seed"":42,""n_trials"":50,""direction"":""maximize"",""objective"":""composite = Sharpe * (Return% / MaxDD%)""}","{""lookback"":183,""pivot_window"":11,""min_touches"":3,""tolerance_atr_mult"":0.7,""cluster_atr_mult"":0.55,""confirmation_bars"":2,""cooldown_bars"":14,""allowshort"":true}",2014-01-01,2024-12-31,2025-01-01,2026-04-20,2014-01-01,2026-04-20,33.0,9.0,5.0,4.0,55.56,307592.14,-343548.97,233.44,,62.2,904416.32,-1130047.29,16.38,0.18,0.16,0.0148,0.0,8.0,3.0,0.0,3.0,0.0,0.0,-63822.49,122.0,,40.5,-1707.4800000000646,-128084.00000000004,-19.15,-0.34,-0.45,0.0172,-0.01,41.0,11.0,4.0,7.0,36.36,376797.21,-215955.3,227.18,,68.75,904416.32,-1130047.29,-0.45,0.12,0.12,0.0152,0.0
GAZP,breakout_pivot,1D,Bayesian_TPE,26,-0.024,113,11,4,0.55,0.7,1,15,False,-15.55,0.094,0.086,60.73,3,33.33,False,"{""sampler"":""TPESampler"",""seed"":42,""n_trials"":50,""direction"":""maximize"",""objective"":""composite = Sharpe * (Return% / MaxDD%)""}","{""lookback"":113,""pivot_window"":11,""min_touches"":4,""tolerance_atr_mult"":0.55,""cluster_atr_mult"":0.7,""confirmation_bars"":1,""cooldown_bars"":15,""allowshort"":false}",2014-01-01,2024-12-31,2025-01-01,2026-04-20,2014-01-01,2026-04-20,7.0,3.0,1.0,2.0,33.33,39828.12,-97651.95,823.0,,60.73,39828.119999999966,-165563.5099999999,-15.55,0.09,0.09,0.018,0.0,0.0,0.0,0.0,0.0,0.0,0.0,0.0,0.0,,0.0,0.0,0.0,0.0,,,0.0,,7.0,3.0,1.0,2.0,33.33,39828.12,-97651.95,823.0,,60.73,39828.119999999966,-165563.5099999999,-15.55,0.09,0.08,0.0168,0.0
GAZP,breakout_pivot,1D,Bayesian_TPE,27,-0.012,151,10,3,0.75,0.6000000000000001,1,11,True,-18.02,0.051,0.043,74.64,12,33.33,True,"{""sampler"":""TPESampler"",""seed"":42,""n_trials"":50,""direction"":""maximize"",""objective"":""composite = Sharpe * (Return% / MaxDD%)""}","{""lookback"":151,""pivot_window"":10,""min_touches"":3,""tolerance_atr_mult"":0.75,""cluster_atr_mult"":0.6000000000000001,""confirmation_bars"":1,""cooldown_bars"":11,""allowshort"":true}",2014-01-01,2024-12-31,2025-01-01,2026-04-20,2014-01-01,2026-04-20,49.0,12.0,4.0,8.0,33.33,408823.59,-226937.34,166.17,,74.64,1069480.74,-808208.0399999999,-18.02,0.05,0.04,0.0153,0.0,11.0,4.0,1.0,3.0,25.0,32326.8,-63726.1,88.5,,36.78,32326.80000000006,-109963.55999999994,-15.89,-0.27,-0.35,0.0165,-0.01,60.0,15.0,4.0,11.0,26.67,407524.23,-173756.17,157.73,,77.41,1069480.74,-808208.0399999999,-28.12,0.02,0.02,0.0155,0.0
GAZP,breakout_pivot,1D,Bayesian_TPE,28,1.571,170,12,2,1.0,0.95,2,18,True,105.46,0.467,0.544,31.35,26,46.15,True,"{""sampler"":""TPESampler"",""seed"":42,""n_trials"":50,""direction"":""maximize"",""objective"":""composite = Sharpe * (Return% / MaxDD%)""}","{""lookback"":170,""pivot_window"":12,""min_touches"":2,""tolerance_atr_mult"":1.0,""cluster_atr_mult"":0.95,""confirmation_bars"":2,""cooldown_bars"":18,""allowshort"":true}",2014-01-01,2024-12-31,2025-01-01,2026-04-20,2014-01-01,2026-04-20,90.0,26.0,12.0,14.0,46.15,149889.46,-53147.02,70.65,,31.35,792839.37,-95069.70000000026,105.46,0.47,0.54,0.0109,0.02,15.0,3.0,0.0,3.0,0.0,0.0,-16530.34,101.67,,32.29,-2007.180000000076,-26554.000000000065,-4.96,-0.01,-0.01,0.0154,-0.0,105.0,28.0,12.0,16.0,42.86,155008.4,-49633.6,77.64,,32.53,792839.37,-95069.70000000026,106.6,0.4,0.46,0.0117,0.01
GAZP,breakout_pivot,1D,Bayesian_TPE,29,0.098,121,12,2,1.0,0.95,3,18,True,18.6,0.176,0.203,33.36,21,33.33,True,"{""sampler"":""TPESampler"",""seed"":42,""n_trials"":50,""direction"":""maximize"",""objective"":""composite = Sharpe * (Return% / MaxDD%)""}","{""lookback"":121,""pivot_window"":12,""min_touches"":2,""tolerance_atr_mult"":1.0,""cluster_atr_mult"":0.95,""confirmation_bars"":3,""cooldown_bars"":18,""allowshort"":true}",2014-01-01,2024-12-31,2025-01-01,2026-04-20,2014-01-01,2026-04-20,71.0,21.0,7.0,13.0,33.33,154911.33,-69107.38,92.0,,33.36,520611.7499999998,-155976.36,18.6,0.18,0.2,0.0109,0.01,9.0,3.0,1.0,2.0,33.33,7725.0,-23518.11,101.0,,32.29,7725.000000000008,-24622.28999999992,-3.93,0.02,0.02,0.0154,0.0,80.0,23.0,9.0,14.0,39.13,124900.07,-66359.0,98.7,,33.36,520611.7499999998,-155976.36,19.51,0.17,0.19,0.0117,0.01
GAZP,breakout_pivot,1D,Bayesian_TPE,30,0.629,145,11,2,1.1,1.15,2,17,True,65.98,0.334,0.35,35.05,27,48.15,True,"{""sampler"":""TPESampler"",""seed"":42,""n_trials"":50,""direction"":""maximize"",""objective"":""composite = Sharpe * (Return% / MaxDD%)""}","{""lookback"":145,""pivot_window"":11,""min_touches"":2,""tolerance_atr_mult"":1.1,""cluster_atr_mult"":1.1500000000000001,""confirmation_bars"":2,""cooldown_bars"":17,""allowshort"":true}",2014-01-01,2024-12-31,2025-01-01,2026-04-20,2014-01-01,2026-04-20,91.0,27.0,13.0,14.0,48.15,117026.15,-61539.15,75.0,,35.05,516050.52,-270095.7600000002,65.98,0.33,0.35,0.0124,0.01,16.0,5.0,0.0,5.0,0.0,0.0,-28248.6,51.6,,33.0,-16255.139999999916,-42755.99999999995,-14.12,-0.27,-0.29,0.0152,-0.01,107.0,31.0,13.0,18.0,41.94,120843.27,-59052.89,74.68,,36.84,516050.52,-270095.7600000002,50.8,0.26,0.28,0.0129,0.01
GAZP,breakout_pivot,1D,Bayesian_TPE,31,0.867,141,11,2,1.15,1.15,2,18,True,81.27,0.374,0.395,35.05,26,50.0,True,"{""sampler"":""TPESampler"",""seed"":42,""n_trials"":50,""direction"":""maximize"",""objective"":""composite = Sharpe * (Return% / MaxDD%)""}","{""lookback"":141,""pivot_window"":11,""min_touches"":2,""tolerance_atr_mult"":1.1500000000000001,""cluster_atr_mult"":1.1500000000000001,""confirmation_bars"":2,""cooldown_bars"":18,""allowshort"":true}",2014-01-01,2024-12-31,2025-01-01,2026-04-20,2014-01-01,2026-04-20,91.0,26.0,13.0,13.0,50.0,131326.08,-68808.43,78.65,,35.05,563566.24,-294991.62000000017,81.27,0.37,0.39,0.0124,0.01,15.0,5.0,0.0,5.0,0.0,0.0,-28248.6,51.6,,33.0,-16255.139999999916,-42755.99999999995,-14.12,-0.27,-0.29,0.0152,-0.01,106.0,30.0,13.0,17.0,43.33,135494.98,-65557.05,77.83,,36.84,563566.24,-294991.62000000017,64.7,0.3,0.31,0.0129,0.01
GAZP,breakout_pivot,1D,Bayesian_TPE,32,1.851,169,12,2,1.2,1.1,2,19,True,120.05,0.5,0.592,32.42,25,48.0,True,"{""sampler"":""TPESampler"",""seed"":42,""n_trials"":50,""direction"":""maximize"",""objective"":""composite = Sharpe * (Return% / MaxDD%)""}","{""lookback"":169,""pivot_window"":12,""min_touches"":2,""tolerance_atr_mult"":1.2,""cluster_atr_mult"":1.1,""confirmation_bars"":2,""cooldown_bars"":19,""allowshort"":true}",2014-01-01,2024-12-31,2025-01-01,2026-04-20,2014-01-01,2026-04-20,88.0,25.0,12.0,13.0,48.0,162692.26,-57831.22,75.84,,32.42,862625.9,-101821.50000000028,120.05,0.5,0.59,0.0109,0.02,14.0,3.0,0.0,3.0,0.0,0.0,-16530.34,101.67,,32.29,-2007.180000000076,-26554.000000000065,-4.96,-0.01,-0.01,0.0154,-0.0,102.0,27.0,12.0,15.0,44.44,168174.71,-53696.1,82.7,,33.59,862625.9,-101821.50000000028,121.27,0.43,0.5,0.0117,0.02
GAZP,breakout_pivot,1D,Bayesian_TPE,33,1.215,160,12,2,1.0,1.05,2,19,True,91.64,0.43,0.502,32.42,25,48.0,True,"{""sampler"":""TPESampler"",""seed"":42,""n_trials"":50,""direction"":""maximize"",""objective"":""composite = Sharpe * (Return% / MaxDD%)""}","{""lookback"":160,""pivot_window"":12,""min_touches"":2,""tolerance_atr_mult"":1.0,""cluster_atr_mult"":1.05,""confirmation_bars"":2,""cooldown_bars"":19,""allowshort"":true}",2014-01-01,2024-12-31,2025-01-01,2026-04-20,2014-01-01,2026-04-20,87.0,25.0,12.0,13.0,48.0,136080.99,-55124.11,73.68,,32.42,751270.46,-88673.64000000023,91.64,0.43,0.5,0.0108,0.01,13.0,3.0,0.0,3.0,0.0,0.0,-16530.34,101.67,,32.29,-2007.180000000076,-26554.000000000065,-4.96,-0.01,-0.01,0.0154,-0.0,100.0,27.0,12.0,15.0,44.44,140855.33,-50888.12,80.7,,33.59,751270.46,-88673.64000000023,92.69,0.37,0.43,0.0117,0.01
GAZP,breakout_pivot,1D,Bayesian_TPE,34,2.08,198,12,2,1.2,1.1,2,19,True,135.57,0.528,0.64,34.41,31,48.39,True,"{""sampler"":""TPESampler"",""seed"":42,""n_trials"":50,""direction"":""maximize"",""objective"":""composite = Sharpe * (Return% / MaxDD%)""}","{""lookback"":198,""pivot_window"":12,""min_touches"":2,""tolerance_atr_mult"":1.2,""cluster_atr_mult"":1.1,""confirmation_bars"":2,""cooldown_bars"":19,""allowshort"":true}",2014-01-01,2024-12-31,2025-01-01,2026-04-20,2014-01-01,2026-04-20,99.0,31.0,15.0,16.0,48.39,147701.31,-53740.6,64.55,,34.41,942075.4,-109001.64000000028,135.57,0.53,0.64,0.0112,0.02,16.0,4.0,1.0,3.0,25.0,1695.12,-32912.32,60.0,,32.29,1695.1200000000642,-58745.12000000013,-9.7,-0.17,-0.17,0.0141,-0.01,115.0,34.0,16.0,18.0,47.06,143135.65,-57764.52,66.85,,34.41,942075.4,-146419.84000000032,125.04,0.44,0.51,0.0117,0.01
GAZP,breakout_pivot,1D,Bayesian_TPE,35,1.697,200,12,2,1.2,1.1,2,16,True,118.9,0.491,0.592,34.41,32,43.75,True,"{""sampler"":""TPESampler"",""seed"":42,""n_trials"":50,""direction"":""maximize"",""objective"":""composite = Sharpe * (Return% / MaxDD%)""}","{""lookback"":200,""pivot_window"":12,""min_touches"":2,""tolerance_atr_mult"":1.2,""cluster_atr_mult"":1.1,""confirmation_bars"":2,""cooldown_bars"":16,""allowshort"":true}",2014-01-01,2024-12-31,2025-01-01,2026-04-20,2014-01-01,2026-04-20,103.0,32.0,14.0,18.0,43.75,146628.15,-47990.27,61.47,,34.41,875402.08,-101284.26000000029,118.9,0.49,0.59,0.0112,0.02,18.0,4.0,1.0,3.0,25.0,1695.12,-32912.32,60.0,,32.29,1695.1200000000642,-58745.12000000013,-9.7,-0.17,-0.17,0.0141,-0.01,121.0,35.0,15.0,20.0,42.86,141477.53,-51550.1,63.97,,34.41,875402.08,-136055.3600000003,109.12,0.41,0.47,0.0117,0.01
GAZP,breakout_pivot,1D,Bayesian_TPE,36,1.897,198,12,2,1.15,1.1,2,16,False,127.71,0.511,0.617,34.41,32,46.88,False,"{""sampler"":""TPESampler"",""seed"":42,""n_trials"":50,""direction"":""maximize"",""objective"":""composite = Sharpe * (Return% / MaxDD%)""}","{""lookback"":198,""pivot_window"":12,""min_touches"":2,""tolerance_atr_mult"":1.1500000000000001,""cluster_atr_mult"":1.1,""confirmation_bars"":2,""cooldown_bars"":16,""allowshort"":false}",2014-01-01,2024-12-31,2025-01-01,2026-04-20,2014-01-01,2026-04-20,102.0,32.0,15.0,17.0,46.88,142927.33,-50990.8,61.78,,34.41,910654.64,-105364.38000000028,127.71,0.51,0.62,0.0112,0.02,18.0,4.0,1.0,3.0,25.0,1695.12,-32912.32,60.0,,32.29,1695.1200000000642,-58745.12000000013,-9.7,-0.17,-0.17,0.0141,-0.01,120.0,35.0,16.0,19.0,45.71,138504.47,-54776.12,64.26,,34.41,910654.64,-141527.6800000003,117.53,0.42,0.49,0.0117,0.01
GAZP,breakout_pivot,1D,Bayesian_TPE,37,0.709,211,11,2,1.15,1.2,3,15,False,61.46,0.334,0.404,28.95,30,33.33,False,"{""sampler"":""TPESampler"",""seed"":42,""n_trials"":50,""direction"":""maximize"",""objective"":""composite = Sharpe * (Return% / MaxDD%)""}","{""lookback"":211,""pivot_window"":11,""min_touches"":2,""tolerance_atr_mult"":1.1500000000000001,""cluster_atr_mult"":1.2,""confirmation_bars"":3,""cooldown_bars"":15,""allowshort"":false}",2014-01-01,2024-12-31,2025-01-01,2026-04-20,2014-01-01,2026-04-20,101.0,30.0,10.0,19.0,33.33,148216.36,-45661.56,62.93,,28.95,419119.6800000001,-99531.90000000013,61.46,0.33,0.4,0.0112,0.01,20.0,5.0,1.0,4.0,20.0,2608.42,-46905.6,57.8,,38.35,2608.4199999999782,-83315.37000000002,-18.5,-0.39,-0.45,0.0153,-0.02,121.0,34.0,12.0,22.0,35.29,127303.81,-51136.33,65.18,,40.41,419119.6800000001,-143395.87000000005,40.26,0.24,0.28,0.0119,0.01
GAZP,breakout_pivot,1D,Bayesian_TPE,38,0.031,190,10,2,1.2,1.05,2,19,False,10.68,0.153,0.135,53.44,37,45.95,False,"{""sampler"":""TPESampler"",""seed"":42,""n_trials"":50,""direction"":""maximize"",""objective"":""composite = Sharpe * (Return% / MaxDD%)""}","{""lookback"":190,""pivot_window"":10,""min_touches"":2,""tolerance_atr_mult"":1.2,""cluster_atr_mult"":1.05,""confirmation_bars"":2,""cooldown_bars"":19,""allowshort"":false}",2014-01-01,2024-12-31,2025-01-01,2026-04-20,2014-01-01,2026-04-20,110.0,37.0,17.0,20.0,45.95,107540.6,-86069.84,55.81,,53.44,448123.08000000013,-592101.25,10.68,0.15,0.14,0.0131,0.0,18.0,5.0,1.0,4.0,20.0,1615.2,-35286.39,58.2,,35.27,1615.2000000000612,-59552.99999999998,-13.95,-0.26,-0.29,0.0153,-0.01,128.0,41.0,18.0,23.0,43.9,103509.52,-80677.38,58.24,,56.25,448123.08000000013,-592101.25,0.76,0.11,0.11,0.0135,0.0
GAZP,breakout_pivot,1D,Bayesian_TPE,39,0.098,244,3,2,1.1,1.1,2,12,False,25.99,0.208,0.182,54.93,84,39.29,False,"{""sampler"":""TPESampler"",""seed"":42,""n_trials"":50,""direction"":""maximize"",""objective"":""composite = Sharpe * (Return% / MaxDD%)""}","{""lookback"":244,""pivot_window"":3,""min_touches"":2,""tolerance_atr_mult"":1.1,""cluster_atr_mult"":1.1,""confirmation_bars"":2,""cooldown_bars"":12,""allowshort"":false}",2014-01-01,2024-12-31,2025-01-01,2026-04-20,2014-01-01,2026-04-20,226.0,84.0,33.0,51.0,39.29,92271.83,-54609.7,22.55,,54.93,458012.8000000001,-712581.66,25.99,0.21,0.18,0.0139,0.01,39.0,14.0,8.0,6.0,57.14,21565.26,-20042.98,14.36,,19.33,43271.969999999965,-29359.86000000002,5.23,0.26,0.26,0.0111,0.02,265.0,97.0,40.0,57.0,41.24,81522.3,-51516.89,21.75,,54.93,458012.8000000001,-712581.66,32.44,0.21,0.19,0.0136,0.01
GAZP,breakout_pivot,1D,Bayesian_TPE,40,1.008,230,12,2,1.1,1.0,3,17,False,83.12,0.396,0.485,32.65,30,30.0,False,"{""sampler"":""TPESampler"",""seed"":42,""n_trials"":50,""direction"":""maximize"",""objective"":""composite = Sharpe * (Return% / MaxDD%)""}","{""lookback"":230,""pivot_window"":12,""min_touches"":2,""tolerance_atr_mult"":1.1,""cluster_atr_mult"":1.0,""confirmation_bars"":3,""cooldown_bars"":17,""allowshort"":false}",2014-01-01,2024-12-31,2025-01-01,2026-04-20,2014-01-01,2026-04-20,94.0,30.0,9.0,20.0,30.0,197000.45,-47092.55,65.6,,32.65,789268.35,-112889.70000000014,83.12,0.4,0.49,0.0113,0.01,17.0,4.0,1.0,3.0,25.0,2898.7,-32431.82,58.5,,32.29,2898.6999999999757,-41539.29000000002,-9.44,-0.16,-0.16,0.014,-0.01,111.0,33.0,11.0,22.0,33.33,165923.09,-48067.68,67.91,,32.65,789268.35,-112889.70000000014,76.77,0.33,0.39,0.0118,0.01
GAZP,breakout_pivot,1D,Bayesian_TPE,41,1.697,203,12,2,1.2,1.1,2,16,False,118.9,0.491,0.592,34.41,32,43.75,False,"{""sampler"":""TPESampler"",""seed"":42,""n_trials"":50,""direction"":""maximize"",""objective"":""composite = Sharpe * (Return% / MaxDD%)""}","{""lookback"":203,""pivot_window"":12,""min_touches"":2,""tolerance_atr_mult"":1.2,""cluster_atr_mult"":1.1,""confirmation_bars"":2,""cooldown_bars"":16,""allowshort"":false}",2014-01-01,2024-12-31,2025-01-01,2026-04-20,2014-01-01,2026-04-20,101.0,32.0,14.0,18.0,43.75,146628.15,-47990.27,61.47,,34.41,875402.08,-101284.26000000029,118.9,0.49,0.59,0.0112,0.02,18.0,4.0,1.0,3.0,25.0,1695.12,-32912.32,60.0,,32.29,1695.1200000000642,-58745.12000000013,-9.7,-0.17,-0.17,0.0141,-0.01,119.0,35.0,15.0,20.0,42.86,141477.53,-51550.1,63.97,,34.41,875402.08,-136055.3600000003,109.12,0.41,0.47,0.0117,0.01
GAZP,breakout_pivot,1D,Bayesian_TPE,42,1.872,212,12,2,1.2,1.1,2,15,True,126.32,0.51,0.615,34.41,31,45.16,True,"{""sampler"":""TPESampler"",""seed"":42,""n_trials"":50,""direction"":""maximize"",""objective"":""composite = Sharpe * (Return% / MaxDD%)""}","{""lookback"":212,""pivot_window"":12,""min_touches"":2,""tolerance_atr_mult"":1.2,""cluster_atr_mult"":1.1,""confirmation_bars"":2,""cooldown_bars"":15,""allowshort"":true}",2014-01-01,2024-12-31,2025-01-01,2026-04-20,2014-01-01,2026-04-20,101.0,31.0,14.0,17.0,45.16,151687.34,-50614.63,62.23,,34.41,908377.96,-104718.24000000028,126.32,0.51,0.61,0.0111,0.02,19.0,4.0,1.0,3.0,25.0,1695.12,-32912.32,60.0,,32.29,1695.1200000000642,-58745.12000000013,-9.7,-0.17,-0.17,0.0141,-0.01,120.0,34.0,15.0,19.0,44.12,146356.37,-54383.73,64.74,,34.41,908377.96,-140665.28000000032,116.21,0.42,0.49,0.0117,0.01
GAZP,breakout_pivot,1D,Bayesian_TPE,43,1.962,181,11,2,1.15,1.15,2,15,False,107.77,0.472,0.569,25.92,32,50.0,False,"{""sampler"":""TPESampler"",""seed"":42,""n_trials"":50,""direction"":""maximize"",""objective"":""composite = Sharpe * (Return% / MaxDD%)""}","{""lookback"":181,""pivot_window"":11,""min_touches"":2,""tolerance_atr_mult"":1.1500000000000001,""cluster_atr_mult"":1.1500000000000001,""confirmation_bars"":2,""cooldown_bars"":15,""allowshort"":false}",2014-01-01,2024-12-31,2025-01-01,2026-04-20,2014-01-01,2026-04-20,105.0,32.0,16.0,16.0,50.0,115278.79,-47919.67,59.72,,25.92,531438.3,-110841.11000000012,107.77,0.47,0.57,0.0109,0.02,19.0,5.0,1.0,4.0,20.0,1647.6,-30989.5,62.2,,33.97,1647.6000000000624,-41687.099999999955,-12.23,-0.2,-0.24,0.0155,-0.01,124.0,36.0,17.0,19.0,47.22,112364.86,-51623.21,62.61,,33.97,531438.3,-110841.11000000012,92.94,0.37,0.44,0.0117,0.01
GAZP,breakout_pivot,1D,Bayesian_TPE,44,0.591,213,4,2,1.1,1.15,2,14,False,62.73,0.333,0.381,35.34,77,46.75,False,"{""sampler"":""TPESampler"",""seed"":42,""n_trials"":50,""direction"":""maximize"",""objective"":""composite = Sharpe * (Return% / MaxDD%)""}","{""lookback"":213,""pivot_window"":4,""min_touches"":2,""tolerance_atr_mult"":1.1,""cluster_atr_mult"":1.1500000000000001,""confirmation_bars"":2,""cooldown_bars"":14,""allowshort"":false}",2014-01-01,2024-12-31,2025-01-01,2026-04-20,2014-01-01,2026-04-20,196.0,77.0,36.0,41.0,46.75,72486.89,-48345.97,24.87,,35.34,406372.5799999999,-314391.0000000001,62.73,0.33,0.38,0.0116,0.01,33.0,14.0,6.0,8.0,42.86,66973.14,-34747.23,18.21,,22.04,185959.08,-114288.83999999988,12.39,0.43,0.55,0.014,0.03,229.0,90.0,41.0,49.0,45.56,80950.81,-49909.44,24.29,,35.34,406372.5799999999,-314391.0000000001,87.34,0.36,0.41,0.012,0.01
GAZP,breakout_pivot,1D,Bayesian_TPE,45,1.638,179,11,2,1.05,1.0,2,15,False,101.23,0.454,0.538,28.06,31,45.16,False,"{""sampler"":""TPESampler"",""seed"":42,""n_trials"":50,""direction"":""maximize"",""objective"":""composite = Sharpe * (Return% / MaxDD%)""}","{""lookback"":179,""pivot_window"":11,""min_touches"":2,""tolerance_atr_mult"":1.05,""cluster_atr_mult"":1.0,""confirmation_bars"":2,""cooldown_bars"":15,""allowshort"":false}",2014-01-01,2024-12-31,2025-01-01,2026-04-20,2014-01-01,2026-04-20,104.0,31.0,14.0,17.0,45.16,131160.04,-48466.91,60.84,,28.06,544392.3600000001,-113535.12000000013,101.23,0.45,0.54,0.0109,0.02,20.0,5.0,1.0,4.0,20.0,1645.68,-31246.96,57.8,,34.05,1645.6800000000624,-42755.99999999995,-12.33,-0.21,-0.24,0.0153,-0.01,124.0,35.0,15.0,20.0,42.86,126660.4,-51675.53,63.06,,34.05,544392.3600000001,-113535.12000000013,86.64,0.36,0.41,0.0117,0.01
GAZP,breakout_pivot,1D,Bayesian_TPE,46,0.077,222,11,2,1.15,1.2,2,12,False,19.04,0.185,0.162,45.76,37,45.95,False,"{""sampler"":""TPESampler"",""seed"":42,""n_trials"":50,""direction"":""maximize"",""objective"":""composite = Sharpe * (Return% / MaxDD%)""}","{""lookback"":222,""pivot_window"":11,""min_touches"":2,""tolerance_atr_mult"":1.1500000000000001,""cluster_atr_mult"":1.2,""confirmation_bars"":2,""cooldown_bars"":12,""allowshort"":false}",2014-01-01,2024-12-31,2025-01-01,2026-04-20,2014-01-01,2026-04-20,118.0,37.0,17.0,20.0,45.95,95028.98,-71256.87,53.3,,45.76,386632.6400000002,-611917.5,19.04,0.18,0.16,0.0128,0.01,20.0,5.0,1.0,4.0,20.0,1615.2,-35286.39,58.2,,35.27,1615.2000000000612,-59552.99999999998,-13.95,-0.26,-0.29,0.0153,-0.01,138.0,41.0,18.0,23.0,43.9,91839.56,-68236.96,55.98,,48.07,386632.6400000002,-611917.5,8.37,0.14,0.13,0.0133,0.0
GAZP,breakout_pivot,1D,Bayesian_TPE,47,-0.002,193,10,3,1.15,0.8500000000000001,2,13,False,-22.76,0.005,0.004,60.52,16,37.5,False,"{""sampler"":""TPESampler"",""seed"":42,""n_trials"":50,""direction"":""maximize"",""objective"":""composite = Sharpe * (Return% / MaxDD%)""}","{""lookback"":193,""pivot_window"":10,""min_touches"":3,""tolerance_atr_mult"":1.1500000000000001,""cluster_atr_mult"":0.8500000000000001,""confirmation_bars"":2,""cooldown_bars"":13,""allowshort"":false}",2014-01-01,2024-12-31,2025-01-01,2026-04-20,2014-01-01,2026-04-20,63.0,16.0,6.0,10.0,37.5,154346.46,-115364.16,121.81,,60.52,775572.3,-606013.32,-22.76,0.0,0.0,0.0137,0.0,14.0,3.0,0.0,3.0,0.0,0.0,-63008.2,112.0,,40.32,-1712.610000000065,-128084.00000000004,-18.9,-0.37,-0.46,0.0161,-0.01,77.0,18.0,5.0,13.0,27.78,181131.14,-95607.41,128.72,,66.04,775572.3,-606013.32,-33.72,-0.03,-0.03,0.0142,-0.0
GAZP,breakout_pivot,1D,Bayesian_TPE,48,0.042,234,10,2,0.5,0.95,3,15,False,13.6,0.164,0.149,52.87,31,38.71,False,"{""sampler"":""TPESampler"",""seed"":42,""n_trials"":50,""direction"":""maximize"",""objective"":""composite = Sharpe * (Return% / MaxDD%)""}","{""lookback"":234,""pivot_window"":10,""min_touches"":2,""tolerance_atr_mult"":0.5,""cluster_atr_mult"":0.95,""confirmation_bars"":3,""cooldown_bars"":15,""allowshort"":false}",2014-01-01,2024-12-31,2025-01-01,2026-04-20,2014-01-01,2026-04-20,107.0,31.0,12.0,18.0,38.71,144422.83,-88724.01,64.0,,52.87,464616.72,-761921.6400000001,13.6,0.16,0.15,0.0135,0.0,20.0,5.0,1.0,4.0,20.0,2711.74,-38870.93,57.8,,36.93,2711.7399999999775,-64760.010000000024,-15.28,-0.29,-0.34,0.0153,-0.01,127.0,35.0,14.0,21.0,40.0,126081.91,-83600.11,65.94,,59.57,464616.72,-761921.6400000001,0.95,0.12,0.11,0.0138,0.0
GAZP,breakout_pivot,1D,Bayesian_TPE,49,1.723,212,11,2,1.05,1.15,2,16,False,106.74,0.464,0.556,28.75,32,46.88,False,"{""sampler"":""TPESampler"",""seed"":42,""n_trials"":50,""direction"":""maximize"",""objective"":""composite = Sharpe * (Return% / MaxDD%)""}","{""lookback"":212,""pivot_window"":11,""min_touches"":2,""tolerance_atr_mult"":1.05,""cluster_atr_mult"":1.1500000000000001,""confirmation_bars"":2,""cooldown_bars"":16,""allowshort"":false}",2014-01-01,2024-12-31,2025-01-01,2026-04-20,2014-01-01,2026-04-20,104.0,32.0,15.0,17.0,46.88,124661.56,-47209.2,59.28,,28.75,438995.0400000001,-104112.53000000012,106.74,0.46,0.56,0.0111,0.02,20.0,5.0,1.0,4.0,20.0,1615.2,-35286.39,58.2,,35.27,1615.2000000000612,-59552.99999999998,-13.95,-0.26,-0.29,0.0153,-0.01,124.0,36.0,16.0,20.0,44.44,120954.12,-52660.29,61.67,,35.27,438995.0400000001,-130259.99999999996,88.21,0.36,0.42,0.0118,0.01
VKCO,breakout_pivot,1D,Bayesian_TPE,0,0.727,175,12,4,0.8500000000000001,0.4,1,4,True,-56.59,-0.887,-0.988,69.09,1,0.0,True,"{""sampler"":""TPESampler"",""seed"":42,""n_trials"":50,""direction"":""maximize"",""objective"":""composite = Sharpe * (Return% / MaxDD%)""}","{""lookback"":175,""pivot_window"":12,""min_touches"":4,""tolerance_atr_mult"":0.8500000000000001,""cluster_atr_mult"":0.4,""confirmation_bars"":1,""cooldown_bars"":4,""allowshort"":true}",2014-01-01,2024-12-31,2025-01-01,2026-04-20,2014-01-01,2026-04-20,2.0,1.0,0.0,1.0,0.0,0.0,-565878.6,501.0,,69.09,-565878.6,-565878.6,-56.59,-0.89,-0.99,0.0177,-0.02,0.0,0.0,0.0,0.0,0.0,0.0,0.0,0.0,,0.0,0.0,0.0,0.0,,,0.0,,2.0,1.0,0.0,1.0,0.0,0.0,-626022.3,976.0,,69.09,-626022.2999999999,-626022.2999999999,-62.6,-0.56,-0.74,0.0193,-0.02
VKCO,breakout_pivot,1D,Bayesian_TPE,1,0.035,242,3,5,1.05,0.5,1,6,False,7.41,0.22,0.235,46.8,6,33.33,False,"{""sampler"":""TPESampler"",""seed"":42,""n_trials"":50,""direction"":""maximize"",""objective"":""composite = Sharpe * (Return% / MaxDD%)""}","{""lookback"":242,""pivot_window"":3,""min_touches"":5,""tolerance_atr_mult"":1.05,""cluster_atr_mult"":0.5,""confirmation_bars"":1,""cooldown_bars"":6,""allowshort"":false}",2014-01-01,2024-12-31,2025-01-01,2026-04-20,2014-01-01,2026-04-20,24.0,6.0,2.0,4.0,33.33,238261.5,-100595.7,63.0,,46.8,435050.99999999994,-170925.99999999985,7.41,0.22,0.24,0.0153,0.01,33.0,5.0,2.0,3.0,40.0,181800.9,-90189.53,32.4,,19.52,303603.4,-108979.20000000014,9.3,0.38,0.41,0.0118,0.02,57.0,11.0,4.0,7.0,36.36,222380.7,-92594.03,55.18,,46.8,435050.99999999994,-170925.99999999985,24.14,0.31,0.36,0.0154,0.01
VKCO,breakout_pivot,1D,Bayesian_TPE,2,4.708,186,5,4,0.4,0.55,2,11,True,40.46,1.074,0.69,9.23,1,100.0,True,"{""sampler"":""TPESampler"",""seed"":42,""n_trials"":50,""direction"":""maximize"",""objective"":""composite = Sharpe * (Return% / MaxDD%)""}","{""lookback"":186,""pivot_window"":5,""min_touches"":4,""tolerance_atr_mult"":0.4,""cluster_atr_mult"":0.55,""confirmation_bars"":2,""cooldown_bars"":11,""allowshort"":true}",2014-01-01,2024-12-31,2025-01-01,2026-04-20,2014-01-01,2026-04-20,5.0,1.0,1.0,0.0,100.0,404637.4,0.0,93.0,,9.23,404637.4,404637.4,40.46,1.07,0.69,0.0073,0.08,8.0,1.0,1.0,0.0,100.0,67984.7,0.0,240.0,,30.1,67984.69999999997,67984.69999999997,6.8,0.29,0.39,0.0133,0.01,13.0,2.0,2.0,0.0,100.0,250071.5,0.0,166.5,,30.1,404637.4,95505.59999999996,50.01,0.65,0.62,0.0099,0.02
VKCO,breakout_pivot,1D,Bayesian_TPE,3,0.075,203,8,2,0.8500000000000001,0.45,1,20,True,11.73,0.277,0.321,43.17,9,33.33,True,"{""sampler"":""TPESampler"",""seed"":42,""n_trials"":50,""direction"":""maximize"",""objective"":""composite = Sharpe * (Return% / MaxDD%)""}","{""lookback"":203,""pivot_window"":8,""min_touches"":2,""tolerance_atr_mult"":0.8500000000000001,""cluster_atr_mult"":0.45,""confirmation_bars"":1,""cooldown_bars"":20,""allowshort"":true}",2014-01-01,2024-12-31,2025-01-01,2026-04-20,2014-01-01,2026-04-20,24.0,9.0,3.0,6.0,33.33,234026.93,-97464.57,48.0,,43.17,355101.59999999986,-208166.40000000008,11.73,0.28,0.32,0.0151,0.01,17.0,6.0,4.0,2.0,66.67,62882.95,-65951.45,31.17,,17.84,169880.00000000003,-93006.90000000013,11.96,0.49,0.62,0.0108,0.03,41.0,14.0,7.0,7.0,50.0,147739.63,-99421.46,47.71,,43.17,355101.59999999986,-208166.40000000008,33.82,0.39,0.48,0.0146,0.01
VKCO,breakout_pivot,1D,Bayesian_TPE,4,0.089,161,3,4,0.7,0.4,2,3,True,-28.34,-0.179,-0.173,57.07,9,33.33,True,"{""sampler"":""TPESampler"",""seed"":42,""n_trials"":50,""direction"":""maximize"",""objective"":""composite = Sharpe * (Return% / MaxDD%)""}","{""lookback"":161,""pivot_window"":3,""min_touches"":4,""tolerance_atr_mult"":0.7,""cluster_atr_mult"":0.4,""confirmation_bars"":2,""cooldown_bars"":3,""allowshort"":true}",2014-01-01,2024-12-31,2025-01-01,2026-04-20,2014-01-01,2026-04-20,34.0,9.0,3.0,6.0,33.33,115740.13,-105106.87,62.22,,57.07,292848.8,-244358.4,-28.34,-0.18,-0.17,0.0209,-0.01,34.0,4.0,2.0,2.0,50.0,209089.95,-58824.0,58.25,,14.93,243408.8000000001,-74198.40000000013,30.05,0.85,1.14,0.0136,0.08,68.0,13.0,5.0,8.0,38.46,128477.18,-90553.89,63.77,,57.07,292848.8,-244358.4,-8.2,0.09,0.09,0.0191,0.0
VKCO,breakout_pivot,1D,Bayesian_TPE,5,0.239,233,6,4,0.8,0.45,3,16,True,18.39,0.403,0.323,30.97,2,100.0,True,"{""sampler"":""TPESampler"",""seed"":42,""n_trials"":50,""direction"":""maximize"",""objective"":""composite = Sharpe * (Return% / MaxDD%)""}","{""lookback"":233,""pivot_window"":6,""min_touches"":4,""tolerance_atr_mult"":0.8,""cluster_atr_mult"":0.45,""confirmation_bars"":3,""cooldown_bars"":16,""allowshort"":true}",2014-01-01,2024-12-31,2025-01-01,2026-04-20,2014-01-01,2026-04-20,4.0,2.0,2.0,0.0,100.0,91928.4,0.0,138.5,,30.97,106849.79999999996,77006.99999999993,18.39,0.4,0.32,0.0118,0.02,8.0,1.0,1.0,0.0,100.0,200692.25,0.0,284.0,,30.1,200692.25,200692.25,20.07,0.57,0.85,0.0155,0.03,12.0,3.0,3.0,0.0,100.0,98170.32,0.0,215.0,,35.83,216367.25,1136.700000000043,29.45,0.36,0.4,0.0149,0.01
VKCO,breakout_pivot,1D,Bayesian_TPE,6,0.151,220,12,2,0.45,0.3,1,9,False,-23.54,-0.288,-0.314,44.8,7,28.57,False,"{""sampler"":""TPESampler"",""seed"":42,""n_trials"":50,""direction"":""maximize"",""objective"":""composite = Sharpe * (Return% / MaxDD%)""}","{""lookback"":220,""pivot_window"":12,""min_touches"":2,""tolerance_atr_mult"":0.45,""cluster_atr_mult"":0.3,""confirmation_bars"":1,""cooldown_bars"":9,""allowshort"":false}",2014-01-01,2024-12-31,2025-01-01,2026-04-20,2014-01-01,2026-04-20,24.0,7.0,2.0,5.0,28.57,187560.5,-122104.32,74.43,,44.8,342062.5999999999,-322145.20000000007,-23.54,-0.29,-0.31,0.0145,-0.01,16.0,4.0,2.0,2.0,50.0,199050.55,-65951.45,52.0,,19.02,264056.1000000001,-93006.90000000013,26.62,0.81,1.04,0.0127,0.05,40.0,11.0,4.0,7.0,36.36,169874.35,-101624.86,66.27,,52.12,342062.5999999999,-322145.20000000007,-3.19,0.08,0.09,0.0139,0.0
VKCO,breakout_pivot,1D,Bayesian_TPE,7,0.547,171,5,4,0.4,1.05,1,20,True,32.55,0.499,0.393,29.68,3,66.67,True,"{""sampler"":""TPESampler"",""seed"":42,""n_trials"":50,""direction"":""maximize"",""objective"":""composite = Sharpe * (Return% / MaxDD%)""}","{""lookback"":171,""pivot_window"":5,""min_touches"":4,""tolerance_atr_mult"":0.4,""cluster_atr_mult"":1.05,""confirmation_bars"":1,""cooldown_bars"":20,""allowshort"":true}",2014-01-01,2024-12-31,2025-01-01,2026-04-20,2014-01-01,2026-04-20,12.0,3.0,2.0,1.0,66.67,247597.6,-169726.4,134.67,,29.68,468795.5999999999,-169726.39999999985,32.55,0.5,0.39,0.017,0.03,7.0,1.0,0.0,1.0,0.0,0.0,-49184.9,189.0,,30.1,-49184.89999999992,-49184.89999999992,-4.92,-0.06,-0.07,0.0122,-0.0,19.0,4.0,2.0,2.0,50.0,247597.6,-117456.95,148.25,,33.64,468795.5999999999,-169726.39999999985,26.03,0.33,0.28,0.0154,0.02
VKCO,breakout_pivot,1D,Bayesian_TPE,8,0.0,101,11,4,0.95,1.0,1,9,False,0.0,0.0,0.0,0.0,0,0.0,False,"{""sampler"":""TPESampler"",""seed"":42,""n_trials"":50,""direction"":""maximize"",""objective"":""composite = Sharpe * (Return% / MaxDD%)""}","{""lookback"":101,""pivot_window"":11,""min_touches"":4,""tolerance_atr_mult"":0.95,""cluster_atr_mult"":1.0,""confirmation_bars"":1,""cooldown_bars"":9,""allowshort"":false}",2014-01-01,2024-12-31,2025-01-01,2026-04-20,2014-01-01,2026-04-20,0.0,0.0,0.0,0.0,0.0,0.0,0.0,0.0,,0.0,0.0,0.0,0.0,,,0.0,,0.0,0.0,0.0,0.0,0.0,0.0,0.0,0.0,,0.0,0.0,0.0,0.0,,,0.0,,0.0,0.0,0.0,0.0,0.0,0.0,0.0,0.0,,0.0,0.0,0.0,0.0,,,0.0,
VKCO,breakout_pivot,1D,Bayesian_TPE,9,0.005,225,6,2,0.55,0.6000000000000001,3,14,True,-7.53,-0.033,-0.032,55.02,11,27.27,True,"{""sampler"":""TPESampler"",""seed"":42,""n_trials"":50,""direction"":""maximize"",""objective"":""composite = Sharpe * (Return% / MaxDD%)""}","{""lookback"":225,""pivot_window"":6,""min_touches"":2,""tolerance_atr_mult"":0.55,""cluster_atr_mult"":0.6000000000000001,""confirmation_bars"":3,""cooldown_bars"":14,""allowshort"":true}",2014-01-01,2024-12-31,2025-01-01,2026-04-20,2014-01-01,2026-04-20,32.0,11.0,3.0,8.0,27.27,256760.0,-105693.0,29.91,,55.02,497004.79999999993,-163321.99999999985,-7.53,-0.03,-0.03,0.0128,-0.0,19.0,5.0,3.0,2.0,60.0,120996.03,-127346.5,53.2,,33.01,212212.0,-229294.9999999999,10.83,0.37,0.44,0.0166,0.02,51.0,16.0,6.0,10.0,37.5,186750.4,-108381.8,39.5,,61.46,497004.79999999993,-214513.9999999999,3.67,0.15,0.17,0.015,0.0
VKCO,breakout_pivot,1D,Bayesian_TPE,10,-0.003,289,9,3,0.3,0.8,2,12,False,-2.7,0.04,0.036,36.93,2,50.0,False,"{""sampler"":""TPESampler"",""seed"":42,""n_trials"":50,""direction"":""maximize"",""objective"":""composite = Sharpe * (Return% / MaxDD%)""}","{""lookback"":289,""pivot_window"":9,""min_touches"":3,""tolerance_atr_mult"":0.3,""cluster_atr_mult"":0.8,""confirmation_bars"":2,""cooldown_bars"":12,""allowshort"":false}",2014-01-01,2024-12-31,2025-01-01,2026-04-20,2014-01-01,2026-04-20,6.0,2.0,1.0,1.0,50.0,119401.2,-146374.8,166.0,,36.93,119401.20000000008,-146374.79999999993,-2.7,0.04,0.04,0.0116,0.0,4.0,1.0,1.0,0.0,100.0,135692.25,0.0,294.0,,30.11,135692.2500000001,135692.2500000001,13.57,0.44,0.66,0.0156,0.02,10.0,3.0,2.0,1.0,66.67,125700.45,-146374.8,208.67,,41.67,131999.70000000007,-146374.79999999993,10.5,0.21,0.23,0.0132,0.01
VKCO,breakout_pivot,1D,Bayesian_TPE,11,0.0,157,10,5,1.15,0.7,2,4,True,0.0,0.0,0.0,0.0,0,0.0,True,"{""sampler"":""TPESampler"",""seed"":42,""n_trials"":50,""direction"":""maximize"",""objective"":""composite = Sharpe * (Return% / MaxDD%)""}","{""lookback"":157,""pivot_window"":10,""min_touches"":5,""tolerance_atr_mult"":1.1500000000000001,""cluster_atr_mult"":0.7,""confirmation_bars"":2,""cooldown_bars"":4,""allowshort"":true}",2014-01-01,2024-12-31,2025-01-01,2026-04-20,2014-01-01,2026-04-20,0.0,0.0,0.0,0.0,0.0,0.0,0.0,0.0,,0.0,0.0,0.0,0.0,,,0.0,,0.0,0.0,0.0,0.0,0.0,0.0,0.0,0.0,,0.0,0.0,0.0,0.0,,,0.0,,0.0,0.0,0.0,0.0,0.0,0.0,0.0,0.0,,0.0,0.0,0.0,0.0,,,0.0,
VKCO,breakout_pivot,1D,Bayesian_TPE,12,-0.008,124,5,3,0.65,0.8,2,8,True,-2.73,0.115,0.082,40.98,9,66.67,True,"{""sampler"":""TPESampler"",""seed"":42,""n_trials"":50,""direction"":""maximize"",""objective"":""composite = Sharpe * (Return% / MaxDD%)""}","{""lookback"":124,""pivot_window"":5,""min_touches"":3,""tolerance_atr_mult"":0.65,""cluster_atr_mult"":0.8,""confirmation_bars"":2,""cooldown_bars"":8,""allowshort"":true}",2014-01-01,2024-12-31,2025-01-01,2026-04-20,2014-01-01,2026-04-20,24.0,9.0,6.0,3.0,66.67,104933.03,-218980.27,39.67,,40.98,201006.40000000017,-364915.20000000007,-2.73,0.11,0.08,0.0181,0.01,17.0,4.0,2.0,2.0,50.0,226974.2,-47190.4,64.25,,20.85,254283.39999999997,-88563.8000000001,35.96,0.93,1.31,0.0145,0.06,41.0,12.0,8.0,4.0,66.67,136526.3,-165763.48,52.58,,40.98,267342.6,-364915.20000000007,42.92,0.43,0.37,0.0173,0.02
VKCO,breakout_pivot,1D,Bayesian_TPE,13,0.174,193,7,5,0.6000000000000001,1.2,3,16,True,-36.05,-0.336,-0.44,69.58,1,0.0,True,"{""sampler"":""TPESampler"",""seed"":42,""n_trials"":50,""direction"":""maximize"",""objective"":""composite = Sharpe * (Return% / MaxDD%)""}","{""lookback"":193,""pivot_window"":7,""min_touches"":5,""tolerance_atr_mult"":0.6000000000000001,""cluster_atr_mult"":1.2,""confirmation_bars"":3,""cooldown_bars"":16,""allowshort"":true}",2014-01-01,2024-12-31,2025-01-01,2026-04-20,2014-01-01,2026-04-20,2.0,1.0,0.0,1.0,0.0,0.0,-360505.2,662.0,,69.58,-360505.20000000007,-360505.20000000007,-36.05,-0.34,-0.44,0.0198,-0.01,1.0,0.0,0.0,0.0,0.0,0.0,0.0,0.0,,0.0,0.0,0.0,0.0,,,0.0,,3.0,1.0,0.0,1.0,0.0,0.0,-380965.2,1091.0,,69.58,-380965.20000000007,-380965.20000000007,-38.1,-0.17,-0.24,0.0203,-0.0
VKCO,breakout_pivot,1D,Bayesian_TPE,14,0.306,263,12,3,0.9000000000000001,0.3,2,6,True,22.47,0.431,0.459,31.66,1,100.0,True,"{""sampler"":""TPESampler"",""seed"":42,""n_trials"":50,""direction"":""maximize"",""objective"":""composite = Sharpe * (Return% / MaxDD%)""}","{""lookback"":263,""pivot_window"":12,""min_touches"":3,""tolerance_atr_mult"":0.9000000000000001,""cluster_atr_mult"":0.3,""confirmation_bars"":2,""cooldown_bars"":6,""allowshort"":true}",2014-01-01,2024-12-31,2025-01-01,2026-04-20,2014-01-01,2026-04-20,10.0,1.0,1.0,0.0,100.0,224680.8,0.0,461.0,,31.66,224680.80000000005,224680.80000000005,22.47,0.43,0.46,0.0137,0.02,9.0,1.0,0.0,1.0,0.0,0.0,-70270.2,113.0,,30.1,-70270.20000000004,-70270.20000000004,-7.03,-0.18,-0.16,0.0107,-0.01,19.0,2.0,1.0,1.0,50.0,224680.8,-86070.6,287.0,,35.36,224680.80000000005,-86070.60000000005,13.86,0.24,0.25,0.0126,0.01
VKCO,breakout_pivot,1D,Bayesian_TPE,15,0.842,138,9,4,1.0,0.6000000000000001,1,12,True,-60.01,-0.976,-1.092,69.55,1,0.0,True,"{""sampler"":""TPESampler"",""seed"":42,""n_trials"":50,""direction"":""maximize"",""objective"":""composite = Sharpe * (Return% / MaxDD%)""}","{""lookback"":138,""pivot_window"":9,""min_touches"":4,""tolerance_atr_mult"":1.0,""cluster_atr_mult"":0.6000000000000001,""confirmation_bars"":1,""cooldown_bars"":12,""allowshort"":true}",2014-01-01,2024-12-31,2025-01-01,2026-04-20,2014-01-01,2026-04-20,2.0,1.0,0.0,1.0,0.0,0.0,-600148.8,509.0,,69.55,-600148.8,-600148.8,-60.01,-0.98,-1.09,0.0178,-0.03,1.0,0.0,0.0,0.0,0.0,0.0,0.0,0.0,,0.0,0.0,0.0,0.0,,,0.0,,3.0,1.0,0.0,1.0,0.0,0.0,-609478.2,936.0,,69.55,-609478.2,-609478.2,-60.95,-0.53,-0.68,0.0191,-0.01
VKCO,breakout_pivot,1D,Bayesian_TPE,16,0.0,138,9,3,1.2,0.65,3,11,True,-7.38,-0.001,-0.001,44.62,3,33.33,True,"{""sampler"":""TPESampler"",""seed"":42,""n_trials"":50,""direction"":""maximize"",""objective"":""composite = Sharpe * (Return% / MaxDD%)""}","{""lookback"":138,""pivot_window"":9,""min_touches"":3,""tolerance_atr_mult"":1.2,""cluster_atr_mult"":0.65,""confirmation_bars"":3,""cooldown_bars"":11,""allowshort"":true}",2014-01-01,2024-12-31,2025-01-01,2026-04-20,2014-01-01,2026-04-20,11.0,3.0,1.0,2.0,33.33,83584.8,-78680.0,163.67,,44.62,83584.79999999996,-100463.99999999994,-7.38,-0.0,-0.0,0.0144,-0.0,5.0,1.0,1.0,0.0,100.0,186672.0,0.0,277.0,,30.1,186672.0,186672.0,18.67,0.56,0.79,0.015,0.03,16.0,4.0,2.0,2.0,50.0,159712.2,-78680.0,208.75,,44.62,182784.0,-100463.99999999994,16.21,0.26,0.32,0.0158,0.01
VKCO,breakout_pivot,1D,Bayesian_TPE,17,0.062,132,4,5,1.0,0.55,2,12,True,-24.34,-0.171,-0.218,66.61,3,66.67,True,"{""sampler"":""TPESampler"",""seed"":42,""n_trials"":50,""direction"":""maximize"",""objective"":""composite = Sharpe * (Return% / MaxDD%)""}","{""lookback"":132,""pivot_window"":4,""min_touches"":5,""tolerance_atr_mult"":1.0,""cluster_atr_mult"":0.55,""confirmation_bars"":2,""cooldown_bars"":12,""allowshort"":true}",2014-01-01,2024-12-31,2025-01-01,2026-04-20,2014-01-01,2026-04-20,11.0,3.0,2.0,1.0,66.67,294006.6,-831371.4,190.67,,66.61,492379.19999999984,-831371.3999999999,-24.34,-0.17,-0.22,0.019,-0.0,8.0,1.0,1.0,0.0,100.0,194310.0,0.0,274.0,,30.1,194310.0,194310.0,19.43,0.57,0.81,0.015,0.03,19.0,4.0,3.0,1.0,75.0,247310.4,-796024.8,229.25,,66.61,492379.19999999984,-796024.7999999999,-5.41,0.1,0.14,0.0187,0.0
VKCO,breakout_pivot,1D,Bayesian_TPE,18,0.231,101,8,4,0.5,0.9000000000000001,2,15,False,-39.02,-0.412,-0.51,69.58,1,0.0,False,"{""sampler"":""TPESampler"",""seed"":42,""n_trials"":50,""direction"":""maximize"",""objective"":""composite = Sharpe * (Return% / MaxDD%)""}","{""lookback"":101,""pivot_window"":8,""min_touches"":4,""tolerance_atr_mult"":0.5,""cluster_atr_mult"":0.9000000000000001,""confirmation_bars"":2,""cooldown_bars"":15,""allowshort"":false}",2014-01-01,2024-12-31,2025-01-01,2026-04-20,2014-01-01,2026-04-20,1.0,1.0,0.0,1.0,0.0,0.0,-390200.0,594.0,,69.58,-390200.0,-390200.0,-39.02,-0.41,-0.51,0.0191,-0.01,1.0,1.0,1.0,0.0,100.0,25527.0,0.0,326.0,,30.1,25527.000000000175,25527.000000000175,2.55,0.19,0.28,0.0158,0.01,2.0,1.0,0.0,1.0,0.0,0.0,-474678.3,1069.0,,69.58,-474678.29999999993,-474678.29999999993,-47.47,-0.29,-0.4,0.0201,-0.01
VKCO,breakout_pivot,1D,Bayesian_TPE,19,0.124,189,7,3,0.3,0.75,1,13,True,-32.49,-0.266,-0.356,69.58,1,0.0,True,"{""sampler"":""TPESampler"",""seed"":42,""n_trials"":50,""direction"":""maximize"",""objective"":""composite = Sharpe * (Return% / MaxDD%)""}","{""lookback"":189,""pivot_window"":7,""min_touches"":3,""tolerance_atr_mult"":0.3,""cluster_atr_mult"":0.75,""confirmation_bars"":1,""cooldown_bars"":13,""allowshort"":true}",2014-01-01,2024-12-31,2025-01-01,2026-04-20,2014-01-01,2026-04-20,8.0,1.0,0.0,1.0,0.0,0.0,-324864.0,719.0,,69.58,-324864.00000000006,-324864.00000000006,-32.49,-0.27,-0.36,0.0202,-0.01,7.0,1.0,1.0,0.0,100.0,204682.25,0.0,277.0,,30.1,204682.2500000001,204682.2500000001,20.47,0.59,0.85,0.0151,0.03,15.0,1.0,0.0,1.0,0.0,0.0,-331668.0,1144.0,,69.58,-331668.0,-331668.0,-33.17,-0.11,-0.16,0.0206,-0.0
VKCO,breakout_pivot,1D,Bayesian_TPE,20,0.0,145,10,5,1.1,0.65,3,10,True,0.0,0.0,0.0,0.0,0,0.0,True,"{""sampler"":""TPESampler"",""seed"":42,""n_trials"":50,""direction"":""maximize"",""objective"":""composite = Sharpe * (Return% / MaxDD%)""}","{""lookback"":145,""pivot_window"":10,""min_touches"":5,""tolerance_atr_mult"":1.1,""cluster_atr_mult"":0.65,""confirmation_bars"":3,""cooldown_bars"":10,""allowshort"":true}",2014-01-01,2024-12-31,2025-01-01,2026-04-20,2014-01-01,2026-04-20,0.0,0.0,0.0,0.0,0.0,0.0,0.0,0.0,,0.0,0.0,0.0,0.0,,,0.0,,0.0,0.0,0.0,0.0,0.0,0.0,0.0,0.0,,0.0,0.0,0.0,0.0,,,0.0,,0.0,0.0,0.0,0.0,0.0,0.0,0.0,0.0,,0.0,0.0,0.0,0.0,,,0.0,
VKCO,breakout_pivot,1D,Bayesian_TPE,21,0.727,177,11,4,0.75,0.4,1,7,True,-56.59,-0.887,-0.988,69.09,1,0.0,True,"{""sampler"":""TPESampler"",""seed"":42,""n_trials"":50,""direction"":""maximize"",""objective"":""composite = Sharpe * (Return% / MaxDD%)""}","{""lookback"":177,""pivot_window"":11,""min_touches"":4,""tolerance_atr_mult"":0.75,""cluster_atr_mult"":0.4,""confirmation_bars"":1,""cooldown_bars"":7,""allowshort"":true}",2014-01-01,2024-12-31,2025-01-01,2026-04-20,2014-01-01,2026-04-20,1.0,1.0,0.0,1.0,0.0,0.0,-565878.6,501.0,,69.09,-565878.6,-565878.6,-56.59,-0.89,-0.99,0.0177,-0.02,1.0,0.0,0.0,0.0,0.0,0.0,0.0,0.0,,0.0,0.0,0.0,0.0,,,0.0,,2.0,1.0,0.0,1.0,0.0,0.0,-576018.3,928.0,,69.09,-576018.2999999999,-576018.2999999999,-57.6,-0.47,-0.61,0.0191,-0.01
VKCO,breakout_pivot,1D,Bayesian_TPE,22,0.0,203,9,4,0.9000000000000001,0.55,1,18,True,0.0,0.0,0.0,0.0,0,0.0,True,"{""sampler"":""TPESampler"",""seed"":42,""n_trials"":50,""direction"":""maximize"",""objective"":""composite = Sharpe * (Return% / MaxDD%)""}","{""lookback"":203,""pivot_window"":9,""min_touches"":4,""tolerance_atr_mult"":0.9000000000000001,""cluster_atr_mult"":0.55,""confirmation_bars"":1,""cooldown_bars"":18,""allowshort"":true}",2014-01-01,2024-12-31,2025-01-01,2026-04-20,2014-01-01,2026-04-20,0.0,0.0,0.0,0.0,0.0,0.0,0.0,0.0,,0.0,0.0,0.0,0.0,,,0.0,,2.0,0.0,0.0,0.0,0.0,0.0,0.0,0.0,,0.0,0.0,0.0,0.0,,,0.0,,2.0,0.0,0.0,0.0,0.0,0.0,0.0,0.0,,0.0,0.0,0.0,0.0,,,0.0,
VKCO,breakout_pivot,1D,Bayesian_TPE,23,0.0,122,11,4,0.8,0.35,1,5,True,0.0,0.0,0.0,0.0,0,0.0,True,"{""sampler"":""TPESampler"",""seed"":42,""n_trials"":50,""direction"":""maximize"",""objective"":""composite = Sharpe * (Return% / MaxDD%)""}","{""lookback"":122,""pivot_window"":11,""min_touches"":4,""tolerance_atr_mult"":0.8,""cluster_atr_mult"":0.35,""confirmation_bars"":1,""cooldown_bars"":5,""allowshort"":true}",2014-01-01,2024-12-31,2025-01-01,2026-04-20,2014-01-01,2026-04-20,0.0,0.0,0.0,0.0,0.0,0.0,0.0,0.0,,0.0,0.0,0.0,0.0,,,0.0,,0.0,0.0,0.0,0.0,0.0,0.0,0.0,0.0,,0.0,0.0,0.0,0.0,,,0.0,,0.0,0.0,0.0,0.0,0.0,0.0,0.0,0.0,,0.0,0.0,0.0,0.0,,,0.0,
VKCO,breakout_pivot,1D,Bayesian_TPE,24,0.003,156,6,4,1.0,0.55,1,10,True,0.96,0.14,0.14,52.27,2,50.0,True,"{""sampler"":""TPESampler"",""seed"":42,""n_trials"":50,""direction"":""maximize"",""objective"":""composite = Sharpe * (Return% / MaxDD%)""}","{""lookback"":156,""pivot_window"":6,""min_touches"":4,""tolerance_atr_mult"":1.0,""cluster_atr_mult"":0.55,""confirmation_bars"":1,""cooldown_bars"":10,""allowshort"":true}",2014-01-01,2024-12-31,2025-01-01,2026-04-20,2014-01-01,2026-04-20,10.0,2.0,1.0,1.0,50.0,194369.6,-184813.2,198.5,,52.27,194369.59999999995,-184813.20000000016,0.96,0.14,0.14,0.0163,0.0,11.0,2.0,1.0,1.0,50.0,31662.0,-96762.4,99.0,,30.1,31662.0,-96762.40000000013,-6.51,-0.08,-0.1,0.0138,-0.0,21.0,4.0,2.0,2.0,50.0,113650.3,-127544.6,166.75,,52.27,194369.59999999995,-154441.80000000005,-2.78,0.11,0.12,0.0166,0.0
VKCO,breakout_pivot,1D,Bayesian_TPE,25,1.139,176,10,3,0.7,0.5,2,3,True,-55.84,-1.194,-1.149,58.56,2,0.0,True,"{""sampler"":""TPESampler"",""seed"":42,""n_trials"":50,""direction"":""maximize"",""objective"":""composite = Sharpe * (Return% / MaxDD%)""}","{""lookback"":176,""pivot_window"":10,""min_touches"":3,""tolerance_atr_mult"":0.7,""cluster_atr_mult"":0.5,""confirmation_bars"":2,""cooldown_bars"":3,""allowshort"":true}",2014-01-01,2024-12-31,2025-01-01,2026-04-20,2014-01-01,2026-04-20,8.0,2.0,0.0,2.0,0.0,0.0,-279221.7,217.0,,58.56,-77657.39999999995,-480785.99999999994,-55.84,-1.19,-1.15,0.0136,-0.03,4.0,1.0,1.0,0.0,100.0,179070.0,0.0,277.0,,30.1,179070.0,179070.0,17.91,0.54,0.77,0.0151,0.03,12.0,3.0,1.0,2.0,33.33,79054.0,-279221.7,237.0,,60.55,79054.0,-480785.99999999994,-47.94,-0.53,-0.58,0.0142,-0.01
VKCO,breakout_pivot,1D,Bayesian_TPE,26,0.734,187,10,3,0.4,0.6000000000000001,2,18,False,-52.33,-0.922,-0.903,65.77,1,0.0,False,"{""sampler"":""TPESampler"",""seed"":42,""n_trials"":50,""direction"":""maximize"",""objective"":""composite = Sharpe * (Return% / MaxDD%)""}","{""lookback"":187,""pivot_window"":10,""min_touches"":3,""tolerance_atr_mult"":0.4,""cluster_atr_mult"":0.6000000000000001,""confirmation_bars"":2,""cooldown_bars"":18,""allowshort"":false}",2014-01-01,2024-12-31,2025-01-01,2026-04-20,2014-01-01,2026-04-20,2.0,1.0,0.0,1.0,0.0,0.0,-523341.6,342.0,,65.77,-523341.6,-523341.6,-52.33,-0.92,-0.9,0.0154,-0.02,2.0,1.0,0.0,1.0,0.0,0.0,-149262.75,202.0,,29.17,-149262.74999999994,-149262.74999999994,-14.93,-0.43,-0.5,0.0119,-0.02,4.0,1.0,0.0,1.0,0.0,0.0,-542163.0,770.0,,65.77,-542162.9999999999,-542162.9999999999,-54.22,-0.47,-0.57,0.0178,-0.01
VKCO,breakout_pivot,1D,Bayesian_TPE,27,0.066,210,8,3,0.65,0.7,2,13,True,-14.53,-0.197,-0.197,43.15,3,33.33,True,"{""sampler"":""TPESampler"",""seed"":42,""n_trials"":50,""direction"":""maximize"",""objective"":""composite = Sharpe * (Return% / MaxDD%)""}","{""lookback"":210,""pivot_window"":8,""min_touches"":3,""tolerance_atr_mult"":0.65,""cluster_atr_mult"":0.7,""confirmation_bars"":2,""cooldown_bars"":13,""allowshort"":true}",2014-01-01,2024-12-31,2025-01-01,2026-04-20,2014-01-01,2026-04-20,11.0,3.0,1.0,2.0,33.33,398622.8,-271956.0,120.0,,43.15,398622.79999999993,-529187.9999999999,-14.53,-0.2,-0.2,0.0118,-0.01,7.0,1.0,1.0,0.0,100.0,171082.0,0.0,292.0,,30.11,171081.99999999997,171081.99999999997,17.11,0.51,0.77,0.0156,0.03,18.0,4.0,2.0,2.0,50.0,272422.4,-271956.0,163.0,,47.99,398622.79999999993,-529187.9999999999,0.09,0.11,0.13,0.0133,0.0
VKCO,breakout_pivot,1D,Bayesian_TPE,28,0.158,149,9,3,0.55,0.5,2,8,True,-28.67,-0.328,-0.387,59.43,2,50.0,True,"{""sampler"":""TPESampler"",""seed"":42,""n_trials"":50,""direction"":""maximize"",""objective"":""composite = Sharpe * (Return% / MaxDD%)""}","{""lookback"":149,""pivot_window"":9,""min_touches"":3,""tolerance_atr_mult"":0.55,""cluster_atr_mult"":0.5,""confirmation_bars"":2,""cooldown_bars"":8,""allowshort"":true}",2014-01-01,2024-12-31,2025-01-01,2026-04-20,2014-01-01,2026-04-20,5.0,2.0,1.0,1.0,50.0,50682.6,-337425.0,293.0,,59.43,50682.59999999998,-337425.0,-28.67,-0.33,-0.39,0.0161,-0.01,2.0,1.0,1.0,0.0,100.0,179070.0,0.0,277.0,,30.1,179070.0,179070.0,17.91,0.54,0.77,0.0151,0.03,7.0,2.0,1.0,1.0,50.0,43833.6,-337425.0,506.0,,65.6,43833.59999999998,-337425.0,-29.36,-0.12,-0.16,0.0181,-0.0
VKCO,breakout_pivot,1D,Bayesian_TPE,29,0.334,171,4,2,0.75,0.8500000000000001,3,11,True,29.68,0.491,0.56,43.61,16,43.75,True,"{""sampler"":""TPESampler"",""seed"":42,""n_trials"":50,""direction"":""maximize"",""objective"":""composite = Sharpe * (Return% / MaxDD%)""}","{""lookback"":171,""pivot_window"":4,""min_touches"":2,""tolerance_atr_mult"":0.75,""cluster_atr_mult"":0.8500000000000001,""confirmation_bars"":3,""cooldown_bars"":11,""allowshort"":true}",2014-01-01,2024-12-31,2025-01-01,2026-04-20,2014-01-01,2026-04-20,42.0,16.0,7.0,9.0,43.75,161315.89,-92490.84,25.62,,43.61,346483.80000000005,-229057.1999999998,29.68,0.49,0.56,0.0152,0.02,30.0,10.0,6.0,4.0,60.0,35496.32,-74904.65,26.7,,31.32,129484.79999999996,-133795.49999999997,-8.66,-0.11,-0.12,0.0153,-0.01,72.0,25.0,13.0,12.0,52.0,110975.56,-96886.72,27.76,,48.28,346483.80000000005,-229057.1999999998,28.0,0.34,0.4,0.0156,0.01
VKCO,breakout_pivot,1D,Bayesian_TPE,30,0.131,114,7,3,0.4,0.45,2,3,True,-27.94,-0.224,-0.191,47.93,3,33.33,True,"{""sampler"":""TPESampler"",""seed"":42,""n_trials"":50,""direction"":""maximize"",""objective"":""composite = Sharpe * (Return% / MaxDD%)""}","{""lookback"":114,""pivot_window"":7,""min_touches"":3,""tolerance_atr_mult"":0.4,""cluster_atr_mult"":0.45,""confirmation_bars"":2,""cooldown_bars"":3,""allowshort"":true}",2014-01-01,2024-12-31,2025-01-01,2026-04-20,2014-01-01,2026-04-20,9.0,3.0,1.0,2.0,33.33,51193.2,-165284.7,183.0,,47.93,51193.199999999975,-244358.4,-27.94,-0.22,-0.19,0.0188,-0.01,8.0,1.0,1.0,0.0,100.0,167521.2,0.0,287.0,,30.1,167521.19999999992,167521.19999999992,16.75,0.5,0.75,0.0155,0.03,17.0,3.0,1.0,2.0,33.33,44275.2,-165284.7,325.0,,55.84,44275.199999999975,-244358.4,-28.63,-0.08,-0.08,0.0197,-0.0
VKCO,breakout_pivot,1D,Bayesian_TPE,31,0.734,185,10,3,0.35,0.6000000000000001,2,17,False,-52.33,-0.922,-0.903,65.77,1,0.0,False,"{""sampler"":""TPESampler"",""seed"":42,""n_trials"":50,""direction"":""maximize"",""objective"":""composite = Sharpe * (Return% / MaxDD%)""}","{""lookback"":185,""pivot_window"":10,""min_touches"":3,""tolerance_atr_mult"":0.35,""cluster_atr_mult"":0.6000000000000001,""confirmation_bars"":2,""cooldown_bars"":17,""allowshort"":false}",2014-01-01,2024-12-31,2025-01-01,2026-04-20,2014-01-01,2026-04-20,2.0,1.0,0.0,1.0,0.0,0.0,-523341.6,342.0,,65.77,-523341.6,-523341.6,-52.33,-0.92,-0.9,0.0154,-0.02,2.0,1.0,0.0,1.0,0.0,0.0,-149262.75,202.0,,29.17,-149262.74999999994,-149262.74999999994,-14.93,-0.43,-0.5,0.0119,-0.02,4.0,1.0,0.0,1.0,0.0,0.0,-542163.0,770.0,,65.77,-542162.9999999999,-542162.9999999999,-54.22,-0.47,-0.57,0.0178,-0.01
VKCO,breakout_pivot,1D,Bayesian_TPE,32,0.734,181,10,3,0.45,0.6000000000000001,2,14,False,-52.33,-0.922,-0.903,65.77,1,0.0,False,"{""sampler"":""TPESampler"",""seed"":42,""n_trials"":50,""direction"":""maximize"",""objective"":""composite = Sharpe * (Return% / MaxDD%)""}","{""lookback"":181,""pivot_window"":10,""min_touches"":3,""tolerance_atr_mult"":0.45,""cluster_atr_mult"":0.6000000000000001,""confirmation_bars"":2,""cooldown_bars"":14,""allowshort"":false}",2014-01-01,2024-12-31,2025-01-01,2026-04-20,2014-01-01,2026-04-20,2.0,1.0,0.0,1.0,0.0,0.0,-523341.6,342.0,,65.77,-523341.6,-523341.6,-52.33,-0.92,-0.9,0.0154,-0.02,3.0,1.0,1.0,0.0,100.0,143446.5,0.0,279.0,,30.1,143446.50000000012,143446.50000000012,14.34,0.46,0.66,0.0151,0.02,5.0,1.0,0.0,1.0,0.0,0.0,-542163.0,770.0,,65.77,-542162.9999999999,-542162.9999999999,-54.22,-0.47,-0.57,0.0178,-0.01
VKCO,breakout_pivot,1D,Bayesian_TPE,33,0.0,165,11,4,0.55,0.5,2,18,False,0.0,0.0,0.0,0.0,0,0.0,False,"{""sampler"":""TPESampler"",""seed"":42,""n_trials"":50,""direction"":""maximize"",""objective"":""composite = Sharpe * (Return% / MaxDD%)""}","{""lookback"":165,""pivot_window"":11,""min_touches"":4,""tolerance_atr_mult"":0.55,""cluster_atr_mult"":0.5,""confirmation_bars"":2,""cooldown_bars"":18,""allowshort"":false}",2014-01-01,2024-12-31,2025-01-01,2026-04-20,2014-01-01,2026-04-20,0.0,0.0,0.0,0.0,0.0,0.0,0.0,0.0,,0.0,0.0,0.0,0.0,,,0.0,,1.0,0.0,0.0,0.0,0.0,0.0,0.0,0.0,,0.0,0.0,0.0,0.0,,,0.0,,1.0,0.0,0.0,0.0,0.0,0.0,0.0,0.0,,0.0,0.0,0.0,0.0,,,0.0,
VKCO,breakout_pivot,1D,Bayesian_TPE,34,0.024,212,9,2,0.4,0.65,2,19,False,5.45,0.191,0.172,43.77,7,42.86,False,"{""sampler"":""TPESampler"",""seed"":42,""n_trials"":50,""direction"":""maximize"",""objective"":""composite = Sharpe * (Return% / MaxDD%)""}","{""lookback"":212,""pivot_window"":9,""min_touches"":2,""tolerance_atr_mult"":0.4,""cluster_atr_mult"":0.65,""confirmation_bars"":2,""cooldown_bars"":19,""allowshort"":false}",2014-01-01,2024-12-31,2025-01-01,2026-04-20,2014-01-01,2026-04-20,21.0,7.0,3.0,4.0,42.86,231422.27,-159935.2,44.43,,43.77,406912.00000000006,-318463.20000000007,5.45,0.19,0.17,0.0118,0.01,13.0,3.0,3.0,0.0,100.0,163786.27,0.0,75.0,,14.22,278699.79999999993,6363.000000000069,49.14,1.25,1.77,0.0134,0.12,34.0,10.0,6.0,4.0,60.0,198126.57,-159935.2,57.2,,44.12,406912.00000000006,-318463.20000000007,54.9,0.56,0.62,0.0132,0.02
VKCO,breakout_pivot,1D,Bayesian_TPE,35,0.0,196,10,4,0.65,0.45,2,5,False,0.0,0.0,0.0,0.0,0,0.0,False,"{""sampler"":""TPESampler"",""seed"":42,""n_trials"":50,""direction"":""maximize"",""objective"":""composite = Sharpe * (Return% / MaxDD%)""}","{""lookback"":196,""pivot_window"":10,""min_touches"":4,""tolerance_atr_mult"":0.65,""cluster_atr_mult"":0.45,""confirmation_bars"":2,""cooldown_bars"":5,""allowshort"":false}",2014-01-01,2024-12-31,2025-01-01,2026-04-20,2014-01-01,2026-04-20,0.0,0.0,0.0,0.0,0.0,0.0,0.0,0.0,,0.0,0.0,0.0,0.0,,,0.0,,1.0,0.0,0.0,0.0,0.0,0.0,0.0,0.0,,0.0,0.0,0.0,0.0,,,0.0,,1.0,0.0,0.0,0.0,0.0,0.0,0.0,0.0,,0.0,0.0,0.0,0.0,,,0.0,
VKCO,breakout_pivot,1D,Bayesian_TPE,36,0.534,251,8,3,0.5,0.7,1,15,False,23.75,0.511,0.513,22.74,2,50.0,False,"{""sampler"":""TPESampler"",""seed"":42,""n_trials"":50,""direction"":""maximize"",""objective"":""composite = Sharpe * (Return% / MaxDD%)""}","{""lookback"":251,""pivot_window"":8,""min_touches"":3,""tolerance_atr_mult"":0.5,""cluster_atr_mult"":0.7,""confirmation_bars"":1,""cooldown_bars"":15,""allowshort"":false}",2014-01-01,2024-12-31,2025-01-01,2026-04-20,2014-01-01,2026-04-20,11.0,2.0,1.0,1.0,50.0,453836.8,-216328.4,161.5,,22.74,453836.79999999993,-216328.40000000005,23.75,0.51,0.51,0.0109,0.02,8.0,2.0,1.0,1.0,50.0,72468.25,-65006.4,127.0,,31.57,72468.25,-65006.400000000125,0.75,0.13,0.18,0.0147,0.01,19.0,4.0,2.0,2.0,50.0,271763.27,-148393.0,144.25,,31.58,453836.79999999993,-216328.40000000005,24.67,0.34,0.4,0.0124,0.01
VKCO,breakout_pivot,1D,Bayesian_TPE,37,-0.013,149,3,4,0.8500000000000001,0.4,3,20,False,-7.26,0.106,0.109,59.17,7,42.86,False,"{""sampler"":""TPESampler"",""seed"":42,""n_trials"":50,""direction"":""maximize"",""objective"":""composite = Sharpe * (Return% / MaxDD%)""}","{""lookback"":149,""pivot_window"":3,""min_touches"":4,""tolerance_atr_mult"":0.8500000000000001,""cluster_atr_mult"":0.4,""confirmation_bars"":3,""cooldown_bars"":20,""allowshort"":false}",2014-01-01,2024-12-31,2025-01-01,2026-04-20,2014-01-01,2026-04-20,20.0,7.0,3.0,4.0,42.86,221287.6,-184117.4,83.43,,59.17,444665.5999999999,-433640.8000000001,-7.26,0.11,0.11,0.0224,0.0,13.0,4.0,2.0,2.0,50.0,161980.77,-31285.55,49.5,,14.35,163009.5499999998,-38989.59999999991,26.14,0.88,1.23,0.0113,0.07,33.0,11.0,5.0,6.0,45.45,193551.29,-130748.25,74.45,,59.17,444665.5999999999,-433640.8000000001,18.33,0.28,0.29,0.0197,0.01
VKCO,breakout_pivot,1D,Bayesian_TPE,38,0.043,168,12,2,0.35,0.5,2,17,True,8.54,0.237,0.258,46.66,5,60.0,True,"{""sampler"":""TPESampler"",""seed"":42,""n_trials"":50,""direction"":""maximize"",""objective"":""composite = Sharpe * (Return% / MaxDD%)""}","{""lookback"":168,""pivot_window"":12,""min_touches"":2,""tolerance_atr_mult"":0.35,""cluster_atr_mult"":0.5,""confirmation_bars"":2,""cooldown_bars"":17,""allowshort"":true}",2014-01-01,2024-12-31,2025-01-01,2026-04-20,2014-01-01,2026-04-20,18.0,5.0,3.0,2.0,60.0,241429.13,-319451.5,97.2,,46.66,485248.00000000006,-582713.9999999999,8.54,0.24,0.26,0.0152,0.01,11.0,3.0,2.0,1.0,66.67,189264.6,-59472.0,66.33,,14.22,260496.59999999992,-59472.0,31.91,0.93,1.23,0.0129,0.08,29.0,8.0,5.0,3.0,62.5,227025.11,-234478.67,85.62,,54.25,485248.00000000006,-582713.9999999999,43.17,0.46,0.52,0.0144,0.01
VKCO,breakout_pivot,1D,Bayesian_TPE,39,0.101,238,5,4,1.1,0.55,1,7,True,13.61,0.309,0.259,41.59,4,50.0,True,"{""sampler"":""TPESampler"",""seed"":42,""n_trials"":50,""direction"":""maximize"",""objective"":""composite = Sharpe * (Return% / MaxDD%)""}","{""lookback"":238,""pivot_window"":5,""min_touches"":4,""tolerance_atr_mult"":1.1,""cluster_atr_mult"":0.55,""confirmation_bars"":1,""cooldown_bars"":7,""allowshort"":true}",2014-01-01,2024-12-31,2025-01-01,2026-04-20,2014-01-01,2026-04-20,18.0,4.0,2.0,2.0,50.0,186625.8,-118555.2,56.25,,41.59,365727.59999999986,-207979.20000000016,13.61,0.31,0.26,0.0137,0.01,28.0,6.0,2.0,4.0,33.33,13156.1,-34658.32,32.83,,29.23,24362.799999999963,-64709.60000000004,-11.23,-0.29,-0.36,0.0118,-0.01,46.0,10.0,4.0,6.0,40.0,100996.95,-61178.92,48.5,,41.59,365727.59999999986,-175982.4000000001,3.69,0.15,0.15,0.0143,0.01
VKCO,breakout_pivot,1D,Bayesian_TPE,40,0.065,221,8,3,0.7,0.35,2,9,False,-14.42,-0.195,-0.195,43.15,3,33.33,False,"{""sampler"":""TPESampler"",""seed"":42,""n_trials"":50,""direction"":""maximize"",""objective"":""composite = Sharpe * (Return% / MaxDD%)""}","{""lookback"":221,""pivot_window"":8,""min_touches"":3,""tolerance_atr_mult"":0.7,""cluster_atr_mult"":0.35,""confirmation_bars"":2,""cooldown_bars"":9,""allowshort"":false}",2014-01-01,2024-12-31,2025-01-01,2026-04-20,2014-01-01,2026-04-20,12.0,3.0,1.0,2.0,33.33,399245.0,-271728.6,120.33,,43.15,399244.99999999994,-529940.3999999999,-14.42,-0.19,-0.19,0.0118,-0.01,6.0,1.0,1.0,0.0,100.0,186222.0,0.0,289.0,,30.11,186221.99999999997,186221.99999999997,18.62,0.54,0.81,0.0156,0.03,18.0,4.0,2.0,2.0,50.0,279301.9,-271728.6,162.5,,48.0,399244.99999999994,-529940.3999999999,1.51,0.12,0.14,0.0133,0.0
VKCO,breakout_pivot,1D,Bayesian_TPE,41,0.734,184,10,3,0.35,0.65,2,17,False,-52.33,-0.922,-0.903,65.77,1,0.0,False,"{""sampler"":""TPESampler"",""seed"":42,""n_trials"":50,""direction"":""maximize"",""objective"":""composite = Sharpe * (Return% / MaxDD%)""}","{""lookback"":184,""pivot_window"":10,""min_touches"":3,""tolerance_atr_mult"":0.35,""cluster_atr_mult"":0.65,""confirmation_bars"":2,""cooldown_bars"":17,""allowshort"":false}",2014-01-01,2024-12-31,2025-01-01,2026-04-20,2014-01-01,2026-04-20,2.0,1.0,0.0,1.0,0.0,0.0,-523341.6,342.0,,65.77,-523341.6,-523341.6,-52.33,-0.92,-0.9,0.0154,-0.02,2.0,1.0,0.0,1.0,0.0,0.0,-149262.75,202.0,,29.17,-149262.74999999994,-149262.74999999994,-14.93,-0.43,-0.5,0.0119,-0.02,4.0,1.0,0.0,1.0,0.0,0.0,-542163.0,770.0,,65.77,-542162.9999999999,-542162.9999999999,-54.22,-0.47,-0.57,0.0178,-0.01
VKCO,breakout_pivot,1D,Bayesian_TPE,42,0.616,206,11,3,0.45,0.6000000000000001,2,19,False,-54.34,-0.789,-0.916,69.56,1,0.0,False,"{""sampler"":""TPESampler"",""seed"":42,""n_trials"":50,""direction"":""maximize"",""objective"":""composite = Sharpe * (Return% / MaxDD%)""}","{""lookback"":206,""pivot_window"":11,""min_touches"":3,""tolerance_atr_mult"":0.45,""cluster_atr_mult"":0.6000000000000001,""confirmation_bars"":2,""cooldown_bars"":19,""allowshort"":false}",2014-01-01,2024-12-31,2025-01-01,2026-04-20,2014-01-01,2026-04-20,3.0,1.0,0.0,1.0,0.0,0.0,-543412.0,532.0,,69.56,-543412.0000000001,-543412.0000000001,-54.34,-0.79,-0.92,0.0183,-0.02,3.0,1.0,1.0,0.0,100.0,143446.5,0.0,279.0,,30.1,143446.50000000012,143446.50000000012,14.34,0.46,0.66,0.0151,0.02,6.0,1.0,0.0,1.0,0.0,0.0,-561443.0,960.0,,69.56,-561443.0,-561443.0,-56.14,-0.44,-0.57,0.0194,-0.01
VKCO,breakout_pivot,1D,Bayesian_TPE,43,0.734,184,10,3,0.35,0.6000000000000001,2,16,False,-52.33,-0.922,-0.903,65.77,1,0.0,False,"{""sampler"":""TPESampler"",""seed"":42,""n_trials"":50,""direction"":""maximize"",""objective"":""composite = Sharpe * (Return% / MaxDD%)""}","{""lookback"":184,""pivot_window"":10,""min_touches"":3,""tolerance_atr_mult"":0.35,""cluster_atr_mult"":0.6000000000000001,""confirmation_bars"":2,""cooldown_bars"":16,""allowshort"":false}",2014-01-01,2024-12-31,2025-01-01,2026-04-20,2014-01-01,2026-04-20,2.0,1.0,0.0,1.0,0.0,0.0,-523341.6,342.0,,65.77,-523341.6,-523341.6,-52.33,-0.92,-0.9,0.0154,-0.02,2.0,1.0,0.0,1.0,0.0,0.0,-149262.75,202.0,,29.17,-149262.74999999994,-149262.74999999994,-14.93,-0.43,-0.5,0.0119,-0.02,4.0,1.0,0.0,1.0,0.0,0.0,-542163.0,770.0,,65.77,-542162.9999999999,-542162.9999999999,-54.22,-0.47,-0.57,0.0178,-0.01
VKCO,breakout_pivot,1D,Bayesian_TPE,44,0.752,196,9,4,0.3,0.75,2,18,False,-51.84,-0.928,-0.866,63.94,1,0.0,False,"{""sampler"":""TPESampler"",""seed"":42,""n_trials"":50,""direction"":""maximize"",""objective"":""composite = Sharpe * (Return% / MaxDD%)""}","{""lookback"":196,""pivot_window"":9,""min_touches"":4,""tolerance_atr_mult"":0.3,""cluster_atr_mult"":0.75,""confirmation_bars"":2,""cooldown_bars"":18,""allowshort"":false}",2014-01-01,2024-12-31,2025-01-01,2026-04-20,2014-01-01,2026-04-20,1.0,1.0,0.0,1.0,0.0,0.0,-518364.0,307.0,,63.94,-518364.00000000006,-518364.00000000006,-51.84,-0.93,-0.87,0.0152,-0.02,1.0,0.0,0.0,0.0,0.0,0.0,0.0,0.0,,0.0,0.0,0.0,0.0,,,0.0,,2.0,1.0,0.0,1.0,0.0,0.0,-537383.0,735.0,,63.94,-537383.0,-537383.0,-53.74,-0.47,-0.56,0.0176,-0.01
VKCO,breakout_pivot,1D,Bayesian_TPE,45,0.752,228,9,4,0.3,0.75,2,19,False,-51.84,-0.928,-0.866,63.94,1,0.0,False,"{""sampler"":""TPESampler"",""seed"":42,""n_trials"":50,""direction"":""maximize"",""objective"":""composite = Sharpe * (Return% / MaxDD%)""}","{""lookback"":228,""pivot_window"":9,""min_touches"":4,""tolerance_atr_mult"":0.3,""cluster_atr_mult"":0.75,""confirmation_bars"":2,""cooldown_bars"":19,""allowshort"":false}",2014-01-01,2024-12-31,2025-01-01,2026-04-20,2014-01-01,2026-04-20,1.0,1.0,0.0,1.0,0.0,0.0,-518364.0,307.0,,63.94,-518364.00000000006,-518364.00000000006,-51.84,-0.93,-0.87,0.0152,-0.02,1.0,0.0,0.0,0.0,0.0,0.0,0.0,0.0,,0.0,0.0,0.0,0.0,,,0.0,,2.0,1.0,0.0,1.0,0.0,0.0,-537383.0,735.0,,63.94,-537383.0,-537383.0,-53.74,-0.47,-0.56,0.0176,-0.01
VKCO,breakout_pivot,1D,Bayesian_TPE,46,0.231,250,9,4,0.3,0.95,2,19,True,-39.02,-0.412,-0.51,69.58,1,0.0,True,"{""sampler"":""TPESampler"",""seed"":42,""n_trials"":50,""direction"":""maximize"",""objective"":""composite = Sharpe * (Return% / MaxDD%)""}","{""lookback"":250,""pivot_window"":9,""min_touches"":4,""tolerance_atr_mult"":0.3,""cluster_atr_mult"":0.95,""confirmation_bars"":2,""cooldown_bars"":19,""allowshort"":true}",2014-01-01,2024-12-31,2025-01-01,2026-04-20,2014-01-01,2026-04-20,3.0,1.0,0.0,1.0,0.0,0.0,-390200.0,594.0,,69.58,-390200.0,-390200.0,-39.02,-0.41,-0.51,0.0191,-0.01,2.0,1.0,1.0,0.0,100.0,41107.65,0.0,88.0,,7.36,41107.65000000008,41107.65000000008,4.11,0.3,0.33,0.006,0.02,5.0,1.0,0.0,1.0,0.0,0.0,-414294.85,1022.0,,69.58,-414294.8499999999,-414294.8499999999,-41.43,-0.22,-0.29,0.0199,-0.01
VKCO,breakout_pivot,1D,Bayesian_TPE,47,0.0,228,9,5,0.3,0.8,3,4,False,0.0,0.0,0.0,0.0,0,0.0,False,"{""sampler"":""TPESampler"",""seed"":42,""n_trials"":50,""direction"":""maximize"",""objective"":""composite = Sharpe * (Return% / MaxDD%)""}","{""lookback"":228,""pivot_window"":9,""min_touches"":5,""tolerance_atr_mult"":0.3,""cluster_atr_mult"":0.8,""confirmation_bars"":3,""cooldown_bars"":4,""allowshort"":false}",2014-01-01,2024-12-31,2025-01-01,2026-04-20,2014-01-01,2026-04-20,0.0,0.0,0.0,0.0,0.0,0.0,0.0,0.0,,0.0,0.0,0.0,0.0,,,0.0,,0.0,0.0,0.0,0.0,0.0,0.0,0.0,0.0,,0.0,0.0,0.0,0.0,,,0.0,,0.0,0.0,0.0,0.0,0.0,0.0,0.0,0.0,,0.0,0.0,0.0,0.0,,,0.0,
VKCO,breakout_pivot,1D,Bayesian_TPE,48,0.453,277,8,4,0.5,0.75,2,15,True,-12.17,-0.542,-0.24,14.57,1,0.0,True,"{""sampler"":""TPESampler"",""seed"":42,""n_trials"":50,""direction"":""maximize"",""objective"":""composite = Sharpe * (Return% / MaxDD%)""}","{""lookback"":277,""pivot_window"":8,""min_touches"":4,""tolerance_atr_mult"":0.5,""cluster_atr_mult"":0.75,""confirmation_bars"":2,""cooldown_bars"":15,""allowshort"":true}",2014-01-01,2024-12-31,2025-01-01,2026-04-20,2014-01-01,2026-04-20,3.0,1.0,0.0,1.0,0.0,0.0,-121660.0,91.0,,14.57,-121660.0,-121660.0,-12.17,-0.54,-0.24,0.0049,-0.02,2.0,1.0,1.0,0.0,100.0,171082.0,0.0,292.0,,30.11,171081.99999999997,171081.99999999997,17.11,0.51,0.77,0.0156,0.03,5.0,2.0,1.0,1.0,50.0,150244.8,-121660.0,191.5,,30.1,150244.79999999996,-121660.0,2.86,0.12,0.11,0.0101,0.0
VKCO,breakout_pivot,1D,Bayesian_TPE,49,0.192,214,7,4,0.45,0.8500000000000001,1,20,True,-37.23,-0.358,-0.467,69.57,1,0.0,True,"{""sampler"":""TPESampler"",""seed"":42,""n_trials"":50,""direction"":""maximize"",""objective"":""composite = Sharpe * (Return% / MaxDD%)""}","{""lookback"":214,""pivot_window"":7,""min_touches"":4,""tolerance_atr_mult"":0.45,""cluster_atr_mult"":0.8500000000000001,""confirmation_bars"":1,""cooldown_bars"":20,""allowshort"":true}",2014-01-01,2024-12-31,2025-01-01,2026-04-20,2014-01-01,2026-04-20,4.0,1.0,0.0,1.0,0.0,0.0,-372283.2,658.0,,69.57,-372283.20000000007,-372283.20000000007,-37.23,-0.36,-0.47,0.0198,-0.01,3.0,1.0,1.0,0.0,100.0,204682.25,0.0,277.0,,30.1,204682.2500000001,204682.2500000001,20.47,0.59,0.85,0.0151,0.03,7.0,1.0,0.0,1.0,0.0,0.0,-378608.4,1083.0,,69.57,-378608.4,-378608.4,-37.86,-0.17,-0.23,0.0203,-0.0
LKOH,breakout_pivot,1D,Bayesian_TPE,0,1.272,175,12,4,0.8500000000000001,0.4,1,4,True,66.87,0.473,0.38,24.87,2,100.0,True,"{""sampler"":""TPESampler"",""seed"":42,""n_trials"":50,""direction"":""maximize"",""objective"":""composite = Sharpe * (Return% / MaxDD%)""}","{""lookback"":175,""pivot_window"":12,""min_touches"":4,""tolerance_atr_mult"":0.8500000000000001,""cluster_atr_mult"":0.4,""confirmation_bars"":1,""cooldown_bars"":4,""allowshort"":true}",2014-01-01,2024-12-31,2025-01-01,2026-04-20,2014-01-01,2026-04-20,20.0,2.0,2.0,0.0,100.0,334362.75,0.0,472.0,,24.87,400672.0,268053.5,66.87,0.47,0.38,0.0071,0.01,0.0,0.0,0.0,0.0,0.0,0.0,0.0,0.0,,0.0,0.0,0.0,0.0,,,0.0,,20.0,2.0,2.0,0.0,100.0,334362.75,0.0,472.0,,24.87,400672.0,268053.5,66.87,0.44,0.33,0.0066,0.01
LKOH,breakout_pivot,1D,Bayesian_TPE,1,0.453,242,3,5,1.05,0.5,1,6,False,54.9,0.307,0.319,37.17,43,46.51,False,"{""sampler"":""TPESampler"",""seed"":42,""n_trials"":50,""direction"":""maximize"",""objective"":""composite = Sharpe * (Return% / MaxDD%)""}","{""lookback"":242,""pivot_window"":3,""min_touches"":5,""tolerance_atr_mult"":1.05,""cluster_atr_mult"":0.5,""confirmation_bars"":1,""cooldown_bars"":6,""allowshort"":false}",2014-01-01,2024-12-31,2025-01-01,2026-04-20,2014-01-01,2026-04-20,177.0,43.0,20.0,23.0,46.51,83116.86,-48406.47,50.12,,37.17,325282.5,-149512.5,54.9,0.31,0.32,0.0118,0.01,21.0,3.0,1.0,2.0,33.33,33966.0,-30232.5,46.0,,16.95,33966.0,-53325.0,-2.65,-0.09,-0.08,0.0069,-0.0,198.0,45.0,21.0,24.0,46.67,79895.15,-49781.59,51.29,,37.17,325282.5,-149512.5,48.3,0.26,0.27,0.0113,0.01
LKOH,breakout_pivot,1D,Bayesian_TPE,2,4.168,186,5,4,0.4,0.55,2,11,True,219.81,0.651,0.631,34.33,10,60.0,True,"{""sampler"":""TPESampler"",""seed"":42,""n_trials"":50,""direction"":""maximize"",""objective"":""composite = Sharpe * (Return% / MaxDD%)""}","{""lookback"":186,""pivot_window"":5,""min_touches"":4,""tolerance_atr_mult"":0.4,""cluster_atr_mult"":0.55,""confirmation_bars"":2,""cooldown_bars"":11,""allowshort"":true}",2014-01-01,2024-12-31,2025-01-01,2026-04-20,2014-01-01,2026-04-20,42.0,10.0,6.0,4.0,60.0,427980.17,-92446.43,208.5,,34.33,1220408.0,-155595.0,219.81,0.65,0.63,0.0121,0.02,6.0,3.0,0.0,3.0,0.0,0.0,-63938.0,59.67,,26.04,-10584.0,-92190.0,-19.18,-0.89,-0.75,0.0085,-0.03,48.0,13.0,6.0,7.0,46.15,427980.17,-140620.24,174.15,,34.33,1220408.0,-295008.0,158.35,0.5,0.48,0.0117,0.02
LKOH,breakout_pivot,1D,Bayesian_TPE,3,0.884,203,8,2,0.8500000000000001,0.45,1,20,True,76.14,0.37,0.392,31.88,48,47.92,True,"{""sampler"":""TPESampler"",""seed"":42,""n_trials"":50,""direction"":""maximize"",""objective"":""composite = Sharpe * (Return% / MaxDD%)""}","{""lookback"":203,""pivot_window"":8,""min_touches"":2,""tolerance_atr_mult"":0.8500000000000001,""cluster_atr_mult"":0.45,""confirmation_bars"":1,""cooldown_bars"":20,""allowshort"":true}",2014-01-01,2024-12-31,2025-01-01,2026-04-20,2014-01-01,2026-04-20,129.0,48.0,23.0,25.0,47.92,79678.13,-42848.04,41.21,,31.88,276237.5,-130928.0,76.14,0.37,0.39,0.0118,0.01,21.0,7.0,2.0,5.0,28.57,46078.5,-51549.6,29.43,,22.91,50457.0,-84542.0,-16.56,-0.67,-0.53,0.0094,-0.03,150.0,54.0,24.0,30.0,44.44,82644.63,-50761.82,41.0,,31.88,276237.5,-147948.5,46.06,0.26,0.26,0.0115,0.01
LKOH,breakout_pivot,1D,Bayesian_TPE,4,0.04,161,3,4,0.7,0.4,2,3,True,13.64,0.159,0.169,53.59,41,48.78,True,"{""sampler"":""TPESampler"",""seed"":42,""n_trials"":50,""direction"":""maximize"",""objective"":""composite = Sharpe * (Return% / MaxDD%)""}","{""lookback"":161,""pivot_window"":3,""min_touches"":4,""tolerance_atr_mult"":0.7,""cluster_atr_mult"":0.4,""confirmation_bars"":2,""cooldown_bars"":3,""allowshort"":true}",2014-01-01,2024-12-31,2025-01-01,2026-04-20,2014-01-01,2026-04-20,186.0,41.0,20.0,21.0,48.78,101759.8,-90418.07,57.93,,53.59,268202.5,-313654.0,13.64,0.16,0.17,0.0127,0.0,24.0,5.0,1.0,4.0,20.0,31136.0,-56656.12,37.8,,26.38,31136.0,-123333.0,-19.55,-0.94,-0.83,0.0083,-0.03,210.0,45.0,21.0,24.0,46.67,97632.36,-89590.06,57.07,,58.28,268202.5,-313654.0,-9.99,0.05,0.06,0.0123,0.0
LKOH,breakout_pivot,1D,Bayesian_TPE,5,0.724,233,6,4,0.8,0.45,3,16,True,81.13,0.397,0.345,44.51,14,71.43,True,"{""sampler"":""TPESampler"",""seed"":42,""n_trials"":50,""direction"":""maximize"",""objective"":""composite = Sharpe * (Return% / MaxDD%)""}","{""lookback"":233,""pivot_window"":6,""min_touches"":4,""tolerance_atr_mult"":0.8,""cluster_atr_mult"":0.45,""confirmation_bars"":3,""cooldown_bars"":16,""allowshort"":true}",2014-01-01,2024-12-31,2025-01-01,2026-04-20,2014-01-01,2026-04-20,52.0,14.0,10.0,4.0,71.43,114451.9,-83304.9,121.57,,44.51,368614.0,-205323.0,81.13,0.4,0.35,0.0111,0.01,3.0,0.0,0.0,0.0,0.0,0.0,0.0,0.0,,0.0,0.0,0.0,0.0,,,0.0,,55.0,14.0,9.0,5.0,64.29,120377.11,-86793.92,128.5,,44.51,368614.0,-205323.0,64.94,0.32,0.27,0.0106,0.01
LKOH,breakout_pivot,1D,Bayesian_TPE,6,0.552,220,12,2,0.45,0.3,1,9,False,66.3,0.347,0.339,41.66,39,51.28,False,"{""sampler"":""TPESampler"",""seed"":42,""n_trials"":50,""direction"":""maximize"",""objective"":""composite = Sharpe * (Return% / MaxDD%)""}","{""lookback"":220,""pivot_window"":12,""min_touches"":2,""tolerance_atr_mult"":0.45,""cluster_atr_mult"":0.3,""confirmation_bars"":1,""cooldown_bars"":9,""allowshort"":false}",2014-01-01,2024-12-31,2025-01-01,2026-04-20,2014-01-01,2026-04-20,125.0,39.0,20.0,18.0,51.28,78883.32,-50814.93,51.44,,41.66,474882.5,-194376.0,66.3,0.35,0.34,0.0114,0.01,16.0,6.0,1.0,5.0,16.67,32804.0,-97924.2,42.17,,46.44,32804.0,-184509.0,-45.68,-1.94,-1.89,0.0115,-0.05,141.0,45.0,21.0,23.0,46.67,76449.69,-74602.1,50.29,,48.33,474882.5,-301207.0,-11.04,0.04,0.04,0.0114,0.0
LKOH,breakout_pivot,1D,Bayesian_TPE,7,0.964,171,5,4,0.4,1.05,1,20,True,102.75,0.427,0.401,45.5,17,52.94,True,"{""sampler"":""TPESampler"",""seed"":42,""n_trials"":50,""direction"":""maximize"",""objective"":""composite = Sharpe * (Return% / MaxDD%)""}","{""lookback"":171,""pivot_window"":5,""min_touches"":4,""tolerance_atr_mult"":0.4,""cluster_atr_mult"":1.05,""confirmation_bars"":1,""cooldown_bars"":20,""allowshort"":true}",2014-01-01,2024-12-31,2025-01-01,2026-04-20,2014-01-01,2026-04-20,55.0,17.0,9.0,7.0,52.94,216160.89,-131132.29,127.88,,45.5,1040520.0,-241323.0,102.75,0.43,0.4,0.0124,0.01,12.0,4.0,1.0,3.0,25.0,3672.0,-68147.67,41.25,,22.02,3672.0,-113620.0,-20.08,-1.17,-1.04,0.007,-0.04,67.0,20.0,10.0,10.0,50.0,195337.85,-123540.1,119.15,,45.5,1040520.0,-241323.0,71.8,0.32,0.3,0.0119,0.01
LKOH,breakout_pivot,1D,Bayesian_TPE,8,0.0,101,11,4,0.95,1.0,1,9,False,0.0,0.0,0.0,0.0,0,0.0,False,"{""sampler"":""TPESampler"",""seed"":42,""n_trials"":50,""direction"":""maximize"",""objective"":""composite = Sharpe * (Return% / MaxDD%)""}","{""lookback"":101,""pivot_window"":11,""min_touches"":4,""tolerance_atr_mult"":0.95,""cluster_atr_mult"":1.0,""confirmation_bars"":1,""cooldown_bars"":9,""allowshort"":false}",2014-01-01,2024-12-31,2025-01-01,2026-04-20,2014-01-01,2026-04-20,1.0,0.0,0.0,0.0,0.0,0.0,0.0,0.0,,0.0,0.0,0.0,0.0,,,0.0,,0.0,0.0,0.0,0.0,0.0,0.0,0.0,0.0,,0.0,0.0,0.0,0.0,,,0.0,,1.0,0.0,0.0,0.0,0.0,0.0,0.0,0.0,,0.0,0.0,0.0,0.0,,,0.0,
LKOH,breakout_pivot,1D,Bayesian_TPE,9,-0.011,225,6,2,0.55,0.6000000000000001,3,14,True,-11.51,0.062,0.054,62.83,54,46.3,True,"{""sampler"":""TPESampler"",""seed"":42,""n_trials"":50,""direction"":""maximize"",""objective"":""composite = Sharpe * (Return% / MaxDD%)""}","{""lookback"":225,""pivot_window"":6,""min_touches"":2,""tolerance_atr_mult"":0.55,""cluster_atr_mult"":0.6000000000000001,""confirmation_bars"":3,""cooldown_bars"":14,""allowshort"":true}",2014-01-01,2024-12-31,2025-01-01,2026-04-20,2014-01-01,2026-04-20,156.0,54.0,25.0,29.0,46.3,65715.7,-60619.1,38.0,,62.83,284262.0,-291802.5,-11.51,0.06,0.05,0.0139,0.0,28.0,10.0,2.0,8.0,20.0,12806.25,-35159.19,19.1,,33.86,23975.0,-108906.5,-25.57,-1.16,-0.88,0.0092,-0.03,184.0,64.0,27.0,37.0,42.19,61012.24,-54089.29,35.19,,62.83,284262.0,-291802.5,-35.4,-0.05,-0.05,0.0134,-0.0
LKOH,breakout_pivot,1D,Bayesian_TPE,10,0.284,289,9,3,0.3,0.8,2,12,False,40.81,0.28,0.209,40.3,12,41.67,False,"{""sampler"":""TPESampler"",""seed"":42,""n_trials"":50,""direction"":""maximize"",""objective"":""composite = Sharpe * (Return% / MaxDD%)""}","{""lookback"":289,""pivot_window"":9,""min_touches"":3,""tolerance_atr_mult"":0.3,""cluster_atr_mult"":0.8,""confirmation_bars"":2,""cooldown_bars"":12,""allowshort"":false}",2014-01-01,2024-12-31,2025-01-01,2026-04-20,2014-01-01,2026-04-20,52.0,12.0,5.0,7.0,41.67,173188.6,-65408.07,116.25,,40.3,387100.0,-134550.0,40.81,0.28,0.21,0.0098,0.01,13.0,3.0,1.0,2.0,33.33,32704.0,-70831.0,56.67,,19.32,32704.0,-89040.0,-10.9,-0.51,-0.43,0.0077,-0.02,65.0,15.0,6.0,9.0,40.0,152014.5,-73001.06,104.33,,40.3,387100.0,-134550.0,25.51,0.2,0.15,0.0095,0.0
LKOH,breakout_pivot,1D,Bayesian_TPE,11,0.215,157,10,5,1.15,0.7,2,4,True,14.63,0.21,0.102,14.29,1,100.0,True,"{""sampler"":""TPESampler"",""seed"":42,""n_trials"":50,""direction"":""maximize"",""objective"":""composite = Sharpe * (Return% / MaxDD%)""}","{""lookback"":157,""pivot_window"":10,""min_touches"":5,""tolerance_atr_mult"":1.1500000000000001,""cluster_atr_mult"":0.7,""confirmation_bars"":2,""cooldown_bars"":4,""allowshort"":true}",2014-01-01,2024-12-31,2025-01-01,2026-04-20,2014-01-01,2026-04-20,14.0,1.0,1.0,0.0,100.0,146332.5,0.0,322.0,,14.29,146332.5,146332.5,14.63,0.21,0.1,0.0045,0.01,1.0,1.0,0.0,1.0,0.0,0.0,-296335.0,425.0,,36.63,-296335.0,-296335.0,-29.63,-0.79,-1.01,0.0148,-0.03,15.0,2.0,1.0,1.0,50.0,146332.5,-339645.5,373.5,,45.02,146332.5,-339645.5,-19.33,-0.1,-0.07,0.0068,-0.0
LKOH,breakout_pivot,1D,Bayesian_TPE,12,0.663,124,5,3,0.65,0.8,2,8,True,67.45,0.353,0.371,35.92,31,45.16,True,"{""sampler"":""TPESampler"",""seed"":42,""n_trials"":50,""direction"":""maximize"",""objective"":""composite = Sharpe * (Return% / MaxDD%)""}","{""lookback"":124,""pivot_window"":5,""min_touches"":3,""tolerance_atr_mult"":0.65,""cluster_atr_mult"":0.8,""confirmation_bars"":2,""cooldown_bars"":8,""allowshort"":true}",2014-01-01,2024-12-31,2025-01-01,2026-04-20,2014-01-01,2026-04-20,118.0,31.0,14.0,17.0,45.16,114010.85,-54213.2,63.35,,35.92,393618.0,-207196.0,67.45,0.35,0.37,0.0113,0.01,14.0,4.0,0.0,4.0,0.0,0.0,-65603.62,66.75,,35.15,-10220.0,-96670.0,-26.24,-0.93,-0.88,0.0114,-0.03,132.0,35.0,14.0,21.0,40.0,114010.85,-64853.71,63.74,,35.92,393618.0,-207196.0,23.42,0.18,0.19,0.0113,0.01
LKOH,breakout_pivot,1D,Bayesian_TPE,13,1.07,193,7,5,0.6000000000000001,1.2,3,16,True,88.46,0.444,0.422,36.7,5,80.0,True,"{""sampler"":""TPESampler"",""seed"":42,""n_trials"":50,""direction"":""maximize"",""objective"":""composite = Sharpe * (Return% / MaxDD%)""}","{""lookback"":193,""pivot_window"":7,""min_touches"":5,""tolerance_atr_mult"":0.6000000000000001,""cluster_atr_mult"":1.2,""confirmation_bars"":3,""cooldown_bars"":16,""allowshort"":true}",2014-01-01,2024-12-31,2025-01-01,2026-04-20,2014-01-01,2026-04-20,18.0,5.0,4.0,1.0,80.0,246139.43,-99960.0,305.4,,36.7,631036.0,-99960.00000000004,88.46,0.44,0.42,0.01,0.01,8.0,1.0,0.0,1.0,0.0,0.0,-116416.0,78.0,,17.18,-116416.0,-116416.0,-11.64,-0.75,-0.42,0.006,-0.03,26.0,6.0,4.0,2.0,66.67,246139.43,-159548.0,267.5,,36.7,631036.0,-219136.0,66.55,0.34,0.31,0.0096,0.01
LKOH,breakout_pivot,1D,Bayesian_TPE,14,0.091,263,12,3,0.9000000000000001,0.3,2,6,True,17.39,0.181,0.107,34.73,7,42.86,True,"{""sampler"":""TPESampler"",""seed"":42,""n_trials"":50,""direction"":""maximize"",""objective"":""composite = Sharpe * (Return% / MaxDD%)""}","{""lookback"":263,""pivot_window"":12,""min_touches"":3,""tolerance_atr_mult"":0.9000000000000001,""cluster_atr_mult"":0.3,""confirmation_bars"":2,""cooldown_bars"":6,""allowshort"":true}",2014-01-01,2024-12-31,2025-01-01,2026-04-20,2014-01-01,2026-04-20,47.0,7.0,3.0,4.0,42.86,145196.0,-65424.38,147.57,,34.73,386880.0,-121923.0,17.39,0.18,0.11,0.0079,0.0,6.0,2.0,0.0,2.0,0.0,0.0,-51937.25,82.0,,15.98,-50935.5,-52939.0,-10.39,-0.5,-0.43,0.0076,-0.02,53.0,9.0,3.0,6.0,33.33,145196.0,-63962.33,133.0,,34.73,386880.0,-121923.0,5.18,0.1,0.06,0.0079,0.0
LKOH,breakout_pivot,1D,Bayesian_TPE,15,0.304,138,9,4,1.0,0.6000000000000001,1,12,True,47.57,0.282,0.235,44.07,5,80.0,True,"{""sampler"":""TPESampler"",""seed"":42,""n_trials"":50,""direction"":""maximize"",""objective"":""composite = Sharpe * (Return% / MaxDD%)""}","{""lookback"":138,""pivot_window"":9,""min_touches"":4,""tolerance_atr_mult"":1.0,""cluster_atr_mult"":0.6000000000000001,""confirmation_bars"":1,""cooldown_bars"":12,""allowshort"":true}",2014-01-01,2024-12-31,2025-01-01,2026-04-20,2014-01-01,2026-04-20,22.0,5.0,4.0,1.0,80.0,150876.88,-127846.6,316.4,,44.07,283926.5,-127846.59999999996,47.57,0.28,0.23,0.012,0.01,5.0,1.0,0.0,1.0,0.0,0.0,-300430.0,431.0,,37.16,-300430.0,-300430.0,-30.04,-0.79,-1.03,0.0151,-0.03,27.0,5.0,3.0,2.0,60.0,184421.67,-228607.05,411.4,,44.07,283926.5,-329367.5,9.61,0.14,0.13,0.0125,0.0
LKOH,breakout_pivot,1D,Bayesian_TPE,16,-0.011,183,4,3,0.75,0.6000000000000001,3,7,True,-12.01,0.055,0.047,59.43,47,36.17,True,"{""sampler"":""TPESampler"",""seed"":42,""n_trials"":50,""direction"":""maximize"",""objective"":""composite = Sharpe * (Return% / MaxDD%)""}","{""lookback"":183,""pivot_window"":4,""min_touches"":3,""tolerance_atr_mult"":0.75,""cluster_atr_mult"":0.6000000000000001,""confirmation_bars"":3,""cooldown_bars"":7,""allowshort"":true}",2014-01-01,2024-12-31,2025-01-01,2026-04-20,2014-01-01,2026-04-20,153.0,47.0,17.0,30.0,36.17,150899.5,-89511.41,44.36,,59.43,519120.0,-552544.0,-12.01,0.05,0.05,0.0134,0.0,34.0,11.0,4.0,7.0,36.36,21635.0,-47633.07,13.27,,31.65,46713.0,-112040.5,-24.69,-1.19,-0.77,0.0086,-0.03,187.0,57.0,20.0,37.0,35.09,131888.85,-80465.35,39.44,,67.32,519120.0,-552544.0,-33.94,-0.06,-0.05,0.0129,-0.0
LKOH,breakout_pivot,1D,Bayesian_TPE,17,2.037,145,7,5,0.5,0.55,2,10,True,92.45,0.548,0.43,24.87,1,100.0,True,"{""sampler"":""TPESampler"",""seed"":42,""n_trials"":50,""direction"":""maximize"",""objective"":""composite = Sharpe * (Return% / MaxDD%)""}","{""lookback"":145,""pivot_window"":7,""min_touches"":5,""tolerance_atr_mult"":0.5,""cluster_atr_mult"":0.55,""confirmation_bars"":2,""cooldown_bars"":10,""allowshort"":true}",2014-01-01,2024-12-31,2025-01-01,2026-04-20,2014-01-01,2026-04-20,9.0,1.0,1.0,0.0,100.0,924465.4,0.0,1076.0,,24.87,924465.4,924465.4,92.45,0.55,0.43,0.0078,0.02,1.0,1.0,0.0,1.0,0.0,0.0,-286308.0,430.0,,37.04,-286308.0,-286308.0,-28.63,-0.74,-0.97,0.015,-0.03,10.0,2.0,1.0,1.0,50.0,924465.4,-553095.0,753.0,,38.18,924465.4,-553095.0,37.14,0.25,0.21,0.009,0.01
LKOH,breakout_pivot,1D,Bayesian_TPE,18,1.649,131,7,5,0.5,0.7,2,14,False,146.34,0.497,0.502,44.11,1,100.0,False,"{""sampler"":""TPESampler"",""seed"":42,""n_trials"":50,""direction"":""maximize"",""objective"":""composite = Sharpe * (Return% / MaxDD%)""}","{""lookback"":131,""pivot_window"":7,""min_touches"":5,""tolerance_atr_mult"":0.5,""cluster_atr_mult"":0.7,""confirmation_bars"":2,""cooldown_bars"":14,""allowshort"":false}",2014-01-01,2024-12-31,2025-01-01,2026-04-20,2014-01-01,2026-04-20,6.0,1.0,1.0,0.0,100.0,1463380.8,0.0,2219.0,,44.11,1463380.8,1463380.8,146.34,0.5,0.5,0.0133,0.01,1.0,1.0,0.0,1.0,0.0,0.0,-286308.0,430.0,,37.04,-286308.0,-286308.0,-28.63,-0.74,-0.97,0.015,-0.03,7.0,2.0,1.0,1.0,50.0,1463380.8,-707094.0,1324.5,,44.58,1463380.8,-707094.0,75.63,0.32,0.33,0.0135,0.01
LKOH,breakout_pivot,1D,Bayesian_TPE,19,1.719,104,5,5,0.3,0.9000000000000001,2,10,True,85.2,0.502,0.4,24.88,2,100.0,True,"{""sampler"":""TPESampler"",""seed"":42,""n_trials"":50,""direction"":""maximize"",""objective"":""composite = Sharpe * (Return% / MaxDD%)""}","{""lookback"":104,""pivot_window"":5,""min_touches"":5,""tolerance_atr_mult"":0.3,""cluster_atr_mult"":0.9000000000000001,""confirmation_bars"":2,""cooldown_bars"":10,""allowshort"":true}",2014-01-01,2024-12-31,2025-01-01,2026-04-20,2014-01-01,2026-04-20,9.0,2.0,2.0,0.0,100.0,426011.5,0.0,562.0,,24.88,835958.0,16065.0,85.2,0.5,0.4,0.0081,0.02,3.0,2.0,0.0,2.0,0.0,0.0,-121697.25,137.0,,36.94,-94710.0,-148684.5,-24.34,-0.77,-0.73,0.0123,-0.03,12.0,3.0,1.0,2.0,33.33,835958.0,-228132.0,467.33,,36.92,835958.0,-271006.5,37.97,0.25,0.2,0.0088,0.01
LKOH,breakout_pivot,1D,Bayesian_TPE,20,0.0,148,8,5,0.4,0.55,3,11,True,0.0,0.0,0.0,0.0,0,0.0,True,"{""sampler"":""TPESampler"",""seed"":42,""n_trials"":50,""direction"":""maximize"",""objective"":""composite = Sharpe * (Return% / MaxDD%)""}","{""lookback"":148,""pivot_window"":8,""min_touches"":5,""tolerance_atr_mult"":0.4,""cluster_atr_mult"":0.55,""confirmation_bars"":3,""cooldown_bars"":11,""allowshort"":true}",2014-01-01,2024-12-31,2025-01-01,2026-04-20,2014-01-01,2026-04-20,2.0,0.0,0.0,0.0,0.0,0.0,0.0,0.0,,0.0,0.0,0.0,0.0,,,0.0,,0.0,0.0,0.0,0.0,0.0,0.0,0.0,0.0,,0.0,0.0,0.0,0.0,,,0.0,,2.0,0.0,0.0,0.0,0.0,0.0,0.0,0.0,,0.0,0.0,0.0,0.0,,,0.0,
LKOH,breakout_pivot,1D,Bayesian_TPE,21,1.681,103,5,5,0.3,0.8,2,10,True,83.7,0.5,0.396,24.89,2,100.0,True,"{""sampler"":""TPESampler"",""seed"":42,""n_trials"":50,""direction"":""maximize"",""objective"":""composite = Sharpe * (Return% / MaxDD%)""}","{""lookback"":103,""pivot_window"":5,""min_touches"":5,""tolerance_atr_mult"":0.3,""cluster_atr_mult"":0.8,""confirmation_bars"":2,""cooldown_bars"":10,""allowshort"":true}",2014-01-01,2024-12-31,2025-01-01,2026-04-20,2014-01-01,2026-04-20,9.0,2.0,2.0,0.0,100.0,418492.9,0.0,556.0,,24.89,821046.7999999999,15939.0,83.7,0.5,0.4,0.008,0.02,2.0,1.0,0.0,1.0,0.0,0.0,-245980.0,471.0,,37.13,-245980.0,-245980.0,-24.6,-0.57,-0.78,0.0155,-0.02,11.0,2.0,1.0,1.0,50.0,821046.8,-457171.0,793.5,,37.11,821046.7999999999,-457171.0,36.39,0.24,0.21,0.0094,0.01
LKOH,breakout_pivot,1D,Bayesian_TPE,22,1.352,118,6,5,0.35,0.95,2,14,True,127.41,0.468,0.438,44.09,2,100.0,True,"{""sampler"":""TPESampler"",""seed"":42,""n_trials"":50,""direction"":""maximize"",""objective"":""composite = Sharpe * (Return% / MaxDD%)""}","{""lookback"":118,""pivot_window"":6,""min_touches"":5,""tolerance_atr_mult"":0.35,""cluster_atr_mult"":0.95,""confirmation_bars"":2,""cooldown_bars"":14,""allowshort"":true}",2014-01-01,2024-12-31,2025-01-01,2026-04-20,2014-01-01,2026-04-20,8.0,2.0,2.0,0.0,100.0,637054.0,0.0,918.0,,44.09,1206460.0,67648.0,127.41,0.47,0.44,0.013,0.01,2.0,1.0,0.0,1.0,0.0,0.0,-94710.0,91.0,,17.15,-94710.0,-94710.0,-9.47,-0.57,-0.34,0.0062,-0.02,10.0,3.0,2.0,1.0,66.67,637054.0,-215803.5,642.33,,44.09,1206460.0,-215803.5,105.83,0.39,0.35,0.0123,0.01
LKOH,breakout_pivot,1D,Bayesian_TPE,23,2.762,146,4,5,0.45,0.9000000000000001,2,11,True,180.33,0.551,0.572,35.97,12,58.33,True,"{""sampler"":""TPESampler"",""seed"":42,""n_trials"":50,""direction"":""maximize"",""objective"":""composite = Sharpe * (Return% / MaxDD%)""}","{""lookback"":146,""pivot_window"":4,""min_touches"":5,""tolerance_atr_mult"":0.45,""cluster_atr_mult"":0.9000000000000001,""confirmation_bars"":2,""cooldown_bars"":11,""allowshort"":true}",2014-01-01,2024-12-31,2025-01-01,2026-04-20,2014-01-01,2026-04-20,43.0,12.0,7.0,5.0,58.33,347328.5,-125603.52,214.58,,35.97,1181230.0,-211400.0,180.33,0.55,0.57,0.0134,0.02,9.0,3.0,0.0,3.0,0.0,0.0,-61320.17,44.0,,26.12,-37660.0,-98116.5,-18.4,-1.06,-0.77,0.007,-0.03,52.0,15.0,7.0,8.0,46.67,347328.5,-143168.32,180.47,,35.97,1181230.0,-276570.0,128.6,0.43,0.43,0.0127,0.02
LKOH,breakout_pivot,1D,Bayesian_TPE,24,2.856,200,4,4,0.5,1.1,2,13,True,175.67,0.565,0.617,34.75,22,50.0,True,"{""sampler"":""TPESampler"",""seed"":42,""n_trials"":50,""direction"":""maximize"",""objective"":""composite = Sharpe * (Return% / MaxDD%)""}","{""lookback"":200,""pivot_window"":4,""min_touches"":4,""tolerance_atr_mult"":0.5,""cluster_atr_mult"":1.1,""confirmation_bars"":2,""cooldown_bars"":13,""allowshort"":true}",2014-01-01,2024-12-31,2025-01-01,2026-04-20,2014-01-01,2026-04-20,80.0,22.0,11.0,11.0,50.0,270320.95,-110617.69,113.05,,34.75,1243550.0,-248436.0,175.67,0.57,0.62,0.0125,0.02,14.0,4.0,1.0,3.0,25.0,2877.0,-65951.0,52.0,,26.22,2877.0,-105225.0,-19.5,-0.88,-0.81,0.0088,-0.03,94.0,26.0,12.0,14.0,46.15,248457.46,-125949.76,103.65,,34.75,1243550.0,-291275.0,121.82,0.43,0.46,0.0121,0.01
LKOH,breakout_pivot,1D,Bayesian_TPE,25,1.171,203,4,4,0.6000000000000001,1.15,2,17,True,112.52,0.467,0.449,44.89,26,42.31,True,"{""sampler"":""TPESampler"",""seed"":42,""n_trials"":50,""direction"":""maximize"",""objective"":""composite = Sharpe * (Return% / MaxDD%)""}","{""lookback"":203,""pivot_window"":4,""min_touches"":4,""tolerance_atr_mult"":0.6000000000000001,""cluster_atr_mult"":1.1500000000000001,""confirmation_bars"":2,""cooldown_bars"":17,""allowshort"":true}",2014-01-01,2024-12-31,2025-01-01,2026-04-20,2014-01-01,2026-04-20,83.0,26.0,11.0,15.0,42.31,220214.18,-86478.43,74.96,,44.89,775718.0,-220460.0,112.52,0.47,0.45,0.0116,0.01,16.0,5.0,2.0,3.0,40.0,5676.0,-57725.5,35.4,,24.56,8475.0,-105225.0,-16.18,-0.75,-0.63,0.0083,-0.03,99.0,31.0,13.0,18.0,41.94,188188.85,-92547.67,68.58,,44.89,775718.0,-224175.0,78.06,0.35,0.33,0.0112,0.01
LKOH,breakout_pivot,1D,Bayesian_TPE,26,1.262,193,4,4,0.45,1.1,2,13,False,116.96,0.443,0.45,41.06,21,47.62,False,"{""sampler"":""TPESampler"",""seed"":42,""n_trials"":50,""direction"":""maximize"",""objective"":""composite = Sharpe * (Return% / MaxDD%)""}","{""lookback"":193,""pivot_window"":4,""min_touches"":4,""tolerance_atr_mult"":0.45,""cluster_atr_mult"":1.1,""confirmation_bars"":2,""cooldown_bars"":13,""allowshort"":false}",2014-01-01,2024-12-31,2025-01-01,2026-04-20,2014-01-01,2026-04-20,79.0,21.0,10.0,11.0,47.62,237815.05,-109868.24,120.29,,41.06,977550.0,-195372.0,116.96,0.44,0.45,0.0133,0.01,16.0,4.0,1.0,3.0,25.0,2940.0,-61031.33,54.0,,25.77,2940.0,-94710.0,-18.02,-0.79,-0.73,0.0089,-0.03,95.0,25.0,11.0,14.0,44.0,216775.86,-114745.26,109.68,,41.06,977550.0,-205656.0,77.81,0.33,0.33,0.0128,0.01
LKOH,breakout_pivot,1D,Bayesian_TPE,27,0.037,214,3,3,0.55,0.9000000000000001,2,17,True,11.15,0.149,0.128,44.54,48,50.0,True,"{""sampler"":""TPESampler"",""seed"":42,""n_trials"":50,""direction"":""maximize"",""objective"":""composite = Sharpe * (Return% / MaxDD%)""}","{""lookback"":214,""pivot_window"":3,""min_touches"":3,""tolerance_atr_mult"":0.55,""cluster_atr_mult"":0.9000000000000001,""confirmation_bars"":2,""cooldown_bars"":17,""allowshort"":true}",2014-01-01,2024-12-31,2025-01-01,2026-04-20,2014-01-01,2026-04-20,138.0,48.0,24.0,23.0,50.0,96275.84,-91547.9,38.6,,44.54,345408.0,-451398.0,20.5,0.15,0.13,0.0124,0.0,22.0,9.0,4.0,5.0,44.44,18145.0,-46634.2,13.22,,19.86,34048.0,-85482.5,-16.06,-0.82,-0.44,0.0076,-0.03,160.0,56.0,28.0,27.0,50.0,87305.06,-88570.31,36.02,,49.19,345408.0,-451398.0,5.31,0.08,0.07,0.012,0.0
LKOH,breakout_pivot,1D,Bayesian_TPE,28,0.008,247,4,4,0.4,1.05,3,13,True,3.7,0.122,0.1,57.62,19,31.58,True,"{""sampler"":""TPESampler"",""seed"":42,""n_trials"":50,""direction"":""maximize"",""objective"":""composite = Sharpe * (Return% / MaxDD%)""}","{""lookback"":247,""pivot_window"":4,""min_touches"":4,""tolerance_atr_mult"":0.4,""cluster_atr_mult"":1.05,""confirmation_bars"":3,""cooldown_bars"":13,""allowshort"":true}",2014-01-01,2024-12-31,2025-01-01,2026-04-20,2014-01-01,2026-04-20,66.0,19.0,6.0,13.0,31.58,211015.0,-94547.63,111.89,,57.62,467714.5,-334014.0,3.7,0.12,0.1,0.0129,0.0,15.0,3.0,2.0,1.0,66.67,13386.75,-116416.0,39.33,,20.27,16692.0,-116416.0,-8.96,-0.48,-0.34,0.0068,-0.02,81.0,22.0,8.0,14.0,36.36,161732.25,-96415.37,102.0,,57.62,467714.5,-334014.0,-5.6,0.08,0.06,0.0122,0.0
LKOH,breakout_pivot,1D,Bayesian_TPE,29,0.505,171,3,4,0.65,0.9000000000000001,2,11,True,75.56,0.34,0.34,50.91,39,51.28,True,"{""sampler"":""TPESampler"",""seed"":42,""n_trials"":50,""direction"":""maximize"",""objective"":""composite = Sharpe * (Return% / MaxDD%)""}","{""lookback"":171,""pivot_window"":3,""min_touches"":4,""tolerance_atr_mult"":0.65,""cluster_atr_mult"":0.9000000000000001,""confirmation_bars"":2,""cooldown_bars"":11,""allowshort"":true}",2014-01-01,2024-12-31,2025-01-01,2026-04-20,2014-01-01,2026-04-20,132.0,39.0,20.0,19.0,51.28,155619.0,-124043.42,62.28,,50.91,424347.0,-424424.0,75.56,0.34,0.34,0.0145,0.01,19.0,5.0,1.0,4.0,20.0,33376.0,-27697.25,33.6,,14.91,33376.0,-49859.0,-7.74,-0.36,-0.3,0.0075,-0.02,151.0,43.0,21.0,22.0,48.84,149534.81,-115132.55,60.77,,50.91,424347.0,-424424.0,60.73,0.28,0.28,0.0138,0.01
LKOH,breakout_pivot,1D,Bayesian_TPE,30,1.392,179,4,3,0.5,1.2,2,15,True,131.64,0.492,0.52,46.53,40,45.0,True,"{""sampler"":""TPESampler"",""seed"":42,""n_trials"":50,""direction"":""maximize"",""objective"":""composite = Sharpe * (Return% / MaxDD%)""}","{""lookback"":179,""pivot_window"":4,""min_touches"":3,""tolerance_atr_mult"":0.5,""cluster_atr_mult"":1.2,""confirmation_bars"":2,""cooldown_bars"":15,""allowshort"":true}",2014-01-01,2024-12-31,2025-01-01,2026-04-20,2014-01-01,2026-04-20,125.0,40.0,18.0,22.0,45.0,198288.03,-102398.95,55.5,,46.53,834993.0,-279300.0,131.64,0.49,0.52,0.0123,0.01,23.0,9.0,3.0,6.0,33.33,15412.67,-21133.08,16.22,,15.09,19980.0,-49517.5,-8.06,-0.38,-0.32,0.0073,-0.02,148.0,48.0,21.0,27.0,43.75,173122.88,-93258.43,49.92,,46.53,834993.0,-279300.0,111.76,0.41,0.43,0.0118,0.01
LKOH,breakout_pivot,1D,Bayesian_TPE,31,2.837,144,6,5,0.5,0.7,2,10,True,155.02,0.584,0.622,31.91,4,75.0,True,"{""sampler"":""TPESampler"",""seed"":42,""n_trials"":50,""direction"":""maximize"",""objective"":""composite = Sharpe * (Return% / MaxDD%)""}","{""lookback"":144,""pivot_window"":6,""min_touches"":5,""tolerance_atr_mult"":0.5,""cluster_atr_mult"":0.7,""confirmation_bars"":2,""cooldown_bars"":10,""allowshort"":true}",2014-01-01,2024-12-31,2025-01-01,2026-04-20,2014-01-01,2026-04-20,17.0,4.0,3.0,1.0,75.0,532867.8,-48383.5,446.25,,31.91,975632.0,-48383.5,155.02,0.58,0.62,0.0108,0.02,1.0,1.0,0.0,1.0,0.0,0.0,-286308.0,430.0,,37.04,-286308.0,-286308.0,-28.63,-0.74,-0.97,0.015,-0.03,18.0,5.0,3.0,2.0,60.0,532867.8,-390752.75,443.0,,44.61,975632.0,-733122.0,81.71,0.35,0.38,0.0115,0.01
LKOH,breakout_pivot,1D,Bayesian_TPE,32,1.81,163,6,5,0.45,0.7,2,8,True,85.77,0.462,0.385,21.89,4,75.0,True,"{""sampler"":""TPESampler"",""seed"":42,""n_trials"":50,""direction"":""maximize"",""objective"":""composite = Sharpe * (Return% / MaxDD%)""}","{""lookback"":163,""pivot_window"":6,""min_touches"":5,""tolerance_atr_mult"":0.45,""cluster_atr_mult"":0.7,""confirmation_bars"":2,""cooldown_bars"":8,""allowshort"":true}",2014-01-01,2024-12-31,2025-01-01,2026-04-20,2014-01-01,2026-04-20,19.0,4.0,3.0,1.0,75.0,310722.0,-74418.4,328.0,,21.89,626400.0,-74418.40000000007,85.77,0.46,0.39,0.0092,0.02,1.0,0.0,0.0,0.0,0.0,0.0,0.0,0.0,,0.0,0.0,0.0,0.0,,,0.0,,20.0,4.0,3.0,1.0,75.0,310722.0,-74418.4,328.0,,21.89,626400.0,-74418.40000000007,85.77,0.43,0.33,0.0085,0.02
LKOH,breakout_pivot,1D,Bayesian_TPE,33,1.124,149,5,5,0.35,0.8500000000000001,2,12,True,92.11,0.432,0.419,35.39,7,57.14,True,"{""sampler"":""TPESampler"",""seed"":42,""n_trials"":50,""direction"":""maximize"",""objective"":""composite = Sharpe * (Return% / MaxDD%)""}","{""lookback"":149,""pivot_window"":5,""min_touches"":5,""tolerance_atr_mult"":0.35,""cluster_atr_mult"":0.8500000000000001,""confirmation_bars"":2,""cooldown_bars"":12,""allowshort"":true}",2014-01-01,2024-12-31,2025-01-01,2026-04-20,2014-01-01,2026-04-20,22.0,7.0,4.0,3.0,57.14,397495.25,-222946.2,239.29,,35.39,723519.0,-342248.0,92.11,0.43,0.42,0.0109,0.01,5.0,2.0,0.0,2.0,0.0,0.0,-121697.25,137.0,,36.94,-94710.0,-148684.5,-24.34,-0.77,-0.73,0.0123,-0.03,27.0,9.0,4.0,5.0,44.44,397495.25,-227106.42,216.56,,54.83,723519.0,-342248.0,45.44,0.26,0.25,0.011,0.01
LKOH,breakout_pivot,1D,Bayesian_TPE,34,1.667,187,3,4,0.55,0.65,2,11,True,146.0,0.514,0.528,45.03,34,58.82,True,"{""sampler"":""TPESampler"",""seed"":42,""n_trials"":50,""direction"":""maximize"",""objective"":""composite = Sharpe * (Return% / MaxDD%)""}","{""lookback"":187,""pivot_window"":3,""min_touches"":4,""tolerance_atr_mult"":0.55,""cluster_atr_mult"":0.65,""confirmation_bars"":2,""cooldown_bars"":11,""allowshort"":true}",2014-01-01,2024-12-31,2025-01-01,2026-04-20,2014-01-01,2026-04-20,121.0,34.0,20.0,14.0,58.82,159650.05,-123785.14,68.03,,45.03,452770.0,-333168.0,146.0,0.51,0.53,0.0125,0.01,19.0,5.0,0.0,5.0,0.0,0.0,-19443.2,20.2,,17.06,-10360.0,-35109.0,-9.72,-0.58,-0.38,0.0062,-0.02,140.0,38.0,20.0,18.0,52.63,155884.55,-106379.33,63.95,,45.03,452770.0,-333168.0,120.29,0.43,0.42,0.0119,0.01
LKOH,breakout_pivot,1D,Bayesian_TPE,35,0.817,204,6,5,0.7,0.75,1,9,True,66.54,0.389,0.304,31.68,8,62.5,True,"{""sampler"":""TPESampler"",""seed"":42,""n_trials"":50,""direction"":""maximize"",""objective"":""composite = Sharpe * (Return% / MaxDD%)""}","{""lookback"":204,""pivot_window"":6,""min_touches"":5,""tolerance_atr_mult"":0.7,""cluster_atr_mult"":0.75,""confirmation_bars"":1,""cooldown_bars"":9,""allowshort"":true}",2014-01-01,2024-12-31,2025-01-01,2026-04-20,2014-01-01,2026-04-20,41.0,8.0,5.0,3.0,62.5,270372.0,-228821.3,143.12,,31.68,782136.0,-334334.0,66.54,0.39,0.3,0.0093,0.01,5.0,0.0,0.0,0.0,0.0,0.0,0.0,0.0,,0.0,0.0,0.0,0.0,,,0.0,,46.0,8.0,5.0,3.0,62.5,270372.0,-228821.3,143.12,,31.68,782136.0,-334334.0,66.54,0.36,0.26,0.0087,0.01
LKOH,breakout_pivot,1D,Bayesian_TPE,36,0.276,120,5,4,0.35,0.4,2,13,False,44.24,0.274,0.214,43.96,3,100.0,False,"{""sampler"":""TPESampler"",""seed"":42,""n_trials"":50,""direction"":""maximize"",""objective"":""composite = Sharpe * (Return% / MaxDD%)""}","{""lookback"":120,""pivot_window"":5,""min_touches"":4,""tolerance_atr_mult"":0.35,""cluster_atr_mult"":0.4,""confirmation_bars"":2,""cooldown_bars"":13,""allowshort"":false}",2014-01-01,2024-12-31,2025-01-01,2026-04-20,2014-01-01,2026-04-20,17.0,3.0,3.0,0.0,100.0,147474.0,0.0,480.33,,43.96,183280.0,118150.5,44.24,0.27,0.21,0.0117,0.01,4.0,1.0,0.0,1.0,0.0,0.0,-245980.0,471.0,,37.13,-245980.0,-245980.0,-24.6,-0.57,-0.78,0.0155,-0.02,21.0,3.0,2.0,1.0,66.67,150715.25,-231138.5,638.67,,43.96,183280.0,-231138.5,7.03,0.13,0.11,0.0122,0.0
LKOH,breakout_pivot,1D,Bayesian_TPE,37,2.32,160,4,4,0.45,0.5,1,7,True,186.47,0.548,0.574,44.04,16,50.0,True,"{""sampler"":""TPESampler"",""seed"":42,""n_trials"":50,""direction"":""maximize"",""objective"":""composite = Sharpe * (Return% / MaxDD%)""}","{""lookback"":160,""pivot_window"":4,""min_touches"":4,""tolerance_atr_mult"":0.45,""cluster_atr_mult"":0.5,""confirmation_bars"":1,""cooldown_bars"":7,""allowshort"":true}",2014-01-01,2024-12-31,2025-01-01,2026-04-20,2014-01-01,2026-04-20,83.0,16.0,8.0,7.0,50.0,296437.44,-72404.49,148.81,,44.04,1316732.5,-161297.5,186.47,0.55,0.57,0.0138,0.02,10.0,2.0,0.0,2.0,0.0,0.0,-108801.25,132.0,,28.46,-74452.5,-143150.0,-21.76,-0.78,-0.83,0.0109,-0.03,93.0,17.0,8.0,9.0,47.06,296437.44,-129843.82,156.47,,44.04,1316732.5,-451090.0,120.29,0.4,0.42,0.0135,0.01
LKOH,breakout_pivot,1D,Bayesian_TPE,38,4.298,210,3,4,0.6000000000000001,1.1,3,10,True,239.92,0.654,0.596,36.51,28,67.86,True,"{""sampler"":""TPESampler"",""seed"":42,""n_trials"":50,""direction"":""maximize"",""objective"":""composite = Sharpe * (Return% / MaxDD%)""}","{""lookback"":210,""pivot_window"":3,""min_touches"":4,""tolerance_atr_mult"":0.6000000000000001,""cluster_atr_mult"":1.1,""confirmation_bars"":3,""cooldown_bars"":10,""allowshort"":true}",2014-01-01,2024-12-31,2025-01-01,2026-04-20,2014-01-01,2026-04-20,109.0,28.0,19.0,9.0,67.86,207784.88,-172074.62,79.04,,36.51,763029.0,-855485.0,239.92,0.65,0.6,0.0128,0.02,21.0,6.0,2.0,4.0,33.33,29337.5,-42811.75,25.5,,26.99,42411.0,-94520.0,-11.26,-0.52,-0.41,0.0079,-0.02,130.0,33.0,20.0,13.0,60.61,201543.74,-157257.39,72.64,,36.51,763029.0,-855485.0,198.65,0.54,0.49,0.0123,0.02
LKOH,breakout_pivot,1D,Bayesian_TPE,39,0.024,242,3,4,0.75,1.1,3,5,False,9.28,0.146,0.123,56.71,42,47.62,False,"{""sampler"":""TPESampler"",""seed"":42,""n_trials"":50,""direction"":""maximize"",""objective"":""composite = Sharpe * (Return% / MaxDD%)""}","{""lookback"":242,""pivot_window"":3,""min_touches"":4,""tolerance_atr_mult"":0.75,""cluster_atr_mult"":1.1,""confirmation_bars"":3,""cooldown_bars"":5,""allowshort"":false}",2014-01-01,2024-12-31,2025-01-01,2026-04-20,2014-01-01,2026-04-20,158.0,42.0,20.0,22.0,47.62,95416.6,-82524.05,52.0,,56.71,493500.0,-541404.0,9.28,0.15,0.12,0.0131,0.0,27.0,7.0,3.0,4.0,42.86,9745.83,-29857.0,20.29,,20.53,16692.0,-40256.0,-9.02,-0.46,-0.37,0.007,-0.02,185.0,48.0,23.0,25.0,47.92,83262.98,-76244.33,48.83,,56.71,493500.0,-541404.0,0.89,0.11,0.09,0.0125,0.0
LKOH,breakout_pivot,1D,Bayesian_TPE,40,2.229,221,3,4,0.6000000000000001,1.0,3,9,True,160.89,0.534,0.494,38.54,31,61.29,True,"{""sampler"":""TPESampler"",""seed"":42,""n_trials"":50,""direction"":""maximize"",""objective"":""composite = Sharpe * (Return% / MaxDD%)""}","{""lookback"":221,""pivot_window"":3,""min_touches"":4,""tolerance_atr_mult"":0.6000000000000001,""cluster_atr_mult"":1.0,""confirmation_bars"":3,""cooldown_bars"":9,""allowshort"":true}",2014-01-01,2024-12-31,2025-01-01,2026-04-20,2014-01-01,2026-04-20,120.0,31.0,19.0,12.0,61.29,167600.14,-131289.57,73.77,,38.54,640125.0,-712805.0,160.89,0.53,0.49,0.0128,0.02,23.0,6.0,2.0,4.0,33.33,28702.25,-46677.38,28.5,,27.92,41461.5,-99636.0,-12.93,-0.59,-0.49,0.0081,-0.02,143.0,36.0,20.0,16.0,55.56,162291.25,-124037.64,68.75,,38.54,640125.0,-712805.0,126.12,0.43,0.39,0.0123,0.01
LKOH,breakout_pivot,1D,Bayesian_TPE,41,1.012,208,4,4,0.5,1.0,2,10,True,92.37,0.41,0.434,37.41,24,50.0,True,"{""sampler"":""TPESampler"",""seed"":42,""n_trials"":50,""direction"":""maximize"",""objective"":""composite = Sharpe * (Return% / MaxDD%)""}","{""lookback"":208,""pivot_window"":4,""min_touches"":4,""tolerance_atr_mult"":0.5,""cluster_atr_mult"":1.0,""confirmation_bars"":2,""cooldown_bars"":10,""allowshort"":true}",2014-01-01,2024-12-31,2025-01-01,2026-04-20,2014-01-01,2026-04-20,90.0,24.0,12.0,12.0,50.0,160483.25,-83512.31,100.96,,37.41,867825.0,-173061.0,92.37,0.41,0.43,0.012,0.01,16.0,5.0,2.0,3.0,40.0,5725.25,-58412.33,40.0,,24.59,8531.5,-94710.0,-16.38,-0.73,-0.65,0.0087,-0.03,106.0,29.0,14.0,15.0,48.28,139133.46,-89352.78,90.45,,37.41,867825.0,-182655.0,60.76,0.3,0.31,0.0116,0.01
LKOH,breakout_pivot,1D,Bayesian_TPE,42,3.971,172,5,5,0.4,1.1,2,11,True,206.58,0.62,0.595,32.25,10,50.0,True,"{""sampler"":""TPESampler"",""seed"":42,""n_trials"":50,""direction"":""maximize"",""objective"":""composite = Sharpe * (Return% / MaxDD%)""}","{""lookback"":172,""pivot_window"":5,""min_touches"":5,""tolerance_atr_mult"":0.4,""cluster_atr_mult"":1.1,""confirmation_bars"":2,""cooldown_bars"":11,""allowshort"":true}",2014-01-01,2024-12-31,2025-01-01,2026-04-20,2014-01-01,2026-04-20,41.0,10.0,5.0,5.0,50.0,636316.2,-223147.3,213.9,,32.25,1285084.0,-382560.0,206.58,0.62,0.6,0.0124,0.02,9.0,1.0,0.0,1.0,0.0,0.0,-94710.0,91.0,,17.15,-94710.0,-94710.0,-9.47,-0.57,-0.34,0.0062,-0.02,50.0,11.0,5.0,6.0,45.45,636316.2,-234438.58,202.73,,32.25,1285084.0,-382560.0,177.49,0.53,0.49,0.0118,0.02
LKOH,breakout_pivot,1D,Bayesian_TPE,43,1.135,172,6,2,0.4,1.15,2,8,True,109.18,0.438,0.428,42.14,61,49.18,True,"{""sampler"":""TPESampler"",""seed"":42,""n_trials"":50,""direction"":""maximize"",""objective"":""composite = Sharpe * (Return% / MaxDD%)""}","{""lookback"":172,""pivot_window"":6,""min_touches"":2,""tolerance_atr_mult"":0.4,""cluster_atr_mult"":1.1500000000000001,""confirmation_bars"":2,""cooldown_bars"":8,""allowshort"":true}",2014-01-01,2024-12-31,2025-01-01,2026-04-20,2014-01-01,2026-04-20,205.0,61.0,30.0,31.0,49.18,111452.72,-72638.16,35.62,,42.14,671594.0,-320160.0,109.18,0.44,0.43,0.0126,0.01,34.0,13.0,5.0,8.0,38.46,36249.0,-43136.94,14.23,,27.92,85098.0,-84379.5,-16.39,-0.65,-0.49,0.0095,-0.02,239.0,73.0,34.0,39.0,46.58,107245.56,-75680.98,32.49,,42.14,671594.0,-320160.0,69.48,0.31,0.3,0.0123,0.01
LKOH,breakout_pivot,1D,Bayesian_TPE,44,0.252,195,5,4,0.55,1.1,3,13,True,44.88,0.278,0.22,49.43,13,69.23,True,"{""sampler"":""TPESampler"",""seed"":42,""n_trials"":50,""direction"":""maximize"",""objective"":""composite = Sharpe * (Return% / MaxDD%)""}","{""lookback"":195,""pivot_window"":5,""min_touches"":4,""tolerance_atr_mult"":0.55,""cluster_atr_mult"":1.1,""confirmation_bars"":3,""cooldown_bars"":13,""allowshort"":true}",2014-01-01,2024-12-31,2025-01-01,2026-04-20,2014-01-01,2026-04-20,55.0,13.0,9.0,4.0,69.23,165357.72,-259842.53,138.0,,49.43,467960.5,-650080.0,44.88,0.28,0.22,0.0117,0.01,10.0,3.0,0.0,3.0,0.0,0.0,-59096.83,61.67,,23.22,-7936.5,-116416.0,-17.73,-0.87,-0.8,0.008,-0.03,65.0,16.0,9.0,7.0,56.25,165357.72,-185186.09,123.69,,49.43,467960.5,-650080.0,19.19,0.17,0.14,0.0113,0.0
LKOH,breakout_pivot,1D,Bayesian_TPE,45,0.009,214,5,5,0.65,1.05,2,15,True,3.55,0.097,0.062,36.55,11,45.45,True,"{""sampler"":""TPESampler"",""seed"":42,""n_trials"":50,""direction"":""maximize"",""objective"":""composite = Sharpe * (Return% / MaxDD%)""}","{""lookback"":214,""pivot_window"":5,""min_touches"":5,""tolerance_atr_mult"":0.65,""cluster_atr_mult"":1.05,""confirmation_bars"":2,""cooldown_bars"":15,""allowshort"":true}",2014-01-01,2024-12-31,2025-01-01,2026-04-20,2014-01-01,2026-04-20,48.0,11.0,5.0,6.0,45.45,92660.2,-71300.77,109.18,,36.55,309070.0,-130388.5,3.55,0.1,0.06,0.0093,0.0,7.0,1.0,0.0,1.0,0.0,0.0,-89040.0,92.0,,17.15,-89040.0,-89040.0,-8.9,-0.53,-0.31,0.0062,-0.02,55.0,12.0,5.0,7.0,41.67,92660.2,-74289.23,107.75,,36.55,309070.0,-130388.5,-5.67,0.04,0.03,0.009,0.0
LKOH,breakout_pivot,1D,Bayesian_TPE,46,0.013,183,6,3,1.15,1.15,1,12,True,4.61,0.121,0.106,41.79,47,51.06,True,"{""sampler"":""TPESampler"",""seed"":42,""n_trials"":50,""direction"":""maximize"",""objective"":""composite = Sharpe * (Return% / MaxDD%)""}","{""lookback"":183,""pivot_window"":6,""min_touches"":3,""tolerance_atr_mult"":1.1500000000000001,""cluster_atr_mult"":1.1500000000000001,""confirmation_bars"":1,""cooldown_bars"":12,""allowshort"":true}",2014-01-01,2024-12-31,2025-01-01,2026-04-20,2014-01-01,2026-04-20,157.0,47.0,24.0,23.0,51.06,50738.94,-50940.77,39.96,,41.79,183815.0,-220887.0,4.61,0.12,0.11,0.0125,0.0,24.0,6.0,1.0,5.0,16.67,59812.0,-49219.1,34.33,,24.95,59812.0,-81449.0,-18.63,-0.78,-0.63,0.0093,-0.03,181.0,52.0,24.0,28.0,46.15,51844.48,-49995.03,40.38,,41.79,183815.0,-220887.0,-15.56,0.03,0.02,0.0121,0.0
LKOH,breakout_pivot,1D,Bayesian_TPE,47,0.016,230,7,4,0.35,0.5,2,9,False,-15.66,-0.037,-0.021,35.54,5,40.0,False,"{""sampler"":""TPESampler"",""seed"":42,""n_trials"":50,""direction"":""maximize"",""objective"":""composite = Sharpe * (Return% / MaxDD%)""}","{""lookback"":230,""pivot_window"":7,""min_touches"":4,""tolerance_atr_mult"":0.35,""cluster_atr_mult"":0.5,""confirmation_bars"":2,""cooldown_bars"":9,""allowshort"":false}",2014-01-01,2024-12-31,2025-01-01,2026-04-20,2014-01-01,2026-04-20,21.0,5.0,2.0,3.0,40.0,123365.5,-134427.2,189.0,,35.54,184002.0,-252054.0,-15.66,-0.04,-0.02,0.0089,-0.0,2.0,1.0,0.0,1.0,0.0,0.0,-89040.0,92.0,,17.15,-89040.0,-89040.0,-8.9,-0.53,-0.31,0.0062,-0.02,23.0,6.0,2.0,4.0,33.33,123365.5,-119582.4,172.83,,36.74,184002.0,-252054.0,-23.16,-0.08,-0.05,0.0086,-0.0
LKOH,breakout_pivot,1D,Bayesian_TPE,48,1.026,166,3,4,0.8500000000000001,0.65,3,10,True,117.15,0.445,0.44,50.83,41,53.66,True,"{""sampler"":""TPESampler"",""seed"":42,""n_trials"":50,""direction"":""maximize"",""objective"":""composite = Sharpe * (Return% / MaxDD%)""}","{""lookback"":166,""pivot_window"":3,""min_touches"":4,""tolerance_atr_mult"":0.8500000000000001,""cluster_atr_mult"":0.65,""confirmation_bars"":3,""cooldown_bars"":10,""allowshort"":true}",2014-01-01,2024-12-31,2025-01-01,2026-04-20,2014-01-01,2026-04-20,135.0,41.0,22.0,19.0,53.66,183060.0,-150304.66,58.2,,50.83,837607.0,-1167472.0,117.15,0.44,0.44,0.0132,0.01,19.0,5.0,1.0,4.0,20.0,33673.0,-29101.88,30.8,,15.03,33673.0,-54230.0,-8.27,-0.41,-0.33,0.0072,-0.02,154.0,45.0,23.0,22.0,51.11,176057.13,-139318.95,56.82,,50.83,837607.0,-1167472.0,98.43,0.37,0.36,0.0126,0.01
LKOH,breakout_pivot,1D,Bayesian_TPE,49,0.968,272,8,5,0.4,0.45,2,7,True,100.47,0.425,0.388,44.11,1,100.0,True,"{""sampler"":""TPESampler"",""seed"":42,""n_trials"":50,""direction"":""maximize"",""objective"":""composite = Sharpe * (Return% / MaxDD%)""}","{""lookback"":272,""pivot_window"":8,""min_touches"":5,""tolerance_atr_mult"":0.4,""cluster_atr_mult"":0.45,""confirmation_bars"":2,""cooldown_bars"":7,""allowshort"":true}",2014-01-01,2024-12-31,2025-01-01,2026-04-20,2014-01-01,2026-04-20,5.0,1.0,1.0,0.0,100.0,1004748.0,0.0,1820.0,,44.11,1004748.0,1004748.0,100.47,0.43,0.39,0.0122,0.01,2.0,1.0,0.0,1.0,0.0,0.0,-187902.0,144.0,,21.39,-187902.0,-187902.0,-18.79,-0.9,-0.7,0.0082,-0.03,7.0,2.0,1.0,1.0,50.0,1004748.0,-378651.0,982.0,,44.11,1004748.0,-378651.0,62.61,0.3,0.27,0.0118,0.01
AFKS,breakout_pivot,1D,Bayesian_TPE,0,2.981,175,12,4,0.8500000000000001,0.4,1,4,True,197.18,0.671,0.553,44.38,1,100.0,True,"{""sampler"":""TPESampler"",""seed"":42,""n_trials"":50,""direction"":""maximize"",""objective"":""composite = Sharpe * (Return% / MaxDD%)""}","{""lookback"":175,""pivot_window"":12,""min_touches"":4,""tolerance_atr_mult"":0.8500000000000001,""cluster_atr_mult"":0.4,""confirmation_bars"":1,""cooldown_bars"":4,""allowshort"":true}",2014-01-01,2024-12-31,2025-01-01,2026-04-20,2014-01-01,2026-04-20,9.0,1.0,1.0,0.0,100.0,1971807.2,0.0,1165.0,,44.38,1971807.204,1971807.204,197.18,0.67,0.55,0.0107,0.02,2.0,0.0,0.0,0.0,0.0,0.0,0.0,0.0,,0.0,0.0,0.0,0.0,,,0.0,,11.0,1.0,1.0,0.0,100.0,1971807.2,0.0,1165.0,,44.38,1971807.204,1971807.204,197.18,0.63,0.48,0.01,0.01
AFKS,breakout_pivot,1D,Bayesian_TPE,1,2.18,242,3,5,1.05,0.5,1,6,False,194.95,0.557,0.378,49.81,37,45.95,False,"{""sampler"":""TPESampler"",""seed"":42,""n_trials"":50,""direction"":""maximize"",""objective"":""composite = Sharpe * (Return% / MaxDD%)""}","{""lookback"":242,""pivot_window"":3,""min_touches"":5,""tolerance_atr_mult"":1.05,""cluster_atr_mult"":0.5,""confirmation_bars"":1,""cooldown_bars"":6,""allowshort"":false}",2014-01-01,2024-12-31,2025-01-01,2026-04-20,2014-01-01,2026-04-20,172.0,37.0,17.0,20.0,45.95,195639.93,-68816.63,37.19,,49.81,1049866.364,-418302.67,194.95,0.56,0.38,0.0143,0.02,33.0,9.0,2.0,7.0,22.22,31302.41,-48084.38,26.67,,40.35,34657.89999999993,-90158.96499999995,-27.4,-0.68,-0.65,0.0154,-0.03,205.0,46.0,19.0,27.0,41.3,173626.09,-85262.52,35.59,,49.81,1049866.364,-418302.67,99.68,0.36,0.26,0.0145,0.01
AFKS,breakout_pivot,1D,Bayesian_TPE,2,0.101,186,5,4,0.4,0.55,2,11,True,28.08,0.219,0.138,60.71,5,40.0,True,"{""sampler"":""TPESampler"",""seed"":42,""n_trials"":50,""direction"":""maximize"",""objective"":""composite = Sharpe * (Return% / MaxDD%)""}","{""lookback"":186,""pivot_window"":5,""min_touches"":4,""tolerance_atr_mult"":0.4,""cluster_atr_mult"":0.55,""confirmation_bars"":2,""cooldown_bars"":11,""allowshort"":true}",2014-01-01,2024-12-31,2025-01-01,2026-04-20,2014-01-01,2026-04-20,24.0,5.0,2.0,3.0,40.0,311601.69,-114135.17,156.2,,60.71,444004.5,-191862.688,28.08,0.22,0.14,0.0105,0.0,12.0,3.0,0.0,3.0,0.0,0.0,-65786.3,74.67,,35.82,-39717.38900000002,-109800.18000000008,-19.74,-0.44,-0.42,0.015,-0.02,36.0,8.0,2.0,6.0,25.0,311601.69,-114733.2,130.0,,63.28,444004.5,-307998.75,-6.52,0.06,0.04,0.0114,0.0
AFKS,breakout_pivot,1D,Bayesian_TPE,3,-0.0,203,8,2,0.8500000000000001,0.45,1,20,True,-0.17,0.123,0.126,61.01,36,30.56,True,"{""sampler"":""TPESampler"",""seed"":42,""n_trials"":50,""direction"":""maximize"",""objective"":""composite = Sharpe * (Return% / MaxDD%)""}","{""lookback"":203,""pivot_window"":8,""min_touches"":2,""tolerance_atr_mult"":0.8500000000000001,""cluster_atr_mult"":0.45,""confirmation_bars"":1,""cooldown_bars"":20,""allowshort"":true}",2014-01-01,2024-12-31,2025-01-01,2026-04-20,2014-01-01,2026-04-20,106.0,36.0,11.0,25.0,30.56,206145.75,-90773.7,53.36,,61.01,552522.5230000002,-608040.9989999998,-0.17,0.12,0.13,0.0157,0.0,19.0,6.0,2.0,4.0,33.33,80034.44,-45219.44,35.17,,34.34,90579.04900000006,-111555.20700000004,-2.08,0.04,0.04,0.013,0.0,125.0,41.0,12.0,29.0,29.27,195636.33,-84050.69,53.05,,61.01,552522.5230000002,-608040.9989999998,-8.98,0.09,0.09,0.0155,0.0
AFKS,breakout_pivot,1D,Bayesian_TPE,4,2.332,161,3,4,0.7,0.4,2,3,True,214.93,0.612,0.645,56.41,20,40.0,True,"{""sampler"":""TPESampler"",""seed"":42,""n_trials"":50,""direction"":""maximize"",""objective"":""composite = Sharpe * (Return% / MaxDD%)""}","{""lookback"":161,""pivot_window"":3,""min_touches"":4,""tolerance_atr_mult"":0.7,""cluster_atr_mult"":0.4,""confirmation_bars"":2,""cooldown_bars"":3,""allowshort"":true}",2014-01-01,2024-12-31,2025-01-01,2026-04-20,2014-01-01,2026-04-20,132.0,20.0,8.0,12.0,40.0,474350.59,-137128.52,89.85,,56.41,1317070.3000000005,-345221.6919999997,214.93,0.61,0.65,0.0129,0.01,22.0,5.0,0.0,4.0,0.0,0.0,-53470.22,55.8,,37.21,0.0,-154156.59000000003,-21.39,-0.47,-0.47,0.0157,-0.02,154.0,25.0,8.0,16.0,32.0,438655.4,-141127.35,84.44,,56.41,1317070.3000000005,-441461.97200000007,125.12,0.41,0.43,0.0135,0.01
AFKS,breakout_pivot,1D,Bayesian_TPE,5,0.065,233,6,4,0.8,0.45,3,16,True,21.78,0.19,0.169,63.43,8,50.0,True,"{""sampler"":""TPESampler"",""seed"":42,""n_trials"":50,""direction"":""maximize"",""objective"":""composite = Sharpe * (Return% / MaxDD%)""}","{""lookback"":233,""pivot_window"":6,""min_touches"":4,""tolerance_atr_mult"":0.8,""cluster_atr_mult"":0.45,""confirmation_bars"":3,""cooldown_bars"":16,""allowshort"":true}",2014-01-01,2024-12-31,2025-01-01,2026-04-20,2014-01-01,2026-04-20,36.0,8.0,4.0,4.0,50.0,337691.73,-283230.52,189.62,,63.43,582416.9950000001,-391128.34999999986,21.78,0.19,0.17,0.0126,0.0,7.0,1.0,0.0,1.0,0.0,0.0,-111551.21,207.0,,29.12,-111551.21099999994,-111551.21099999994,-11.16,-0.17,-0.16,0.0154,-0.01,43.0,8.0,4.0,4.0,50.0,335055.96,-283230.52,221.62,,63.43,582416.9950000001,-391128.34999999986,20.73,0.18,0.16,0.0133,0.0
AFKS,breakout_pivot,1D,Bayesian_TPE,6,2.036,220,12,2,0.45,0.3,1,9,False,217.88,0.535,0.592,57.26,30,26.67,False,"{""sampler"":""TPESampler"",""seed"":42,""n_trials"":50,""direction"":""maximize"",""objective"":""composite = Sharpe * (Return% / MaxDD%)""}","{""lookback"":220,""pivot_window"":12,""min_touches"":2,""tolerance_atr_mult"":0.45,""cluster_atr_mult"":0.3,""confirmation_bars"":1,""cooldown_bars"":9,""allowshort"":false}",2014-01-01,2024-12-31,2025-01-01,2026-04-20,2014-01-01,2026-04-20,104.0,30.0,8.0,22.0,26.67,595536.46,-117521.75,69.83,,57.26,2218855.9000000004,-468539.9999999997,217.88,0.53,0.59,0.0164,0.02,17.0,5.0,2.0,3.0,40.0,75540.67,-17864.21,38.0,,26.45,81591.5100000001,-28771.34400000009,9.75,0.39,0.41,0.0121,0.02,121.0,34.0,9.0,25.0,26.47,554727.2,-109764.29,68.47,,57.26,2218855.9000000004,-468539.9999999997,224.84,0.49,0.55,0.016,0.01
AFKS,breakout_pivot,1D,Bayesian_TPE,7,1.437,171,5,4,0.4,1.05,1,20,True,164.93,0.529,0.462,60.71,13,38.46,True,"{""sampler"":""TPESampler"",""seed"":42,""n_trials"":50,""direction"":""maximize"",""objective"":""composite = Sharpe * (Return% / MaxDD%)""}","{""lookback"":171,""pivot_window"":5,""min_touches"":4,""tolerance_atr_mult"":0.4,""cluster_atr_mult"":1.05,""confirmation_bars"":1,""cooldown_bars"":20,""allowshort"":true}",2014-01-01,2024-12-31,2025-01-01,2026-04-20,2014-01-01,2026-04-20,44.0,13.0,5.0,8.0,38.46,706074.18,-235130.07,112.31,,60.71,2633028.009,-981030.2249999996,164.93,0.53,0.46,0.0132,0.01,14.0,5.0,1.0,4.0,20.0,6273.22,-83551.4,44.4,,44.72,6273.216000000006,-154156.59000000003,-32.79,-0.97,-0.86,0.0141,-0.03,58.0,18.0,6.0,12.0,33.33,590978.06,-240464.76,94.61,,67.84,2633028.009,-981030.2249999996,66.03,0.3,0.26,0.0134,0.01
AFKS,breakout_pivot,1D,Bayesian_TPE,8,0.0,101,11,4,0.95,1.0,1,9,False,0.0,0.0,0.0,0.0,0,0.0,False,"{""sampler"":""TPESampler"",""seed"":42,""n_trials"":50,""direction"":""maximize"",""objective"":""composite = Sharpe * (Return% / MaxDD%)""}","{""lookback"":101,""pivot_window"":11,""min_touches"":4,""tolerance_atr_mult"":0.95,""cluster_atr_mult"":1.0,""confirmation_bars"":1,""cooldown_bars"":9,""allowshort"":false}",2014-01-01,2024-12-31,2025-01-01,2026-04-20,2014-01-01,2026-04-20,3.0,0.0,0.0,0.0,0.0,0.0,0.0,0.0,,0.0,0.0,0.0,0.0,,,0.0,,0.0,0.0,0.0,0.0,0.0,0.0,0.0,0.0,,0.0,0.0,0.0,0.0,,,0.0,,3.0,0.0,0.0,0.0,0.0,0.0,0.0,0.0,,0.0,0.0,0.0,0.0,,,0.0,
AFKS,breakout_pivot,1D,Bayesian_TPE,9,1.86,225,6,2,0.55,0.6000000000000001,3,14,True,169.04,0.513,0.513,46.61,43,39.53,True,"{""sampler"":""TPESampler"",""seed"":42,""n_trials"":50,""direction"":""maximize"",""objective"":""composite = Sharpe * (Return% / MaxDD%)""}","{""lookback"":225,""pivot_window"":6,""min_touches"":2,""tolerance_atr_mult"":0.55,""cluster_atr_mult"":0.6000000000000001,""confirmation_bars"":3,""cooldown_bars"":14,""allowshort"":true}",2014-01-01,2024-12-31,2025-01-01,2026-04-20,2014-01-01,2026-04-20,140.0,43.0,17.0,26.0,39.53,256786.69,-102882.09,39.35,,46.61,1293803.9200000002,-532966.6799999998,169.04,0.51,0.51,0.0142,0.02,27.0,9.0,3.0,6.0,33.33,52482.84,-71708.8,26.33,,29.61,113621.01599999989,-100404.90200000005,-27.28,-0.83,-0.8,0.0131,-0.04,167.0,51.0,19.0,32.0,37.25,242192.29,-115150.89,38.18,,49.39,1293803.9200000002,-532966.6799999998,91.68,0.34,0.34,0.0141,0.01
AFKS,breakout_pivot,1D,Bayesian_TPE,10,0.504,289,10,3,1.15,0.8,2,3,False,68.97,0.344,0.324,47.04,15,40.0,False,"{""sampler"":""TPESampler"",""seed"":42,""n_trials"":50,""direction"":""maximize"",""objective"":""composite = Sharpe * (Return% / MaxDD%)""}","{""lookback"":289,""pivot_window"":10,""min_touches"":3,""tolerance_atr_mult"":1.1500000000000001,""cluster_atr_mult"":0.8,""confirmation_bars"":2,""cooldown_bars"":3,""allowshort"":false}",2014-01-01,2024-12-31,2025-01-01,2026-04-20,2014-01-01,2026-04-20,105.0,15.0,6.0,9.0,40.0,254882.7,-93291.55,103.67,,47.04,617720.1899999998,-213486.78499999997,68.97,0.34,0.32,0.0122,0.01,17.0,3.0,1.0,2.0,33.33,10554.4,-38408.68,20.67,,9.72,10554.399999999963,-44584.47000000005,-6.63,-0.54,-0.28,0.0046,-0.03,122.0,18.0,6.0,12.0,33.33,253178.1,-90410.36,99.56,,47.04,617720.1899999998,-213486.78499999997,43.41,0.24,0.23,0.0129,0.01
AFKS,breakout_pivot,1D,Bayesian_TPE,11,0.0,144,9,5,0.65,0.3,2,3,True,0.0,0.0,0.0,0.0,0,0.0,True,"{""sampler"":""TPESampler"",""seed"":42,""n_trials"":50,""direction"":""maximize"",""objective"":""composite = Sharpe * (Return% / MaxDD%)""}","{""lookback"":144,""pivot_window"":9,""min_touches"":5,""tolerance_atr_mult"":0.65,""cluster_atr_mult"":0.3,""confirmation_bars"":2,""cooldown_bars"":3,""allowshort"":true}",2014-01-01,2024-12-31,2025-01-01,2026-04-20,2014-01-01,2026-04-20,2.0,0.0,0.0,0.0,0.0,0.0,0.0,0.0,,0.0,0.0,0.0,0.0,,,0.0,,1.0,0.0,0.0,0.0,0.0,0.0,0.0,0.0,,0.0,0.0,0.0,0.0,,,0.0,,3.0,0.0,0.0,0.0,0.0,0.0,0.0,0.0,,0.0,0.0,0.0,0.0,,,0.0,
AFKS,breakout_pivot,1D,Bayesian_TPE,12,2.938,132,3,3,0.7,0.8,2,5,True,220.77,0.58,0.61,43.59,57,35.09,True,"{""sampler"":""TPESampler"",""seed"":42,""n_trials"":50,""direction"":""maximize"",""objective"":""composite = Sharpe * (Return% / MaxDD%)""}","{""lookback"":132,""pivot_window"":3,""min_touches"":3,""tolerance_atr_mult"":0.7,""cluster_atr_mult"":0.8,""confirmation_bars"":2,""cooldown_bars"":5,""allowshort"":true}",2014-01-01,2024-12-31,2025-01-01,2026-04-20,2014-01-01,2026-04-20,219.0,57.0,20.0,37.0,35.09,247413.89,-74069.62,31.28,,43.59,1435555.38,-372860.9139999997,220.77,0.58,0.61,0.0144,0.02,37.0,9.0,3.0,5.0,33.33,10065.76,-53011.47,30.11,,38.87,17232.000000000084,-154156.59000000003,-23.49,-0.56,-0.55,0.0152,-0.02,256.0,66.0,23.0,42.0,34.85,210011.4,-84179.07,31.56,,48.8,1435555.38,-462339.458,129.47,0.4,0.42,0.0146,0.01
AFKS,breakout_pivot,1D,Bayesian_TPE,13,1.018,122,12,3,0.9000000000000001,0.75,3,6,True,134.88,0.458,0.452,60.71,3,66.67,True,"{""sampler"":""TPESampler"",""seed"":42,""n_trials"":50,""direction"":""maximize"",""objective"":""composite = Sharpe * (Return% / MaxDD%)""}","{""lookback"":122,""pivot_window"":12,""min_touches"":3,""tolerance_atr_mult"":0.9000000000000001,""cluster_atr_mult"":0.75,""confirmation_bars"":3,""cooldown_bars"":6,""allowshort"":true}",2014-01-01,2024-12-31,2025-01-01,2026-04-20,2014-01-01,2026-04-20,24.0,3.0,2.0,1.0,66.67,736611.64,-124413.77,596.0,,60.71,1385486.5979999998,-124413.77200000036,134.88,0.46,0.45,0.0142,0.01,2.0,0.0,0.0,0.0,0.0,0.0,0.0,0.0,,0.0,0.0,0.0,0.0,,,0.0,,26.0,3.0,2.0,1.0,66.67,736611.64,-144747.74,681.33,,60.71,1385486.5979999998,-144747.74200000032,132.85,0.4,0.4,0.0147,0.01
AFKS,breakout_pivot,1D,Bayesian_TPE,14,2.918,138,8,3,0.6000000000000001,0.8500000000000001,2,6,True,206.71,0.687,0.627,48.66,9,55.56,True,"{""sampler"":""TPESampler"",""seed"":42,""n_trials"":50,""direction"":""maximize"",""objective"":""composite = Sharpe * (Return% / MaxDD%)""}","{""lookback"":138,""pivot_window"":8,""min_touches"":3,""tolerance_atr_mult"":0.6000000000000001,""cluster_atr_mult"":0.8500000000000001,""confirmation_bars"":2,""cooldown_bars"":6,""allowshort"":true}",2014-01-01,2024-12-31,2025-01-01,2026-04-20,2014-01-01,2026-04-20,42.0,9.0,5.0,4.0,55.56,468504.21,-68852.87,153.33,,48.66,871310.664,-105407.46000000006,206.71,0.69,0.63,0.0107,0.02,7.0,2.0,1.0,1.0,50.0,25259.44,-15260.36,165.0,,29.12,25259.441999999995,-15260.364000000029,1.0,0.16,0.18,0.0172,0.01,49.0,10.0,6.0,4.0,60.0,412946.68,-68852.87,175.6,,48.66,871310.664,-105407.46000000006,220.23,0.58,0.55,0.012,0.01
AFKS,breakout_pivot,1D,Bayesian_TPE,15,0.563,109,10,3,0.75,0.95,1,8,True,90.97,0.376,0.355,60.71,6,33.33,True,"{""sampler"":""TPESampler"",""seed"":42,""n_trials"":50,""direction"":""maximize"",""objective"":""composite = Sharpe * (Return% / MaxDD%)""}","{""lookback"":109,""pivot_window"":10,""min_touches"":3,""tolerance_atr_mult"":0.75,""cluster_atr_mult"":0.95,""confirmation_bars"":1,""cooldown_bars"":8,""allowshort"":true}",2014-01-01,2024-12-31,2025-01-01,2026-04-20,2014-01-01,2026-04-20,31.0,6.0,2.0,4.0,33.33,821997.35,-183561.83,285.17,,60.71,1464795.8199999998,-292305.54999999993,90.97,0.38,0.35,0.0141,0.01,3.0,0.0,0.0,0.0,0.0,0.0,0.0,0.0,,0.0,0.0,0.0,0.0,,,0.0,,34.0,6.0,2.0,4.0,33.33,821997.35,-166539.06,327.5,,60.71,1464795.8199999998,-292305.54999999993,97.78,0.35,0.33,0.0146,0.01
AFKS,breakout_pivot,1D,Bayesian_TPE,16,4.023,149,4,5,1.0,1.2,3,5,True,286.87,0.729,0.749,51.98,16,50.0,True,"{""sampler"":""TPESampler"",""seed"":42,""n_trials"":50,""direction"":""maximize"",""objective"":""composite = Sharpe * (Return% / MaxDD%)""}","{""lookback"":149,""pivot_window"":4,""min_touches"":5,""tolerance_atr_mult"":1.0,""cluster_atr_mult"":1.2,""confirmation_bars"":3,""cooldown_bars"":5,""allowshort"":true}",2014-01-01,2024-12-31,2025-01-01,2026-04-20,2014-01-01,2026-04-20,83.0,16.0,8.0,8.0,50.0,452103.42,-93516.26,100.12,,51.98,1301953.4099999997,-173124.38,286.87,0.73,0.75,0.0123,0.02,19.0,4.0,0.0,4.0,0.0,0.0,-65730.98,53.0,,35.32,-4422.560000000004,-152987.80199999994,-26.29,-0.7,-0.62,0.0143,-0.03,102.0,20.0,7.0,13.0,35.0,501237.28,-153494.57,92.5,,51.98,1301953.4099999997,-521648.1819999998,151.32,0.46,0.46,0.0128,0.01
AFKS,breakout_pivot,1D,Bayesian_TPE,17,1.61,162,7,5,1.0,1.2,3,11,True,143.09,0.518,0.457,46.04,4,75.0,True,"{""sampler"":""TPESampler"",""seed"":42,""n_trials"":50,""direction"":""maximize"",""objective"":""composite = Sharpe * (Return% / MaxDD%)""}","{""lookback"":162,""pivot_window"":7,""min_touches"":5,""tolerance_atr_mult"":1.0,""cluster_atr_mult"":1.2,""confirmation_bars"":3,""cooldown_bars"":11,""allowshort"":true}",2014-01-01,2024-12-31,2025-01-01,2026-04-20,2014-01-01,2026-04-20,24.0,4.0,3.0,1.0,75.0,526094.9,-147348.68,346.5,,46.04,1437899.61,-147348.67500000034,143.09,0.52,0.46,0.0121,0.01,3.0,1.0,0.0,1.0,0.0,0.0,-66220.03,101.0,,14.89,-66220.03199999995,-66220.03199999995,-6.62,-0.25,-0.14,0.0083,-0.01,27.0,4.0,3.0,1.0,75.0,513000.23,-147348.68,410.75,,46.04,1437899.61,-147348.67500000034,139.17,0.44,0.4,0.0129,0.01
AFKS,breakout_pivot,1D,Bayesian_TPE,18,4.594,271,4,5,1.1,0.65,3,13,False,266.5,0.747,0.652,43.33,13,69.23,False,"{""sampler"":""TPESampler"",""seed"":42,""n_trials"":50,""direction"":""maximize"",""objective"":""composite = Sharpe * (Return% / MaxDD%)""}","{""lookback"":271,""pivot_window"":4,""min_touches"":5,""tolerance_atr_mult"":1.1,""cluster_atr_mult"":0.65,""confirmation_bars"":3,""cooldown_bars"":13,""allowshort"":false}",2014-01-01,2024-12-31,2025-01-01,2026-04-20,2014-01-01,2026-04-20,72.0,13.0,9.0,4.0,69.23,356122.49,-135029.25,90.69,,43.33,1233396.8499999996,-270140.80000000005,266.5,0.75,0.65,0.0114,0.02,17.0,5.0,0.0,5.0,0.0,0.0,-51798.12,49.4,,35.2,-1827.572999999971,-152987.80199999994,-25.9,-0.66,-0.62,0.0149,-0.03,89.0,18.0,8.0,10.0,44.44,387828.94,-170903.49,81.22,,46.02,1233396.8499999996,-494181.6659999998,139.36,0.46,0.4,0.012,0.01
AFKS,breakout_pivot,1D,Bayesian_TPE,19,0.056,300,4,5,1.2,1.2,3,14,False,20.55,0.202,0.162,74.21,20,50.0,False,"{""sampler"":""TPESampler"",""seed"":42,""n_trials"":50,""direction"":""maximize"",""objective"":""composite = Sharpe * (Return% / MaxDD%)""}","{""lookback"":300,""pivot_window"":4,""min_touches"":5,""tolerance_atr_mult"":1.2,""cluster_atr_mult"":1.2,""confirmation_bars"":3,""cooldown_bars"":14,""allowshort"":false}",2014-01-01,2024-12-31,2025-01-01,2026-04-20,2014-01-01,2026-04-20,87.0,20.0,10.0,10.0,50.0,144372.44,-123818.96,92.35,,74.21,491205.7099999999,-474744.56999999995,20.55,0.2,0.16,0.0159,0.0,19.0,6.0,2.0,4.0,33.33,35611.35,-72683.09,35.5,,37.2,40103.657999999974,-152987.80199999994,-21.95,-0.55,-0.48,0.0144,-0.02,106.0,26.0,11.0,15.0,42.31,130846.28,-107335.08,80.62,,74.21,491205.7099999999,-474744.56999999995,-17.07,0.07,0.06,0.0158,0.0
AFKS,breakout_pivot,1D,Bayesian_TPE,20,8.876,262,4,5,1.1,0.7,3,17,False,403.15,0.895,0.793,40.65,13,69.23,False,"{""sampler"":""TPESampler"",""seed"":42,""n_trials"":50,""direction"":""maximize"",""objective"":""composite = Sharpe * (Return% / MaxDD%)""}","{""lookback"":262,""pivot_window"":4,""min_touches"":5,""tolerance_atr_mult"":1.1,""cluster_atr_mult"":0.7,""confirmation_bars"":3,""cooldown_bars"":17,""allowshort"":false}",2014-01-01,2024-12-31,2025-01-01,2026-04-20,2014-01-01,2026-04-20,67.0,13.0,9.0,4.0,69.23,515791.66,-152658.03,95.15,,40.65,1693277.2499999995,-280517.00000000006,403.15,0.9,0.79,0.0116,0.03,16.0,6.0,0.0,6.0,0.0,0.0,-57183.71,36.0,,42.56,-1620.1349999999743,-152987.80199999994,-34.31,-1.1,-0.92,0.0134,-0.03,83.0,19.0,8.0,11.0,42.11,562680.92,-235308.26,78.37,,52.15,1693277.2499999995,-678437.3199999997,191.31,0.54,0.47,0.012,0.01
AFKS,breakout_pivot,1D,Bayesian_TPE,21,0.873,260,4,5,1.05,0.6000000000000001,3,17,False,117.25,0.45,0.269,60.46,13,61.54,False,"{""sampler"":""TPESampler"",""seed"":42,""n_trials"":50,""direction"":""maximize"",""objective"":""composite = Sharpe * (Return% / MaxDD%)""}","{""lookback"":260,""pivot_window"":4,""min_touches"":5,""tolerance_atr_mult"":1.05,""cluster_atr_mult"":0.6000000000000001,""confirmation_bars"":3,""cooldown_bars"":17,""allowshort"":false}",2014-01-01,2024-12-31,2025-01-01,2026-04-20,2014-01-01,2026-04-20,62.0,13.0,8.0,5.0,61.54,233377.54,-138900.16,88.46,,60.46,731128.1399999998,-306773.48,117.25,0.45,0.27,0.0134,0.01,15.0,5.0,0.0,5.0,0.0,0.0,-51798.12,49.4,,35.2,-1827.572999999971,-152987.80199999994,-25.9,-0.66,-0.62,0.0149,-0.03,77.0,18.0,7.0,11.0,38.89,258039.73,-126128.01,79.61,,60.46,731128.1399999998,-306773.48,41.89,0.24,0.16,0.0137,0.01
AFKS,breakout_pivot,1D,Bayesian_TPE,22,0.674,266,5,5,1.1,0.65,3,17,False,83.59,0.395,0.315,48.99,12,66.67,False,"{""sampler"":""TPESampler"",""seed"":42,""n_trials"":50,""direction"":""maximize"",""objective"":""composite = Sharpe * (Return% / MaxDD%)""}","{""lookback"":266,""pivot_window"":5,""min_touches"":5,""tolerance_atr_mult"":1.1,""cluster_atr_mult"":0.65,""confirmation_bars"":3,""cooldown_bars"":17,""allowshort"":false}",2014-01-01,2024-12-31,2025-01-01,2026-04-20,2014-01-01,2026-04-20,52.0,12.0,8.0,4.0,66.67,168735.72,-128500.08,95.5,,48.99,512343.2160000001,-255147.8,83.59,0.4,0.32,0.0115,0.01,13.0,4.0,0.0,4.0,0.0,0.0,-48256.34,65.5,,29.43,-1990.295999999968,-149194.7159999999,-19.3,-0.4,-0.4,0.0158,-0.02,65.0,15.0,7.0,8.0,46.67,185507.92,-80683.08,97.13,,48.99,512343.2160000001,-255147.8,65.31,0.3,0.26,0.0125,0.01
AFKS,breakout_pivot,1D,Bayesian_TPE,23,0.41,270,4,5,1.2,0.7,3,13,False,80.94,0.356,0.236,70.21,15,60.0,False,"{""sampler"":""TPESampler"",""seed"":42,""n_trials"":50,""direction"":""maximize"",""objective"":""composite = Sharpe * (Return% / MaxDD%)""}","{""lookback"":270,""pivot_window"":4,""min_touches"":5,""tolerance_atr_mult"":1.2,""cluster_atr_mult"":0.7,""confirmation_bars"":3,""cooldown_bars"":13,""allowshort"":false}",2014-01-01,2024-12-31,2025-01-01,2026-04-20,2014-01-01,2026-04-20,78.0,15.0,9.0,6.0,60.0,182430.86,-138748.22,90.07,,70.21,608924.5399999998,-536924.1799999999,80.94,0.36,0.24,0.0149,0.01,18.0,6.0,0.0,6.0,0.0,0.0,-55442.24,35.67,,41.64,-1645.9079999999738,-152987.80199999994,-33.27,-1.06,-0.88,0.0133,-0.03,96.0,21.0,8.0,13.0,38.1,198911.03,-117465.65,76.24,,70.21,608924.5399999998,-536924.1799999999,6.42,0.15,0.1,0.0148,0.0
AFKS,breakout_pivot,1D,Bayesian_TPE,24,0.045,206,6,5,1.1,0.9000000000000001,3,16,False,16.37,0.168,0.136,60.71,8,37.5,False,"{""sampler"":""TPESampler"",""seed"":42,""n_trials"":50,""direction"":""maximize"",""objective"":""composite = Sharpe * (Return% / MaxDD%)""}","{""lookback"":206,""pivot_window"":6,""min_touches"":5,""tolerance_atr_mult"":1.1,""cluster_atr_mult"":0.9000000000000001,""confirmation_bars"":3,""cooldown_bars"":16,""allowshort"":false}",2014-01-01,2024-12-31,2025-01-01,2026-04-20,2014-01-01,2026-04-20,31.0,8.0,3.0,5.0,37.5,216218.94,-96994.37,163.88,,60.71,539634.7109999999,-220188.3,16.37,0.17,0.14,0.012,0.0,7.0,1.0,0.0,1.0,0.0,0.0,-118275.32,208.0,,29.12,-118275.31799999988,-118275.31799999988,-11.83,-0.19,-0.17,0.0155,-0.01,38.0,8.0,3.0,5.0,37.5,216218.94,-100755.37,196.0,,60.71,539634.7109999999,-220188.3,14.49,0.15,0.13,0.0129,0.0
AFKS,breakout_pivot,1D,Bayesian_TPE,25,12.436,244,4,5,0.95,0.7,3,13,False,516.89,0.978,0.906,40.65,12,66.67,False,"{""sampler"":""TPESampler"",""seed"":42,""n_trials"":50,""direction"":""maximize"",""objective"":""composite = Sharpe * (Return% / MaxDD%)""}","{""lookback"":244,""pivot_window"":4,""min_touches"":5,""tolerance_atr_mult"":0.95,""cluster_atr_mult"":0.7,""confirmation_bars"":3,""cooldown_bars"":13,""allowshort"":false}",2014-01-01,2024-12-31,2025-01-01,2026-04-20,2014-01-01,2026-04-20,64.0,12.0,8.0,4.0,66.67,731063.78,-169907.08,108.83,,40.65,2394563.1440000003,-277483.60000000003,516.89,0.98,0.91,0.0118,0.03,15.0,5.0,0.0,5.0,0.0,0.0,-69317.8,36.2,,42.66,-3920.560000000003,-152987.80199999994,-34.66,-1.18,-0.92,0.0127,-0.04,79.0,17.0,7.0,10.0,41.18,810861.67,-312342.75,89.59,,52.23,2394563.1440000003,-831803.1259999997,255.26,0.62,0.56,0.0121,0.01
AFKS,breakout_pivot,1D,Bayesian_TPE,26,0.378,248,7,5,0.95,0.7,3,13,False,69.62,0.33,0.294,60.71,7,42.86,False,"{""sampler"":""TPESampler"",""seed"":42,""n_trials"":50,""direction"":""maximize"",""objective"":""composite = Sharpe * (Return% / MaxDD%)""}","{""lookback"":248,""pivot_window"":7,""min_touches"":5,""tolerance_atr_mult"":0.95,""cluster_atr_mult"":0.7,""confirmation_bars"":3,""cooldown_bars"":13,""allowshort"":false}",2014-01-01,2024-12-31,2025-01-01,2026-04-20,2014-01-01,2026-04-20,30.0,7.0,3.0,4.0,42.86,818953.09,-440174.0,224.43,,60.71,1866234.0,-1141432.38,69.62,0.33,0.29,0.0138,0.01,2.0,0.0,0.0,0.0,0.0,0.0,0.0,0.0,,0.0,0.0,0.0,0.0,,,0.0,,32.0,7.0,3.0,4.0,42.86,818953.09,-447026.51,261.14,,60.71,1866234.0,-1168842.4200000002,66.88,0.29,0.27,0.0144,0.01
AFKS,breakout_pivot,1D,Bayesian_TPE,27,0.269,279,5,4,1.1,0.7,3,18,False,60.91,0.313,0.214,70.9,18,44.44,False,"{""sampler"":""TPESampler"",""seed"":42,""n_trials"":50,""direction"":""maximize"",""objective"":""composite = Sharpe * (Return% / MaxDD%)""}","{""lookback"":279,""pivot_window"":5,""min_touches"":4,""tolerance_atr_mult"":1.1,""cluster_atr_mult"":0.7,""confirmation_bars"":3,""cooldown_bars"":18,""allowshort"":false}",2014-01-01,2024-12-31,2025-01-01,2026-04-20,2014-01-01,2026-04-20,72.0,18.0,8.0,10.0,44.44,233214.48,-125659.65,83.56,,70.9,531006.9799999999,-657499.6749999999,60.91,0.31,0.21,0.0145,0.01,14.0,4.0,1.0,3.0,25.0,47136.8,-56170.06,60.75,,29.12,47136.79799999997,-149194.7159999999,-12.14,-0.2,-0.19,0.0155,-0.01,86.0,22.0,9.0,13.0,40.91,193518.78,-115044.62,81.05,,70.9,531006.9799999999,-657499.6749999999,24.61,0.2,0.15,0.0148,0.0
AFKS,breakout_pivot,1D,Bayesian_TPE,28,3.134,253,3,5,0.95,0.6000000000000001,3,15,False,226.4,0.646,0.677,46.67,22,45.45,False,"{""sampler"":""TPESampler"",""seed"":42,""n_trials"":50,""direction"":""maximize"",""objective"":""composite = Sharpe * (Return% / MaxDD%)""}","{""lookback"":253,""pivot_window"":3,""min_touches"":5,""tolerance_atr_mult"":0.95,""cluster_atr_mult"":0.6000000000000001,""confirmation_bars"":3,""cooldown_bars"":15,""allowshort"":false}",2014-01-01,2024-12-31,2025-01-01,2026-04-20,2014-01-01,2026-04-20,86.0,22.0,10.0,12.0,45.45,364230.78,-114855.65,78.5,,46.67,1280057.61,-251574.49999999977,226.4,0.65,0.68,0.0124,0.02,16.0,6.0,1.0,5.0,16.67,33590.48,-69187.28,37.17,,41.59,33590.48000000003,-152987.80199999994,-31.23,-0.96,-0.83,0.0134,-0.03,102.0,28.0,10.0,18.0,35.71,352209.3,-141324.76,70.93,,50.0,1280057.61,-440116.4459999998,97.82,0.37,0.37,0.0127,0.01
AFKS,breakout_pivot,1D,Bayesian_TPE,29,1.972,285,4,4,0.8500000000000001,0.8,2,12,False,218.26,0.575,0.453,63.64,24,33.33,False,"{""sampler"":""TPESampler"",""seed"":42,""n_trials"":50,""direction"":""maximize"",""objective"":""composite = Sharpe * (Return% / MaxDD%)""}","{""lookback"":285,""pivot_window"":4,""min_touches"":4,""tolerance_atr_mult"":0.8500000000000001,""cluster_atr_mult"":0.8,""confirmation_bars"":2,""cooldown_bars"":12,""allowshort"":false}",2014-01-01,2024-12-31,2025-01-01,2026-04-20,2014-01-01,2026-04-20,91.0,24.0,8.0,15.0,33.33,442910.48,-90712.79,74.33,,63.64,1133570.528,-417388.8280000004,218.26,0.58,0.45,0.0148,0.01,21.0,8.0,2.0,5.0,25.0,2689.33,-70767.28,24.38,,46.18,4823.390000000053,-147020.58000000007,-34.85,-1.15,-0.93,0.0131,-0.03,112.0,32.0,10.0,20.0,31.25,335234.15,-120679.69,62.75,,63.64,1133570.528,-437485.4100000002,93.87,0.35,0.28,0.0147,0.01
AFKS,breakout_pivot,1D,Bayesian_TPE,30,0.446,241,6,5,0.3,0.55,3,18,False,91.69,0.356,0.338,73.14,2,100.0,False,"{""sampler"":""TPESampler"",""seed"":42,""n_trials"":50,""direction"":""maximize"",""objective"":""composite = Sharpe * (Return% / MaxDD%)""}","{""lookback"":241,""pivot_window"":6,""min_touches"":5,""tolerance_atr_mult"":0.3,""cluster_atr_mult"":0.55,""confirmation_bars"":3,""cooldown_bars"":18,""allowshort"":false}",2014-01-01,2024-12-31,2025-01-01,2026-04-20,2014-01-01,2026-04-20,9.0,2.0,2.0,0.0,100.0,458425.61,0.0,1186.0,,73.14,886103.1029999999,30748.124999999964,91.69,0.36,0.34,0.0176,0.01,4.0,1.0,0.0,1.0,0.0,0.0,-227692.22,293.0,,28.21,-227692.224,-227692.224,-22.77,-0.6,-0.65,0.014,-0.03,13.0,3.0,2.0,1.0,66.67,458425.61,-436451.25,888.33,,73.14,886103.1029999999,-436451.247,48.04,0.25,0.24,0.0171,0.01
AFKS,breakout_pivot,1D,Bayesian_TPE,31,2.988,189,4,5,1.0,0.65,3,10,False,281.75,0.653,0.482,61.57,13,53.85,False,"{""sampler"":""TPESampler"",""seed"":42,""n_trials"":50,""direction"":""maximize"",""objective"":""composite = Sharpe * (Return% / MaxDD%)""}","{""lookback"":189,""pivot_window"":4,""min_touches"":5,""tolerance_atr_mult"":1.0,""cluster_atr_mult"":0.65,""confirmation_bars"":3,""cooldown_bars"":10,""allowshort"":false}",2014-01-01,2024-12-31,2025-01-01,2026-04-20,2014-01-01,2026-04-20,64.0,13.0,7.0,6.0,53.85,548694.37,-170553.05,122.54,,61.57,1603548.2560000003,-306773.48,281.75,0.65,0.48,0.0146,0.02,14.0,3.0,0.0,3.0,0.0,0.0,-65060.02,78.0,,32.91,-4828.960000000005,-152987.80199999994,-19.52,-0.44,-0.4,0.015,-0.02,78.0,16.0,6.0,10.0,37.5,622354.05,-202619.04,116.44,,61.57,1603548.2560000003,-514750.9399999998,170.79,0.46,0.36,0.0148,0.01
AFKS,breakout_pivot,1D,Bayesian_TPE,32,5.591,222,3,5,1.05,0.75,3,8,False,313.55,0.768,0.779,43.07,28,46.43,False,"{""sampler"":""TPESampler"",""seed"":42,""n_trials"":50,""direction"":""maximize"",""objective"":""composite = Sharpe * (Return% / MaxDD%)""}","{""lookback"":222,""pivot_window"":3,""min_touches"":5,""tolerance_atr_mult"":1.05,""cluster_atr_mult"":0.75,""confirmation_bars"":3,""cooldown_bars"":8,""allowshort"":false}",2014-01-01,2024-12-31,2025-01-01,2026-04-20,2014-01-01,2026-04-20,119.0,28.0,13.0,15.0,46.43,324928.58,-72574.5,57.43,,43.07,1513092.7200000002,-181939.6320000001,313.55,0.77,0.78,0.0122,0.02,23.0,6.0,1.0,5.0,16.67,34415.25,-65476.63,35.0,,40.16,34415.24800000003,-152987.80199999994,-29.3,-0.9,-0.74,0.0132,-0.03,142.0,34.0,13.0,21.0,38.24,313443.81,-118940.65,54.53,,45.1,1513092.7200000002,-557617.1259999998,157.7,0.48,0.47,0.0125,0.01
AFKS,breakout_pivot,1D,Bayesian_TPE,33,4.636,214,3,5,1.05,0.75,3,8,False,278.68,0.723,0.735,43.46,28,46.43,False,"{""sampler"":""TPESampler"",""seed"":42,""n_trials"":50,""direction"":""maximize"",""objective"":""composite = Sharpe * (Return% / MaxDD%)""}","{""lookback"":214,""pivot_window"":3,""min_touches"":5,""tolerance_atr_mult"":1.05,""cluster_atr_mult"":0.75,""confirmation_bars"":3,""cooldown_bars"":8,""allowshort"":false}",2014-01-01,2024-12-31,2025-01-01,2026-04-20,2014-01-01,2026-04-20,121.0,28.0,13.0,15.0,46.43,327590.2,-98127.37,57.61,,43.46,1534593.62,-419525.59199999965,278.68,0.72,0.73,0.0122,0.02,23.0,6.0,1.0,5.0,16.67,34415.25,-65476.63,35.0,,40.16,34415.24800000003,-152987.80199999994,-29.3,-0.9,-0.74,0.0132,-0.03,144.0,34.0,13.0,21.0,38.24,317073.82,-131534.86,54.68,,50.43,1534593.62,-510600.8819999998,135.97,0.44,0.43,0.0125,0.01
AFKS,breakout_pivot,1D,Bayesian_TPE,34,1.966,220,3,4,1.05,0.75,3,8,False,169.65,0.556,0.561,47.98,40,40.0,False,"{""sampler"":""TPESampler"",""seed"":42,""n_trials"":50,""direction"":""maximize"",""objective"":""composite = Sharpe * (Return% / MaxDD%)""}","{""lookback"":220,""pivot_window"":3,""min_touches"":4,""tolerance_atr_mult"":1.05,""cluster_atr_mult"":0.75,""confirmation_bars"":3,""cooldown_bars"":8,""allowshort"":false}",2014-01-01,2024-12-31,2025-01-01,2026-04-20,2014-01-01,2026-04-20,153.0,40.0,16.0,24.0,40.0,215977.53,-73299.31,41.77,,47.98,947412.7520000002,-289474.3399999999,169.65,0.56,0.56,0.0125,0.01,27.0,7.0,2.0,5.0,28.57,33362.29,-70060.46,25.57,,40.16,38542.69999999996,-152987.80199999994,-28.36,-0.92,-0.7,0.0126,-0.03,180.0,47.0,17.0,30.0,36.17,201280.09,-90638.09,40.13,,53.28,947412.7520000002,-363586.6079999999,70.26,0.31,0.3,0.0127,0.01
AFKS,breakout_pivot,1D,Bayesian_TPE,35,0.747,211,3,5,1.15,0.8500000000000001,2,8,False,107.73,0.418,0.306,60.27,31,51.61,False,"{""sampler"":""TPESampler"",""seed"":42,""n_trials"":50,""direction"":""maximize"",""objective"":""composite = Sharpe * (Return% / MaxDD%)""}","{""lookback"":211,""pivot_window"":3,""min_touches"":5,""tolerance_atr_mult"":1.1500000000000001,""cluster_atr_mult"":0.8500000000000001,""confirmation_bars"":2,""cooldown_bars"":8,""allowshort"":false}",2014-01-01,2024-12-31,2025-01-01,2026-04-20,2014-01-01,2026-04-20,142.0,31.0,16.0,15.0,51.61,155606.59,-94162.94,51.74,,60.27,718487.9600000002,-392568.04999999993,107.73,0.42,0.31,0.0142,0.01,26.0,7.0,2.0,5.0,28.57,24220.04,-64242.68,29.71,,41.82,35473.89999999998,-147020.58000000007,-27.28,-0.8,-0.66,0.0135,-0.03,168.0,38.0,18.0,20.0,47.37,136039.49,-101815.27,48.45,,60.27,718487.9600000002,-392568.04999999993,41.24,0.24,0.18,0.0142,0.01
AFKS,breakout_pivot,1D,Bayesian_TPE,36,3.485,235,3,4,0.8500000000000001,0.5,3,7,False,247.34,0.664,0.672,47.12,38,39.47,False,"{""sampler"":""TPESampler"",""seed"":42,""n_trials"":50,""direction"":""maximize"",""objective"":""composite = Sharpe * (Return% / MaxDD%)""}","{""lookback"":235,""pivot_window"":3,""min_touches"":4,""tolerance_atr_mult"":0.8500000000000001,""cluster_atr_mult"":0.5,""confirmation_bars"":3,""cooldown_bars"":7,""allowshort"":false}",2014-01-01,2024-12-31,2025-01-01,2026-04-20,2014-01-01,2026-04-20,143.0,38.0,15.0,23.0,39.47,292197.53,-83024.93,44.55,,47.12,1244528.4390000002,-293551.9359999997,247.34,0.66,0.67,0.0127,0.02,22.0,5.0,2.0,3.0,40.0,20255.91,-108010.28,47.8,,41.59,27506.490000000053,-152987.80199999994,-28.35,-0.84,-0.73,0.0135,-0.03,165.0,43.0,16.0,27.0,37.21,266192.19,-113544.51,45.77,,55.28,1244528.4390000002,-468346.95599999983,119.34,0.41,0.4,0.013,0.01
AFKS,breakout_pivot,1D,Bayesian_TPE,37,2.437,189,5,5,0.9000000000000001,0.9000000000000001,2,10,False,237.52,0.623,0.628,60.71,8,50.0,False,"{""sampler"":""TPESampler"",""seed"":42,""n_trials"":50,""direction"":""maximize"",""objective"":""composite = Sharpe * (Return% / MaxDD%)""}","{""lookback"":189,""pivot_window"":5,""min_touches"":5,""tolerance_atr_mult"":0.9000000000000001,""cluster_atr_mult"":0.9000000000000001,""confirmation_bars"":2,""cooldown_bars"":10,""allowshort"":false}",2014-01-01,2024-12-31,2025-01-01,2026-04-20,2014-01-01,2026-04-20,50.0,8.0,4.0,4.0,50.0,786108.84,-192303.44,222.12,,60.71,2278371.72,-445661.6699999999,237.52,0.62,0.63,0.0136,0.01,16.0,4.0,0.0,4.0,0.0,0.0,-58705.05,47.75,,36.42,-15572.079999999984,-109800.18000000008,-23.48,-0.56,-0.5,0.0152,-0.02,66.0,11.0,4.0,7.0,36.36,786108.84,-210667.63,183.09,,60.71,2278371.72,-445661.6699999999,166.98,0.46,0.46,0.014,0.01
AFKS,breakout_pivot,1D,Bayesian_TPE,38,0.764,229,3,4,1.15,0.75,3,10,False,107.52,0.419,0.305,58.93,43,44.19,False,"{""sampler"":""TPESampler"",""seed"":42,""n_trials"":50,""direction"":""maximize"",""objective"":""composite = Sharpe * (Return% / MaxDD%)""}","{""lookback"":229,""pivot_window"":3,""min_touches"":4,""tolerance_atr_mult"":1.1500000000000001,""cluster_atr_mult"":0.75,""confirmation_bars"":3,""cooldown_bars"":10,""allowshort"":false}",2014-01-01,2024-12-31,2025-01-01,2026-04-20,2014-01-01,2026-04-20,152.0,43.0,19.0,24.0,44.19,160079.14,-81930.72,37.58,,58.93,770472.3290000001,-399715.18999999994,107.52,0.42,0.3,0.0141,0.01,27.0,7.0,1.0,6.0,14.29,28181.87,-58168.71,30.29,,42.41,28181.874000000054,-152987.80199999994,-32.08,-1.0,-0.8,0.0134,-0.03,179.0,50.0,19.0,31.0,38.0,154996.69,-87185.52,37.28,,58.93,770472.3290000001,-399715.18999999994,24.22,0.2,0.15,0.0142,0.0
AFKS,breakout_pivot,1D,Bayesian_TPE,39,0.093,199,5,5,1.05,0.55,3,19,False,27.91,0.223,0.169,66.82,7,42.86,False,"{""sampler"":""TPESampler"",""seed"":42,""n_trials"":50,""direction"":""maximize"",""objective"":""composite = Sharpe * (Return% / MaxDD%)""}","{""lookback"":199,""pivot_window"":5,""min_touches"":5,""tolerance_atr_mult"":1.05,""cluster_atr_mult"":0.55,""confirmation_bars"":3,""cooldown_bars"":19,""allowshort"":false}",2014-01-01,2024-12-31,2025-01-01,2026-04-20,2014-01-01,2026-04-20,32.0,7.0,3.0,4.0,42.86,272763.28,-134790.03,248.86,,66.82,525665.1840000001,-294871.59,27.91,0.22,0.17,0.0153,0.01,13.0,4.0,0.0,4.0,0.0,0.0,-48256.34,65.5,,29.43,-1990.295999999968,-149194.7159999999,-19.3,-0.4,-0.4,0.0158,-0.02,45.0,10.0,3.0,7.0,30.0,272763.28,-95217.16,205.3,,66.82,525665.1840000001,-294871.59,15.18,0.18,0.14,0.0156,0.0
AFKS,breakout_pivot,1D,Bayesian_TPE,40,4.079,251,3,4,0.8,1.05,3,12,False,265.24,0.654,0.699,42.53,27,48.15,False,"{""sampler"":""TPESampler"",""seed"":42,""n_trials"":50,""direction"":""maximize"",""objective"":""composite = Sharpe * (Return% / MaxDD%)""}","{""lookback"":251,""pivot_window"":3,""min_touches"":4,""tolerance_atr_mult"":0.8,""cluster_atr_mult"":1.05,""confirmation_bars"":3,""cooldown_bars"":12,""allowshort"":false}",2014-01-01,2024-12-31,2025-01-01,2026-04-20,2014-01-01,2026-04-20,108.0,27.0,13.0,14.0,48.15,321395.13,-108983.0,70.37,,42.53,1143546.6930000002,-276201.80000000005,265.24,0.65,0.7,0.0137,0.02,19.0,6.0,2.0,4.0,33.33,35428.65,-73209.84,36.67,,38.49,41889.61799999997,-152987.80199999994,-22.2,-0.55,-0.5,0.0144,-0.02,127.0,33.0,14.0,19.0,42.42,296110.86,-139002.98,65.33,,50.04,1143546.6930000002,-492480.6479999998,150.45,0.44,0.46,0.0139,0.01
AFKS,breakout_pivot,1D,Bayesian_TPE,41,4.594,271,4,5,1.1,0.65,3,13,False,266.5,0.747,0.652,43.33,13,69.23,False,"{""sampler"":""TPESampler"",""seed"":42,""n_trials"":50,""direction"":""maximize"",""objective"":""composite = Sharpe * (Return% / MaxDD%)""}","{""lookback"":271,""pivot_window"":4,""min_touches"":5,""tolerance_atr_mult"":1.1,""cluster_atr_mult"":0.65,""confirmation_bars"":3,""cooldown_bars"":13,""allowshort"":false}",2014-01-01,2024-12-31,2025-01-01,2026-04-20,2014-01-01,2026-04-20,72.0,13.0,9.0,4.0,69.23,356122.49,-135029.25,90.69,,43.33,1233396.8499999996,-270140.80000000005,266.5,0.75,0.65,0.0114,0.02,17.0,5.0,0.0,5.0,0.0,0.0,-51798.12,49.4,,35.2,-1827.572999999971,-152987.80199999994,-25.9,-0.66,-0.62,0.0149,-0.03,89.0,18.0,8.0,10.0,44.44,387828.94,-170903.49,81.22,,46.02,1233396.8499999996,-494181.6659999998,139.36,0.46,0.4,0.012,0.01
AFKS,breakout_pivot,1D,Bayesian_TPE,42,12.574,238,4,5,1.0,0.7,3,14,False,524.22,0.975,0.907,40.65,12,66.67,False,"{""sampler"":""TPESampler"",""seed"":42,""n_trials"":50,""direction"":""maximize"",""objective"":""composite = Sharpe * (Return% / MaxDD%)""}","{""lookback"":238,""pivot_window"":4,""min_touches"":5,""tolerance_atr_mult"":1.0,""cluster_atr_mult"":0.7,""confirmation_bars"":3,""cooldown_bars"":14,""allowshort"":false}",2014-01-01,2024-12-31,2025-01-01,2026-04-20,2014-01-01,2026-04-20,65.0,12.0,8.0,4.0,66.67,739886.3,-169225.61,109.42,,40.65,2356606.3200000003,-273084.30000000005,524.22,0.97,0.91,0.012,0.03,15.0,5.0,0.0,5.0,0.0,0.0,-69317.8,36.2,,42.66,-3920.560000000003,-152987.80199999994,-34.66,-1.18,-0.92,0.0127,-0.04,80.0,17.0,7.0,10.0,41.18,820651.74,-314974.12,90.0,,52.23,2356606.3200000003,-841687.1319999998,259.48,0.62,0.56,0.0122,0.01
AFKS,breakout_pivot,1D,Bayesian_TPE,43,9.616,216,3,5,1.0,0.7,3,15,False,388.25,0.857,0.877,34.6,23,43.48,False,"{""sampler"":""TPESampler"",""seed"":42,""n_trials"":50,""direction"":""maximize"",""objective"":""composite = Sharpe * (Return% / MaxDD%)""}","{""lookback"":216,""pivot_window"":3,""min_touches"":5,""tolerance_atr_mult"":1.0,""cluster_atr_mult"":0.7,""confirmation_bars"":3,""cooldown_bars"":15,""allowshort"":false}",2014-01-01,2024-12-31,2025-01-01,2026-04-20,2014-01-01,2026-04-20,88.0,23.0,10.0,13.0,43.48,524457.68,-104772.66,69.61,,34.6,1914782.5200000005,-376319.6159999996,388.25,0.86,0.88,0.012,0.03,17.0,5.0,1.0,4.0,20.0,6128.44,-63818.64,49.0,,40.52,6128.442000000011,-152987.80199999994,-24.91,-0.67,-0.6,0.0141,-0.02,105.0,28.0,10.0,18.0,35.71,494657.51,-150857.49,67.21,,49.09,1914782.5200000005,-658352.5299999998,223.11,0.57,0.57,0.0124,0.01
AFKS,breakout_pivot,1D,Bayesian_TPE,44,0.816,236,5,5,0.9000000000000001,0.7,3,15,False,105.09,0.44,0.362,56.69,11,54.55,False,"{""sampler"":""TPESampler"",""seed"":42,""n_trials"":50,""direction"":""maximize"",""objective"":""composite = Sharpe * (Return% / MaxDD%)""}","{""lookback"":236,""pivot_window"":5,""min_touches"":5,""tolerance_atr_mult"":0.9000000000000001,""cluster_atr_mult"":0.7,""confirmation_bars"":3,""cooldown_bars"":15,""allowshort"":false}",2014-01-01,2024-12-31,2025-01-01,2026-04-20,2014-01-01,2026-04-20,45.0,11.0,6.0,5.0,54.55,264959.94,-107770.84,121.0,,56.69,576306.895,-247172.8,105.09,0.44,0.36,0.012,0.01,8.0,2.0,0.0,2.0,0.0,0.0,-61799.97,125.0,,29.12,-5324.615999999968,-118275.31799999988,-12.36,-0.19,-0.19,0.0159,-0.01,53.0,12.0,6.0,6.0,50.0,259436.19,-91839.88,135.83,,56.69,576306.895,-247172.8,100.56,0.37,0.32,0.0129,0.01
AFKS,breakout_pivot,1D,Bayesian_TPE,45,12.79,197,4,5,1.0,0.8500000000000001,3,15,False,541.13,0.962,0.979,40.7,14,57.14,False,"{""sampler"":""TPESampler"",""seed"":42,""n_trials"":50,""direction"":""maximize"",""objective"":""composite = Sharpe * (Return% / MaxDD%)""}","{""lookback"":197,""pivot_window"":4,""min_touches"":5,""tolerance_atr_mult"":1.0,""cluster_atr_mult"":0.8500000000000001,""confirmation_bars"":3,""cooldown_bars"":15,""allowshort"":false}",2014-01-01,2024-12-31,2025-01-01,2026-04-20,2014-01-01,2026-04-20,60.0,14.0,8.0,6.0,57.14,904268.08,-303800.31,111.43,,40.7,2702366.144000001,-710295.4079999995,541.13,0.96,0.98,0.0124,0.03,13.0,4.0,0.0,4.0,0.0,0.0,-71633.85,50.75,,40.52,-4280.880000000004,-152987.80199999994,-28.65,-0.85,-0.7,0.0135,-0.03,73.0,18.0,7.0,11.0,38.89,972600.37,-343328.51,99.94,,53.88,2702366.144000001,-864495.1479999997,303.16,0.65,0.64,0.0127,0.02
AFKS,breakout_pivot,1D,Bayesian_TPE,46,0.974,200,6,2,0.95,0.8500000000000001,2,15,False,105.3,0.413,0.392,44.67,48,39.58,False,"{""sampler"":""TPESampler"",""seed"":42,""n_trials"":50,""direction"":""maximize"",""objective"":""composite = Sharpe * (Return% / MaxDD%)""}","{""lookback"":200,""pivot_window"":6,""min_touches"":2,""tolerance_atr_mult"":0.95,""cluster_atr_mult"":0.8500000000000001,""confirmation_bars"":2,""cooldown_bars"":15,""allowshort"":false}",2014-01-01,2024-12-31,2025-01-01,2026-04-20,2014-01-01,2026-04-20,149.0,48.0,19.0,29.0,39.58,176735.02,-79482.56,32.96,,44.67,983732.132,-392377.5089999998,105.3,0.41,0.39,0.0136,0.01,27.0,9.0,3.0,5.0,33.33,92402.17,-63354.04,21.11,,29.33,194233.34400000007,-118797.70500000012,-3.96,-0.02,-0.02,0.0127,-0.0,176.0,56.0,22.0,33.0,39.29,171836.05,-86493.77,31.95,,44.67,983732.132,-392377.5089999998,92.61,0.35,0.33,0.0135,0.01
AFKS,breakout_pivot,1D,Bayesian_TPE,47,1.509,179,5,5,1.0,0.8,3,16,False,167.8,0.546,0.495,60.71,8,50.0,False,"{""sampler"":""TPESampler"",""seed"":42,""n_trials"":50,""direction"":""maximize"",""objective"":""composite = Sharpe * (Return% / MaxDD%)""}","{""lookback"":179,""pivot_window"":5,""min_touches"":5,""tolerance_atr_mult"":1.0,""cluster_atr_mult"":0.8,""confirmation_bars"":3,""cooldown_bars"":16,""allowshort"":false}",2014-01-01,2024-12-31,2025-01-01,2026-04-20,2014-01-01,2026-04-20,41.0,8.0,4.0,4.0,50.0,561963.75,-142451.77,185.38,,60.71,1100562.144,-258874.0549999999,167.8,0.55,0.49,0.0127,0.01,10.0,2.0,0.0,2.0,0.0,0.0,-61767.1,124.5,,29.12,-5258.880000000005,-118275.31799999988,-12.35,-0.19,-0.19,0.0159,-0.01,51.0,9.0,4.0,5.0,44.44,561963.75,-125759.8,197.89,,60.71,1100562.144,-258874.0549999999,161.91,0.46,0.43,0.0135,0.01
AFKS,breakout_pivot,1D,Bayesian_TPE,48,4.112,244,4,4,0.8,0.5,2,14,False,295.19,0.732,0.74,52.55,17,47.06,False,"{""sampler"":""TPESampler"",""seed"":42,""n_trials"":50,""direction"":""maximize"",""objective"":""composite = Sharpe * (Return% / MaxDD%)""}","{""lookback"":244,""pivot_window"":4,""min_touches"":4,""tolerance_atr_mult"":0.8,""cluster_atr_mult"":0.5,""confirmation_bars"":2,""cooldown_bars"":14,""allowshort"":false}",2014-01-01,2024-12-31,2025-01-01,2026-04-20,2014-01-01,2026-04-20,75.0,17.0,8.0,9.0,47.06,485619.96,-103669.3,92.71,,52.55,1528222.832,-285204.9760000002,295.19,0.73,0.74,0.0125,0.02,19.0,8.0,1.0,6.0,12.5,4823.39,-66450.05,27.5,,49.93,4823.390000000053,-147020.58000000007,-39.39,-1.32,-1.12,0.0135,-0.04,94.0,25.0,8.0,16.0,32.0,452528.73,-152630.1,73.24,,52.55,1528222.832,-528336.9900000002,117.81,0.41,0.4,0.0128,0.01
AFKS,breakout_pivot,1D,Bayesian_TPE,49,0.245,259,7,5,0.9000000000000001,0.9000000000000001,3,17,False,53.2,0.288,0.254,62.57,7,42.86,False,"{""sampler"":""TPESampler"",""seed"":42,""n_trials"":50,""direction"":""maximize"",""objective"":""composite = Sharpe * (Return% / MaxDD%)""}","{""lookback"":259,""pivot_window"":7,""min_touches"":5,""tolerance_atr_mult"":0.9000000000000001,""cluster_atr_mult"":0.9000000000000001,""confirmation_bars"":3,""cooldown_bars"":17,""allowshort"":false}",2014-01-01,2024-12-31,2025-01-01,2026-04-20,2014-01-01,2026-04-20,26.0,7.0,3.0,4.0,42.86,727419.72,-412559.04,219.57,,62.57,1866234.0,-1030972.5360000002,53.2,0.29,0.25,0.0138,0.01,2.0,0.0,0.0,0.0,0.0,0.0,0.0,0.0,,0.0,0.0,0.0,0.0,,,0.0,,28.0,7.0,3.0,4.0,42.86,727419.72,-418748.41,256.29,,62.57,1866234.0,-1055730.024,50.73,0.26,0.23,0.0143,0.01
VTBR,breakout_pivot,1D,Bayesian_TPE,0,0.09,175,12,4,0.8500000000000001,0.4,1,4,True,-13.7,-0.171,-0.086,26.07,3,66.67,True,"{""sampler"":""TPESampler"",""seed"":42,""n_trials"":50,""direction"":""maximize"",""objective"":""composite = Sharpe * (Return% / MaxDD%)""}","{""lookback"":175,""pivot_window"":12,""min_touches"":4,""tolerance_atr_mult"":0.8500000000000001,""cluster_atr_mult"":0.4,""confirmation_bars"":1,""cooldown_bars"":4,""allowshort"":true}",2014-01-01,2024-12-31,2025-01-01,2026-04-20,2014-01-01,2026-04-20,20.0,3.0,2.0,1.0,66.67,14169.51,-165353.0,117.0,,26.07,20919.019999999975,-165353.00000000015,-13.7,-0.17,-0.09,0.0042,-0.0,3.0,0.0,0.0,0.0,0.0,0.0,0.0,0.0,,0.0,0.0,0.0,0.0,,,0.0,,23.0,3.0,1.0,2.0,33.33,7420.0,-121387.47,243.67,,38.6,7420.0,-165353.00000000015,-23.54,-0.08,-0.04,0.0087,-0.0
VTBR,breakout_pivot,1D,Bayesian_TPE,1,0.017,242,3,5,1.05,0.5,1,6,False,7.43,0.123,0.127,53.44,44,40.91,False,"{""sampler"":""TPESampler"",""seed"":42,""n_trials"":50,""direction"":""maximize"",""objective"":""composite = Sharpe * (Return% / MaxDD%)""}","{""lookback"":242,""pivot_window"":3,""min_touches"":5,""tolerance_atr_mult"":1.05,""cluster_atr_mult"":0.5,""confirmation_bars"":1,""cooldown_bars"":6,""allowshort"":false}",2014-01-01,2024-12-31,2025-01-01,2026-04-20,2014-01-01,2026-04-20,188.0,44.0,18.0,26.0,40.91,75910.31,-49696.85,35.34,,53.44,242200.3999999999,-255811.75000000015,7.43,0.12,0.13,0.0108,0.0,14.0,3.0,2.0,1.0,66.67,193283.46,-170717.4,66.67,,32.52,229535.075,-170717.39999999994,21.58,0.57,0.38,0.0178,0.03,202.0,46.0,19.0,27.0,41.3,93037.75,-54585.09,38.39,,53.44,253023.5500000001,-255811.75000000015,29.39,0.2,0.18,0.012,0.0
VTBR,breakout_pivot,1D,Bayesian_TPE,2,1.734,186,5,4,0.4,0.55,2,11,True,137.58,0.499,0.586,39.6,9,66.67,True,"{""sampler"":""TPESampler"",""seed"":42,""n_trials"":50,""direction"":""maximize"",""objective"":""composite = Sharpe * (Return% / MaxDD%)""}","{""lookback"":186,""pivot_window"":5,""min_touches"":4,""tolerance_atr_mult"":0.4,""cluster_atr_mult"":0.55,""confirmation_bars"":2,""cooldown_bars"":11,""allowshort"":true}",2014-01-01,2024-12-31,2025-01-01,2026-04-20,2014-01-01,2026-04-20,40.0,9.0,6.0,3.0,66.67,438960.65,-419326.57,206.22,,39.6,951787.65,-1027823.7000000004,137.58,0.5,0.59,0.0124,0.02,2.0,1.0,0.0,1.0,0.0,0.0,-14953.03,355.0,,38.6,-14953.034999999982,-14953.034999999982,-1.5,0.11,0.1,0.017,0.0,42.0,10.0,6.0,4.0,60.0,499965.38,-324744.67,226.4,,51.55,951787.65,-1027823.7000000004,170.08,0.47,0.5,0.0136,0.01
VTBR,breakout_pivot,1D,Bayesian_TPE,3,1.062,203,8,2,0.8500000000000001,0.45,1,20,True,110.74,0.436,0.507,45.48,41,48.78,True,"{""sampler"":""TPESampler"",""seed"":42,""n_trials"":50,""direction"":""maximize"",""objective"":""composite = Sharpe * (Return% / MaxDD%)""}","{""lookback"":203,""pivot_window"":8,""min_touches"":2,""tolerance_atr_mult"":0.8500000000000001,""cluster_atr_mult"":0.45,""confirmation_bars"":1,""cooldown_bars"":20,""allowshort"":true}",2014-01-01,2024-12-31,2025-01-01,2026-04-20,2014-01-01,2026-04-20,117.0,41.0,20.0,21.0,48.78,148962.15,-89136.22,44.8,,45.48,908912.5,-414293.25000000006,110.74,0.44,0.51,0.0128,0.01,16.0,6.0,5.0,1.0,83.33,98789.44,-11967.76,34.83,,7.48,240006.8999999999,-11967.759999999991,48.2,1.38,1.53,0.0117,0.22,133.0,46.0,24.0,22.0,52.17,180801.82,-86347.13,45.43,,45.48,908912.5,-414293.25000000006,243.96,0.58,0.68,0.0129,0.02
VTBR,breakout_pivot,1D,Bayesian_TPE,4,0.129,161,3,4,0.7,0.4,2,3,True,31.54,0.229,0.242,56.11,34,38.24,True,"{""sampler"":""TPESampler"",""seed"":42,""n_trials"":50,""direction"":""maximize"",""objective"":""composite = Sharpe * (Return% / MaxDD%)""}","{""lookback"":161,""pivot_window"":3,""min_touches"":4,""tolerance_atr_mult"":0.7,""cluster_atr_mult"":0.4,""confirmation_bars"":2,""cooldown_bars"":3,""allowshort"":true}",2014-01-01,2024-12-31,2025-01-01,2026-04-20,2014-01-01,2026-04-20,159.0,34.0,13.0,21.0,38.24,150517.85,-78156.58,46.18,,56.11,612255.0,-411770.25000000006,31.54,0.23,0.24,0.0113,0.0,14.0,3.0,2.0,1.0,66.67,149997.35,-159519.15,78.67,,32.27,268500.935,-159519.14999999994,14.05,0.43,0.34,0.0183,0.02,173.0,37.0,15.0,22.0,40.54,162197.76,-84597.69,49.65,,56.11,612255.0,-411770.25000000006,57.18,0.28,0.26,0.0126,0.01
VTBR,breakout_pivot,1D,Bayesian_TPE,5,0.031,233,6,4,0.8,0.45,3,16,True,-25.24,-0.073,-0.076,59.93,12,41.67,True,"{""sampler"":""TPESampler"",""seed"":42,""n_trials"":50,""direction"":""maximize"",""objective"":""composite = Sharpe * (Return% / MaxDD%)""}","{""lookback"":233,""pivot_window"":6,""min_touches"":4,""tolerance_atr_mult"":0.8,""cluster_atr_mult"":0.45,""confirmation_bars"":3,""cooldown_bars"":16,""allowshort"":true}",2014-01-01,2024-12-31,2025-01-01,2026-04-20,2014-01-01,2026-04-20,50.0,12.0,5.0,7.0,41.67,68575.15,-85033.15,146.58,,59.93,222245.62499999997,-112170.80000000005,-25.24,-0.07,-0.08,0.0107,-0.0,5.0,2.0,2.0,0.0,100.0,46111.49,0.0,15.0,,9.58,47688.075000000026,44534.89999999996,9.22,0.48,0.19,0.0082,0.04,55.0,13.0,6.0,7.0,46.15,81834.98,-85033.15,141.15,,59.93,222245.62499999997,-112170.80000000005,-10.42,0.03,0.03,0.0107,0.0
VTBR,breakout_pivot,1D,Bayesian_TPE,6,0.037,220,12,2,0.45,0.3,1,9,False,-28.89,-0.084,-0.088,65.92,31,35.48,False,"{""sampler"":""TPESampler"",""seed"":42,""n_trials"":50,""direction"":""maximize"",""objective"":""composite = Sharpe * (Return% / MaxDD%)""}","{""lookback"":220,""pivot_window"":12,""min_touches"":2,""tolerance_atr_mult"":0.45,""cluster_atr_mult"":0.3,""confirmation_bars"":1,""cooldown_bars"":9,""allowshort"":false}",2014-01-01,2024-12-31,2025-01-01,2026-04-20,2014-01-01,2026-04-20,108.0,31.0,11.0,20.0,35.48,55915.95,-45201.21,55.1,,65.92,308658.60000000003,-117566.22000000004,-28.89,-0.08,-0.09,0.0113,-0.0,13.0,5.0,5.0,0.0,100.0,53761.3,0.0,39.8,,11.43,181116.08000000005,9398.979999999918,26.88,0.86,0.91,0.012,0.09,121.0,35.0,15.0,20.0,42.86,59841.69,-45201.21,55.74,,65.92,308658.60000000003,-117566.22000000004,-0.64,0.09,0.09,0.0117,0.0
VTBR,breakout_pivot,1D,Bayesian_TPE,7,2.493,171,5,4,0.4,1.05,1,20,True,138.62,0.531,0.555,29.52,12,58.33,True,"{""sampler"":""TPESampler"",""seed"":42,""n_trials"":50,""direction"":""maximize"",""objective"":""composite = Sharpe * (Return% / MaxDD%)""}","{""lookback"":171,""pivot_window"":5,""min_touches"":4,""tolerance_atr_mult"":0.4,""cluster_atr_mult"":1.05,""confirmation_bars"":1,""cooldown_bars"":20,""allowshort"":true}",2014-01-01,2024-12-31,2025-01-01,2026-04-20,2014-01-01,2026-04-20,54.0,12.0,7.0,4.0,58.33,250654.21,-92092.44,119.58,,29.52,629419.125,-229725.02999999985,138.62,0.53,0.56,0.0113,0.02,6.0,2.0,0.0,2.0,0.0,0.0,-94519.13,197.5,,44.16,-22887.004999999983,-166151.25000000012,-18.9,-0.29,-0.28,0.0182,-0.01,60.0,13.0,7.0,5.0,53.85,260536.09,-87152.97,144.54,,44.17,629419.125,-229725.02999999985,138.8,0.44,0.42,0.0129,0.01
VTBR,breakout_pivot,1D,Bayesian_TPE,8,0.305,101,11,4,0.95,1.0,1,9,False,-71.51,-0.331,-0.197,77.62,1,0.0,False,"{""sampler"":""TPESampler"",""seed"":42,""n_trials"":50,""direction"":""maximize"",""objective"":""composite = Sharpe * (Return% / MaxDD%)""}","{""lookback"":101,""pivot_window"":11,""min_touches"":4,""tolerance_atr_mult"":0.95,""cluster_atr_mult"":1.0,""confirmation_bars"":1,""cooldown_bars"":9,""allowshort"":false}",2014-01-01,2024-12-31,2025-01-01,2026-04-20,2014-01-01,2026-04-20,4.0,1.0,0.0,1.0,0.0,0.0,-715074.28,1176.0,,77.62,-715074.2799999999,-715074.2799999999,-71.51,-0.33,-0.2,0.0155,-0.01,1.0,0.0,0.0,0.0,0.0,0.0,0.0,0.0,,0.0,0.0,0.0,0.0,,,0.0,,5.0,1.0,0.0,1.0,0.0,0.0,-747532.36,1556.0,,77.62,-747532.36,-747532.36,-74.75,-0.28,-0.19,0.0164,-0.01
VTBR,breakout_pivot,1D,Bayesian_TPE,9,-0.008,225,6,2,0.55,0.6000000000000001,3,14,True,-10.2,0.044,0.047,54.48,50,38.0,True,"{""sampler"":""TPESampler"",""seed"":42,""n_trials"":50,""direction"":""maximize"",""objective"":""composite = Sharpe * (Return% / MaxDD%)""}","{""lookback"":225,""pivot_window"":6,""min_touches"":2,""tolerance_atr_mult"":0.55,""cluster_atr_mult"":0.6000000000000001,""confirmation_bars"":3,""cooldown_bars"":14,""allowshort"":true}",2014-01-01,2024-12-31,2025-01-01,2026-04-20,2014-01-01,2026-04-20,145.0,50.0,19.0,31.0,38.0,80152.78,-52417.41,35.02,,54.48,424195.1999999999,-264812.51999999996,-10.2,0.04,0.05,0.0121,0.0,26.0,10.0,5.0,5.0,50.0,77683.2,-19106.02,25.7,,13.05,119246.00499999996,-36551.619999999864,29.29,0.83,1.11,0.0136,0.09,171.0,60.0,24.0,36.0,40.0,80531.16,-47636.76,33.97,,54.48,424195.1999999999,-264812.51999999996,21.78,0.18,0.19,0.0124,0.0
VTBR,breakout_pivot,1D,Bayesian_TPE,10,0.182,289,9,3,0.3,1.2,2,20,False,30.67,0.227,0.234,38.3,12,25.0,False,"{""sampler"":""TPESampler"",""seed"":42,""n_trials"":50,""direction"":""maximize"",""objective"":""composite = Sharpe * (Return% / MaxDD%)""}","{""lookback"":289,""pivot_window"":9,""min_touches"":3,""tolerance_atr_mult"":0.3,""cluster_atr_mult"":1.2,""confirmation_bars"":2,""cooldown_bars"":20,""allowshort"":false}",2014-01-01,2024-12-31,2025-01-01,2026-04-20,2014-01-01,2026-04-20,50.0,12.0,3.0,7.0,25.0,360418.78,-110652.91,130.67,,38.3,499919.9250000001,-514466.4000000001,30.67,0.23,0.23,0.011,0.01,7.0,2.0,1.0,1.0,50.0,178660.12,-246750.77,76.5,,32.27,178660.125,-246750.7699999999,-6.81,-0.07,-0.04,0.0139,-0.0,57.0,14.0,5.0,8.0,35.71,298618.32,-141792.02,127.14,,48.5,499919.9250000001,-514466.4000000001,35.88,0.22,0.2,0.012,0.01
VTBR,breakout_pivot,1D,Bayesian_TPE,11,-0.012,151,5,5,0.3,0.8,2,12,True,-6.64,0.124,0.096,71.25,4,50.0,True,"{""sampler"":""TPESampler"",""seed"":42,""n_trials"":50,""direction"":""maximize"",""objective"":""composite = Sharpe * (Return% / MaxDD%)""}","{""lookback"":151,""pivot_window"":5,""min_touches"":5,""tolerance_atr_mult"":0.3,""cluster_atr_mult"":0.8,""confirmation_bars"":2,""cooldown_bars"":12,""allowshort"":true}",2014-01-01,2024-12-31,2025-01-01,2026-04-20,2014-01-01,2026-04-20,19.0,4.0,2.0,2.0,50.0,455572.16,-488790.45,472.5,,71.25,651132.3000000003,-812954.0999999999,-6.64,0.12,0.1,0.0171,0.0,0.0,0.0,0.0,0.0,0.0,0.0,0.0,0.0,,0.0,0.0,0.0,0.0,,,0.0,,19.0,4.0,2.0,2.0,50.0,455572.16,-488790.45,472.5,,71.25,651132.3000000003,-812954.0999999999,-6.64,0.12,0.08,0.016,0.0
VTBR,breakout_pivot,1D,Bayesian_TPE,12,0.009,124,5,3,0.55,0.8,2,16,True,4.52,0.112,0.112,57.11,23,34.78,True,"{""sampler"":""TPESampler"",""seed"":42,""n_trials"":50,""direction"":""maximize"",""objective"":""composite = Sharpe * (Return% / MaxDD%)""}","{""lookback"":124,""pivot_window"":5,""min_touches"":3,""tolerance_atr_mult"":0.55,""cluster_atr_mult"":0.8,""confirmation_bars"":2,""cooldown_bars"":16,""allowshort"":true}",2014-01-01,2024-12-31,2025-01-01,2026-04-20,2014-01-01,2026-04-20,80.0,23.0,8.0,15.0,34.78,139423.2,-71347.35,62.74,,57.11,414761.00000000006,-164181.27000000005,4.52,0.11,0.11,0.0114,0.0,12.0,4.0,2.0,2.0,50.0,163659.11,-82043.28,68.75,,33.0,277975.08,-148607.14999999985,16.32,0.48,0.38,0.0171,0.03,92.0,27.0,10.0,17.0,37.04,152371.41,-73523.08,64.78,,57.11,414761.00000000006,-164181.27000000005,27.38,0.2,0.18,0.0124,0.0
VTBR,breakout_pivot,1D,Bayesian_TPE,13,0.019,185,4,5,1.2,1.0,3,10,True,-22.96,-0.048,-0.047,59.32,22,40.91,True,"{""sampler"":""TPESampler"",""seed"":42,""n_trials"":50,""direction"":""maximize"",""objective"":""composite = Sharpe * (Return% / MaxDD%)""}","{""lookback"":185,""pivot_window"":4,""min_touches"":5,""tolerance_atr_mult"":1.2,""cluster_atr_mult"":1.0,""confirmation_bars"":3,""cooldown_bars"":10,""allowshort"":true}",2014-01-01,2024-12-31,2025-01-01,2026-04-20,2014-01-01,2026-04-20,88.0,22.0,9.0,13.0,40.91,123113.38,-102890.05,68.05,,59.32,522116.0999999999,-326179.8750000002,-22.96,-0.05,-0.05,0.0111,-0.0,10.0,3.0,2.0,1.0,66.67,177078.35,-166471.2,68.0,,32.28,225825.97499999992,-166471.2000000001,18.77,0.52,0.36,0.0181,0.03,98.0,24.0,10.0,14.0,41.67,139705.88,-104844.06,71.5,,59.32,522116.0999999999,-326179.8750000002,-7.08,0.07,0.06,0.0123,0.0
VTBR,breakout_pivot,1D,Bayesian_TPE,14,0.768,143,7,3,0.45,0.6000000000000001,2,17,True,91.61,0.398,0.458,47.47,14,35.71,True,"{""sampler"":""TPESampler"",""seed"":42,""n_trials"":50,""direction"":""maximize"",""objective"":""composite = Sharpe * (Return% / MaxDD%)""}","{""lookback"":143,""pivot_window"":7,""min_touches"":3,""tolerance_atr_mult"":0.45,""cluster_atr_mult"":0.6000000000000001,""confirmation_bars"":2,""cooldown_bars"":17,""allowshort"":true}",2014-01-01,2024-12-31,2025-01-01,2026-04-20,2014-01-01,2026-04-20,51.0,14.0,5.0,8.0,35.71,419716.84,-147812.69,134.0,,47.47,689501.0,-313544.7700000001,91.61,0.4,0.46,0.0125,0.01,3.0,1.0,1.0,0.0,100.0,310787.1,0.0,86.0,,7.25,310787.0999999999,310787.0999999999,31.08,1.58,1.4,0.0068,0.15,54.0,15.0,6.0,9.0,40.0,440652.67,-149318.96,143.73,,47.47,689501.0,-313544.7700000001,130.0,0.41,0.42,0.0139,0.01
VTBR,breakout_pivot,1D,Bayesian_TPE,15,0.07,256,9,4,0.65,0.95,1,13,True,-32.85,-0.113,-0.108,53.18,7,42.86,True,"{""sampler"":""TPESampler"",""seed"":42,""n_trials"":50,""direction"":""maximize"",""objective"":""composite = Sharpe * (Return% / MaxDD%)""}","{""lookback"":256,""pivot_window"":9,""min_touches"":4,""tolerance_atr_mult"":0.65,""cluster_atr_mult"":0.95,""confirmation_bars"":1,""cooldown_bars"":13,""allowshort"":true}",2014-01-01,2024-12-31,2025-01-01,2026-04-20,2014-01-01,2026-04-20,37.0,7.0,3.0,4.0,42.86,155300.57,-198599.29,222.57,,53.18,231718.5,-445881.1,-32.85,-0.11,-0.11,0.0113,-0.0,3.0,1.0,0.0,1.0,0.0,0.0,-172103.65,216.0,,32.27,-172103.65000000002,-172103.65000000002,-17.21,-0.21,-0.16,0.0197,-0.01,40.0,7.0,2.0,5.0,28.57,224812.55,-167470.79,259.71,,53.18,231718.5,-445881.1,-38.77,-0.09,-0.08,0.0129,-0.0
VTBR,breakout_pivot,1D,Bayesian_TPE,16,0.024,197,5,3,0.45,1.2,3,7,True,9.92,0.137,0.139,56.48,28,35.71,True,"{""sampler"":""TPESampler"",""seed"":42,""n_trials"":50,""direction"":""maximize"",""objective"":""composite = Sharpe * (Return% / MaxDD%)""}","{""lookback"":197,""pivot_window"":5,""min_touches"":3,""tolerance_atr_mult"":0.45,""cluster_atr_mult"":1.2,""confirmation_bars"":3,""cooldown_bars"":7,""allowshort"":true}",2014-01-01,2024-12-31,2025-01-01,2026-04-20,2014-01-01,2026-04-20,102.0,28.0,10.0,18.0,35.71,116110.62,-58995.86,53.21,,56.48,360541.8000000001,-159809.43999999997,9.92,0.14,0.14,0.0113,0.0,19.0,5.0,4.0,1.0,80.0,89510.22,-159075.0,55.8,,33.72,227976.5249999999,-159075.00000000012,19.9,0.53,0.43,0.0184,0.03,121.0,32.0,13.0,19.0,40.62,121368.57,-65236.03,55.75,,56.48,360541.8000000001,-177559.20000000013,33.83,0.22,0.2,0.0125,0.0
VTBR,breakout_pivot,1D,Bayesian_TPE,17,0.192,123,7,5,0.35,0.7,2,18,True,40.92,0.263,0.251,56.16,2,50.0,True,"{""sampler"":""TPESampler"",""seed"":42,""n_trials"":50,""direction"":""maximize"",""objective"":""composite = Sharpe * (Return% / MaxDD%)""}","{""lookback"":123,""pivot_window"":7,""min_touches"":5,""tolerance_atr_mult"":0.35,""cluster_atr_mult"":0.7,""confirmation_bars"":2,""cooldown_bars"":18,""allowshort"":true}",2014-01-01,2024-12-31,2025-01-01,2026-04-20,2014-01-01,2026-04-20,4.0,2.0,1.0,1.0,50.0,609024.0,-199774.1,622.5,,56.16,609024.0000000001,-199774.105,40.92,0.26,0.25,0.0113,0.01,0.0,0.0,0.0,0.0,0.0,0.0,0.0,0.0,,0.0,0.0,0.0,0.0,,,0.0,,4.0,2.0,2.0,0.0,100.0,343868.12,0.0,860.0,,56.16,609024.0000000001,78712.22999999998,68.77,0.3,0.28,0.0134,0.01
VTBR,breakout_pivot,1D,Bayesian_TPE,18,0.069,274,4,4,0.6000000000000001,0.9000000000000001,1,15,False,-25.38,-0.115,-0.105,42.26,26,38.46,False,"{""sampler"":""TPESampler"",""seed"":42,""n_trials"":50,""direction"":""maximize"",""objective"":""composite = Sharpe * (Return% / MaxDD%)""}","{""lookback"":274,""pivot_window"":4,""min_touches"":4,""tolerance_atr_mult"":0.6000000000000001,""cluster_atr_mult"":0.9000000000000001,""confirmation_bars"":1,""cooldown_bars"":15,""allowshort"":false}",2014-01-01,2024-12-31,2025-01-01,2026-04-20,2014-01-01,2026-04-20,88.0,26.0,10.0,15.0,38.46,41190.64,-44380.17,50.08,,42.26,137174.45,-146684.65000000002,-25.38,-0.12,-0.11,0.009,-0.0,13.0,5.0,2.0,3.0,40.0,104705.07,-105290.26,38.2,,35.54,168681.59,-231188.5499999999,-10.65,-0.14,-0.08,0.0158,-0.01,101.0,30.0,11.0,18.0,36.67,59965.73,-51404.56,51.23,,48.98,175757.40000000008,-189988.19999999992,-26.57,-0.06,-0.05,0.0104,-0.0
VTBR,breakout_pivot,1D,Bayesian_TPE,19,0.018,208,6,3,0.4,1.1,2,11,True,8.65,0.135,0.152,63.59,22,31.82,True,"{""sampler"":""TPESampler"",""seed"":42,""n_trials"":50,""direction"":""maximize"",""objective"":""composite = Sharpe * (Return% / MaxDD%)""}","{""lookback"":208,""pivot_window"":6,""min_touches"":3,""tolerance_atr_mult"":0.4,""cluster_atr_mult"":1.1,""confirmation_bars"":2,""cooldown_bars"":11,""allowshort"":true}",2014-01-01,2024-12-31,2025-01-01,2026-04-20,2014-01-01,2026-04-20,84.0,22.0,7.0,15.0,31.82,176210.32,-76466.14,84.59,,63.59,396579.3000000002,-252259.4,8.65,0.13,0.15,0.0121,0.0,18.0,6.0,3.0,3.0,50.0,75826.03,-124617.21,37.67,,37.77,163647.75,-231288.3299999999,-14.64,-0.27,-0.17,0.0152,-0.01,102.0,27.0,9.0,18.0,33.33,163272.72,-86099.34,77.81,,63.59,396579.3000000002,-252259.4,-8.03,0.07,0.06,0.0126,0.0
VTBR,breakout_pivot,1D,Bayesian_TPE,20,0.196,176,4,5,0.55,0.7,3,7,True,45.29,0.265,0.299,61.19,7,42.86,True,"{""sampler"":""TPESampler"",""seed"":42,""n_trials"":50,""direction"":""maximize"",""objective"":""composite = Sharpe * (Return% / MaxDD%)""}","{""lookback"":176,""pivot_window"":4,""min_touches"":5,""tolerance_atr_mult"":0.55,""cluster_atr_mult"":0.7,""confirmation_bars"":3,""cooldown_bars"":7,""allowshort"":true}",2014-01-01,2024-12-31,2025-01-01,2026-04-20,2014-01-01,2026-04-20,43.0,7.0,3.0,4.0,42.86,379810.81,-171639.03,304.43,,61.19,653511.3000000005,-401533.8000000001,45.29,0.26,0.3,0.0138,0.01,4.0,1.0,1.0,0.0,100.0,179330.8,0.0,460.0,,38.6,179330.80000000005,179330.80000000005,17.93,0.46,0.55,0.0225,0.03,47.0,7.0,3.0,4.0,42.86,475512.65,-171639.03,372.29,,61.19,653511.3000000005,-401533.8000000001,74.0,0.3,0.33,0.0153,0.01
VTBR,breakout_pivot,1D,Bayesian_TPE,21,-0.007,197,9,2,0.8500000000000001,0.55,1,20,True,-11.71,0.03,0.031,48.74,37,40.54,True,"{""sampler"":""TPESampler"",""seed"":42,""n_trials"":50,""direction"":""maximize"",""objective"":""composite = Sharpe * (Return% / MaxDD%)""}","{""lookback"":197,""pivot_window"":9,""min_touches"":2,""tolerance_atr_mult"":0.8500000000000001,""cluster_atr_mult"":0.55,""confirmation_bars"":1,""cooldown_bars"":20,""allowshort"":true}",2014-01-01,2024-12-31,2025-01-01,2026-04-20,2014-01-01,2026-04-20,103.0,37.0,15.0,22.0,40.54,66185.64,-50451.55,43.59,,48.74,371533.50000000006,-173547.50000000003,-11.71,0.03,0.03,0.0116,0.0,15.0,5.0,5.0,0.0,100.0,99664.36,0.0,38.8,,7.48,242656.0499999999,37853.63999999985,49.83,1.43,1.52,0.0116,0.22,118.0,41.0,19.0,22.0,46.34,82462.14,-50451.55,45.15,,48.74,371533.50000000006,-173547.50000000003,45.68,0.25,0.27,0.0119,0.01
VTBR,breakout_pivot,1D,Bayesian_TPE,22,0.098,165,8,4,1.0,0.3,1,18,True,-36.65,-0.144,-0.159,53.77,9,44.44,True,"{""sampler"":""TPESampler"",""seed"":42,""n_trials"":50,""direction"":""maximize"",""objective"":""composite = Sharpe * (Return% / MaxDD%)""}","{""lookback"":165,""pivot_window"":8,""min_touches"":4,""tolerance_atr_mult"":1.0,""cluster_atr_mult"":0.3,""confirmation_bars"":1,""cooldown_bars"":18,""allowshort"":true}",2014-01-01,2024-12-31,2025-01-01,2026-04-20,2014-01-01,2026-04-20,37.0,9.0,4.0,5.0,44.44,78629.08,-136213.24,207.0,,53.77,264864.0,-400553.6,-36.65,-0.14,-0.16,0.0113,-0.0,1.0,0.0,0.0,0.0,0.0,0.0,0.0,0.0,,0.0,0.0,0.0,0.0,,,0.0,,38.0,9.0,3.0,6.0,33.33,99720.4,-122771.59,248.56,,55.1,264864.0,-400553.6,-43.75,-0.11,-0.12,0.0131,-0.0
VTBR,breakout_pivot,1D,Bayesian_TPE,23,0.714,211,8,2,0.7,0.6000000000000001,1,19,True,93.37,0.397,0.476,51.91,41,43.9,True,"{""sampler"":""TPESampler"",""seed"":42,""n_trials"":50,""direction"":""maximize"",""objective"":""composite = Sharpe * (Return% / MaxDD%)""}","{""lookback"":211,""pivot_window"":8,""min_touches"":2,""tolerance_atr_mult"":0.7,""cluster_atr_mult"":0.6000000000000001,""confirmation_bars"":1,""cooldown_bars"":19,""allowshort"":true}",2014-01-01,2024-12-31,2025-01-01,2026-04-20,2014-01-01,2026-04-20,119.0,41.0,18.0,23.0,43.9,146996.82,-74443.45,45.51,,51.91,847547.0,-380159.50000000006,93.37,0.4,0.48,0.0128,0.01,16.0,6.0,5.0,1.0,83.33,98789.44,-11967.76,34.83,,7.48,240006.8999999999,-11967.759999999991,48.2,1.38,1.53,0.0117,0.22,135.0,46.0,22.0,24.0,47.83,176994.95,-72403.63,46.07,,51.91,847547.0,-380159.50000000006,215.62,0.55,0.66,0.0129,0.01
VTBR,breakout_pivot,1D,Bayesian_TPE,24,0.132,184,10,3,0.9000000000000001,0.7,1,14,True,30.93,0.222,0.269,52.1,15,46.67,True,"{""sampler"":""TPESampler"",""seed"":42,""n_trials"":50,""direction"":""maximize"",""objective"":""composite = Sharpe * (Return% / MaxDD%)""}","{""lookback"":184,""pivot_window"":10,""min_touches"":3,""tolerance_atr_mult"":0.9000000000000001,""cluster_atr_mult"":0.7,""confirmation_bars"":1,""cooldown_bars"":14,""allowshort"":true}",2014-01-01,2024-12-31,2025-01-01,2026-04-20,2014-01-01,2026-04-20,52.0,15.0,7.0,8.0,46.67,261469.7,-190117.69,132.87,,52.1,682796.9999999998,-504773.00000000006,30.93,0.22,0.27,0.0127,0.01,3.0,1.0,0.0,1.0,0.0,0.0,-159170.35,215.0,,32.27,-159170.35,-159170.35,-15.92,-0.18,-0.14,0.0196,-0.01,55.0,15.0,6.0,9.0,40.0,289124.25,-169138.93,150.13,,53.0,682796.9999999998,-504773.00000000006,21.25,0.18,0.19,0.014,0.0
VTBR,breakout_pivot,1D,Bayesian_TPE,25,0.019,138,7,4,0.75,0.4,1,18,True,6.59,0.12,0.121,42.21,8,62.5,True,"{""sampler"":""TPESampler"",""seed"":42,""n_trials"":50,""direction"":""maximize"",""objective"":""composite = Sharpe * (Return% / MaxDD%)""}","{""lookback"":138,""pivot_window"":7,""min_touches"":4,""tolerance_atr_mult"":0.75,""cluster_atr_mult"":0.4,""confirmation_bars"":1,""cooldown_bars"":18,""allowshort"":true}",2014-01-01,2024-12-31,2025-01-01,2026-04-20,2014-01-01,2026-04-20,31.0,8.0,5.0,3.0,62.5,150909.01,-229553.28,185.88,,42.21,420258.0,-550388.45,6.59,0.12,0.12,0.011,0.0,3.0,1.0,0.0,1.0,0.0,0.0,-24432.28,41.0,,4.09,-24432.280000000017,-24432.280000000017,-2.44,-0.3,-0.12,0.0029,-0.02,34.0,9.0,5.0,4.0,55.56,150909.01,-178675.76,169.78,,43.62,420258.0,-550388.45,3.98,0.1,0.1,0.0103,0.0
VTBR,breakout_pivot,1D,Bayesian_TPE,26,-0.001,193,6,3,1.1,0.5,2,20,False,-1.07,0.083,0.087,66.43,31,32.26,False,"{""sampler"":""TPESampler"",""seed"":42,""n_trials"":50,""direction"":""maximize"",""objective"":""composite = Sharpe * (Return% / MaxDD%)""}","{""lookback"":193,""pivot_window"":6,""min_touches"":3,""tolerance_atr_mult"":1.1,""cluster_atr_mult"":0.5,""confirmation_bars"":2,""cooldown_bars"":20,""allowshort"":false}",2014-01-01,2024-12-31,2025-01-01,2026-04-20,2014-01-01,2026-04-20,98.0,31.0,10.0,21.0,32.26,158152.15,-75819.04,52.74,,66.43,684362.2999999999,-310357.6999999999,-1.07,0.08,0.09,0.0113,0.0,12.0,4.0,1.0,3.0,25.0,190971.38,-64949.71,61.0,,32.27,190971.375,-147290.54999999993,-0.39,0.13,0.1,0.0169,0.01,110.0,35.0,11.0,24.0,31.43,166061.46,-74757.49,54.57,,66.43,684362.2999999999,-310357.6999999999,3.25,0.11,0.1,0.0123,0.0
VTBR,breakout_pivot,1D,Bayesian_TPE,27,0.132,249,8,4,0.5,0.8,1,12,True,-46.46,-0.18,-0.203,63.16,6,16.67,True,"{""sampler"":""TPESampler"",""seed"":42,""n_trials"":50,""direction"":""maximize"",""objective"":""composite = Sharpe * (Return% / MaxDD%)""}","{""lookback"":249,""pivot_window"":8,""min_touches"":4,""tolerance_atr_mult"":0.5,""cluster_atr_mult"":0.8,""confirmation_bars"":1,""cooldown_bars"":12,""allowshort"":true}",2014-01-01,2024-12-31,2025-01-01,2026-04-20,2014-01-01,2026-04-20,35.0,6.0,1.0,5.0,16.67,194366.5,-131787.33,347.0,,63.16,194366.4999999999,-367785.6,-46.46,-0.18,-0.2,0.0128,-0.0,2.0,1.0,0.0,1.0,0.0,0.0,-280361.25,325.0,,38.6,-280361.2500000001,-280361.2500000001,-28.04,-0.48,-0.44,0.0197,-0.02,37.0,6.0,1.0,5.0,16.67,194366.5,-143775.81,409.33,,63.16,194366.4999999999,-367785.6,-52.45,-0.15,-0.16,0.0143,-0.0
VTBR,breakout_pivot,1D,Bayesian_TPE,28,-0.002,167,5,2,0.35,1.1,2,16,True,-22.4,0.004,0.004,59.2,55,32.73,True,"{""sampler"":""TPESampler"",""seed"":42,""n_trials"":50,""direction"":""maximize"",""objective"":""composite = Sharpe * (Return% / MaxDD%)""}","{""lookback"":167,""pivot_window"":5,""min_touches"":2,""tolerance_atr_mult"":0.35,""cluster_atr_mult"":1.1,""confirmation_bars"":2,""cooldown_bars"":16,""allowshort"":true}",2014-01-01,2024-12-31,2025-01-01,2026-04-20,2014-01-01,2026-04-20,151.0,55.0,18.0,37.0,32.73,111951.5,-60517.07,36.69,,59.2,393910.4999999999,-334169.82499999984,-22.4,0.0,0.0,0.0138,0.0,27.0,11.0,4.0,7.0,36.36,83089.78,-19733.75,19.27,,21.19,190785.27999999988,-37832.19999999997,19.42,0.65,0.75,0.0124,0.04,178.0,66.0,22.0,44.0,33.33,106038.51,-53466.47,34.23,,59.37,393910.4999999999,-334169.82499999984,-1.97,0.1,0.11,0.0138,0.0
VTBR,breakout_pivot,1D,Bayesian_TPE,29,0.044,178,10,4,0.8,0.35,1,5,True,-23.71,-0.098,-0.077,52.87,4,50.0,True,"{""sampler"":""TPESampler"",""seed"":42,""n_trials"":50,""direction"":""maximize"",""objective"":""composite = Sharpe * (Return% / MaxDD%)""}","{""lookback"":178,""pivot_window"":10,""min_touches"":4,""tolerance_atr_mult"":0.8,""cluster_atr_mult"":0.35,""confirmation_bars"":1,""cooldown_bars"":5,""allowshort"":true}",2014-01-01,2024-12-31,2025-01-01,2026-04-20,2014-01-01,2026-04-20,26.0,4.0,2.0,2.0,50.0,133375.25,-251947.06,228.75,,52.87,259330.5,-338541.11999999994,-23.71,-0.1,-0.08,0.0092,-0.0,2.0,0.0,0.0,0.0,0.0,0.0,0.0,0.0,,0.0,0.0,0.0,0.0,,,0.0,,28.0,4.0,2.0,2.0,50.0,133375.25,-295408.42,323.75,,52.87,259330.5,-425463.84,-32.41,-0.08,-0.06,0.0116,-0.0
VTBR,breakout_pivot,1D,Bayesian_TPE,30,0.232,208,4,5,0.6000000000000001,0.5,2,10,True,48.7,0.278,0.349,58.25,11,36.36,True,"{""sampler"":""TPESampler"",""seed"":42,""n_trials"":50,""direction"":""maximize"",""objective"":""composite = Sharpe * (Return% / MaxDD%)""}","{""lookback"":208,""pivot_window"":4,""min_touches"":5,""tolerance_atr_mult"":0.6000000000000001,""cluster_atr_mult"":0.5,""confirmation_bars"":2,""cooldown_bars"":10,""allowshort"":true}",2014-01-01,2024-12-31,2025-01-01,2026-04-20,2014-01-01,2026-04-20,44.0,11.0,4.0,7.0,36.36,353957.65,-132694.09,189.91,,58.25,699387.0,-328854.9000000001,48.7,0.28,0.35,0.013,0.01,4.0,2.0,1.0,1.0,50.0,163800.0,-93618.53,169.5,,40.79,163800.0,-93618.52500000004,7.02,0.29,0.27,0.0186,0.01,48.0,12.0,4.0,8.0,33.33,411230.5,-133363.66,203.5,,58.25,699387.0,-328854.9000000001,57.8,0.28,0.31,0.0139,0.01
VTBR,breakout_pivot,1D,Bayesian_TPE,31,0.221,132,7,3,0.45,0.6000000000000001,2,17,True,44.05,0.265,0.304,52.71,13,38.46,True,"{""sampler"":""TPESampler"",""seed"":42,""n_trials"":50,""direction"":""maximize"",""objective"":""composite = Sharpe * (Return% / MaxDD%)""}","{""lookback"":132,""pivot_window"":7,""min_touches"":3,""tolerance_atr_mult"":0.45,""cluster_atr_mult"":0.6000000000000001,""confirmation_bars"":2,""cooldown_bars"":17,""allowshort"":true}",2014-01-01,2024-12-31,2025-01-01,2026-04-20,2014-01-01,2026-04-20,44.0,13.0,5.0,7.0,38.46,296390.8,-148776.88,147.62,,52.71,689501.0,-273148.74999999994,44.05,0.26,0.3,0.0128,0.01,5.0,2.0,1.0,1.0,50.0,311210.24,-8905.6,67.5,,7.25,311210.23500000004,-8905.600000000008,30.23,1.38,1.42,0.0077,0.15,49.0,15.0,6.0,9.0,40.0,315421.02,-130499.99,149.87,,52.71,689501.0,-273148.74999999994,71.8,0.3,0.31,0.0142,0.01
VTBR,breakout_pivot,1D,Bayesian_TPE,32,0.009,148,7,2,0.4,0.55,2,19,True,4.36,0.121,0.135,61.3,43,27.91,True,"{""sampler"":""TPESampler"",""seed"":42,""n_trials"":50,""direction"":""maximize"",""objective"":""composite = Sharpe * (Return% / MaxDD%)""}","{""lookback"":148,""pivot_window"":7,""min_touches"":2,""tolerance_atr_mult"":0.4,""cluster_atr_mult"":0.55,""confirmation_bars"":2,""cooldown_bars"":19,""allowshort"":true}",2014-01-01,2024-12-31,2025-01-01,2026-04-20,2014-01-01,2026-04-20,117.0,43.0,12.0,31.0,27.91,136689.36,-51505.18,44.28,,61.3,616224.9,-189802.6,4.36,0.12,0.14,0.0129,0.0,19.0,8.0,6.0,2.0,75.0,77999.12,-36507.39,31.75,,12.91,200093.19000000015,-41838.389999999985,39.5,1.0,1.39,0.0144,0.11,136.0,51.0,18.0,33.0,35.29,122322.67,-50802.91,42.92,,61.3,616224.9,-189802.6,52.53,0.26,0.31,0.0133,0.01
VTBR,breakout_pivot,1D,Bayesian_TPE,33,0.064,107,3,3,0.35,0.65,2,19,True,20.05,0.182,0.203,57.26,33,33.33,True,"{""sampler"":""TPESampler"",""seed"":42,""n_trials"":50,""direction"":""maximize"",""objective"":""composite = Sharpe * (Return% / MaxDD%)""}","{""lookback"":107,""pivot_window"":3,""min_touches"":3,""tolerance_atr_mult"":0.35,""cluster_atr_mult"":0.65,""confirmation_bars"":2,""cooldown_bars"":19,""allowshort"":true}",2014-01-01,2024-12-31,2025-01-01,2026-04-20,2014-01-01,2026-04-20,107.0,33.0,11.0,21.0,33.33,137741.29,-62604.26,50.88,,57.26,526823.9999999995,-234879.8999999999,20.05,0.18,0.2,0.0121,0.0,17.0,5.0,4.0,1.0,80.0,59786.16,-202863.44,55.0,,33.45,114201.89999999994,-202863.4399999999,3.63,0.23,0.2,0.0201,0.01,124.0,38.0,16.0,22.0,42.11,117077.15,-71357.04,52.24,,57.26,526823.9999999995,-255165.30999999985,30.34,0.21,0.2,0.0135,0.0
VTBR,breakout_pivot,1D,Bayesian_TPE,34,0.223,150,6,4,0.5,0.45,1,17,True,-66.54,-0.249,-0.188,74.27,8,25.0,True,"{""sampler"":""TPESampler"",""seed"":42,""n_trials"":50,""direction"":""maximize"",""objective"":""composite = Sharpe * (Return% / MaxDD%)""}","{""lookback"":150,""pivot_window"":6,""min_touches"":4,""tolerance_atr_mult"":0.5,""cluster_atr_mult"":0.45,""confirmation_bars"":1,""cooldown_bars"":17,""allowshort"":true}",2014-01-01,2024-12-31,2025-01-01,2026-04-20,2014-01-01,2026-04-20,28.0,8.0,2.0,6.0,25.0,213905.72,-182206.11,233.12,,74.27,289071.5749999999,-768514.5,-66.54,-0.25,-0.19,0.0162,-0.01,2.0,1.0,1.0,0.0,100.0,317991.88,0.0,88.0,,7.25,317991.875,317991.875,31.8,1.61,1.42,0.0068,0.15,30.0,9.0,3.0,6.0,33.33,178062.15,-182206.11,217.0,,74.42,289071.5749999999,-768514.5,-55.91,-0.14,-0.1,0.0153,-0.0
VTBR,breakout_pivot,1D,Bayesian_TPE,35,0.183,160,3,3,0.4,0.45,3,20,False,36.39,0.241,0.268,48.02,34,44.12,False,"{""sampler"":""TPESampler"",""seed"":42,""n_trials"":50,""direction"":""maximize"",""objective"":""composite = Sharpe * (Return% / MaxDD%)""}","{""lookback"":160,""pivot_window"":3,""min_touches"":3,""tolerance_atr_mult"":0.4,""cluster_atr_mult"":0.45,""confirmation_bars"":3,""cooldown_bars"":20,""allowshort"":false}",2014-01-01,2024-12-31,2025-01-01,2026-04-20,2014-01-01,2026-04-20,100.0,34.0,15.0,19.0,44.12,136900.32,-88927.31,50.29,,48.02,581881.2000000002,-258607.97500000012,36.39,0.24,0.27,0.0126,0.01,17.0,6.0,5.0,1.0,83.33,86988.17,-121091.9,35.83,,17.91,139573.29999999984,-121091.90000000004,31.38,0.86,1.0,0.0139,0.07,117.0,40.0,20.0,20.0,50.0,137055.9,-93137.24,48.92,,48.02,581881.2000000002,-258607.97500000012,87.84,0.35,0.39,0.0129,0.01
VTBR,breakout_pivot,1D,Bayesian_TPE,36,0.121,235,8,4,0.7,0.4,1,17,True,-31.96,-0.175,-0.131,46.04,8,37.5,True,"{""sampler"":""TPESampler"",""seed"":42,""n_trials"":50,""direction"":""maximize"",""objective"":""composite = Sharpe * (Return% / MaxDD%)""}","{""lookback"":235,""pivot_window"":8,""min_touches"":4,""tolerance_atr_mult"":0.7,""cluster_atr_mult"":0.4,""confirmation_bars"":1,""cooldown_bars"":17,""allowshort"":true}",2014-01-01,2024-12-31,2025-01-01,2026-04-20,2014-01-01,2026-04-20,31.0,8.0,3.0,4.0,37.5,86405.65,-144706.4,118.0,,46.04,235410.0000000001,-263341.9,-31.96,-0.18,-0.13,0.009,-0.0,3.0,1.0,0.0,1.0,0.0,0.0,-172103.65,216.0,,32.27,-172103.65000000002,-172103.65000000002,-17.21,-0.21,-0.16,0.0197,-0.01,34.0,8.0,2.0,5.0,25.0,121362.5,-124470.14,150.5,,53.18,235410.0000000001,-263341.9,-37.96,-0.12,-0.09,0.0112,-0.0
VTBR,breakout_pivot,1D,Bayesian_TPE,37,0.092,221,6,2,0.8,0.55,2,14,True,-41.85,-0.136,-0.129,62.12,58,36.21,True,"{""sampler"":""TPESampler"",""seed"":42,""n_trials"":50,""direction"":""maximize"",""objective"":""composite = Sharpe * (Return% / MaxDD%)""}","{""lookback"":221,""pivot_window"":6,""min_touches"":2,""tolerance_atr_mult"":0.8,""cluster_atr_mult"":0.55,""confirmation_bars"":2,""cooldown_bars"":14,""allowshort"":true}",2014-01-01,2024-12-31,2025-01-01,2026-04-20,2014-01-01,2026-04-20,158.0,58.0,21.0,37.0,36.21,65154.68,-48289.97,30.41,,62.12,334191.89999999997,-249613.62499999988,-41.85,-0.14,-0.13,0.013,-0.0,27.0,10.0,6.0,4.0,60.0,62663.75,-37853.89,25.5,,16.29,113697.08000000006,-98248.44000000002,22.46,0.67,0.86,0.0137,0.06,185.0,68.0,27.0,41.0,39.71,60487.76,-45850.57,30.12,,62.12,334191.89999999997,-249613.62499999988,-24.67,-0.0,-0.0,0.0132,-0.0
VTBR,breakout_pivot,1D,Bayesian_TPE,38,0.906,189,5,4,0.9000000000000001,0.65,1,3,False,97.04,0.413,0.447,44.22,25,52.0,False,"{""sampler"":""TPESampler"",""seed"":42,""n_trials"":50,""direction"":""maximize"",""objective"":""composite = Sharpe * (Return% / MaxDD%)""}","{""lookback"":189,""pivot_window"":5,""min_touches"":4,""tolerance_atr_mult"":0.9000000000000001,""cluster_atr_mult"":0.65,""confirmation_bars"":1,""cooldown_bars"":3,""allowshort"":false}",2014-01-01,2024-12-31,2025-01-01,2026-04-20,2014-01-01,2026-04-20,144.0,25.0,13.0,12.0,52.0,204208.32,-140363.12,68.8,,44.22,732981.75,-636026.16,97.04,0.41,0.45,0.0124,0.01,10.0,3.0,2.0,1.0,66.67,131065.05,-197286.64,107.67,,38.6,176472.00000000006,-197286.6400000001,6.48,0.28,0.27,0.0193,0.01,154.0,27.0,14.0,13.0,51.85,221942.38,-158699.45,75.93,,45.75,732981.75,-636026.16,104.41,0.37,0.37,0.0135,0.01
VTBR,breakout_pivot,1D,Bayesian_TPE,39,0.401,185,5,4,0.9000000000000001,0.8500000000000001,1,3,False,56.92,0.311,0.317,44.14,21,57.14,False,"{""sampler"":""TPESampler"",""seed"":42,""n_trials"":50,""direction"":""maximize"",""objective"":""composite = Sharpe * (Return% / MaxDD%)""}","{""lookback"":185,""pivot_window"":5,""min_touches"":4,""tolerance_atr_mult"":0.9000000000000001,""cluster_atr_mult"":0.8500000000000001,""confirmation_bars"":1,""cooldown_bars"":3,""allowshort"":false}",2014-01-01,2024-12-31,2025-01-01,2026-04-20,2014-01-01,2026-04-20,151.0,21.0,12.0,9.0,57.14,161999.59,-152759.28,73.9,,44.14,582861.0,-506516.64,56.92,0.31,0.32,0.012,0.01,13.0,3.0,2.0,1.0,66.67,128115.98,-264662.27,125.0,,38.6,176472.00000000006,-264662.27000000014,-0.84,0.16,0.17,0.0215,0.01,164.0,23.0,13.0,10.0,56.52,176564.48,-177944.97,84.09,,49.4,582861.0,-506516.64,51.59,0.26,0.25,0.0136,0.01
VTBR,breakout_pivot,1D,Bayesian_TPE,40,0.016,171,4,4,1.0,0.75,1,5,False,7.5,0.127,0.136,59.94,37,40.54,False,"{""sampler"":""TPESampler"",""seed"":42,""n_trials"":50,""direction"":""maximize"",""objective"":""composite = Sharpe * (Return% / MaxDD%)""}","{""lookback"":171,""pivot_window"":4,""min_touches"":4,""tolerance_atr_mult"":1.0,""cluster_atr_mult"":0.75,""confirmation_bars"":1,""cooldown_bars"":5,""allowshort"":false}",2014-01-01,2024-12-31,2025-01-01,2026-04-20,2014-01-01,2026-04-20,180.0,37.0,15.0,22.0,40.54,142453.47,-93717.63,46.14,,59.94,667863.9999999998,-363932.45000000024,7.5,0.13,0.14,0.0115,0.0,13.0,3.0,2.0,1.0,66.67,185385.0,-238587.47,84.0,,32.52,213738.14,-238587.4699999999,13.22,0.4,0.32,0.02,0.02,193.0,39.0,16.0,23.0,41.03,157598.34,-100689.68,50.51,,60.45,667863.9999999998,-363932.45000000024,20.57,0.18,0.16,0.013,0.0
VTBR,breakout_pivot,1D,Bayesian_TPE,41,0.538,158,5,4,0.9000000000000001,0.65,1,8,False,66.81,0.346,0.333,42.94,17,52.94,False,"{""sampler"":""TPESampler"",""seed"":42,""n_trials"":50,""direction"":""maximize"",""objective"":""composite = Sharpe * (Return% / MaxDD%)""}","{""lookback"":158,""pivot_window"":5,""min_touches"":4,""tolerance_atr_mult"":0.9000000000000001,""cluster_atr_mult"":0.65,""confirmation_bars"":1,""cooldown_bars"":8,""allowshort"":false}",2014-01-01,2024-12-31,2025-01-01,2026-04-20,2014-01-01,2026-04-20,87.0,17.0,9.0,8.0,52.94,222157.46,-166417.84,82.65,,42.94,606624.0,-485949.22999999986,66.81,0.35,0.33,0.0116,0.01,6.0,2.0,1.0,1.0,50.0,288203.93,-88492.5,227.0,,38.6,288203.92500000005,-88492.50000000007,19.97,0.49,0.58,0.0227,0.03,93.0,18.0,9.0,9.0,50.0,257640.47,-152118.73,103.67,,48.34,606624.0,-485949.22999999986,94.97,0.35,0.33,0.0136,0.01
VTBR,breakout_pivot,1D,Bayesian_TPE,42,0.196,141,7,4,0.3,0.65,1,15,False,-61.46,-0.243,-0.139,76.25,4,25.0,False,"{""sampler"":""TPESampler"",""seed"":42,""n_trials"":50,""direction"":""maximize"",""objective"":""composite = Sharpe * (Return% / MaxDD%)""}","{""lookback"":141,""pivot_window"":7,""min_touches"":4,""tolerance_atr_mult"":0.3,""cluster_atr_mult"":0.65,""confirmation_bars"":1,""cooldown_bars"":15,""allowshort"":false}",2014-01-01,2024-12-31,2025-01-01,2026-04-20,2014-01-01,2026-04-20,17.0,4.0,1.0,3.0,25.0,96387.03,-236983.65,291.0,,76.25,96387.02500000004,-557166.25,-61.46,-0.24,-0.14,0.0147,-0.0,0.0,0.0,0.0,0.0,0.0,0.0,0.0,0.0,,0.0,0.0,0.0,0.0,,,0.0,,17.0,4.0,1.0,3.0,25.0,96387.03,-236983.65,291.0,,76.25,96387.02500000004,-557166.25,-61.46,-0.23,-0.12,0.0137,-0.0
VTBR,breakout_pivot,1D,Bayesian_TPE,43,0.005,214,6,4,0.8500000000000001,0.45,2,3,False,-17.25,-0.019,-0.019,59.82,15,33.33,False,"{""sampler"":""TPESampler"",""seed"":42,""n_trials"":50,""direction"":""maximize"",""objective"":""composite = Sharpe * (Return% / MaxDD%)""}","{""lookback"":214,""pivot_window"":6,""min_touches"":4,""tolerance_atr_mult"":0.8500000000000001,""cluster_atr_mult"":0.45,""confirmation_bars"":2,""cooldown_bars"":3,""allowshort"":false}",2014-01-01,2024-12-31,2025-01-01,2026-04-20,2014-01-01,2026-04-20,95.0,15.0,5.0,10.0,33.33,78555.9,-56529.06,108.33,,59.82,264082.75,-129982.31000000004,-17.25,-0.02,-0.02,0.0106,-0.0,9.0,2.0,2.0,0.0,100.0,125993.25,0.0,30.5,,8.88,174463.52,77522.97000000003,25.2,0.95,0.56,0.0099,0.11,104.0,16.0,6.0,10.0,37.5,97215.84,-56529.06,105.94,,59.82,264082.75,-129982.31000000004,1.8,0.09,0.09,0.0105,0.0
VTBR,breakout_pivot,1D,Bayesian_TPE,44,0.653,191,12,3,0.95,0.55,1,19,False,-53.72,-0.699,-0.466,57.47,9,44.44,False,"{""sampler"":""TPESampler"",""seed"":42,""n_trials"":50,""direction"":""maximize"",""objective"":""composite = Sharpe * (Return% / MaxDD%)""}","{""lookback"":191,""pivot_window"":12,""min_touches"":3,""tolerance_atr_mult"":0.95,""cluster_atr_mult"":0.55,""confirmation_bars"":1,""cooldown_bars"":19,""allowshort"":false}",2014-01-01,2024-12-31,2025-01-01,2026-04-20,2014-01-01,2026-04-20,38.0,9.0,4.0,5.0,44.44,12107.34,-117119.76,85.11,,57.47,28166.600000000028,-196484.2,-53.72,-0.7,-0.47,0.006,-0.01,3.0,1.0,0.0,1.0,0.0,0.0,-172103.65,216.0,,32.27,-172103.65000000002,-172103.65000000002,-17.21,-0.21,-0.16,0.0197,-0.01,41.0,9.0,3.0,6.0,33.33,12403.45,-102534.63,114.0,,63.1,28166.600000000028,-196484.2,-57.8,-0.39,-0.24,0.0093,-0.01
VTBR,breakout_pivot,1D,Bayesian_TPE,45,0.016,203,9,5,0.5,0.75,1,9,True,-27.32,-0.041,-0.045,70.21,3,33.33,True,"{""sampler"":""TPESampler"",""seed"":42,""n_trials"":50,""direction"":""maximize"",""objective"":""composite = Sharpe * (Return% / MaxDD%)""}","{""lookback"":203,""pivot_window"":9,""min_touches"":5,""tolerance_atr_mult"":0.5,""cluster_atr_mult"":0.75,""confirmation_bars"":1,""cooldown_bars"":9,""allowshort"":true}",2014-01-01,2024-12-31,2025-01-01,2026-04-20,2014-01-01,2026-04-20,15.0,3.0,1.0,2.0,33.33,587997.0,-430593.04,621.33,,70.21,587997.0,-725470.525,-27.32,-0.04,-0.05,0.0129,-0.0,0.0,0.0,0.0,0.0,0.0,0.0,0.0,0.0,,0.0,0.0,0.0,0.0,,,0.0,,15.0,3.0,2.0,1.0,66.67,297948.74,-725470.53,779.67,,70.21,587997.0,-725470.525,-12.96,0.07,0.07,0.0146,0.0
VTBR,breakout_pivot,1D,Bayesian_TPE,46,0.449,227,5,3,1.1,0.35,2,18,True,-67.68,-0.496,-0.386,74.76,38,31.58,True,"{""sampler"":""TPESampler"",""seed"":42,""n_trials"":50,""direction"":""maximize"",""objective"":""composite = Sharpe * (Return% / MaxDD%)""}","{""lookback"":227,""pivot_window"":5,""min_touches"":3,""tolerance_atr_mult"":1.1,""cluster_atr_mult"":0.35,""confirmation_bars"":2,""cooldown_bars"":18,""allowshort"":true}",2014-01-01,2024-12-31,2025-01-01,2026-04-20,2014-01-01,2026-04-20,111.0,38.0,12.0,25.0,31.58,25584.98,-39353.55,35.53,,74.76,76841.69999999998,-132841.0,-67.68,-0.5,-0.39,0.0111,-0.01,13.0,4.0,2.0,2.0,50.0,135880.65,-78456.44,77.5,,33.29,213719.625,-154232.54999999993,11.48,0.38,0.34,0.0191,0.02,124.0,42.0,14.0,27.0,33.33,29603.96,-38406.35,40.26,,74.76,76841.69999999998,-132841.0,-62.25,-0.29,-0.23,0.0126,-0.0
VTBR,breakout_pivot,1D,Bayesian_TPE,47,0.117,114,6,4,0.75,0.6000000000000001,3,6,False,-55.42,-0.151,-0.112,71.25,8,62.5,False,"{""sampler"":""TPESampler"",""seed"":42,""n_trials"":50,""direction"":""maximize"",""objective"":""composite = Sharpe * (Return% / MaxDD%)""}","{""lookback"":114,""pivot_window"":6,""min_touches"":4,""tolerance_atr_mult"":0.75,""cluster_atr_mult"":0.6000000000000001,""confirmation_bars"":3,""cooldown_bars"":6,""allowshort"":false}",2014-01-01,2024-12-31,2025-01-01,2026-04-20,2014-01-01,2026-04-20,36.0,8.0,5.0,3.0,62.5,97796.31,-347714.6,226.0,,71.25,256719.59999999995,-735179.3750000005,-55.42,-0.15,-0.11,0.016,-0.0,7.0,2.0,2.0,0.0,100.0,129573.08,0.0,71.5,,7.25,239421.82499999992,19724.34000000014,25.91,1.28,1.25,0.0072,0.13,43.0,9.0,5.0,4.0,55.56,109618.75,-264336.83,251.56,,73.99,256719.59999999995,-735179.3750000005,-50.93,-0.06,-0.05,0.017,-0.0
VTBR,breakout_pivot,1D,Bayesian_TPE,48,-0.005,179,3,2,0.45,0.5,2,11,True,-17.09,0.018,0.019,58.78,91,30.77,True,"{""sampler"":""TPESampler"",""seed"":42,""n_trials"":50,""direction"":""maximize"",""objective"":""composite = Sharpe * (Return% / MaxDD%)""}","{""lookback"":179,""pivot_window"":3,""min_touches"":2,""tolerance_atr_mult"":0.45,""cluster_atr_mult"":0.5,""confirmation_bars"":2,""cooldown_bars"":11,""allowshort"":true}",2014-01-01,2024-12-31,2025-01-01,2026-04-20,2014-01-01,2026-04-20,246.0,91.0,28.0,62.0,30.77,88331.54,-42648.59,20.47,,58.78,441457.04999999993,-273577.125,-17.09,0.02,0.02,0.0129,0.0,39.0,15.0,6.0,9.0,40.0,107241.19,-23174.13,15.73,,16.93,245693.39999999997,-67262.29999999996,43.49,1.1,1.41,0.0139,0.09,285.0,105.0,33.0,71.0,31.43,92387.74,-39753.05,20.14,,58.78,441457.04999999993,-273577.125,22.63,0.18,0.2,0.0131,0.0
VTBR,breakout_pivot,1D,Bayesian_TPE,49,0.429,159,4,4,0.65,1.15,1,13,True,50.7,0.305,0.308,36.06,29,44.83,True,"{""sampler"":""TPESampler"",""seed"":42,""n_trials"":50,""direction"":""maximize"",""objective"":""composite = Sharpe * (Return% / MaxDD%)""}","{""lookback"":159,""pivot_window"":4,""min_touches"":4,""tolerance_atr_mult"":0.65,""cluster_atr_mult"":1.1500000000000001,""confirmation_bars"":1,""cooldown_bars"":13,""allowshort"":true}",2014-01-01,2024-12-31,2025-01-01,2026-04-20,2014-01-01,2026-04-20,101.0,29.0,13.0,15.0,44.83,130097.43,-78948.85,46.69,,36.06,547272.2000000003,-296264.50000000006,50.7,0.31,0.31,0.0107,0.01,10.0,4.0,1.0,3.0,25.0,189299.25,-130292.3,62.0,,39.78,189299.2499999999,-217955.35999999993,-20.16,-0.4,-0.27,0.0161,-0.02,111.0,32.0,14.0,17.0,43.75,149071.99,-94244.6,51.59,,47.82,547272.2000000003,-405333.59999999986,48.48,0.26,0.23,0.012,0.01
ROSN,breakout_pivot,1D,Bayesian_TPE,0,1.377,175,12,4,0.8500000000000001,0.4,1,4,True,78.58,0.457,0.397,26.08,5,80.0,True,"{""sampler"":""TPESampler"",""seed"":42,""n_trials"":50,""direction"":""maximize"",""objective"":""composite = Sharpe * (Return% / MaxDD%)""}","{""lookback"":175,""pivot_window"":12,""min_touches"":4,""tolerance_atr_mult"":0.8500000000000001,""cluster_atr_mult"":0.4,""confirmation_bars"":1,""cooldown_bars"":4,""allowshort"":true}",2014-01-01,2024-12-31,2025-01-01,2026-04-20,2014-01-01,2026-04-20,29.0,5.0,4.0,1.0,80.0,288293.05,-367412.3,215.6,,26.08,528442.85,-367412.30000000016,78.58,0.46,0.4,0.0086,0.02,2.0,0.0,0.0,0.0,0.0,0.0,0.0,0.0,,0.0,0.0,0.0,0.0,,,0.0,,31.0,5.0,3.0,2.0,60.0,269742.23,-330196.0,275.0,,39.08,528442.85,-367412.30000000016,14.88,0.15,0.14,0.0096,0.0
ROSN,breakout_pivot,1D,Bayesian_TPE,1,5.594,242,3,5,1.05,0.5,1,6,False,284.8,0.76,0.783,38.69,41,48.78,False,"{""sampler"":""TPESampler"",""seed"":42,""n_trials"":50,""direction"":""maximize"",""objective"":""composite = Sharpe * (Return% / MaxDD%)""}","{""lookback"":242,""pivot_window"":3,""min_touches"":5,""tolerance_atr_mult"":1.05,""cluster_atr_mult"":0.5,""confirmation_bars"":1,""cooldown_bars"":6,""allowshort"":false}",2014-01-01,2024-12-31,2025-01-01,2026-04-20,2014-01-01,2026-04-20,170.0,41.0,20.0,21.0,48.78,218549.79,-72525.12,45.41,,38.69,870231.0000000001,-315281.3999999996,284.8,0.76,0.78,0.0116,0.02,27.0,6.0,3.0,3.0,50.0,30746.87,-49579.05,18.33,,16.56,69541.8999999999,-59563.10000000003,-5.65,-0.2,-0.15,0.0083,-0.01,197.0,46.0,23.0,23.0,50.0,193257.97,-82166.97,43.07,,38.69,870231.0000000001,-315281.3999999996,255.51,0.65,0.65,0.0112,0.02
ROSN,breakout_pivot,1D,Bayesian_TPE,2,0.023,186,5,4,0.4,0.55,2,11,True,7.53,0.125,0.107,41.43,13,30.77,True,"{""sampler"":""TPESampler"",""seed"":42,""n_trials"":50,""direction"":""maximize"",""objective"":""composite = Sharpe * (Return% / MaxDD%)""}","{""lookback"":186,""pivot_window"":5,""min_touches"":4,""tolerance_atr_mult"":0.4,""cluster_atr_mult"":0.55,""confirmation_bars"":2,""cooldown_bars"":11,""allowshort"":true}",2014-01-01,2024-12-31,2025-01-01,2026-04-20,2014-01-01,2026-04-20,52.0,13.0,4.0,9.0,30.77,222051.09,-90318.3,105.62,,41.43,298451.9999999999,-282719.0000000001,7.53,0.13,0.11,0.0108,0.0,8.0,1.0,0.0,1.0,0.0,0.0,-11613.25,47.0,,16.56,-11613.250000000076,-11613.250000000076,-1.16,-0.03,-0.01,0.0058,-0.0,60.0,14.0,4.0,10.0,28.57,192802.26,-82399.39,106.0,,41.43,298451.9999999999,-282719.0000000001,-5.28,0.06,0.05,0.0106,0.0
ROSN,breakout_pivot,1D,Bayesian_TPE,3,1.806,203,8,2,0.8500000000000001,0.45,1,20,True,134.43,0.5,0.566,37.21,42,52.38,True,"{""sampler"":""TPESampler"",""seed"":42,""n_trials"":50,""direction"":""maximize"",""objective"":""composite = Sharpe * (Return% / MaxDD%)""}","{""lookback"":203,""pivot_window"":8,""min_touches"":2,""tolerance_atr_mult"":0.8500000000000001,""cluster_atr_mult"":0.45,""confirmation_bars"":1,""cooldown_bars"":20,""allowshort"":true}",2014-01-01,2024-12-31,2025-01-01,2026-04-20,2014-01-01,2026-04-20,119.0,42.0,22.0,20.0,52.38,125373.73,-70696.82,50.71,,37.21,607769.8499999997,-248672.6000000001,134.43,0.5,0.57,0.0122,0.02,23.0,9.0,3.0,6.0,33.33,15800.83,-51763.75,20.22,,30.69,38034.09999999994,-121104.0,-26.32,-0.97,-1.02,0.0111,-0.04,142.0,51.0,25.0,26.0,49.02,103909.03,-79294.41,46.57,,37.86,607769.8499999997,-252590.0,53.61,0.27,0.31,0.0123,0.01
ROSN,breakout_pivot,1D,Bayesian_TPE,4,2.008,161,3,4,0.7,0.4,2,3,True,178.64,0.563,0.556,50.09,35,37.14,True,"{""sampler"":""TPESampler"",""seed"":42,""n_trials"":50,""direction"":""maximize"",""objective"":""composite = Sharpe * (Return% / MaxDD%)""}","{""lookback"":161,""pivot_window"":3,""min_touches"":4,""tolerance_atr_mult"":0.7,""cluster_atr_mult"":0.4,""confirmation_bars"":2,""cooldown_bars"":3,""allowshort"":true}",2014-01-01,2024-12-31,2025-01-01,2026-04-20,2014-01-01,2026-04-20,172.0,35.0,13.0,22.0,37.14,262109.77,-73683.38,56.89,,50.09,732768.3999999999,-506176.65,178.64,0.56,0.56,0.0128,0.01,24.0,4.0,2.0,2.0,50.0,96162.75,-36017.6,30.25,,13.61,102871.29999999989,-64716.25,12.03,0.57,0.51,0.0086,0.04,196.0,39.0,15.0,24.0,38.46,239530.84,-75024.85,54.72,,50.09,732768.3999999999,-506176.65,179.24,0.51,0.5,0.0124,0.01
ROSN,breakout_pivot,1D,Bayesian_TPE,5,2.311,233,6,4,0.8,0.45,3,16,True,153.36,0.548,0.543,36.36,13,53.85,True,"{""sampler"":""TPESampler"",""seed"":42,""n_trials"":50,""direction"":""maximize"",""objective"":""composite = Sharpe * (Return% / MaxDD%)""}","{""lookback"":233,""pivot_window"":6,""min_touches"":4,""tolerance_atr_mult"":0.8,""cluster_atr_mult"":0.45,""confirmation_bars"":3,""cooldown_bars"":16,""allowshort"":true}",2014-01-01,2024-12-31,2025-01-01,2026-04-20,2014-01-01,2026-04-20,47.0,13.0,7.0,6.0,53.85,330834.04,-130365.68,148.31,,36.36,827808.8999999999,-418861.6500000001,153.36,0.55,0.54,0.0118,0.02,5.0,1.0,1.0,0.0,100.0,74020.2,0.0,149.0,,16.56,74020.19999999997,74020.19999999997,7.4,0.4,0.34,0.0082,0.02,52.0,14.0,7.0,7.0,50.0,279971.99,-164439.87,162.29,,36.7,827808.8999999999,-418861.6500000001,80.87,0.34,0.35,0.0122,0.01
ROSN,breakout_pivot,1D,Bayesian_TPE,6,0.541,220,12,2,0.45,0.3,1,9,False,68.08,0.347,0.38,43.65,35,45.71,False,"{""sampler"":""TPESampler"",""seed"":42,""n_trials"":50,""direction"":""maximize"",""objective"":""composite = Sharpe * (Return% / MaxDD%)""}","{""lookback"":220,""pivot_window"":12,""min_touches"":2,""tolerance_atr_mult"":0.45,""cluster_atr_mult"":0.3,""confirmation_bars"":1,""cooldown_bars"":9,""allowshort"":false}",2014-01-01,2024-12-31,2025-01-01,2026-04-20,2014-01-01,2026-04-20,140.0,35.0,16.0,19.0,45.71,117847.86,-63411.33,57.0,,43.65,400816.0,-167206.0000000001,68.08,0.35,0.38,0.0118,0.01,21.0,8.0,3.0,5.0,37.5,26874.03,-32446.26,28.38,,18.34,67700.7999999999,-62189.10000000008,-8.16,-0.18,-0.22,0.0119,-0.01,161.0,43.0,19.0,24.0,44.19,95797.36,-60305.77,53.14,,43.65,400816.0,-167206.0000000001,37.28,0.23,0.26,0.012,0.01
ROSN,breakout_pivot,1D,Bayesian_TPE,7,0.446,171,5,4,0.4,1.05,1,20,True,52.32,0.304,0.331,35.68,18,22.22,True,"{""sampler"":""TPESampler"",""seed"":42,""n_trials"":50,""direction"":""maximize"",""objective"":""composite = Sharpe * (Return% / MaxDD%)""}","{""lookback"":171,""pivot_window"":5,""min_touches"":4,""tolerance_atr_mult"":0.4,""cluster_atr_mult"":1.05,""confirmation_bars"":1,""cooldown_bars"":20,""allowshort"":true}",2014-01-01,2024-12-31,2025-01-01,2026-04-20,2014-01-01,2026-04-20,66.0,18.0,4.0,14.0,22.22,332785.94,-57706.74,103.28,,35.68,616869.0000000001,-120416.5000000002,52.32,0.3,0.33,0.0113,0.01,11.0,2.0,1.0,1.0,50.0,4871.55,-96184.8,50.5,,17.1,4871.549999999929,-96184.80000000005,-9.13,-0.42,-0.3,0.0077,-0.02,77.0,20.0,5.0,15.0,25.0,267713.48,-63629.94,98.0,,35.68,616869.0000000001,-146554.80000000005,38.41,0.24,0.25,0.0109,0.01
ROSN,breakout_pivot,1D,Bayesian_TPE,8,0.007,101,11,4,0.95,1.0,1,9,False,2.76,0.07,0.029,27.54,1,100.0,False,"{""sampler"":""TPESampler"",""seed"":42,""n_trials"":50,""direction"":""maximize"",""objective"":""composite = Sharpe * (Return% / MaxDD%)""}","{""lookback"":101,""pivot_window"":11,""min_touches"":4,""tolerance_atr_mult"":0.95,""cluster_atr_mult"":1.0,""confirmation_bars"":1,""cooldown_bars"":9,""allowshort"":false}",2014-01-01,2024-12-31,2025-01-01,2026-04-20,2014-01-01,2026-04-20,7.0,1.0,1.0,0.0,100.0,27628.5,0.0,259.0,,27.54,27628.499999999924,27628.499999999924,2.76,0.07,0.03,0.0048,0.0,3.0,1.0,1.0,0.0,100.0,61907.65,0.0,80.0,,16.56,61907.64999999989,61907.64999999989,6.19,0.37,0.25,0.0073,0.02,10.0,2.0,1.0,1.0,50.0,43077.3,-304252.5,265.0,,36.25,43077.29999999992,-304252.5,-26.12,-0.17,-0.1,0.0068,-0.0
ROSN,breakout_pivot,1D,Bayesian_TPE,9,0.671,225,6,2,0.55,0.6000000000000001,3,14,True,85.22,0.391,0.403,49.63,49,44.9,True,"{""sampler"":""TPESampler"",""seed"":42,""n_trials"":50,""direction"":""maximize"",""objective"":""composite = Sharpe * (Return% / MaxDD%)""}","{""lookback"":225,""pivot_window"":6,""min_touches"":2,""tolerance_atr_mult"":0.55,""cluster_atr_mult"":0.6000000000000001,""confirmation_bars"":3,""cooldown_bars"":14,""allowshort"":true}",2014-01-01,2024-12-31,2025-01-01,2026-04-20,2014-01-01,2026-04-20,152.0,49.0,22.0,27.0,44.9,134978.07,-78420.28,41.18,,49.63,481025.99999999994,-526338.0000000001,85.22,0.39,0.4,0.012,0.01,30.0,12.0,2.0,10.0,16.67,37025.1,-43338.63,20.67,,40.55,40966.5,-85646.24999999996,-35.93,-1.28,-1.54,0.0124,-0.04,182.0,61.0,24.0,37.0,39.34,121450.79,-76829.28,37.41,,52.71,481025.99999999994,-526338.0000000001,7.21,0.13,0.13,0.0121,0.0
ROSN,breakout_pivot,1D,Bayesian_TPE,10,14.493,294,3,5,1.2,0.8,2,6,False,323.41,0.894,0.967,19.95,42,50.0,False,"{""sampler"":""TPESampler"",""seed"":42,""n_trials"":50,""direction"":""maximize"",""objective"":""composite = Sharpe * (Return% / MaxDD%)""}","{""lookback"":294,""pivot_window"":3,""min_touches"":5,""tolerance_atr_mult"":1.2,""cluster_atr_mult"":0.8,""confirmation_bars"":2,""cooldown_bars"":6,""allowshort"":false}",2014-01-01,2024-12-31,2025-01-01,2026-04-20,2014-01-01,2026-04-20,171.0,42.0,21.0,21.0,50.0,220000.95,-65998.33,41.05,,19.95,1123090.8500000003,-465370.5,323.41,0.89,0.97,0.0102,0.05,35.0,12.0,4.0,7.0,33.33,20734.41,-34757.99,10.83,,23.22,70493.99999999999,-91697.60000000003,-16.04,-0.71,-0.62,0.0086,-0.03,206.0,54.0,25.0,28.0,46.3,178964.11,-82306.23,34.61,,31.54,1123090.8500000003,-465370.5,216.95,0.65,0.69,0.0101,0.02
ROSN,breakout_pivot,1D,Bayesian_TPE,11,14.493,291,3,5,1.2,0.8,2,6,False,323.41,0.894,0.967,19.95,42,50.0,False,"{""sampler"":""TPESampler"",""seed"":42,""n_trials"":50,""direction"":""maximize"",""objective"":""composite = Sharpe * (Return% / MaxDD%)""}","{""lookback"":291,""pivot_window"":3,""min_touches"":5,""tolerance_atr_mult"":1.2,""cluster_atr_mult"":0.8,""confirmation_bars"":2,""cooldown_bars"":6,""allowshort"":false}",2014-01-01,2024-12-31,2025-01-01,2026-04-20,2014-01-01,2026-04-20,172.0,42.0,21.0,21.0,50.0,220000.95,-65998.33,41.05,,19.95,1123090.8500000003,-465370.5,323.41,0.89,0.97,0.0102,0.05,34.0,11.0,4.0,7.0,36.36,20734.41,-34757.99,11.82,,23.22,70493.99999999999,-91697.60000000003,-16.04,-0.71,-0.62,0.0086,-0.03,206.0,53.0,25.0,28.0,47.17,178964.11,-82306.23,35.26,,31.54,1123090.8500000003,-465370.5,216.95,0.65,0.69,0.0101,0.02
ROSN,breakout_pivot,1D,Bayesian_TPE,12,12.397,299,3,5,1.2,0.8500000000000001,2,7,False,291.27,0.861,0.907,20.23,40,60.0,False,"{""sampler"":""TPESampler"",""seed"":42,""n_trials"":50,""direction"":""maximize"",""objective"":""composite = Sharpe * (Return% / MaxDD%)""}","{""lookback"":299,""pivot_window"":3,""min_touches"":5,""tolerance_atr_mult"":1.2,""cluster_atr_mult"":0.8500000000000001,""confirmation_bars"":2,""cooldown_bars"":7,""allowshort"":false}",2014-01-01,2024-12-31,2025-01-01,2026-04-20,2014-01-01,2026-04-20,156.0,40.0,24.0,16.0,60.0,174399.1,-79557.43,40.52,,20.23,847027.1999999996,-430050.0,291.27,0.86,0.91,0.01,0.04,33.0,12.0,3.0,8.0,25.0,27959.25,-28156.54,11.08,,22.47,83275.99999999994,-91697.60000000003,-14.14,-0.61,-0.55,0.0087,-0.02,189.0,52.0,27.0,24.0,51.92,150150.7,-85784.47,34.02,,30.87,422868.0,-430050.0,199.52,0.63,0.66,0.0099,0.02
ROSN,breakout_pivot,1D,Bayesian_TPE,13,0.067,298,8,5,1.2,0.75,2,6,False,15.85,0.165,0.14,39.08,9,33.33,False,"{""sampler"":""TPESampler"",""seed"":42,""n_trials"":50,""direction"":""maximize"",""objective"":""composite = Sharpe * (Return% / MaxDD%)""}","{""lookback"":298,""pivot_window"":8,""min_touches"":5,""tolerance_atr_mult"":1.2,""cluster_atr_mult"":0.75,""confirmation_bars"":2,""cooldown_bars"":6,""allowshort"":false}",2014-01-01,2024-12-31,2025-01-01,2026-04-20,2014-01-01,2026-04-20,41.0,9.0,3.0,6.0,33.33,171951.38,-59554.61,167.78,,39.08,226166.84999999995,-158946.09999999998,15.85,0.16,0.14,0.0105,0.0,9.0,2.0,1.0,1.0,50.0,51561.3,-259951.5,145.0,,34.46,51561.29999999992,-259951.4999999999,-20.84,-0.52,-0.64,0.0142,-0.02,50.0,11.0,4.0,7.0,36.36,110893.94,-89400.31,165.0,,52.62,160912.05000000008,-268474.49999999994,-18.22,-0.0,-0.0,0.0111,-0.0
ROSN,breakout_pivot,1D,Bayesian_TPE,14,7.256,268,4,3,1.05,0.8,3,9,False,264.97,0.769,0.893,28.08,47,51.06,False,"{""sampler"":""TPESampler"",""seed"":42,""n_trials"":50,""direction"":""maximize"",""objective"":""composite = Sharpe * (Return% / MaxDD%)""}","{""lookback"":268,""pivot_window"":4,""min_touches"":3,""tolerance_atr_mult"":1.05,""cluster_atr_mult"":0.8,""confirmation_bars"":3,""cooldown_bars"":9,""allowshort"":false}",2014-01-01,2024-12-31,2025-01-01,2026-04-20,2014-01-01,2026-04-20,150.0,47.0,24.0,22.0,51.06,162952.14,-57322.95,41.09,,28.08,771117.0999999997,-162610.35000000012,264.97,0.77,0.89,0.0109,0.03,27.0,8.0,2.0,6.0,25.0,34608.02,-37671.22,15.62,,20.62,49476.0,-96026.20000000004,-15.68,-0.73,-0.54,0.0082,-0.03,177.0,55.0,26.0,28.0,47.27,143864.7,-71311.71,37.65,,28.08,741140.9500000001,-312571.3000000001,174.38,0.56,0.62,0.0107,0.02
ROSN,breakout_pivot,1D,Bayesian_TPE,15,-0.007,265,10,5,1.1,0.9000000000000001,2,13,False,-10.38,0.028,0.024,42.88,7,42.86,False,"{""sampler"":""TPESampler"",""seed"":42,""n_trials"":50,""direction"":""maximize"",""objective"":""composite = Sharpe * (Return% / MaxDD%)""}","{""lookback"":265,""pivot_window"":10,""min_touches"":5,""tolerance_atr_mult"":1.1,""cluster_atr_mult"":0.9000000000000001,""confirmation_bars"":2,""cooldown_bars"":13,""allowshort"":false}",2014-01-01,2024-12-31,2025-01-01,2026-04-20,2014-01-01,2026-04-20,23.0,7.0,3.0,4.0,42.86,98906.52,-100123.65,221.29,,42.88,185283.60000000003,-142543.60000000003,-10.38,0.03,0.02,0.0108,0.0,3.0,1.0,0.0,1.0,0.0,0.0,-259951.5,177.0,,31.26,-259951.4999999999,-259951.4999999999,-26.0,-0.87,-0.88,0.012,-0.03,26.0,7.0,2.0,5.0,28.57,114033.22,-125990.82,249.0,,58.93,185283.60000000003,-229459.5,-40.19,-0.15,-0.13,0.011,-0.0
ROSN,breakout_pivot,1D,Bayesian_TPE,16,2.085,272,7,3,0.95,1.2,2,5,False,151.25,0.536,0.558,38.89,28,50.0,False,"{""sampler"":""TPESampler"",""seed"":42,""n_trials"":50,""direction"":""maximize"",""objective"":""composite = Sharpe * (Return% / MaxDD%)""}","{""lookback"":272,""pivot_window"":7,""min_touches"":3,""tolerance_atr_mult"":0.95,""cluster_atr_mult"":1.2,""confirmation_bars"":2,""cooldown_bars"":5,""allowshort"":false}",2014-01-01,2024-12-31,2025-01-01,2026-04-20,2014-01-01,2026-04-20,133.0,28.0,14.0,14.0,50.0,197150.5,-89114.12,73.21,,38.89,603398.1999999998,-407266.0000000002,151.25,0.54,0.56,0.012,0.02,30.0,7.0,4.0,3.0,57.14,41678.82,-9353.73,23.57,,16.56,83915.39999999988,-11528.999999999916,13.87,0.55,0.55,0.0106,0.04,163.0,35.0,18.0,17.0,51.43,158963.0,-77086.14,63.71,,38.89,603398.1999999998,-407266.0000000002,155.09,0.49,0.51,0.0119,0.01
ROSN,breakout_pivot,1D,Bayesian_TPE,17,0.252,120,4,5,0.7,0.65,3,8,False,37.83,0.266,0.262,39.86,9,44.44,False,"{""sampler"":""TPESampler"",""seed"":42,""n_trials"":50,""direction"":""maximize"",""objective"":""composite = Sharpe * (Return% / MaxDD%)""}","{""lookback"":120,""pivot_window"":4,""min_touches"":5,""tolerance_atr_mult"":0.7,""cluster_atr_mult"":0.65,""confirmation_bars"":3,""cooldown_bars"":8,""allowshort"":false}",2014-01-01,2024-12-31,2025-01-01,2026-04-20,2014-01-01,2026-04-20,39.0,9.0,4.0,5.0,44.44,161936.07,-53884.84,153.11,,39.86,363404.7999999999,-111278.79999999996,37.83,0.27,0.26,0.0098,0.01,4.0,1.0,0.0,1.0,0.0,0.0,-7024.6,46.0,,16.56,-7024.600000000051,-7024.600000000051,-0.7,-0.0,-0.0,0.0058,-0.0,43.0,10.0,4.0,6.0,40.0,161936.07,-46517.58,142.4,,39.86,363404.7999999999,-111278.79999999996,36.86,0.24,0.22,0.0094,0.01
ROSN,breakout_pivot,1D,Bayesian_TPE,18,0.099,281,9,5,1.15,0.7,2,11,False,20.8,0.186,0.18,39.08,6,66.67,False,"{""sampler"":""TPESampler"",""seed"":42,""n_trials"":50,""direction"":""maximize"",""objective"":""composite = Sharpe * (Return% / MaxDD%)""}","{""lookback"":281,""pivot_window"":9,""min_touches"":5,""tolerance_atr_mult"":1.1500000000000001,""cluster_atr_mult"":0.7,""confirmation_bars"":2,""cooldown_bars"":11,""allowshort"":false}",2014-01-01,2024-12-31,2025-01-01,2026-04-20,2014-01-01,2026-04-20,25.0,6.0,4.0,2.0,66.67,93114.46,-82210.8,311.5,,39.08,199100.69999999995,-137700.0,20.8,0.19,0.18,0.0114,0.01,6.0,1.0,0.0,1.0,0.0,0.0,-259951.5,177.0,,31.26,-259951.4999999999,-259951.4999999999,-26.0,-0.87,-0.88,0.012,-0.03,31.0,7.0,4.0,3.0,57.14,60379.44,-148134.05,294.43,,48.73,130153.99999999994,-279980.54999999993,-20.29,-0.01,-0.01,0.0115,-0.0
ROSN,breakout_pivot,1D,Bayesian_TPE,19,4.923,246,4,3,0.95,0.95,3,3,False,225.34,0.703,0.815,32.18,45,48.89,False,"{""sampler"":""TPESampler"",""seed"":42,""n_trials"":50,""direction"":""maximize"",""objective"":""composite = Sharpe * (Return% / MaxDD%)""}","{""lookback"":246,""pivot_window"":4,""min_touches"":3,""tolerance_atr_mult"":0.95,""cluster_atr_mult"":0.95,""confirmation_bars"":3,""cooldown_bars"":3,""allowshort"":false}",2014-01-01,2024-12-31,2025-01-01,2026-04-20,2014-01-01,2026-04-20,197.0,45.0,22.0,23.0,48.89,157571.25,-52746.15,43.38,,32.18,668507.2000000001,-146660.9000000001,225.34,0.7,0.81,0.011,0.02,38.0,6.0,2.0,4.0,33.33,35151.42,-45142.5,18.0,,16.86,49476.0,-96026.20000000004,-11.03,-0.51,-0.36,0.0079,-0.02,235.0,51.0,24.0,27.0,47.06,139979.04,-64594.78,40.71,,32.18,668507.2000000001,-282337.4000000001,161.54,0.53,0.59,0.0107,0.02
ROSN,breakout_pivot,1D,Bayesian_TPE,20,0.031,145,5,5,0.6000000000000001,1.1,2,16,False,9.77,0.137,0.124,42.6,13,30.77,False,"{""sampler"":""TPESampler"",""seed"":42,""n_trials"":50,""direction"":""maximize"",""objective"":""composite = Sharpe * (Return% / MaxDD%)""}","{""lookback"":145,""pivot_window"":5,""min_touches"":5,""tolerance_atr_mult"":0.6000000000000001,""cluster_atr_mult"":1.1,""confirmation_bars"":2,""cooldown_bars"":16,""allowshort"":false}",2014-01-01,2024-12-31,2025-01-01,2026-04-20,2014-01-01,2026-04-20,50.0,13.0,4.0,9.0,30.77,241285.49,-96383.02,115.85,,42.6,313353.7,-334530.0000000001,9.77,0.14,0.12,0.0111,0.0,8.0,2.0,0.0,2.0,0.0,0.0,-20653.3,55.0,,19.42,-11268.200000000075,-30038.39999999992,-4.13,-0.14,-0.11,0.008,-0.01,58.0,15.0,4.0,11.0,26.67,211426.62,-82531.94,112.0,,42.6,313353.7,-334530.0000000001,-6.21,0.06,0.05,0.011,0.0
ROSN,breakout_pivot,1D,Bayesian_TPE,21,12.568,300,3,5,1.2,0.8500000000000001,2,7,False,292.19,0.862,0.908,20.04,40,60.0,False,"{""sampler"":""TPESampler"",""seed"":42,""n_trials"":50,""direction"":""maximize"",""objective"":""composite = Sharpe * (Return% / MaxDD%)""}","{""lookback"":300,""pivot_window"":3,""min_touches"":5,""tolerance_atr_mult"":1.2,""cluster_atr_mult"":0.8500000000000001,""confirmation_bars"":2,""cooldown_bars"":7,""allowshort"":false}",2014-01-01,2024-12-31,2025-01-01,2026-04-20,2014-01-01,2026-04-20,156.0,40.0,24.0,16.0,60.0,174810.69,-79595.27,40.45,,20.04,848995.1999999996,-431107.5,292.19,0.86,0.91,0.01,0.04,32.0,11.0,3.0,8.0,27.27,20764.92,-28156.54,12.45,,22.47,61692.99999999991,-91697.60000000003,-16.3,-0.69,-0.61,0.009,-0.03,188.0,51.0,27.0,24.0,52.94,147710.38,-85887.24,34.71,,30.87,423850.5,-431107.5,192.69,0.62,0.64,0.01,0.02
ROSN,breakout_pivot,1D,Bayesian_TPE,22,7.806,286,3,5,1.1,0.8,2,5,False,281.59,0.83,0.931,29.94,40,47.5,False,"{""sampler"":""TPESampler"",""seed"":42,""n_trials"":50,""direction"":""maximize"",""objective"":""composite = Sharpe * (Return% / MaxDD%)""}","{""lookback"":286,""pivot_window"":3,""min_touches"":5,""tolerance_atr_mult"":1.1,""cluster_atr_mult"":0.8,""confirmation_bars"":2,""cooldown_bars"":5,""allowshort"":false}",2014-01-01,2024-12-31,2025-01-01,2026-04-20,2014-01-01,2026-04-20,171.0,40.0,19.0,21.0,47.5,196168.89,-43397.61,44.23,,29.94,910375.9000000004,-152207.50000000023,281.59,0.83,0.93,0.0103,0.03,33.0,9.0,2.0,7.0,22.22,35350.78,-32787.16,13.11,,23.26,70605.59999999998,-91697.60000000003,-15.88,-0.72,-0.6,0.0084,-0.03,204.0,49.0,21.0,28.0,42.86,169245.85,-60438.1,38.82,,31.58,910375.9000000004,-311977.0000000002,186.19,0.6,0.65,0.0101,0.02
ROSN,breakout_pivot,1D,Bayesian_TPE,23,3.375,252,4,5,1.2,0.9000000000000001,2,7,False,199.16,0.651,0.598,38.42,24,50.0,False,"{""sampler"":""TPESampler"",""seed"":42,""n_trials"":50,""direction"":""maximize"",""objective"":""composite = Sharpe * (Return% / MaxDD%)""}","{""lookback"":252,""pivot_window"":4,""min_touches"":5,""tolerance_atr_mult"":1.2,""cluster_atr_mult"":0.9000000000000001,""confirmation_bars"":2,""cooldown_bars"":7,""allowshort"":false}",2014-01-01,2024-12-31,2025-01-01,2026-04-20,2014-01-01,2026-04-20,110.0,24.0,12.0,12.0,50.0,287559.2,-121594.02,68.42,,38.42,898682.2999999999,-673218.0000000001,199.16,0.65,0.6,0.0112,0.02,20.0,7.0,1.0,6.0,14.29,67539.3,-25218.98,20.29,,26.96,67539.2999999999,-65307.99999999995,-8.38,-0.29,-0.27,0.0093,-0.01,130.0,31.0,13.0,18.0,41.94,256437.28,-103701.91,58.0,,38.42,898682.2999999999,-673218.0000000001,146.71,0.5,0.46,0.011,0.01
ROSN,breakout_pivot,1D,Bayesian_TPE,24,1.247,287,6,5,1.0,0.7,2,5,False,98.83,0.433,0.417,34.32,13,46.15,False,"{""sampler"":""TPESampler"",""seed"":42,""n_trials"":50,""direction"":""maximize"",""objective"":""composite = Sharpe * (Return% / MaxDD%)""}","{""lookback"":287,""pivot_window"":6,""min_touches"":5,""tolerance_atr_mult"":1.0,""cluster_atr_mult"":0.7,""confirmation_bars"":2,""cooldown_bars"":5,""allowshort"":false}",2014-01-01,2024-12-31,2025-01-01,2026-04-20,2014-01-01,2026-04-20,66.0,13.0,6.0,7.0,46.15,318607.25,-131910.29,138.92,,34.32,635050.5000000001,-452147.9999999999,98.83,0.43,0.42,0.0116,0.01,14.0,2.0,0.0,2.0,0.0,0.0,-10233.98,37.5,,16.56,-8957.699999999972,-11510.250000000076,-2.05,-0.07,-0.04,0.0064,-0.0,80.0,15.0,6.0,9.0,40.0,282691.25,-106629.09,126.4,,34.32,635050.5000000001,-452147.9999999999,73.65,0.34,0.31,0.0111,0.01
ROSN,breakout_pivot,1D,Bayesian_TPE,25,5.064,259,3,4,1.15,0.8,2,7,False,216.82,0.695,0.778,29.76,60,48.33,False,"{""sampler"":""TPESampler"",""seed"":42,""n_trials"":50,""direction"":""maximize"",""objective"":""composite = Sharpe * (Return% / MaxDD%)""}","{""lookback"":259,""pivot_window"":3,""min_touches"":4,""tolerance_atr_mult"":1.1500000000000001,""cluster_atr_mult"":0.8,""confirmation_bars"":2,""cooldown_bars"":7,""allowshort"":false}",2014-01-01,2024-12-31,2025-01-01,2026-04-20,2014-01-01,2026-04-20,205.0,60.0,29.0,31.0,48.33,138624.58,-59738.15,30.4,,29.76,685782.3999999997,-341079.0,216.82,0.69,0.78,0.0109,0.03,38.0,11.0,3.0,8.0,27.27,27278.7,-38600.67,14.91,,34.94,81658.84999999998,-92940.80000000008,-22.7,-0.9,-0.85,0.0101,-0.03,243.0,71.0,32.0,39.0,45.07,123031.78,-70067.21,28.2,,38.84,487765.2500000003,-341079.0,120.44,0.45,0.49,0.0109,0.01
ROSN,breakout_pivot,1D,Bayesian_TPE,26,-0.008,279,5,5,0.3,0.9000000000000001,3,10,False,-14.87,0.023,0.022,44.92,10,20.0,False,"{""sampler"":""TPESampler"",""seed"":42,""n_trials"":50,""direction"":""maximize"",""objective"":""composite = Sharpe * (Return% / MaxDD%)""}","{""lookback"":279,""pivot_window"":5,""min_touches"":5,""tolerance_atr_mult"":0.3,""cluster_atr_mult"":0.9000000000000001,""confirmation_bars"":3,""cooldown_bars"":10,""allowshort"":false}",2014-01-01,2024-12-31,2025-01-01,2026-04-20,2014-01-01,2026-04-20,49.0,10.0,2.0,7.0,20.0,103840.78,-50915.39,198.7,,44.92,125308.80000000005,-91250.1000000001,-14.87,0.02,0.02,0.0123,0.0,13.0,1.0,0.0,1.0,0.0,0.0,-7024.6,46.0,,16.56,-7024.600000000051,-7024.600000000051,-0.7,-0.0,-0.0,0.0058,-0.0,62.0,11.0,2.0,9.0,18.18,103840.78,-49319.43,186.27,,44.92,125308.80000000005,-91250.1000000001,-23.62,-0.02,-0.02,0.0117,-0.0
ROSN,breakout_pivot,1D,Bayesian_TPE,27,3.46,295,4,4,1.1,0.7,2,4,False,169.95,0.613,0.578,30.11,43,44.19,False,"{""sampler"":""TPESampler"",""seed"":42,""n_trials"":50,""direction"":""maximize"",""objective"":""composite = Sharpe * (Return% / MaxDD%)""}","{""lookback"":295,""pivot_window"":4,""min_touches"":4,""tolerance_atr_mult"":1.1,""cluster_atr_mult"":0.7,""confirmation_bars"":2,""cooldown_bars"":4,""allowshort"":false}",2014-01-01,2024-12-31,2025-01-01,2026-04-20,2014-01-01,2026-04-20,192.0,43.0,19.0,24.0,44.19,145178.59,-44119.42,41.35,,30.11,596735.5000000001,-408863.0999999999,169.95,0.61,0.58,0.0109,0.02,28.0,7.0,3.0,4.0,42.86,39038.88,-33603.45,20.57,,25.41,103811.74999999996,-64491.64999999995,-1.73,-0.0,-0.0,0.0091,-0.0,220.0,50.0,22.0,28.0,44.0,124896.15,-49372.48,38.74,,30.11,596735.5000000001,-408863.0999999999,136.53,0.49,0.46,0.0107,0.02
ROSN,breakout_pivot,1D,Bayesian_TPE,28,2.599,213,7,5,1.0,1.0,2,8,False,167.29,0.569,0.566,36.62,12,41.67,False,"{""sampler"":""TPESampler"",""seed"":42,""n_trials"":50,""direction"":""maximize"",""objective"":""composite = Sharpe * (Return% / MaxDD%)""}","{""lookback"":213,""pivot_window"":7,""min_touches"":5,""tolerance_atr_mult"":1.0,""cluster_atr_mult"":1.0,""confirmation_bars"":2,""cooldown_bars"":8,""allowshort"":false}",2014-01-01,2024-12-31,2025-01-01,2026-04-20,2014-01-01,2026-04-20,49.0,12.0,5.0,7.0,41.67,526796.27,-137291.02,156.25,,36.62,811032.2999999999,-441294.5000000002,167.29,0.57,0.57,0.0119,0.02,12.0,3.0,0.0,3.0,0.0,0.0,-23218.12,26.0,,16.56,-8231.399999999945,-50489.49999999997,-6.97,-0.4,-0.22,0.0062,-0.01,61.0,15.0,5.0,10.0,33.33,430393.67,-111366.89,136.07,,36.62,811032.2999999999,-441294.5000000002,103.83,0.4,0.39,0.0117,0.01
ROSN,breakout_pivot,1D,Bayesian_TPE,29,12.525,263,3,4,0.8500000000000001,0.6000000000000001,1,13,False,342.49,0.87,0.995,23.79,47,57.45,False,"{""sampler"":""TPESampler"",""seed"":42,""n_trials"":50,""direction"":""maximize"",""objective"":""composite = Sharpe * (Return% / MaxDD%)""}","{""lookback"":263,""pivot_window"":3,""min_touches"":4,""tolerance_atr_mult"":0.8500000000000001,""cluster_atr_mult"":0.6000000000000001,""confirmation_bars"":1,""cooldown_bars"":13,""allowshort"":false}",2014-01-01,2024-12-31,2025-01-01,2026-04-20,2014-01-01,2026-04-20,139.0,47.0,27.0,20.0,57.45,186927.16,-81107.04,40.21,,23.79,963001.8999999998,-213615.0,342.49,0.87,0.99,0.0109,0.04,24.0,7.0,3.0,4.0,42.86,43858.38,-44257.56,14.0,,18.06,110498.84999999996,-85526.69999999998,-4.55,-0.17,-0.12,0.0078,-0.01,163.0,54.0,30.0,24.0,55.56,175776.06,-97909.17,37.02,,23.79,911302.65,-351530.9999999999,292.35,0.73,0.8,0.0106,0.03
ROSN,breakout_pivot,1D,Bayesian_TPE,30,4.998,300,4,3,1.15,0.75,2,4,False,183.59,0.671,0.725,24.65,66,37.88,False,"{""sampler"":""TPESampler"",""seed"":42,""n_trials"":50,""direction"":""maximize"",""objective"":""composite = Sharpe * (Return% / MaxDD%)""}","{""lookback"":300,""pivot_window"":4,""min_touches"":3,""tolerance_atr_mult"":1.1500000000000001,""cluster_atr_mult"":0.75,""confirmation_bars"":2,""cooldown_bars"":4,""allowshort"":false}",2014-01-01,2024-12-31,2025-01-01,2026-04-20,2014-01-01,2026-04-20,260.0,66.0,25.0,40.0,37.88,119815.59,-28987.1,25.23,,24.65,553759.6499999998,-121686.89999999982,183.59,0.67,0.73,0.0102,0.03,43.0,11.0,4.0,7.0,36.36,53095.41,-34900.41,11.18,,18.22,102277.34999999998,-92297.25,-3.19,-0.07,-0.06,0.0087,-0.0,303.0,77.0,29.0,47.0,37.66,111208.64,-37813.73,23.42,,24.65,300809.25,-233372.25,144.78,0.53,0.55,0.01,0.02
ROSN,breakout_pivot,1D,Bayesian_TPE,31,11.288,275,3,4,0.8500000000000001,0.6000000000000001,1,13,False,318.56,0.843,0.96,23.79,47,55.32,False,"{""sampler"":""TPESampler"",""seed"":42,""n_trials"":50,""direction"":""maximize"",""objective"":""composite = Sharpe * (Return% / MaxDD%)""}","{""lookback"":275,""pivot_window"":3,""min_touches"":4,""tolerance_atr_mult"":0.8500000000000001,""cluster_atr_mult"":0.6000000000000001,""confirmation_bars"":1,""cooldown_bars"":13,""allowshort"":false}",2014-01-01,2024-12-31,2025-01-01,2026-04-20,2014-01-01,2026-04-20,138.0,47.0,26.0,21.0,55.32,181594.07,-73137.86,40.09,,23.79,910901.3999999998,-202053.0,318.56,0.84,0.96,0.0109,0.04,25.0,8.0,3.0,5.0,37.5,42246.17,-42773.69,15.0,,20.27,105662.19999999995,-85526.69999999998,-8.71,-0.37,-0.29,0.0081,-0.01,163.0,55.0,29.0,26.0,52.73,164860.87,-90063.91,36.69,,27.34,861962.4500000001,-322174.1999999999,243.93,0.67,0.73,0.0106,0.03
ROSN,breakout_pivot,1D,Bayesian_TPE,32,1.71,257,3,5,1.05,0.8500000000000001,1,16,False,95.07,0.474,0.468,26.35,39,53.85,False,"{""sampler"":""TPESampler"",""seed"":42,""n_trials"":50,""direction"":""maximize"",""objective"":""composite = Sharpe * (Return% / MaxDD%)""}","{""lookback"":257,""pivot_window"":3,""min_touches"":5,""tolerance_atr_mult"":1.05,""cluster_atr_mult"":0.8500000000000001,""confirmation_bars"":1,""cooldown_bars"":16,""allowshort"":false}",2014-01-01,2024-12-31,2025-01-01,2026-04-20,2014-01-01,2026-04-20,116.0,39.0,21.0,18.0,53.85,92410.54,-54996.86,36.23,,26.35,371518.0999999998,-170350.59999999977,95.07,0.47,0.47,0.0097,0.02,23.0,7.0,4.0,3.0,57.14,24511.54,-54915.58,18.57,,18.65,84476.39999999995,-99072.0,-6.67,-0.19,-0.19,0.0099,-0.01,139.0,46.0,25.0,21.0,54.35,79183.89,-61358.45,33.78,,26.35,232822.30000000008,-179568.0,69.11,0.35,0.34,0.0097,0.01
ROSN,breakout_pivot,1D,Bayesian_TPE,33,9.25,238,3,4,1.2,0.55,1,12,False,291.27,0.827,0.948,26.04,61,44.26,False,"{""sampler"":""TPESampler"",""seed"":42,""n_trials"":50,""direction"":""maximize"",""objective"":""composite = Sharpe * (Return% / MaxDD%)""}","{""lookback"":238,""pivot_window"":3,""min_touches"":4,""tolerance_atr_mult"":1.2,""cluster_atr_mult"":0.55,""confirmation_bars"":1,""cooldown_bars"":12,""allowshort"":false}",2014-01-01,2024-12-31,2025-01-01,2026-04-20,2014-01-01,2026-04-20,170.0,61.0,27.0,34.0,44.26,169067.66,-48591.17,28.08,,26.04,745345.1999999996,-176847.24999999994,291.27,0.83,0.95,0.0106,0.03,33.0,10.0,3.0,7.0,30.0,33947.53,-40571.81,15.3,,29.55,94660.14999999997,-106664.00000000004,-18.22,-0.66,-0.58,0.0105,-0.02,203.0,70.0,30.0,40.0,42.86,155896.48,-63587.12,26.79,,29.56,572067.1,-408700.0000000002,213.34,0.62,0.69,0.0106,0.02
ROSN,breakout_pivot,1D,Bayesian_TPE,34,4.977,287,5,5,1.05,0.6000000000000001,1,6,False,199.06,0.656,0.71,26.24,18,61.11,False,"{""sampler"":""TPESampler"",""seed"":42,""n_trials"":50,""direction"":""maximize"",""objective"":""composite = Sharpe * (Return% / MaxDD%)""}","{""lookback"":287,""pivot_window"":5,""min_touches"":5,""tolerance_atr_mult"":1.05,""cluster_atr_mult"":0.6000000000000001,""confirmation_bars"":1,""cooldown_bars"":6,""allowshort"":false}",2014-01-01,2024-12-31,2025-01-01,2026-04-20,2014-01-01,2026-04-20,99.0,18.0,11.0,7.0,61.11,233301.92,-82247.79,97.83,,26.24,697349.1000000002,-217339.2000000001,199.06,0.66,0.71,0.0111,0.03,21.0,4.0,1.0,3.0,25.0,4559.0,-51447.2,29.25,,16.96,4558.999999999934,-80795.75000000007,-14.98,-0.75,-0.52,0.0077,-0.03,120.0,21.0,12.0,9.0,57.14,190076.68,-87905.11,89.86,,26.24,697349.1000000002,-217339.2000000001,148.98,0.51,0.53,0.0107,0.02
ROSN,breakout_pivot,1D,Bayesian_TPE,35,3.34,188,4,4,0.75,0.65,1,10,True,168.49,0.603,0.642,30.42,23,47.83,True,"{""sampler"":""TPESampler"",""seed"":42,""n_trials"":50,""direction"":""maximize"",""objective"":""composite = Sharpe * (Return% / MaxDD%)""}","{""lookback"":188,""pivot_window"":4,""min_touches"":4,""tolerance_atr_mult"":0.75,""cluster_atr_mult"":0.65,""confirmation_bars"":1,""cooldown_bars"":10,""allowshort"":true}",2014-01-01,2024-12-31,2025-01-01,2026-04-20,2014-01-01,2026-04-20,108.0,23.0,11.0,12.0,47.83,243217.55,-82543.86,72.83,,30.42,724220.5500000003,-182482.20000000013,168.49,0.6,0.64,0.011,0.02,16.0,4.0,2.0,2.0,50.0,59553.02,-12665.9,31.25,,16.41,106078.79999999992,-19540.600000000108,9.38,0.46,0.43,0.0089,0.02,124.0,27.0,13.0,14.0,48.15,196192.24,-74890.9,67.7,,30.42,724220.5500000003,-182482.20000000013,150.2,0.51,0.53,0.0108,0.02
ROSN,breakout_pivot,1D,Bayesian_TPE,36,0.425,287,5,5,0.9000000000000001,0.8500000000000001,2,18,False,52.22,0.301,0.298,36.97,14,42.86,False,"{""sampler"":""TPESampler"",""seed"":42,""n_trials"":50,""direction"":""maximize"",""objective"":""composite = Sharpe * (Return% / MaxDD%)""}","{""lookback"":287,""pivot_window"":5,""min_touches"":5,""tolerance_atr_mult"":0.9000000000000001,""cluster_atr_mult"":0.8500000000000001,""confirmation_bars"":2,""cooldown_bars"":18,""allowshort"":false}",2014-01-01,2024-12-31,2025-01-01,2026-04-20,2014-01-01,2026-04-20,53.0,14.0,6.0,8.0,42.86,148997.24,-46467.19,130.79,,36.97,329443.19999999984,-93337.5,52.22,0.3,0.3,0.0116,0.01,11.0,2.0,0.0,2.0,0.0,0.0,-10233.98,37.5,,16.56,-8957.699999999972,-11510.250000000076,-2.05,-0.07,-0.04,0.0064,-0.0,64.0,16.0,6.0,10.0,37.5,121501.79,-39952.08,120.06,,36.97,218925.9999999999,-93337.5,32.95,0.22,0.21,0.0111,0.01
ROSN,breakout_pivot,1D,Bayesian_TPE,37,0.545,264,3,4,0.55,0.5,3,15,True,67.9,0.352,0.355,43.89,26,46.15,True,"{""sampler"":""TPESampler"",""seed"":42,""n_trials"":50,""direction"":""maximize"",""objective"":""composite = Sharpe * (Return% / MaxDD%)""}","{""lookback"":264,""pivot_window"":3,""min_touches"":4,""tolerance_atr_mult"":0.55,""cluster_atr_mult"":0.5,""confirmation_bars"":3,""cooldown_bars"":15,""allowshort"":true}",2014-01-01,2024-12-31,2025-01-01,2026-04-20,2014-01-01,2026-04-20,89.0,26.0,12.0,14.0,46.15,157972.02,-86906.15,75.15,,43.89,561606.7499999998,-291985.3999999999,67.9,0.35,0.36,0.0115,0.01,17.0,4.0,2.0,2.0,50.0,44378.9,-27693.5,38.25,,16.56,83216.5,-51086.0,3.34,0.21,0.2,0.0096,0.01,106.0,30.0,14.0,16.0,46.67,131895.34,-81224.83,70.73,,43.89,561606.7499999998,-291985.3999999999,54.69,0.28,0.28,0.0113,0.01
ROSN,breakout_pivot,1D,Bayesian_TPE,38,1.399,250,6,5,1.15,0.75,2,12,False,115.1,0.475,0.442,39.08,11,54.55,False,"{""sampler"":""TPESampler"",""seed"":42,""n_trials"":50,""direction"":""maximize"",""objective"":""composite = Sharpe * (Return% / MaxDD%)""}","{""lookback"":250,""pivot_window"":6,""min_touches"":5,""tolerance_atr_mult"":1.1500000000000001,""cluster_atr_mult"":0.75,""confirmation_bars"":2,""cooldown_bars"":12,""allowshort"":false}",2014-01-01,2024-12-31,2025-01-01,2026-04-20,2014-01-01,2026-04-20,52.0,11.0,6.0,5.0,54.55,339877.36,-177645.87,148.36,,39.08,733868.0,-575523.7499999999,115.1,0.48,0.44,0.0115,0.01,10.0,2.0,0.0,2.0,0.0,0.0,-10233.98,37.5,,16.56,-8957.699999999972,-11510.250000000076,-2.05,-0.07,-0.04,0.0064,-0.0,62.0,13.0,6.0,7.0,46.15,301015.81,-132498.6,132.46,,39.08,733868.0,-575523.7499999999,87.86,0.37,0.34,0.011,0.01
ROSN,breakout_pivot,1D,Bayesian_TPE,39,2.77,275,4,4,0.8500000000000001,0.95,1,8,True,158.68,0.606,0.626,34.72,33,48.48,True,"{""sampler"":""TPESampler"",""seed"":42,""n_trials"":50,""direction"":""maximize"",""objective"":""composite = Sharpe * (Return% / MaxDD%)""}","{""lookback"":275,""pivot_window"":4,""min_touches"":4,""tolerance_atr_mult"":0.8500000000000001,""cluster_atr_mult"":0.95,""confirmation_bars"":1,""cooldown_bars"":8,""allowshort"":true}",2014-01-01,2024-12-31,2025-01-01,2026-04-20,2014-01-01,2026-04-20,127.0,33.0,16.0,17.0,48.48,164854.51,-61814.29,52.15,,34.72,813388.4000000003,-188784.7500000001,158.68,0.61,0.63,0.0104,0.02,28.0,7.0,2.0,5.0,28.57,59242.3,-37951.29,16.43,,17.88,107522.44999999995,-87862.80000000002,-7.13,-0.26,-0.22,0.0086,-0.01,155.0,39.0,18.0,21.0,46.15,148856.42,-63183.11,47.31,,34.72,813388.4000000003,-222547.80000000005,135.26,0.5,0.51,0.0102,0.01
ROSN,breakout_pivot,1D,Bayesian_TPE,40,6.722,233,3,5,1.0,0.45,1,10,False,323.0,0.786,0.823,37.77,34,52.94,False,"{""sampler"":""TPESampler"",""seed"":42,""n_trials"":50,""direction"":""maximize"",""objective"":""composite = Sharpe * (Return% / MaxDD%)""}","{""lookback"":233,""pivot_window"":3,""min_touches"":5,""tolerance_atr_mult"":1.0,""cluster_atr_mult"":0.45,""confirmation_bars"":1,""cooldown_bars"":10,""allowshort"":false}",2014-01-01,2024-12-31,2025-01-01,2026-04-20,2014-01-01,2026-04-20,128.0,34.0,18.0,16.0,52.94,259547.68,-90113.18,56.26,,37.77,956711.9,-346608.9999999996,323.0,0.79,0.82,0.012,0.03,21.0,5.0,2.0,3.0,40.0,41665.0,-55470.42,24.6,,16.56,67571.5999999999,-78909.60000000008,-8.31,-0.32,-0.25,0.0086,-0.02,149.0,39.0,20.0,19.0,51.28,234927.51,-110308.34,52.49,,37.77,956711.9,-346608.9999999996,260.27,0.64,0.66,0.0117,0.02
ROSN,breakout_pivot,1D,Bayesian_TPE,41,12.568,300,3,5,1.2,0.8500000000000001,2,7,False,292.19,0.862,0.908,20.04,40,60.0,False,"{""sampler"":""TPESampler"",""seed"":42,""n_trials"":50,""direction"":""maximize"",""objective"":""composite = Sharpe * (Return% / MaxDD%)""}","{""lookback"":300,""pivot_window"":3,""min_touches"":5,""tolerance_atr_mult"":1.2,""cluster_atr_mult"":0.8500000000000001,""confirmation_bars"":2,""cooldown_bars"":7,""allowshort"":false}",2014-01-01,2024-12-31,2025-01-01,2026-04-20,2014-01-01,2026-04-20,156.0,40.0,24.0,16.0,60.0,174810.69,-79595.27,40.45,,20.04,848995.1999999996,-431107.5,292.19,0.86,0.91,0.01,0.04,32.0,11.0,3.0,8.0,27.27,20764.92,-28156.54,12.45,,22.47,61692.99999999991,-91697.60000000003,-16.3,-0.69,-0.61,0.009,-0.03,188.0,51.0,27.0,24.0,52.94,147710.38,-85887.24,34.71,,30.87,423850.5,-431107.5,192.69,0.62,0.64,0.01,0.02
ROSN,breakout_pivot,1D,Bayesian_TPE,42,3.61,293,3,5,1.1,0.3,2,6,False,246.0,0.694,0.626,47.29,29,51.72,False,"{""sampler"":""TPESampler"",""seed"":42,""n_trials"":50,""direction"":""maximize"",""objective"":""composite = Sharpe * (Return% / MaxDD%)""}","{""lookback"":293,""pivot_window"":3,""min_touches"":5,""tolerance_atr_mult"":1.1,""cluster_atr_mult"":0.3,""confirmation_bars"":2,""cooldown_bars"":6,""allowshort"":false}",2014-01-01,2024-12-31,2025-01-01,2026-04-20,2014-01-01,2026-04-20,137.0,29.0,15.0,14.0,51.72,245819.84,-87662.6,62.52,,47.29,749020.7999999996,-569834.9,246.0,0.69,0.63,0.0119,0.02,26.0,5.0,0.0,5.0,0.0,0.0,-29045.82,18.6,,16.56,-1268.400000000048,-64716.25,-14.52,-0.79,-0.5,0.0072,-0.03,163.0,34.0,15.0,19.0,44.12,222774.51,-88401.8,56.47,,47.29,740573.75,-569834.9,166.2,0.52,0.45,0.0115,0.01
ROSN,breakout_pivot,1D,Bayesian_TPE,43,13.327,290,3,5,1.2,0.8,2,3,False,313.48,0.88,0.954,20.7,46,45.65,False,"{""sampler"":""TPESampler"",""seed"":42,""n_trials"":50,""direction"":""maximize"",""objective"":""composite = Sharpe * (Return% / MaxDD%)""}","{""lookback"":290,""pivot_window"":3,""min_touches"":5,""tolerance_atr_mult"":1.2,""cluster_atr_mult"":0.8,""confirmation_bars"":2,""cooldown_bars"":3,""allowshort"":false}",2014-01-01,2024-12-31,2025-01-01,2026-04-20,2014-01-01,2026-04-20,220.0,46.0,21.0,25.0,45.65,215456.64,-55592.7,37.41,,20.7,1096796.7000000004,-454513.5,313.48,0.88,0.95,0.0102,0.04,43.0,11.0,4.0,7.0,36.36,20734.41,-34757.99,11.82,,23.22,70493.99999999999,-91697.60000000003,-16.04,-0.71,-0.62,0.0086,-0.03,263.0,57.0,25.0,32.0,43.86,175285.44,-71465.36,32.74,,31.54,1096796.7000000004,-454513.5,209.52,0.64,0.68,0.0101,0.02
ROSN,breakout_pivot,1D,Bayesian_TPE,44,1.757,300,4,5,1.2,0.8500000000000001,2,3,False,112.22,0.492,0.429,31.43,33,42.42,False,"{""sampler"":""TPESampler"",""seed"":42,""n_trials"":50,""direction"":""maximize"",""objective"":""composite = Sharpe * (Return% / MaxDD%)""}","{""lookback"":300,""pivot_window"":4,""min_touches"":5,""tolerance_atr_mult"":1.2,""cluster_atr_mult"":0.8500000000000001,""confirmation_bars"":2,""cooldown_bars"":3,""allowshort"":false}",2014-01-01,2024-12-31,2025-01-01,2026-04-20,2014-01-01,2026-04-20,162.0,33.0,14.0,19.0,42.42,163431.86,-61358.69,46.52,,31.43,494233.75,-448426.0499999999,112.22,0.49,0.43,0.0106,0.02,29.0,8.0,3.0,5.0,37.5,27830.73,-27136.9,19.38,,24.57,69864.8999999999,-66039.89999999995,-5.22,-0.14,-0.13,0.0096,-0.01,191.0,41.0,17.0,24.0,41.46,130354.09,-59274.96,41.59,,31.43,494233.75,-448426.0499999999,79.34,0.36,0.32,0.0105,0.01
ROSN,breakout_pivot,1D,Bayesian_TPE,45,1.683,282,5,5,1.15,0.8,2,5,True,122.97,0.497,0.483,36.31,20,50.0,True,"{""sampler"":""TPESampler"",""seed"":42,""n_trials"":50,""direction"":""maximize"",""objective"":""composite = Sharpe * (Return% / MaxDD%)""}","{""lookback"":282,""pivot_window"":5,""min_touches"":5,""tolerance_atr_mult"":1.1500000000000001,""cluster_atr_mult"":0.8,""confirmation_bars"":2,""cooldown_bars"":5,""allowshort"":true}",2014-01-01,2024-12-31,2025-01-01,2026-04-20,2014-01-01,2026-04-20,109.0,20.0,10.0,10.0,50.0,207380.12,-84408.98,89.3,,36.31,651154.4000000001,-526640.4000000001,122.97,0.5,0.48,0.0114,0.02,21.0,5.0,0.0,5.0,0.0,0.0,-20149.6,30.6,,24.41,-8354.599999999975,-37236.00000000003,-10.07,-0.41,-0.35,0.0086,-0.01,130.0,25.0,10.0,15.0,40.0,183209.09,-69627.48,78.16,,36.31,651154.4000000001,-526640.4000000001,78.77,0.35,0.34,0.0111,0.01
ROSN,breakout_pivot,1D,Bayesian_TPE,46,10.287,291,3,5,1.2,0.95,2,4,False,272.69,0.839,0.88,22.24,41,63.41,False,"{""sampler"":""TPESampler"",""seed"":42,""n_trials"":50,""direction"":""maximize"",""objective"":""composite = Sharpe * (Return% / MaxDD%)""}","{""lookback"":291,""pivot_window"":3,""min_touches"":5,""tolerance_atr_mult"":1.2,""cluster_atr_mult"":0.95,""confirmation_bars"":2,""cooldown_bars"":4,""allowshort"":false}",2014-01-01,2024-12-31,2025-01-01,2026-04-20,2014-01-01,2026-04-20,191.0,41.0,26.0,15.0,63.41,152460.07,-82468.45,38.49,,22.24,742491.7499999997,-407208.0,272.69,0.84,0.88,0.01,0.04,40.0,11.0,4.0,7.0,36.36,40670.77,-40196.75,13.82,,22.29,76342.20000000004,-86256.40000000004,-11.87,-0.45,-0.41,0.0093,-0.02,231.0,52.0,30.0,22.0,57.69,136683.69,-98736.23,33.56,,29.68,387676.3000000001,-407208.0,192.83,0.62,0.64,0.0099,0.02
ROSN,breakout_pivot,1D,Bayesian_TPE,47,1.94,272,4,5,1.15,1.05,2,7,False,132.83,0.529,0.489,36.22,26,53.85,False,"{""sampler"":""TPESampler"",""seed"":42,""n_trials"":50,""direction"":""maximize"",""objective"":""composite = Sharpe * (Return% / MaxDD%)""}","{""lookback"":272,""pivot_window"":4,""min_touches"":5,""tolerance_atr_mult"":1.1500000000000001,""cluster_atr_mult"":1.05,""confirmation_bars"":2,""cooldown_bars"":7,""allowshort"":false}",2014-01-01,2024-12-31,2025-01-01,2026-04-20,2014-01-01,2026-04-20,109.0,26.0,14.0,12.0,53.85,165610.56,-82521.83,63.46,,36.22,495646.25,-432151.2000000001,132.83,0.53,0.49,0.011,0.02,22.0,7.0,2.0,5.0,28.57,34808.97,-25330.88,20.86,,25.42,69509.5999999999,-65307.99999999995,-5.7,-0.17,-0.15,0.0094,-0.01,131.0,33.0,16.0,17.0,48.48,138168.95,-73718.94,54.88,,36.22,495646.25,-432151.2000000001,95.75,0.4,0.37,0.0109,0.01
ROSN,breakout_pivot,1D,Bayesian_TPE,48,0.3,201,11,2,1.1,0.8,2,3,False,49.88,0.286,0.306,47.49,40,40.0,False,"{""sampler"":""TPESampler"",""seed"":42,""n_trials"":50,""direction"":""maximize"",""objective"":""composite = Sharpe * (Return% / MaxDD%)""}","{""lookback"":201,""pivot_window"":11,""min_touches"":2,""tolerance_atr_mult"":1.1,""cluster_atr_mult"":0.8,""confirmation_bars"":2,""cooldown_bars"":3,""allowshort"":false}",2014-01-01,2024-12-31,2025-01-01,2026-04-20,2014-01-01,2026-04-20,193.0,40.0,16.0,23.0,40.0,114756.96,-58142.55,54.83,,47.49,367632.6000000001,-349677.30000000005,49.88,0.29,0.31,0.0125,0.01,41.0,11.0,1.0,10.0,9.09,64600.0,-18795.61,20.36,,24.28,64599.99999999991,-32701.199999999833,-12.34,-0.33,-0.38,0.0121,-0.02,234.0,50.0,17.0,32.0,34.0,103548.46,-49239.54,48.68,,47.49,367632.6000000001,-349677.30000000005,18.47,0.17,0.18,0.0125,0.0
ROSN,breakout_pivot,1D,Bayesian_TPE,49,1.238,153,9,5,1.05,0.9000000000000001,2,6,False,137.45,0.489,0.517,54.29,4,75.0,False,"{""sampler"":""TPESampler"",""seed"":42,""n_trials"":50,""direction"":""maximize"",""objective"":""composite = Sharpe * (Return% / MaxDD%)""}","{""lookback"":153,""pivot_window"":9,""min_touches"":5,""tolerance_atr_mult"":1.05,""cluster_atr_mult"":0.9000000000000001,""confirmation_bars"":2,""cooldown_bars"":6,""allowshort"":false}",2014-01-01,2024-12-31,2025-01-01,2026-04-20,2014-01-01,2026-04-20,23.0,4.0,3.0,1.0,75.0,488883.13,-92100.3,540.5,,54.29,785540.0,-92100.29999999992,137.45,0.49,0.52,0.0129,0.01,1.0,1.0,0.0,1.0,0.0,0.0,-11613.25,47.0,,16.56,-11613.250000000076,-11613.250000000076,-1.16,-0.03,-0.01,0.0058,-0.0,24.0,4.0,2.0,2.0,50.0,537620.6,-179262.15,659.25,,54.29,785540.0,-266424.0,71.67,0.31,0.35,0.0135,0.01
SBER,breakout_pivot,1D,Bayesian_TPE,0,1.205,175,12,4,0.8500000000000001,0.4,1,4,True,87.55,0.445,0.289,32.32,1,100.0,True,"{""sampler"":""TPESampler"",""seed"":42,""n_trials"":50,""direction"":""maximize"",""objective"":""composite = Sharpe * (Return% / MaxDD%)""}","{""lookback"":175,""pivot_window"":12,""min_touches"":4,""tolerance_atr_mult"":0.8500000000000001,""cluster_atr_mult"":0.4,""confirmation_bars"":1,""cooldown_bars"":4,""allowshort"":true}",2014-01-01,2024-12-31,2025-01-01,2026-04-20,2014-01-01,2026-04-20,9.0,1.0,1.0,0.0,100.0,875506.5,0.0,757.0,,32.32,875506.4999999999,875506.4999999999,87.55,0.45,0.29,0.0099,0.01,10.0,1.0,1.0,0.0,100.0,69581.09,0.0,90.0,,2.56,69581.08999999998,69581.08999999998,6.96,1.1,0.88,0.0024,0.1,19.0,2.0,2.0,0.0,100.0,503013.25,0.0,423.5,,32.32,875506.4999999999,130520.00999999997,100.6,0.45,0.28,0.0092,0.01
SBER,breakout_pivot,1D,Bayesian_TPE,1,2.544,242,3,5,1.05,0.5,1,6,False,262.23,0.618,0.451,63.69,28,57.14,False,"{""sampler"":""TPESampler"",""seed"":42,""n_trials"":50,""direction"":""maximize"",""objective"":""composite = Sharpe * (Return% / MaxDD%)""}","{""lookback"":242,""pivot_window"":3,""min_touches"":5,""tolerance_atr_mult"":1.05,""cluster_atr_mult"":0.5,""confirmation_bars"":1,""cooldown_bars"":6,""allowshort"":false}",2014-01-01,2024-12-31,2025-01-01,2026-04-20,2014-01-01,2026-04-20,145.0,28.0,16.0,12.0,57.14,312815.75,-198559.3,65.43,,63.69,1745856.5500000005,-1432047.2800000005,262.23,0.62,0.45,0.0152,0.01,34.0,8.0,5.0,3.0,62.5,21054.29,-24396.34,30.75,,19.24,54005.82000000017,-36190.07000000003,3.21,0.2,0.21,0.0093,0.01,179.0,35.0,20.0,15.0,57.14,274850.97,-177014.66,60.46,,63.69,1745856.5500000005,-1432047.2800000005,284.18,0.59,0.44,0.0146,0.01
SBER,breakout_pivot,1D,Bayesian_TPE,2,5.14,186,5,4,0.4,0.55,2,11,True,294.41,0.695,0.764,39.81,8,62.5,True,"{""sampler"":""TPESampler"",""seed"":42,""n_trials"":50,""direction"":""maximize"",""objective"":""composite = Sharpe * (Return% / MaxDD%)""}","{""lookback"":186,""pivot_window"":5,""min_touches"":4,""tolerance_atr_mult"":0.4,""cluster_atr_mult"":0.55,""confirmation_bars"":2,""cooldown_bars"":11,""allowshort"":true}",2014-01-01,2024-12-31,2025-01-01,2026-04-20,2014-01-01,2026-04-20,36.0,8.0,5.0,3.0,62.5,674099.02,-142127.75,302.38,,39.81,2132687.76,-207424.77000000005,294.41,0.7,0.76,0.0134,0.02,5.0,2.0,1.0,1.0,50.0,13139.76,-6558.94,18.0,,2.71,13139.760000000028,-6558.9399999999405,0.66,0.2,0.1,0.0013,0.01,41.0,10.0,6.0,4.0,60.0,570388.18,-113064.86,245.5,,39.81,2132687.76,-207424.77000000005,297.01,0.65,0.67,0.0125,0.02
SBER,breakout_pivot,1D,Bayesian_TPE,3,1.703,203,8,2,0.8500000000000001,0.45,1,20,True,154.97,0.528,0.48,48.05,45,55.56,True,"{""sampler"":""TPESampler"",""seed"":42,""n_trials"":50,""direction"":""maximize"",""objective"":""composite = Sharpe * (Return% / MaxDD%)""}","{""lookback"":203,""pivot_window"":8,""min_touches"":2,""tolerance_atr_mult"":0.8500000000000001,""cluster_atr_mult"":0.45,""confirmation_bars"":1,""cooldown_bars"":20,""allowshort"":true}",2014-01-01,2024-12-31,2025-01-01,2026-04-20,2014-01-01,2026-04-20,120.0,45.0,25.0,20.0,55.56,160854.26,-123580.94,42.38,,48.05,770793.03,-620268.8699999998,154.97,0.53,0.48,0.0126,0.01,22.0,9.0,6.0,3.0,66.67,26572.59,-39918.5,23.67,,15.86,79961.70000000001,-61619.00999999988,3.97,0.24,0.22,0.0088,0.01,142.0,54.0,31.0,23.0,57.41,140384.67,-120398.1,39.33,,48.05,770793.03,-620268.8699999998,158.28,0.49,0.44,0.0122,0.01
SBER,breakout_pivot,1D,Bayesian_TPE,4,2.177,161,3,4,0.7,0.4,2,3,True,220.43,0.583,0.455,59.02,25,64.0,True,"{""sampler"":""TPESampler"",""seed"":42,""n_trials"":50,""direction"":""maximize"",""objective"":""composite = Sharpe * (Return% / MaxDD%)""}","{""lookback"":161,""pivot_window"":3,""min_touches"":4,""tolerance_atr_mult"":0.7,""cluster_atr_mult"":0.4,""confirmation_bars"":2,""cooldown_bars"":3,""allowshort"":true}",2014-01-01,2024-12-31,2025-01-01,2026-04-20,2014-01-01,2026-04-20,141.0,25.0,16.0,9.0,64.0,271941.17,-238523.53,85.12,,59.02,1238310.15,-1654008.6599999997,220.43,0.58,0.46,0.0147,0.01,31.0,8.0,4.0,4.0,50.0,57078.0,-25226.71,37.12,,12.55,117742.68000000008,-40401.90000000016,12.74,0.61,0.7,0.0085,0.04,172.0,33.0,20.0,13.0,60.61,254138.24,-190007.83,73.48,,59.02,1238310.15,-1654008.6599999997,261.27,0.58,0.46,0.014,0.01
SBER,breakout_pivot,1D,Bayesian_TPE,5,0.637,233,6,4,0.8,0.45,3,16,True,70.03,0.364,0.333,40.01,10,50.0,True,"{""sampler"":""TPESampler"",""seed"":42,""n_trials"":50,""direction"":""maximize"",""objective"":""composite = Sharpe * (Return% / MaxDD%)""}","{""lookback"":233,""pivot_window"":6,""min_touches"":4,""tolerance_atr_mult"":0.8,""cluster_atr_mult"":0.45,""confirmation_bars"":3,""cooldown_bars"":16,""allowshort"":true}",2014-01-01,2024-12-31,2025-01-01,2026-04-20,2014-01-01,2026-04-20,39.0,10.0,5.0,5.0,50.0,359315.73,-219248.61,153.5,,40.01,1193458.9399999997,-334014.3,70.03,0.36,0.33,0.0111,0.01,10.0,3.0,2.0,1.0,66.67,4738.49,-361.68,16.67,,6.91,7954.540000000053,-361.68000000004486,0.91,0.13,0.06,0.0034,0.01,49.0,13.0,7.0,6.0,53.85,275866.16,-182816.75,133.31,,40.01,1193458.9399999997,-334014.3,83.42,0.37,0.34,0.0108,0.01
SBER,breakout_pivot,1D,Bayesian_TPE,6,1.158,220,12,2,0.45,0.3,1,9,False,114.72,0.452,0.41,44.79,39,53.85,False,"{""sampler"":""TPESampler"",""seed"":42,""n_trials"":50,""direction"":""maximize"",""objective"":""composite = Sharpe * (Return% / MaxDD%)""}","{""lookback"":220,""pivot_window"":12,""min_touches"":2,""tolerance_atr_mult"":0.45,""cluster_atr_mult"":0.3,""confirmation_bars"":1,""cooldown_bars"":9,""allowshort"":false}",2014-01-01,2024-12-31,2025-01-01,2026-04-20,2014-01-01,2026-04-20,129.0,39.0,21.0,18.0,53.85,140095.61,-99709.6,45.95,,44.79,619242.36,-442379.84999999986,114.72,0.45,0.41,0.0125,0.01,20.0,6.0,2.0,4.0,33.33,23909.08,-20596.57,29.83,,11.77,46497.14999999994,-39035.73999999995,-3.46,-0.22,-0.15,0.0051,-0.01,149.0,44.0,23.0,21.0,52.27,146411.04,-94748.61,46.48,,44.79,619242.36,-442379.84999999986,137.77,0.46,0.41,0.012,0.01
SBER,breakout_pivot,1D,Bayesian_TPE,7,8.438,171,5,4,0.4,1.05,1,20,True,410.07,0.813,0.86,39.51,11,45.45,True,"{""sampler"":""TPESampler"",""seed"":42,""n_trials"":50,""direction"":""maximize"",""objective"":""composite = Sharpe * (Return% / MaxDD%)""}","{""lookback"":171,""pivot_window"":5,""min_touches"":4,""tolerance_atr_mult"":0.4,""cluster_atr_mult"":1.05,""confirmation_bars"":1,""cooldown_bars"":20,""allowshort"":true}",2014-01-01,2024-12-31,2025-01-01,2026-04-20,2014-01-01,2026-04-20,48.0,11.0,5.0,6.0,45.45,910865.35,-75607.43,208.36,,39.51,2720217.5999999996,-217805.09999999983,410.07,0.81,0.86,0.0133,0.03,9.0,3.0,2.0,1.0,66.67,31659.0,-28950.8,64.67,,7.83,62648.95000000005,-28950.800000000087,3.44,0.3,0.22,0.005,0.02,57.0,14.0,7.0,7.0,50.0,696756.92,-85904.36,177.57,,39.51,2720217.5999999996,-217805.09999999983,427.6,0.77,0.78,0.0125,0.02
SBER,breakout_pivot,1D,Bayesian_TPE,8,2.3,101,11,4,0.95,1.0,1,9,False,86.13,0.635,0.292,23.78,1,100.0,False,"{""sampler"":""TPESampler"",""seed"":42,""n_trials"":50,""direction"":""maximize"",""objective"":""composite = Sharpe * (Return% / MaxDD%)""}","{""lookback"":101,""pivot_window"":11,""min_touches"":4,""tolerance_atr_mult"":0.95,""cluster_atr_mult"":1.0,""confirmation_bars"":1,""cooldown_bars"":9,""allowshort"":false}",2014-01-01,2024-12-31,2025-01-01,2026-04-20,2014-01-01,2026-04-20,3.0,1.0,1.0,0.0,100.0,861329.94,0.0,379.0,,23.78,861329.9399999998,861329.9399999998,86.13,0.63,0.29,0.0061,0.02,0.0,0.0,0.0,0.0,0.0,0.0,0.0,0.0,,0.0,0.0,0.0,0.0,,,0.0,,3.0,1.0,1.0,0.0,100.0,861329.94,0.0,379.0,,23.78,861329.9399999998,861329.9399999998,86.13,0.59,0.25,0.0057,0.01
SBER,breakout_pivot,1D,Bayesian_TPE,9,2.85,225,6,2,0.55,0.6000000000000001,3,14,True,164.53,0.562,0.6,32.44,50,56.0,True,"{""sampler"":""TPESampler"",""seed"":42,""n_trials"":50,""direction"":""maximize"",""objective"":""composite = Sharpe * (Return% / MaxDD%)""}","{""lookback"":225,""pivot_window"":6,""min_touches"":2,""tolerance_atr_mult"":0.55,""cluster_atr_mult"":0.6000000000000001,""confirmation_bars"":3,""cooldown_bars"":14,""allowshort"":true}",2014-01-01,2024-12-31,2025-01-01,2026-04-20,2014-01-01,2026-04-20,139.0,50.0,28.0,22.0,56.0,142718.35,-106855.61,42.02,,32.44,892036.6699999998,-463883.4199999998,164.53,0.56,0.6,0.012,0.02,28.0,11.0,4.0,7.0,36.36,30718.46,-23256.36,17.27,,21.42,83322.35999999997,-60269.15999999991,-3.99,-0.18,-0.15,0.0068,-0.01,167.0,61.0,32.0,29.0,52.46,134230.01,-95784.27,37.7,,36.93,892036.6699999998,-463883.4199999998,151.76,0.49,0.51,0.0115,0.02
SBER,breakout_pivot,1D,Bayesian_TPE,10,2.76,289,9,3,0.3,1.2,2,20,False,172.73,0.575,0.522,35.98,11,45.45,False,"{""sampler"":""TPESampler"",""seed"":42,""n_trials"":50,""direction"":""maximize"",""objective"":""composite = Sharpe * (Return% / MaxDD%)""}","{""lookback"":289,""pivot_window"":9,""min_touches"":3,""tolerance_atr_mult"":0.3,""cluster_atr_mult"":1.2,""confirmation_bars"":2,""cooldown_bars"":20,""allowshort"":false}",2014-01-01,2024-12-31,2025-01-01,2026-04-20,2014-01-01,2026-04-20,41.0,11.0,5.0,6.0,45.45,646845.42,-251160.95,179.18,,35.98,1689080.85,-521973.36,172.73,0.57,0.52,0.0121,0.02,14.0,5.0,1.0,4.0,20.0,46973.55,-55859.75,49.8,,23.77,46973.54999999993,-124734.88999999988,-17.65,-1.01,-0.84,0.007,-0.03,55.0,16.0,6.0,10.0,37.5,560396.76,-211639.2,138.75,,38.5,1689080.85,-521973.36,124.6,0.44,0.4,0.0115,0.01
SBER,breakout_pivot,1D,Bayesian_TPE,11,12.283,151,5,5,0.3,0.8,2,12,True,575.67,0.843,0.995,39.51,3,100.0,True,"{""sampler"":""TPESampler"",""seed"":42,""n_trials"":50,""direction"":""maximize"",""objective"":""composite = Sharpe * (Return% / MaxDD%)""}","{""lookback"":151,""pivot_window"":5,""min_touches"":5,""tolerance_atr_mult"":0.3,""cluster_atr_mult"":0.8,""confirmation_bars"":2,""cooldown_bars"":12,""allowshort"":true}",2014-01-01,2024-12-31,2025-01-01,2026-04-20,2014-01-01,2026-04-20,16.0,3.0,3.0,0.0,100.0,1918889.84,0.0,967.33,,39.51,3498151.7099999995,802382.2999999999,575.67,0.84,0.99,0.0152,0.03,4.0,2.0,1.0,1.0,50.0,43010.0,-27144.92,34.5,,2.79,43010.0,-27144.92000000005,1.59,0.31,0.18,0.002,0.02,20.0,5.0,4.0,1.0,80.0,1511818.94,-183460.2,594.2,,39.51,3498151.7099999995,-183460.2000000003,586.38,0.79,0.88,0.0142,0.03
SBER,breakout_pivot,1D,Bayesian_TPE,12,1.392,132,5,5,0.6000000000000001,0.8500000000000001,2,16,True,182.44,0.505,0.42,66.17,5,80.0,True,"{""sampler"":""TPESampler"",""seed"":42,""n_trials"":50,""direction"":""maximize"",""objective"":""composite = Sharpe * (Return% / MaxDD%)""}","{""lookback"":132,""pivot_window"":5,""min_touches"":5,""tolerance_atr_mult"":0.6000000000000001,""cluster_atr_mult"":0.8500000000000001,""confirmation_bars"":2,""cooldown_bars"":16,""allowshort"":true}",2014-01-01,2024-12-31,2025-01-01,2026-04-20,2014-01-01,2026-04-20,18.0,5.0,4.0,1.0,80.0,753680.26,-1190272.44,468.2,,66.17,1468266.9499999995,-1190272.44,182.44,0.5,0.42,0.0163,0.01,8.0,3.0,1.0,2.0,33.33,41648.75,-28904.53,69.0,,9.18,41648.75,-56210.71999999995,-1.62,-0.08,-0.07,0.005,-0.0,26.0,8.0,5.0,3.0,62.5,626473.21,-451194.53,318.5,,66.17,1468266.9499999995,-1190272.44,177.88,0.46,0.38,0.0153,0.01
SBER,breakout_pivot,1D,Bayesian_TPE,13,3.833,152,4,5,0.3,0.8500000000000001,3,17,True,251.58,0.655,0.659,42.99,6,50.0,True,"{""sampler"":""TPESampler"",""seed"":42,""n_trials"":50,""direction"":""maximize"",""objective"":""composite = Sharpe * (Return% / MaxDD%)""}","{""lookback"":152,""pivot_window"":4,""min_touches"":5,""tolerance_atr_mult"":0.3,""cluster_atr_mult"":0.8500000000000001,""confirmation_bars"":3,""cooldown_bars"":17,""allowshort"":true}",2014-01-01,2024-12-31,2025-01-01,2026-04-20,2014-01-01,2026-04-20,28.0,6.0,3.0,3.0,50.0,1073674.4,-235077.57,370.5,,42.99,1787442.5399999998,-503935.1199999999,251.58,0.66,0.66,0.0132,0.02,8.0,3.0,1.0,2.0,33.33,42331.44,-29493.59,46.67,,9.57,42331.44000000005,-51161.89000000013,-1.67,-0.1,-0.06,0.0048,-0.0,36.0,9.0,4.0,5.0,44.44,842460.08,-182524.79,262.56,,42.99,1787442.5399999998,-503935.1199999999,245.72,0.6,0.58,0.0124,0.02
SBER,breakout_pivot,1D,Bayesian_TPE,14,0.677,124,7,3,0.45,1.1,2,12,True,111.45,0.402,0.342,66.21,15,60.0,True,"{""sampler"":""TPESampler"",""seed"":42,""n_trials"":50,""direction"":""maximize"",""objective"":""composite = Sharpe * (Return% / MaxDD%)""}","{""lookback"":124,""pivot_window"":7,""min_touches"":3,""tolerance_atr_mult"":0.45,""cluster_atr_mult"":1.1,""confirmation_bars"":2,""cooldown_bars"":12,""allowshort"":true}",2014-01-01,2024-12-31,2025-01-01,2026-04-20,2014-01-01,2026-04-20,52.0,15.0,9.0,6.0,60.0,410531.78,-430048.99,158.13,,66.21,770698.8,-1380718.64,111.45,0.4,0.34,0.0164,0.01,13.0,4.0,2.0,2.0,50.0,23356.77,-23018.99,55.0,,13.28,43072.380000000056,-32049.450000000037,0.07,0.05,0.04,0.0061,0.0,65.0,19.0,11.0,8.0,57.89,344869.57,-334705.42,136.42,,66.21,770698.8,-1380718.64,111.59,0.37,0.31,0.0154,0.01
SBER,breakout_pivot,1D,Bayesian_TPE,15,0.0,138,9,5,0.6000000000000001,0.7,1,18,True,0.0,0.0,0.0,0.0,0,0.0,True,"{""sampler"":""TPESampler"",""seed"":42,""n_trials"":50,""direction"":""maximize"",""objective"":""composite = Sharpe * (Return% / MaxDD%)""}","{""lookback"":138,""pivot_window"":9,""min_touches"":5,""tolerance_atr_mult"":0.6000000000000001,""cluster_atr_mult"":0.7,""confirmation_bars"":1,""cooldown_bars"":18,""allowshort"":true}",2014-01-01,2024-12-31,2025-01-01,2026-04-20,2014-01-01,2026-04-20,1.0,0.0,0.0,0.0,0.0,0.0,0.0,0.0,,0.0,0.0,0.0,0.0,,,0.0,,0.0,0.0,0.0,0.0,0.0,0.0,0.0,0.0,,0.0,0.0,0.0,0.0,,,0.0,,1.0,0.0,0.0,0.0,0.0,0.0,0.0,0.0,,0.0,0.0,0.0,0.0,,,0.0,
SBER,breakout_pivot,1D,Bayesian_TPE,16,-0.007,102,5,3,1.2,0.95,3,14,True,-4.23,0.107,0.078,61.57,35,45.71,True,"{""sampler"":""TPESampler"",""seed"":42,""n_trials"":50,""direction"":""maximize"",""objective"":""composite = Sharpe * (Return% / MaxDD%)""}","{""lookback"":102,""pivot_window"":5,""min_touches"":3,""tolerance_atr_mult"":1.2,""cluster_atr_mult"":0.95,""confirmation_bars"":3,""cooldown_bars"":14,""allowshort"":true}",2014-01-01,2024-12-31,2025-01-01,2026-04-20,2014-01-01,2026-04-20,102.0,35.0,16.0,19.0,45.71,125896.75,-108246.65,56.26,,61.57,456437.2200000001,-605784.4799999999,-4.23,0.11,0.08,0.0143,0.0,18.0,7.0,3.0,4.0,42.86,4116.49,-33524.03,29.71,,20.37,9367.680000000038,-64208.31999999994,-12.17,-0.78,-0.61,0.006,-0.02,120.0,42.0,19.0,23.0,45.24,114183.68,-95830.65,53.62,,61.57,456437.2200000001,-605784.4799999999,-3.46,0.11,0.08,0.0137,0.0
SBER,breakout_pivot,1D,Bayesian_TPE,17,0.177,268,7,5,0.3,0.7,2,7,True,46.71,0.274,0.231,72.38,2,50.0,True,"{""sampler"":""TPESampler"",""seed"":42,""n_trials"":50,""direction"":""maximize"",""objective"":""composite = Sharpe * (Return% / MaxDD%)""}","{""lookback"":268,""pivot_window"":7,""min_touches"":5,""tolerance_atr_mult"":0.3,""cluster_atr_mult"":0.7,""confirmation_bars"":2,""cooldown_bars"":7,""allowshort"":true}",2014-01-01,2024-12-31,2025-01-01,2026-04-20,2014-01-01,2026-04-20,8.0,2.0,1.0,1.0,50.0,759550.82,-292434.22,1247.0,,72.38,759550.82,-292434.22000000003,46.71,0.27,0.23,0.0175,0.01,2.0,1.0,1.0,0.0,100.0,54744.42,0.0,150.0,,3.46,54744.42000000004,54744.42000000004,5.47,0.66,0.62,0.0032,0.06,10.0,3.0,2.0,1.0,66.67,419944.36,-292434.22,881.33,,72.38,759550.82,-292434.22000000003,54.75,0.27,0.22,0.0163,0.01
SBER,breakout_pivot,1D,Bayesian_TPE,18,2.473,189,4,5,0.4,1.05,2,13,False,183.71,0.58,0.587,43.08,11,45.45,False,"{""sampler"":""TPESampler"",""seed"":42,""n_trials"":50,""direction"":""maximize"",""objective"":""composite = Sharpe * (Return% / MaxDD%)""}","{""lookback"":189,""pivot_window"":4,""min_touches"":5,""tolerance_atr_mult"":0.4,""cluster_atr_mult"":1.05,""confirmation_bars"":2,""cooldown_bars"":13,""allowshort"":false}",2014-01-01,2024-12-31,2025-01-01,2026-04-20,2014-01-01,2026-04-20,49.0,11.0,5.0,6.0,45.45,557813.78,-158657.24,190.09,,43.08,1581919.12,-356214.88,183.71,0.58,0.59,0.0125,0.02,9.0,2.0,1.0,1.0,50.0,52063.68,-49094.11,110.5,,10.41,52063.68000000005,-49094.11000000005,0.3,0.06,0.05,0.0053,0.0,58.0,13.0,6.0,7.0,46.15,489466.04,-155890.58,177.85,,43.08,1581919.12,-356214.88,184.56,0.54,0.53,0.0118,0.01
SBER,breakout_pivot,1D,Bayesian_TPE,19,9.032,159,6,4,0.7,0.8500000000000001,1,10,True,418.57,0.755,0.833,34.99,7,71.43,True,"{""sampler"":""TPESampler"",""seed"":42,""n_trials"":50,""direction"":""maximize"",""objective"":""composite = Sharpe * (Return% / MaxDD%)""}","{""lookback"":159,""pivot_window"":6,""min_touches"":4,""tolerance_atr_mult"":0.7,""cluster_atr_mult"":0.8500000000000001,""confirmation_bars"":1,""cooldown_bars"":10,""allowshort"":true}",2014-01-01,2024-12-31,2025-01-01,2026-04-20,2014-01-01,2026-04-20,44.0,7.0,5.0,2.0,71.43,948836.58,-279259.53,333.43,,34.99,2776291.76,-431521.1999999997,418.57,0.76,0.83,0.0149,0.03,15.0,4.0,2.0,2.0,50.0,44767.23,-20358.88,27.75,,7.17,66904.88000000009,-34343.75000000003,4.88,0.49,0.25,0.004,0.03,59.0,11.0,7.0,4.0,63.64,744079.09,-192418.5,222.27,,34.99,2776291.76,-431521.1999999997,443.89,0.72,0.75,0.0139,0.03
SBER,breakout_pivot,1D,Bayesian_TPE,20,0.992,145,8,3,0.7,0.8500000000000001,2,10,True,137.53,0.456,0.34,63.24,17,58.82,True,"{""sampler"":""TPESampler"",""seed"":42,""n_trials"":50,""direction"":""maximize"",""objective"":""composite = Sharpe * (Return% / MaxDD%)""}","{""lookback"":145,""pivot_window"":8,""min_touches"":3,""tolerance_atr_mult"":0.7,""cluster_atr_mult"":0.8500000000000001,""confirmation_bars"":2,""cooldown_bars"":10,""allowshort"":true}",2014-01-01,2024-12-31,2025-01-01,2026-04-20,2014-01-01,2026-04-20,60.0,17.0,10.0,7.0,58.82,343238.96,-293876.38,112.18,,63.24,865303.4399999998,-1545834.3199999998,137.53,0.46,0.34,0.0153,0.01,16.0,4.0,2.0,2.0,50.0,24025.47,-9437.21,41.5,,10.73,44302.62000000006,-15270.840000000022,2.92,0.24,0.17,0.0056,0.01,76.0,21.0,12.0,9.0,57.14,309848.7,-233895.34,105.76,,63.24,865303.4399999998,-1545834.3199999998,161.31,0.45,0.35,0.0147,0.01
SBER,breakout_pivot,1D,Bayesian_TPE,21,8.772,170,6,4,0.5,0.9000000000000001,1,7,True,438.18,0.799,0.815,39.91,5,80.0,True,"{""sampler"":""TPESampler"",""seed"":42,""n_trials"":50,""direction"":""maximize"",""objective"":""composite = Sharpe * (Return% / MaxDD%)""}","{""lookback"":170,""pivot_window"":6,""min_touches"":4,""tolerance_atr_mult"":0.5,""cluster_atr_mult"":0.9000000000000001,""confirmation_bars"":1,""cooldown_bars"":7,""allowshort"":true}",2014-01-01,2024-12-31,2025-01-01,2026-04-20,2014-01-01,2026-04-20,42.0,5.0,4.0,1.0,80.0,1170257.02,-299213.36,437.6,,39.91,2870198.4,-299213.35999999975,438.18,0.8,0.82,0.0141,0.03,13.0,3.0,2.0,1.0,66.67,29128.87,-33718.75,47.67,,7.26,57592.03999999997,-33718.750000000065,2.45,0.25,0.15,0.0043,0.01,55.0,8.0,6.0,2.0,75.0,832441.35,-240339.79,291.38,,39.91,2870198.4,-299213.35999999975,451.4,0.75,0.73,0.0132,0.02
SBER,breakout_pivot,1D,Bayesian_TPE,22,9.547,204,6,4,0.55,0.8,1,7,True,379.22,0.786,0.817,31.22,8,75.0,True,"{""sampler"":""TPESampler"",""seed"":42,""n_trials"":50,""direction"":""maximize"",""objective"":""composite = Sharpe * (Return% / MaxDD%)""}","{""lookback"":204,""pivot_window"":6,""min_touches"":4,""tolerance_atr_mult"":0.55,""cluster_atr_mult"":0.8,""confirmation_bars"":1,""cooldown_bars"":7,""allowshort"":true}",2014-01-01,2024-12-31,2025-01-01,2026-04-20,2014-01-01,2026-04-20,50.0,8.0,6.0,2.0,75.0,708132.19,-228291.39,248.75,,31.22,2565654.96,-265271.4099999998,379.22,0.79,0.82,0.0133,0.03,13.0,3.0,1.0,2.0,33.33,56898.16,-22362.23,48.67,,9.88,56898.159999999974,-29895.61000000009,1.22,0.14,0.11,0.0043,0.01,63.0,11.0,7.0,4.0,63.64,645932.07,-167733.07,194.18,,31.22,2565654.96,-265271.4099999998,385.06,0.73,0.73,0.0125,0.03
SBER,breakout_pivot,1D,Bayesian_TPE,23,21.944,206,7,4,0.65,0.7,1,8,True,801.49,0.958,1.11,34.99,7,85.71,True,"{""sampler"":""TPESampler"",""seed"":42,""n_trials"":50,""direction"":""maximize"",""objective"":""composite = Sharpe * (Return% / MaxDD%)""}","{""lookback"":206,""pivot_window"":7,""min_touches"":4,""tolerance_atr_mult"":0.65,""cluster_atr_mult"":0.7,""confirmation_bars"":1,""cooldown_bars"":8,""allowshort"":true}",2014-01-01,2024-12-31,2025-01-01,2026-04-20,2014-01-01,2026-04-20,33.0,7.0,6.0,1.0,85.71,1362001.56,-157118.28,368.43,,34.99,4826380.24,-157118.28000000012,801.49,0.96,1.11,0.0151,0.04,9.0,2.0,2.0,0.0,100.0,50531.41,0.0,51.5,,2.56,71630.69999999998,29432.119999999937,10.11,1.34,1.26,0.0028,0.15,42.0,9.0,8.0,1.0,88.89,1135401.31,-157118.28,298.0,,34.99,4826380.24,-157118.28000000012,892.61,0.93,1.02,0.0141,0.04
SBER,breakout_pivot,1D,Bayesian_TPE,24,7.887,208,7,5,0.65,0.75,1,5,True,311.28,0.791,0.704,31.22,2,100.0,True,"{""sampler"":""TPESampler"",""seed"":42,""n_trials"":50,""direction"":""maximize"",""objective"":""composite = Sharpe * (Return% / MaxDD%)""}","{""lookback"":208,""pivot_window"":7,""min_touches"":5,""tolerance_atr_mult"":0.65,""cluster_atr_mult"":0.75,""confirmation_bars"":1,""cooldown_bars"":5,""allowshort"":true}",2014-01-01,2024-12-31,2025-01-01,2026-04-20,2014-01-01,2026-04-20,18.0,2.0,2.0,0.0,100.0,1556389.68,0.0,732.0,,31.22,2236890.5,875888.86,311.28,0.79,0.7,0.0116,0.03,4.0,1.0,1.0,0.0,100.0,65620.0,0.0,151.0,,3.46,65620.0,65620.0,6.56,0.78,0.74,0.0032,0.07,22.0,3.0,3.0,0.0,100.0,1127559.79,0.0,538.33,,31.22,2236890.5,269900.0,338.27,0.76,0.66,0.0109,0.03
SBER,breakout_pivot,1D,Bayesian_TPE,25,3.696,255,9,3,0.55,0.75,1,8,True,163.35,0.633,0.548,27.98,15,40.0,True,"{""sampler"":""TPESampler"",""seed"":42,""n_trials"":50,""direction"":""maximize"",""objective"":""composite = Sharpe * (Return% / MaxDD%)""}","{""lookback"":255,""pivot_window"":9,""min_touches"":3,""tolerance_atr_mult"":0.55,""cluster_atr_mult"":0.75,""confirmation_bars"":1,""cooldown_bars"":8,""allowshort"":true}",2014-01-01,2024-12-31,2025-01-01,2026-04-20,2014-01-01,2026-04-20,64.0,15.0,6.0,9.0,40.0,400732.84,-85650.81,91.73,,27.98,1139938.58,-260142.65000000005,163.35,0.63,0.55,0.0101,0.02,18.0,6.0,1.0,5.0,16.67,63641.0,-32989.28,40.5,,18.64,63641.0,-74864.0199999999,-10.13,-0.6,-0.52,0.0063,-0.02,82.0,21.0,7.0,14.0,33.33,367428.29,-86094.6,77.1,,27.98,1139938.58,-260142.65000000005,136.67,0.52,0.45,0.0097,0.02
SBER,breakout_pivot,1D,Bayesian_TPE,26,0.423,208,4,4,0.8,0.65,1,6,False,75.26,0.349,0.267,62.1,27,44.44,False,"{""sampler"":""TPESampler"",""seed"":42,""n_trials"":50,""direction"":""maximize"",""objective"":""composite = Sharpe * (Return% / MaxDD%)""}","{""lookback"":208,""pivot_window"":4,""min_touches"":4,""tolerance_atr_mult"":0.8,""cluster_atr_mult"":0.65,""confirmation_bars"":1,""cooldown_bars"":6,""allowshort"":false}",2014-01-01,2024-12-31,2025-01-01,2026-04-20,2014-01-01,2026-04-20,121.0,27.0,12.0,15.0,44.44,286309.53,-178872.01,73.48,,62.1,621732.0199999999,-1482855.5,75.26,0.35,0.27,0.0144,0.01,28.0,9.0,5.0,4.0,55.56,15924.27,-31763.05,26.78,,15.84,47514.59999999997,-64230.97999999992,-4.74,-0.16,-0.15,0.0082,-0.01,149.0,35.0,17.0,18.0,48.57,220172.66,-156141.0,65.74,,62.1,621732.0199999999,-1482855.5,93.24,0.36,0.28,0.0139,0.01
SBER,breakout_pivot,1D,Bayesian_TPE,27,1.858,191,10,5,0.5,0.8,2,12,True,261.28,0.525,0.593,73.81,1,100.0,True,"{""sampler"":""TPESampler"",""seed"":42,""n_trials"":50,""direction"":""maximize"",""objective"":""composite = Sharpe * (Return% / MaxDD%)""}","{""lookback"":191,""pivot_window"":10,""min_touches"":5,""tolerance_atr_mult"":0.5,""cluster_atr_mult"":0.8,""confirmation_bars"":2,""cooldown_bars"":12,""allowshort"":true}",2014-01-01,2024-12-31,2025-01-01,2026-04-20,2014-01-01,2026-04-20,4.0,1.0,1.0,0.0,100.0,2612821.61,0.0,3702.0,,73.81,2612821.61,2612821.61,261.28,0.53,0.59,0.0211,0.02,0.0,0.0,0.0,0.0,0.0,0.0,0.0,0.0,,0.0,0.0,0.0,0.0,,,0.0,,4.0,1.0,1.0,0.0,100.0,3198763.89,0.0,4177.0,,73.81,3198763.89,3198763.89,319.88,0.52,0.59,0.0201,0.01
SBER,breakout_pivot,1D,Bayesian_TPE,28,0.007,120,8,4,1.0,0.6000000000000001,2,8,True,3.2,0.148,0.102,71.81,4,50.0,True,"{""sampler"":""TPESampler"",""seed"":42,""n_trials"":50,""direction"":""maximize"",""objective"":""composite = Sharpe * (Return% / MaxDD%)""}","{""lookback"":120,""pivot_window"":8,""min_touches"":4,""tolerance_atr_mult"":1.0,""cluster_atr_mult"":0.6000000000000001,""confirmation_bars"":2,""cooldown_bars"":8,""allowshort"":true}",2014-01-01,2024-12-31,2025-01-01,2026-04-20,2014-01-01,2026-04-20,21.0,4.0,2.0,2.0,50.0,1077025.14,-1061021.98,386.25,,71.81,1230793.1999999995,-2084925.57,3.2,0.15,0.1,0.0162,0.0,9.0,1.0,1.0,0.0,100.0,79220.32,0.0,184.0,,6.91,79220.31999999992,79220.31999999992,7.92,0.68,0.62,0.0045,0.04,30.0,5.0,3.0,2.0,60.0,745265.88,-1061021.98,345.8,,71.81,1230793.1999999995,-2084925.57,11.38,0.16,0.11,0.0151,0.0
SBER,breakout_pivot,1D,Bayesian_TPE,29,0.61,179,7,3,0.6000000000000001,0.65,1,5,True,106.73,0.389,0.332,68.02,23,47.83,True,"{""sampler"":""TPESampler"",""seed"":42,""n_trials"":50,""direction"":""maximize"",""objective"":""composite = Sharpe * (Return% / MaxDD%)""}","{""lookback"":179,""pivot_window"":7,""min_touches"":3,""tolerance_atr_mult"":0.6000000000000001,""cluster_atr_mult"":0.65,""confirmation_bars"":1,""cooldown_bars"":5,""allowshort"":true}",2014-01-01,2024-12-31,2025-01-01,2026-04-20,2014-01-01,2026-04-20,86.0,23.0,11.0,12.0,47.83,276833.78,-164825.53,97.65,,68.02,882063.0000000001,-1238804.2799999998,106.73,0.39,0.33,0.017,0.01,19.0,5.0,3.0,2.0,60.0,21027.98,-29208.92,29.8,,12.24,42528.75,-39601.83999999995,0.47,0.08,0.05,0.0052,0.0,105.0,28.0,14.0,14.0,50.0,239631.89,-150609.59,90.68,,68.02,882063.0000000001,-1238804.2799999998,124.63,0.39,0.33,0.0162,0.01
SBER,breakout_pivot,1D,Bayesian_TPE,30,0.184,261,6,5,0.35,0.95,3,3,True,51.13,0.284,0.225,79.08,7,57.14,True,"{""sampler"":""TPESampler"",""seed"":42,""n_trials"":50,""direction"":""maximize"",""objective"":""composite = Sharpe * (Return% / MaxDD%)""}","{""lookback"":261,""pivot_window"":6,""min_touches"":5,""tolerance_atr_mult"":0.35,""cluster_atr_mult"":0.95,""confirmation_bars"":3,""cooldown_bars"":3,""allowshort"":true}",2014-01-01,2024-12-31,2025-01-01,2026-04-20,2014-01-01,2026-04-20,18.0,7.0,4.0,3.0,57.14,551817.43,-565319.76,313.86,,79.08,805841.8499999999,-1168951.6800000002,51.13,0.28,0.22,0.0169,0.01,8.0,2.0,1.0,1.0,50.0,52994.8,-99522.1,184.0,,14.26,52994.80000000003,-99522.09999999998,-4.65,-0.1,-0.12,0.0101,-0.01,26.0,8.0,6.0,2.0,75.0,393009.44,-843491.0,330.38,,79.08,805841.8499999999,-1168951.6800000002,67.11,0.3,0.25,0.0163,0.01
SBER,breakout_pivot,1D,Bayesian_TPE,31,10.632,157,6,4,0.75,0.8,1,10,True,470.32,0.791,0.874,34.99,8,75.0,True,"{""sampler"":""TPESampler"",""seed"":42,""n_trials"":50,""direction"":""maximize"",""objective"":""composite = Sharpe * (Return% / MaxDD%)""}","{""lookback"":157,""pivot_window"":6,""min_touches"":4,""tolerance_atr_mult"":0.75,""cluster_atr_mult"":0.8,""confirmation_bars"":1,""cooldown_bars"":10,""allowshort"":true}",2014-01-01,2024-12-31,2025-01-01,2026-04-20,2014-01-01,2026-04-20,45.0,8.0,6.0,2.0,75.0,877961.8,-282270.23,292.75,,34.99,2814798.8,-437542.59999999974,470.32,0.79,0.87,0.0149,0.03,13.0,4.0,2.0,2.0,50.0,44975.35,-18149.81,31.5,,4.88,67215.6800000001,-29895.61000000009,5.37,0.66,0.63,0.0031,0.04,58.0,12.0,8.0,4.0,66.67,785980.82,-197118.26,217.67,,34.99,2814798.8,-437542.59999999974,549.94,0.77,0.84,0.0142,0.03
SBER,breakout_pivot,1D,Bayesian_TPE,32,3.233,219,5,4,0.9000000000000001,0.8,1,10,True,282.27,0.645,0.533,56.32,23,47.83,True,"{""sampler"":""TPESampler"",""seed"":42,""n_trials"":50,""direction"":""maximize"",""objective"":""composite = Sharpe * (Return% / MaxDD%)""}","{""lookback"":219,""pivot_window"":5,""min_touches"":4,""tolerance_atr_mult"":0.9000000000000001,""cluster_atr_mult"":0.8,""confirmation_bars"":1,""cooldown_bars"":10,""allowshort"":true}",2014-01-01,2024-12-31,2025-01-01,2026-04-20,2014-01-01,2026-04-20,96.0,23.0,11.0,12.0,47.83,503927.81,-226706.9,101.39,,56.32,1950694.24,-1881476.3699999996,282.27,0.64,0.53,0.0149,0.02,18.0,6.0,4.0,2.0,66.67,11619.31,-21405.97,17.33,,5.52,23134.430000000015,-36451.94000000002,0.37,0.07,0.05,0.003,0.0,114.0,29.0,15.0,14.0,51.72,403143.52,-206964.85,88.97,,56.32,1950694.24,-1881476.3699999996,314.96,0.62,0.51,0.0143,0.02
SBER,breakout_pivot,1D,Bayesian_TPE,33,8.996,195,6,4,0.75,0.75,1,11,True,363.33,0.773,0.806,31.22,10,60.0,True,"{""sampler"":""TPESampler"",""seed"":42,""n_trials"":50,""direction"":""maximize"",""objective"":""composite = Sharpe * (Return% / MaxDD%)""}","{""lookback"":195,""pivot_window"":6,""min_touches"":4,""tolerance_atr_mult"":0.75,""cluster_atr_mult"":0.75,""confirmation_bars"":1,""cooldown_bars"":11,""allowshort"":true}",2014-01-01,2024-12-31,2025-01-01,2026-04-20,2014-01-01,2026-04-20,47.0,10.0,6.0,4.0,60.0,710572.17,-157539.35,194.2,,31.22,2358309.36,-179538.84000000008,363.33,0.77,0.81,0.0132,0.03,11.0,3.0,2.0,1.0,66.67,50202.51,-6602.0,34.67,,2.56,71165.83999999998,-6602.0,9.38,1.24,1.18,0.0028,0.14,58.0,13.0,8.0,5.0,61.54,643059.41,-132648.68,168.46,,31.22,2358309.36,-179538.84000000008,448.12,0.77,0.8,0.0127,0.03
SBER,breakout_pivot,1D,Bayesian_TPE,34,0.807,239,4,4,0.8,0.55,1,8,True,127.13,0.44,0.336,69.34,27,48.15,True,"{""sampler"":""TPESampler"",""seed"":42,""n_trials"":50,""direction"":""maximize"",""objective"":""composite = Sharpe * (Return% / MaxDD%)""}","{""lookback"":239,""pivot_window"":4,""min_touches"":4,""tolerance_atr_mult"":0.8,""cluster_atr_mult"":0.55,""confirmation_bars"":1,""cooldown_bars"":8,""allowshort"":true}",2014-01-01,2024-12-31,2025-01-01,2026-04-20,2014-01-01,2026-04-20,111.0,27.0,13.0,14.0,48.15,278955.07,-168223.09,74.56,,69.34,702830.5,-1119843.36,127.13,0.44,0.34,0.0153,0.01,26.0,6.0,4.0,2.0,66.67,14697.34,-42225.37,31.67,,15.74,48599.99999999996,-51854.400000000016,-2.57,-0.12,-0.09,0.0059,-0.0,137.0,32.0,17.0,15.0,53.12,234023.06,-162670.99,71.16,,69.34,702830.5,-1119843.36,153.83,0.44,0.34,0.0146,0.01
SBER,breakout_pivot,1D,Bayesian_TPE,35,14.482,179,3,5,0.65,0.7,1,13,True,430.11,0.899,0.866,26.7,20,60.0,True,"{""sampler"":""TPESampler"",""seed"":42,""n_trials"":50,""direction"":""maximize"",""objective"":""composite = Sharpe * (Return% / MaxDD%)""}","{""lookback"":179,""pivot_window"":3,""min_touches"":5,""tolerance_atr_mult"":0.65,""cluster_atr_mult"":0.7,""confirmation_bars"":1,""cooldown_bars"":13,""allowshort"":true}",2014-01-01,2024-12-31,2025-01-01,2026-04-20,2014-01-01,2026-04-20,77.0,20.0,12.0,8.0,60.0,395140.55,-55076.4,88.4,,26.7,2213075.25,-149042.30000000002,430.11,0.9,0.87,0.0119,0.04,19.0,8.0,3.0,5.0,37.5,37292.41,-12120.24,32.88,,13.49,54005.82000000017,-23695.10000000011,5.13,0.28,0.29,0.009,0.02,96.0,27.0,14.0,13.0,51.85,392689.32,-59291.35,76.63,,26.7,2213075.25,-149042.30000000002,472.69,0.84,0.82,0.0116,0.04
SBER,breakout_pivot,1D,Bayesian_TPE,36,0.339,159,4,5,0.9000000000000001,0.7,1,13,False,69.6,0.324,0.254,66.52,17,47.06,False,"{""sampler"":""TPESampler"",""seed"":42,""n_trials"":50,""direction"":""maximize"",""objective"":""composite = Sharpe * (Return% / MaxDD%)""}","{""lookback"":159,""pivot_window"":4,""min_touches"":5,""tolerance_atr_mult"":0.9000000000000001,""cluster_atr_mult"":0.7,""confirmation_bars"":1,""cooldown_bars"":13,""allowshort"":false}",2014-01-01,2024-12-31,2025-01-01,2026-04-20,2014-01-01,2026-04-20,66.0,17.0,8.0,9.0,47.06,268753.01,-161562.55,122.06,,66.52,667851.7999999999,-1059762.88,69.6,0.32,0.25,0.0165,0.01,13.0,5.0,1.0,4.0,20.0,12291.76,-17655.7,32.8,,10.95,12291.760000000026,-40249.999999999985,-5.83,-0.45,-0.31,0.0047,-0.02,79.0,22.0,9.0,13.0,40.91,257065.46,-121829.71,108.27,,66.52,667851.7999999999,-1059762.88,72.98,0.31,0.25,0.0158,0.01
SBER,breakout_pivot,1D,Bayesian_TPE,37,17.398,180,3,5,1.2,0.5,1,14,True,578.74,0.974,0.942,32.4,30,60.0,True,"{""sampler"":""TPESampler"",""seed"":42,""n_trials"":50,""direction"":""maximize"",""objective"":""composite = Sharpe * (Return% / MaxDD%)""}","{""lookback"":180,""pivot_window"":3,""min_touches"":5,""tolerance_atr_mult"":1.2,""cluster_atr_mult"":0.5,""confirmation_bars"":1,""cooldown_bars"":14,""allowshort"":true}",2014-01-01,2024-12-31,2025-01-01,2026-04-20,2014-01-01,2026-04-20,106.0,30.0,18.0,12.0,60.0,445519.2,-185991.71,65.97,,32.4,3364450.7500000005,-844918.5800000002,578.74,0.97,0.94,0.0126,0.04,25.0,9.0,5.0,4.0,55.56,31725.27,-23320.52,27.89,,16.12,55489.5,-52753.85999999994,6.53,0.32,0.35,0.0098,0.02,131.0,38.0,22.0,16.0,57.89,423334.34,-180167.77,59.68,,32.4,3364450.7500000005,-844918.5800000002,643.07,0.91,0.9,0.0124,0.03
SBER,breakout_pivot,1D,Bayesian_TPE,38,15.773,180,3,5,1.15,0.5,1,15,True,536.2,0.956,0.898,32.5,29,58.62,True,"{""sampler"":""TPESampler"",""seed"":42,""n_trials"":50,""direction"":""maximize"",""objective"":""composite = Sharpe * (Return% / MaxDD%)""}","{""lookback"":180,""pivot_window"":3,""min_touches"":5,""tolerance_atr_mult"":1.1500000000000001,""cluster_atr_mult"":0.5,""confirmation_bars"":1,""cooldown_bars"":15,""allowshort"":true}",2014-01-01,2024-12-31,2025-01-01,2026-04-20,2014-01-01,2026-04-20,98.0,29.0,17.0,12.0,58.62,430804.89,-163473.02,65.48,,32.5,3092246.4900000007,-780811.2000000002,536.2,0.96,0.9,0.0124,0.04,24.0,9.0,5.0,4.0,55.56,31725.27,-23320.52,27.89,,16.12,55489.5,-52753.85999999994,6.53,0.32,0.35,0.0098,0.02,122.0,37.0,21.0,16.0,56.76,406502.85,-160729.07,59.14,,32.5,3092246.4900000007,-780811.2000000002,596.49,0.89,0.86,0.0122,0.03
SBER,breakout_pivot,1D,Bayesian_TPE,39,13.075,185,3,5,1.2,0.45,1,15,True,468.11,0.905,0.837,32.4,30,56.67,True,"{""sampler"":""TPESampler"",""seed"":42,""n_trials"":50,""direction"":""maximize"",""objective"":""composite = Sharpe * (Return% / MaxDD%)""}","{""lookback"":185,""pivot_window"":3,""min_touches"":5,""tolerance_atr_mult"":1.2,""cluster_atr_mult"":0.45,""confirmation_bars"":1,""cooldown_bars"":15,""allowshort"":true}",2014-01-01,2024-12-31,2025-01-01,2026-04-20,2014-01-01,2026-04-20,98.0,30.0,17.0,13.0,56.67,404772.8,-169230.71,62.37,,32.4,2816079.5700000003,-707189.1200000001,468.11,0.9,0.84,0.0124,0.03,24.0,8.0,5.0,3.0,62.5,30077.25,-28549.27,32.62,,16.54,54005.82000000017,-57707.969999999856,6.47,0.32,0.35,0.01,0.02,122.0,37.0,21.0,16.0,56.76,376960.51,-168754.66,58.65,,32.4,2816079.5700000003,-707189.1200000001,521.61,0.85,0.81,0.0122,0.03
SBER,breakout_pivot,1D,Bayesian_TPE,40,7.224,175,3,5,1.1,0.3,1,18,False,308.05,0.765,0.688,32.62,27,62.96,False,"{""sampler"":""TPESampler"",""seed"":42,""n_trials"":50,""direction"":""maximize"",""objective"":""composite = Sharpe * (Return% / MaxDD%)""}","{""lookback"":175,""pivot_window"":3,""min_touches"":5,""tolerance_atr_mult"":1.1,""cluster_atr_mult"":0.3,""confirmation_bars"":1,""cooldown_bars"":18,""allowshort"":false}",2014-01-01,2024-12-31,2025-01-01,2026-04-20,2014-01-01,2026-04-20,84.0,27.0,17.0,10.0,62.96,277853.75,-164305.71,66.85,,32.62,2031472.8900000004,-512972.8000000001,308.05,0.76,0.69,0.0121,0.03,18.0,6.0,5.0,1.0,83.33,21390.91,-3154.56,38.17,,13.49,54005.82000000017,-3154.560000000023,10.38,0.5,0.54,0.0087,0.03,102.0,32.0,21.0,11.0,65.62,251655.92,-150571.48,64.75,,32.62,2031472.8900000004,-512972.8000000001,362.85,0.74,0.68,0.0118,0.03
SBER,breakout_pivot,1D,Bayesian_TPE,41,12.263,183,3,5,1.15,0.45,1,15,True,446.81,0.892,0.819,32.5,30,56.67,True,"{""sampler"":""TPESampler"",""seed"":42,""n_trials"":50,""direction"":""maximize"",""objective"":""composite = Sharpe * (Return% / MaxDD%)""}","{""lookback"":183,""pivot_window"":3,""min_touches"":5,""tolerance_atr_mult"":1.1500000000000001,""cluster_atr_mult"":0.45,""confirmation_bars"":1,""cooldown_bars"":15,""allowshort"":true}",2014-01-01,2024-12-31,2025-01-01,2026-04-20,2014-01-01,2026-04-20,96.0,30.0,17.0,13.0,56.67,387788.49,-163408.95,61.83,,32.5,2710459.4400000004,-684422.4000000001,446.81,0.89,0.82,0.0123,0.03,23.0,8.0,5.0,3.0,62.5,30077.25,-28549.27,32.62,,16.54,54005.82000000017,-57707.969999999856,6.47,0.32,0.35,0.01,0.02,119.0,37.0,21.0,16.0,56.76,361362.65,-162853.0,58.22,,32.5,2710459.4400000004,-684422.4000000001,498.3,0.84,0.79,0.0121,0.03
SBER,breakout_pivot,1D,Bayesian_TPE,42,9.387,168,3,5,1.1,0.5,1,15,True,380.65,0.836,0.748,33.9,27,55.56,True,"{""sampler"":""TPESampler"",""seed"":42,""n_trials"":50,""direction"":""maximize"",""objective"":""composite = Sharpe * (Return% / MaxDD%)""}","{""lookback"":168,""pivot_window"":3,""min_touches"":5,""tolerance_atr_mult"":1.1,""cluster_atr_mult"":0.5,""confirmation_bars"":1,""cooldown_bars"":15,""allowshort"":true}",2014-01-01,2024-12-31,2025-01-01,2026-04-20,2014-01-01,2026-04-20,94.0,27.0,15.0,12.0,55.56,367990.0,-142779.99,64.74,,33.9,2365708.0200000005,-597390.4000000001,380.65,0.84,0.75,0.0122,0.03,23.0,9.0,5.0,4.0,55.56,22275.8,-19205.32,26.0,,18.54,54005.82000000017,-36190.07000000003,3.46,0.22,0.21,0.0091,0.01,117.0,35.0,19.0,16.0,54.29,326466.01,-130805.69,57.71,,33.9,2365708.0200000005,-597390.4000000001,411.0,0.78,0.71,0.0119,0.03
SBER,breakout_pivot,1D,Bayesian_TPE,43,11.433,197,3,5,1.2,0.4,1,14,True,441.5,0.839,0.855,32.4,28,60.71,True,"{""sampler"":""TPESampler"",""seed"":42,""n_trials"":50,""direction"":""maximize"",""objective"":""composite = Sharpe * (Return% / MaxDD%)""}","{""lookback"":197,""pivot_window"":3,""min_touches"":5,""tolerance_atr_mult"":1.2,""cluster_atr_mult"":0.4,""confirmation_bars"":1,""cooldown_bars"":14,""allowshort"":true}",2014-01-01,2024-12-31,2025-01-01,2026-04-20,2014-01-01,2026-04-20,101.0,28.0,17.0,11.0,60.71,389685.04,-200879.69,75.57,,32.4,2897466.5100000007,-727646.7000000002,441.5,0.84,0.86,0.0133,0.03,24.0,9.0,6.0,3.0,66.67,27595.14,-23282.94,28.44,,15.13,54005.82000000017,-41454.04999999992,9.57,0.43,0.48,0.0099,0.03,125.0,36.0,22.0,14.0,61.11,349802.8,-185600.26,66.94,,32.4,2897466.5100000007,-727646.7000000002,509.73,0.8,0.83,0.0129,0.03
SBER,breakout_pivot,1D,Bayesian_TPE,44,10.286,218,3,5,1.1,0.35,1,16,True,417.29,0.863,0.788,35.01,25,60.0,True,"{""sampler"":""TPESampler"",""seed"":42,""n_trials"":50,""direction"":""maximize"",""objective"":""composite = Sharpe * (Return% / MaxDD%)""}","{""lookback"":218,""pivot_window"":3,""min_touches"":5,""tolerance_atr_mult"":1.1,""cluster_atr_mult"":0.35,""confirmation_bars"":1,""cooldown_bars"":16,""allowshort"":true}",2014-01-01,2024-12-31,2025-01-01,2026-04-20,2014-01-01,2026-04-20,86.0,25.0,15.0,10.0,60.0,402803.99,-186913.14,72.92,,35.01,2540065.0600000005,-641422.4000000001,417.29,0.86,0.79,0.0124,0.03,22.0,7.0,4.0,3.0,57.14,28975.63,-12603.91,29.86,,13.49,54005.82000000017,-25809.359999999993,7.81,0.41,0.42,0.0084,0.03,108.0,31.0,18.0,13.0,58.06,377841.51,-159241.32,66.77,,35.01,2540065.0600000005,-641422.4000000001,473.1,0.82,0.76,0.012,0.03
SBER,breakout_pivot,1D,Bayesian_TPE,45,16.061,183,3,5,1.05,0.5,1,13,True,539.63,0.967,0.893,32.49,28,57.14,True,"{""sampler"":""TPESampler"",""seed"":42,""n_trials"":50,""direction"":""maximize"",""objective"":""composite = Sharpe * (Return% / MaxDD%)""}","{""lookback"":183,""pivot_window"":3,""min_touches"":5,""tolerance_atr_mult"":1.05,""cluster_atr_mult"":0.5,""confirmation_bars"":1,""cooldown_bars"":13,""allowshort"":true}",2014-01-01,2024-12-31,2025-01-01,2026-04-20,2014-01-01,2026-04-20,103.0,28.0,16.0,12.0,57.14,425468.2,-117599.7,64.86,,32.49,2926881.6400000006,-739049.6000000001,539.63,0.97,0.89,0.0123,0.04,24.0,8.0,4.0,4.0,50.0,25159.12,-12174.5,32.62,,16.18,54005.82000000017,-32962.92999999997,5.19,0.28,0.29,0.0093,0.02,127.0,35.0,19.0,16.0,54.29,402408.3,-108210.1,60.43,,32.49,2926881.6400000006,-739049.6000000001,591.44,0.9,0.85,0.012,0.03
SBER,breakout_pivot,1D,Bayesian_TPE,46,1.487,168,4,5,1.0,0.55,1,13,True,172.56,0.504,0.397,58.47,14,71.43,True,"{""sampler"":""TPESampler"",""seed"":42,""n_trials"":50,""direction"":""maximize"",""objective"":""composite = Sharpe * (Return% / MaxDD%)""}","{""lookback"":168,""pivot_window"":4,""min_touches"":5,""tolerance_atr_mult"":1.0,""cluster_atr_mult"":0.55,""confirmation_bars"":1,""cooldown_bars"":13,""allowshort"":true}",2014-01-01,2024-12-31,2025-01-01,2026-04-20,2014-01-01,2026-04-20,68.0,14.0,10.0,4.0,71.43,315179.09,-356547.6,147.86,,58.47,1020994.26,-1207615.5,172.56,0.5,0.4,0.0155,0.01,18.0,7.0,2.0,5.0,28.57,6265.44,-28486.72,30.0,,16.01,10287.359999999931,-69595.35999999996,-12.99,-0.62,-0.51,0.0078,-0.03,86.0,20.0,12.0,8.0,60.0,284844.95,-207165.35,117.95,,58.47,1020994.26,-1207615.5,176.08,0.47,0.37,0.0149,0.01
SBER,breakout_pivot,1D,Bayesian_TPE,47,1.426,231,3,5,1.05,0.5,1,11,True,187.38,0.515,0.408,67.67,26,57.69,True,"{""sampler"":""TPESampler"",""seed"":42,""n_trials"":50,""direction"":""maximize"",""objective"":""composite = Sharpe * (Return% / MaxDD%)""}","{""lookback"":231,""pivot_window"":3,""min_touches"":5,""tolerance_atr_mult"":1.05,""cluster_atr_mult"":0.5,""confirmation_bars"":1,""cooldown_bars"":11,""allowshort"":true}",2014-01-01,2024-12-31,2025-01-01,2026-04-20,2014-01-01,2026-04-20,111.0,26.0,15.0,11.0,57.69,350941.07,-308209.46,79.08,,67.67,1772833.1200000003,-1454063.4800000002,187.38,0.52,0.41,0.016,0.01,27.0,9.0,4.0,5.0,44.44,24765.64,-31364.94,28.44,,24.38,54005.82000000017,-73822.16000000002,-5.78,-0.17,-0.17,0.0094,-0.01,138.0,34.0,18.0,16.0,52.94,313115.68,-240844.44,69.12,,67.67,1772833.1200000003,-1454063.4800000002,178.26,0.46,0.37,0.0154,0.01
SBER,breakout_pivot,1D,Bayesian_TPE,48,0.328,202,11,2,1.15,0.6000000000000001,1,17,False,67.8,0.326,0.252,67.33,38,52.63,False,"{""sampler"":""TPESampler"",""seed"":42,""n_trials"":50,""direction"":""maximize"",""objective"":""composite = Sharpe * (Return% / MaxDD%)""}","{""lookback"":202,""pivot_window"":11,""min_touches"":2,""tolerance_atr_mult"":1.1500000000000001,""cluster_atr_mult"":0.6000000000000001,""confirmation_bars"":1,""cooldown_bars"":17,""allowshort"":false}",2014-01-01,2024-12-31,2025-01-01,2026-04-20,2014-01-01,2026-04-20,111.0,38.0,20.0,18.0,52.63,154001.31,-133446.45,51.5,,67.33,464879.1,-1043475.39,67.8,0.33,0.25,0.0153,0.01,21.0,9.0,5.0,4.0,55.56,27764.18,-27688.99,20.89,,15.79,79961.70000000001,-56211.91999999999,2.81,0.21,0.18,0.007,0.01,132.0,46.0,24.0,22.0,52.17,139023.03,-117736.35,47.43,,67.33,464879.1,-1043475.39,74.64,0.32,0.24,0.0145,0.01
SBER,breakout_pivot,1D,Bayesian_TPE,49,7.202,180,4,5,1.15,0.35,1,14,True,341.3,0.72,0.722,34.12,14,57.14,True,"{""sampler"":""TPESampler"",""seed"":42,""n_trials"":50,""direction"":""maximize"",""objective"":""composite = Sharpe * (Return% / MaxDD%)""}","{""lookback"":180,""pivot_window"":4,""min_touches"":5,""tolerance_atr_mult"":1.1500000000000001,""cluster_atr_mult"":0.35,""confirmation_bars"":1,""cooldown_bars"":14,""allowshort"":true}",2014-01-01,2024-12-31,2025-01-01,2026-04-20,2014-01-01,2026-04-20,70.0,14.0,8.0,6.0,57.14,530100.17,-137958.92,148.57,,34.12,2426307.1199999996,-589065.6000000001,341.3,0.72,0.72,0.0141,0.03,14.0,3.0,3.0,0.0,100.0,5245.76,0.0,26.67,,6.91,12007.679999999922,1782.0000000000675,1.57,0.19,0.11,0.0039,0.01,84.0,17.0,11.0,6.0,64.71,425718.89,-137958.92,135.47,,34.12,2426307.1199999996,-589065.6000000001,385.52,0.69,0.69,0.0135,0.03
PLZL,breakout_pivot,1D,Bayesian_TPE,0,1.382,175,12,4,0.8500000000000001,0.4,1,4,True,202.57,0.498,0.561,73.01,1,100.0,True,"{""sampler"":""TPESampler"",""seed"":42,""n_trials"":50,""direction"":""maximize"",""objective"":""composite = Sharpe * (Return% / MaxDD%)""}","{""lookback"":175,""pivot_window"":12,""min_touches"":4,""tolerance_atr_mult"":0.8500000000000001,""cluster_atr_mult"":0.4,""confirmation_bars"":1,""cooldown_bars"":4,""allowshort"":true}",2014-01-01,2024-12-31,2025-01-01,2026-04-20,2014-01-01,2026-04-20,3.0,1.0,1.0,0.0,100.0,2025720.4,0.0,2895.0,,73.01,2025720.4,2025720.4,202.57,0.5,0.56,0.018,0.01,2.0,1.0,1.0,0.0,100.0,125247.0,0.0,264.0,,22.92,125247.0,125247.0,12.52,0.47,0.49,0.0124,0.03,5.0,1.0,1.0,0.0,100.0,3838936.0,0.0,3370.0,,73.01,3838936.0,3838936.0,383.89,0.59,0.68,0.0179,0.01
PLZL,breakout_pivot,1D,Bayesian_TPE,1,5.47,242,3,5,1.05,0.5,1,6,False,358.88,0.71,0.734,46.58,39,48.72,False,"{""sampler"":""TPESampler"",""seed"":42,""n_trials"":50,""direction"":""maximize"",""objective"":""composite = Sharpe * (Return% / MaxDD%)""}","{""lookback"":242,""pivot_window"":3,""min_touches"":5,""tolerance_atr_mult"":1.05,""cluster_atr_mult"":0.5,""confirmation_bars"":1,""cooldown_bars"":6,""allowshort"":false}",2014-01-01,2024-12-31,2025-01-01,2026-04-20,2014-01-01,2026-04-20,173.0,39.0,19.0,20.0,48.72,296760.17,-102481.45,50.85,,46.58,1006016.65,-418298.3999999999,358.88,0.71,0.73,0.0148,0.02,26.0,6.0,4.0,2.0,66.67,193776.82,-52275.2,57.17,,16.27,395264.1999999999,-68361.99999999983,67.06,1.58,2.07,0.0137,0.13,199.0,44.0,22.0,22.0,50.0,442468.3,-116436.99,53.18,,46.58,1934839.0,-418298.3999999999,717.27,0.83,0.89,0.0147,0.03
PLZL,breakout_pivot,1D,Bayesian_TPE,2,69.213,186,5,4,0.4,0.55,2,11,True,2166.47,1.137,1.302,35.59,11,54.55,True,"{""sampler"":""TPESampler"",""seed"":42,""n_trials"":50,""direction"":""maximize"",""objective"":""composite = Sharpe * (Return% / MaxDD%)""}","{""lookback"":186,""pivot_window"":5,""min_touches"":4,""tolerance_atr_mult"":0.4,""cluster_atr_mult"":0.55,""confirmation_bars"":2,""cooldown_bars"":11,""allowshort"":true}",2014-01-01,2024-12-31,2025-01-01,2026-04-20,2014-01-01,2026-04-20,53.0,11.0,6.0,5.0,54.55,4383249.68,-926959.9,186.55,,35.59,9254777.4,-1819488.6000000008,2166.47,1.14,1.3,0.018,0.06,5.0,2.0,1.0,1.0,50.0,13490.4,-81369.6,114.0,,27.77,13490.39999999993,-81369.59999999996,-6.79,-0.12,-0.12,0.0126,-0.01,58.0,12.0,6.0,6.0,50.0,5957067.59,-1202916.98,199.42,,35.59,13136583.849999998,-2582702.399999999,2852.49,1.1,1.28,0.0177,0.05
PLZL,breakout_pivot,1D,Bayesian_TPE,3,54.392,203,8,2,0.8500000000000001,0.45,1,20,True,2357.47,1.155,1.39,50.06,43,51.16,True,"{""sampler"":""TPESampler"",""seed"":42,""n_trials"":50,""direction"":""maximize"",""objective"":""composite = Sharpe * (Return% / MaxDD%)""}","{""lookback"":203,""pivot_window"":8,""min_touches"":2,""tolerance_atr_mult"":0.8500000000000001,""cluster_atr_mult"":0.45,""confirmation_bars"":1,""cooldown_bars"":20,""allowshort"":true}",2014-01-01,2024-12-31,2025-01-01,2026-04-20,2014-01-01,2026-04-20,118.0,43.0,22.0,21.0,51.16,1816184.92,-780062.84,53.53,,50.06,12746840.4,-2425537.0500000017,2357.47,1.16,1.39,0.0182,0.04,13.0,4.0,2.0,2.0,50.0,263426.0,-93559.7,52.25,,12.88,352652.00000000006,-183733.60000000012,33.97,1.09,0.99,0.0114,0.1,131.0,47.0,24.0,23.0,51.06,2205007.21,-912402.42,53.43,,50.06,12746840.4,-4520635.600000003,3193.49,1.14,1.34,0.0175,0.04
PLZL,breakout_pivot,1D,Bayesian_TPE,4,11.508,161,3,4,0.7,0.4,2,3,True,790.29,0.861,0.944,59.13,29,51.72,True,"{""sampler"":""TPESampler"",""seed"":42,""n_trials"":50,""direction"":""maximize"",""objective"":""composite = Sharpe * (Return% / MaxDD%)""}","{""lookback"":161,""pivot_window"":3,""min_touches"":4,""tolerance_atr_mult"":0.7,""cluster_atr_mult"":0.4,""confirmation_bars"":2,""cooldown_bars"":3,""allowshort"":true}",2014-01-01,2024-12-31,2025-01-01,2026-04-20,2014-01-01,2026-04-20,156.0,29.0,15.0,13.0,51.72,828846.67,-348444.32,66.14,,59.13,3378728.600000001,-1204515.9999999995,790.29,0.86,0.94,0.0173,0.03,24.0,3.0,3.0,0.0,100.0,91348.73,0.0,95.33,,16.26,137075.59999999995,6855.599999999946,27.4,0.88,1.01,0.0122,0.07,180.0,31.0,17.0,13.0,54.84,1014367.69,-348444.32,72.0,,59.13,3378728.600000001,-1204515.9999999995,1271.45,0.91,1.01,0.0168,0.03
PLZL,breakout_pivot,1D,Bayesian_TPE,5,15.099,233,6,4,0.8,0.45,3,16,True,628.84,0.874,0.888,36.4,14,50.0,True,"{""sampler"":""TPESampler"",""seed"":42,""n_trials"":50,""direction"":""maximize"",""objective"":""composite = Sharpe * (Return% / MaxDD%)""}","{""lookback"":233,""pivot_window"":6,""min_touches"":4,""tolerance_atr_mult"":0.8,""cluster_atr_mult"":0.45,""confirmation_bars"":3,""cooldown_bars"":16,""allowshort"":true}",2014-01-01,2024-12-31,2025-01-01,2026-04-20,2014-01-01,2026-04-20,54.0,14.0,7.0,7.0,50.0,1108158.79,-209810.8,132.0,,36.4,3497268.8,-513969.5,628.84,0.87,0.89,0.0152,0.04,9.0,2.0,2.0,0.0,100.0,179190.2,0.0,79.5,,10.04,228909.9999999999,129470.39999999982,35.84,1.59,1.31,0.0078,0.12,63.0,16.0,9.0,7.0,56.25,1152362.31,-209810.8,125.44,,36.4,3497268.8,-513969.5,890.26,0.91,0.9,0.0144,0.04
PLZL,breakout_pivot,1D,Bayesian_TPE,6,19.566,220,12,2,0.45,0.3,1,9,False,969.66,0.997,1.05,49.41,35,48.57,False,"{""sampler"":""TPESampler"",""seed"":42,""n_trials"":50,""direction"":""maximize"",""objective"":""composite = Sharpe * (Return% / MaxDD%)""}","{""lookback"":220,""pivot_window"":12,""min_touches"":2,""tolerance_atr_mult"":0.45,""cluster_atr_mult"":0.3,""confirmation_bars"":1,""cooldown_bars"":9,""allowshort"":false}",2014-01-01,2024-12-31,2025-01-01,2026-04-20,2014-01-01,2026-04-20,113.0,35.0,17.0,18.0,48.57,891249.12,-303035.95,56.6,,49.41,4503678.3,-1055811.65,969.66,1.0,1.05,0.0156,0.03,14.0,3.0,3.0,0.0,100.0,137830.13,0.0,89.0,,13.76,176338.80000000013,60944.20000000003,41.35,1.15,1.22,0.0129,0.11,127.0,38.0,20.0,18.0,52.63,978851.48,-303035.95,59.16,,49.41,4503678.3,-1055811.65,1412.24,1.01,1.07,0.0153,0.03
PLZL,breakout_pivot,1D,Bayesian_TPE,7,76.103,171,5,4,0.4,1.05,1,20,True,2581.62,1.165,1.423,39.52,15,46.67,True,"{""sampler"":""TPESampler"",""seed"":42,""n_trials"":50,""direction"":""maximize"",""objective"":""composite = Sharpe * (Return% / MaxDD%)""}","{""lookback"":171,""pivot_window"":5,""min_touches"":4,""tolerance_atr_mult"":0.4,""cluster_atr_mult"":1.05,""confirmation_bars"":1,""cooldown_bars"":20,""allowshort"":true}",2014-01-01,2024-12-31,2025-01-01,2026-04-20,2014-01-01,2026-04-20,58.0,15.0,7.0,8.0,46.67,4672871.66,-861742.65,156.33,,39.52,11246350.5,-1969637.3500000015,2581.62,1.16,1.42,0.0186,0.05,7.0,3.0,2.0,1.0,66.67,163719.12,-122879.2,130.0,,27.36,295814.25,-122879.20000000006,20.46,0.58,0.79,0.0161,0.03,65.0,17.0,8.0,9.0,47.06,5577620.7,-1164779.87,161.88,,39.52,15570324.0,-3589077.6000000015,3413.79,1.12,1.39,0.0183,0.05
PLZL,breakout_pivot,1D,Bayesian_TPE,8,3.663,101,11,4,0.95,1.0,1,9,False,412.12,0.649,0.791,73.01,1,100.0,False,"{""sampler"":""TPESampler"",""seed"":42,""n_trials"":50,""direction"":""maximize"",""objective"":""composite = Sharpe * (Return% / MaxDD%)""}","{""lookback"":101,""pivot_window"":11,""min_touches"":4,""tolerance_atr_mult"":0.95,""cluster_atr_mult"":1.0,""confirmation_bars"":1,""cooldown_bars"":9,""allowshort"":false}",2014-01-01,2024-12-31,2025-01-01,2026-04-20,2014-01-01,2026-04-20,4.0,1.0,1.0,0.0,100.0,4121241.3,0.0,3307.0,,73.01,4121241.3,4121241.3,412.12,0.65,0.79,0.0189,0.02,0.0,0.0,0.0,0.0,0.0,0.0,0.0,0.0,,0.0,0.0,0.0,0.0,,,0.0,,4.0,1.0,1.0,0.0,100.0,7190469.0,0.0,3782.0,,73.01,7190469.0,7190469.0,719.05,0.72,0.89,0.0186,0.02
PLZL,breakout_pivot,1D,Bayesian_TPE,9,16.479,225,6,2,0.55,0.6000000000000001,3,14,True,746.35,0.856,0.813,38.77,42,52.38,True,"{""sampler"":""TPESampler"",""seed"":42,""n_trials"":50,""direction"":""maximize"",""objective"":""composite = Sharpe * (Return% / MaxDD%)""}","{""lookback"":225,""pivot_window"":6,""min_touches"":2,""tolerance_atr_mult"":0.55,""cluster_atr_mult"":0.6000000000000001,""confirmation_bars"":3,""cooldown_bars"":14,""allowshort"":true}",2014-01-01,2024-12-31,2025-01-01,2026-04-20,2014-01-01,2026-04-20,139.0,42.0,22.0,19.0,52.38,520110.2,-209414.69,49.21,,38.77,2246328.0,-884731.2000000005,746.35,0.86,0.81,0.0171,0.04,22.0,8.0,5.0,3.0,62.5,134608.25,-17520.0,31.88,,11.12,227880.44999999995,-30624.0,62.05,1.77,1.98,0.0112,0.18,161.0,50.0,27.0,22.0,54.0,634952.28,-201104.36,46.44,,38.77,2246328.0,-884731.2000000005,1271.94,0.93,0.89,0.0165,0.04
PLZL,breakout_pivot,1D,Bayesian_TPE,10,11.643,289,9,3,0.3,1.2,2,20,False,562.71,0.839,0.869,40.55,11,63.64,False,"{""sampler"":""TPESampler"",""seed"":42,""n_trials"":50,""direction"":""maximize"",""objective"":""composite = Sharpe * (Return% / MaxDD%)""}","{""lookback"":289,""pivot_window"":9,""min_touches"":3,""tolerance_atr_mult"":0.3,""cluster_atr_mult"":1.2,""confirmation_bars"":2,""cooldown_bars"":20,""allowshort"":false}",2014-01-01,2024-12-31,2025-01-01,2026-04-20,2014-01-01,2026-04-20,45.0,11.0,7.0,4.0,63.64,1162952.76,-628386.89,172.82,,40.55,4832428.0,-794499.75,562.71,0.84,0.87,0.0151,0.03,4.0,1.0,1.0,0.0,100.0,302121.45,0.0,285.0,,17.4,302121.44999999995,302121.44999999995,30.21,0.84,0.96,0.0141,0.07,49.0,11.0,7.0,4.0,63.64,1557388.47,-628386.89,200.27,,40.55,4832428.0,-794499.75,838.82,0.87,0.91,0.015,0.03
PLZL,breakout_pivot,1D,Bayesian_TPE,11,21.087,151,5,5,0.3,0.8,2,12,True,937.5,0.904,0.96,40.19,6,66.67,True,"{""sampler"":""TPESampler"",""seed"":42,""n_trials"":50,""direction"":""maximize"",""objective"":""composite = Sharpe * (Return% / MaxDD%)""}","{""lookback"":151,""pivot_window"":5,""min_touches"":5,""tolerance_atr_mult"":0.3,""cluster_atr_mult"":0.8,""confirmation_bars"":2,""cooldown_bars"":12,""allowshort"":true}",2014-01-01,2024-12-31,2025-01-01,2026-04-20,2014-01-01,2026-04-20,23.0,6.0,4.0,2.0,66.67,2738017.62,-788510.25,303.17,,40.19,4406289.3,-1522705.499999999,937.5,0.9,0.96,0.0176,0.04,3.0,1.0,1.0,0.0,100.0,91744.0,0.0,257.0,,22.92,91744.0,91744.0,9.17,0.38,0.39,0.0121,0.02,26.0,6.0,4.0,2.0,66.67,4292322.12,-788510.25,382.33,,40.19,7791371.0,-1522705.499999999,1559.23,0.94,1.06,0.0175,0.04
PLZL,breakout_pivot,1D,Bayesian_TPE,12,39.401,124,5,3,0.55,0.8,2,16,True,1667.94,1.059,1.227,44.83,29,58.62,True,"{""sampler"":""TPESampler"",""seed"":42,""n_trials"":50,""direction"":""maximize"",""objective"":""composite = Sharpe * (Return% / MaxDD%)""}","{""lookback"":124,""pivot_window"":5,""min_touches"":3,""tolerance_atr_mult"":0.55,""cluster_atr_mult"":0.8,""confirmation_bars"":2,""cooldown_bars"":16,""allowshort"":true}",2014-01-01,2024-12-31,2025-01-01,2026-04-20,2014-01-01,2026-04-20,92.0,29.0,17.0,12.0,58.62,1582630.6,-852105.95,77.76,,44.83,10653323.4,-2236911.5,1667.94,1.06,1.23,0.018,0.04,13.0,5.0,2.0,3.0,40.0,143820.9,-65965.0,40.2,,15.36,204754.0,-153606.60000000006,8.97,0.42,0.4,0.0099,0.03,105.0,34.0,19.0,15.0,55.88,1683977.99,-915203.44,72.24,,44.83,10653323.4,-2719227.600000001,1826.75,1.0,1.14,0.0172,0.04
PLZL,breakout_pivot,1D,Bayesian_TPE,13,23.022,185,4,5,1.2,1.0,3,10,True,928.38,0.919,0.989,37.06,25,48.0,True,"{""sampler"":""TPESampler"",""seed"":42,""n_trials"":50,""direction"":""maximize"",""objective"":""composite = Sharpe * (Return% / MaxDD%)""}","{""lookback"":185,""pivot_window"":4,""min_touches"":5,""tolerance_atr_mult"":1.2,""cluster_atr_mult"":1.0,""confirmation_bars"":3,""cooldown_bars"":10,""allowshort"":true}",2014-01-01,2024-12-31,2025-01-01,2026-04-20,2014-01-01,2026-04-20,98.0,25.0,12.0,12.0,48.0,1092563.82,-318912.16,76.12,,37.06,4231184.25,-1192626.5,928.38,0.92,0.99,0.0171,0.04,15.0,3.0,2.0,1.0,66.67,379286.97,-82198.0,112.67,,16.27,529737.1499999999,-82197.99999999993,67.64,1.57,2.04,0.0139,0.13,113.0,27.0,13.0,13.0,48.15,1726665.83,-364928.69,83.67,,37.06,7911037.999999999,-1192626.5,1770.26,1.01,1.12,0.0167,0.05
PLZL,breakout_pivot,1D,Bayesian_TPE,14,10.859,143,7,3,0.45,0.6000000000000001,2,17,True,854.78,0.824,0.918,64.86,18,50.0,True,"{""sampler"":""TPESampler"",""seed"":42,""n_trials"":50,""direction"":""maximize"",""objective"":""composite = Sharpe * (Return% / MaxDD%)""}","{""lookback"":143,""pivot_window"":7,""min_touches"":3,""tolerance_atr_mult"":0.45,""cluster_atr_mult"":0.6000000000000001,""confirmation_bars"":2,""cooldown_bars"":17,""allowshort"":true}",2014-01-01,2024-12-31,2025-01-01,2026-04-20,2014-01-01,2026-04-20,51.0,18.0,9.0,9.0,50.0,2162200.58,-1212448.9,132.06,,64.86,6186960.000000001,-4777500.0,854.78,0.82,0.92,0.0194,0.02,6.0,2.0,2.0,0.0,100.0,99926.2,0.0,132.5,,17.45,186362.0,13490.39999999993,19.99,0.65,0.67,0.0131,0.05,57.0,19.0,11.0,8.0,57.89,2318517.89,-1310994.9,145.0,,64.86,6186960.000000001,-4777500.0,1501.57,0.89,1.0,0.0189,0.03
PLZL,breakout_pivot,1D,Bayesian_TPE,15,1.215,256,9,4,0.65,0.95,1,13,True,114.53,0.442,0.397,41.68,8,25.0,True,"{""sampler"":""TPESampler"",""seed"":42,""n_trials"":50,""direction"":""maximize"",""objective"":""composite = Sharpe * (Return% / MaxDD%)""}","{""lookback"":256,""pivot_window"":9,""min_touches"":4,""tolerance_atr_mult"":0.65,""cluster_atr_mult"":0.95,""confirmation_bars"":1,""cooldown_bars"":13,""allowshort"":true}",2014-01-01,2024-12-31,2025-01-01,2026-04-20,2014-01-01,2026-04-20,36.0,8.0,2.0,6.0,25.0,855932.3,-94424.95,202.25,,41.68,1345392.0,-168688.09999999995,114.53,0.44,0.4,0.013,0.01,3.0,1.0,1.0,0.0,100.0,481671.2,0.0,459.0,,22.91,481671.1999999999,481671.1999999999,48.17,1.05,1.54,0.0168,0.08,39.0,8.0,2.0,6.0,25.0,1498601.6,-94424.95,261.62,,41.68,1651811.2,-168688.09999999995,243.07,0.56,0.56,0.0136,0.02
PLZL,breakout_pivot,1D,Bayesian_TPE,16,103.758,197,5,3,0.45,1.2,3,7,True,3074.35,1.189,1.294,35.23,27,62.96,True,"{""sampler"":""TPESampler"",""seed"":42,""n_trials"":50,""direction"":""maximize"",""objective"":""composite = Sharpe * (Return% / MaxDD%)""}","{""lookback"":197,""pivot_window"":5,""min_touches"":3,""tolerance_atr_mult"":0.45,""cluster_atr_mult"":1.2,""confirmation_bars"":3,""cooldown_bars"":7,""allowshort"":true}",2014-01-01,2024-12-31,2025-01-01,2026-04-20,2014-01-01,2026-04-20,107.0,27.0,17.0,10.0,62.96,2066899.12,-439380.49,85.85,,35.23,11192011.2,-1192873.0,3074.35,1.19,1.29,0.0192,0.06,12.0,4.0,2.0,2.0,50.0,314616.07,-61924.7,95.0,,23.13,529737.1499999999,-116159.79999999994,50.54,1.2,1.71,0.0147,0.08,119.0,31.0,19.0,12.0,61.29,2901271.46,-693948.56,87.03,,35.23,16827795.9,-3689324.999999998,4679.68,1.19,1.33,0.0187,0.06
PLZL,breakout_pivot,1D,Bayesian_TPE,17,16.419,207,7,3,0.6000000000000001,1.2,3,7,True,917.93,0.862,0.873,48.19,21,52.38,True,"{""sampler"":""TPESampler"",""seed"":42,""n_trials"":50,""direction"":""maximize"",""objective"":""composite = Sharpe * (Return% / MaxDD%)""}","{""lookback"":207,""pivot_window"":7,""min_touches"":3,""tolerance_atr_mult"":0.6000000000000001,""cluster_atr_mult"":1.2,""confirmation_bars"":3,""cooldown_bars"":7,""allowshort"":true}",2014-01-01,2024-12-31,2025-01-01,2026-04-20,2014-01-01,2026-04-20,90.0,21.0,11.0,10.0,52.38,1308715.28,-521657.29,93.14,,48.19,5802312.600000001,-1489841.5500000007,917.93,0.86,0.87,0.0187,0.03,9.0,3.0,2.0,1.0,66.67,272057.58,-110636.6,131.67,,20.99,343240.1500000001,-110636.59999999996,43.35,1.01,1.37,0.0159,0.08,99.0,24.0,13.0,11.0,54.17,1533745.22,-576648.46,97.96,,48.19,5802312.600000001,-1489841.5500000007,1359.56,0.88,0.93,0.0184,0.03
PLZL,breakout_pivot,1D,Bayesian_TPE,18,12.845,269,4,3,0.45,1.1,3,7,False,565.87,0.804,0.778,35.42,33,63.64,False,"{""sampler"":""TPESampler"",""seed"":42,""n_trials"":50,""direction"":""maximize"",""objective"":""composite = Sharpe * (Return% / MaxDD%)""}","{""lookback"":269,""pivot_window"":4,""min_touches"":3,""tolerance_atr_mult"":0.45,""cluster_atr_mult"":1.1,""confirmation_bars"":3,""cooldown_bars"":7,""allowshort"":false}",2014-01-01,2024-12-31,2025-01-01,2026-04-20,2014-01-01,2026-04-20,118.0,33.0,21.0,12.0,63.64,385724.72,-203460.23,62.27,,35.42,1196635.8,-527059.5,565.87,0.8,0.78,0.0162,0.04,21.0,7.0,4.0,3.0,57.14,162260.45,-46335.2,36.29,,22.52,287192.19999999984,-121994.0,51.0,1.5,1.78,0.0115,0.08,139.0,40.0,25.0,15.0,62.5,497004.3,-224515.45,57.73,,35.42,1914033.5999999987,-812871.0,905.74,0.87,0.84,0.0156,0.04
PLZL,breakout_pivot,1D,Bayesian_TPE,19,9.055,125,6,3,0.35,0.9000000000000001,2,18,True,766.23,0.809,0.877,68.46,16,50.0,True,"{""sampler"":""TPESampler"",""seed"":42,""n_trials"":50,""direction"":""maximize"",""objective"":""composite = Sharpe * (Return% / MaxDD%)""}","{""lookback"":125,""pivot_window"":6,""min_touches"":3,""tolerance_atr_mult"":0.35,""cluster_atr_mult"":0.9000000000000001,""confirmation_bars"":2,""cooldown_bars"":18,""allowshort"":true}",2014-01-01,2024-12-31,2025-01-01,2026-04-20,2014-01-01,2026-04-20,57.0,16.0,8.0,8.0,50.0,2242180.56,-1284398.6,144.62,,68.46,8573539.0,-4760448.6,766.23,0.81,0.88,0.0188,0.02,6.0,2.0,2.0,0.0,100.0,193517.3,0.0,178.5,,16.26,276307.19999999995,110727.39999999997,38.7,0.97,1.21,0.0151,0.09,63.0,18.0,10.0,8.0,55.56,2129275.96,-1284398.6,148.39,,68.46,8573539.0,-4760448.6,1101.76,0.82,0.91,0.0184,0.02
PLZL,breakout_pivot,1D,Bayesian_TPE,20,73.463,166,4,2,0.55,1.1,3,15,True,1932.88,1.106,1.164,29.1,64,50.0,True,"{""sampler"":""TPESampler"",""seed"":42,""n_trials"":50,""direction"":""maximize"",""objective"":""composite = Sharpe * (Return% / MaxDD%)""}","{""lookback"":166,""pivot_window"":4,""min_touches"":2,""tolerance_atr_mult"":0.55,""cluster_atr_mult"":1.1,""confirmation_bars"":3,""cooldown_bars"":15,""allowshort"":true}",2014-01-01,2024-12-31,2025-01-01,2026-04-20,2014-01-01,2026-04-20,171.0,64.0,32.0,31.0,50.0,1081340.42,-492713.48,30.73,,29.1,6033641.65,-2143956.0,1932.88,1.11,1.16,0.018,0.07,26.0,9.0,6.0,3.0,66.67,119660.53,-47483.0,29.33,,15.29,250579.80000000005,-127243.0,57.55,1.58,1.93,0.0119,0.12,197.0,73.0,38.0,34.0,52.05,1294935.9,-534490.15,30.56,,29.1,6033641.65,-2589205.0,3103.49,1.14,1.21,0.0173,0.07
PLZL,breakout_pivot,1D,Bayesian_TPE,21,50.771,173,4,2,0.5,1.1,3,14,True,1451.31,1.018,1.085,29.1,65,46.15,True,"{""sampler"":""TPESampler"",""seed"":42,""n_trials"":50,""direction"":""maximize"",""objective"":""composite = Sharpe * (Return% / MaxDD%)""}","{""lookback"":173,""pivot_window"":4,""min_touches"":2,""tolerance_atr_mult"":0.5,""cluster_atr_mult"":1.1,""confirmation_bars"":3,""cooldown_bars"":14,""allowshort"":true}",2014-01-01,2024-12-31,2025-01-01,2026-04-20,2014-01-01,2026-04-20,179.0,65.0,30.0,34.0,46.15,887642.83,-356358.19,31.14,,29.1,4609293.9,-1637806.0,1451.31,1.02,1.09,0.018,0.06,28.0,10.0,5.0,5.0,50.0,137578.0,-40065.6,24.5,,15.29,250579.80000000005,-120184.0,48.76,1.48,1.72,0.0112,0.11,207.0,75.0,35.0,39.0,46.67,1065908.4,-390410.73,30.25,,29.1,4609293.9,-1865386.0,2208.08,1.05,1.12,0.0173,0.06
PLZL,breakout_pivot,1D,Bayesian_TPE,22,19.869,191,3,2,0.65,1.1,3,18,True,956.33,0.888,0.915,42.74,69,53.62,True,"{""sampler"":""TPESampler"",""seed"":42,""n_trials"":50,""direction"":""maximize"",""objective"":""composite = Sharpe * (Return% / MaxDD%)""}","{""lookback"":191,""pivot_window"":3,""min_touches"":2,""tolerance_atr_mult"":0.65,""cluster_atr_mult"":1.1,""confirmation_bars"":3,""cooldown_bars"":18,""allowshort"":true}",2014-01-01,2024-12-31,2025-01-01,2026-04-20,2014-01-01,2026-04-20,166.0,69.0,37.0,32.0,53.62,624069.56,-422726.21,30.36,,42.74,2795917.9499999993,-2823609.9999999995,956.33,0.89,0.91,0.0182,0.04,27.0,12.0,5.0,7.0,41.67,150207.46,-36126.63,22.0,,11.66,274691.69999999995,-89821.1999999998,49.82,1.4,1.66,0.0121,0.15,193.0,81.0,42.0,39.0,51.85,738813.53,-415381.71,29.12,,42.74,2904122.599999999,-2823609.9999999995,1483.03,0.93,0.96,0.0176,0.04
PLZL,breakout_pivot,1D,Bayesian_TPE,23,124.797,162,5,2,0.4,1.2,3,15,True,2812.27,1.223,1.318,27.56,51,50.98,True,"{""sampler"":""TPESampler"",""seed"":42,""n_trials"":50,""direction"":""maximize"",""objective"":""composite = Sharpe * (Return% / MaxDD%)""}","{""lookback"":162,""pivot_window"":5,""min_touches"":2,""tolerance_atr_mult"":0.4,""cluster_atr_mult"":1.2,""confirmation_bars"":3,""cooldown_bars"":15,""allowshort"":true}",2014-01-01,2024-12-31,2025-01-01,2026-04-20,2014-01-01,2026-04-20,155.0,51.0,26.0,24.0,50.98,1701324.21,-671322.46,40.45,,27.56,6753773.649999999,-3059082.0000000014,2812.27,1.22,1.32,0.018,0.08,21.0,7.0,5.0,2.0,71.43,150653.4,-63850.6,40.86,,20.98,252096.79999999987,-125307.59999999992,62.56,1.6,1.99,0.0127,0.1,176.0,58.0,31.0,26.0,53.45,2135250.3,-762954.8,40.5,,27.56,7351894.799999996,-3655322.799999998,4635.59,1.25,1.37,0.0174,0.08
PLZL,breakout_pivot,1D,Bayesian_TPE,24,100.864,140,5,3,0.35,1.2,3,19,True,2668.06,1.181,1.43,31.24,19,57.89,True,"{""sampler"":""TPESampler"",""seed"":42,""n_trials"":50,""direction"":""maximize"",""objective"":""composite = Sharpe * (Return% / MaxDD%)""}","{""lookback"":140,""pivot_window"":5,""min_touches"":3,""tolerance_atr_mult"":0.35,""cluster_atr_mult"":1.2,""confirmation_bars"":3,""cooldown_bars"":19,""allowshort"":true}",2014-01-01,2024-12-31,2025-01-01,2026-04-20,2014-01-01,2026-04-20,69.0,19.0,11.0,8.0,57.89,2767663.89,-470464.44,125.05,,31.24,10399228.0,-1178729.3000000005,2668.06,1.18,1.43,0.0184,0.07,7.0,2.0,2.0,0.0,100.0,158949.87,0.0,179.5,,16.27,237124.55000000005,80775.19999999981,31.79,0.83,1.04,0.0151,0.08,76.0,21.0,13.0,8.0,61.9,3019248.55,-470464.44,130.24,,31.24,10399228.0,-1178729.3000000005,3548.65,1.14,1.39,0.0181,0.07
PLZL,breakout_pivot,1D,Bayesian_TPE,25,11.102,134,8,3,0.3,1.2,3,12,True,918.49,0.85,1.103,70.32,13,69.23,True,"{""sampler"":""TPESampler"",""seed"":42,""n_trials"":50,""direction"":""maximize"",""objective"":""composite = Sharpe * (Return% / MaxDD%)""}","{""lookback"":134,""pivot_window"":8,""min_touches"":3,""tolerance_atr_mult"":0.3,""cluster_atr_mult"":1.2,""confirmation_bars"":3,""cooldown_bars"":12,""allowshort"":true}",2014-01-01,2024-12-31,2025-01-01,2026-04-20,2014-01-01,2026-04-20,41.0,13.0,9.0,4.0,69.23,2044391.73,-2303663.7,212.08,,70.32,7479065.049999999,-5747723.999999999,918.49,0.85,1.1,0.0191,0.02,3.0,1.0,1.0,0.0,100.0,357796.15,0.0,451.0,,22.92,357796.15,357796.15,35.78,0.86,1.23,0.0165,0.06,44.0,13.0,9.0,4.0,69.23,2722532.13,-2303663.7,248.62,,70.32,7734515.399999999,-5747723.999999999,1528.81,0.89,1.18,0.0188,0.02
PLZL,breakout_pivot,1D,Bayesian_TPE,26,19.006,106,6,3,0.4,0.9000000000000001,3,18,False,1233.54,0.928,1.02,60.23,13,61.54,False,"{""sampler"":""TPESampler"",""seed"":42,""n_trials"":50,""direction"":""maximize"",""objective"":""composite = Sharpe * (Return% / MaxDD%)""}","{""lookback"":106,""pivot_window"":6,""min_touches"":3,""tolerance_atr_mult"":0.4,""cluster_atr_mult"":0.9000000000000001,""confirmation_bars"":3,""cooldown_bars"":18,""allowshort"":false}",2014-01-01,2024-12-31,2025-01-01,2026-04-20,2014-01-01,2026-04-20,48.0,13.0,8.0,5.0,61.54,2728864.83,-1899110.13,181.62,,60.23,10120259.2,-6150977.000000001,1233.54,0.93,1.02,0.0192,0.03,4.0,1.0,1.0,0.0,100.0,458679.55,0.0,410.0,,17.41,458679.54999999993,458679.54999999993,45.87,1.06,1.41,0.0158,0.1,52.0,14.0,9.0,5.0,64.29,3105574.71,-1899110.13,197.93,,60.23,10120259.2,-6150977.000000001,1845.46,0.94,1.06,0.0188,0.03
PLZL,breakout_pivot,1D,Bayesian_TPE,27,69.357,153,7,2,0.35,1.15,3,5,True,2116.47,1.125,1.344,34.33,41,51.22,True,"{""sampler"":""TPESampler"",""seed"":42,""n_trials"":50,""direction"":""maximize"",""objective"":""composite = Sharpe * (Return% / MaxDD%)""}","{""lookback"":153,""pivot_window"":7,""min_touches"":2,""tolerance_atr_mult"":0.35,""cluster_atr_mult"":1.1500000000000001,""confirmation_bars"":3,""cooldown_bars"":5,""allowshort"":true}",2014-01-01,2024-12-31,2025-01-01,2026-04-20,2014-01-01,2026-04-20,170.0,41.0,21.0,19.0,51.22,1544570.62,-593226.33,56.73,,34.33,9988051.05,-2317275.2000000016,2116.47,1.12,1.34,0.0182,0.06,21.0,5.0,3.0,2.0,60.0,196956.55,-40639.5,56.4,,14.72,323054.4000000001,-73978.19999999994,50.96,1.4,1.64,0.0124,0.12,191.0,46.0,24.0,21.0,52.17,1897585.48,-622600.57,56.7,,34.33,9988051.05,-2317275.2000000016,3246.74,1.14,1.36,0.0175,0.06
PLZL,breakout_pivot,1D,Bayesian_TPE,28,58.909,120,5,3,0.5,1.2,3,8,True,2052.01,1.08,1.184,37.62,23,56.52,True,"{""sampler"":""TPESampler"",""seed"":42,""n_trials"":50,""direction"":""maximize"",""objective"":""composite = Sharpe * (Return% / MaxDD%)""}","{""lookback"":120,""pivot_window"":5,""min_touches"":3,""tolerance_atr_mult"":0.5,""cluster_atr_mult"":1.2,""confirmation_bars"":3,""cooldown_bars"":8,""allowshort"":true}",2014-01-01,2024-12-31,2025-01-01,2026-04-20,2014-01-01,2026-04-20,99.0,23.0,13.0,10.0,56.52,1891270.47,-406642.34,101.91,,37.62,9167795.8,-1234994.0,2052.01,1.08,1.18,0.019,0.05,16.0,5.0,3.0,2.0,60.0,134874.58,-29684.6,61.0,,18.27,248806.7999999999,-57465.2000000001,34.53,1.01,1.23,0.0128,0.07,115.0,28.0,16.0,12.0,57.14,2081231.78,-445531.95,94.61,,37.62,9167795.8,-1238945.6000000022,2795.33,1.07,1.18,0.0183,0.05
PLZL,breakout_pivot,1D,Bayesian_TPE,29,57.777,142,4,2,0.75,1.0,3,16,True,1970.56,1.108,1.202,37.79,61,52.46,True,"{""sampler"":""TPESampler"",""seed"":42,""n_trials"":50,""direction"":""maximize"",""objective"":""composite = Sharpe * (Return% / MaxDD%)""}","{""lookback"":142,""pivot_window"":4,""min_touches"":2,""tolerance_atr_mult"":0.75,""cluster_atr_mult"":1.0,""confirmation_bars"":3,""cooldown_bars"":16,""allowshort"":true}",2014-01-01,2024-12-31,2025-01-01,2026-04-20,2014-01-01,2026-04-20,164.0,61.0,32.0,28.0,52.46,1126103.51,-583202.76,33.97,,37.79,5169256.95,-2164764.800000001,1970.56,1.11,1.2,0.0181,0.05,23.0,8.0,6.0,2.0,75.0,119772.63,-7603.0,31.25,,8.41,250579.80000000005,-8196.0,70.34,1.87,2.21,0.0118,0.26,187.0,69.0,38.0,30.0,55.07,1340138.1,-554825.18,33.65,,37.79,5192761.000000001,-2164764.800000001,3428.05,1.17,1.26,0.0174,0.05
PLZL,breakout_pivot,1D,Bayesian_TPE,30,26.922,203,6,3,0.35,0.75,3,4,True,1333.45,0.958,0.984,47.45,15,73.33,True,"{""sampler"":""TPESampler"",""seed"":42,""n_trials"":50,""direction"":""maximize"",""objective"":""composite = Sharpe * (Return% / MaxDD%)""}","{""lookback"":203,""pivot_window"":6,""min_touches"":3,""tolerance_atr_mult"":0.35,""cluster_atr_mult"":0.75,""confirmation_bars"":3,""cooldown_bars"":4,""allowshort"":true}",2014-01-01,2024-12-31,2025-01-01,2026-04-20,2014-01-01,2026-04-20,79.0,15.0,11.0,4.0,73.33,1489737.15,-763162.1,137.27,,47.45,6855884.0,-1508538.6000000006,1333.45,0.96,0.98,0.019,0.04,6.0,2.0,2.0,0.0,100.0,215471.57,0.0,182.5,,16.27,343240.1500000001,87702.99999999978,43.09,1.03,1.32,0.0154,0.1,85.0,16.0,12.0,4.0,75.0,2025377.34,-763162.1,152.62,,47.45,8847988.6,-1508538.6000000006,2125.19,0.99,1.04,0.0186,0.04
PLZL,breakout_pivot,1D,Bayesian_TPE,31,58.11,173,5,4,0.4,1.05,2,19,True,2327.44,1.143,1.373,45.78,11,54.55,True,"{""sampler"":""TPESampler"",""seed"":42,""n_trials"":50,""direction"":""maximize"",""objective"":""composite = Sharpe * (Return% / MaxDD%)""}","{""lookback"":173,""pivot_window"":5,""min_touches"":4,""tolerance_atr_mult"":0.4,""cluster_atr_mult"":1.05,""confirmation_bars"":2,""cooldown_bars"":19,""allowshort"":true}",2014-01-01,2024-12-31,2025-01-01,2026-04-20,2014-01-01,2026-04-20,51.0,11.0,6.0,5.0,54.55,5106500.63,-1472928.26,207.18,,45.78,11778181.8,-2182388.2499999995,2327.44,1.14,1.37,0.0184,0.05,7.0,3.0,1.0,2.0,33.33,305940.75,-54619.2,130.33,,28.05,305940.75,-104645.99999999996,19.67,0.56,0.77,0.0161,0.03,58.0,13.0,6.0,7.0,46.15,6792061.47,-1463140.99,206.77,,45.78,14069296.7,-2756395.199999999,3051.04,1.1,1.35,0.0181,0.04
PLZL,breakout_pivot,1D,Bayesian_TPE,32,16.845,181,3,4,0.5,1.15,1,20,True,816.88,0.91,1.018,44.13,37,45.95,True,"{""sampler"":""TPESampler"",""seed"":42,""n_trials"":50,""direction"":""maximize"",""objective"":""composite = Sharpe * (Return% / MaxDD%)""}","{""lookback"":181,""pivot_window"":3,""min_touches"":4,""tolerance_atr_mult"":0.5,""cluster_atr_mult"":1.1500000000000001,""confirmation_bars"":1,""cooldown_bars"":20,""allowshort"":true}",2014-01-01,2024-12-31,2025-01-01,2026-04-20,2014-01-01,2026-04-20,102.0,37.0,17.0,20.0,45.95,1017285.35,-456252.35,47.65,,44.13,2668346.0000000014,-1660505.0,816.88,0.91,1.02,0.0163,0.03,15.0,6.0,4.0,2.0,66.67,127650.8,-59362.8,52.67,,18.76,181785.19999999995,-67099.59999999992,39.19,1.05,1.2,0.0137,0.08,117.0,43.0,21.0,22.0,48.84,1046715.17,-464295.04,48.35,,44.13,2668346.0000000014,-1660505.0,1176.65,0.92,1.04,0.016,0.03
PLZL,breakout_pivot,1D,Bayesian_TPE,33,64.547,164,5,4,0.4,1.15,2,19,True,2386.99,1.146,1.388,42.38,12,50.0,True,"{""sampler"":""TPESampler"",""seed"":42,""n_trials"":50,""direction"":""maximize"",""objective"":""composite = Sharpe * (Return% / MaxDD%)""}","{""lookback"":164,""pivot_window"":5,""min_touches"":4,""tolerance_atr_mult"":0.4,""cluster_atr_mult"":1.1500000000000001,""confirmation_bars"":2,""cooldown_bars"":19,""allowshort"":true}",2014-01-01,2024-12-31,2025-01-01,2026-04-20,2014-01-01,2026-04-20,54.0,12.0,6.0,6.0,50.0,5150243.76,-1171931.95,193.25,,42.38,11764932.25,-2166988.9499999983,2386.99,1.15,1.39,0.0185,0.05,7.0,3.0,1.0,2.0,33.33,13490.4,-42367.2,98.67,,28.03,13490.39999999993,-81173.99999999996,-7.12,-0.09,-0.11,0.014,-0.0,61.0,14.0,6.0,8.0,42.86,6877162.09,-1247447.74,194.86,,42.38,14414505.8,-2824072.799999999,3128.34,1.1,1.36,0.0182,0.05
PLZL,breakout_pivot,1D,Bayesian_TPE,34,28.208,193,5,5,0.35,1.05,3,17,True,1308.2,0.977,1.145,45.31,7,71.43,True,"{""sampler"":""TPESampler"",""seed"":42,""n_trials"":50,""direction"":""maximize"",""objective"":""composite = Sharpe * (Return% / MaxDD%)""}","{""lookback"":193,""pivot_window"":5,""min_touches"":5,""tolerance_atr_mult"":0.35,""cluster_atr_mult"":1.05,""confirmation_bars"":3,""cooldown_bars"":17,""allowshort"":true}",2014-01-01,2024-12-31,2025-01-01,2026-04-20,2014-01-01,2026-04-20,31.0,7.0,5.0,2.0,71.43,3321869.67,-1763662.95,313.0,,45.31,6669366.599999999,-1928680.2000000004,1308.2,0.98,1.15,0.0183,0.04,4.0,1.0,1.0,0.0,100.0,474249.35,0.0,457.0,,22.92,474249.35,474249.35,47.42,1.04,1.52,0.0168,0.08,35.0,7.0,5.0,2.0,71.43,5009735.43,-1763662.95,380.86,,45.31,10676320.0,-1928680.2000000004,2152.14,1.01,1.23,0.0181,0.04
PLZL,breakout_pivot,1D,Bayesian_TPE,35,20.039,155,4,3,0.45,1.15,1,19,True,954.3,0.913,1.022,43.48,40,52.5,True,"{""sampler"":""TPESampler"",""seed"":42,""n_trials"":50,""direction"":""maximize"",""objective"":""composite = Sharpe * (Return% / MaxDD%)""}","{""lookback"":155,""pivot_window"":4,""min_touches"":3,""tolerance_atr_mult"":0.45,""cluster_atr_mult"":1.1500000000000001,""confirmation_bars"":1,""cooldown_bars"":19,""allowshort"":true}",2014-01-01,2024-12-31,2025-01-01,2026-04-20,2014-01-01,2026-04-20,113.0,40.0,21.0,19.0,52.5,846812.3,-433688.83,50.77,,43.48,2576459.2000000007,-1366345.6499999997,954.3,0.91,1.02,0.0175,0.04,15.0,7.0,4.0,3.0,57.14,128038.04,-72885.87,35.0,,22.53,240691.94999999995,-132015.20000000004,29.35,0.98,1.19,0.0113,0.05,128.0,47.0,25.0,22.0,53.19,927516.77,-479427.23,48.43,,43.48,2576459.2000000007,-1393240.0000000005,1264.05,0.91,1.02,0.0168,0.04
PLZL,breakout_pivot,1D,Bayesian_TPE,36,14.291,214,6,4,1.0,1.05,2,14,False,858.65,0.848,0.862,50.95,19,42.11,False,"{""sampler"":""TPESampler"",""seed"":42,""n_trials"":50,""direction"":""maximize"",""objective"":""composite = Sharpe * (Return% / MaxDD%)""}","{""lookback"":214,""pivot_window"":6,""min_touches"":4,""tolerance_atr_mult"":1.0,""cluster_atr_mult"":1.05,""confirmation_bars"":2,""cooldown_bars"":14,""allowshort"":false}",2014-01-01,2024-12-31,2025-01-01,2026-04-20,2014-01-01,2026-04-20,76.0,19.0,8.0,11.0,42.11,1787905.0,-519701.73,102.89,,50.95,6615395.149999999,-1222490.4000000004,858.65,0.85,0.86,0.0185,0.03,13.0,2.0,2.0,0.0,100.0,391293.33,0.0,168.0,,16.26,520508.25,262078.40000000017,78.26,1.76,2.29,0.0137,0.15,89.0,21.0,10.0,11.0,47.62,2181170.06,-519701.73,109.1,,50.95,6615395.149999999,-1222490.4000000004,1609.5,0.93,0.97,0.018,0.03
PLZL,breakout_pivot,1D,Bayesian_TPE,37,39.254,139,3,2,0.6000000000000001,1.2,3,11,True,1144.57,0.986,0.996,28.75,74,50.0,True,"{""sampler"":""TPESampler"",""seed"":42,""n_trials"":50,""direction"":""maximize"",""objective"":""composite = Sharpe * (Return% / MaxDD%)""}","{""lookback"":139,""pivot_window"":3,""min_touches"":2,""tolerance_atr_mult"":0.6000000000000001,""cluster_atr_mult"":1.2,""confirmation_bars"":3,""cooldown_bars"":11,""allowshort"":true}",2014-01-01,2024-12-31,2025-01-01,2026-04-20,2014-01-01,2026-04-20,213.0,74.0,37.0,36.0,50.0,620381.69,-319677.33,25.61,,28.75,4047284.7,-1438102.0,1144.57,0.99,1.0,0.017,0.06,33.0,13.0,4.0,9.0,30.77,171274.72,-39436.22,19.62,,14.29,274691.69999999995,-83578.79999999994,33.02,1.06,1.24,0.0116,0.09,246.0,87.0,41.0,45.0,47.13,768018.27,-353975.89,24.71,,28.75,4047284.7,-1438102.0,1555.98,0.99,1.01,0.0164,0.06
PLZL,breakout_pivot,1D,Bayesian_TPE,38,1.682,243,8,5,0.9000000000000001,0.9000000000000001,1,17,True,227.41,0.544,0.584,73.54,8,50.0,True,"{""sampler"":""TPESampler"",""seed"":42,""n_trials"":50,""direction"":""maximize"",""objective"":""composite = Sharpe * (Return% / MaxDD%)""}","{""lookback"":243,""pivot_window"":8,""min_touches"":5,""tolerance_atr_mult"":0.9000000000000001,""cluster_atr_mult"":0.9000000000000001,""confirmation_bars"":1,""cooldown_bars"":17,""allowshort"":true}",2014-01-01,2024-12-31,2025-01-01,2026-04-20,2014-01-01,2026-04-20,29.0,8.0,4.0,4.0,50.0,822167.6,-253632.55,288.88,,73.54,2487717.6,-864853.5,227.41,0.54,0.58,0.0166,0.01,2.0,1.0,1.0,0.0,100.0,414592.0,0.0,453.0,,22.91,414592.0,414592.0,41.46,0.95,1.37,0.0166,0.07,31.0,8.0,4.0,4.0,50.0,1312548.58,-253632.55,348.25,,73.54,2487717.6,-864853.5,423.57,0.63,0.71,0.0166,0.01
PLZL,breakout_pivot,1D,Bayesian_TPE,39,31.633,175,7,4,0.4,1.05,2,3,False,1569.97,1.031,1.245,51.17,10,40.0,False,"{""sampler"":""TPESampler"",""seed"":42,""n_trials"":50,""direction"":""maximize"",""objective"":""composite = Sharpe * (Return% / MaxDD%)""}","{""lookback"":175,""pivot_window"":7,""min_touches"":4,""tolerance_atr_mult"":0.4,""cluster_atr_mult"":1.05,""confirmation_bars"":2,""cooldown_bars"":3,""allowshort"":false}",2014-01-01,2024-12-31,2025-01-01,2026-04-20,2014-01-01,2026-04-20,45.0,10.0,4.0,6.0,40.0,5276283.17,-900898.08,231.2,,51.17,8115329.8,-2377139.5,1569.97,1.03,1.25,0.0182,0.04,4.0,1.0,1.0,0.0,100.0,305940.75,0.0,284.0,,17.41,305940.75,305940.75,30.59,0.85,0.96,0.0141,0.07,49.0,10.0,4.0,6.0,40.0,7015628.17,-900898.08,261.4,,51.17,9678820.4,-2377139.5,2265.71,1.03,1.24,0.0178,0.04
PLZL,breakout_pivot,1D,Bayesian_TPE,40,20.898,198,6,3,1.15,0.95,3,20,True,1134.76,0.921,0.941,50.01,28,57.14,True,"{""sampler"":""TPESampler"",""seed"":42,""n_trials"":50,""direction"":""maximize"",""objective"":""composite = Sharpe * (Return% / MaxDD%)""}","{""lookback"":198,""pivot_window"":6,""min_touches"":3,""tolerance_atr_mult"":1.1500000000000001,""cluster_atr_mult"":0.95,""confirmation_bars"":3,""cooldown_bars"":20,""allowshort"":true}",2014-01-01,2024-12-31,2025-01-01,2026-04-20,2014-01-01,2026-04-20,86.0,28.0,16.0,12.0,57.14,1068888.02,-479550.23,74.04,,50.01,5874819.300000001,-1380689.0999999996,1134.76,0.92,0.94,0.0187,0.03,10.0,3.0,3.0,0.0,100.0,162268.68,0.0,89.67,,17.89,198058.0,93721.05000000006,48.68,1.39,1.6,0.0119,0.09,96.0,31.0,19.0,12.0,61.29,1216705.75,-479550.23,75.55,,50.01,5874819.300000001,-1380689.0999999996,1736.28,0.95,0.98,0.018,0.03
PLZL,breakout_pivot,1D,Bayesian_TPE,41,57.531,159,4,2,0.5,1.1,3,13,True,1599.0,1.047,1.12,29.1,65,44.62,True,"{""sampler"":""TPESampler"",""seed"":42,""n_trials"":50,""direction"":""maximize"",""objective"":""composite = Sharpe * (Return% / MaxDD%)""}","{""lookback"":159,""pivot_window"":4,""min_touches"":2,""tolerance_atr_mult"":0.5,""cluster_atr_mult"":1.1,""confirmation_bars"":3,""cooldown_bars"":13,""allowshort"":true}",2014-01-01,2024-12-31,2025-01-01,2026-04-20,2014-01-01,2026-04-20,181.0,65.0,29.0,35.0,44.62,976579.6,-352308.07,31.38,,29.1,4697733.050000001,-1776297.600000001,1599.0,1.05,1.12,0.018,0.06,28.0,10.0,5.0,5.0,50.0,137578.0,-40065.6,24.5,,15.29,250579.80000000005,-120184.0,48.76,1.48,1.72,0.0112,0.11,209.0,75.0,34.0,40.0,45.33,1176917.75,-393417.16,30.47,,29.1,4697733.050000001,-2042947.0,2427.85,1.07,1.15,0.0173,0.06
PLZL,breakout_pivot,1D,Bayesian_TPE,42,88.899,171,5,2,0.55,1.15,3,15,True,2328.17,1.165,1.261,30.51,52,50.0,True,"{""sampler"":""TPESampler"",""seed"":42,""n_trials"":50,""direction"":""maximize"",""objective"":""composite = Sharpe * (Return% / MaxDD%)""}","{""lookback"":171,""pivot_window"":5,""min_touches"":2,""tolerance_atr_mult"":0.55,""cluster_atr_mult"":1.1500000000000001,""confirmation_bars"":3,""cooldown_bars"":15,""allowshort"":true}",2014-01-01,2024-12-31,2025-01-01,2026-04-20,2014-01-01,2026-04-20,158.0,52.0,26.0,25.0,50.0,1531194.23,-661174.16,39.83,,30.51,6423948.699999999,-2909509.200000001,2328.17,1.17,1.26,0.0179,0.07,21.0,7.0,5.0,2.0,71.43,150653.4,-63850.6,40.86,,20.98,252096.79999999987,-125307.59999999992,62.56,1.6,1.99,0.0127,0.1,179.0,59.0,31.0,27.0,52.54,1874803.64,-727233.01,39.95,,30.51,6423948.699999999,-3047770.7999999984,3848.36,1.2,1.31,0.0173,0.07
PLZL,breakout_pivot,1D,Bayesian_TPE,43,112.748,183,5,2,0.3,1.15,3,15,True,2608.0,1.204,1.281,27.85,53,50.94,True,"{""sampler"":""TPESampler"",""seed"":42,""n_trials"":50,""direction"":""maximize"",""objective"":""composite = Sharpe * (Return% / MaxDD%)""}","{""lookback"":183,""pivot_window"":5,""min_touches"":2,""tolerance_atr_mult"":0.3,""cluster_atr_mult"":1.1500000000000001,""confirmation_bars"":3,""cooldown_bars"":15,""allowshort"":true}",2014-01-01,2024-12-31,2025-01-01,2026-04-20,2014-01-01,2026-04-20,157.0,53.0,27.0,25.0,50.94,1532908.38,-612340.03,38.02,,27.85,7044226.149999999,-2831196.8000000017,2608.0,1.2,1.28,0.0179,0.08,21.0,7.0,5.0,2.0,71.43,150653.4,-63850.6,40.86,,20.98,252096.79999999987,-125307.59999999992,62.56,1.6,1.99,0.0127,0.1,178.0,60.0,32.0,27.0,53.33,1931461.22,-695273.44,38.35,,27.85,7044226.149999999,-3399011.7999999984,4303.44,1.24,1.33,0.0173,0.08
PLZL,breakout_pivot,1D,Bayesian_TPE,44,111.273,182,5,2,0.3,1.15,3,15,True,2580.3,1.201,1.278,27.85,53,50.94,True,"{""sampler"":""TPESampler"",""seed"":42,""n_trials"":50,""direction"":""maximize"",""objective"":""composite = Sharpe * (Return% / MaxDD%)""}","{""lookback"":182,""pivot_window"":5,""min_touches"":2,""tolerance_atr_mult"":0.3,""cluster_atr_mult"":1.1500000000000001,""confirmation_bars"":3,""cooldown_bars"":15,""allowshort"":true}",2014-01-01,2024-12-31,2025-01-01,2026-04-20,2014-01-01,2026-04-20,157.0,53.0,27.0,25.0,50.94,1530463.89,-620781.76,38.06,,27.85,7044226.149999999,-2802289.600000002,2580.3,1.2,1.28,0.0179,0.08,21.0,7.0,5.0,2.0,71.43,150653.4,-63850.6,40.86,,20.98,252096.79999999987,-125307.59999999992,62.56,1.6,1.99,0.0127,0.1,178.0,60.0,32.0,27.0,53.33,1922856.71,-701773.9,38.38,,27.85,7044226.149999999,-3364146.599999998,4258.35,1.23,1.33,0.0173,0.08
PLZL,breakout_pivot,1D,Bayesian_TPE,45,93.49,212,6,2,0.3,1.2,3,15,True,2742.44,1.171,1.25,34.35,38,60.53,True,"{""sampler"":""TPESampler"",""seed"":42,""n_trials"":50,""direction"":""maximize"",""objective"":""composite = Sharpe * (Return% / MaxDD%)""}","{""lookback"":212,""pivot_window"":6,""min_touches"":2,""tolerance_atr_mult"":0.3,""cluster_atr_mult"":1.2,""confirmation_bars"":3,""cooldown_bars"":15,""allowshort"":true}",2014-01-01,2024-12-31,2025-01-01,2026-04-20,2014-01-01,2026-04-20,132.0,38.0,23.0,14.0,60.53,1618846.64,-700645.46,59.29,,34.35,5442442.7,-2971745.600000002,2742.44,1.17,1.25,0.0189,0.06,19.0,7.0,4.0,3.0,57.14,161442.26,-17398.4,36.29,,11.12,227880.44999999995,-30624.0,59.36,1.7,1.91,0.0113,0.17,151.0,45.0,27.0,17.0,60.0,2059459.48,-664394.66,55.71,,34.35,6482973.349999999,-2971745.600000002,4431.07,1.2,1.28,0.0181,0.06
PLZL,breakout_pivot,1D,Bayesian_TPE,46,21.858,185,11,2,0.3,0.3,3,10,True,1476.33,1.005,1.132,67.88,26,57.69,True,"{""sampler"":""TPESampler"",""seed"":42,""n_trials"":50,""direction"":""maximize"",""objective"":""composite = Sharpe * (Return% / MaxDD%)""}","{""lookback"":185,""pivot_window"":11,""min_touches"":2,""tolerance_atr_mult"":0.3,""cluster_atr_mult"":0.3,""confirmation_bars"":3,""cooldown_bars"":10,""allowshort"":true}",2014-01-01,2024-12-31,2025-01-01,2026-04-20,2014-01-01,2026-04-20,104.0,26.0,15.0,11.0,57.69,2087938.34,-1505072.02,85.58,,67.88,10790440.1,-8994375.0,1476.33,1.01,1.13,0.0184,0.03,12.0,3.0,2.0,1.0,66.67,141051.03,-6436.8,76.0,,15.41,151589.0,-6436.799999999837,27.57,0.86,0.86,0.0125,0.07,116.0,28.0,16.0,12.0,57.14,2346392.71,-1388862.65,88.21,,67.88,10790440.1,-8994375.0,2087.59,1.01,1.12,0.0178,0.03
PLZL,breakout_pivot,1D,Bayesian_TPE,47,47.179,227,5,2,0.35,1.15,3,13,True,1239.52,1.049,1.011,27.56,52,50.0,True,"{""sampler"":""TPESampler"",""seed"":42,""n_trials"":50,""direction"":""maximize"",""objective"":""composite = Sharpe * (Return% / MaxDD%)""}","{""lookback"":227,""pivot_window"":5,""min_touches"":2,""tolerance_atr_mult"":0.35,""cluster_atr_mult"":1.1500000000000001,""confirmation_bars"":3,""cooldown_bars"":13,""allowshort"":true}",2014-01-01,2024-12-31,2025-01-01,2026-04-20,2014-01-01,2026-04-20,164.0,52.0,26.0,25.0,50.0,726942.45,-260210.96,38.13,,27.56,3142911.1999999997,-1400361.6000000008,1239.52,1.05,1.01,0.0163,0.06,24.0,8.0,5.0,3.0,62.5,150653.4,-63512.4,33.38,,19.71,252096.79999999987,-169158.0,56.27,1.54,1.82,0.0121,0.09,188.0,60.0,31.0,28.0,51.67,935480.48,-323632.65,37.5,,27.56,3381370.1999999983,-2269653.0,1993.82,1.09,1.07,0.0158,0.06
PLZL,breakout_pivot,1D,Bayesian_TPE,48,45.383,197,4,2,0.3,0.65,3,16,False,1275.14,1.004,1.028,28.21,60,50.0,False,"{""sampler"":""TPESampler"",""seed"":42,""n_trials"":50,""direction"":""maximize"",""objective"":""composite = Sharpe * (Return% / MaxDD%)""}","{""lookback"":197,""pivot_window"":4,""min_touches"":2,""tolerance_atr_mult"":0.3,""cluster_atr_mult"":0.65,""confirmation_bars"":3,""cooldown_bars"":16,""allowshort"":false}",2014-01-01,2024-12-31,2025-01-01,2026-04-20,2014-01-01,2026-04-20,162.0,60.0,30.0,29.0,50.0,759969.74,-346471.19,33.5,,28.21,3610318.000000001,-1437670.4000000008,1275.14,1.0,1.03,0.0174,0.06,25.0,9.0,6.0,3.0,66.67,122692.33,-46191.47,31.67,,15.95,250579.80000000005,-123236.39999999994,59.76,1.57,2.02,0.0124,0.12,187.0,69.0,36.0,32.0,52.17,914700.52,-373587.96,33.26,,28.21,3610318.000000001,-1696140.199999999,2097.44,1.05,1.1,0.0168,0.06
PLZL,breakout_pivot,1D,Bayesian_TPE,49,42.076,147,3,2,0.45,1.0,3,10,True,1213.32,0.997,1.027,28.75,76,48.68,True,"{""sampler"":""TPESampler"",""seed"":42,""n_trials"":50,""direction"":""maximize"",""objective"":""composite = Sharpe * (Return% / MaxDD%)""}","{""lookback"":147,""pivot_window"":3,""min_touches"":2,""tolerance_atr_mult"":0.45,""cluster_atr_mult"":1.0,""confirmation_bars"":3,""cooldown_bars"":10,""allowshort"":true}",2014-01-01,2024-12-31,2025-01-01,2026-04-20,2014-01-01,2026-04-20,223.0,76.0,37.0,38.0,48.68,647783.09,-311440.24,25.42,,28.75,3884729.45,-1388542.4000000008,1213.32,1.0,1.03,0.0172,0.06,33.0,13.0,4.0,9.0,30.77,186011.92,-40084.0,19.92,,14.28,274691.69999999995,-83578.79999999994,38.33,1.18,1.4,0.0117,0.1,256.0,88.0,41.0,46.0,46.59,868644.63,-366208.62,25.09,,28.75,4930855.349999999,-1388542.4000000008,1876.88,1.03,1.08,0.0166,0.06
GMKN,breakout_pivot,1D,Bayesian_TPE,0,0.2,175,12,4,0.8500000000000001,0.4,1,4,True,44.31,0.26,0.273,57.58,3,66.67,True,"{""sampler"":""TPESampler"",""seed"":42,""n_trials"":50,""direction"":""maximize"",""objective"":""composite = Sharpe * (Return% / MaxDD%)""}","{""lookback"":175,""pivot_window"":12,""min_touches"":4,""tolerance_atr_mult"":0.8500000000000001,""cluster_atr_mult"":0.4,""confirmation_bars"":1,""cooldown_bars"":4,""allowshort"":true}",2014-01-01,2024-12-31,2025-01-01,2026-04-20,2014-01-01,2026-04-20,32.0,3.0,2.0,1.0,66.67,262457.89,-81792.2,828.67,,57.58,414502.02,-81792.19999999991,44.31,0.26,0.27,0.0155,0.01,2.0,1.0,0.0,1.0,0.0,0.0,-10738.88,131.0,,22.96,-10738.880000000132,-10738.880000000132,-1.07,0.01,0.01,0.0081,0.0,34.0,4.0,2.0,2.0,50.0,262457.89,-48645.38,654.25,,57.58,414502.02,-81792.19999999991,42.76,0.24,0.24,0.0148,0.01
GMKN,breakout_pivot,1D,Bayesian_TPE,1,0.025,242,3,5,1.05,0.5,1,6,False,-20.85,-0.048,-0.045,40.73,37,37.84,False,"{""sampler"":""TPESampler"",""seed"":42,""n_trials"":50,""direction"":""maximize"",""objective"":""composite = Sharpe * (Return% / MaxDD%)""}","{""lookback"":242,""pivot_window"":3,""min_touches"":5,""tolerance_atr_mult"":1.05,""cluster_atr_mult"":0.5,""confirmation_bars"":1,""cooldown_bars"":6,""allowshort"":false}",2014-01-01,2024-12-31,2025-01-01,2026-04-20,2014-01-01,2026-04-20,172.0,37.0,14.0,23.0,37.84,52634.58,-41104.78,44.68,,40.73,218655.35999999993,-207924.21,-20.85,-0.05,-0.04,0.0103,-0.0,23.0,3.0,2.0,1.0,66.67,109374.63,-139508.22,114.33,,32.54,195327.9999999999,-139508.22,7.92,0.3,0.43,0.0177,0.02,195.0,39.0,15.0,24.0,38.46,57318.4,-41664.66,51.46,,40.73,218655.35999999993,-207924.21,-14.02,0.03,0.03,0.0116,0.0
GMKN,breakout_pivot,1D,Bayesian_TPE,2,0.809,186,5,4,0.4,0.55,2,11,True,79.53,0.373,0.327,36.65,10,50.0,True,"{""sampler"":""TPESampler"",""seed"":42,""n_trials"":50,""direction"":""maximize"",""objective"":""composite = Sharpe * (Return% / MaxDD%)""}","{""lookback"":186,""pivot_window"":5,""min_touches"":4,""tolerance_atr_mult"":0.4,""cluster_atr_mult"":0.55,""confirmation_bars"":2,""cooldown_bars"":11,""allowshort"":true}",2014-01-01,2024-12-31,2025-01-01,2026-04-20,2014-01-01,2026-04-20,50.0,10.0,5.0,5.0,50.0,199321.34,-40265.75,180.4,,36.65,603402.1599999999,-110960.0399999999,79.53,0.37,0.33,0.0123,0.01,2.0,1.0,1.0,0.0,100.0,151147.6,0.0,358.0,,22.96,151147.59999999992,151147.59999999992,15.11,0.46,0.64,0.0167,0.03,52.0,10.0,5.0,5.0,50.0,264042.4,-40265.75,227.9,,36.65,603402.1599999999,-110960.0399999999,111.89,0.38,0.39,0.0136,0.01
GMKN,breakout_pivot,1D,Bayesian_TPE,3,0.679,203,8,2,0.8500000000000001,0.45,1,20,True,85.41,0.379,0.395,47.68,44,52.27,True,"{""sampler"":""TPESampler"",""seed"":42,""n_trials"":50,""direction"":""maximize"",""objective"":""composite = Sharpe * (Return% / MaxDD%)""}","{""lookback"":203,""pivot_window"":8,""min_touches"":2,""tolerance_atr_mult"":0.8500000000000001,""cluster_atr_mult"":0.45,""confirmation_bars"":1,""cooldown_bars"":20,""allowshort"":true}",2014-01-01,2024-12-31,2025-01-01,2026-04-20,2014-01-01,2026-04-20,130.0,44.0,23.0,21.0,52.27,134875.94,-102083.43,48.39,,47.68,620320.4800000001,-289391.5000000002,95.84,0.38,0.4,0.0128,0.01,20.0,8.0,3.0,5.0,37.5,149151.33,-48925.08,43.25,,21.53,265789.98000000004,-83436.48000000001,20.28,0.56,0.77,0.0168,0.04,150.0,52.0,26.0,26.0,50.0,156757.12,-101510.39,48.13,,47.68,620320.4800000001,-289391.5000000002,143.64,0.42,0.46,0.0135,0.01
GMKN,breakout_pivot,1D,Bayesian_TPE,4,0.002,161,3,4,0.7,0.4,2,3,True,0.76,0.11,0.105,50.33,32,46.88,True,"{""sampler"":""TPESampler"",""seed"":42,""n_trials"":50,""direction"":""maximize"",""objective"":""composite = Sharpe * (Return% / MaxDD%)""}","{""lookback"":161,""pivot_window"":3,""min_touches"":4,""tolerance_atr_mult"":0.7,""cluster_atr_mult"":0.4,""confirmation_bars"":2,""cooldown_bars"":3,""allowshort"":true}",2014-01-01,2024-12-31,2025-01-01,2026-04-20,2014-01-01,2026-04-20,155.0,32.0,15.0,17.0,46.88,83604.29,-73319.64,66.12,,50.33,262653.0,-250364.5200000001,0.76,0.11,0.1,0.0133,0.0,21.0,4.0,2.0,2.0,50.0,104257.24,-91693.41,84.75,,35.89,171621.17999999996,-108290.53999999994,2.51,0.19,0.27,0.0177,0.01,176.0,35.0,16.0,19.0,45.71,88652.78,-71566.11,70.54,,51.2,262653.0,-250364.5200000001,5.87,0.13,0.13,0.014,0.0
GMKN,breakout_pivot,1D,Bayesian_TPE,5,-0.008,233,6,4,0.8,0.45,3,16,True,-7.96,0.05,0.042,49.7,14,50.0,True,"{""sampler"":""TPESampler"",""seed"":42,""n_trials"":50,""direction"":""maximize"",""objective"":""composite = Sharpe * (Return% / MaxDD%)""}","{""lookback"":233,""pivot_window"":6,""min_touches"":4,""tolerance_atr_mult"":0.8,""cluster_atr_mult"":0.45,""confirmation_bars"":3,""cooldown_bars"":16,""allowshort"":true}",2014-01-01,2024-12-31,2025-01-01,2026-04-20,2014-01-01,2026-04-20,45.0,14.0,7.0,7.0,50.0,122487.48,-133859.47,129.14,,49.7,249313.75999999992,-244748.4,-7.96,0.05,0.04,0.0114,0.0,4.0,2.0,0.0,2.0,0.0,0.0,-31500.76,65.0,,21.47,-13097.960000000166,-49903.55999999998,-6.3,-0.18,-0.13,0.0096,-0.01,49.0,15.0,7.0,8.0,46.67,130569.31,-118810.58,148.33,,54.68,249313.75999999992,-244748.4,-3.65,0.09,0.08,0.0128,0.0
GMKN,breakout_pivot,1D,Bayesian_TPE,6,0.08,220,12,2,0.45,0.3,1,9,False,20.86,0.186,0.167,48.24,37,48.65,False,"{""sampler"":""TPESampler"",""seed"":42,""n_trials"":50,""direction"":""maximize"",""objective"":""composite = Sharpe * (Return% / MaxDD%)""}","{""lookback"":220,""pivot_window"":12,""min_touches"":2,""tolerance_atr_mult"":0.45,""cluster_atr_mult"":0.3,""confirmation_bars"":1,""cooldown_bars"":9,""allowshort"":false}",2014-01-01,2024-12-31,2025-01-01,2026-04-20,2014-01-01,2026-04-20,129.0,37.0,18.0,19.0,48.65,79082.1,-63943.47,45.62,,48.24,376194.00000000006,-192911.92,20.86,0.19,0.17,0.012,0.0,20.0,8.0,4.0,4.0,50.0,104320.28,-51280.84,35.38,,17.28,184064.64000000004,-102363.2999999999,21.22,0.6,0.77,0.0156,0.05,149.0,44.0,21.0,23.0,47.73,100104.57,-64698.6,45.8,,48.24,376194.00000000006,-192911.92,61.41,0.29,0.28,0.0127,0.01
GMKN,breakout_pivot,1D,Bayesian_TPE,7,1.302,171,5,4,0.4,1.05,1,20,True,109.28,0.416,0.392,34.91,14,64.29,True,"{""sampler"":""TPESampler"",""seed"":42,""n_trials"":50,""direction"":""maximize"",""objective"":""composite = Sharpe * (Return% / MaxDD%)""}","{""lookback"":171,""pivot_window"":5,""min_touches"":4,""tolerance_atr_mult"":0.4,""cluster_atr_mult"":1.05,""confirmation_bars"":1,""cooldown_bars"":20,""allowshort"":true}",2014-01-01,2024-12-31,2025-01-01,2026-04-20,2014-01-01,2026-04-20,54.0,14.0,9.0,5.0,64.29,192606.39,-128127.88,146.64,,34.91,719692.5599999999,-202927.11999999985,109.28,0.42,0.39,0.0139,0.02,6.0,2.0,1.0,1.0,50.0,19862.64,-98852.0,202.5,,31.92,19862.639999999985,-98852.0,-7.9,-0.01,-0.02,0.0192,-0.0,60.0,16.0,10.0,6.0,62.5,177502.61,-141253.57,153.62,,40.15,719692.5599999999,-206882.0,92.75,0.34,0.35,0.0147,0.01
GMKN,breakout_pivot,1D,Bayesian_TPE,8,1.895,101,11,4,0.95,1.0,1,9,False,148.76,0.454,0.495,35.64,1,100.0,False,"{""sampler"":""TPESampler"",""seed"":42,""n_trials"":50,""direction"":""maximize"",""objective"":""composite = Sharpe * (Return% / MaxDD%)""}","{""lookback"":101,""pivot_window"":11,""min_touches"":4,""tolerance_atr_mult"":0.95,""cluster_atr_mult"":1.0,""confirmation_bars"":1,""cooldown_bars"":9,""allowshort"":false}",2014-01-01,2024-12-31,2025-01-01,2026-04-20,2014-01-01,2026-04-20,6.0,1.0,1.0,0.0,100.0,1487625.12,0.0,2787.0,,35.64,1487625.12,1487625.12,148.76,0.45,0.5,0.0161,0.02,0.0,0.0,0.0,0.0,0.0,0.0,0.0,0.0,,0.0,0.0,0.0,0.0,,,0.0,,6.0,1.0,1.0,0.0,100.0,1487625.12,0.0,2787.0,,35.64,1487625.12,1487625.12,148.76,0.42,0.43,0.015,0.02
GMKN,breakout_pivot,1D,Bayesian_TPE,9,0.08,225,6,2,0.55,0.6000000000000001,3,14,True,-40.53,-0.119,-0.11,60.54,50,46.0,True,"{""sampler"":""TPESampler"",""seed"":42,""n_trials"":50,""direction"":""maximize"",""objective"":""composite = Sharpe * (Return% / MaxDD%)""}","{""lookback"":225,""pivot_window"":6,""min_touches"":2,""tolerance_atr_mult"":0.55,""cluster_atr_mult"":0.6000000000000001,""confirmation_bars"":3,""cooldown_bars"":14,""allowshort"":true}",2014-01-01,2024-12-31,2025-01-01,2026-04-20,2014-01-01,2026-04-20,154.0,50.0,23.0,27.0,46.0,54580.96,-61507.55,40.42,,60.54,203945.27999999997,-218719.28,-40.53,-0.12,-0.11,0.0133,-0.0,28.0,10.0,2.0,8.0,20.0,144343.06,-28738.29,27.0,,25.0,195228.80000000005,-65256.96000000006,5.88,0.26,0.33,0.015,0.02,182.0,60.0,25.0,35.0,41.67,58747.59,-51567.21,38.68,,63.73,203945.27999999997,-218719.28,-33.62,-0.04,-0.04,0.0136,-0.0
GMKN,breakout_pivot,1D,Bayesian_TPE,10,0.016,104,10,3,1.15,1.0,2,9,False,5.35,0.137,0.13,45.12,8,37.5,False,"{""sampler"":""TPESampler"",""seed"":42,""n_trials"":50,""direction"":""maximize"",""objective"":""composite = Sharpe * (Return% / MaxDD%)""}","{""lookback"":104,""pivot_window"":10,""min_touches"":3,""tolerance_atr_mult"":1.1500000000000001,""cluster_atr_mult"":1.0,""confirmation_bars"":2,""cooldown_bars"":9,""allowshort"":false}",2014-01-01,2024-12-31,2025-01-01,2026-04-20,2014-01-01,2026-04-20,38.0,8.0,3.0,5.0,37.5,126839.65,-65402.87,254.12,,45.12,167185.00000000003,-89797.08000000003,5.35,0.14,0.13,0.0147,0.0,4.0,1.0,1.0,0.0,100.0,300256.24,0.0,325.0,,22.96,300256.2399999999,300256.2399999999,30.03,0.77,1.03,0.0157,0.05,42.0,9.0,4.0,5.0,44.44,174207.5,-65402.87,262.0,,45.12,316311.0399999999,-89797.08000000003,36.98,0.22,0.22,0.0148,0.01
GMKN,breakout_pivot,1D,Bayesian_TPE,11,0.026,290,9,5,0.3,1.15,1,20,False,-16.71,-0.066,-0.052,42.63,7,14.29,False,"{""sampler"":""TPESampler"",""seed"":42,""n_trials"":50,""direction"":""maximize"",""objective"":""composite = Sharpe * (Return% / MaxDD%)""}","{""lookback"":290,""pivot_window"":9,""min_touches"":5,""tolerance_atr_mult"":0.3,""cluster_atr_mult"":1.1500000000000001,""confirmation_bars"":1,""cooldown_bars"":20,""allowshort"":false}",2014-01-01,2024-12-31,2025-01-01,2026-04-20,2014-01-01,2026-04-20,25.0,7.0,1.0,6.0,14.29,331117.92,-83035.81,180.71,,42.63,331117.92,-132653.91999999995,-16.71,-0.07,-0.05,0.0081,-0.0,2.0,1.0,1.0,0.0,100.0,181681.28,0.0,275.0,,22.96,181681.2799999999,181681.2799999999,18.17,0.57,0.67,0.0139,0.03,27.0,8.0,2.0,6.0,25.0,241224.56,-83035.81,192.5,,43.16,331117.92,-132653.91999999995,-1.58,0.06,0.05,0.009,0.0
GMKN,breakout_pivot,1D,Bayesian_TPE,12,0.004,104,10,3,1.0,0.9000000000000001,1,16,False,1.33,0.12,0.111,44.37,10,40.0,False,"{""sampler"":""TPESampler"",""seed"":42,""n_trials"":50,""direction"":""maximize"",""objective"":""composite = Sharpe * (Return% / MaxDD%)""}","{""lookback"":104,""pivot_window"":10,""min_touches"":3,""tolerance_atr_mult"":1.0,""cluster_atr_mult"":0.9000000000000001,""confirmation_bars"":1,""cooldown_bars"":16,""allowshort"":false}",2014-01-01,2024-12-31,2025-01-01,2026-04-20,2014-01-01,2026-04-20,36.0,10.0,4.0,6.0,40.0,101226.51,-65259.95,198.6,,44.37,157573.50000000006,-116522.81999999992,1.33,0.12,0.11,0.0144,0.0,4.0,1.0,1.0,0.0,100.0,271631.36,0.0,326.0,,22.96,271631.3599999999,271631.3599999999,27.16,0.71,0.96,0.0158,0.05,40.0,11.0,5.0,6.0,45.45,136029.66,-65259.95,210.18,,44.37,275242.23999999993,-116522.81999999992,28.86,0.2,0.2,0.0146,0.01
GMKN,breakout_pivot,1D,Bayesian_TPE,13,0.064,153,5,5,0.6000000000000001,1.2,2,13,False,17.31,0.174,0.152,46.76,13,38.46,False,"{""sampler"":""TPESampler"",""seed"":42,""n_trials"":50,""direction"":""maximize"",""objective"":""composite = Sharpe * (Return% / MaxDD%)""}","{""lookback"":153,""pivot_window"":5,""min_touches"":5,""tolerance_atr_mult"":0.6000000000000001,""cluster_atr_mult"":1.2,""confirmation_bars"":2,""cooldown_bars"":13,""allowshort"":false}",2014-01-01,2024-12-31,2025-01-01,2026-04-20,2014-01-01,2026-04-20,50.0,13.0,5.0,8.0,38.46,161605.43,-79361.29,143.77,,46.76,487999.4699999999,-138402.81,17.31,0.17,0.15,0.0129,0.0,3.0,1.0,1.0,0.0,100.0,130713.44,0.0,206.0,,22.96,130713.43999999992,130713.43999999992,13.07,0.49,0.5,0.012,0.03,53.0,13.0,5.0,8.0,38.46,203899.18,-79361.29,180.31,,46.76,487999.4699999999,-138402.81,38.46,0.23,0.23,0.0141,0.01
GMKN,breakout_pivot,1D,Bayesian_TPE,14,0.193,136,7,3,0.95,0.8,1,7,True,-56.63,-0.252,-0.24,73.89,33,27.27,True,"{""sampler"":""TPESampler"",""seed"":42,""n_trials"":50,""direction"":""maximize"",""objective"":""composite = Sharpe * (Return% / MaxDD%)""}","{""lookback"":136,""pivot_window"":7,""min_touches"":3,""tolerance_atr_mult"":0.95,""cluster_atr_mult"":0.8,""confirmation_bars"":1,""cooldown_bars"":7,""allowshort"":true}",2014-01-01,2024-12-31,2025-01-01,2026-04-20,2014-01-01,2026-04-20,117.0,33.0,9.0,24.0,27.27,132795.27,-73394.57,62.03,,73.89,286842.36000000004,-248983.49999999997,-56.63,-0.25,-0.24,0.0134,-0.0,14.0,4.0,2.0,2.0,50.0,149217.9,-78741.73,86.0,,30.52,152752.96000000002,-84891.02000000006,14.1,0.42,0.6,0.0181,0.03,131.0,36.0,10.0,26.0,27.78,130350.7,-69439.7,66.72,,75.69,286842.36000000004,-248983.49999999997,-50.19,-0.13,-0.14,0.0141,-0.0
GMKN,breakout_pivot,1D,Bayesian_TPE,15,0.357,124,11,4,1.2,1.05,2,17,False,46.67,0.27,0.233,35.3,2,100.0,False,"{""sampler"":""TPESampler"",""seed"":42,""n_trials"":50,""direction"":""maximize"",""objective"":""composite = Sharpe * (Return% / MaxDD%)""}","{""lookback"":124,""pivot_window"":11,""min_touches"":4,""tolerance_atr_mult"":1.2,""cluster_atr_mult"":1.05,""confirmation_bars"":2,""cooldown_bars"":17,""allowshort"":false}",2014-01-01,2024-12-31,2025-01-01,2026-04-20,2014-01-01,2026-04-20,15.0,2.0,2.0,0.0,100.0,233341.24,0.0,845.5,,35.3,343176.8400000001,123505.63999999984,46.67,0.27,0.23,0.0138,0.01,1.0,1.0,0.0,1.0,0.0,0.0,-4236.32,130.0,,22.96,-4236.320000000092,-4236.320000000092,-0.42,0.04,0.03,0.0081,0.0,16.0,3.0,2.0,1.0,66.67,233341.24,-6213.54,607.0,,35.3,343176.8400000001,-6213.540000000134,46.05,0.25,0.21,0.0132,0.01
GMKN,breakout_pivot,1D,Bayesian_TPE,16,0.272,260,4,3,0.7,0.75,1,9,True,36.66,0.256,0.229,34.55,45,44.44,True,"{""sampler"":""TPESampler"",""seed"":42,""n_trials"":50,""direction"":""maximize"",""objective"":""composite = Sharpe * (Return% / MaxDD%)""}","{""lookback"":260,""pivot_window"":4,""min_touches"":3,""tolerance_atr_mult"":0.7,""cluster_atr_mult"":0.75,""confirmation_bars"":1,""cooldown_bars"":9,""allowshort"":true}",2014-01-01,2024-12-31,2025-01-01,2026-04-20,2014-01-01,2026-04-20,176.0,45.0,20.0,25.0,44.44,94861.25,-61226.85,36.91,,34.55,292426.22000000003,-193690.32,36.66,0.26,0.23,0.0104,0.01,22.0,5.0,4.0,1.0,80.0,142831.05,-97495.68,60.6,,17.59,239301.7799999999,-97495.68,47.38,1.04,1.33,0.0164,0.1,198.0,49.0,23.0,26.0,46.94,117047.33,-64030.22,40.31,,34.55,414558.23999999993,-193690.32,102.73,0.4,0.39,0.0114,0.01
GMKN,breakout_pivot,1D,Bayesian_TPE,17,0.003,134,7,5,0.3,0.95,3,12,False,1.67,0.121,0.125,66.23,1,100.0,False,"{""sampler"":""TPESampler"",""seed"":42,""n_trials"":50,""direction"":""maximize"",""objective"":""composite = Sharpe * (Return% / MaxDD%)""}","{""lookback"":134,""pivot_window"":7,""min_touches"":5,""tolerance_atr_mult"":0.3,""cluster_atr_mult"":0.95,""confirmation_bars"":3,""cooldown_bars"":12,""allowshort"":false}",2014-01-01,2024-12-31,2025-01-01,2026-04-20,2014-01-01,2026-04-20,11.0,1.0,1.0,0.0,100.0,16723.8,0.0,2265.0,,66.23,16723.80000000005,16723.80000000005,1.67,0.12,0.13,0.0144,0.0,0.0,0.0,0.0,0.0,0.0,0.0,0.0,0.0,,0.0,0.0,0.0,0.0,,,0.0,,11.0,1.0,1.0,0.0,100.0,199981.44,0.0,2740.0,,66.23,199981.44,199981.44,20.0,0.18,0.2,0.0153,0.0
GMKN,breakout_pivot,1D,Bayesian_TPE,18,0.009,153,8,4,0.6000000000000001,0.8500000000000001,1,7,True,3.18,0.107,0.075,37.35,8,50.0,True,"{""sampler"":""TPESampler"",""seed"":42,""n_trials"":50,""direction"":""maximize"",""objective"":""composite = Sharpe * (Return% / MaxDD%)""}","{""lookback"":153,""pivot_window"":8,""min_touches"":4,""tolerance_atr_mult"":0.6000000000000001,""cluster_atr_mult"":0.8500000000000001,""confirmation_bars"":1,""cooldown_bars"":7,""allowshort"":true}",2014-01-01,2024-12-31,2025-01-01,2026-04-20,2014-01-01,2026-04-20,38.0,8.0,4.0,4.0,50.0,103899.42,-95954.98,158.12,,37.35,240076.48,-250984.3999999999,3.18,0.11,0.07,0.0115,0.0,1.0,1.0,1.0,0.0,100.0,17160.3,0.0,135.0,,22.96,17160.299999999872,17160.299999999872,1.72,0.14,0.11,0.0083,0.01,39.0,9.0,5.0,4.0,55.56,86660.61,-95954.98,155.56,,37.35,240076.48,-250984.3999999999,4.95,0.11,0.08,0.0111,0.0
GMKN,breakout_pivot,1D,Bayesian_TPE,19,0.208,195,9,3,0.4,1.1,2,18,False,40.16,0.249,0.249,48.03,17,47.06,False,"{""sampler"":""TPESampler"",""seed"":42,""n_trials"":50,""direction"":""maximize"",""objective"":""composite = Sharpe * (Return% / MaxDD%)""}","{""lookback"":195,""pivot_window"":9,""min_touches"":3,""tolerance_atr_mult"":0.4,""cluster_atr_mult"":1.1,""confirmation_bars"":2,""cooldown_bars"":18,""allowshort"":false}",2014-01-01,2024-12-31,2025-01-01,2026-04-20,2014-01-01,2026-04-20,58.0,17.0,8.0,9.0,47.06,192819.52,-126776.56,135.0,,48.03,618543.6599999999,-475548.5,40.16,0.25,0.25,0.015,0.01,5.0,1.0,1.0,0.0,100.0,162145.5,0.0,274.0,,22.96,162145.49999999997,162145.49999999997,16.21,0.53,0.62,0.0139,0.03,63.0,18.0,8.0,10.0,44.44,209924.0,-119073.85,150.61,,50.52,618543.6599999999,-475548.5,48.87,0.25,0.27,0.0155,0.01
GMKN,breakout_pivot,1D,Bayesian_TPE,20,0.029,116,5,5,1.1,0.7,1,14,False,-26.11,-0.062,-0.049,55.45,11,36.36,False,"{""sampler"":""TPESampler"",""seed"":42,""n_trials"":50,""direction"":""maximize"",""objective"":""composite = Sharpe * (Return% / MaxDD%)""}","{""lookback"":116,""pivot_window"":5,""min_touches"":5,""tolerance_atr_mult"":1.1,""cluster_atr_mult"":0.7,""confirmation_bars"":1,""cooldown_bars"":14,""allowshort"":false}",2014-01-01,2024-12-31,2025-01-01,2026-04-20,2014-01-01,2026-04-20,44.0,11.0,4.0,7.0,36.36,107073.27,-98488.07,135.82,,55.45,183124.80000000005,-272724.48,-26.11,-0.06,-0.05,0.0114,-0.0,2.0,1.0,1.0,0.0,100.0,59370.44,0.0,192.0,,22.96,59370.43999999989,59370.43999999989,5.94,0.29,0.27,0.0112,0.01,46.0,11.0,4.0,7.0,36.36,140369.65,-98488.07,179.0,,55.45,194596.73999999993,-272724.48,-12.79,0.05,0.05,0.0129,0.0
GMKN,breakout_pivot,1D,Bayesian_TPE,21,1.134,187,5,4,0.45,0.6000000000000001,2,10,True,94.84,0.41,0.362,34.28,10,50.0,True,"{""sampler"":""TPESampler"",""seed"":42,""n_trials"":50,""direction"":""maximize"",""objective"":""composite = Sharpe * (Return% / MaxDD%)""}","{""lookback"":187,""pivot_window"":5,""min_touches"":4,""tolerance_atr_mult"":0.45,""cluster_atr_mult"":0.6000000000000001,""confirmation_bars"":2,""cooldown_bars"":10,""allowshort"":true}",2014-01-01,2024-12-31,2025-01-01,2026-04-20,2014-01-01,2026-04-20,55.0,10.0,5.0,5.0,50.0,219091.88,-29416.53,181.9,,34.28,623368.8799999999,-53724.54000000007,94.84,0.41,0.36,0.0123,0.01,3.0,1.0,1.0,0.0,100.0,151147.6,0.0,358.0,,22.96,151147.59999999992,151147.59999999992,15.11,0.46,0.64,0.0167,0.03,58.0,10.0,5.0,5.0,50.0,289334.4,-29416.53,229.4,,34.28,623368.8799999999,-53724.54000000007,129.96,0.41,0.42,0.0136,0.02
GMKN,breakout_pivot,1D,Bayesian_TPE,22,0.14,209,4,4,0.5,0.7,3,11,True,34.77,0.235,0.215,58.16,14,50.0,True,"{""sampler"":""TPESampler"",""seed"":42,""n_trials"":50,""direction"":""maximize"",""objective"":""composite = Sharpe * (Return% / MaxDD%)""}","{""lookback"":209,""pivot_window"":4,""min_touches"":4,""tolerance_atr_mult"":0.5,""cluster_atr_mult"":0.7,""confirmation_bars"":3,""cooldown_bars"":11,""allowshort"":true}",2014-01-01,2024-12-31,2025-01-01,2026-04-20,2014-01-01,2026-04-20,66.0,14.0,7.0,7.0,50.0,186920.64,-137251.56,149.21,,58.16,541671.0,-365438.0,34.77,0.24,0.21,0.0136,0.01,10.0,2.0,1.0,1.0,50.0,262246.92,-141859.88,152.5,,17.1,262246.92,-141859.88000000006,12.04,0.4,0.5,0.0157,0.04,76.0,15.0,7.0,8.0,46.67,231312.55,-133659.17,166.53,,58.16,541671.0,-365438.0,54.99,0.27,0.27,0.0145,0.01
GMKN,breakout_pivot,1D,Bayesian_TPE,23,-0.012,176,6,4,0.9000000000000001,1.0,2,10,True,-12.18,0.065,0.066,64.11,15,46.67,True,"{""sampler"":""TPESampler"",""seed"":42,""n_trials"":50,""direction"":""maximize"",""objective"":""composite = Sharpe * (Return% / MaxDD%)""}","{""lookback"":176,""pivot_window"":6,""min_touches"":4,""tolerance_atr_mult"":0.9000000000000001,""cluster_atr_mult"":1.0,""confirmation_bars"":2,""cooldown_bars"":10,""allowshort"":true}",2014-01-01,2024-12-31,2025-01-01,2026-04-20,2014-01-01,2026-04-20,74.0,15.0,7.0,8.0,46.67,168238.29,-162431.55,158.07,,64.11,324945.1,-452333.4000000001,-12.18,0.06,0.07,0.0146,0.0,9.0,2.0,1.0,1.0,50.0,8404.5,-142529.5,193.0,,31.91,8404.499999999889,-142529.4999999999,-13.41,-0.14,-0.22,0.0189,-0.01,83.0,17.0,8.0,9.0,47.06,148131.18,-158291.8,162.18,,72.99,324945.1,-452333.4000000001,-23.96,0.03,0.03,0.0152,0.0
GMKN,breakout_pivot,1D,Bayesian_TPE,24,0.029,253,4,4,0.7,0.6000000000000001,1,6,True,10.24,0.138,0.12,49.2,27,40.74,True,"{""sampler"":""TPESampler"",""seed"":42,""n_trials"":50,""direction"":""maximize"",""objective"":""composite = Sharpe * (Return% / MaxDD%)""}","{""lookback"":253,""pivot_window"":4,""min_touches"":4,""tolerance_atr_mult"":0.7,""cluster_atr_mult"":0.6000000000000001,""confirmation_bars"":1,""cooldown_bars"":6,""allowshort"":true}",2014-01-01,2024-12-31,2025-01-01,2026-04-20,2014-01-01,2026-04-20,131.0,27.0,11.0,16.0,40.74,122654.31,-77926.49,60.56,,49.2,337554.0,-196252.00000000015,10.24,0.14,0.12,0.0109,0.0,18.0,4.0,3.0,1.0,75.0,90219.3,-139508.22,82.25,,32.54,229647.0,-139508.22,13.11,0.41,0.56,0.0174,0.02,149.0,30.0,13.0,17.0,43.33,121380.68,-77811.42,65.83,,53.17,337554.0,-196252.00000000015,25.52,0.19,0.18,0.0119,0.0
GMKN,breakout_pivot,1D,Bayesian_TPE,25,0.382,167,7,3,0.35,1.1,2,8,True,53.56,0.286,0.279,40.08,18,44.44,True,"{""sampler"":""TPESampler"",""seed"":42,""n_trials"":50,""direction"":""maximize"",""objective"":""composite = Sharpe * (Return% / MaxDD%)""}","{""lookback"":167,""pivot_window"":7,""min_touches"":3,""tolerance_atr_mult"":0.35,""cluster_atr_mult"":1.1,""confirmation_bars"":2,""cooldown_bars"":8,""allowshort"":true}",2014-01-01,2024-12-31,2025-01-01,2026-04-20,2014-01-01,2026-04-20,79.0,18.0,8.0,10.0,44.44,212291.53,-116273.03,121.17,,40.08,839205.9199999998,-484886.0,53.56,0.29,0.28,0.0144,0.01,8.0,2.0,1.0,1.0,50.0,142650.0,-120176.28,200.5,,30.0,142649.99999999997,-120176.28,2.25,0.19,0.29,0.0183,0.01,87.0,20.0,9.0,11.0,45.0,213042.84,-122479.77,129.1,,44.41,839205.9199999998,-484886.0,57.01,0.27,0.28,0.015,0.01
GMKN,breakout_pivot,1D,Bayesian_TPE,26,0.235,137,5,4,0.6000000000000001,0.9000000000000001,1,13,True,41.9,0.262,0.234,46.63,17,47.06,True,"{""sampler"":""TPESampler"",""seed"":42,""n_trials"":50,""direction"":""maximize"",""objective"":""composite = Sharpe * (Return% / MaxDD%)""}","{""lookback"":137,""pivot_window"":5,""min_touches"":4,""tolerance_atr_mult"":0.6000000000000001,""cluster_atr_mult"":0.9000000000000001,""confirmation_bars"":1,""cooldown_bars"":13,""allowshort"":true}",2014-01-01,2024-12-31,2025-01-01,2026-04-20,2014-01-01,2026-04-20,71.0,17.0,8.0,9.0,47.06,192830.01,-124850.95,111.59,,46.63,423510.0,-409882.92,41.9,0.26,0.23,0.0124,0.01,7.0,2.0,2.0,0.0,100.0,103228.3,0.0,137.0,,16.27,166253.35999999996,40203.23999999998,20.65,0.58,0.71,0.0157,0.06,78.0,18.0,9.0,9.0,50.0,201353.51,-124850.95,126.83,,51.03,423510.0,-409882.92,68.85,0.3,0.3,0.0135,0.01
GMKN,breakout_pivot,1D,Bayesian_TPE,27,0.138,194,11,5,0.5,1.2,3,5,True,-51.55,-0.196,-0.184,73.33,3,33.33,True,"{""sampler"":""TPESampler"",""seed"":42,""n_trials"":50,""direction"":""maximize"",""objective"":""composite = Sharpe * (Return% / MaxDD%)""}","{""lookback"":194,""pivot_window"":11,""min_touches"":5,""tolerance_atr_mult"":0.5,""cluster_atr_mult"":1.2,""confirmation_bars"":3,""cooldown_bars"":5,""allowshort"":true}",2014-01-01,2024-12-31,2025-01-01,2026-04-20,2014-01-01,2026-04-20,11.0,3.0,1.0,2.0,33.33,106996.47,-311265.77,626.67,,73.33,106996.47000000002,-464611.32,-51.55,-0.2,-0.18,0.0137,-0.0,0.0,0.0,0.0,0.0,0.0,0.0,0.0,0.0,,0.0,0.0,0.0,0.0,,,0.0,,11.0,3.0,1.0,2.0,33.33,106996.47,-267606.24,785.0,,73.33,106996.47000000002,-377292.2400000001,-42.82,-0.07,-0.08,0.0147,-0.0
GMKN,breakout_pivot,1D,Bayesian_TPE,28,0.046,272,6,4,0.4,0.65,2,10,False,11.92,0.147,0.134,38.19,13,61.54,False,"{""sampler"":""TPESampler"",""seed"":42,""n_trials"":50,""direction"":""maximize"",""objective"":""composite = Sharpe * (Return% / MaxDD%)""}","{""lookback"":272,""pivot_window"":6,""min_touches"":4,""tolerance_atr_mult"":0.4,""cluster_atr_mult"":0.65,""confirmation_bars"":2,""cooldown_bars"":10,""allowshort"":false}",2014-01-01,2024-12-31,2025-01-01,2026-04-20,2014-01-01,2026-04-20,55.0,13.0,8.0,5.0,61.54,65896.78,-81601.86,141.08,,38.19,180962.03999999995,-149987.25,11.92,0.15,0.13,0.011,0.0,7.0,1.0,1.0,0.0,100.0,151147.6,0.0,358.0,,22.96,151147.59999999992,151147.59999999992,15.11,0.46,0.64,0.0167,0.03,62.0,13.0,8.0,5.0,61.54,91112.4,-81601.86,177.62,,38.19,244937.91999999987,-149987.25,32.09,0.21,0.22,0.0126,0.01
GMKN,breakout_pivot,1D,Bayesian_TPE,29,0.2,177,12,4,0.8,0.8,1,15,True,44.39,0.26,0.273,57.58,3,66.67,True,"{""sampler"":""TPESampler"",""seed"":42,""n_trials"":50,""direction"":""maximize"",""objective"":""composite = Sharpe * (Return% / MaxDD%)""}","{""lookback"":177,""pivot_window"":12,""min_touches"":4,""tolerance_atr_mult"":0.8,""cluster_atr_mult"":0.8,""confirmation_bars"":1,""cooldown_bars"":15,""allowshort"":true}",2014-01-01,2024-12-31,2025-01-01,2026-04-20,2014-01-01,2026-04-20,18.0,3.0,2.0,1.0,66.67,262552.17,-81239.55,828.0,,57.58,414690.58,-81239.54999999993,44.39,0.26,0.27,0.0155,0.01,1.0,1.0,1.0,0.0,100.0,17160.3,0.0,135.0,,22.96,17160.299999999872,17160.299999999872,1.72,0.14,0.11,0.0083,0.01,19.0,4.0,3.0,1.0,75.0,183294.08,-81239.55,654.75,,57.58,414690.58,-81239.54999999993,46.86,0.25,0.25,0.0148,0.01
GMKN,breakout_pivot,1D,Bayesian_TPE,30,0.253,153,9,3,0.9000000000000001,1.0,1,18,True,-59.69,-0.316,-0.28,74.59,23,26.09,True,"{""sampler"":""TPESampler"",""seed"":42,""n_trials"":50,""direction"":""maximize"",""objective"":""composite = Sharpe * (Return% / MaxDD%)""}","{""lookback"":153,""pivot_window"":9,""min_touches"":3,""tolerance_atr_mult"":0.9000000000000001,""cluster_atr_mult"":1.0,""confirmation_bars"":1,""cooldown_bars"":18,""allowshort"":true}",2014-01-01,2024-12-31,2025-01-01,2026-04-20,2014-01-01,2026-04-20,71.0,23.0,6.0,17.0,26.09,157948.15,-90855.8,74.91,,74.59,301163.8999999999,-204104.4,-59.69,-0.32,-0.28,0.0126,-0.01,8.0,2.0,2.0,0.0,100.0,150821.28,0.0,131.0,,15.44,196236.1600000001,105406.39999999998,30.16,0.8,0.95,0.0148,0.08,79.0,25.0,8.0,17.0,32.0,133661.47,-90855.8,79.4,,75.94,301163.8999999999,-204104.4,-47.53,-0.15,-0.14,0.0129,-0.0
GMKN,breakout_pivot,1D,Bayesian_TPE,31,0.809,186,5,4,0.4,0.55,2,11,True,79.53,0.373,0.327,36.65,10,50.0,True,"{""sampler"":""TPESampler"",""seed"":42,""n_trials"":50,""direction"":""maximize"",""objective"":""composite = Sharpe * (Return% / MaxDD%)""}","{""lookback"":186,""pivot_window"":5,""min_touches"":4,""tolerance_atr_mult"":0.4,""cluster_atr_mult"":0.55,""confirmation_bars"":2,""cooldown_bars"":11,""allowshort"":true}",2014-01-01,2024-12-31,2025-01-01,2026-04-20,2014-01-01,2026-04-20,50.0,10.0,5.0,5.0,50.0,199321.34,-40265.75,180.4,,36.65,603402.1599999999,-110960.0399999999,79.53,0.37,0.33,0.0123,0.01,2.0,1.0,1.0,0.0,100.0,151147.6,0.0,358.0,,22.96,151147.59999999992,151147.59999999992,15.11,0.46,0.64,0.0167,0.03,52.0,10.0,5.0,5.0,50.0,264042.4,-40265.75,227.9,,36.65,603402.1599999999,-110960.0399999999,111.89,0.38,0.39,0.0136,0.01
GMKN,breakout_pivot,1D,Bayesian_TPE,32,0.664,181,3,4,0.5,0.5,2,12,True,79.53,0.36,0.337,43.15,25,52.0,True,"{""sampler"":""TPESampler"",""seed"":42,""n_trials"":50,""direction"":""maximize"",""objective"":""composite = Sharpe * (Return% / MaxDD%)""}","{""lookback"":181,""pivot_window"":3,""min_touches"":4,""tolerance_atr_mult"":0.5,""cluster_atr_mult"":0.5,""confirmation_bars"":2,""cooldown_bars"":12,""allowshort"":true}",2014-01-01,2024-12-31,2025-01-01,2026-04-20,2014-01-01,2026-04-20,100.0,25.0,13.0,12.0,52.0,142198.54,-87771.35,80.56,,43.15,728982.32,-196037.84,79.53,0.36,0.34,0.0133,0.01,14.0,3.0,1.0,2.0,33.33,227284.48,-147130.8,107.67,,35.32,227284.4800000001,-236150.3999999999,-6.7,-0.02,-0.03,0.0171,-0.0,114.0,27.0,13.0,14.0,48.15,172775.28,-88701.67,88.37,,43.15,728982.32,-196037.84,100.43,0.36,0.36,0.014,0.01
GMKN,breakout_pivot,1D,Bayesian_TPE,33,0.782,213,4,4,0.35,0.3,2,10,True,73.7,0.364,0.298,34.31,10,60.0,True,"{""sampler"":""TPESampler"",""seed"":42,""n_trials"":50,""direction"":""maximize"",""objective"":""composite = Sharpe * (Return% / MaxDD%)""}","{""lookback"":213,""pivot_window"":4,""min_touches"":4,""tolerance_atr_mult"":0.35,""cluster_atr_mult"":0.3,""confirmation_bars"":2,""cooldown_bars"":10,""allowshort"":true}",2014-01-01,2024-12-31,2025-01-01,2026-04-20,2014-01-01,2026-04-20,43.0,10.0,6.0,3.0,60.0,157634.13,-69611.13,162.5,,34.31,262364.07999999996,-101306.79999999992,73.7,0.36,0.3,0.0118,0.01,5.0,1.0,1.0,0.0,100.0,320920.56,0.0,213.0,,11.79,320920.56000000006,320920.56000000006,32.09,0.93,0.94,0.013,0.1,48.0,10.0,6.0,3.0,60.0,256834.81,-69611.13,204.0,,34.31,662273.5200000001,-101306.79999999992,133.22,0.43,0.4,0.0131,0.02
GMKN,breakout_pivot,1D,Bayesian_TPE,34,0.0,199,5,5,0.45,0.55,2,8,True,0.23,0.107,0.095,59.38,6,50.0,True,"{""sampler"":""TPESampler"",""seed"":42,""n_trials"":50,""direction"":""maximize"",""objective"":""composite = Sharpe * (Return% / MaxDD%)""}","{""lookback"":199,""pivot_window"":5,""min_touches"":5,""tolerance_atr_mult"":0.45,""cluster_atr_mult"":0.55,""confirmation_bars"":2,""cooldown_bars"":8,""allowshort"":true}",2014-01-01,2024-12-31,2025-01-01,2026-04-20,2014-01-01,2026-04-20,27.0,6.0,3.0,3.0,50.0,198354.17,-197591.58,321.33,,59.38,242257.53999999992,-477057.5600000002,0.23,0.11,0.09,0.0132,0.0,1.0,1.0,1.0,0.0,100.0,162145.5,0.0,274.0,,22.96,162145.49999999997,162145.49999999997,16.21,0.53,0.62,0.0139,0.03,28.0,7.0,4.0,3.0,57.14,189392.34,-197591.58,314.57,,59.38,242257.53999999992,-477057.5600000002,16.48,0.16,0.15,0.0133,0.0
GMKN,breakout_pivot,1D,Bayesian_TPE,35,0.624,168,3,4,0.65,0.4,1,3,True,72.5,0.344,0.332,39.96,34,47.06,True,"{""sampler"":""TPESampler"",""seed"":42,""n_trials"":50,""direction"":""maximize"",""objective"":""composite = Sharpe * (Return% / MaxDD%)""}","{""lookback"":168,""pivot_window"":3,""min_touches"":4,""tolerance_atr_mult"":0.65,""cluster_atr_mult"":0.4,""confirmation_bars"":1,""cooldown_bars"":3,""allowshort"":true}",2014-01-01,2024-12-31,2025-01-01,2026-04-20,2014-01-01,2026-04-20,184.0,34.0,16.0,18.0,47.06,117982.21,-64593.69,62.44,,39.96,319187.8999999999,-211198.48,72.5,0.34,0.33,0.0132,0.01,21.0,4.0,2.0,2.0,50.0,110294.91,-60867.9,81.0,,31.15,196684.99999999988,-72592.4400000001,9.89,0.35,0.47,0.0173,0.02,205.0,37.0,17.0,20.0,45.95,126984.41,-62535.55,66.43,,39.96,341524.3999999998,-211198.48,90.8,0.34,0.35,0.0138,0.01
GMKN,breakout_pivot,1D,Bayesian_TPE,36,0.002,235,8,4,0.35,0.7,3,11,True,0.98,0.086,0.064,45.58,8,50.0,True,"{""sampler"":""TPESampler"",""seed"":42,""n_trials"":50,""direction"":""maximize"",""objective"":""composite = Sharpe * (Return% / MaxDD%)""}","{""lookback"":235,""pivot_window"":8,""min_touches"":4,""tolerance_atr_mult"":0.35,""cluster_atr_mult"":0.7,""confirmation_bars"":3,""cooldown_bars"":11,""allowshort"":true}",2014-01-01,2024-12-31,2025-01-01,2026-04-20,2014-01-01,2026-04-20,29.0,8.0,4.0,4.0,50.0,107965.9,-105527.43,178.0,,45.58,356779.02,-238314.96,0.98,0.09,0.06,0.01,0.0,4.0,1.0,1.0,0.0,100.0,140933.96,0.0,357.0,,22.96,140933.9599999999,140933.9599999999,14.09,0.44,0.61,0.0167,0.03,33.0,8.0,4.0,4.0,50.0,153468.01,-105527.43,237.38,,45.64,356779.02,-238314.96,19.18,0.17,0.15,0.0119,0.0
GMKN,breakout_pivot,1D,Bayesian_TPE,37,0.057,191,6,4,0.45,0.5,1,5,False,18.27,0.181,0.17,57.58,8,62.5,False,"{""sampler"":""TPESampler"",""seed"":42,""n_trials"":50,""direction"":""maximize"",""objective"":""composite = Sharpe * (Return% / MaxDD%)""}","{""lookback"":191,""pivot_window"":6,""min_touches"":4,""tolerance_atr_mult"":0.45,""cluster_atr_mult"":0.5,""confirmation_bars"":1,""cooldown_bars"":5,""allowshort"":false}",2014-01-01,2024-12-31,2025-01-01,2026-04-20,2014-01-01,2026-04-20,46.0,8.0,5.0,3.0,62.5,146632.26,-183499.28,259.38,,57.58,317148.0,-477772.56,18.27,0.18,0.17,0.014,0.0,4.0,2.0,1.0,1.0,50.0,6796.8,-10812.88,158.0,,22.96,6796.799999999976,-10812.880000000132,-0.4,0.12,0.15,0.0159,0.01,50.0,9.0,5.0,4.0,55.56,152775.66,-140882.31,278.56,,57.58,317148.0,-477772.56,20.03,0.18,0.19,0.0149,0.0
GMKN,breakout_pivot,1D,Bayesian_TPE,38,0.482,206,4,5,1.05,0.6000000000000001,2,13,True,58.65,0.313,0.276,38.09,19,42.11,True,"{""sampler"":""TPESampler"",""seed"":42,""n_trials"":50,""direction"":""maximize"",""objective"":""composite = Sharpe * (Return% / MaxDD%)""}","{""lookback"":206,""pivot_window"":4,""min_touches"":5,""tolerance_atr_mult"":1.05,""cluster_atr_mult"":0.6000000000000001,""confirmation_bars"":2,""cooldown_bars"":13,""allowshort"":true}",2014-01-01,2024-12-31,2025-01-01,2026-04-20,2014-01-01,2026-04-20,74.0,19.0,8.0,11.0,42.11,183902.44,-80429.37,89.0,,38.09,330417.35000000003,-190019.36,58.65,0.31,0.28,0.0124,0.01,8.0,1.0,1.0,0.0,100.0,328839.84,0.0,302.0,,16.27,328839.8400000001,328839.8400000001,32.88,0.8,1.03,0.0161,0.08,82.0,19.0,8.0,11.0,42.11,251856.35,-80429.37,110.84,,38.09,675487.3,-190019.36,113.01,0.39,0.38,0.0136,0.01
GMKN,breakout_pivot,1D,Bayesian_TPE,39,0.221,220,6,4,0.55,0.45,2,8,True,47.47,0.27,0.274,57.89,10,70.0,True,"{""sampler"":""TPESampler"",""seed"":42,""n_trials"":50,""direction"":""maximize"",""objective"":""composite = Sharpe * (Return% / MaxDD%)""}","{""lookback"":220,""pivot_window"":6,""min_touches"":4,""tolerance_atr_mult"":0.55,""cluster_atr_mult"":0.45,""confirmation_bars"":2,""cooldown_bars"":8,""allowshort"":true}",2014-01-01,2024-12-31,2025-01-01,2026-04-20,2014-01-01,2026-04-20,47.0,10.0,7.0,3.0,70.0,155604.34,-204852.3,239.8,,57.89,304261.99999999994,-467025.6000000001,47.47,0.27,0.27,0.0147,0.01,2.0,1.0,1.0,0.0,100.0,36494.4,0.0,184.0,,22.96,36494.39999999987,36494.39999999987,3.65,0.22,0.18,0.0103,0.01,49.0,10.0,7.0,3.0,70.0,193577.04,-204852.3,287.3,,57.89,340368.22,-467025.6000000001,74.05,0.3,0.34,0.0156,0.01
GMKN,breakout_pivot,1D,Bayesian_TPE,40,0.132,147,7,3,0.8,1.1,1,20,False,-50.66,-0.184,-0.187,70.58,29,37.93,False,"{""sampler"":""TPESampler"",""seed"":42,""n_trials"":50,""direction"":""maximize"",""objective"":""composite = Sharpe * (Return% / MaxDD%)""}","{""lookback"":147,""pivot_window"":7,""min_touches"":3,""tolerance_atr_mult"":0.8,""cluster_atr_mult"":1.1,""confirmation_bars"":1,""cooldown_bars"":20,""allowshort"":false}",2014-01-01,2024-12-31,2025-01-01,2026-04-20,2014-01-01,2026-04-20,84.0,29.0,11.0,18.0,37.93,105233.94,-92452.07,76.83,,70.58,298081.16,-267119.1,-50.66,-0.18,-0.19,0.0138,-0.0,13.0,4.0,2.0,2.0,50.0,109008.66,-125966.76,82.0,,30.45,129349.26000000002,-180062.72000000006,-3.39,0.07,0.09,0.0178,0.0,97.0,32.0,12.0,20.0,37.5,104591.28,-85618.58,81.31,,72.58,298081.16,-267119.1,-45.73,-0.09,-0.1,0.0146,-0.0
GMKN,breakout_pivot,1D,Bayesian_TPE,41,1.218,184,5,4,0.4,0.55,2,11,True,93.95,0.409,0.36,31.56,9,55.56,True,"{""sampler"":""TPESampler"",""seed"":42,""n_trials"":50,""direction"":""maximize"",""objective"":""composite = Sharpe * (Return% / MaxDD%)""}","{""lookback"":184,""pivot_window"":5,""min_touches"":4,""tolerance_atr_mult"":0.4,""cluster_atr_mult"":0.55,""confirmation_bars"":2,""cooldown_bars"":11,""allowshort"":true}",2014-01-01,2024-12-31,2025-01-01,2026-04-20,2014-01-01,2026-04-20,49.0,9.0,5.0,4.0,55.56,205978.71,-22592.18,202.0,,31.56,603402.1599999999,-42930.04000000001,93.95,0.41,0.36,0.0123,0.02,2.0,1.0,1.0,0.0,100.0,151147.6,0.0,358.0,,22.96,151147.59999999992,151147.59999999992,15.11,0.46,0.64,0.0167,0.03,51.0,9.0,5.0,4.0,55.56,275900.6,-22592.18,254.78,,31.92,603402.1599999999,-42930.04000000001,128.91,0.41,0.42,0.0136,0.02
GMKN,breakout_pivot,1D,Bayesian_TPE,42,0.534,170,5,4,0.3,0.55,2,10,True,54.06,0.312,0.302,31.56,7,57.14,True,"{""sampler"":""TPESampler"",""seed"":42,""n_trials"":50,""direction"":""maximize"",""objective"":""composite = Sharpe * (Return% / MaxDD%)""}","{""lookback"":170,""pivot_window"":5,""min_touches"":4,""tolerance_atr_mult"":0.3,""cluster_atr_mult"":0.55,""confirmation_bars"":2,""cooldown_bars"":10,""allowshort"":true}",2014-01-01,2024-12-31,2025-01-01,2026-04-20,2014-01-01,2026-04-20,33.0,7.0,4.0,3.0,57.14,177302.43,-56198.23,287.86,,31.56,510070.87999999995,-122900.0,54.06,0.31,0.3,0.0112,0.01,2.0,1.0,1.0,0.0,100.0,151147.6,0.0,358.0,,22.96,151147.59999999992,151147.59999999992,15.11,0.46,0.64,0.0167,0.03,35.0,8.0,5.0,3.0,62.5,188414.16,-56198.23,296.62,,31.87,510070.87999999995,-122900.0,77.35,0.33,0.35,0.012,0.01
GMKN,breakout_pivot,1D,Bayesian_TPE,43,0.056,184,6,4,0.4,0.65,2,12,True,18.0,0.18,0.174,57.58,7,42.86,True,"{""sampler"":""TPESampler"",""seed"":42,""n_trials"":50,""direction"":""maximize"",""objective"":""composite = Sharpe * (Return% / MaxDD%)""}","{""lookback"":184,""pivot_window"":6,""min_touches"":4,""tolerance_atr_mult"":0.4,""cluster_atr_mult"":0.65,""confirmation_bars"":2,""cooldown_bars"":12,""allowshort"":true}",2014-01-01,2024-12-31,2025-01-01,2026-04-20,2014-01-01,2026-04-20,37.0,7.0,3.0,4.0,42.86,193273.42,-99950.89,313.86,,57.58,522353.0399999999,-300177.8,18.0,0.18,0.17,0.0142,0.0,2.0,1.0,1.0,0.0,100.0,151147.6,0.0,358.0,,22.96,151147.59999999992,151147.59999999992,15.11,0.46,0.64,0.0167,0.03,39.0,7.0,3.0,4.0,42.86,264172.46,-99950.89,381.71,,57.58,522353.0399999999,-300177.8,39.27,0.23,0.25,0.0151,0.01
GMKN,breakout_pivot,1D,Bayesian_TPE,44,1.197,160,4,4,0.55,0.4,2,9,True,123.43,0.458,0.42,47.24,12,50.0,True,"{""sampler"":""TPESampler"",""seed"":42,""n_trials"":50,""direction"":""maximize"",""objective"":""composite = Sharpe * (Return% / MaxDD%)""}","{""lookback"":160,""pivot_window"":4,""min_touches"":4,""tolerance_atr_mult"":0.55,""cluster_atr_mult"":0.4,""confirmation_bars"":2,""cooldown_bars"":9,""allowshort"":true}",2014-01-01,2024-12-31,2025-01-01,2026-04-20,2014-01-01,2026-04-20,63.0,12.0,6.0,6.0,50.0,325626.78,-119916.12,163.33,,47.24,845170.2399999999,-413972.7599999997,123.43,0.46,0.42,0.0131,0.01,6.0,1.0,1.0,0.0,100.0,310004.9,0.0,312.0,,16.27,310004.90000000014,310004.90000000014,31.0,0.76,0.99,0.0165,0.08,69.0,13.0,7.0,6.0,53.85,378057.11,-119916.12,174.77,,47.24,845170.2399999999,-413972.7599999997,192.69,0.5,0.49,0.0136,0.01
GMKN,breakout_pivot,1D,Bayesian_TPE,45,1.439,160,3,4,0.55,0.35,2,9,True,125.33,0.463,0.448,40.32,20,60.0,True,"{""sampler"":""TPESampler"",""seed"":42,""n_trials"":50,""direction"":""maximize"",""objective"":""composite = Sharpe * (Return% / MaxDD%)""}","{""lookback"":160,""pivot_window"":3,""min_touches"":4,""tolerance_atr_mult"":0.55,""cluster_atr_mult"":0.35,""confirmation_bars"":2,""cooldown_bars"":9,""allowshort"":true}",2014-01-01,2024-12-31,2025-01-01,2026-04-20,2014-01-01,2026-04-20,89.0,20.0,12.0,8.0,60.0,155980.96,-77312.09,106.65,,40.32,759326.4799999999,-234154.88,125.33,0.46,0.45,0.013,0.01,12.0,3.0,1.0,2.0,33.33,265328.94,-88068.67,119.33,,35.32,265328.9400000001,-108290.53999999994,8.92,0.32,0.46,0.0179,0.02,101.0,22.0,12.0,10.0,54.55,197553.04,-85516.48,113.86,,40.32,759326.4799999999,-234154.88,151.55,0.44,0.46,0.0138,0.02
GMKN,breakout_pivot,1D,Bayesian_TPE,46,0.174,121,3,4,0.55,0.35,3,9,True,36.0,0.238,0.236,49.2,16,43.75,True,"{""sampler"":""TPESampler"",""seed"":42,""n_trials"":50,""direction"":""maximize"",""objective"":""composite = Sharpe * (Return% / MaxDD%)""}","{""lookback"":121,""pivot_window"":3,""min_touches"":4,""tolerance_atr_mult"":0.55,""cluster_atr_mult"":0.35,""confirmation_bars"":3,""cooldown_bars"":9,""allowshort"":true}",2014-01-01,2024-12-31,2025-01-01,2026-04-20,2014-01-01,2026-04-20,65.0,16.0,7.0,9.0,43.75,213410.62,-125980.52,144.81,,49.2,607828.54,-338566.69999999995,36.0,0.24,0.24,0.014,0.01,9.0,2.0,1.0,1.0,50.0,262246.92,-141859.88,152.5,,17.1,262246.92,-141859.88000000006,12.04,0.4,0.5,0.0157,0.04,74.0,17.0,7.0,10.0,41.18,262853.77,-127583.11,160.35,,55.78,607828.54,-338566.69999999995,56.41,0.27,0.29,0.0148,0.01
GMKN,breakout_pivot,1D,Bayesian_TPE,47,0.824,161,3,5,0.75,0.35,2,7,False,93.24,0.391,0.389,44.27,18,66.67,False,"{""sampler"":""TPESampler"",""seed"":42,""n_trials"":50,""direction"":""maximize"",""objective"":""composite = Sharpe * (Return% / MaxDD%)""}","{""lookback"":161,""pivot_window"":3,""min_touches"":5,""tolerance_atr_mult"":0.75,""cluster_atr_mult"":0.35,""confirmation_bars"":2,""cooldown_bars"":7,""allowshort"":false}",2014-01-01,2024-12-31,2025-01-01,2026-04-20,2014-01-01,2026-04-20,79.0,18.0,12.0,6.0,66.67,144321.32,-133235.03,119.33,,44.27,325314.75,-279273.96,93.24,0.39,0.39,0.0134,0.01,7.0,2.0,1.0,1.0,50.0,126185.5,-224318.0,119.0,,33.45,126185.5000000001,-224318.0,-9.81,-0.15,-0.18,0.0149,-0.01,86.0,19.0,12.0,7.0,63.16,154072.33,-123523.01,128.0,,44.27,325314.75,-279273.96,98.42,0.36,0.37,0.0137,0.01
GMKN,breakout_pivot,1D,Bayesian_TPE,48,0.749,144,4,3,0.5,0.4,1,8,True,85.76,0.4,0.347,45.82,28,46.43,True,"{""sampler"":""TPESampler"",""seed"":42,""n_trials"":50,""direction"":""maximize"",""objective"":""composite = Sharpe * (Return% / MaxDD%)""}","{""lookback"":144,""pivot_window"":4,""min_touches"":3,""tolerance_atr_mult"":0.5,""cluster_atr_mult"":0.4,""confirmation_bars"":1,""cooldown_bars"":8,""allowshort"":true}",2014-01-01,2024-12-31,2025-01-01,2026-04-20,2014-01-01,2026-04-20,121.0,28.0,13.0,15.0,46.43,202090.62,-117969.79,62.64,,45.82,492504.32,-394174.92000000016,85.76,0.4,0.35,0.0116,0.01,13.0,3.0,1.0,2.0,33.33,177586.5,-60867.9,91.0,,36.01,177586.49999999988,-72592.4400000001,5.59,0.26,0.32,0.016,0.01,134.0,30.0,13.0,17.0,43.33,220409.27,-111237.43,67.93,,53.54,492504.32,-394174.92000000016,97.43,0.38,0.35,0.0123,0.01
GMKN,breakout_pivot,1D,Bayesian_TPE,49,0.156,114,3,4,0.65,0.35,2,9,False,31.8,0.226,0.227,46.03,19,52.63,False,"{""sampler"":""TPESampler"",""seed"":42,""n_trials"":50,""direction"":""maximize"",""objective"":""composite = Sharpe * (Return% / MaxDD%)""}","{""lookback"":114,""pivot_window"":3,""min_touches"":4,""tolerance_atr_mult"":0.65,""cluster_atr_mult"":0.35,""confirmation_bars"":2,""cooldown_bars"":9,""allowshort"":false}",2014-01-01,2024-12-31,2025-01-01,2026-04-20,2014-01-01,2026-04-20,78.0,19.0,10.0,9.0,52.63,152092.82,-133657.36,120.21,,46.03,300302.5399999998,-315064.6800000001,31.8,0.23,0.23,0.0133,0.01,13.0,3.0,2.0,1.0,66.67,85826.58,-138361.86,89.67,,16.81,132724.65999999997,-138361.85999999996,3.33,0.2,0.23,0.0151,0.02,91.0,21.0,11.0,10.0,52.38,154720.09,-130607.17,126.48,,51.69,300302.5399999998,-315064.6800000001,39.58,0.23,0.25,0.0141,0.01
VKCO,breakout_pivot,1h,Bayesian_TPE,0,-0.014,175,12,4,0.8500000000000001,0.4,1,4,True,-15.6,0.058,0.055,63.67,8,50.0,True,"{""sampler"":""TPESampler"",""seed"":42,""n_trials"":50,""direction"":""maximize"",""objective"":""composite = Sharpe * (Return% / MaxDD%)""}","{""lookback"":175,""pivot_window"":12,""min_touches"":4,""tolerance_atr_mult"":0.8500000000000001,""cluster_atr_mult"":0.4,""confirmation_bars"":1,""cooldown_bars"":4,""allowshort"":true}",2014-01-01,2024-12-31,2025-01-01,2026-04-20,2014-01-01,2026-04-20,51.0,8.0,4.0,4.0,50.0,137689.85,-176684.7,81.21,1949.0,63.67,215172.8000000001,-324194.2,-15.6,0.15,0.14,0.0108,0.0,64.0,7.0,4.0,3.0,57.14,113293.7,-151286.42,41.11,986.71,29.23,260454.0,-210100.8,-0.07,0.09,0.09,0.0043,0.0,115.0,15.0,8.0,7.0,53.33,133824.24,-161812.14,64.14,1539.47,63.67,280903.99999999994,-324194.2,-6.21,0.16,0.15,0.0089,0.0
VKCO,breakout_pivot,1h,Bayesian_TPE,1,0.087,242,3,5,1.05,0.5,1,6,False,33.41,0.119,0.107,45.46,150,38.67,False,"{""sampler"":""TPESampler"",""seed"":42,""n_trials"":50,""direction"":""maximize"",""objective"":""composite = Sharpe * (Return% / MaxDD%)""}","{""lookback"":242,""pivot_window"":3,""min_touches"":5,""tolerance_atr_mult"":1.05,""cluster_atr_mult"":0.5,""confirmation_bars"":1,""cooldown_bars"":6,""allowshort"":false}",2014-01-01,2024-12-31,2025-01-01,2026-04-20,2014-01-01,2026-04-20,709.0,150.0,58.0,91.0,38.67,56779.96,-32518.24,3.68,88.25,45.46,449468.00000000006,-309837.0,33.41,0.3,0.27,0.0061,0.0,527.0,119.0,45.0,70.0,37.82,29942.85,-14235.53,1.53,36.7,25.35,122103.6000000001,-97894.64999999997,35.09,0.57,0.51,0.0036,0.01,1236.0,269.0,103.0,161.0,38.29,49425.86,-26637.33,2.73,65.44,45.46,449468.00000000006,-309837.0,80.23,0.37,0.32,0.0053,0.0
VKCO,breakout_pivot,1h,Bayesian_TPE,2,0.044,186,5,4,0.4,0.55,2,11,True,-35.31,-0.072,-0.058,57.5,41,29.27,True,"{""sampler"":""TPESampler"",""seed"":42,""n_trials"":50,""direction"":""maximize"",""objective"":""composite = Sharpe * (Return% / MaxDD%)""}","{""lookback"":186,""pivot_window"":5,""min_touches"":4,""tolerance_atr_mult"":0.4,""cluster_atr_mult"":0.55,""confirmation_bars"":2,""cooldown_bars"":11,""allowshort"":true}",2014-01-01,2024-12-31,2025-01-01,2026-04-20,2014-01-01,2026-04-20,173.0,41.0,12.0,29.0,29.27,68136.4,-40370.41,11.64,279.34,57.5,155527.60000000003,-293998.7999999999,-35.31,-0.18,-0.15,0.0056,-0.0,125.0,33.0,15.0,18.0,45.45,42031.28,-35965.95,7.7,184.85,29.94,150145.39999999997,-194388.40000000005,-1.69,0.05,0.05,0.0039,0.0,298.0,74.0,27.0,47.0,36.49,45386.6,-33818.42,9.88,237.2,57.5,155527.60000000003,-293998.7999999999,-36.4,-0.11,-0.09,0.005,-0.0
VKCO,breakout_pivot,1h,Bayesian_TPE,3,0.138,203,8,2,0.8500000000000001,0.45,1,20,True,47.16,0.134,0.141,45.8,170,39.41,True,"{""sampler"":""TPESampler"",""seed"":42,""n_trials"":50,""direction"":""maximize"",""objective"":""composite = Sharpe * (Return% / MaxDD%)""}","{""lookback"":203,""pivot_window"":8,""min_touches"":2,""tolerance_atr_mult"":0.8500000000000001,""cluster_atr_mult"":0.45,""confirmation_bars"":1,""cooldown_bars"":20,""allowshort"":true}",2014-01-01,2024-12-31,2025-01-01,2026-04-20,2014-01-01,2026-04-20,492.0,170.0,67.0,103.0,39.41,65086.22,-37759.17,3.35,80.38,45.8,750057.5999999999,-328530.2000000001,47.16,0.34,0.36,0.0073,0.01,316.0,113.0,44.0,67.0,38.94,26096.28,-18159.41,2.01,48.22,31.8,142212.49999999994,-77594.40000000011,-6.84,-0.02,-0.02,0.0041,-0.0,808.0,282.0,111.0,169.0,39.36,53922.07,-33336.08,2.84,68.09,45.8,750057.5999999999,-328530.2000000001,35.16,0.23,0.24,0.0063,0.0
VKCO,breakout_pivot,1h,Bayesian_TPE,4,1.951,161,3,4,0.7,0.4,2,3,True,219.86,0.35,0.325,39.45,121,38.84,True,"{""sampler"":""TPESampler"",""seed"":42,""n_trials"":50,""direction"":""maximize"",""objective"":""composite = Sharpe * (Return% / MaxDD%)""}","{""lookback"":161,""pivot_window"":3,""min_touches"":4,""tolerance_atr_mult"":0.7,""cluster_atr_mult"":0.4,""confirmation_bars"":2,""cooldown_bars"":3,""allowshort"":true}",2014-01-01,2024-12-31,2025-01-01,2026-04-20,2014-01-01,2026-04-20,657.0,121.0,47.0,72.0,38.84,108290.75,-40153.22,4.34,104.05,39.45,421712.1999999999,-332269.6000000003,219.86,0.89,0.83,0.0058,0.01,458.0,91.0,35.0,55.0,38.46,37031.17,-18939.98,2.22,53.32,21.31,139922.40000000008,-99502.20000000004,25.44,0.44,0.41,0.0038,0.01,1115.0,212.0,82.0,127.0,38.68,110110.29,-48264.56,3.45,82.71,39.45,434991.2000000003,-332269.6000000003,289.94,0.73,0.68,0.0051,0.01
VKCO,breakout_pivot,1h,Bayesian_TPE,5,0.025,233,6,4,0.8,0.45,3,16,True,14.16,0.08,0.068,45.24,43,34.88,True,"{""sampler"":""TPESampler"",""seed"":42,""n_trials"":50,""direction"":""maximize"",""objective"":""composite = Sharpe * (Return% / MaxDD%)""}","{""lookback"":233,""pivot_window"":6,""min_touches"":4,""tolerance_atr_mult"":0.8,""cluster_atr_mult"":0.45,""confirmation_bars"":3,""cooldown_bars"":16,""allowshort"":true}",2014-01-01,2024-12-31,2025-01-01,2026-04-20,2014-01-01,2026-04-20,170.0,43.0,15.0,28.0,34.88,90740.49,-43552.11,11.53,276.72,45.24,200970.0,-205275.60000000003,14.16,0.2,0.17,0.0052,0.0,121.0,25.0,11.0,14.0,44.0,46040.25,-33148.79,9.53,228.8,19.2,166780.19999999984,-133318.80000000005,4.24,0.14,0.14,0.0037,0.0,291.0,68.0,26.0,42.0,38.24,72980.44,-41342.47,10.94,262.49,45.24,200970.0,-205275.60000000003,16.11,0.17,0.15,0.0047,0.0
VKCO,breakout_pivot,1h,Bayesian_TPE,6,-0.005,220,12,2,0.45,0.3,1,9,False,-16.36,0.014,0.013,50.81,116,39.66,False,"{""sampler"":""TPESampler"",""seed"":42,""n_trials"":50,""direction"":""maximize"",""objective"":""composite = Sharpe * (Return% / MaxDD%)""}","{""lookback"":220,""pivot_window"":12,""min_touches"":2,""tolerance_atr_mult"":0.45,""cluster_atr_mult"":0.3,""confirmation_bars"":1,""cooldown_bars"":9,""allowshort"":false}",2014-01-01,2024-12-31,2025-01-01,2026-04-20,2014-01-01,2026-04-20,444.0,116.0,46.0,69.0,39.66,31752.85,-23540.17,4.95,118.81,50.81,194869.80000000005,-158231.99999999997,-16.36,0.04,0.03,0.0068,0.0,314.0,76.0,35.0,41.0,46.05,29484.93,-19581.0,3.05,73.22,25.76,133506.3999999999,-52362.5,22.92,0.38,0.36,0.0042,0.01,758.0,192.0,80.0,111.0,41.67,28568.77,-20592.59,4.22,101.26,50.81,194869.80000000005,-158231.99999999997,-0.03,0.12,0.11,0.0059,0.0
VKCO,breakout_pivot,1h,Bayesian_TPE,7,-0.002,171,5,4,0.4,1.05,1,20,True,-10.68,0.012,0.009,57.12,59,42.37,True,"{""sampler"":""TPESampler"",""seed"":42,""n_trials"":50,""direction"":""maximize"",""objective"":""composite = Sharpe * (Return% / MaxDD%)""}","{""lookback"":171,""pivot_window"":5,""min_touches"":4,""tolerance_atr_mult"":0.4,""cluster_atr_mult"":1.05,""confirmation_bars"":1,""cooldown_bars"":20,""allowshort"":true}",2014-01-01,2024-12-31,2025-01-01,2026-04-20,2014-01-01,2026-04-20,233.0,59.0,25.0,34.0,42.37,38938.93,-31773.85,7.5,180.03,57.12,149910.0,-362551.2,-10.68,0.03,0.02,0.0055,0.0,162.0,46.0,16.0,29.0,34.78,50237.69,-25000.36,4.93,118.26,24.6,150847.79999999987,-117420.70000000014,7.88,0.2,0.18,0.004,0.0,395.0,105.0,41.0,63.0,39.05,41254.51,-27426.35,6.37,152.97,57.12,149910.0,-362551.2,-3.64,0.08,0.07,0.0049,0.0
VKCO,breakout_pivot,1h,Bayesian_TPE,8,-0.014,101,11,4,0.95,1.0,1,9,False,-15.69,0.06,0.059,65.16,5,40.0,False,"{""sampler"":""TPESampler"",""seed"":42,""n_trials"":50,""direction"":""maximize"",""objective"":""composite = Sharpe * (Return% / MaxDD%)""}","{""lookback"":101,""pivot_window"":11,""min_touches"":4,""tolerance_atr_mult"":0.95,""cluster_atr_mult"":1.0,""confirmation_bars"":1,""cooldown_bars"":9,""allowshort"":false}",2014-01-01,2024-12-31,2025-01-01,2026-04-20,2014-01-01,2026-04-20,23.0,5.0,2.0,3.0,40.0,123669.6,-134752.93,149.69,3592.6,65.16,196438.80000000008,-236665.9999999999,-15.69,0.15,0.15,0.0109,0.0,13.0,3.0,1.0,2.0,33.33,108917.4,-116253.15,53.81,1291.33,22.04,108917.39999999992,-125058.29999999996,-12.36,-0.3,-0.25,0.0023,-0.0,36.0,8.0,3.0,5.0,37.5,113051.93,-120052.28,113.73,2729.62,65.16,196438.80000000008,-236665.9999999999,-26.11,0.09,0.08,0.0087,0.0
VKCO,breakout_pivot,1h,Bayesian_TPE,9,0.186,225,6,2,0.55,0.6000000000000001,3,14,True,59.34,0.151,0.159,48.14,211,38.39,True,"{""sampler"":""TPESampler"",""seed"":42,""n_trials"":50,""direction"":""maximize"",""objective"":""composite = Sharpe * (Return% / MaxDD%)""}","{""lookback"":225,""pivot_window"":6,""min_touches"":2,""tolerance_atr_mult"":0.55,""cluster_atr_mult"":0.6000000000000001,""confirmation_bars"":3,""cooldown_bars"":14,""allowshort"":true}",2014-01-01,2024-12-31,2025-01-01,2026-04-20,2014-01-01,2026-04-20,608.0,211.0,81.0,128.0,38.39,62622.28,-34712.41,2.68,64.27,48.14,709416.0000000001,-181069.1999999998,62.92,0.39,0.4,0.0072,0.01,376.0,125.0,53.0,71.0,42.4,22682.03,-15492.58,1.79,42.91,26.74,101077.19999999992,-87278.40000000008,10.22,0.23,0.22,0.0038,0.0,984.0,335.0,134.0,198.0,40.0,51928.66,-31258.51,2.36,56.76,48.96,709416.0000000001,-181069.1999999998,76.93,0.33,0.34,0.0061,0.0
VKCO,breakout_pivot,1h,Bayesian_TPE,10,0.097,289,3,3,0.65,0.8,2,3,False,40.63,0.127,0.1,52.96,264,36.74,False,"{""sampler"":""TPESampler"",""seed"":42,""n_trials"":50,""direction"":""maximize"",""objective"":""composite = Sharpe * (Return% / MaxDD%)""}","{""lookback"":289,""pivot_window"":3,""min_touches"":3,""tolerance_atr_mult"":0.65,""cluster_atr_mult"":0.8,""confirmation_bars"":2,""cooldown_bars"":3,""allowshort"":false}",2014-01-01,2024-12-31,2025-01-01,2026-04-20,2014-01-01,2026-04-20,1137.0,264.0,97.0,166.0,36.74,40827.13,-21409.46,2.07,49.6,52.96,466102.3999999999,-492516.1999999999,40.63,0.32,0.25,0.0077,0.0,785.0,171.0,61.0,105.0,35.67,28082.87,-12582.93,1.13,27.04,26.54,122958.00000000006,-63307.699999999946,39.18,0.63,0.62,0.0035,0.01,1922.0,435.0,158.0,271.0,36.32,39631.56,-19777.24,1.71,40.94,52.96,466102.3999999999,-492516.1999999999,90.22,0.36,0.29,0.0064,0.0
VKCO,breakout_pivot,1h,Bayesian_TPE,11,0.004,124,8,3,0.6000000000000001,0.7,3,14,True,-46.16,-0.005,-0.005,65.71,35,34.29,True,"{""sampler"":""TPESampler"",""seed"":42,""n_trials"":50,""direction"":""maximize"",""objective"":""composite = Sharpe * (Return% / MaxDD%)""}","{""lookback"":124,""pivot_window"":8,""min_touches"":3,""tolerance_atr_mult"":0.6000000000000001,""cluster_atr_mult"":0.7,""confirmation_bars"":3,""cooldown_bars"":14,""allowshort"":true}",2014-01-01,2024-12-31,2025-01-01,2026-04-20,2014-01-01,2026-04-20,149.0,35.0,12.0,23.0,34.29,36848.07,-39292.97,18.42,442.09,65.71,109129.19999999995,-457189.6,-46.16,-0.01,-0.01,0.0107,-0.0,89.0,20.0,10.0,10.0,50.0,46681.2,-61089.43,15.29,366.95,30.66,159300.99999999997,-168773.00000000003,-14.41,-0.14,-0.15,0.0042,-0.0,238.0,55.0,22.0,33.0,40.0,31520.23,-37352.23,17.28,414.76,65.71,109129.19999999995,-457189.6,-53.92,-0.04,-0.03,0.0088,-0.0
VKCO,breakout_pivot,1h,Bayesian_TPE,12,0.178,273,6,5,0.65,0.7,3,15,True,53.66,0.162,0.15,48.78,24,41.67,True,"{""sampler"":""TPESampler"",""seed"":42,""n_trials"":50,""direction"":""maximize"",""objective"":""composite = Sharpe * (Return% / MaxDD%)""}","{""lookback"":273,""pivot_window"":6,""min_touches"":5,""tolerance_atr_mult"":0.65,""cluster_atr_mult"":0.7,""confirmation_bars"":3,""cooldown_bars"":15,""allowshort"":true}",2014-01-01,2024-12-31,2025-01-01,2026-04-20,2014-01-01,2026-04-20,106.0,24.0,10.0,14.0,41.67,148718.36,-67898.51,21.63,519.17,48.78,336518.39999999985,-248850.8000000001,53.66,0.41,0.38,0.0054,0.0,86.0,22.0,8.0,14.0,36.36,31590.15,-23605.76,10.38,249.05,18.83,89658.0,-51773.39999999996,-7.78,-0.07,-0.07,0.0035,-0.0,192.0,46.0,18.0,28.0,39.13,106531.59,-48111.41,16.79,402.91,48.78,336518.39999999985,-119935.0,57.04,0.32,0.3,0.0049,0.0
VKCO,breakout_pivot,1h,Bayesian_TPE,13,0.066,145,4,3,1.2,0.8500000000000001,2,12,True,-38.17,-0.089,-0.075,51.75,202,36.14,True,"{""sampler"":""TPESampler"",""seed"":42,""n_trials"":50,""direction"":""maximize"",""objective"":""composite = Sharpe * (Return% / MaxDD%)""}","{""lookback"":145,""pivot_window"":4,""min_touches"":3,""tolerance_atr_mult"":1.2,""cluster_atr_mult"":0.8500000000000001,""confirmation_bars"":2,""cooldown_bars"":12,""allowshort"":true}",2014-01-01,2024-12-31,2025-01-01,2026-04-20,2014-01-01,2026-04-20,652.0,202.0,73.0,124.0,36.14,20793.49,-15319.84,2.48,59.53,51.75,111180.0,-120499.39999999997,-38.17,-0.23,-0.19,0.0055,-0.0,430.0,128.0,51.0,72.0,39.84,22395.39,-15256.51,1.73,41.46,29.18,121591.60000000012,-76377.60000000003,4.37,0.14,0.14,0.004,0.0,1082.0,330.0,123.0,197.0,37.27,17903.92,-13071.41,2.2,52.8,51.75,111180.0,-120499.39999999997,-37.29,-0.12,-0.11,0.0049,-0.0
VKCO,breakout_pivot,1h,Bayesian_TPE,14,0.357,151,9,2,0.55,0.6000000000000001,3,17,True,88.06,0.19,0.215,46.92,122,44.26,True,"{""sampler"":""TPESampler"",""seed"":42,""n_trials"":50,""direction"":""maximize"",""objective"":""composite = Sharpe * (Return% / MaxDD%)""}","{""lookback"":151,""pivot_window"":9,""min_touches"":2,""tolerance_atr_mult"":0.55,""cluster_atr_mult"":0.6000000000000001,""confirmation_bars"":3,""cooldown_bars"":17,""allowshort"":true}",2014-01-01,2024-12-31,2025-01-01,2026-04-20,2014-01-01,2026-04-20,386.0,122.0,54.0,67.0,44.26,80083.09,-51401.73,4.25,101.91,46.92,784499.2000000002,-283668.0,88.06,0.48,0.55,0.0069,0.01,240.0,74.0,33.0,40.0,44.59,26671.1,-20746.47,3.16,75.84,21.8,113666.09999999987,-87226.20000000007,5.03,0.16,0.14,0.0038,0.0,626.0,195.0,87.0,106.0,44.62,67609.28,-46565.13,3.87,92.99,46.92,784499.2000000002,-283668.0,94.61,0.38,0.41,0.0059,0.0
VKCO,breakout_pivot,1h,Bayesian_TPE,15,-0.004,152,10,3,0.7,0.3,2,17,True,-13.16,0.018,0.016,56.21,24,41.67,True,"{""sampler"":""TPESampler"",""seed"":42,""n_trials"":50,""direction"":""maximize"",""objective"":""composite = Sharpe * (Return% / MaxDD%)""}","{""lookback"":152,""pivot_window"":10,""min_touches"":3,""tolerance_atr_mult"":0.7,""cluster_atr_mult"":0.3,""confirmation_bars"":2,""cooldown_bars"":17,""allowshort"":true}",2014-01-01,2024-12-31,2025-01-01,2026-04-20,2014-01-01,2026-04-20,108.0,24.0,10.0,14.0,41.67,67238.58,-57425.91,21.83,524.0,56.21,191245.6000000001,-311610.0,-13.16,0.05,0.04,0.0065,0.0,79.0,18.0,8.0,10.0,44.44,27861.05,-55518.7,15.03,360.72,37.59,59304.0,-153342.69999999992,-33.23,-0.56,-0.55,0.0038,-0.01,187.0,42.0,18.0,24.0,42.86,48108.68,-53585.82,18.92,454.02,58.56,191245.6000000001,-311610.0,-42.01,-0.12,-0.11,0.0056,-0.0
VKCO,breakout_pivot,1h,Bayesian_TPE,16,-0.015,140,9,5,0.5,1.2,2,7,True,-20.18,0.049,0.04,65.16,4,25.0,True,"{""sampler"":""TPESampler"",""seed"":42,""n_trials"":50,""direction"":""maximize"",""objective"":""composite = Sharpe * (Return% / MaxDD%)""}","{""lookback"":140,""pivot_window"":9,""min_touches"":5,""tolerance_atr_mult"":0.5,""cluster_atr_mult"":1.2,""confirmation_bars"":2,""cooldown_bars"":7,""allowshort"":true}",2014-01-01,2024-12-31,2025-01-01,2026-04-20,2014-01-01,2026-04-20,24.0,4.0,1.0,3.0,25.0,59760.0,-87177.4,137.14,3291.25,65.16,59760.0,-194016.6,-20.18,0.13,0.1,0.0106,0.0,8.0,3.0,2.0,1.0,66.67,41568.08,-16237.2,40.88,981.0,17.4,75744.15000000008,-16237.200000000066,6.69,0.21,0.15,0.0025,0.0,32.0,7.0,3.0,4.0,42.86,42039.58,-68623.35,95.88,2301.14,65.16,60456.75000000006,-194016.6,-14.84,0.12,0.09,0.0085,0.0
VKCO,breakout_pivot,1h,Bayesian_TPE,17,0.261,111,9,2,0.3,0.6000000000000001,3,18,True,69.12,0.163,0.171,43.09,111,47.75,True,"{""sampler"":""TPESampler"",""seed"":42,""n_trials"":50,""direction"":""maximize"",""objective"":""composite = Sharpe * (Return% / MaxDD%)""}","{""lookback"":111,""pivot_window"":9,""min_touches"":2,""tolerance_atr_mult"":0.3,""cluster_atr_mult"":0.6000000000000001,""confirmation_bars"":3,""cooldown_bars"":18,""allowshort"":true}",2014-01-01,2024-12-31,2025-01-01,2026-04-20,2014-01-01,2026-04-20,346.0,111.0,53.0,57.0,47.75,65214.54,-48511.41,4.77,114.49,43.09,580096.0,-363729.6000000001,69.12,0.42,0.44,0.0073,0.01,207.0,67.0,30.0,36.0,44.78,29170.45,-20270.8,3.35,80.42,25.17,106498.7999999999,-61908.39999999981,14.54,0.3,0.29,0.0037,0.0,553.0,177.0,83.0,92.0,46.89,58416.71,-42827.06,4.28,102.73,43.09,580096.0,-363729.6000000001,90.85,0.37,0.38,0.0061,0.01
VKCO,breakout_pivot,1h,Bayesian_TPE,18,0.075,153,7,3,0.75,0.35,2,6,False,31.23,0.115,0.103,47.77,64,43.75,False,"{""sampler"":""TPESampler"",""seed"":42,""n_trials"":50,""direction"":""maximize"",""objective"":""composite = Sharpe * (Return% / MaxDD%)""}","{""lookback"":153,""pivot_window"":7,""min_touches"":3,""tolerance_atr_mult"":0.75,""cluster_atr_mult"":0.35,""confirmation_bars"":2,""cooldown_bars"":6,""allowshort"":false}",2014-01-01,2024-12-31,2025-01-01,2026-04-20,2014-01-01,2026-04-20,320.0,64.0,28.0,35.0,43.75,79814.32,-54928.6,8.38,201.2,47.77,267959.99999999994,-267666.39999999997,31.23,0.29,0.26,0.0061,0.0,195.0,37.0,16.0,21.0,43.24,41753.34,-35539.16,6.86,164.59,32.03,170573.39999999988,-161861.70000000013,-7.83,-0.04,-0.04,0.004,-0.0,515.0,101.0,44.0,56.0,43.56,68933.46,-51193.01,7.92,190.09,47.77,250401.20000000004,-267666.39999999997,16.63,0.18,0.16,0.0054,0.0
VKCO,breakout_pivot,1h,Bayesian_TPE,19,-0.004,199,10,5,0.3,0.65,2,12,True,-3.49,0.074,0.055,63.67,2,50.0,True,"{""sampler"":""TPESampler"",""seed"":42,""n_trials"":50,""direction"":""maximize"",""objective"":""composite = Sharpe * (Return% / MaxDD%)""}","{""lookback"":199,""pivot_window"":10,""min_touches"":5,""tolerance_atr_mult"":0.3,""cluster_atr_mult"":0.65,""confirmation_bars"":2,""cooldown_bars"":12,""allowshort"":true}",2014-01-01,2024-12-31,2025-01-01,2026-04-20,2014-01-01,2026-04-20,8.0,2.0,1.0,1.0,50.0,199329.6,-234234.0,217.73,5225.5,63.67,199329.59999999992,-234234.0,-3.49,0.19,0.14,0.0104,0.0,8.0,3.0,0.0,3.0,0.0,0.0,-60787.28,99.92,2398.0,36.07,-16237.200000000066,-98735.0,-18.24,-0.24,-0.27,0.0038,-0.0,16.0,5.0,1.0,4.0,20.0,199329.6,-102556.69,147.04,3529.0,63.67,199329.59999999992,-234234.0,-21.09,0.1,0.09,0.0085,0.0
VKCO,breakout_pivot,1h,Bayesian_TPE,20,0.076,126,7,2,1.0,0.9000000000000001,3,9,True,37.5,0.12,0.132,59.56,180,39.44,True,"{""sampler"":""TPESampler"",""seed"":42,""n_trials"":50,""direction"":""maximize"",""objective"":""composite = Sharpe * (Return% / MaxDD%)""}","{""lookback"":126,""pivot_window"":7,""min_touches"":2,""tolerance_atr_mult"":1.0,""cluster_atr_mult"":0.9000000000000001,""confirmation_bars"":3,""cooldown_bars"":9,""allowshort"":true}",2014-01-01,2024-12-31,2025-01-01,2026-04-20,2014-01-01,2026-04-20,606.0,180.0,71.0,107.0,39.44,61833.29,-37524.49,3.07,73.69,59.56,816296.0000000001,-206976.00000000015,37.5,0.31,0.34,0.0071,0.0,364.0,109.0,47.0,61.0,43.12,24198.29,-15723.73,1.93,46.38,17.8,116201.79999999992,-60250.799999999814,17.82,0.34,0.34,0.0037,0.01,970.0,288.0,118.0,167.0,40.97,49815.19,-31629.01,2.66,63.91,59.56,816296.0000000001,-206976.00000000015,59.61,0.3,0.32,0.006,0.0
VKCO,breakout_pivot,1h,Bayesian_TPE,21,1.474,103,9,2,0.3,0.55,3,18,True,181.95,0.281,0.329,34.68,108,49.07,True,"{""sampler"":""TPESampler"",""seed"":42,""n_trials"":50,""direction"":""maximize"",""objective"":""composite = Sharpe * (Return% / MaxDD%)""}","{""lookback"":103,""pivot_window"":9,""min_touches"":2,""tolerance_atr_mult"":0.3,""cluster_atr_mult"":0.55,""confirmation_bars"":3,""cooldown_bars"":18,""allowshort"":true}",2014-01-01,2024-12-31,2025-01-01,2026-04-20,2014-01-01,2026-04-20,329.0,108.0,53.0,54.0,49.07,94490.62,-59046.93,4.84,116.28,34.68,580096.0,-359520.00000000023,181.95,0.72,0.84,0.0068,0.01,196.0,65.0,30.0,34.0,46.15,28053.36,-20734.82,3.34,80.12,25.1,109197.59999999987,-61464.39999999981,13.66,0.29,0.28,0.0036,0.0,525.0,173.0,83.0,88.0,47.98,86485.53,-57941.01,4.34,104.06,34.68,580096.0,-359520.00000000023,207.95,0.57,0.64,0.0058,0.01
VKCO,breakout_pivot,1h,Bayesian_TPE,22,0.31,164,9,2,0.55,0.5,3,18,True,80.6,0.18,0.205,46.74,123,43.09,True,"{""sampler"":""TPESampler"",""seed"":42,""n_trials"":50,""direction"":""maximize"",""objective"":""composite = Sharpe * (Return% / MaxDD%)""}","{""lookback"":164,""pivot_window"":9,""min_touches"":2,""tolerance_atr_mult"":0.55,""cluster_atr_mult"":0.5,""confirmation_bars"":3,""cooldown_bars"":18,""allowshort"":true}",2014-01-01,2024-12-31,2025-01-01,2026-04-20,2014-01-01,2026-04-20,380.0,123.0,53.0,69.0,43.09,77362.18,-47741.98,4.26,102.14,46.74,757779.2000000002,-274008.0,80.6,0.46,0.52,0.007,0.01,242.0,77.0,35.0,42.0,45.45,25794.32,-20710.58,2.96,70.96,22.79,110488.19999999988,-84798.90000000007,3.3,0.13,0.12,0.0038,0.0,622.0,199.0,88.0,110.0,44.22,64312.13,-43830.4,3.79,91.03,46.74,757779.2000000002,-274008.0,83.81,0.35,0.39,0.0059,0.0
VKCO,breakout_pivot,1h,Bayesian_TPE,23,-0.016,124,10,3,0.4,0.55,3,19,True,-22.08,0.048,0.046,65.16,14,35.71,True,"{""sampler"":""TPESampler"",""seed"":42,""n_trials"":50,""direction"":""maximize"",""objective"":""composite = Sharpe * (Return% / MaxDD%)""}","{""lookback"":124,""pivot_window"":10,""min_touches"":3,""tolerance_atr_mult"":0.4,""cluster_atr_mult"":0.55,""confirmation_bars"":3,""cooldown_bars"":19,""allowshort"":true}",2014-01-01,2024-12-31,2025-01-01,2026-04-20,2014-01-01,2026-04-20,61.0,14.0,5.0,9.0,35.71,122356.4,-92513.64,46.45,1114.71,65.16,226637.3999999999,-494157.99999999994,-22.08,0.12,0.12,0.0108,0.0,39.0,10.0,5.0,5.0,50.0,29970.06,-90988.98,27.3,655.3,38.48,59027.59999999994,-158193.50000000003,-30.51,-0.46,-0.46,0.0041,-0.0,100.0,23.0,9.0,14.0,39.13,81331.56,-84891.02,42.0,1007.91,65.16,226637.3999999999,-494157.99999999994,-45.65,0.01,0.01,0.0089,0.0
VKCO,breakout_pivot,1h,Bayesian_TPE,24,0.541,135,8,2,0.3,0.4,2,16,True,104.43,0.206,0.23,39.73,135,43.7,True,"{""sampler"":""TPESampler"",""seed"":42,""n_trials"":50,""direction"":""maximize"",""objective"":""composite = Sharpe * (Return% / MaxDD%)""}","{""lookback"":135,""pivot_window"":8,""min_touches"":2,""tolerance_atr_mult"":0.3,""cluster_atr_mult"":0.4,""confirmation_bars"":2,""cooldown_bars"":16,""allowshort"":true}",2014-01-01,2024-12-31,2025-01-01,2026-04-20,2014-01-01,2026-04-20,424.0,135.0,59.0,76.0,43.7,80401.13,-48675.56,4.14,99.25,39.73,777782.5999999999,-248115.00000000012,104.43,0.53,0.59,0.007,0.01,275.0,92.0,32.0,59.0,34.78,27580.34,-16518.46,2.42,58.03,27.21,80452.39999999998,-88677.60000000002,-9.2,-0.01,-0.01,0.0039,-0.0,699.0,226.0,91.0,134.0,40.27,70967.79,-42044.04,3.47,83.3,39.73,777782.5999999999,-248115.00000000012,82.42,0.37,0.4,0.006,0.01
VKCO,breakout_pivot,1h,Bayesian_TPE,25,0.019,103,8,3,0.3,0.4,2,15,True,-51.26,-0.024,-0.022,64.35,15,46.67,True,"{""sampler"":""TPESampler"",""seed"":42,""n_trials"":50,""direction"":""maximize"",""objective"":""composite = Sharpe * (Return% / MaxDD%)""}","{""lookback"":103,""pivot_window"":8,""min_touches"":3,""tolerance_atr_mult"":0.3,""cluster_atr_mult"":0.4,""confirmation_bars"":2,""cooldown_bars"":15,""allowshort"":true}",2014-01-01,2024-12-31,2025-01-01,2026-04-20,2014-01-01,2026-04-20,80.0,15.0,7.0,8.0,46.67,35187.89,-94865.1,39.92,958.0,64.35,86016.0,-494496.0,-51.26,-0.06,-0.05,0.0105,-0.0,39.0,10.0,5.0,5.0,50.0,46850.41,-67247.66,23.59,566.2,25.73,99064.0,-156648.00000000003,-10.2,-0.11,-0.1,0.0035,-0.0,119.0,25.0,12.0,13.0,48.0,30039.94,-70982.98,33.39,801.28,64.35,86016.0,-494496.0,-56.23,-0.06,-0.06,0.0085,-0.0
VKCO,breakout_pivot,1h,Bayesian_TPE,26,-0.017,134,7,4,0.35,0.4,2,13,False,-25.15,0.043,0.04,63.65,6,16.67,False,"{""sampler"":""TPESampler"",""seed"":42,""n_trials"":50,""direction"":""maximize"",""objective"":""composite = Sharpe * (Return% / MaxDD%)""}","{""lookback"":134,""pivot_window"":7,""min_touches"":4,""tolerance_atr_mult"":0.35,""cluster_atr_mult"":0.4,""confirmation_bars"":2,""cooldown_bars"":13,""allowshort"":false}",2014-01-01,2024-12-31,2025-01-01,2026-04-20,2014-01-01,2026-04-20,29.0,6.0,1.0,5.0,16.67,88958.4,-68082.04,105.08,2522.0,63.65,88958.39999999994,-197798.39999999997,-25.15,0.11,0.1,0.0109,0.0,26.0,5.0,3.0,2.0,60.0,51897.37,-174990.2,38.1,914.4,30.97,126007.79999999996,-209578.6,-19.43,-0.27,-0.22,0.0038,-0.0,55.0,11.0,4.0,7.0,36.36,54809.35,-77866.6,76.89,1845.27,63.65,105443.19999999995,-197798.39999999997,-32.58,0.07,0.06,0.0089,0.0
VKCO,breakout_pivot,1h,Bayesian_TPE,27,0.001,117,11,2,1.15,0.3,2,16,True,0.45,0.059,0.066,50.57,86,44.19,True,"{""sampler"":""TPESampler"",""seed"":42,""n_trials"":50,""direction"":""maximize"",""objective"":""composite = Sharpe * (Return% / MaxDD%)""}","{""lookback"":117,""pivot_window"":11,""min_touches"":2,""tolerance_atr_mult"":1.1500000000000001,""cluster_atr_mult"":0.3,""confirmation_bars"":2,""cooldown_bars"":16,""allowshort"":true}",2014-01-01,2024-12-31,2025-01-01,2026-04-20,2014-01-01,2026-04-20,287.0,86.0,38.0,47.0,44.19,57355.91,-46276.73,7.22,173.28,50.57,473616.0,-228009.6000000001,0.45,0.15,0.17,0.0077,0.0,191.0,53.0,24.0,27.0,45.28,35605.47,-22878.53,4.42,106.06,24.26,111370.0,-83506.99999999987,23.68,0.46,0.44,0.0041,0.01,478.0,139.0,61.0,75.0,43.88,48970.77,-37191.16,6.22,149.32,50.57,473616.0,-228009.6000000001,19.79,0.21,0.22,0.0066,0.0
VKCO,breakout_pivot,1h,Bayesian_TPE,28,0.042,188,4,3,0.45,0.5,2,10,True,-36.25,-0.077,-0.07,65.74,128,35.94,True,"{""sampler"":""TPESampler"",""seed"":42,""n_trials"":50,""direction"":""maximize"",""objective"":""composite = Sharpe * (Return% / MaxDD%)""}","{""lookback"":188,""pivot_window"":4,""min_touches"":3,""tolerance_atr_mult"":0.45,""cluster_atr_mult"":0.5,""confirmation_bars"":2,""cooldown_bars"":10,""allowshort"":true}",2014-01-01,2024-12-31,2025-01-01,2026-04-20,2014-01-01,2026-04-20,480.0,128.0,46.0,80.0,35.94,46136.11,-31059.58,4.21,101.13,65.74,241560.0,-231488.40000000017,-36.25,-0.2,-0.18,0.0056,-0.0,338.0,92.0,35.0,55.0,38.04,34103.06,-19092.67,2.37,56.76,25.03,139565.10000000012,-59601.09999999995,14.35,0.29,0.3,0.0037,0.0,818.0,220.0,81.0,135.0,36.82,35593.88,-23364.05,3.44,82.58,65.74,241560.0,-231488.40000000017,-27.1,-0.05,-0.05,0.005,-0.0
VKCO,breakout_pivot,1h,Bayesian_TPE,29,0.036,163,8,4,0.8500000000000001,0.4,2,5,True,-32.76,-0.062,-0.051,56.21,21,23.81,True,"{""sampler"":""TPESampler"",""seed"":42,""n_trials"":50,""direction"":""maximize"",""objective"":""composite = Sharpe * (Return% / MaxDD%)""}","{""lookback"":163,""pivot_window"":8,""min_touches"":4,""tolerance_atr_mult"":0.8500000000000001,""cluster_atr_mult"":0.4,""confirmation_bars"":2,""cooldown_bars"":5,""allowshort"":true}",2014-01-01,2024-12-31,2025-01-01,2026-04-20,2014-01-01,2026-04-20,118.0,21.0,5.0,16.0,23.81,89203.88,-48351.9,22.48,539.48,56.21,151932.80000000005,-452899.00000000006,-32.76,-0.16,-0.13,0.0056,-0.0,85.0,14.0,7.0,7.0,50.0,46293.69,-59983.01,17.15,411.57,25.65,155165.39999999994,-146287.5,-9.58,-0.09,-0.08,0.0037,-0.0,203.0,35.0,12.0,23.0,34.29,55325.58,-45911.16,20.35,488.31,56.21,151932.80000000005,-452899.00000000006,-39.2,-0.14,-0.12,0.005,-0.0
VKCO,breakout_pivot,1h,Bayesian_TPE,30,0.009,132,11,2,0.35,0.35,2,3,True,6.43,0.068,0.076,50.57,94,45.74,True,"{""sampler"":""TPESampler"",""seed"":42,""n_trials"":50,""direction"":""maximize"",""objective"":""composite = Sharpe * (Return% / MaxDD%)""}","{""lookback"":132,""pivot_window"":11,""min_touches"":2,""tolerance_atr_mult"":0.35,""cluster_atr_mult"":0.35,""confirmation_bars"":2,""cooldown_bars"":3,""allowshort"":true}",2014-01-01,2024-12-31,2025-01-01,2026-04-20,2014-01-01,2026-04-20,439.0,94.0,43.0,51.0,45.74,55620.09,-45634.56,6.19,148.59,50.57,492336.0,-236995.20000000007,6.43,0.17,0.19,0.0074,0.0,284.0,63.0,26.0,35.0,41.27,36901.35,-21735.35,3.74,89.7,22.83,109270.0,-84123.20000000004,19.87,0.36,0.34,0.004,0.01,723.0,156.0,68.0,86.0,43.59,49617.53,-36282.57,5.26,126.31,50.57,492336.0,-236995.20000000007,25.37,0.21,0.22,0.0063,0.0
VKCO,breakout_pivot,1h,Bayesian_TPE,31,0.42,151,9,2,0.5,0.6000000000000001,3,18,True,98.08,0.201,0.228,46.92,122,45.08,True,"{""sampler"":""TPESampler"",""seed"":42,""n_trials"":50,""direction"":""maximize"",""objective"":""composite = Sharpe * (Return% / MaxDD%)""}","{""lookback"":151,""pivot_window"":9,""min_touches"":2,""tolerance_atr_mult"":0.5,""cluster_atr_mult"":0.6000000000000001,""confirmation_bars"":3,""cooldown_bars"":18,""allowshort"":true}",2014-01-01,2024-12-31,2025-01-01,2026-04-20,2014-01-01,2026-04-20,382.0,122.0,55.0,66.0,45.08,78985.9,-50960.56,4.26,102.21,46.92,784499.2000000002,-283668.0,98.08,0.51,0.58,0.0069,0.01,232.0,72.0,34.0,38.0,47.22,26252.8,-21780.48,3.26,78.25,21.6,115014.29999999989,-87226.20000000007,6.49,0.18,0.16,0.0038,0.0,614.0,193.0,89.0,103.0,46.11,67517.26,-47870.36,3.93,94.26,46.92,784499.2000000002,-283668.0,107.84,0.4,0.44,0.0059,0.01
VKCO,breakout_pivot,1h,Bayesian_TPE,32,0.362,179,9,2,0.5,0.45,3,18,True,88.99,0.19,0.216,46.74,124,43.55,True,"{""sampler"":""TPESampler"",""seed"":42,""n_trials"":50,""direction"":""maximize"",""objective"":""composite = Sharpe * (Return% / MaxDD%)""}","{""lookback"":179,""pivot_window"":9,""min_touches"":2,""tolerance_atr_mult"":0.5,""cluster_atr_mult"":0.45,""confirmation_bars"":3,""cooldown_bars"":18,""allowshort"":true}",2014-01-01,2024-12-31,2025-01-01,2026-04-20,2014-01-01,2026-04-20,388.0,124.0,54.0,69.0,43.55,79885.74,-49621.88,4.24,101.69,46.74,772742.4000000001,-279468.0,88.99,0.48,0.55,0.007,0.01,243.0,75.0,33.0,42.0,44.0,29831.89,-21193.11,3.03,72.73,22.84,131368.59999999998,-86886.90000000008,9.43,0.22,0.2,0.0038,0.0,631.0,198.0,87.0,110.0,43.94,70085.76,-45997.22,3.82,91.68,46.74,772742.4000000001,-279468.0,103.78,0.4,0.43,0.0059,0.01
VKCO,breakout_pivot,1h,Bayesian_TPE,33,0.055,111,10,2,0.45,0.55,3,20,True,26.55,0.103,0.11,50.0,88,48.86,True,"{""sampler"":""TPESampler"",""seed"":42,""n_trials"":50,""direction"":""maximize"",""objective"":""composite = Sharpe * (Return% / MaxDD%)""}","{""lookback"":111,""pivot_window"":10,""min_touches"":2,""tolerance_atr_mult"":0.45,""cluster_atr_mult"":0.55,""confirmation_bars"":3,""cooldown_bars"":20,""allowshort"":true}",2014-01-01,2024-12-31,2025-01-01,2026-04-20,2014-01-01,2026-04-20,282.0,88.0,43.0,44.0,48.86,58273.5,-50915.5,6.23,149.64,50.0,502228.0,-213057.60000000027,26.55,0.26,0.28,0.0074,0.0,182.0,58.0,24.0,33.0,41.38,34277.04,-22405.62,3.68,88.24,24.24,106498.7999999999,-61123.99999999981,8.33,0.21,0.19,0.0037,0.0,464.0,145.0,67.0,76.0,46.21,51971.78,-41203.42,5.28,126.72,50.0,502228.0,-213057.60000000027,35.06,0.23,0.24,0.0062,0.0
VKCO,breakout_pivot,1h,Bayesian_TPE,34,0.424,163,8,2,0.35,0.7,3,19,True,93.81,0.195,0.217,43.12,139,43.17,True,"{""sampler"":""TPESampler"",""seed"":42,""n_trials"":50,""direction"":""maximize"",""objective"":""composite = Sharpe * (Return% / MaxDD%)""}","{""lookback"":163,""pivot_window"":8,""min_touches"":2,""tolerance_atr_mult"":0.35,""cluster_atr_mult"":0.7,""confirmation_bars"":3,""cooldown_bars"":19,""allowshort"":true}",2014-01-01,2024-12-31,2025-01-01,2026-04-20,2014-01-01,2026-04-20,417.0,139.0,60.0,79.0,43.17,75147.57,-45199.32,3.99,95.87,43.12,811219.2000000002,-293328.0,93.81,0.5,0.55,0.007,0.01,258.0,83.0,38.0,45.0,45.78,27276.43,-20148.7,2.7,64.83,27.33,111611.69999999988,-80988.30000000008,12.98,0.27,0.25,0.0039,0.0,675.0,221.0,98.0,123.0,44.34,65687.82,-42926.4,3.54,85.05,43.12,811219.2000000002,-293328.0,115.75,0.42,0.45,0.0059,0.01
VKCO,breakout_pivot,1h,Bayesian_TPE,35,0.444,200,7,2,0.35,0.75,2,16,True,106.44,0.208,0.234,49.85,187,39.57,True,"{""sampler"":""TPESampler"",""seed"":42,""n_trials"":50,""direction"":""maximize"",""objective"":""composite = Sharpe * (Return% / MaxDD%)""}","{""lookback"":200,""pivot_window"":7,""min_touches"":2,""tolerance_atr_mult"":0.35,""cluster_atr_mult"":0.75,""confirmation_bars"":2,""cooldown_bars"":16,""allowshort"":true}",2014-01-01,2024-12-31,2025-01-01,2026-04-20,2014-01-01,2026-04-20,547.0,187.0,74.0,113.0,39.57,84581.08,-45970.26,3.05,73.12,49.85,899464.1999999998,-212191.99999999985,106.44,0.53,0.6,0.007,0.01,347.0,119.0,45.0,73.0,37.82,26785.4,-15633.51,1.84,44.18,26.16,131922.99999999985,-104319.60000000003,6.41,0.18,0.16,0.0038,0.0,894.0,305.0,119.0,185.0,39.02,72679.87,-40487.58,2.6,62.35,49.85,899464.1999999998,-212191.99999999985,115.87,0.42,0.45,0.006,0.01
VKCO,breakout_pivot,1h,Bayesian_TPE,36,0.895,251,4,4,0.4,0.8,2,16,False,88.82,0.235,0.199,23.32,84,42.86,False,"{""sampler"":""TPESampler"",""seed"":42,""n_trials"":50,""direction"":""maximize"",""objective"":""composite = Sharpe * (Return% / MaxDD%)""}","{""lookback"":251,""pivot_window"":4,""min_touches"":4,""tolerance_atr_mult"":0.4,""cluster_atr_mult"":0.8,""confirmation_bars"":2,""cooldown_bars"":16,""allowshort"":false}",2014-01-01,2024-12-31,2025-01-01,2026-04-20,2014-01-01,2026-04-20,287.0,84.0,36.0,48.0,42.86,64213.17,-29655.6,5.18,124.26,23.32,257474.3999999998,-89243.6000000002,88.82,0.6,0.51,0.0049,0.01,209.0,64.0,21.0,43.0,32.81,36043.77,-18341.17,3.24,77.66,23.18,121907.30000000008,-60176.799999999814,-3.18,0.02,0.02,0.0038,0.0,496.0,148.0,57.0,91.0,38.51,64064.67,-31567.64,4.36,104.74,23.32,237274.0,-110570.79999999964,77.9,0.39,0.35,0.0045,0.01
VKCO,breakout_pivot,1h,Bayesian_TPE,37,0.138,256,3,4,0.4,0.95,1,13,False,37.7,0.134,0.111,36.61,142,38.03,False,"{""sampler"":""TPESampler"",""seed"":42,""n_trials"":50,""direction"":""maximize"",""objective"":""composite = Sharpe * (Return% / MaxDD%)""}","{""lookback"":256,""pivot_window"":3,""min_touches"":4,""tolerance_atr_mult"":0.4,""cluster_atr_mult"":0.95,""confirmation_bars"":1,""cooldown_bars"":13,""allowshort"":false}",2014-01-01,2024-12-31,2025-01-01,2026-04-20,2014-01-01,2026-04-20,477.0,142.0,54.0,87.0,38.03,54986.03,-29796.36,3.56,85.44,36.61,225694.80000000013,-320806.4000000001,37.7,0.34,0.28,0.0052,0.0,301.0,89.0,35.0,54.0,39.33,36194.97,-17629.71,2.44,58.6,18.71,123708.0,-56313.4000000001,31.48,0.53,0.55,0.0036,0.01,778.0,231.0,89.0,141.0,38.53,52962.92,-27682.39,3.13,75.1,36.61,225694.80000000013,-320806.4000000001,81.05,0.39,0.34,0.0047,0.01
VKCO,breakout_pivot,1h,Bayesian_TPE,38,0.043,241,4,4,0.3,0.45,2,7,False,19.93,0.094,0.082,43.96,54,31.48,False,"{""sampler"":""TPESampler"",""seed"":42,""n_trials"":50,""direction"":""maximize"",""objective"":""composite = Sharpe * (Return% / MaxDD%)""}","{""lookback"":241,""pivot_window"":4,""min_touches"":4,""tolerance_atr_mult"":0.3,""cluster_atr_mult"":0.45,""confirmation_bars"":2,""cooldown_bars"":7,""allowshort"":false}",2014-01-01,2024-12-31,2025-01-01,2026-04-20,2014-01-01,2026-04-20,249.0,54.0,17.0,37.0,31.48,89777.31,-35863.34,8.36,200.67,43.96,333696.0000000002,-202435.2,19.93,0.24,0.21,0.0051,0.0,194.0,44.0,17.0,27.0,38.64,41032.61,-22186.46,5.31,127.39,25.04,207702.0,-199394.30000000005,9.85,0.23,0.23,0.0038,0.0,443.0,98.0,34.0,64.0,34.69,69494.83,-31958.81,6.99,167.77,43.96,333696.0000000002,-239131.40000000005,31.75,0.23,0.21,0.0046,0.0
VKCO,breakout_pivot,1h,Bayesian_TPE,39,-0.001,213,5,5,0.95,0.5,1,15,False,-0.56,0.042,0.035,46.04,44,38.64,False,"{""sampler"":""TPESampler"",""seed"":42,""n_trials"":50,""direction"":""maximize"",""objective"":""composite = Sharpe * (Return% / MaxDD%)""}","{""lookback"":213,""pivot_window"":5,""min_touches"":5,""tolerance_atr_mult"":0.95,""cluster_atr_mult"":0.5,""confirmation_bars"":1,""cooldown_bars"":15,""allowshort"":false}",2014-01-01,2024-12-31,2025-01-01,2026-04-20,2014-01-01,2026-04-20,207.0,44.0,17.0,27.0,38.64,69907.54,-44222.02,11.04,265.05,46.04,168699.0,-214829.9999999999,-0.56,0.11,0.09,0.0055,0.0,146.0,29.0,16.0,13.0,55.17,44650.22,-42239.71,8.69,208.48,23.56,169939.4999999999,-151104.0,16.53,0.31,0.32,0.0039,0.01,353.0,73.0,33.0,40.0,45.21,56217.01,-43151.82,10.16,243.82,46.04,164663.3999999999,-214829.9999999999,12.91,0.16,0.14,0.005,0.0
VKCO,breakout_pivot,1h,Bayesian_TPE,40,0.277,260,3,4,0.8,0.8,1,11,False,70.95,0.185,0.167,47.35,194,42.27,False,"{""sampler"":""TPESampler"",""seed"":42,""n_trials"":50,""direction"":""maximize"",""objective"":""composite = Sharpe * (Return% / MaxDD%)""}","{""lookback"":260,""pivot_window"":3,""min_touches"":4,""tolerance_atr_mult"":0.8,""cluster_atr_mult"":0.8,""confirmation_bars"":1,""cooldown_bars"":11,""allowshort"":false}",2014-01-01,2024-12-31,2025-01-01,2026-04-20,2014-01-01,2026-04-20,647.0,194.0,82.0,110.0,42.27,57721.68,-36578.6,2.86,68.53,47.35,372095.9999999998,-328020.00000000006,70.95,0.47,0.43,0.0058,0.01,450.0,134.0,54.0,79.0,40.3,36679.62,-16389.92,1.51,36.23,13.24,145533.6000000001,-99283.30000000008,68.59,0.94,0.95,0.0036,0.03,1097.0,328.0,136.0,189.0,41.46,59030.56,-32791.77,2.32,55.61,47.35,372095.9999999998,-328020.00000000006,183.05,0.58,0.53,0.0051,0.01
VKCO,breakout_pivot,1h,Bayesian_TPE,41,0.001,197,4,4,0.35,0.75,2,16,False,0.92,0.044,0.038,47.39,71,40.85,False,"{""sampler"":""TPESampler"",""seed"":42,""n_trials"":50,""direction"":""maximize"",""objective"":""composite = Sharpe * (Return% / MaxDD%)""}","{""lookback"":197,""pivot_window"":4,""min_touches"":4,""tolerance_atr_mult"":0.35,""cluster_atr_mult"":0.75,""confirmation_bars"":2,""cooldown_bars"":16,""allowshort"":false}",2014-01-01,2024-12-31,2025-01-01,2026-04-20,2014-01-01,2026-04-20,244.0,71.0,29.0,42.0,40.85,42417.05,-29069.99,6.46,155.11,47.39,205140.60000000003,-134454.59999999983,0.92,0.11,0.1,0.0052,0.0,184.0,53.0,20.0,33.0,37.74,46579.41,-21360.69,4.15,99.64,21.54,224829.0,-61789.99999999981,22.67,0.4,0.41,0.0038,0.01,428.0,124.0,49.0,75.0,39.52,43219.42,-25508.71,5.51,132.15,47.39,220770.0,-134454.59999999983,20.46,0.19,0.17,0.0047,0.0
VKCO,breakout_pivot,1h,Bayesian_TPE,42,0.469,297,6,4,0.4,0.8,2,17,False,74.1,0.2,0.181,31.6,42,45.24,False,"{""sampler"":""TPESampler"",""seed"":42,""n_trials"":50,""direction"":""maximize"",""objective"":""composite = Sharpe * (Return% / MaxDD%)""}","{""lookback"":297,""pivot_window"":6,""min_touches"":4,""tolerance_atr_mult"":0.4,""cluster_atr_mult"":0.8,""confirmation_bars"":2,""cooldown_bars"":17,""allowshort"":false}",2014-01-01,2024-12-31,2025-01-01,2026-04-20,2014-01-01,2026-04-20,172.0,42.0,19.0,23.0,45.24,100712.68,-50978.12,11.29,271.0,31.6,307629.5999999999,-173824.00000000015,74.1,0.51,0.46,0.0053,0.01,134.0,37.0,9.0,28.0,24.32,36138.88,-18360.56,6.58,158.03,26.9,174969.59999999995,-50582.69999999996,-18.88,-0.28,-0.3,0.0036,-0.0,306.0,79.0,28.0,51.0,35.44,98275.25,-42609.58,9.4,225.61,31.6,512716.0,-173824.00000000015,57.86,0.32,0.31,0.0048,0.0
VKCO,breakout_pivot,1h,Bayesian_TPE,43,0.423,293,6,4,0.4,0.8500000000000001,2,17,False,67.08,0.193,0.18,30.64,43,44.19,False,"{""sampler"":""TPESampler"",""seed"":42,""n_trials"":50,""direction"":""maximize"",""objective"":""composite = Sharpe * (Return% / MaxDD%)""}","{""lookback"":293,""pivot_window"":6,""min_touches"":4,""tolerance_atr_mult"":0.4,""cluster_atr_mult"":0.8500000000000001,""confirmation_bars"":2,""cooldown_bars"":17,""allowshort"":false}",2014-01-01,2024-12-31,2025-01-01,2026-04-20,2014-01-01,2026-04-20,182.0,43.0,19.0,24.0,44.19,89133.72,-42614.47,10.96,263.0,30.64,295209.5999999999,-164505.60000000015,67.08,0.49,0.46,0.0051,0.01,135.0,37.0,9.0,28.0,24.32,38444.72,-18472.74,7.06,169.43,24.03,225543.59999999995,-53963.69999999996,-17.12,-0.24,-0.25,0.0037,-0.0,317.0,80.0,28.0,52.0,35.0,90592.84,-38246.98,9.46,227.15,30.64,492016.0,-164505.60000000015,54.78,0.31,0.31,0.0047,0.0
VKCO,breakout_pivot,1h,Bayesian_TPE,44,0.089,300,5,4,0.45,0.8,2,19,False,33.0,0.124,0.109,45.76,73,39.73,False,"{""sampler"":""TPESampler"",""seed"":42,""n_trials"":50,""direction"":""maximize"",""objective"":""composite = Sharpe * (Return% / MaxDD%)""}","{""lookback"":300,""pivot_window"":5,""min_touches"":4,""tolerance_atr_mult"":0.45,""cluster_atr_mult"":0.8,""confirmation_bars"":2,""cooldown_bars"":19,""allowshort"":false}",2014-01-01,2024-12-31,2025-01-01,2026-04-20,2014-01-01,2026-04-20,250.0,73.0,29.0,44.0,39.73,76304.54,-42791.79,6.08,146.01,45.76,275890.0,-218637.0,33.0,0.32,0.28,0.0051,0.0,172.0,47.0,19.0,28.0,40.43,41522.12,-26988.25,5.07,121.7,28.83,224757.0,-193591.0000000001,3.32,0.13,0.12,0.0039,0.0,422.0,120.0,48.0,72.0,40.0,67960.32,-40109.81,5.69,136.49,45.76,298935.0,-257471.6000000001,37.42,0.25,0.23,0.0047,0.0
VKCO,breakout_pivot,1h,Bayesian_TPE,45,0.312,274,4,4,0.6000000000000001,0.9000000000000001,2,17,False,57.81,0.172,0.15,31.85,105,38.1,False,"{""sampler"":""TPESampler"",""seed"":42,""n_trials"":50,""direction"":""maximize"",""objective"":""composite = Sharpe * (Return% / MaxDD%)""}","{""lookback"":274,""pivot_window"":4,""min_touches"":4,""tolerance_atr_mult"":0.6000000000000001,""cluster_atr_mult"":0.9000000000000001,""confirmation_bars"":2,""cooldown_bars"":17,""allowshort"":false}",2014-01-01,2024-12-31,2025-01-01,2026-04-20,2014-01-01,2026-04-20,342.0,105.0,40.0,65.0,38.1,59452.56,-27692.74,4.72,113.37,31.85,348518.9999999999,-103042.79999999996,57.81,0.44,0.38,0.0053,0.01,241.0,76.0,30.0,46.0,39.47,32141.72,-19238.33,2.72,65.28,24.53,115452.0,-61591.099999999955,7.93,0.2,0.2,0.0036,0.0,583.0,181.0,70.0,111.0,38.67,54521.85,-28460.43,3.9,93.69,31.85,306090.6,-103042.79999999996,65.74,0.35,0.31,0.0047,0.01
VKCO,breakout_pivot,1h,Bayesian_TPE,46,0.111,274,3,5,0.4,1.1,2,14,False,38.1,0.134,0.111,45.98,88,36.36,False,"{""sampler"":""TPESampler"",""seed"":42,""n_trials"":50,""direction"":""maximize"",""objective"":""composite = Sharpe * (Return% / MaxDD%)""}","{""lookback"":274,""pivot_window"":3,""min_touches"":5,""tolerance_atr_mult"":0.4,""cluster_atr_mult"":1.1,""confirmation_bars"":2,""cooldown_bars"":14,""allowshort"":false}",2014-01-01,2024-12-31,2025-01-01,2026-04-20,2014-01-01,2026-04-20,324.0,88.0,32.0,56.0,36.36,71739.4,-34190.3,5.39,129.32,45.98,392156.0,-201435.0,38.1,0.34,0.28,0.0053,0.0,208.0,57.0,19.0,38.0,33.33,41834.29,-22947.94,4.0,96.07,31.04,195190.80000000016,-132431.00000000003,-7.72,-0.06,-0.05,0.0037,-0.0,532.0,145.0,51.0,94.0,35.17,66537.55,-33180.13,4.84,116.25,45.98,392156.0,-201435.0,27.45,0.22,0.18,0.0048,0.0
VKCO,breakout_pivot,1h,Bayesian_TPE,47,0.125,232,5,4,0.9000000000000001,0.8500000000000001,2,20,False,35.05,0.126,0.109,35.28,93,40.86,False,"{""sampler"":""TPESampler"",""seed"":42,""n_trials"":50,""direction"":""maximize"",""objective"":""composite = Sharpe * (Return% / MaxDD%)""}","{""lookback"":232,""pivot_window"":5,""min_touches"":4,""tolerance_atr_mult"":0.9000000000000001,""cluster_atr_mult"":0.8500000000000001,""confirmation_bars"":2,""cooldown_bars"":20,""allowshort"":false}",2014-01-01,2024-12-31,2025-01-01,2026-04-20,2014-01-01,2026-04-20,300.0,93.0,38.0,55.0,40.86,61052.61,-35809.73,5.43,130.27,35.28,293682.99999999994,-121920.00000000016,35.05,0.32,0.28,0.0055,0.0,208.0,59.0,30.0,29.0,50.85,38005.94,-27528.98,3.82,91.76,22.33,217266.0,-100152.49999999988,34.18,0.55,0.55,0.0038,0.01,508.0,152.0,68.0,84.0,44.74,56760.76,-36282.12,4.81,115.32,35.28,293682.99999999994,-135257.49999999985,81.2,0.38,0.34,0.0049,0.01
VKCO,breakout_pivot,1h,Bayesian_TPE,48,-0.005,261,6,3,1.1,0.65,2,15,False,-10.04,0.027,0.024,53.49,133,34.59,False,"{""sampler"":""TPESampler"",""seed"":42,""n_trials"":50,""direction"":""maximize"",""objective"":""composite = Sharpe * (Return% / MaxDD%)""}","{""lookback"":261,""pivot_window"":6,""min_touches"":3,""tolerance_atr_mult"":1.1,""cluster_atr_mult"":0.65,""confirmation_bars"":2,""cooldown_bars"":15,""allowshort"":false}",2014-01-01,2024-12-31,2025-01-01,2026-04-20,2014-01-01,2026-04-20,446.0,133.0,46.0,86.0,34.59,44804.88,-25133.4,4.1,98.45,53.49,297928.4,-145745.00000000006,-10.04,0.07,0.06,0.0065,0.0,295.0,90.0,34.0,55.0,37.78,30014.8,-17589.11,2.7,64.83,24.05,130011.19999999988,-93667.20000000011,5.31,0.16,0.16,0.0041,0.0,741.0,223.0,80.0,141.0,35.87,37237.14,-21501.36,3.54,84.88,53.49,297928.4,-145745.00000000006,-5.27,0.09,0.08,0.0057,0.0
VKCO,breakout_pivot,1h,Bayesian_TPE,49,1.285,214,3,4,0.7,0.35,2,4,False,162.56,0.303,0.282,38.33,128,38.28,False,"{""sampler"":""TPESampler"",""seed"":42,""n_trials"":50,""direction"":""maximize"",""objective"":""composite = Sharpe * (Return% / MaxDD%)""}","{""lookback"":214,""pivot_window"":3,""min_touches"":4,""tolerance_atr_mult"":0.7,""cluster_atr_mult"":0.35,""confirmation_bars"":2,""cooldown_bars"":4,""allowshort"":false}",2014-01-01,2024-12-31,2025-01-01,2026-04-20,2014-01-01,2026-04-20,625.0,128.0,49.0,75.0,38.28,104113.88,-46346.41,4.16,99.91,38.33,402363.40000000026,-322706.4000000003,162.56,0.77,0.72,0.0056,0.01,442.0,96.0,36.0,59.0,37.5,29800.29,-15778.44,2.07,49.78,23.79,143279.99999999988,-70139.09999999995,14.19,0.3,0.29,0.0036,0.0,1067.0,224.0,85.0,134.0,37.95,91355.41,-43668.06,3.28,78.83,38.33,402363.40000000026,-322706.4000000003,191.37,0.61,0.56,0.0049,0.01
GAZP,breakout_pivot,1h,Bayesian_TPE,0,-0.008,175,12,4,0.8500000000000001,0.4,1,4,True,-30.08,0.017,0.014,64.37,32,40.62,True,"{""sampler"":""TPESampler"",""seed"":42,""n_trials"":50,""direction"":""maximize"",""objective"":""composite = Sharpe * (Return% / MaxDD%)""}","{""lookback"":175,""pivot_window"":12,""min_touches"":4,""tolerance_atr_mult"":0.8500000000000001,""cluster_atr_mult"":0.4,""confirmation_bars"":1,""cooldown_bars"":4,""allowshort"":true}",2014-01-01,2024-12-31,2025-01-01,2026-04-20,2014-01-01,2026-04-20,212.0,32.0,13.0,19.0,40.62,72429.37,-65387.27,68.46,1642.94,64.37,442815.56,-662402.4600000001,-30.08,0.04,0.04,0.0059,0.0,37.0,6.0,2.0,4.0,33.33,20709.4,-40334.89,19.28,462.83,15.74,29468.44999999992,-80671.25,-11.99,-0.33,-0.22,0.0021,-0.0,249.0,37.0,15.0,22.0,40.54,73489.33,-59753.08,64.32,1543.78,64.37,442815.56,-662402.4600000001,-21.22,0.07,0.05,0.0055,0.0
GAZP,breakout_pivot,1h,Bayesian_TPE,1,1.288,242,3,5,1.05,0.5,1,6,False,310.33,0.201,0.171,48.42,529,38.75,False,"{""sampler"":""TPESampler"",""seed"":42,""n_trials"":50,""direction"":""maximize"",""objective"":""composite = Sharpe * (Return% / MaxDD%)""}","{""lookback"":242,""pivot_window"":3,""min_touches"":5,""tolerance_atr_mult"":1.05,""cluster_atr_mult"":0.5,""confirmation_bars"":1,""cooldown_bars"":6,""allowshort"":false}",2014-01-01,2024-12-31,2025-01-01,2026-04-20,2014-01-01,2026-04-20,2399.0,529.0,205.0,321.0,38.75,58885.13,-27938.27,3.74,89.66,48.42,1110553.6000000003,-1021568.3000000002,310.33,0.51,0.43,0.0041,0.0,442.0,90.0,31.0,59.0,34.44,37674.89,-12128.49,2.46,59.16,14.87,175622.72000000018,-60670.61999999986,45.23,0.74,0.75,0.0034,0.02,2841.0,618.0,235.0,380.0,38.03,70024.62,-30973.16,3.57,85.78,48.42,1110553.6000000003,-1021568.3000000002,468.6,0.53,0.46,0.004,0.0
GAZP,breakout_pivot,1h,Bayesian_TPE,2,0.075,186,5,4,0.4,0.55,2,11,True,47.02,0.081,0.069,51.03,142,42.25,True,"{""sampler"":""TPESampler"",""seed"":42,""n_trials"":50,""direction"":""maximize"",""objective"":""composite = Sharpe * (Return% / MaxDD%)""}","{""lookback"":186,""pivot_window"":5,""min_touches"":4,""tolerance_atr_mult"":0.4,""cluster_atr_mult"":0.55,""confirmation_bars"":2,""cooldown_bars"":11,""allowshort"":true}",2014-01-01,2024-12-31,2025-01-01,2026-04-20,2014-01-01,2026-04-20,593.0,142.0,60.0,82.0,42.25,62680.94,-40129.95,14.12,338.86,51.03,369350.1000000001,-523081.5200000002,47.02,0.21,0.18,0.0037,0.0,113.0,26.0,9.0,17.0,34.62,68496.96,-26402.97,9.03,216.69,21.27,308629.6,-98262.06000000013,16.76,0.35,0.34,0.0033,0.01,706.0,167.0,68.0,99.0,40.72,67847.87,-39754.54,13.49,323.81,51.03,572189.64,-523081.5200000002,67.8,0.22,0.19,0.0036,0.0
GAZP,breakout_pivot,1h,Bayesian_TPE,3,1.006,203,8,2,0.8500000000000001,0.45,1,20,True,209.33,0.174,0.153,36.21,558,40.5,True,"{""sampler"":""TPESampler"",""seed"":42,""n_trials"":50,""direction"":""maximize"",""objective"":""composite = Sharpe * (Return% / MaxDD%)""}","{""lookback"":203,""pivot_window"":8,""min_touches"":2,""tolerance_atr_mult"":0.8500000000000001,""cluster_atr_mult"":0.45,""confirmation_bars"":1,""cooldown_bars"":20,""allowshort"":true}",2014-01-01,2024-12-31,2025-01-01,2026-04-20,2014-01-01,2026-04-20,1571.0,558.0,226.0,331.0,40.5,43833.89,-23604.56,3.49,83.73,36.21,759141.25,-632073.6000000001,209.33,0.44,0.39,0.0039,0.0,319.0,111.0,46.0,65.0,41.44,24184.25,-14117.62,2.13,51.06,21.68,219598.1399999999,-57357.360000000066,19.48,0.38,0.38,0.0035,0.01,1890.0,669.0,271.0,397.0,40.51,48633.04,-26777.99,3.27,78.56,36.21,759141.25,-632073.6000000001,254.87,0.42,0.38,0.0038,0.0
GAZP,breakout_pivot,1h,Bayesian_TPE,4,1.203,161,3,4,0.7,0.4,2,3,True,292.52,0.194,0.163,47.18,398,41.71,True,"{""sampler"":""TPESampler"",""seed"":42,""n_trials"":50,""direction"":""maximize"",""objective"":""composite = Sharpe * (Return% / MaxDD%)""}","{""lookback"":161,""pivot_window"":3,""min_touches"":4,""tolerance_atr_mult"":0.7,""cluster_atr_mult"":0.4,""confirmation_bars"":2,""cooldown_bars"":3,""allowshort"":true}",2014-01-01,2024-12-31,2025-01-01,2026-04-20,2014-01-01,2026-04-20,2090.0,398.0,166.0,232.0,41.71,74297.35,-40552.62,5.06,121.5,47.18,1112848.8599999994,-1446415.08,292.52,0.5,0.42,0.0042,0.0,388.0,66.0,27.0,39.0,40.91,24321.44,-13569.3,3.13,75.11,15.61,119834.87999999999,-50653.41000000007,12.75,0.3,0.28,0.003,0.01,2478.0,464.0,193.0,271.0,41.59,76300.12,-42163.75,4.81,115.35,47.18,1112848.8599999994,-1446415.08,329.95,0.46,0.39,0.004,0.0
GAZP,breakout_pivot,1h,Bayesian_TPE,5,0.414,233,6,4,0.8,0.45,3,16,True,169.71,0.149,0.121,61.11,142,48.59,True,"{""sampler"":""TPESampler"",""seed"":42,""n_trials"":50,""direction"":""maximize"",""objective"":""composite = Sharpe * (Return% / MaxDD%)""}","{""lookback"":233,""pivot_window"":6,""min_touches"":4,""tolerance_atr_mult"":0.8,""cluster_atr_mult"":0.45,""confirmation_bars"":3,""cooldown_bars"":16,""allowshort"":true}",2014-01-01,2024-12-31,2025-01-01,2026-04-20,2014-01-01,2026-04-20,609.0,142.0,69.0,73.0,48.59,103604.55,-74680.27,14.7,352.89,61.11,838853.7000000001,-900444.5099999998,169.71,0.38,0.31,0.0042,0.0,134.0,31.0,14.0,17.0,45.16,47722.79,-29794.79,6.63,159.03,22.02,174157.97999999986,-87534.31999999988,16.16,0.36,0.34,0.003,0.0,743.0,172.0,82.0,90.0,47.67,108660.74,-75616.61,13.41,321.92,61.11,838853.7000000001,-900444.5099999998,210.47,0.37,0.3,0.0041,0.0
GAZP,breakout_pivot,1h,Bayesian_TPE,6,1.194,220,12,2,0.45,0.3,1,9,False,238.35,0.181,0.157,36.14,406,39.41,False,"{""sampler"":""TPESampler"",""seed"":42,""n_trials"":50,""direction"":""maximize"",""objective"":""composite = Sharpe * (Return% / MaxDD%)""}","{""lookback"":220,""pivot_window"":12,""min_touches"":2,""tolerance_atr_mult"":0.45,""cluster_atr_mult"":0.3,""confirmation_bars"":1,""cooldown_bars"":9,""allowshort"":false}",2014-01-01,2024-12-31,2025-01-01,2026-04-20,2014-01-01,2026-04-20,1510.0,406.0,160.0,245.0,39.41,58275.76,-28295.87,4.93,118.35,36.14,775219.1999999998,-587792.3,239.16,0.46,0.4,0.004,0.01,309.0,78.0,36.0,42.0,46.15,28416.3,-19128.48,3.03,72.77,24.33,234472.6000000001,-75891.40000000002,21.96,0.42,0.42,0.0034,0.01,1819.0,484.0,196.0,287.0,40.5,64278.61,-33379.37,4.64,111.44,36.14,775219.1999999998,-587792.3,301.87,0.45,0.39,0.0039,0.0
GAZP,breakout_pivot,1h,Bayesian_TPE,7,0.78,171,5,4,0.4,1.05,1,20,True,153.92,0.158,0.154,31.19,202,38.61,True,"{""sampler"":""TPESampler"",""seed"":42,""n_trials"":50,""direction"":""maximize"",""objective"":""composite = Sharpe * (Return% / MaxDD%)""}","{""lookback"":171,""pivot_window"":5,""min_touches"":4,""tolerance_atr_mult"":0.4,""cluster_atr_mult"":1.05,""confirmation_bars"":1,""cooldown_bars"":20,""allowshort"":true}",2014-01-01,2024-12-31,2025-01-01,2026-04-20,2014-01-01,2026-04-20,730.0,202.0,78.0,124.0,38.61,66575.85,-29465.25,9.71,233.13,31.19,637774.9000000001,-187646.4000000002,153.92,0.4,0.39,0.0035,0.0,139.0,38.0,15.0,23.0,39.47,47506.69,-22599.49,5.69,136.47,21.67,242937.93,-82802.06999999999,19.28,0.39,0.37,0.0032,0.01,869.0,239.0,92.0,147.0,38.49,74977.1,-33618.22,9.17,220.09,31.19,637774.9000000001,-205206.68999999997,195.6,0.39,0.38,0.0035,0.0
GAZP,breakout_pivot,1h,Bayesian_TPE,8,0.573,101,11,4,0.95,1.0,1,9,False,140.98,0.154,0.145,37.86,10,60.0,False,"{""sampler"":""TPESampler"",""seed"":42,""n_trials"":50,""direction"":""maximize"",""objective"":""composite = Sharpe * (Return% / MaxDD%)""}","{""lookback"":101,""pivot_window"":11,""min_touches"":4,""tolerance_atr_mult"":0.95,""cluster_atr_mult"":1.0,""confirmation_bars"":1,""cooldown_bars"":9,""allowshort"":false}",2014-01-01,2024-12-31,2025-01-01,2026-04-20,2014-01-01,2026-04-20,55.0,10.0,6.0,4.0,60.0,344323.23,-164026.74,197.78,4746.7,37.86,964712.3199999998,-504284.4000000001,140.98,0.39,0.37,0.0034,0.0,14.0,2.0,1.0,1.0,50.0,14828.88,-240646.5,143.98,3455.5,31.41,14828.879999999963,-240646.5,-22.58,-0.32,-0.34,0.0038,-0.0,69.0,12.0,7.0,5.0,58.33,300239.4,-247203.94,188.81,4531.5,47.34,964712.3199999998,-579912.75,86.57,0.26,0.25,0.0035,0.0
GAZP,breakout_pivot,1h,Bayesian_TPE,9,1.887,225,6,2,0.55,0.6000000000000001,3,14,True,351.81,0.227,0.226,42.32,638,40.44,True,"{""sampler"":""TPESampler"",""seed"":42,""n_trials"":50,""direction"":""maximize"",""objective"":""composite = Sharpe * (Return% / MaxDD%)""}","{""lookback"":225,""pivot_window"":6,""min_touches"":2,""tolerance_atr_mult"":0.55,""cluster_atr_mult"":0.6000000000000001,""confirmation_bars"":3,""cooldown_bars"":14,""allowshort"":true}",2014-01-01,2024-12-31,2025-01-01,2026-04-20,2014-01-01,2026-04-20,1899.0,638.0,258.0,377.0,40.44,55683.39,-28775.18,3.15,75.5,42.32,1340485.05,-309281.28000000026,351.81,0.58,0.58,0.0037,0.01,398.0,133.0,60.0,72.0,45.11,23753.08,-16233.77,1.77,42.48,27.37,227516.8000000001,-105214.17,25.64,0.46,0.44,0.0035,0.01,2297.0,771.0,318.0,449.0,41.25,64096.27,-35468.76,2.92,70.02,42.32,1340485.05,-457050.56999999995,445.71,0.55,0.54,0.0037,0.0
GAZP,breakout_pivot,1h,Bayesian_TPE,10,1.462,292,9,2,0.6000000000000001,0.75,3,16,False,301.83,0.209,0.205,43.16,484,38.84,False,"{""sampler"":""TPESampler"",""seed"":42,""n_trials"":50,""direction"":""maximize"",""objective"":""composite = Sharpe * (Return% / MaxDD%)""}","{""lookback"":292,""pivot_window"":9,""min_touches"":2,""tolerance_atr_mult"":0.6000000000000001,""cluster_atr_mult"":0.75,""confirmation_bars"":3,""cooldown_bars"":16,""allowshort"":false}",2014-01-01,2024-12-31,2025-01-01,2026-04-20,2014-01-01,2026-04-20,1504.0,484.0,188.0,295.0,38.84,61102.76,-28708.59,4.11,98.52,43.16,1115444.9100000001,-360188.91000000003,301.83,0.53,0.52,0.0038,0.0,311.0,93.0,41.0,52.0,44.09,34983.61,-19729.43,2.52,60.37,16.61,218833.65000000008,-119411.6400000001,40.84,0.66,0.65,0.0035,0.01,1815.0,577.0,228.0,348.0,39.51,74498.54,-36048.3,3.86,92.66,43.16,1115444.9100000001,-461315.1900000004,444.09,0.54,0.53,0.0037,0.0
GAZP,breakout_pivot,1h,Bayesian_TPE,11,2.52,290,9,2,0.6000000000000001,0.75,3,15,False,447.61,0.249,0.245,44.22,483,39.54,False,"{""sampler"":""TPESampler"",""seed"":42,""n_trials"":50,""direction"":""maximize"",""objective"":""composite = Sharpe * (Return% / MaxDD%)""}","{""lookback"":290,""pivot_window"":9,""min_touches"":2,""tolerance_atr_mult"":0.6000000000000001,""cluster_atr_mult"":0.75,""confirmation_bars"":3,""cooldown_bars"":15,""allowshort"":false}",2014-01-01,2024-12-31,2025-01-01,2026-04-20,2014-01-01,2026-04-20,1545.0,483.0,191.0,291.0,39.54,75790.8,-34364.2,4.11,98.57,44.22,1443429.2000000002,-466122.7,447.61,0.63,0.62,0.0038,0.01,319.0,93.0,41.0,52.0,44.09,34403.87,-19722.98,2.49,59.72,17.0,218833.65000000008,-116785.8600000001,38.5,0.63,0.62,0.0035,0.01,1864.0,576.0,231.0,344.0,40.1,94562.79,-45211.25,3.86,92.59,44.22,1443429.2000000002,-614861.9700000006,629.13,0.62,0.61,0.0038,0.01
GAZP,breakout_pivot,1h,Bayesian_TPE,12,0.445,299,9,3,0.55,0.75,3,15,False,123.9,0.137,0.124,38.12,181,41.99,False,"{""sampler"":""TPESampler"",""seed"":42,""n_trials"":50,""direction"":""maximize"",""objective"":""composite = Sharpe * (Return% / MaxDD%)""}","{""lookback"":299,""pivot_window"":9,""min_touches"":3,""tolerance_atr_mult"":0.55,""cluster_atr_mult"":0.75,""confirmation_bars"":3,""cooldown_bars"":15,""allowshort"":false}",2014-01-01,2024-12-31,2025-01-01,2026-04-20,2014-01-01,2026-04-20,707.0,181.0,76.0,105.0,41.99,61794.49,-32927.04,10.64,255.29,38.12,560343.0200000003,-698135.6999999998,123.9,0.35,0.32,0.0036,0.0,150.0,31.0,13.0,18.0,41.94,33426.73,-20814.31,7.63,183.03,16.83,114557.42000000009,-58996.000000000065,5.99,0.17,0.17,0.0033,0.0,857.0,211.0,88.0,123.0,41.71,64095.75,-34867.28,10.31,247.45,38.12,593374.3200000001,-698135.6999999998,135.18,0.32,0.29,0.0036,0.0
GAZP,breakout_pivot,1h,Bayesian_TPE,13,1.409,261,7,3,1.2,0.9000000000000001,3,13,False,255.47,0.196,0.188,35.54,375,38.67,False,"{""sampler"":""TPESampler"",""seed"":42,""n_trials"":50,""direction"":""maximize"",""objective"":""composite = Sharpe * (Return% / MaxDD%)""}","{""lookback"":261,""pivot_window"":7,""min_touches"":3,""tolerance_atr_mult"":1.2,""cluster_atr_mult"":0.9000000000000001,""confirmation_bars"":3,""cooldown_bars"":13,""allowshort"":false}",2014-01-01,2024-12-31,2025-01-01,2026-04-20,2014-01-01,2026-04-20,1369.0,375.0,145.0,228.0,38.67,61705.99,-28037.88,5.23,125.6,35.54,869270.2400000001,-335510.89000000013,255.47,0.5,0.48,0.0037,0.01,273.0,68.0,36.0,32.0,52.94,26620.68,-20596.68,3.12,74.88,18.26,145327.70000000007,-62355.300000000054,29.93,0.54,0.51,0.0034,0.01,1642.0,442.0,180.0,260.0,40.72,66551.51,-33113.35,4.94,118.67,35.54,869270.2400000001,-335510.89000000013,336.98,0.49,0.47,0.0037,0.01
GAZP,breakout_pivot,1h,Bayesian_TPE,14,0.315,270,10,3,0.6000000000000001,0.6000000000000001,2,14,True,98.43,0.117,0.096,36.61,150,44.0,True,"{""sampler"":""TPESampler"",""seed"":42,""n_trials"":50,""direction"":""maximize"",""objective"":""composite = Sharpe * (Return% / MaxDD%)""}","{""lookback"":270,""pivot_window"":10,""min_touches"":3,""tolerance_atr_mult"":0.6000000000000001,""cluster_atr_mult"":0.6000000000000001,""confirmation_bars"":2,""cooldown_bars"":14,""allowshort"":true}",2014-01-01,2024-12-31,2025-01-01,2026-04-20,2014-01-01,2026-04-20,613.0,150.0,66.0,84.0,44.0,56734.5,-32859.06,12.79,307.01,36.61,434478.6599999999,-401701.7999999999,98.43,0.3,0.25,0.0039,0.0,139.0,33.0,13.0,20.0,39.39,34363.34,-24815.69,7.11,170.58,26.78,123666.11000000016,-68224.79999999997,-4.96,-0.03,-0.03,0.0032,-0.0,752.0,182.0,78.0,104.0,42.86,58541.64,-35796.65,11.91,285.74,36.61,527821.4600000002,-401701.7999999999,84.34,0.24,0.2,0.0038,0.0
GAZP,breakout_pivot,1h,Bayesian_TPE,15,3.441,138,7,2,0.65,0.65,3,18,False,484.09,0.253,0.253,35.59,491,42.36,False,"{""sampler"":""TPESampler"",""seed"":42,""n_trials"":50,""direction"":""maximize"",""objective"":""composite = Sharpe * (Return% / MaxDD%)""}","{""lookback"":138,""pivot_window"":7,""min_touches"":2,""tolerance_atr_mult"":0.65,""cluster_atr_mult"":0.65,""confirmation_bars"":3,""cooldown_bars"":18,""allowshort"":false}",2014-01-01,2024-12-31,2025-01-01,2026-04-20,2014-01-01,2026-04-20,1452.0,491.0,208.0,280.0,42.36,74412.66,-37989.14,4.14,99.44,35.59,1541027.4600000004,-330552.72000000044,484.09,0.64,0.65,0.0039,0.01,299.0,97.0,47.0,50.0,48.45,30781.07,-19534.55,2.49,59.71,16.61,240060.8000000001,-84385.07999999989,47.0,0.73,0.73,0.0035,0.02,1751.0,588.0,254.0,331.0,43.2,92255.99,-49204.94,3.89,93.28,35.59,1541027.4600000004,-467650.0399999994,714.62,0.64,0.64,0.0038,0.01
GAZP,breakout_pivot,1h,Bayesian_TPE,16,0.848,125,8,2,0.7,1.2,3,18,False,312.26,0.174,0.148,64.11,427,42.15,False,"{""sampler"":""TPESampler"",""seed"":42,""n_trials"":50,""direction"":""maximize"",""objective"":""composite = Sharpe * (Return% / MaxDD%)""}","{""lookback"":125,""pivot_window"":8,""min_touches"":2,""tolerance_atr_mult"":0.7,""cluster_atr_mult"":1.2,""confirmation_bars"":3,""cooldown_bars"":18,""allowshort"":false}",2014-01-01,2024-12-31,2025-01-01,2026-04-20,2014-01-01,2026-04-20,1294.0,427.0,180.0,247.0,42.15,73653.06,-41032.24,4.47,107.27,64.11,819142.0800000001,-1804868.1900000002,312.26,0.44,0.38,0.0052,0.0,273.0,84.0,37.0,47.0,44.05,34934.22,-19872.66,2.71,65.12,16.91,236673.9200000001,-65122.200000000055,35.86,0.6,0.59,0.0035,0.01,1567.0,511.0,216.0,295.0,42.27,84581.39,-47307.34,4.2,100.79,64.11,925778.5600000004,-1804868.1900000002,431.39,0.45,0.38,0.0049,0.0
GAZP,breakout_pivot,1h,Bayesian_TPE,17,0.196,141,10,3,0.3,0.8500000000000001,2,18,False,113.02,0.11,0.09,63.34,72,51.39,False,"{""sampler"":""TPESampler"",""seed"":42,""n_trials"":50,""direction"":""maximize"",""objective"":""composite = Sharpe * (Return% / MaxDD%)""}","{""lookback"":141,""pivot_window"":10,""min_touches"":3,""tolerance_atr_mult"":0.3,""cluster_atr_mult"":0.8500000000000001,""confirmation_bars"":2,""cooldown_bars"":18,""allowshort"":false}",2014-01-01,2024-12-31,2025-01-01,2026-04-20,2014-01-01,2026-04-20,292.0,72.0,37.0,35.0,51.39,80563.64,-52874.53,28.4,681.6,63.34,476135.9399999999,-560743.2599999999,113.02,0.28,0.23,0.0056,0.0,57.0,12.0,8.0,4.0,66.67,65506.68,-47065.49,18.9,453.67,19.97,290877.24999999994,-114606.18000000007,33.58,0.6,0.56,0.0033,0.01,349.0,83.0,44.0,39.0,53.01,91455.79,-57503.44,27.53,660.77,63.34,795139.38,-560743.2599999999,178.14,0.31,0.25,0.0053,0.0
GAZP,breakout_pivot,1h,Bayesian_TPE,18,-0.002,144,7,5,0.7,0.65,3,18,False,-35.86,0.003,0.002,66.53,34,32.35,False,"{""sampler"":""TPESampler"",""seed"":42,""n_trials"":50,""direction"":""maximize"",""objective"":""composite = Sharpe * (Return% / MaxDD%)""}","{""lookback"":144,""pivot_window"":7,""min_touches"":5,""tolerance_atr_mult"":0.7,""cluster_atr_mult"":0.65,""confirmation_bars"":3,""cooldown_bars"":18,""allowshort"":false}",2014-01-01,2024-12-31,2025-01-01,2026-04-20,2014-01-01,2026-04-20,116.0,34.0,11.0,23.0,32.35,91680.66,-59438.9,51.63,1239.12,66.53,363052.8199999999,-427946.25,-35.86,0.01,0.0,0.0054,0.0,25.0,6.0,5.0,1.0,83.33,30899.83,-114626.16,39.46,947.0,34.83,79354.80000000009,-114626.16000000015,3.99,0.14,0.13,0.0038,0.0,141.0,39.0,15.0,24.0,38.46,75904.1,-60153.4,51.87,1244.85,66.53,363052.8199999999,-427946.25,-30.51,0.03,0.02,0.0052,0.0
GAZP,breakout_pivot,1h,Bayesian_TPE,19,2.238,104,9,2,1.0,0.7,2,11,False,404.61,0.229,0.211,41.4,390,39.23,False,"{""sampler"":""TPESampler"",""seed"":42,""n_trials"":50,""direction"":""maximize"",""objective"":""composite = Sharpe * (Return% / MaxDD%)""}","{""lookback"":104,""pivot_window"":9,""min_touches"":2,""tolerance_atr_mult"":1.0,""cluster_atr_mult"":0.7,""confirmation_bars"":2,""cooldown_bars"":11,""allowshort"":false}",2014-01-01,2024-12-31,2025-01-01,2026-04-20,2014-01-01,2026-04-20,1357.0,390.0,153.0,237.0,39.23,96872.88,-45466.0,5.0,119.96,41.4,1359731.2500000002,-772836.39,404.61,0.58,0.54,0.004,0.01,299.0,81.0,34.0,47.0,41.98,31361.26,-16245.37,2.72,65.16,16.57,213592.6000000001,-61703.22000000011,30.28,0.54,0.53,0.0034,0.01,1656.0,471.0,187.0,284.0,39.7,108034.97,-51509.02,4.61,110.53,41.4,1359731.2500000002,-772836.39,557.4,0.57,0.54,0.0039,0.01
GAZP,breakout_pivot,1h,Bayesian_TPE,20,4.994,193,5,3,0.5,0.8500000000000001,3,17,False,480.75,0.255,0.244,24.55,318,44.03,False,"{""sampler"":""TPESampler"",""seed"":42,""n_trials"":50,""direction"":""maximize"",""objective"":""composite = Sharpe * (Return% / MaxDD%)""}","{""lookback"":193,""pivot_window"":5,""min_touches"":3,""tolerance_atr_mult"":0.5,""cluster_atr_mult"":0.8500000000000001,""confirmation_bars"":3,""cooldown_bars"":17,""allowshort"":false}",2014-01-01,2024-12-31,2025-01-01,2026-04-20,2014-01-01,2026-04-20,1108.0,318.0,140.0,176.0,44.03,84454.92,-39864.49,6.11,146.53,24.55,1358995.9000000001,-402927.05000000005,480.75,0.65,0.62,0.0038,0.01,216.0,56.0,24.0,32.0,42.86,27155.11,-14249.4,3.87,92.96,15.54,115661.90000000005,-63918.18999999997,19.57,0.42,0.4,0.003,0.01,1324.0,374.0,164.0,208.0,43.85,92051.15,-45783.42,5.8,139.21,24.55,1358995.9000000001,-402927.05000000005,557.34,0.6,0.57,0.0037,0.01
GAZP,breakout_pivot,1h,Bayesian_TPE,21,4.385,197,5,3,0.5,0.8500000000000001,3,17,False,450.14,0.252,0.241,25.87,321,43.61,False,"{""sampler"":""TPESampler"",""seed"":42,""n_trials"":50,""direction"":""maximize"",""objective"":""composite = Sharpe * (Return% / MaxDD%)""}","{""lookback"":197,""pivot_window"":5,""min_touches"":3,""tolerance_atr_mult"":0.5,""cluster_atr_mult"":0.8500000000000001,""confirmation_bars"":3,""cooldown_bars"":17,""allowshort"":false}",2014-01-01,2024-12-31,2025-01-01,2026-04-20,2014-01-01,2026-04-20,1118.0,321.0,140.0,179.0,43.61,80523.19,-37831.76,6.02,144.38,25.87,1327646.6600000001,-393636.15,450.14,0.64,0.62,0.0037,0.01,220.0,56.0,24.0,32.0,42.86,27155.11,-13472.64,3.85,92.32,15.54,115661.90000000005,-63918.18999999997,22.06,0.46,0.44,0.003,0.01,1338.0,377.0,164.0,211.0,43.5,87642.78,-42735.0,5.72,137.34,25.87,1327646.6600000001,-393636.15,535.63,0.6,0.57,0.0036,0.01
GAZP,breakout_pivot,1h,Bayesian_TPE,22,2.015,195,4,3,0.5,0.8500000000000001,3,17,False,341.21,0.219,0.221,37.09,419,42.24,False,"{""sampler"":""TPESampler"",""seed"":42,""n_trials"":50,""direction"":""maximize"",""objective"":""composite = Sharpe * (Return% / MaxDD%)""}","{""lookback"":195,""pivot_window"":4,""min_touches"":3,""tolerance_atr_mult"":0.5,""cluster_atr_mult"":0.8500000000000001,""confirmation_bars"":3,""cooldown_bars"":17,""allowshort"":false}",2014-01-01,2024-12-31,2025-01-01,2026-04-20,2014-01-01,2026-04-20,1340.0,419.0,177.0,242.0,42.24,64312.98,-32939.04,4.84,116.24,37.09,1117340.2200000002,-441112.07,341.21,0.56,0.56,0.0038,0.01,258.0,74.0,31.0,43.0,41.89,34880.13,-14732.69,3.21,77.03,16.39,166341.51000000013,-40264.49999999986,44.78,0.75,0.73,0.0033,0.01,1598.0,493.0,208.0,285.0,42.19,77665.08,-37777.15,4.6,110.35,37.09,1117340.2200000002,-441112.07,538.78,0.59,0.59,0.0037,0.01
GAZP,breakout_pivot,1h,Bayesian_TPE,23,0.466,209,5,3,0.3,0.95,3,20,False,134.06,0.14,0.116,40.3,276,36.96,False,"{""sampler"":""TPESampler"",""seed"":42,""n_trials"":50,""direction"":""maximize"",""objective"":""composite = Sharpe * (Return% / MaxDD%)""}","{""lookback"":209,""pivot_window"":5,""min_touches"":3,""tolerance_atr_mult"":0.3,""cluster_atr_mult"":0.95,""confirmation_bars"":3,""cooldown_bars"":20,""allowshort"":false}",2014-01-01,2024-12-31,2025-01-01,2026-04-20,2014-01-01,2026-04-20,947.0,276.0,102.0,174.0,36.96,67894.13,-32095.34,6.71,161.05,40.3,712655.8,-815959.4400000002,134.06,0.36,0.3,0.0038,0.0,189.0,47.0,18.0,29.0,38.3,56750.98,-17535.73,4.89,117.36,14.7,234095.32000000012,-66869.25,51.3,0.83,0.8,0.0033,0.02,1136.0,323.0,120.0,203.0,37.15,75529.94,-33060.85,6.48,155.5,40.3,712655.8,-815959.4400000002,235.22,0.41,0.35,0.0037,0.0
GAZP,breakout_pivot,1h,Bayesian_TPE,24,1.911,156,6,3,0.4,1.1,2,18,False,316.18,0.219,0.214,36.24,262,40.46,False,"{""sampler"":""TPESampler"",""seed"":42,""n_trials"":50,""direction"":""maximize"",""objective"":""composite = Sharpe * (Return% / MaxDD%)""}","{""lookback"":156,""pivot_window"":6,""min_touches"":3,""tolerance_atr_mult"":0.4,""cluster_atr_mult"":1.1,""confirmation_bars"":2,""cooldown_bars"":18,""allowshort"":false}",2014-01-01,2024-12-31,2025-01-01,2026-04-20,2014-01-01,2026-04-20,897.0,262.0,106.0,155.0,40.46,78327.66,-33167.24,7.46,179.07,36.24,930825.3,-283783.5000000002,316.18,0.56,0.55,0.0037,0.01,183.0,44.0,17.0,27.0,38.64,53345.57,-21983.88,4.99,119.82,21.49,240331.05999999997,-91716.2399999998,31.33,0.57,0.55,0.0033,0.01,1080.0,306.0,123.0,182.0,40.2,94127.05,-40966.17,7.14,171.31,36.24,937325.9599999998,-357689.63999999926,412.18,0.54,0.53,0.0036,0.01
GAZP,breakout_pivot,1h,Bayesian_TPE,25,3.577,130,4,3,0.5,0.8500000000000001,3,12,False,399.53,0.236,0.236,26.36,393,41.98,False,"{""sampler"":""TPESampler"",""seed"":42,""n_trials"":50,""direction"":""maximize"",""objective"":""composite = Sharpe * (Return% / MaxDD%)""}","{""lookback"":130,""pivot_window"":4,""min_touches"":3,""tolerance_atr_mult"":0.5,""cluster_atr_mult"":0.8500000000000001,""confirmation_bars"":3,""cooldown_bars"":12,""allowshort"":false}",2014-01-01,2024-12-31,2025-01-01,2026-04-20,2014-01-01,2026-04-20,1364.0,393.0,165.0,226.0,41.98,75167.89,-37200.94,5.11,122.61,26.36,1229853.4500000002,-410424.73999999993,399.53,0.6,0.6,0.0038,0.01,273.0,68.0,29.0,39.0,42.65,31703.11,-18301.6,3.5,84.0,18.89,163836.3000000001,-84076.65000000005,20.56,0.41,0.39,0.0033,0.01,1637.0,461.0,194.0,265.0,42.08,87605.72,-45181.17,4.87,116.92,26.36,1229853.4500000002,-420006.6000000002,502.25,0.57,0.57,0.0037,0.01
GAZP,breakout_pivot,1h,Bayesian_TPE,26,2.608,123,4,3,0.5,0.8500000000000001,3,12,False,316.41,0.213,0.213,25.84,386,40.93,False,"{""sampler"":""TPESampler"",""seed"":42,""n_trials"":50,""direction"":""maximize"",""objective"":""composite = Sharpe * (Return% / MaxDD%)""}","{""lookback"":123,""pivot_window"":4,""min_touches"":3,""tolerance_atr_mult"":0.5,""cluster_atr_mult"":0.8500000000000001,""confirmation_bars"":3,""cooldown_bars"":12,""allowshort"":false}",2014-01-01,2024-12-31,2025-01-01,2026-04-20,2014-01-01,2026-04-20,1338.0,386.0,158.0,226.0,40.93,64758.67,-31273.42,5.19,124.52,25.84,1017999.5000000001,-337434.67999999993,316.41,0.54,0.54,0.0038,0.01,262.0,66.0,29.0,37.0,43.94,31115.19,-19002.29,3.55,85.18,18.89,163370.73000000013,-83499.12000000004,19.93,0.4,0.38,0.0033,0.01,1600.0,452.0,187.0,263.0,41.37,74810.13,-38006.29,4.95,118.77,25.84,1017999.5000000001,-347706.5400000002,399.38,0.52,0.52,0.0037,0.01
GAZP,breakout_pivot,1h,Bayesian_TPE,27,0.772,184,4,3,0.35,0.8,2,8,False,185.21,0.161,0.14,38.63,431,39.91,False,"{""sampler"":""TPESampler"",""seed"":42,""n_trials"":50,""direction"":""maximize"",""objective"":""composite = Sharpe * (Return% / MaxDD%)""}","{""lookback"":184,""pivot_window"":4,""min_touches"":3,""tolerance_atr_mult"":0.35,""cluster_atr_mult"":0.8,""confirmation_bars"":2,""cooldown_bars"":8,""allowshort"":false}",2014-01-01,2024-12-31,2025-01-01,2026-04-20,2014-01-01,2026-04-20,1677.0,431.0,172.0,259.0,39.91,51483.82,-27039.02,4.72,113.33,38.63,682495.15,-824568.0,185.21,0.41,0.36,0.0039,0.0,338.0,68.0,30.0,38.0,44.12,37186.15,-16941.49,3.61,86.53,17.83,254888.80000000008,-58169.07000000007,47.18,0.77,0.77,0.0033,0.01,2015.0,499.0,202.0,297.0,40.48,57980.91,-29429.01,4.59,110.2,38.63,687816.0000000002,-824568.0,297.17,0.45,0.39,0.0039,0.0
GAZP,breakout_pivot,1h,Bayesian_TPE,28,0.911,213,3,3,0.45,0.95,3,12,False,214.8,0.171,0.148,40.33,527,39.09,False,"{""sampler"":""TPESampler"",""seed"":42,""n_trials"":50,""direction"":""maximize"",""objective"":""composite = Sharpe * (Return% / MaxDD%)""}","{""lookback"":213,""pivot_window"":3,""min_touches"":3,""tolerance_atr_mult"":0.45,""cluster_atr_mult"":0.95,""confirmation_bars"":3,""cooldown_bars"":12,""allowshort"":false}",2014-01-01,2024-12-31,2025-01-01,2026-04-20,2014-01-01,2026-04-20,1732.0,527.0,206.0,321.0,39.09,47889.76,-24041.25,3.84,92.11,40.33,743180.06,-741608.3200000002,214.8,0.43,0.38,0.0041,0.0,341.0,96.0,42.0,54.0,43.75,19327.18,-15846.65,2.54,60.89,39.87,178161.87999999998,-78299.99999999999,-4.4,-0.0,-0.0,0.0035,-0.0,2073.0,623.0,248.0,375.0,39.81,49243.96,-27500.83,3.65,87.55,40.33,743180.06,-741608.3200000002,189.97,0.36,0.31,0.004,0.0
GAZP,breakout_pivot,1h,Bayesian_TPE,29,0.877,246,5,3,0.8,1.05,3,5,False,165.82,0.157,0.145,29.67,477,38.99,False,"{""sampler"":""TPESampler"",""seed"":42,""n_trials"":50,""direction"":""maximize"",""objective"":""composite = Sharpe * (Return% / MaxDD%)""}","{""lookback"":246,""pivot_window"":5,""min_touches"":3,""tolerance_atr_mult"":0.8,""cluster_atr_mult"":1.05,""confirmation_bars"":3,""cooldown_bars"":5,""allowshort"":false}",2014-01-01,2024-12-31,2025-01-01,2026-04-20,2014-01-01,2026-04-20,2055.0,477.0,186.0,290.0,38.99,40711.13,-20393.48,4.05,97.09,29.67,477829.81999999995,-222953.6400000001,165.82,0.4,0.37,0.0037,0.01,419.0,86.0,35.0,51.0,40.7,32565.68,-16286.38,2.87,68.77,16.31,159634.8599999999,-60560.160000000076,30.92,0.54,0.54,0.0034,0.01,2474.0,563.0,221.0,341.0,39.25,47973.13,-23818.37,3.87,92.76,29.67,477829.81999999995,-222953.6400000001,248.0,0.42,0.4,0.0037,0.01
GAZP,breakout_pivot,1h,Bayesian_TPE,30,0.848,169,4,4,0.5,1.2,2,7,False,199.36,0.167,0.148,39.26,287,40.77,False,"{""sampler"":""TPESampler"",""seed"":42,""n_trials"":50,""direction"":""maximize"",""objective"":""composite = Sharpe * (Return% / MaxDD%)""}","{""lookback"":169,""pivot_window"":4,""min_touches"":4,""tolerance_atr_mult"":0.5,""cluster_atr_mult"":1.2,""confirmation_bars"":2,""cooldown_bars"":7,""allowshort"":false}",2014-01-01,2024-12-31,2025-01-01,2026-04-20,2014-01-01,2026-04-20,1242.0,287.0,117.0,169.0,40.77,71434.27,-37658.19,7.3,175.1,39.26,727002.4500000003,-1115086.2000000002,199.36,0.42,0.38,0.004,0.0,243.0,52.0,25.0,27.0,48.08,32130.18,-21154.14,4.97,119.23,16.77,225946.3,-46997.78999999987,23.21,0.44,0.44,0.0034,0.01,1485.0,338.0,141.0,196.0,41.72,75467.7,-40998.0,7.0,167.98,39.26,727002.4500000003,-1115086.2000000002,260.53,0.42,0.38,0.0039,0.0
GAZP,breakout_pivot,1h,Bayesian_TPE,31,0.958,124,6,2,0.65,0.7,3,19,False,249.18,0.189,0.177,49.17,531,42.0,False,"{""sampler"":""TPESampler"",""seed"":42,""n_trials"":50,""direction"":""maximize"",""objective"":""composite = Sharpe * (Return% / MaxDD%)""}","{""lookback"":124,""pivot_window"":6,""min_touches"":2,""tolerance_atr_mult"":0.65,""cluster_atr_mult"":0.7,""confirmation_bars"":3,""cooldown_bars"":19,""allowshort"":false}",2014-01-01,2024-12-31,2025-01-01,2026-04-20,2014-01-01,2026-04-20,1515.0,531.0,223.0,306.0,42.0,49671.4,-28055.32,3.75,90.12,49.17,1110682.2000000002,-1004474.4599999998,249.18,0.48,0.45,0.0039,0.0,317.0,109.0,49.0,60.0,44.95,28402.15,-17554.73,2.11,50.71,25.89,234949.1200000001,-110723.4,33.84,0.57,0.54,0.0035,0.01,1832.0,640.0,272.0,366.0,42.5,57605.37,-33183.02,3.48,83.55,49.17,1110682.2000000002,-1004474.4599999998,352.37,0.49,0.46,0.0038,0.0
GAZP,breakout_pivot,1h,Bayesian_TPE,32,1.925,148,7,3,0.55,0.9000000000000001,3,16,False,298.91,0.212,0.203,32.92,200,43.5,False,"{""sampler"":""TPESampler"",""seed"":42,""n_trials"":50,""direction"":""maximize"",""objective"":""composite = Sharpe * (Return% / MaxDD%)""}","{""lookback"":148,""pivot_window"":7,""min_touches"":3,""tolerance_atr_mult"":0.55,""cluster_atr_mult"":0.9000000000000001,""confirmation_bars"":3,""cooldown_bars"":16,""allowshort"":false}",2014-01-01,2024-12-31,2025-01-01,2026-04-20,2014-01-01,2026-04-20,737.0,200.0,87.0,113.0,43.5,80997.9,-35909.18,9.66,231.79,32.92,907994.9900000001,-295819.5,298.91,0.54,0.52,0.0037,0.01,150.0,32.0,18.0,14.0,56.25,23359.86,-22822.64,6.79,162.84,13.88,59010.80000000009,-52990.980000000105,10.1,0.25,0.24,0.0031,0.01,887.0,232.0,105.0,127.0,45.26,80205.42,-41451.26,9.31,223.41,32.92,907994.9900000001,-295819.5,315.73,0.48,0.46,0.0036,0.01
GAZP,breakout_pivot,1h,Bayesian_TPE,33,1.857,186,5,2,0.65,0.8,3,17,False,305.6,0.217,0.214,35.71,666,42.04,False,"{""sampler"":""TPESampler"",""seed"":42,""n_trials"":50,""direction"":""maximize"",""objective"":""composite = Sharpe * (Return% / MaxDD%)""}","{""lookback"":186,""pivot_window"":5,""min_touches"":2,""tolerance_atr_mult"":0.65,""cluster_atr_mult"":0.8,""confirmation_bars"":3,""cooldown_bars"":17,""allowshort"":false}",2014-01-01,2024-12-31,2025-01-01,2026-04-20,2014-01-01,2026-04-20,1855.0,666.0,280.0,383.0,42.04,42545.72,-23124.9,2.95,70.76,35.71,1148193.3,-270871.0400000002,305.6,0.55,0.55,0.0036,0.01,385.0,142.0,64.0,78.0,45.07,22530.6,-15841.58,1.68,40.38,19.93,164120.15000000014,-110319.29999999999,20.63,0.4,0.39,0.0034,0.01,2240.0,808.0,344.0,461.0,42.57,50817.06,-29776.34,2.73,65.53,35.71,1148193.3,-434811.6,375.42,0.52,0.51,0.0036,0.01
GAZP,breakout_pivot,1h,Bayesian_TPE,34,1.061,137,3,5,0.45,0.65,3,10,False,252.46,0.182,0.157,43.31,166,44.58,False,"{""sampler"":""TPESampler"",""seed"":42,""n_trials"":50,""direction"":""maximize"",""objective"":""composite = Sharpe * (Return% / MaxDD%)""}","{""lookback"":137,""pivot_window"":3,""min_touches"":5,""tolerance_atr_mult"":0.45,""cluster_atr_mult"":0.65,""confirmation_bars"":3,""cooldown_bars"":10,""allowshort"":false}",2014-01-01,2024-12-31,2025-01-01,2026-04-20,2014-01-01,2026-04-20,702.0,166.0,74.0,92.0,44.58,105276.72,-57237.41,12.96,311.08,43.31,838739.2,-1049557.2399999998,252.46,0.46,0.4,0.0041,0.0,119.0,27.0,10.0,17.0,37.04,59674.0,-31515.08,7.98,191.52,22.91,209975.85000000003,-121152.94000000015,6.1,0.18,0.16,0.0032,0.0,821.0,192.0,83.0,109.0,43.23,118591.61,-65479.33,12.4,297.61,43.31,838739.2,-1049557.2399999998,270.59,0.42,0.36,0.004,0.0
GAZP,breakout_pivot,1h,Bayesian_TPE,35,3.942,116,4,3,0.75,0.8,3,14,False,430.38,0.243,0.242,26.53,447,40.49,False,"{""sampler"":""TPESampler"",""seed"":42,""n_trials"":50,""direction"":""maximize"",""objective"":""composite = Sharpe * (Return% / MaxDD%)""}","{""lookback"":116,""pivot_window"":4,""min_touches"":3,""tolerance_atr_mult"":0.75,""cluster_atr_mult"":0.8,""confirmation_bars"":3,""cooldown_bars"":14,""allowshort"":false}",2014-01-01,2024-12-31,2025-01-01,2026-04-20,2014-01-01,2026-04-20,1422.0,447.0,181.0,265.0,40.49,71389.2,-32519.25,4.49,107.86,26.53,1117328.85,-286539.36000000016,430.38,0.62,0.62,0.0038,0.01,287.0,85.0,33.0,52.0,38.82,39419.78,-18168.92,2.95,70.86,17.38,208532.47999999995,-79573.76000000018,35.61,0.59,0.6,0.0035,0.01,1709.0,532.0,214.0,317.0,40.23,92622.95,-42993.18,4.25,101.95,26.53,1117328.85,-422064.96000000095,619.25,0.61,0.61,0.0038,0.01
GAZP,breakout_pivot,1h,Bayesian_TPE,36,2.54,119,4,3,0.75,0.95,3,13,False,362.78,0.227,0.225,32.42,465,38.92,False,"{""sampler"":""TPESampler"",""seed"":42,""n_trials"":50,""direction"":""maximize"",""objective"":""composite = Sharpe * (Return% / MaxDD%)""}","{""lookback"":119,""pivot_window"":4,""min_touches"":3,""tolerance_atr_mult"":0.75,""cluster_atr_mult"":0.95,""confirmation_bars"":3,""cooldown_bars"":13,""allowshort"":false}",2014-01-01,2024-12-31,2025-01-01,2026-04-20,2014-01-01,2026-04-20,1517.0,465.0,181.0,283.0,38.92,63930.41,-28069.43,4.27,102.43,32.42,1047871.3000000002,-233972.7999999999,362.78,0.58,0.57,0.0038,0.01,297.0,83.0,32.0,51.0,38.55,40615.32,-17899.5,3.02,72.39,16.73,208532.47999999995,-79560.48000000017,38.68,0.63,0.64,0.0035,0.01,1814.0,548.0,213.0,334.0,38.87,82565.27,-36432.4,4.08,97.88,32.42,1047871.3000000002,-368207.9200000008,541.8,0.59,0.58,0.0038,0.01
GAZP,breakout_pivot,1h,Bayesian_TPE,37,0.281,111,3,4,0.8500000000000001,0.8,2,14,True,135.31,0.133,0.095,64.01,435,43.91,True,"{""sampler"":""TPESampler"",""seed"":42,""n_trials"":50,""direction"":""maximize"",""objective"":""composite = Sharpe * (Return% / MaxDD%)""}","{""lookback"":111,""pivot_window"":3,""min_touches"":4,""tolerance_atr_mult"":0.8500000000000001,""cluster_atr_mult"":0.8,""confirmation_bars"":2,""cooldown_bars"":14,""allowshort"":true}",2014-01-01,2024-12-31,2025-01-01,2026-04-20,2014-01-01,2026-04-20,1434.0,435.0,191.0,242.0,43.91,47203.69,-31664.5,4.54,108.88,64.01,636941.4500000001,-1919429.86,135.31,0.34,0.24,0.0043,0.0,290.0,81.0,36.0,44.0,44.44,25498.79,-17470.51,2.73,65.53,21.34,161524.88000000015,-100790.75999999988,14.93,0.32,0.31,0.0033,0.0,1724.0,515.0,226.0,286.0,43.88,48818.56,-32917.43,4.29,102.9,64.01,636941.4500000001,-1919429.86,161.86,0.33,0.24,0.0042,0.0
GAZP,breakout_pivot,1h,Bayesian_TPE,38,1.532,196,5,3,0.9000000000000001,0.9000000000000001,3,15,False,278.06,0.192,0.163,34.84,420,41.67,False,"{""sampler"":""TPESampler"",""seed"":42,""n_trials"":50,""direction"":""maximize"",""objective"":""composite = Sharpe * (Return% / MaxDD%)""}","{""lookback"":196,""pivot_window"":5,""min_touches"":3,""tolerance_atr_mult"":0.9000000000000001,""cluster_atr_mult"":0.9000000000000001,""confirmation_bars"":3,""cooldown_bars"":15,""allowshort"":false}",2014-01-01,2024-12-31,2025-01-01,2026-04-20,2014-01-01,2026-04-20,1401.0,420.0,175.0,245.0,41.67,62851.18,-33544.23,4.71,113.06,34.84,951646.1600000001,-1040431.6800000002,278.06,0.49,0.42,0.0041,0.01,281.0,79.0,36.0,43.0,45.57,24401.23,-16022.77,2.9,69.59,15.26,147548.93999999992,-51001.75999999993,18.95,0.39,0.38,0.0032,0.01,1682.0,499.0,211.0,288.0,42.28,67868.34,-37580.69,4.42,106.18,34.84,951646.1600000001,-1040431.6800000002,349.7,0.47,0.41,0.004,0.01
GAZP,breakout_pivot,1h,Bayesian_TPE,39,8.469,156,4,4,0.75,1.0,3,13,True,731.28,0.301,0.303,25.99,294,42.18,True,"{""sampler"":""TPESampler"",""seed"":42,""n_trials"":50,""direction"":""maximize"",""objective"":""composite = Sharpe * (Return% / MaxDD%)""}","{""lookback"":156,""pivot_window"":4,""min_touches"":4,""tolerance_atr_mult"":0.75,""cluster_atr_mult"":1.0,""confirmation_bars"":3,""cooldown_bars"":13,""allowshort"":true}",2014-01-01,2024-12-31,2025-01-01,2026-04-20,2014-01-01,2026-04-20,1075.0,294.0,124.0,170.0,42.18,139641.38,-58839.7,6.88,165.1,25.99,1771151.9199999997,-458852.49000000005,731.28,0.77,0.77,0.0038,0.01,213.0,51.0,20.0,31.0,39.22,36614.91,-18046.23,4.93,118.22,15.21,145686.15000000017,-51083.99999999991,17.29,0.37,0.38,0.0032,0.01,1288.0,344.0,143.0,201.0,41.57,161238.71,-72346.62,6.65,159.57,25.99,1771151.9199999997,-458852.49000000005,851.55,0.7,0.71,0.0037,0.01
GAZP,breakout_pivot,1h,Bayesian_TPE,40,1.042,160,6,4,0.8,1.05,2,13,True,232.51,0.18,0.152,40.18,184,40.22,True,"{""sampler"":""TPESampler"",""seed"":42,""n_trials"":50,""direction"":""maximize"",""objective"":""composite = Sharpe * (Return% / MaxDD%)""}","{""lookback"":160,""pivot_window"":6,""min_touches"":4,""tolerance_atr_mult"":0.8,""cluster_atr_mult"":1.05,""confirmation_bars"":2,""cooldown_bars"":13,""allowshort"":true}",2014-01-01,2024-12-31,2025-01-01,2026-04-20,2014-01-01,2026-04-20,739.0,184.0,74.0,109.0,40.22,105217.89,-50101.31,10.82,259.68,40.18,954426.2400000002,-693676.6999999997,232.51,0.46,0.39,0.004,0.0,153.0,32.0,15.0,17.0,46.88,37957.13,-20494.37,5.93,142.41,15.88,142400.44000000012,-51650.68000000009,22.1,0.48,0.44,0.0029,0.01,892.0,215.0,88.0,126.0,40.93,108655.85,-52328.92,10.21,244.95,40.18,954426.2400000002,-693676.6999999997,296.83,0.45,0.38,0.0038,0.0
GAZP,breakout_pivot,1h,Bayesian_TPE,41,2.656,178,4,4,0.75,1.0,3,11,True,441.86,0.238,0.209,39.6,305,41.97,True,"{""sampler"":""TPESampler"",""seed"":42,""n_trials"":50,""direction"":""maximize"",""objective"":""composite = Sharpe * (Return% / MaxDD%)""}","{""lookback"":178,""pivot_window"":4,""min_touches"":4,""tolerance_atr_mult"":0.75,""cluster_atr_mult"":1.0,""confirmation_bars"":3,""cooldown_bars"":11,""allowshort"":true}",2014-01-01,2024-12-31,2025-01-01,2026-04-20,2014-01-01,2026-04-20,1209.0,305.0,128.0,177.0,41.97,120888.69,-62458.73,6.6,158.35,39.6,1247958.75,-1620741.0000000002,441.86,0.61,0.53,0.004,0.01,237.0,53.0,21.0,32.0,39.62,31120.6,-16759.64,4.75,113.98,14.55,146034.45000000016,-50901.809999999976,11.72,0.28,0.28,0.0031,0.01,1446.0,357.0,148.0,209.0,41.46,127025.11,-66466.67,6.38,153.11,39.6,1247958.75,-1620741.0000000002,490.82,0.55,0.49,0.0039,0.01
GAZP,breakout_pivot,1h,Bayesian_TPE,42,0.454,131,3,4,0.9000000000000001,0.8500000000000001,3,16,True,189.57,0.14,0.115,58.48,435,43.68,True,"{""sampler"":""TPESampler"",""seed"":42,""n_trials"":50,""direction"":""maximize"",""objective"":""composite = Sharpe * (Return% / MaxDD%)""}","{""lookback"":131,""pivot_window"":3,""min_touches"":4,""tolerance_atr_mult"":0.9000000000000001,""cluster_atr_mult"":0.8500000000000001,""confirmation_bars"":3,""cooldown_bars"":16,""allowshort"":true}",2014-01-01,2024-12-31,2025-01-01,2026-04-20,2014-01-01,2026-04-20,1354.0,435.0,190.0,245.0,43.68,50429.79,-31371.33,4.62,110.91,58.48,818386.0999999999,-941206.05,189.57,0.36,0.29,0.0053,0.0,266.0,77.0,37.0,40.0,48.05,28478.2,-18081.65,3.11,74.56,15.92,180460.80000000016,-67534.37999999996,33.04,0.58,0.57,0.0034,0.01,1620.0,511.0,226.0,285.0,44.23,55265.38,-34140.56,4.43,106.28,58.48,818386.0999999999,-941206.05,275.99,0.37,0.31,0.005,0.0
GAZP,breakout_pivot,1h,Bayesian_TPE,43,0.084,115,5,5,0.7,1.1,3,10,True,63.39,0.087,0.069,66.0,90,45.56,True,"{""sampler"":""TPESampler"",""seed"":42,""n_trials"":50,""direction"":""maximize"",""objective"":""composite = Sharpe * (Return% / MaxDD%)""}","{""lookback"":115,""pivot_window"":5,""min_touches"":5,""tolerance_atr_mult"":0.7,""cluster_atr_mult"":1.1,""confirmation_bars"":3,""cooldown_bars"":10,""allowshort"":true}",2014-01-01,2024-12-31,2025-01-01,2026-04-20,2014-01-01,2026-04-20,401.0,90.0,41.0,48.0,45.56,89845.9,-63536.69,21.17,507.99,66.0,669708.48,-754628.8000000002,63.39,0.22,0.18,0.0054,0.0,72.0,15.0,7.0,8.0,46.67,83811.9,-43495.58,13.71,329.07,18.66,215074.30000000008,-194589.6400000001,23.87,0.48,0.44,0.0031,0.01,473.0,105.0,48.0,56.0,45.71,97700.64,-64798.21,20.37,488.78,66.0,669708.48,-754628.8000000002,106.09,0.25,0.2,0.0051,0.0
GAZP,breakout_pivot,1h,Bayesian_TPE,44,2.288,167,4,3,0.8500000000000001,0.8,3,12,True,332.82,0.218,0.22,31.71,519,40.46,True,"{""sampler"":""TPESampler"",""seed"":42,""n_trials"":50,""direction"":""maximize"",""objective"":""composite = Sharpe * (Return% / MaxDD%)""}","{""lookback"":167,""pivot_window"":4,""min_touches"":3,""tolerance_atr_mult"":0.8500000000000001,""cluster_atr_mult"":0.8,""confirmation_bars"":3,""cooldown_bars"":12,""allowshort"":true}",2014-01-01,2024-12-31,2025-01-01,2026-04-20,2014-01-01,2026-04-20,1730.0,519.0,210.0,309.0,40.46,57149.84,-28068.8,3.91,93.76,31.71,1091765.84,-302300.7600000002,332.82,0.56,0.56,0.0038,0.01,353.0,103.0,42.0,61.0,40.78,30531.01,-15997.25,2.42,58.17,20.14,202205.11999999994,-55548.0,30.65,0.53,0.54,0.0035,0.01,2083.0,622.0,252.0,370.0,40.51,69650.52,-34857.1,3.66,87.86,31.71,1091765.84,-302300.7600000002,465.48,0.55,0.56,0.0037,0.01
GAZP,breakout_pivot,1h,Bayesian_TPE,45,1.528,156,3,4,0.4,1.0,3,15,True,292.65,0.202,0.175,38.69,293,41.64,True,"{""sampler"":""TPESampler"",""seed"":42,""n_trials"":50,""direction"":""maximize"",""objective"":""composite = Sharpe * (Return% / MaxDD%)""}","{""lookback"":156,""pivot_window"":3,""min_touches"":4,""tolerance_atr_mult"":0.4,""cluster_atr_mult"":1.0,""confirmation_bars"":3,""cooldown_bars"":15,""allowshort"":true}",2014-01-01,2024-12-31,2025-01-01,2026-04-20,2014-01-01,2026-04-20,1032.0,293.0,122.0,170.0,41.64,94650.39,-50710.67,6.94,166.62,38.69,1096715.7200000002,-1106838.2000000002,292.65,0.52,0.45,0.0039,0.01,200.0,50.0,20.0,30.0,40.0,35037.53,-19282.1,4.56,109.42,19.84,221261.52000000005,-55916.19999999984,12.23,0.28,0.27,0.0032,0.0,1232.0,343.0,142.0,200.0,41.4,98287.93,-53879.58,6.62,158.95,38.69,1096715.7200000002,-1106838.2000000002,318.1,0.47,0.41,0.0038,0.0
GAZP,breakout_pivot,1h,Bayesian_TPE,46,1.847,234,5,3,1.1500000000000001,0.3,3,14,False,283.84,0.208,0.192,31.97,444,40.54,False,"{""sampler"":""TPESampler"",""seed"":42,""n_trials"":50,""direction"":""maximize"",""objective"":""composite = Sharpe * (Return% / MaxDD%)""}","{""lookback"":234,""pivot_window"":5,""min_touches"":3,""tolerance_atr_mult"":1.1500000000000001,""cluster_atr_mult"":0.3,""confirmation_bars"":3,""cooldown_bars"":14,""allowshort"":false}",2014-01-01,2024-12-31,2025-01-01,2026-04-20,2014-01-01,2026-04-20,1488.0,444.0,180.0,262.0,40.54,59256.21,-29876.96,4.38,105.03,31.97,379177.2000000001,-341525.2800000001,283.84,0.53,0.49,0.0037,0.01,295.0,81.0,37.0,44.0,45.68,22054.81,-16115.43,2.84,68.25,16.17,139827.37999999992,-75578.55999999998,10.69,0.25,0.24,0.0033,0.01,1783.0,524.0,216.0,306.0,41.22,62143.49,-33996.59,4.17,100.04,31.97,507837.5399999997,-341525.2800000001,302.0,0.47,0.44,0.0036,0.01
GAZP,breakout_pivot,1h,Bayesian_TPE,47,1.803,105,6,3,0.55,0.9000000000000001,1,17,True,287.12,0.205,0.199,32.64,263,45.25,True,"{""sampler"":""TPESampler"",""seed"":42,""n_trials"":50,""direction"":""maximize"",""objective"":""composite = Sharpe * (Return% / MaxDD%)""}","{""lookback"":105,""pivot_window"":6,""min_touches"":3,""tolerance_atr_mult"":0.55,""cluster_atr_mult"":0.9000000000000001,""confirmation_bars"":1,""cooldown_bars"":17,""allowshort"":true}",2014-01-01,2024-12-31,2025-01-01,2026-04-20,2014-01-01,2026-04-20,893.0,263.0,119.0,144.0,45.25,70992.74,-38728.41,7.34,176.25,32.64,888693.4999999998,-283086.6000000002,287.12,0.52,0.51,0.0038,0.01,175.0,48.0,22.0,25.0,45.83,20977.77,-17420.71,4.32,103.79,18.8,98429.50000000007,-81166.05999999988,2.6,0.11,0.11,0.003,0.0,1068.0,311.0,141.0,169.0,45.34,72587.86,-42976.19,6.88,165.06,32.64,888693.4999999998,-314237.3899999995,297.19,0.46,0.45,0.0036,0.01
GAZP,breakout_pivot,1h,Bayesian_TPE,48,1.213,201,4,4,0.6000000000000001,0.5,3,10,False,282.8,0.202,0.18,47.1,225,43.11,False,"{""sampler"":""TPESampler"",""seed"":42,""n_trials"":50,""direction"":""maximize"",""objective"":""composite = Sharpe * (Return% / MaxDD%)""}","{""lookback"":201,""pivot_window"":4,""min_touches"":4,""tolerance_atr_mult"":0.6000000000000001,""cluster_atr_mult"":0.5,""confirmation_bars"":3,""cooldown_bars"":10,""allowshort"":false}",2014-01-01,2024-12-31,2025-01-01,2026-04-20,2014-01-01,2026-04-20,949.0,225.0,97.0,127.0,43.11,91413.14,-47551.41,8.88,213.18,47.1,988609.7000000002,-947635.0000000001,282.8,0.51,0.46,0.0038,0.0,204.0,45.0,18.0,27.0,40.0,45190.07,-25249.74,5.72,137.36,23.3,232441.30000000005,-100056.8999999999,13.17,0.29,0.29,0.0035,0.0,1153.0,269.0,114.0,154.0,42.38,104548.11,-56008.9,8.44,202.51,47.1,988609.7000000002,-947635.0000000001,329.31,0.47,0.43,0.0038,0.0
GAZP,breakout_pivot,1h,Bayesian_TPE,49,4.175,151,5,3,0.8,0.7,3,19,False,428.02,0.241,0.232,24.71,353,43.06,False,"{""sampler"":""TPESampler"",""seed"":42,""n_trials"":50,""direction"":""maximize"",""objective"":""composite = Sharpe * (Return% / MaxDD%)""}","{""lookback"":151,""pivot_window"":5,""min_touches"":3,""tolerance_atr_mult"":0.8,""cluster_atr_mult"":0.7,""confirmation_bars"":3,""cooldown_bars"":19,""allowshort"":false}",2014-01-01,2024-12-31,2025-01-01,2026-04-20,2014-01-01,2026-04-20,1123.0,353.0,152.0,200.0,43.06,75524.45,-35997.68,5.51,132.25,24.71,1133573.83,-325018.0800000001,428.02,0.62,0.59,0.0039,0.01,226.0,64.0,30.0,34.0,46.88,23562.91,-17085.35,3.5,83.89,15.41,100785.19999999994,-61473.12000000013,12.6,0.29,0.28,0.0033,0.01,1349.0,417.0,182.0,234.0,43.65,83584.55,-43875.76,5.2,124.83,24.71,1133573.83,-325018.0800000001,494.55,0.57,0.54,0.0038,0.01
