ticker,strategy_type,timeframe,method,trial_number,composite_score,param_short_ema,param_long_ema,param_allowshort,metric_return_%,metric_sharpe,metric_sortino,metric_maxdd_%,metric_n_trades,metric_win_rate_%,allowshort,optim_params,params,IS_start,IS_end,OOS_start,OOS_end,FULL_start,FULL_end,IS_Количество сигналов,IS_Количество сделок,IS_Прибыльных сделок,IS_Убыточных сделок,IS_Процент прибыльных сделок,IS_Средняя прибыль,IS_Средний убыток,IS_Среднее время удержания (дней),IS_Среднее время удержания (часов),IS_Макс. просадка (%),IS_Макс. прибыль по сделке,IS_Макс. убыток по сделке,IS_Процент роста,IS_Sharpe,IS_Sortino,IS_Std. return,IS_Reward/Risk,OOS_Количество сигналов,OOS_Количество сделок,OOS_Прибыльных сделок,OOS_Убыточных сделок,OOS_Процент прибыльных сделок,OOS_Средняя прибыль,OOS_Средний убыток,OOS_Среднее время удержания (дней),OOS_Среднее время удержания (часов),OOS_Макс. просадка (%),OOS_Макс. прибыль по сделке,OOS_Макс. убыток по сделке,OOS_Процент роста,OOS_Sharpe,OOS_Sortino,OOS_Std. return,OOS_Reward/Risk,FULL_Количество сигналов,FULL_Количество сделок,FULL_Прибыльных сделок,FULL_Убыточных сделок,FULL_Процент прибыльных сделок,FULL_Средняя прибыль,FULL_Средний убыток,FULL_Среднее время удержания (дней),FULL_Среднее время удержания (часов),FULL_Макс. просадка (%),FULL_Макс. прибыль по сделке,FULL_Макс. убыток по сделке,FULL_Процент роста,FULL_Sharpe,FULL_Sortino,FULL_Std. return,FULL_Reward/Risk
GAZP,ema,1D,Bayesian_TPE,0,-0.031,40,193,True,-21.76,0.096,0.132,66.79,15,26.67,True,"{""sampler"":""TPESampler"",""seed"":42,""n_trials"":50,""direction"":""maximize"",""objective"":""composite = Sharpe * (Return% / MaxDD%)""}","{""short_ema"":40,""long_ema"":193,""allowshort"":true}",2014-01-01,2024-12-31,2025-01-01,2026-04-20,2014-01-01,2026-04-20,15.0,15.0,4.0,11.0,26.67,111813.48,-60442.2,263.0,,66.79,228879.44,-219697.92,-21.76,0.1,0.13,0.0215,0.0,3.0,3.0,1.0,2.0,33.33,40360.32,-74412.52,143.67,,32.29,40360.32000000006,-117070.79999999996,-10.85,-0.13,-0.17,0.0166,-0.01,18.0,18.0,5.0,13.0,27.78,84870.2,-59500.92,245.56,,66.79,176511.2,-219697.92,-34.92,0.06,0.08,0.0209,0.0
GAZP,ema,1D,Bayesian_TPE,1,0.165,19,73,False,-52.85,-0.222,-0.181,71.25,25,20.0,False,"{""sampler"":""TPESampler"",""seed"":42,""n_trials"":50,""direction"":""maximize"",""objective"":""composite = Sharpe * (Return% / MaxDD%)""}","{""short_ema"":19,""long_ema"":73,""allowshort"":false}",2014-01-01,2024-12-31,2025-01-01,2026-04-20,2014-01-01,2026-04-20,51.0,25.0,5.0,20.0,20.0,186984.02,-73172.46,73.84,,71.25,557806.1300000001,-411205.5,-52.85,-0.22,-0.18,0.0131,-0.0,8.0,4.0,0.0,4.0,0.0,0.0,-53537.52,61.75,,43.26,-11369.539999999955,-106902.80000000008,-21.42,-0.62,-0.65,0.0129,-0.02,59.0,29.0,5.0,24.0,17.24,186984.02,-65183.97,72.17,,77.92,557806.1300000001,-411205.5,-62.95,-0.27,-0.23,0.0131,-0.0
GAZP,ema,1D,Bayesian_TPE,2,-0.01,62,156,False,-19.32,0.023,0.019,46.12,7,28.57,False,"{""sampler"":""TPESampler"",""seed"":42,""n_trials"":50,""direction"":""maximize"",""objective"":""composite = Sharpe * (Return% / MaxDD%)""}","{""short_ema"":62,""long_ema"":156,""allowshort"":false}",2014-01-01,2024-12-31,2025-01-01,2026-04-20,2014-01-01,2026-04-20,15.0,7.0,2.0,5.0,28.57,102484.32,-79636.86,264.29,,46.12,168622.15000000002,-118506.24,-19.32,0.02,0.02,0.0138,0.0,3.0,2.0,0.0,2.0,0.0,0.0,-134416.13,75.5,,33.05,-23542.650000000067,-245289.6,-26.88,-0.86,-0.65,0.0125,-0.03,18.0,9.0,2.0,7.0,22.22,102484.32,-87865.54,222.33,,59.35,168622.15000000002,-197880.0,-41.01,-0.08,-0.07,0.0136,-0.0
GAZP,ema,1D,Bayesian_TPE,4,0.091,22,77,False,-44.02,-0.145,-0.119,70.12,22,22.73,False,"{""sampler"":""TPESampler"",""seed"":42,""n_trials"":50,""direction"":""maximize"",""objective"":""composite = Sharpe * (Return% / MaxDD%)""}","{""short_ema"":22,""long_ema"":77,""allowshort"":false}",2014-01-01,2024-12-31,2025-01-01,2026-04-20,2014-01-01,2026-04-20,45.0,22.0,5.0,17.0,22.73,202718.84,-85518.3,83.91,,70.12,662603.2199999999,-536476.5,-44.02,-0.14,-0.12,0.0131,-0.0,7.0,4.0,0.0,4.0,0.0,0.0,-51619.43,61.5,,41.25,-11480.559999999958,-103916.60000000008,-20.65,-0.59,-0.62,0.0128,-0.02,52.0,26.0,5.0,21.0,19.23,202718.84,-74732.48,80.46,,76.82,662603.2199999999,-536476.5,-55.58,-0.2,-0.17,0.0131,-0.0
GAZP,ema,1D,Bayesian_TPE,5,-0.026,46,93,True,-23.77,0.068,0.085,62.01,27,37.04,True,"{""sampler"":""TPESampler"",""seed"":42,""n_trials"":50,""direction"":""maximize"",""objective"":""composite = Sharpe * (Return% / MaxDD%)""}","{""short_ema"":46,""long_ema"":93,""allowshort"":true}",2014-01-01,2024-12-31,2025-01-01,2026-04-20,2014-01-01,2026-04-20,27.0,27.0,10.0,17.0,37.04,101841.56,-73890.01,146.15,,62.01,416547.0400000001,-304515.19999999995,-23.77,0.07,0.09,0.0187,0.0,9.0,9.0,2.0,7.0,22.22,9723.47,-57645.73,50.11,,53.91,19251.10000000009,-157194.1800000001,-38.41,-0.9,-1.2,0.0179,-0.03,36.0,36.0,12.0,24.0,33.33,84578.05,-64854.01,122.81,,66.35,416547.0400000001,-304515.19999999995,-54.16,-0.06,-0.08,0.0186,-0.0
GAZP,ema,1D,Bayesian_TPE,6,-0.004,33,105,False,-18.51,0.015,0.012,64.71,17,23.53,False,"{""sampler"":""TPESampler"",""seed"":42,""n_trials"":50,""direction"":""maximize"",""objective"":""composite = Sharpe * (Return% / MaxDD%)""}","{""short_ema"":33,""long_ema"":105,""allowshort"":false}",2014-01-01,2024-12-31,2025-01-01,2026-04-20,2014-01-01,2026-04-20,35.0,17.0,4.0,13.0,23.53,273894.3,-98513.77,107.47,,64.71,625182.3000000002,-611310.0,-18.51,0.01,0.01,0.0128,0.0,7.0,4.0,0.0,4.0,0.0,0.0,-43482.6,56.5,,38.63,-5384.939999999955,-90284.88000000002,-17.39,-0.47,-0.48,0.0129,-0.02,42.0,21.0,4.0,17.0,19.05,273894.3,-83670.83,97.76,,71.21,625182.3000000002,-611310.0,-32.68,-0.05,-0.04,0.0128,-0.0
GAZP,ema,1D,Bayesian_TPE,7,0.1,24,127,True,-63.39,-0.125,-0.151,79.06,35,22.86,True,"{""sampler"":""TPESampler"",""seed"":42,""n_trials"":50,""direction"":""maximize"",""objective"":""composite = Sharpe * (Return% / MaxDD%)""}","{""short_ema"":24,""long_ema"":127,""allowshort"":true}",2014-01-01,2024-12-31,2025-01-01,2026-04-20,2014-01-01,2026-04-20,35.0,35.0,8.0,27.0,22.86,76036.51,-46006.28,112.89,,79.06,203034.6000000001,-231937.49999999997,-63.39,-0.13,-0.15,0.0201,-0.0,9.0,9.0,1.0,8.0,11.11,3405.75,-63334.37,50.33,,62.78,3405.75,-202715.09999999992,-50.33,-1.32,-1.71,0.0183,-0.04,44.0,44.0,9.0,35.0,20.45,66721.72,-40659.78,100.59,,85.11,203034.6000000001,-231937.49999999997,-82.26,-0.27,-0.33,0.0199,-0.01
GAZP,ema,1D,Bayesian_TPE,8,0.538,63,75,False,59.18,0.322,0.371,35.41,11,27.27,False,"{""sampler"":""TPESampler"",""seed"":42,""n_trials"":50,""direction"":""maximize"",""objective"":""composite = Sharpe * (Return% / MaxDD%)""}","{""short_ema"":63,""long_ema"":75,""allowshort"":false}",2014-01-01,2024-12-31,2025-01-01,2026-04-20,2014-01-01,2026-04-20,23.0,11.0,3.0,8.0,27.27,433534.1,-88594.62,170.91,,35.41,767612.3000000002,-208638.47999999984,59.18,0.32,0.37,0.0116,0.01,9.0,5.0,0.0,5.0,0.0,0.0,-46815.15,46.0,,42.44,-5114.760000000021,-112610.90999999992,-23.41,-0.64,-0.62,0.0136,-0.02,32.0,16.0,3.0,13.0,18.75,433534.1,-83183.04,131.88,,51.44,767612.3000000002,-208638.47999999984,21.92,0.18,0.2,0.0119,0.0
GAZP,ema,1D,Bayesian_TPE,9,-0.008,97,172,True,-40.86,0.014,0.019,73.73,15,20.0,True,"{""sampler"":""TPESampler"",""seed"":42,""n_trials"":50,""direction"":""maximize"",""objective"":""composite = Sharpe * (Return% / MaxDD%)""}","{""short_ema"":97,""long_ema"":172,""allowshort"":true}",2014-01-01,2024-12-31,2025-01-01,2026-04-20,2014-01-01,2026-04-20,15.0,15.0,3.0,12.0,20.0,108526.85,-61177.64,262.6,,73.73,178516.80000000002,-160515.04000000007,-40.86,0.01,0.02,0.0209,0.0,3.0,3.0,0.0,3.0,0.0,0.0,-100541.84,141.0,,35.77,-14912.400000000072,-259175.2,-30.16,-0.71,-0.84,0.0164,-0.03,18.0,18.0,3.0,15.0,16.67,85130.59,-59424.16,245.22,,73.73,133423.75999999998,-160515.04000000007,-63.6,-0.09,-0.12,0.0204,-0.0
GAZP,ema,1D,Bayesian_TPE,11,0.108,5,51,False,-44.88,-0.159,-0.134,66.03,58,18.97,False,"{""sampler"":""TPESampler"",""seed"":42,""n_trials"":50,""direction"":""maximize"",""objective"":""composite = Sharpe * (Return% / MaxDD%)""}","{""short_ema"":5,""long_ema"":51,""allowshort"":false}",2014-01-01,2024-12-31,2025-01-01,2026-04-20,2014-01-01,2026-04-20,116.0,58.0,11.0,47.0,18.97,102767.56,-33600.04,33.69,,66.03,608294.4,-262472.64,-44.88,-0.16,-0.13,0.0129,-0.0,17.0,8.0,1.0,7.0,12.5,2181.78,-25965.5,21.88,,21.16,2181.780000000022,-70886.39999999985,-17.96,-0.79,-0.66,0.0089,-0.03,133.0,66.0,12.0,54.0,18.18,98560.03,-31271.24,33.59,,68.59,608294.4,-262472.64,-50.59,-0.17,-0.14,0.013,-0.0
GAZP,ema,1D,Bayesian_TPE,12,0.055,71,120,False,14.98,0.169,0.147,46.12,8,25.0,False,"{""sampler"":""TPESampler"",""seed"":42,""n_trials"":50,""direction"":""maximize"",""objective"":""composite = Sharpe * (Return% / MaxDD%)""}","{""short_ema"":71,""long_ema"":120,""allowshort"":false}",2014-01-01,2024-12-31,2025-01-01,2026-04-20,2014-01-01,2026-04-20,17.0,8.0,2.0,6.0,25.0,294358.9,-73149.63,234.38,,46.12,339494.44999999995,-97465.35999999996,14.98,0.17,0.15,0.0135,0.0,3.0,2.0,0.0,2.0,0.0,0.0,-60847.33,82.5,,32.29,-2792.8000000000397,-118901.86000000007,-12.17,-0.25,-0.21,0.0137,-0.01,20.0,10.0,2.0,8.0,20.0,294358.9,-72353.97,204.0,,47.07,339494.44999999995,-136722.7400000001,0.99,0.11,0.1,0.0135,0.0
GAZP,ema,1D,Bayesian_TPE,13,0.026,8,68,False,-31.63,-0.06,-0.05,71.89,35,20.0,False,"{""sampler"":""TPESampler"",""seed"":42,""n_trials"":50,""direction"":""maximize"",""objective"":""composite = Sharpe * (Return% / MaxDD%)""}","{""short_ema"":8,""long_ema"":68,""allowshort"":false}",2014-01-01,2024-12-31,2025-01-01,2026-04-20,2014-01-01,2026-04-20,70.0,35.0,7.0,27.0,20.0,217251.53,-68040.15,53.6,,71.89,877702.52,-476094.8399999999,-31.63,-0.06,-0.05,0.013,-0.0,11.0,5.0,1.0,4.0,20.0,2326.8,-64574.68,33.6,,26.88,2326.800000000033,-101111.04,-25.6,-1.34,-1.03,0.0081,-0.04,81.0,40.0,9.0,31.0,22.5,175366.51,-65421.99,53.35,,77.77,877702.52,-476094.8399999999,-44.98,-0.12,-0.1,0.013,-0.0
GAZP,ema,1D,Bayesian_TPE,14,0.004,53,113,False,1.87,0.115,0.097,49.69,8,25.0,False,"{""sampler"":""TPESampler"",""seed"":42,""n_trials"":50,""direction"":""maximize"",""objective"":""composite = Sharpe * (Return% / MaxDD%)""}","{""short_ema"":53,""long_ema"":113,""allowshort"":false}",2014-01-01,2024-12-31,2025-01-01,2026-04-20,2014-01-01,2026-04-20,17.0,8.0,2.0,6.0,25.0,197047.06,-62561.23,231.38,,49.69,385166.24999999994,-120443.40000000008,1.87,0.12,0.1,0.0131,0.0,5.0,3.0,0.0,3.0,0.0,0.0,-22203.93,70.33,,32.29,-9571.79999999994,-33052.31999999995,-6.66,-0.08,-0.08,0.0138,-0.0,22.0,11.0,2.0,9.0,18.18,197047.06,-49248.02,187.45,,56.15,385166.24999999994,-120443.40000000008,-4.91,0.09,0.08,0.0132,0.0
GAZP,ema,1D,Bayesian_TPE,15,0.002,81,142,False,-24.45,-0.003,-0.003,46.64,7,14.29,False,"{""sampler"":""TPESampler"",""seed"":42,""n_trials"":50,""direction"":""maximize"",""objective"":""composite = Sharpe * (Return% / MaxDD%)""}","{""short_ema"":81,""long_ema"":142,""allowshort"":false}",2014-01-01,2024-12-31,2025-01-01,2026-04-20,2014-01-01,2026-04-20,15.0,7.0,1.0,6.0,14.29,144139.68,-64779.17,263.86,,46.64,144139.6799999999,-88416.00000000007,-24.45,-0.0,-0.0,0.0139,-0.0,3.0,2.0,0.0,2.0,0.0,0.0,-123153.48,75.5,,32.29,-16238.320000000049,-230068.64000000004,-24.63,-0.76,-0.58,0.0127,-0.03,18.0,9.0,1.0,8.0,11.11,144139.68,-71846.05,222.0,,61.3,144139.6799999999,-173827.92000000004,-43.06,-0.09,-0.08,0.0137,-0.0
GAZP,ema,1D,Bayesian_TPE,16,0.092,58,92,False,21.68,0.189,0.193,44.33,10,30.0,False,"{""sampler"":""TPESampler"",""seed"":42,""n_trials"":50,""direction"":""maximize"",""objective"":""composite = Sharpe * (Return% / MaxDD%)""}","{""short_ema"":58,""long_ema"":92,""allowshort"":false}",2014-01-01,2024-12-31,2025-01-01,2026-04-20,2014-01-01,2026-04-20,21.0,10.0,3.0,7.0,30.0,247968.85,-75295.66,187.4,,44.33,330489.17999999993,-139591.39,21.68,0.19,0.19,0.012,0.01,5.0,3.0,1.0,2.0,33.33,13813.0,-38167.09,73.67,,32.29,13813.000000000042,-70222.71999999994,-6.25,-0.07,-0.07,0.0139,-0.0,26.0,13.0,4.0,9.0,30.77,190178.97,-68883.59,161.15,,50.65,330489.17999999993,-139591.39,14.08,0.15,0.15,0.0123,0.0
GAZP,ema,1D,Bayesian_TPE,17,0.155,19,67,False,-52.45,-0.217,-0.177,73.51,25,20.0,False,"{""sampler"":""TPESampler"",""seed"":42,""n_trials"":50,""direction"":""maximize"",""objective"":""composite = Sharpe * (Return% / MaxDD%)""}","{""short_ema"":19,""long_ema"":67,""allowshort"":false}",2014-01-01,2024-12-31,2025-01-01,2026-04-20,2014-01-01,2026-04-20,51.0,25.0,5.0,20.0,20.0,202455.15,-76838.31,74.56,,73.51,566921.5499999999,-468605.2,-52.45,-0.22,-0.18,0.0131,-0.0,8.0,4.0,1.0,3.0,25.0,23350.42,-58741.07,61.75,,39.4,23350.419999999947,-109635.0,-15.29,-0.41,-0.45,0.0126,-0.01,59.0,29.0,6.0,23.0,20.69,170562.81,-70458.99,72.79,,78.02,566921.5499999999,-468605.2,-59.72,-0.24,-0.2,0.013,-0.0
GAZP,ema,1D,Bayesian_TPE,18,-0.001,37,102,False,-0.36,0.105,0.089,55.93,14,28.57,False,"{""sampler"":""TPESampler"",""seed"":42,""n_trials"":50,""direction"":""maximize"",""objective"":""composite = Sharpe * (Return% / MaxDD%)""}","{""short_ema"":37,""long_ema"":102,""allowshort"":false}",2014-01-01,2024-12-31,2025-01-01,2026-04-20,2014-01-01,2026-04-20,29.0,14.0,4.0,10.0,28.57,287633.35,-115408.39,132.57,,55.93,687365.0,-533147.46,-0.36,0.11,0.09,0.0129,0.0,7.0,4.0,0.0,4.0,0.0,0.0,-29413.22,55.25,,34.45,-6431.040000000175,-52084.69999999998,-11.77,-0.27,-0.28,0.0128,-0.01,36.0,18.0,4.0,14.0,22.22,287633.35,-90807.88,115.39,,61.59,687365.0,-533147.46,-12.08,0.06,0.05,0.0129,0.0
GAZP,ema,1D,Bayesian_TPE,20,-0.006,47,140,False,-3.4,0.092,0.078,50.0,9,22.22,False,"{""sampler"":""TPESampler"",""seed"":42,""n_trials"":50,""direction"":""maximize"",""objective"":""composite = Sharpe * (Return% / MaxDD%)""}","{""short_ema"":47,""long_ema"":140,""allowshort"":false}",2014-01-01,2024-12-31,2025-01-01,2026-04-20,2014-01-01,2026-04-20,19.0,9.0,2.0,7.0,22.22,183883.06,-57391.51,204.78,,50.0,360834.37999999995,-123007.5000000001,-3.4,0.09,0.08,0.0131,0.0,5.0,3.0,0.0,3.0,0.0,0.0,-18254.37,60.0,,32.29,-2484.380000000025,-39354.64999999998,-5.48,-0.05,-0.05,0.0135,-0.0,24.0,12.0,2.0,10.0,16.67,183883.06,-45464.25,168.58,,55.45,360834.37999999995,-123007.5000000001,-8.69,0.07,0.06,0.0132,0.0
GAZP,ema,1D,Bayesian_TPE,21,0.105,17,73,False,-46.18,-0.163,-0.133,71.92,25,20.0,False,"{""sampler"":""TPESampler"",""seed"":42,""n_trials"":50,""direction"":""maximize"",""objective"":""composite = Sharpe * (Return% / MaxDD%)""}","{""short_ema"":17,""long_ema"":73,""allowshort"":false}",2014-01-01,2024-12-31,2025-01-01,2026-04-20,2014-01-01,2026-04-20,51.0,25.0,5.0,20.0,20.0,227906.89,-80066.44,74.0,,71.92,664778.4000000001,-485662.23,-46.18,-0.16,-0.13,0.0131,-0.0,8.0,4.0,1.0,3.0,25.0,23350.42,-58741.07,61.75,,39.4,23350.419999999947,-109635.0,-15.29,-0.41,-0.45,0.0126,-0.01,59.0,29.0,6.0,23.0,20.69,192016.66,-73746.62,72.31,,76.7,664778.4000000001,-485662.23,-54.41,-0.19,-0.16,0.013,-0.0
GAZP,ema,1D,Bayesian_TPE,22,0.048,16,87,False,-36.59,-0.09,-0.074,68.62,22,22.73,False,"{""sampler"":""TPESampler"",""seed"":42,""n_trials"":50,""direction"":""maximize"",""objective"":""composite = Sharpe * (Return% / MaxDD%)""}","{""short_ema"":16,""long_ema"":87,""allowshort"":false}",2014-01-01,2024-12-31,2025-01-01,2026-04-20,2014-01-01,2026-04-20,45.0,22.0,5.0,17.0,22.73,225376.83,-87812.92,83.5,,68.62,728418.8200000001,-555588.0,-36.59,-0.09,-0.07,0.0132,-0.0,8.0,4.0,0.0,4.0,0.0,0.0,-50824.7,60.75,,42.35,-6918.229999999931,-103925.7600000001,-20.33,-0.58,-0.61,0.0129,-0.02,53.0,26.0,5.0,21.0,19.23,225376.83,-77224.67,80.0,,75.51,728418.8200000001,-555588.0,-49.48,-0.15,-0.13,0.0131,-0.0
GAZP,ema,1D,Bayesian_TPE,23,0.066,29,64,False,-39.98,-0.114,-0.094,68.8,21,23.81,False,"{""sampler"":""TPESampler"",""seed"":42,""n_trials"":50,""direction"":""maximize"",""objective"":""composite = Sharpe * (Return% / MaxDD%)""}","{""short_ema"":29,""long_ema"":64,""allowshort"":false}",2014-01-01,2024-12-31,2025-01-01,2026-04-20,2014-01-01,2026-04-20,43.0,21.0,5.0,16.0,23.81,210591.13,-90798.89,87.43,,68.8,692348.0199999999,-522384.50000000006,-39.98,-0.11,-0.09,0.0131,-0.0,7.0,4.0,1.0,3.0,25.0,258.12,-62843.97,62.75,,40.15,258.12000000004036,-103593.83999999995,-18.83,-0.52,-0.55,0.0128,-0.02,50.0,25.0,6.0,19.0,24.0,175518.43,-82417.23,83.48,,74.89,692348.0199999999,-522384.50000000006,-51.28,-0.17,-0.14,0.0131,-0.0
GAZP,ema,1D,Bayesian_TPE,24,0.091,10,59,False,-43.68,-0.149,-0.123,71.77,38,18.42,False,"{""sampler"":""TPESampler"",""seed"":42,""n_trials"":50,""direction"":""maximize"",""objective"":""composite = Sharpe * (Return% / MaxDD%)""}","{""short_ema"":10,""long_ema"":59,""allowshort"":false}",2014-01-01,2024-12-31,2025-01-01,2026-04-20,2014-01-01,2026-04-20,76.0,38.0,7.0,30.0,18.42,178285.4,-56160.13,49.63,,71.77,685197.84,-534939.86,-43.68,-0.15,-0.12,0.0129,-0.0,11.0,5.0,1.0,4.0,20.0,2333.6,-64031.52,33.4,,26.66,2333.600000000033,-101409.72,-25.38,-1.33,-1.01,0.0081,-0.04,87.0,43.0,9.0,34.0,20.93,143933.27,-54141.94,49.84,,77.61,685197.84,-534939.86,-54.54,-0.2,-0.17,0.0129,-0.0
GAZP,ema,1D,Bayesian_TPE,25,0.005,43,80,False,-23.54,-0.013,-0.011,62.92,18,22.22,False,"{""sampler"":""TPESampler"",""seed"":42,""n_trials"":50,""direction"":""maximize"",""objective"":""composite = Sharpe * (Return% / MaxDD%)""}","{""short_ema"":43,""long_ema"":80,""allowshort"":false}",2014-01-01,2024-12-31,2025-01-01,2026-04-20,2014-01-01,2026-04-20,37.0,18.0,4.0,14.0,22.22,249528.82,-88106.9,101.5,,62.92,600996.8999999999,-613768.7600000001,-23.54,-0.01,-0.01,0.0129,-0.0,5.0,3.0,0.0,3.0,0.0,0.0,-35850.86,79.67,,34.59,-9507.300000000025,-83048.14000000003,-10.76,-0.23,-0.24,0.0131,-0.01,42.0,21.0,4.0,17.0,19.05,249528.82,-77396.3,98.38,,68.36,600996.8999999999,-613768.7600000001,-31.76,-0.04,-0.04,0.0129,-0.0
GAZP,ema,1D,Bayesian_TPE,26,0.091,28,99,True,-59.94,-0.108,-0.133,71.19,35,22.86,True,"{""sampler"":""TPESampler"",""seed"":42,""n_trials"":50,""direction"":""maximize"",""objective"":""composite = Sharpe * (Return% / MaxDD%)""}","{""short_ema"":28,""long_ema"":99,""allowshort"":true}",2014-01-01,2024-12-31,2025-01-01,2026-04-20,2014-01-01,2026-04-20,35.0,35.0,8.0,27.0,22.86,82694.37,-46702.3,112.89,,71.19,281586.95999999996,-289581.69999999995,-59.94,-0.11,-0.13,0.0197,-0.0,7.0,7.0,0.0,7.0,0.0,0.0,-52238.07,64.86,,52.78,-55.80000000002855,-118381.61999999992,-36.57,-0.71,-1.0,0.02,-0.03,42.0,42.0,8.0,34.0,19.05,82694.37,-41650.18,105.38,,77.31,281586.95999999996,-289581.69999999995,-75.46,-0.2,-0.25,0.0198,-0.0
GAZP,ema,1D,Bayesian_TPE,27,0.169,70,72,False,32.58,0.23,0.236,44.29,10,30.0,False,"{""sampler"":""TPESampler"",""seed"":42,""n_trials"":50,""direction"":""maximize"",""objective"":""composite = Sharpe * (Return% / MaxDD%)""}","{""short_ema"":70,""long_ema"":72,""allowshort"":false}",2014-01-01,2024-12-31,2025-01-01,2026-04-20,2014-01-01,2026-04-20,21.0,10.0,3.0,7.0,30.0,283348.86,-74885.27,188.5,,44.29,365003.1,-172386.14999999994,32.58,0.23,0.24,0.012,0.01,5.0,3.0,2.0,1.0,66.67,21161.88,-45353.4,73.33,,32.29,42006.72000000011,-45353.40000000004,-0.3,0.1,0.1,0.0138,0.0,26.0,13.0,5.0,8.0,38.46,181232.39,-73040.66,161.92,,49.2,365003.1,-172386.14999999994,32.18,0.21,0.21,0.0123,0.01
GAZP,ema,1D,Bayesian_TPE,28,0.072,74,82,False,15.72,0.166,0.167,36.18,11,36.36,False,"{""sampler"":""TPESampler"",""seed"":42,""n_trials"":50,""direction"":""maximize"",""objective"":""composite = Sharpe * (Return% / MaxDD%)""}","{""short_ema"":74,""long_ema"":82,""allowshort"":false}",2014-01-01,2024-12-31,2025-01-01,2026-04-20,2014-01-01,2026-04-20,23.0,11.0,4.0,7.0,36.36,159645.51,-68769.71,169.91,,36.18,319561.67999999993,-132016.5000000001,15.72,0.17,0.17,0.0122,0.01,5.0,3.0,0.0,3.0,0.0,0.0,-29774.1,73.0,,32.29,-10280.800000000012,-55053.82999999998,-8.93,-0.15,-0.14,0.0139,-0.01,28.0,14.0,4.0,10.0,28.57,159645.51,-58475.74,149.14,,44.38,319561.67999999993,-132016.5000000001,5.38,0.12,0.12,0.0124,0.0
GAZP,ema,1D,Bayesian_TPE,29,0.071,55,191,True,-68.56,-0.092,-0.132,89.07,15,13.33,True,"{""sampler"":""TPESampler"",""seed"":42,""n_trials"":50,""direction"":""maximize"",""objective"":""composite = Sharpe * (Return% / MaxDD%)""}","{""short_ema"":55,""long_ema"":191,""allowshort"":true}",2014-01-01,2024-12-31,2025-01-01,2026-04-20,2014-01-01,2026-04-20,15.0,15.0,2.0,13.0,13.33,71102.26,-63679.73,262.93,,89.07,83191.68,-229323.20000000016,-68.56,-0.09,-0.13,0.0247,-0.0,3.0,3.0,0.0,3.0,0.0,0.0,-109004.4,143.0,,39.73,-34186.49999999993,-253265.84,-32.7,-0.74,-0.9,0.0174,-0.03,18.0,18.0,2.0,16.0,11.11,51670.87,-57368.8,245.5,,89.07,59012.84999999996,-229323.20000000016,-81.46,-0.18,-0.26,0.0239,-0.0
GAZP,ema,1D,Bayesian_TPE,30,0.018,68,114,False,6.17,0.134,0.115,46.13,8,25.0,False,"{""sampler"":""TPESampler"",""seed"":42,""n_trials"":50,""direction"":""maximize"",""objective"":""composite = Sharpe * (Return% / MaxDD%)""}","{""short_ema"":68,""long_ema"":114,""allowshort"":false}",2014-01-01,2024-12-31,2025-01-01,2026-04-20,2014-01-01,2026-04-20,17.0,8.0,2.0,6.0,25.0,217839.25,-62322.12,232.62,,46.13,340246.11,-117889.02,6.17,0.13,0.11,0.0132,0.0,3.0,2.0,0.0,2.0,0.0,0.0,-46216.92,91.5,,32.29,-16017.299999999992,-76416.54999999996,-9.24,-0.17,-0.15,0.0136,-0.01,20.0,10.0,2.0,8.0,20.0,217839.25,-59009.55,204.4,,51.97,340246.11,-117889.02,-3.64,0.09,0.08,0.0133,0.0
GAZP,ema,1D,Bayesian_TPE,32,0.017,61,65,False,6.64,0.135,0.112,53.5,13,38.46,False,"{""sampler"":""TPESampler"",""seed"":42,""n_trials"":50,""direction"":""maximize"",""objective"":""composite = Sharpe * (Return% / MaxDD%)""}","{""short_ema"":61,""long_ema"":65,""allowshort"":false}",2014-01-01,2024-12-31,2025-01-01,2026-04-20,2014-01-01,2026-04-20,27.0,13.0,5.0,8.0,38.46,216831.94,-127216.79,141.46,,53.5,576926.1000000001,-529728.0,6.64,0.13,0.11,0.0127,0.0,5.0,3.0,0.0,3.0,0.0,0.0,-40697.18,77.0,,36.2,-17726.659999999945,-66144.03999999995,-12.21,-0.28,-0.29,0.013,-0.01,32.0,16.0,5.0,11.0,31.25,216831.94,-104357.34,129.38,,60.95,576926.1000000001,-529728.0,-6.38,0.08,0.07,0.0127,0.0
GAZP,ema,1D,Bayesian_TPE,34,0.007,75,87,False,2.89,0.12,0.102,48.95,8,25.0,False,"{""sampler"":""TPESampler"",""seed"":42,""n_trials"":50,""direction"":""maximize"",""objective"":""composite = Sharpe * (Return% / MaxDD%)""}","{""short_ema"":75,""long_ema"":87,""allowshort"":false}",2014-01-01,2024-12-31,2025-01-01,2026-04-20,2014-01-01,2026-04-20,17.0,8.0,2.0,6.0,25.0,199781.23,-61770.54,233.12,,48.95,380171.4,-132016.5000000001,2.89,0.12,0.1,0.0132,0.0,5.0,3.0,0.0,3.0,0.0,0.0,-26839.05,68.67,,32.29,-18201.900000000067,-31501.26000000001,-8.05,-0.13,-0.12,0.0137,-0.01,22.0,11.0,2.0,9.0,18.18,199781.23,-50385.14,188.27,,55.63,380171.4,-132016.5000000001,-5.39,0.09,0.07,0.0132,0.0
GAZP,ema,1D,Bayesian_TPE,35,0.01,50,74,False,4.46,0.125,0.104,53.62,15,26.67,False,"{""sampler"":""TPESampler"",""seed"":42,""n_trials"":50,""direction"":""maximize"",""objective"":""composite = Sharpe * (Return% / MaxDD%)""}","{""short_ema"":50,""long_ema"":74,""allowshort"":false}",2014-01-01,2024-12-31,2025-01-01,2026-04-20,2014-01-01,2026-04-20,31.0,15.0,4.0,11.0,26.67,272100.06,-94895.24,122.07,,53.62,635527.7699999999,-525429.6000000001,4.46,0.13,0.1,0.0127,0.0,5.0,3.0,0.0,3.0,0.0,0.0,-35840.69,78.33,,35.15,-24832.5,-47757.32999999995,-10.75,-0.23,-0.24,0.013,-0.01,36.0,18.0,4.0,14.0,22.22,272100.06,-82582.71,114.78,,60.42,635527.7699999999,-525429.6000000001,-6.78,0.08,0.07,0.0127,0.0
GAZP,ema,1D,Bayesian_TPE,36,-0.009,37,94,False,-13.61,0.04,0.034,59.72,14,28.57,False,"{""sampler"":""TPESampler"",""seed"":42,""n_trials"":50,""direction"":""maximize"",""objective"":""composite = Sharpe * (Return% / MaxDD%)""}","{""short_ema"":37,""long_ema"":94,""allowshort"":false}",2014-01-01,2024-12-31,2025-01-01,2026-04-20,2014-01-01,2026-04-20,29.0,14.0,4.0,10.0,28.57,250166.76,-113681.21,130.43,,59.72,603949.5000000001,-628464.8,-13.61,0.04,0.03,0.0128,0.0,7.0,4.0,1.0,3.0,25.0,265.44,-55171.82,57.75,,37.71,265.4400000000415,-89516.28000000001,-16.53,-0.43,-0.45,0.013,-0.01,36.0,18.0,5.0,13.0,27.78,200179.27,-98445.54,114.28,,67.13,603949.5000000001,-628464.8,-27.89,-0.02,-0.02,0.0128,-0.0
GAZP,ema,1D,Bayesian_TPE,38,0.13,18,71,False,-49.39,-0.19,-0.155,72.31,25,20.0,False,"{""sampler"":""TPESampler"",""seed"":42,""n_trials"":50,""direction"":""maximize"",""objective"":""composite = Sharpe * (Return% / MaxDD%)""}","{""short_ema"":18,""long_ema"":71,""allowshort"":false}",2014-01-01,2024-12-31,2025-01-01,2026-04-20,2014-01-01,2026-04-20,51.0,25.0,5.0,20.0,20.0,216448.45,-78804.78,74.36,,72.31,633817.6000000001,-464098.28,-49.39,-0.19,-0.15,0.0131,-0.0,8.0,4.0,1.0,3.0,25.0,23350.42,-58741.07,61.75,,39.4,23350.419999999947,-109635.0,-15.29,-0.41,-0.45,0.0126,-0.01,59.0,29.0,6.0,23.0,20.69,182343.12,-72403.65,72.62,,77.02,633817.6000000001,-464098.28,-57.12,-0.22,-0.18,0.013,-0.0
GAZP,ema,1D,Bayesian_TPE,39,0.05,24,107,False,-35.18,-0.09,-0.073,63.36,17,23.53,False,"{""sampler"":""TPESampler"",""seed"":42,""n_trials"":50,""direction"":""maximize"",""objective"":""composite = Sharpe * (Return% / MaxDD%)""}","{""short_ema"":24,""long_ema"":107,""allowshort"":false}",2014-01-01,2024-12-31,2025-01-01,2026-04-20,2014-01-01,2026-04-20,35.0,17.0,4.0,13.0,23.53,202676.03,-89426.51,104.88,,63.36,480120.3999999999,-526799.52,-35.18,-0.09,-0.07,0.0128,-0.0,7.0,4.0,0.0,4.0,0.0,0.0,-63346.45,59.0,,43.75,-4866.69999999996,-111297.97,-25.34,-0.79,-0.8,0.0127,-0.02,42.0,21.0,4.0,17.0,19.05,202676.03,-78045.67,96.14,,73.26,480120.3999999999,-526799.52,-51.61,-0.18,-0.15,0.0127,-0.0
GAZP,ema,1D,Bayesian_TPE,40,0.172,12,82,True,-69.11,-0.196,-0.234,78.94,49,22.45,True,"{""sampler"":""TPESampler"",""seed"":42,""n_trials"":50,""direction"":""maximize"",""objective"":""composite = Sharpe * (Return% / MaxDD%)""}","{""short_ema"":12,""long_ema"":82,""allowshort"":true}",2014-01-01,2024-12-31,2025-01-01,2026-04-20,2014-01-01,2026-04-20,49.0,49.0,11.0,38.0,22.45,105078.87,-48603.45,80.69,,78.94,508719.9700000001,-359231.10000000003,-69.11,-0.2,-0.23,0.0192,-0.0,10.0,10.0,1.0,9.0,10.0,75540.72,-39464.13,46.6,,48.47,75540.72000000002,-95819.36000000002,-27.96,-0.56,-0.77,0.018,-0.02,59.0,59.0,12.0,47.0,20.34,98327.19,-41498.71,75.07,,84.44,508719.9700000001,-359231.10000000003,-77.05,-0.23,-0.28,0.019,-0.01
GAZP,ema,1D,Bayesian_TPE,41,0.27,15,83,True,-76.76,-0.28,-0.335,79.66,49,24.49,True,"{""sampler"":""TPESampler"",""seed"":42,""n_trials"":50,""direction"":""maximize"",""objective"":""composite = Sharpe * (Return% / MaxDD%)""}","{""short_ema"":15,""long_ema"":83,""allowshort"":true}",2014-01-01,2024-12-31,2025-01-01,2026-04-20,2014-01-01,2026-04-20,49.0,49.0,12.0,37.0,24.49,76054.87,-45411.52,80.67,,79.66,410164.1399999999,-276228.94,-76.76,-0.28,-0.33,0.0192,-0.01,8.0,8.0,1.0,7.0,12.5,23350.42,-37868.29,57.62,,45.64,23350.419999999947,-102109.28,-24.17,-0.43,-0.64,0.0184,-0.02,57.0,57.0,13.0,44.0,22.81,70628.16,-39529.14,77.68,,84.63,410164.1399999999,-276228.94,-82.11,-0.29,-0.36,0.0192,-0.01
GAZP,ema,1D,Bayesian_TPE,42,0.189,12,86,True,-70.68,-0.212,-0.253,79.32,49,24.49,True,"{""sampler"":""TPESampler"",""seed"":42,""n_trials"":50,""direction"":""maximize"",""objective"":""composite = Sharpe * (Return% / MaxDD%)""}","{""short_ema"":12,""long_ema"":86,""allowshort"":true}",2014-01-01,2024-12-31,2025-01-01,2026-04-20,2014-01-01,2026-04-20,49.0,49.0,12.0,37.0,24.49,94108.82,-49623.49,80.69,,79.32,495141.18000000005,-328050.0,-70.68,-0.21,-0.25,0.0191,-0.01,12.0,12.0,1.0,11.0,8.33,93563.04,-40155.61,38.83,,51.38,93563.03999999996,-104008.32000000017,-34.81,-0.77,-1.07,0.018,-0.03,61.0,61.0,13.0,48.0,21.31,89045.93,-40843.37,72.61,,86.17,495141.18000000005,-328050.0,-80.29,-0.27,-0.33,0.019,-0.01
GAZP,ema,1D,Bayesian_TPE,43,0.211,13,85,True,-72.57,-0.232,-0.277,79.92,49,24.49,True,"{""sampler"":""TPESampler"",""seed"":42,""n_trials"":50,""direction"":""maximize"",""objective"":""composite = Sharpe * (Return% / MaxDD%)""}","{""short_ema"":13,""long_ema"":85,""allowshort"":true}",2014-01-01,2024-12-31,2025-01-01,2026-04-20,2014-01-01,2026-04-20,49.0,49.0,12.0,37.0,24.49,90922.55,-49101.22,80.69,,79.92,477170.70000000007,-316102.5,-72.57,-0.23,-0.28,0.0192,-0.01,10.0,10.0,1.0,9.0,10.0,23350.42,-40615.52,46.1,,52.21,23350.419999999947,-111884.26000000008,-34.22,-0.76,-1.04,0.0179,-0.03,59.0,59.0,13.0,46.0,22.03,84427.97,-41620.87,75.07,,86.67,477170.70000000007,-316102.5,-81.7,-0.29,-0.35,0.019,-0.01
GAZP,ema,1D,Bayesian_TPE,44,0.117,12,90,True,-64.02,-0.149,-0.179,81.19,47,25.53,True,"{""sampler"":""TPESampler"",""seed"":42,""n_trials"":50,""direction"":""maximize"",""objective"":""composite = Sharpe * (Return% / MaxDD%)""}","{""short_ema"":12,""long_ema"":90,""allowshort"":true}",2014-01-01,2024-12-31,2025-01-01,2026-04-20,2014-01-01,2026-04-20,47.0,47.0,12.0,35.0,25.53,122681.76,-60354.14,84.13,,81.19,691157.2799999998,-456840.0,-64.02,-0.15,-0.18,0.0192,-0.0,10.0,10.0,1.0,9.0,10.0,59022.56,-39380.04,46.1,,48.81,59022.55999999993,-106788.24000000017,-29.54,-0.62,-0.85,0.0177,-0.02,57.0,57.0,13.0,44.0,22.81,114900.56,-50832.95,77.7,,86.63,691157.2799999998,-456840.0,-74.29,-0.2,-0.25,0.0191,-0.0
GAZP,ema,1D,Bayesian_TPE,45,0.22,13,83,True,-73.33,-0.24,-0.287,79.92,49,22.45,True,"{""sampler"":""TPESampler"",""seed"":42,""n_trials"":50,""direction"":""maximize"",""objective"":""composite = Sharpe * (Return% / MaxDD%)""}","{""short_ema"":13,""long_ema"":83,""allowshort"":true}",2014-01-01,2024-12-31,2025-01-01,2026-04-20,2014-01-01,2026-04-20,49.0,49.0,11.0,38.0,22.45,96425.88,-47211.27,80.69,,79.92,463828.98,-307293.75,-73.33,-0.24,-0.29,0.0192,-0.01,10.0,10.0,1.0,9.0,10.0,99751.74,-41105.05,46.4,,48.94,99751.73999999996,-97071.52000000002,-27.02,-0.54,-0.75,0.0179,-0.02,59.0,59.0,12.0,47.0,20.34,90729.05,-40071.52,75.07,,84.61,463828.98,-307293.75,-79.46,-0.26,-0.32,0.019,-0.01
GAZP,ema,1D,Bayesian_TPE,46,0.1,5,98,True,-59.94,-0.13,-0.158,77.9,74,21.62,True,"{""sampler"":""TPESampler"",""seed"":42,""n_trials"":50,""direction"":""maximize"",""objective"":""composite = Sharpe * (Return% / MaxDD%)""}","{""short_ema"":5,""long_ema"":98,""allowshort"":true}",2014-01-01,2024-12-31,2025-01-01,2026-04-20,2014-01-01,2026-04-20,74.0,74.0,16.0,58.0,21.62,83311.37,-33316.43,53.45,,77.9,525047.9199999999,-253750.0,-59.94,-0.13,-0.16,0.0187,-0.0,13.0,13.0,4.0,9.0,30.77,8166.21,-35290.48,29.62,,40.06,15421.31999999986,-67819.19999999985,-28.49,-0.78,-0.98,0.0144,-0.03,87.0,87.0,20.0,67.0,22.99,68992.14,-30895.06,50.92,,81.8,525047.9199999999,-253750.0,-69.01,-0.17,-0.2,0.0185,-0.0
GAZP,ema,1D,Bayesian_TPE,47,0.104,21,134,True,-63.94,-0.13,-0.157,79.7,35,22.86,True,"{""sampler"":""TPESampler"",""seed"":42,""n_trials"":50,""direction"":""maximize"",""objective"":""composite = Sharpe * (Return% / MaxDD%)""}","{""short_ema"":21,""long_ema"":134,""allowshort"":true}",2014-01-01,2024-12-31,2025-01-01,2026-04-20,2014-01-01,2026-04-20,35.0,35.0,8.0,27.0,22.86,67669.55,-43730.69,112.89,,79.7,176729.80000000002,-203809.32,-63.94,-0.13,-0.16,0.0201,-0.0,9.0,9.0,2.0,7.0,22.22,6895.98,-63817.59,50.33,,57.51,7047.360000000128,-176198.39999999997,-43.29,-1.07,-1.4,0.0179,-0.03,44.0,44.0,10.0,34.0,22.73,53733.12,-39348.14,100.59,,81.31,176729.80000000002,-203809.32,-80.05,-0.25,-0.3,0.0198,-0.01
GAZP,ema,1D,Bayesian_TPE,48,0.087,29,109,True,-58.72,-0.11,-0.135,74.56,37,24.32,True,"{""sampler"":""TPESampler"",""seed"":42,""n_trials"":50,""direction"":""maximize"",""objective"":""composite = Sharpe * (Return% / MaxDD%)""}","{""short_ema"":29,""long_ema"":109,""allowshort"":true}",2014-01-01,2024-12-31,2025-01-01,2026-04-20,2014-01-01,2026-04-20,37.0,37.0,9.0,28.0,24.32,76738.48,-45638.16,106.68,,74.56,311566.50000000006,-268026.97000000003,-58.72,-0.11,-0.13,0.0191,-0.0,7.0,7.0,0.0,7.0,0.0,0.0,-45976.24,64.71,,49.19,-4420.6199999999635,-85056.29999999996,-32.18,-0.63,-0.89,0.0191,-0.02,44.0,44.0,9.0,35.0,20.45,75605.63,-40212.42,100.5,,75.78,311566.50000000006,-268026.97000000003,-72.7,-0.18,-0.23,0.0192,-0.0
GAZP,ema,1D,Bayesian_TPE,49,0.198,13,120,True,-70.2,-0.213,-0.256,75.57,45,24.44,True,"{""sampler"":""TPESampler"",""seed"":42,""n_trials"":50,""direction"":""maximize"",""objective"":""composite = Sharpe * (Return% / MaxDD%)""}","{""short_ema"":13,""long_ema"":120,""allowshort"":true}",2014-01-01,2024-12-31,2025-01-01,2026-04-20,2014-01-01,2026-04-20,45.0,45.0,11.0,34.0,24.44,74314.82,-44690.86,87.84,,75.57,377483.52,-264489.5,-70.2,-0.21,-0.26,0.0189,-0.01,10.0,10.0,2.0,7.0,20.0,6299.41,-62088.83,45.9,,57.21,11161.520000000037,-194837.81000000008,-42.2,-1.04,-1.36,0.0178,-0.03,55.0,55.0,13.0,41.0,23.64,63162.57,-40332.96,80.51,,85.98,377483.52,-264489.5,-83.25,-0.32,-0.39,0.0188,-0.01
VKCO,ema,1D,Bayesian_TPE,0,0.216,40,193,True,27.18,0.421,0.592,52.87,11,27.27,True,"{""sampler"":""TPESampler"",""seed"":42,""n_trials"":50,""direction"":""maximize"",""objective"":""composite = Sharpe * (Return% / MaxDD%)""}","{""short_ema"":40,""long_ema"":193,""allowshort"":true}",2014-01-01,2024-12-31,2025-01-01,2026-04-20,2014-01-01,2026-04-20,11.0,11.0,3.0,8.0,27.27,308446.53,-81691.3,99.18,,52.87,445931.2,-175683.1999999999,27.18,0.42,0.59,0.0198,0.02,4.0,4.0,1.0,3.0,25.0,7273.2,-105936.07,65.75,,39.56,7273.1999999999425,-132974.30000000005,-31.05,-1.04,-1.12,0.0125,-0.03,15.0,15.0,4.0,11.0,26.67,228744.62,-95591.38,104.4,,52.87,445931.2,-175683.1999999999,-13.65,0.03,0.04,0.0178,0.0
VKCO,ema,1D,Bayesian_TPE,1,-0.012,19,73,False,-4.14,0.113,0.089,39.98,4,25.0,False,"{""sampler"":""TPESampler"",""seed"":42,""n_trials"":50,""direction"":""maximize"",""objective"":""composite = Sharpe * (Return% / MaxDD%)""}","{""short_ema"":19,""long_ema"":73,""allowshort"":false}",2014-01-01,2024-12-31,2025-01-01,2026-04-20,2014-01-01,2026-04-20,9.0,4.0,1.0,3.0,25.0,213816.0,-85058.33,120.75,,39.98,213816.00000000012,-153131.40000000005,-4.14,0.11,0.09,0.0196,0.01,6.0,3.0,1.0,2.0,33.33,43680.0,-83974.1,80.33,,20.77,43680.0,-158737.19999999995,-12.43,-0.28,-0.32,0.0133,-0.02,15.0,7.0,2.0,5.0,28.57,127848.0,-83238.11,103.43,,42.68,213816.00000000012,-153131.40000000005,-16.05,0.0,0.0,0.0176,0.0
VKCO,ema,1D,Bayesian_TPE,2,0.253,62,156,False,19.93,0.401,0.416,31.65,1,100.0,False,"{""sampler"":""TPESampler"",""seed"":42,""n_trials"":50,""direction"":""maximize"",""objective"":""composite = Sharpe * (Return% / MaxDD%)""}","{""short_ema"":62,""long_ema"":156,""allowshort"":false}",2014-01-01,2024-12-31,2025-01-01,2026-04-20,2014-01-01,2026-04-20,3.0,1.0,1.0,0.0,100.0,199260.0,0.0,446.0,,31.65,199259.99999999985,199259.99999999985,19.93,0.4,0.42,0.0134,0.02,4.0,2.0,0.0,2.0,0.0,0.0,-145002.08,65.0,,36.06,-91003.3500000001,-199000.80000000005,-29.0,-1.55,-1.31,0.0082,-0.04,7.0,3.0,1.0,2.0,33.33,199260.0,-173899.58,192.0,,47.51,199259.99999999985,-238658.40000000005,-14.85,-0.1,-0.1,0.0118,-0.0
VKCO,ema,1D,Bayesian_TPE,4,0.087,22,77,False,12.12,0.286,0.231,39.98,3,33.33,False,"{""sampler"":""TPESampler"",""seed"":42,""n_trials"":50,""direction"":""maximize"",""objective"":""composite = Sharpe * (Return% / MaxDD%)""}","{""short_ema"":22,""long_ema"":77,""allowshort"":false}",2014-01-01,2024-12-31,2025-01-01,2026-04-20,2014-01-01,2026-04-20,7.0,3.0,1.0,2.0,33.33,252722.4,-65750.8,162.0,,39.98,252722.4,-68569.19999999992,12.12,0.29,0.23,0.0191,0.01,6.0,3.0,2.0,1.0,66.67,6156.92,-194918.1,80.33,,21.91,9065.100000000031,-194918.09999999995,-18.26,-0.48,-0.55,0.0132,-0.03,13.0,6.0,3.0,3.0,50.0,88843.2,-116684.13,121.17,,45.6,252722.4,-218550.79999999993,-8.35,0.07,0.06,0.0172,0.0
VKCO,ema,1D,Bayesian_TPE,5,-0.007,46,93,True,-2.36,0.18,0.21,63.47,7,42.86,True,"{""sampler"":""TPESampler"",""seed"":42,""n_trials"":50,""direction"":""maximize"",""objective"":""composite = Sharpe * (Return% / MaxDD%)""}","{""short_ema"":46,""long_ema"":93,""allowshort"":true}",2014-01-01,2024-12-31,2025-01-01,2026-04-20,2014-01-01,2026-04-20,7.0,7.0,3.0,4.0,42.86,328269.07,-252093.8,155.86,,63.47,462633.6,-434091.6000000001,-2.36,0.18,0.21,0.0248,0.01,4.0,4.0,1.0,3.0,25.0,4962.8,-97359.87,70.25,,37.97,4962.799999999941,-137638.5,-28.71,-0.89,-1.03,0.0131,-0.03,11.0,11.0,4.0,7.0,36.36,244453.08,-184299.31,142.36,,63.47,462633.6,-434091.6000000001,-31.23,-0.07,-0.08,0.0216,-0.0
VKCO,ema,1D,Bayesian_TPE,6,0.013,33,105,False,-14.2,-0.036,-0.028,39.97,3,33.33,False,"{""sampler"":""TPESampler"",""seed"":42,""n_trials"":50,""direction"":""maximize"",""objective"":""composite = Sharpe * (Return% / MaxDD%)""}","{""short_ema"":33,""long_ema"":105,""allowshort"":false}",2014-01-01,2024-12-31,2025-01-01,2026-04-20,2014-01-01,2026-04-20,7.0,3.0,1.0,2.0,33.33,241863.6,-191907.3,156.67,,39.97,241863.60000000003,-317611.60000000015,-14.2,-0.04,-0.03,0.0181,-0.0,4.0,2.0,0.0,2.0,0.0,0.0,-108539.62,85.0,,29.51,-94352.75,-122726.5,-21.71,-1.01,-1.06,0.0087,-0.03,11.0,5.0,1.0,4.0,20.0,241863.6,-142519.9,128.0,,42.97,241863.60000000003,-317611.60000000015,-32.82,-0.23,-0.18,0.0154,-0.01
VKCO,ema,1D,Bayesian_TPE,7,0.617,24,127,True,48.46,0.552,0.806,43.37,13,23.08,True,"{""sampler"":""TPESampler"",""seed"":42,""n_trials"":50,""direction"":""maximize"",""objective"":""composite = Sharpe * (Return% / MaxDD%)""}","{""short_ema"":24,""long_ema"":127,""allowshort"":true}",2014-01-01,2024-12-31,2025-01-01,2026-04-20,2014-01-01,2026-04-20,13.0,13.0,3.0,10.0,23.08,423901.13,-78708.04,84.31,,43.37,491814.0,-175516.79999999993,48.46,0.55,0.81,0.0231,0.03,4.0,4.0,1.0,3.0,25.0,38749.8,-55030.53,70.5,,24.82,38749.7999999999,-76742.89999999997,-12.63,-0.33,-0.4,0.0123,-0.02,17.0,17.0,4.0,13.0,23.53,328397.57,-79207.37,92.41,,43.37,476755.1999999999,-175516.79999999993,28.39,0.33,0.48,0.0202,0.02
VKCO,ema,1D,Bayesian_TPE,8,0.183,63,75,False,17.18,0.356,0.387,33.42,2,50.0,False,"{""sampler"":""TPESampler"",""seed"":42,""n_trials"":50,""direction"":""maximize"",""objective"":""composite = Sharpe * (Return% / MaxDD%)""}","{""short_ema"":63,""long_ema"":75,""allowshort"":false}",2014-01-01,2024-12-31,2025-01-01,2026-04-20,2014-01-01,2026-04-20,5.0,2.0,1.0,1.0,50.0,305224.2,-133417.6,237.0,,33.42,305224.19999999995,-133417.59999999986,17.18,0.36,0.39,0.0141,0.01,4.0,2.0,0.0,2.0,0.0,0.0,-113652.0,83.0,,31.65,-49765.80000000006,-177538.2000000001,-22.73,-1.01,-1.01,0.0092,-0.03,9.0,4.0,1.0,3.0,25.0,305224.2,-133250.38,160.0,,49.48,305224.19999999995,-208017.60000000012,-9.45,-0.01,-0.01,0.0125,-0.0
VKCO,ema,1D,Bayesian_TPE,9,2.87,97,172,True,99.52,0.913,1.305,31.66,3,100.0,True,"{""sampler"":""TPESampler"",""seed"":42,""n_trials"":50,""direction"":""maximize"",""objective"":""composite = Sharpe * (Return% / MaxDD%)""}","{""short_ema"":97,""long_ema"":172,""allowshort"":true}",2014-01-01,2024-12-31,2025-01-01,2026-04-20,2014-01-01,2026-04-20,3.0,3.0,3.0,0.0,100.0,331738.33,0.0,363.33,,31.66,610830.0000000001,46530.00000000017,99.52,0.91,1.3,0.0199,0.06,4.0,4.0,1.0,3.0,25.0,10635.3,-140871.4,59.0,,44.03,10635.299999999905,-181302.0,-41.2,-1.56,-1.49,0.0123,-0.04,7.0,7.0,4.0,3.0,57.14,237411.4,-271765.73,223.57,,49.49,544747.5,-349812.0,13.43,0.24,0.33,0.018,0.01
VKCO,ema,1D,Bayesian_TPE,10,2.915,99,189,True,100.44,0.919,1.31,31.66,3,100.0,True,"{""sampler"":""TPESampler"",""seed"":42,""n_trials"":50,""direction"":""maximize"",""objective"":""composite = Sharpe * (Return% / MaxDD%)""}","{""short_ema"":99,""long_ema"":189,""allowshort"":true}",2014-01-01,2024-12-31,2025-01-01,2026-04-20,2014-01-01,2026-04-20,3.0,3.0,3.0,0.0,100.0,334816.2,0.0,363.33,,31.66,616750.0,51313.59999999989,100.44,0.92,1.31,0.0199,0.06,4.0,4.0,1.0,3.0,25.0,20326.25,-100038.33,56.0,,33.9,20326.249999999884,-115140.00000000006,-27.98,-1.05,-0.99,0.0111,-0.03,7.0,7.0,4.0,3.0,57.14,249530.74,-195908.17,223.57,,38.76,570617.0999999999,-225492.00000000012,41.04,0.41,0.57,0.0177,0.02
VKCO,ema,1D,Bayesian_TPE,11,1.834,96,198,True,75.1,0.773,1.097,31.66,3,66.67,True,"{""sampler"":""TPESampler"",""seed"":42,""n_trials"":50,""direction"":""maximize"",""objective"":""composite = Sharpe * (Return% / MaxDD%)""}","{""short_ema"":96,""long_ema"":198,""allowshort"":true}",2014-01-01,2024-12-31,2025-01-01,2026-04-20,2014-01-01,2026-04-20,3.0,3.0,2.0,1.0,66.67,406942.5,-62926.0,363.33,,31.66,538750.0,-62926.000000000095,75.1,0.77,1.1,0.0198,0.05,2.0,2.0,1.0,1.0,50.0,5956.5,-150166.5,30.0,,17.68,5956.499999999929,-150166.49999999994,-14.42,-1.19,-0.63,0.0049,-0.03,5.0,5.0,3.0,2.0,60.0,270074.97,-161894.7,313.0,,31.66,524742.5,-260863.39999999988,48.64,0.46,0.64,0.0167,0.02
VKCO,ema,1D,Bayesian_TPE,12,4.011,99,167,True,122.92,1.033,1.483,31.66,3,100.0,True,"{""sampler"":""TPESampler"",""seed"":42,""n_trials"":50,""direction"":""maximize"",""objective"":""composite = Sharpe * (Return% / MaxDD%)""}","{""short_ema"":99,""long_ema"":167,""allowshort"":true}",2014-01-01,2024-12-31,2025-01-01,2026-04-20,2014-01-01,2026-04-20,3.0,3.0,3.0,0.0,100.0,409724.33,0.0,363.33,,31.66,695728.0000000001,160800.0,122.92,1.03,1.48,0.0199,0.06,4.0,4.0,1.0,3.0,25.0,10054.55,-151348.02,59.5,,47.08,10054.54999999991,-199874.4,-44.4,-1.65,-1.59,0.0129,-0.05,7.0,7.0,4.0,3.0,57.14,294827.95,-326570.27,223.57,,52.07,624171.9999999999,-431343.6000000001,19.96,0.28,0.4,0.0181,0.01
VKCO,ema,1D,Bayesian_TPE,13,4.356,76,153,True,139.53,1.089,1.6,34.88,3,100.0,True,"{""sampler"":""TPESampler"",""seed"":42,""n_trials"":50,""direction"":""maximize"",""objective"":""composite = Sharpe * (Return% / MaxDD%)""}","{""short_ema"":76,""long_ema"":153,""allowshort"":true}",2014-01-01,2024-12-31,2025-01-01,2026-04-20,2014-01-01,2026-04-20,3.0,3.0,3.0,0.0,100.0,465089.0,0.0,363.33,,34.88,747273.6000000001,244478.4,139.53,1.09,1.6,0.0205,0.06,4.0,4.0,1.0,3.0,25.0,2899.0,-132330.27,63.75,,44.49,2898.9999999998986,-203678.80000000008,-39.41,-1.32,-1.36,0.0135,-0.04,7.0,7.0,4.0,3.0,57.14,336529.4,-309582.6,223.57,,46.42,691343.4,-476580.0000000002,41.74,0.41,0.58,0.0187,0.02
VKCO,ema,1D,Bayesian_TPE,14,5.757,78,148,True,156.32,1.166,1.707,31.66,3,100.0,True,"{""sampler"":""TPESampler"",""seed"":42,""n_trials"":50,""direction"":""maximize"",""objective"":""composite = Sharpe * (Return% / MaxDD%)""}","{""short_ema"":78,""long_ema"":148,""allowshort"":true}",2014-01-01,2024-12-31,2025-01-01,2026-04-20,2014-01-01,2026-04-20,3.0,3.0,3.0,0.0,100.0,521065.67,0.0,363.33,,31.66,815552.2,329919.7999999999,156.32,1.17,1.71,0.0204,0.08,4.0,4.0,1.0,3.0,25.0,2940.6,-129395.33,63.75,,43.68,2940.599999999897,-200063.2000000001,-38.52,-1.28,-1.32,0.0134,-0.04,7.0,7.0,4.0,3.0,57.14,378173.8,-324206.8,223.57,,45.45,757681.9999999999,-501320.00000000023,54.01,0.47,0.67,0.0185,0.02
VKCO,ema,1D,Bayesian_TPE,15,4.54,77,136,True,139.42,1.084,1.592,33.29,3,100.0,True,"{""sampler"":""TPESampler"",""seed"":42,""n_trials"":50,""direction"":""maximize"",""objective"":""composite = Sharpe * (Return% / MaxDD%)""}","{""short_ema"":77,""long_ema"":136,""allowshort"":true}",2014-01-01,2024-12-31,2025-01-01,2026-04-20,2014-01-01,2026-04-20,3.0,3.0,3.0,0.0,100.0,464733.93,0.0,363.33,,33.29,753470.6,243586.19999999987,139.42,1.08,1.59,0.0206,0.07,4.0,4.0,1.0,3.0,25.0,2874.3,-134038.9,65.5,,46.28,2874.2999999998992,-180589.5,-39.92,-1.35,-1.4,0.0134,-0.04,7.0,7.0,4.0,3.0,57.14,342085.15,-316545.6,223.57,,46.28,720822.1,-426465.0,41.87,0.41,0.58,0.0187,0.02
VKCO,ema,1D,Bayesian_TPE,16,5.635,77,128,True,154.73,1.153,1.684,31.66,3,100.0,True,"{""sampler"":""TPESampler"",""seed"":42,""n_trials"":50,""direction"":""maximize"",""objective"":""composite = Sharpe * (Return% / MaxDD%)""}","{""short_ema"":77,""long_ema"":128,""allowshort"":true}",2014-01-01,2024-12-31,2025-01-01,2026-04-20,2014-01-01,2026-04-20,3.0,3.0,3.0,0.0,100.0,515781.0,0.0,363.33,,31.66,812034.0000000002,321504.0000000002,154.73,1.15,1.68,0.0205,0.07,4.0,4.0,1.0,3.0,25.0,3061.5,-120994.4,66.5,,42.94,3061.4999999998927,-152632.79999999987,-35.99,-1.2,-1.29,0.0131,-0.04,7.0,7.0,4.0,3.0,57.14,381005.15,-304498.67,223.57,,42.94,781006.5000000002,-384145.5999999996,61.05,0.5,0.72,0.0186,0.02
VKCO,ema,1D,Bayesian_TPE,17,0.056,7,111,True,11.78,0.301,0.342,63.85,9,33.33,True,"{""sampler"":""TPESampler"",""seed"":42,""n_trials"":50,""direction"":""maximize"",""objective"":""composite = Sharpe * (Return% / MaxDD%)""}","{""short_ema"":7,""long_ema"":111,""allowshort"":true}",2014-01-01,2024-12-31,2025-01-01,2026-04-20,2014-01-01,2026-04-20,9.0,9.0,3.0,6.0,33.33,343040.47,-151887.83,122.11,,63.85,470983.99999999994,-433105.4,11.78,0.3,0.34,0.0254,0.01,12.0,12.0,5.0,7.0,41.67,42110.86,-57666.67,37.58,,28.56,65903.39999999998,-87699.0,-19.31,-0.32,-0.51,0.0177,-0.02,21.0,21.0,8.0,13.0,38.1,150335.24,-103226.74,74.95,,63.85,470983.99999999994,-433105.4,-13.93,0.09,0.11,0.0229,0.0
VKCO,ema,1D,Bayesian_TPE,19,4.791,82,133,True,144.22,1.106,1.621,33.29,3,100.0,True,"{""sampler"":""TPESampler"",""seed"":42,""n_trials"":50,""direction"":""maximize"",""objective"":""composite = Sharpe * (Return% / MaxDD%)""}","{""short_ema"":82,""long_ema"":133,""allowshort"":true}",2014-01-01,2024-12-31,2025-01-01,2026-04-20,2014-01-01,2026-04-20,3.0,3.0,3.0,0.0,100.0,480747.67,0.0,363.33,,33.29,768598.3999999999,268169.5999999999,144.22,1.11,1.62,0.0206,0.07,4.0,4.0,1.0,3.0,25.0,3068.0,-120557.33,65.25,,42.04,3067.9999999998927,-164053.49999999997,-35.86,-1.21,-1.27,0.013,-0.04,7.0,7.0,4.0,3.0,57.14,351613.62,-289247.73,223.57,,42.88,725447.9999999999,-393567.29999999993,53.87,0.47,0.67,0.0186,0.02
VKCO,ema,1D,Bayesian_TPE,20,4.791,69,146,True,144.22,1.106,1.621,33.29,3,100.0,True,"{""sampler"":""TPESampler"",""seed"":42,""n_trials"":50,""direction"":""maximize"",""objective"":""composite = Sharpe * (Return% / MaxDD%)""}","{""short_ema"":69,""long_ema"":146,""allowshort"":true}",2014-01-01,2024-12-31,2025-01-01,2026-04-20,2014-01-01,2026-04-20,3.0,3.0,3.0,0.0,100.0,480747.67,0.0,363.33,,33.29,768598.3999999999,268169.5999999999,144.22,1.11,1.62,0.0206,0.07,4.0,4.0,1.0,3.0,25.0,10983.75,-134504.25,65.75,,46.28,10983.749999999902,-188559.4000000001,-39.25,-1.31,-1.35,0.0135,-0.04,7.0,7.0,4.0,3.0,57.14,357606.82,-323374.67,223.57,,46.68,730371.1999999998,-453316.20000000024,46.03,0.43,0.61,0.0187,0.02
VKCO,ema,1D,Bayesian_TPE,21,5.805,85,119,True,157.76,1.165,1.701,31.66,3,100.0,True,"{""sampler"":""TPESampler"",""seed"":42,""n_trials"":50,""direction"":""maximize"",""objective"":""composite = Sharpe * (Return% / MaxDD%)""}","{""short_ema"":85,""long_ema"":119,""allowshort"":true}",2014-01-01,2024-12-31,2025-01-01,2026-04-20,2014-01-01,2026-04-20,3.0,3.0,3.0,0.0,100.0,525876.33,0.0,363.33,,31.66,821652.0000000002,337272.00000000023,157.76,1.17,1.7,0.0205,0.08,4.0,4.0,1.0,3.0,25.0,2713.1,-145139.03,66.5,,49.42,2713.099999999905,-198144.0,-43.27,-1.45,-1.47,0.0139,-0.04,7.0,7.0,4.0,3.0,57.14,388285.88,-369599.17,223.57,,49.43,790257.0000000002,-504640.0,44.43,0.42,0.59,0.0188,0.02
VKCO,ema,1D,Bayesian_TPE,22,5.48,85,118,True,152.05,1.141,1.669,31.66,3,100.0,True,"{""sampler"":""TPESampler"",""seed"":42,""n_trials"":50,""direction"":""maximize"",""objective"":""composite = Sharpe * (Return% / MaxDD%)""}","{""short_ema"":85,""long_ema"":118,""allowshort"":true}",2014-01-01,2024-12-31,2025-01-01,2026-04-20,2014-01-01,2026-04-20,3.0,3.0,3.0,0.0,100.0,506838.33,0.0,363.33,,31.66,803515.2000000002,307604.8000000001,152.05,1.14,1.67,0.0206,0.07,4.0,4.0,1.0,3.0,25.0,2680.6,-147394.37,66.5,,50.03,2680.5999999999062,-198144.0,-43.95,-1.49,-1.51,0.0139,-0.04,7.0,7.0,4.0,3.0,57.14,374122.13,-367014.33,223.57,,50.03,772813.2000000002,-493440.0,39.54,0.39,0.56,0.0188,0.01
VKCO,ema,1D,Bayesian_TPE,23,4.72,89,143,True,142.06,1.103,1.617,33.2,3,100.0,True,"{""sampler"":""TPESampler"",""seed"":42,""n_trials"":50,""direction"":""maximize"",""objective"":""composite = Sharpe * (Return% / MaxDD%)""}","{""short_ema"":89,""long_ema"":143,""allowshort"":true}",2014-01-01,2024-12-31,2025-01-01,2026-04-20,2014-01-01,2026-04-20,3.0,3.0,3.0,0.0,100.0,473532.4,0.0,363.33,,33.2,762314.4000000001,256972.80000000008,142.06,1.1,1.62,0.0204,0.07,4.0,4.0,1.0,3.0,25.0,2652.0,-149449.4,62.5,,45.3,2651.9999999999072,-257324.0,-44.57,-1.62,-1.64,0.0131,-0.05,7.0,7.0,4.0,3.0,57.14,324403.35,-342526.0,223.57,,52.43,633254.4000000001,-589812.0,27.0,0.33,0.47,0.0185,0.01
VKCO,ema,1D,Bayesian_TPE,24,0.506,54,101,True,49.33,0.586,0.839,57.1,5,60.0,True,"{""sampler"":""TPESampler"",""seed"":42,""n_trials"":50,""direction"":""maximize"",""objective"":""composite = Sharpe * (Return% / MaxDD%)""}","{""short_ema"":54,""long_ema"":101,""allowshort"":true}",2014-01-01,2024-12-31,2025-01-01,2026-04-20,2014-01-01,2026-04-20,5.0,5.0,3.0,2.0,60.0,338144.93,-260548.2,218.2,,57.1,483258.0000000001,-389666.40000000026,49.33,0.59,0.84,0.0207,0.02,4.0,4.0,1.0,3.0,25.0,19722.5,-106942.63,69.5,,39.53,19722.499999999887,-212074.19999999995,-30.11,-0.88,-0.95,0.0139,-0.03,9.0,9.0,4.0,5.0,44.44,252982.22,-198021.34,174.0,,57.1,451917.00000000006,-389666.40000000026,2.18,0.17,0.23,0.0188,0.01
VKCO,ema,1D,Bayesian_TPE,25,3.89,72,165,True,129.72,1.046,1.535,34.88,3,100.0,True,"{""sampler"":""TPESampler"",""seed"":42,""n_trials"":50,""direction"":""maximize"",""objective"":""composite = Sharpe * (Return% / MaxDD%)""}","{""short_ema"":72,""long_ema"":165,""allowshort"":true}",2014-01-01,2024-12-31,2025-01-01,2026-04-20,2014-01-01,2026-04-20,3.0,3.0,3.0,0.0,100.0,432406.33,0.0,363.33,,34.88,716688.0000000001,194656.0000000001,129.72,1.05,1.54,0.0205,0.06,4.0,4.0,1.0,3.0,25.0,10367.65,-145638.55,62.75,,46.99,10367.649999999909,-233785.1999999999,-42.65,-1.45,-1.49,0.0137,-0.04,7.0,7.0,4.0,3.0,57.14,310704.23,-323357.37,223.57,,50.65,639268.0000000001,-519071.5999999998,27.27,0.33,0.47,0.0187,0.01
VKCO,ema,1D,Bayesian_TPE,26,0.653,55,117,True,55.41,0.622,0.888,52.76,5,60.0,True,"{""sampler"":""TPESampler"",""seed"":42,""n_trials"":50,""direction"":""maximize"",""objective"":""composite = Sharpe * (Return% / MaxDD%)""}","{""short_ema"":55,""long_ema"":117,""allowshort"":true}",2014-01-01,2024-12-31,2025-01-01,2026-04-20,2014-01-01,2026-04-20,5.0,5.0,3.0,2.0,60.0,328793.33,-216151.3,218.0,,52.76,508528.0,-331284.2000000001,55.41,0.62,0.89,0.0211,0.02,4.0,4.0,1.0,3.0,25.0,17925.0,-112917.87,68.75,,40.65,17925.0,-203396.3999999999,-32.08,-0.96,-1.03,0.0139,-0.03,9.0,9.0,4.0,5.0,44.44,247001.88,-190016.36,173.89,,53.31,482758.0,-331284.2000000001,3.79,0.18,0.25,0.0191,0.01
VKCO,ema,1D,Bayesian_TPE,27,3.173,90,180,True,105.86,0.949,1.354,31.66,3,100.0,True,"{""sampler"":""TPESampler"",""seed"":42,""n_trials"":50,""direction"":""maximize"",""objective"":""composite = Sharpe * (Return% / MaxDD%)""}","{""short_ema"":90,""long_ema"":180,""allowshort"":true}",2014-01-01,2024-12-31,2025-01-01,2026-04-20,2014-01-01,2026-04-20,3.0,3.0,3.0,0.0,100.0,352858.33,0.0,363.33,,31.66,642510.0,78210.00000000006,105.86,0.95,1.35,0.0198,0.06,4.0,4.0,1.0,3.0,25.0,22453.6,-132183.5,59.25,,44.03,22453.59999999995,-160770.39999999997,-37.41,-1.36,-1.3,0.0124,-0.04,7.0,7.0,4.0,3.0,57.14,264555.75,-266125.17,223.57,,47.5,596970.0,-323721.99999999994,25.98,0.32,0.45,0.0179,0.01
VKCO,ema,1D,Bayesian_TPE,28,0.017,69,123,False,3.44,0.162,0.175,33.01,2,50.0,False,"{""sampler"":""TPESampler"",""seed"":42,""n_trials"":50,""direction"":""maximize"",""objective"":""composite = Sharpe * (Return% / MaxDD%)""}","{""short_ema"":69,""long_ema"":123,""allowshort"":false}",2014-01-01,2024-12-31,2025-01-01,2026-04-20,2014-01-01,2026-04-20,5.0,2.0,1.0,1.0,50.0,92778.0,-58396.8,244.5,,33.01,92778.0,-58396.80000000004,3.44,0.16,0.18,0.0138,0.01,4.0,2.0,0.0,2.0,0.0,0.0,-140597.48,71.0,,33.99,-80595.75,-200599.20000000007,-28.12,-1.38,-1.27,0.0087,-0.04,9.0,4.0,1.0,3.0,25.0,92778.0,-116416.6,157.75,,52.4,92778.0,-207459.0000000001,-25.65,-0.24,-0.25,0.0122,-0.01
VKCO,ema,1D,Bayesian_TPE,29,-0.007,45,95,True,-2.36,0.18,0.21,63.47,7,42.86,True,"{""sampler"":""TPESampler"",""seed"":42,""n_trials"":50,""direction"":""maximize"",""objective"":""composite = Sharpe * (Return% / MaxDD%)""}","{""short_ema"":45,""long_ema"":95,""allowshort"":true}",2014-01-01,2024-12-31,2025-01-01,2026-04-20,2014-01-01,2026-04-20,7.0,7.0,3.0,4.0,42.86,328269.07,-252093.8,155.86,,63.47,462633.6,-434091.6000000001,-2.36,0.18,0.21,0.0248,0.01,4.0,4.0,1.0,3.0,25.0,4962.8,-97359.87,70.25,,37.97,4962.799999999941,-137638.5,-28.71,-0.89,-1.03,0.0131,-0.03,11.0,11.0,4.0,7.0,36.36,244453.08,-184299.31,142.36,,63.47,462633.6,-434091.6000000001,-31.23,-0.07,-0.08,0.0216,-0.0
VKCO,ema,1D,Bayesian_TPE,30,4.495,79,137,True,138.47,1.081,1.585,33.3,3,100.0,True,"{""sampler"":""TPESampler"",""seed"":42,""n_trials"":50,""direction"":""maximize"",""objective"":""composite = Sharpe * (Return% / MaxDD%)""}","{""short_ema"":79,""long_ema"":137,""allowshort"":true}",2014-01-01,2024-12-31,2025-01-01,2026-04-20,2014-01-01,2026-04-20,3.0,3.0,3.0,0.0,100.0,461554.8,0.0,363.33,,33.3,750551.2,238683.19999999992,138.47,1.08,1.59,0.0206,0.07,4.0,4.0,1.0,3.0,25.0,2857.4,-135189.8,65.25,,46.03,2857.3999999999,-189104.50000000012,-40.27,-1.37,-1.41,0.0134,-0.04,7.0,7.0,4.0,3.0,57.14,337305.22,-316707.7,223.57,,46.81,708413.9999999999,-443018.3000000002,39.91,0.4,0.57,0.0187,0.02
VKCO,ema,1D,Bayesian_TPE,31,5.55,88,117,True,153.32,1.146,1.677,31.66,3,100.0,True,"{""sampler"":""TPESampler"",""seed"":42,""n_trials"":50,""direction"":""maximize"",""objective"":""composite = Sharpe * (Return% / MaxDD%)""}","{""short_ema"":88,""long_ema"":117,""allowshort"":true}",2014-01-01,2024-12-31,2025-01-01,2026-04-20,2014-01-01,2026-04-20,3.0,3.0,3.0,0.0,100.0,511053.0,0.0,363.33,,31.66,804941.9999999999,314411.99999999994,153.32,1.15,1.68,0.0206,0.07,4.0,4.0,1.0,3.0,25.0,2762.5,-141761.63,66.25,,49.43,2762.4999999999036,-183761.60000000003,-42.25,-1.41,-1.42,0.0139,-0.04,7.0,7.0,4.0,3.0,57.14,381483.47,-357139.47,223.57,,49.43,790757.9999999999,-462960.3000000001,45.45,0.43,0.6,0.0188,0.02
VKCO,ema,1D,Bayesian_TPE,32,4.505,89,128,True,138.58,1.081,1.586,33.25,3,100.0,True,"{""sampler"":""TPESampler"",""seed"":42,""n_trials"":50,""direction"":""maximize"",""objective"":""composite = Sharpe * (Return% / MaxDD%)""}","{""short_ema"":89,""long_ema"":128,""allowshort"":true}",2014-01-01,2024-12-31,2025-01-01,2026-04-20,2014-01-01,2026-04-20,3.0,3.0,3.0,0.0,100.0,461931.87,0.0,363.33,,33.25,751116.8,239248.80000000008,138.58,1.08,1.59,0.0206,0.07,4.0,4.0,1.0,3.0,25.0,3417.4,-113171.03,64.5,,39.4,3417.3999999999446,-172368.0,-33.61,-1.11,-1.16,0.013,-0.04,7.0,7.0,4.0,3.0,57.14,335576.15,-264226.3,223.57,,41.11,699647.2,-402420.0,54.96,0.47,0.68,0.0186,0.02
VKCO,ema,1D,Bayesian_TPE,33,5.148,75,152,True,145.52,1.12,1.644,31.66,3,100.0,True,"{""sampler"":""TPESampler"",""seed"":42,""n_trials"":50,""direction"":""maximize"",""objective"":""composite = Sharpe * (Return% / MaxDD%)""}","{""short_ema"":75,""long_ema"":152,""allowshort"":true}",2014-01-01,2024-12-31,2025-01-01,2026-04-20,2014-01-01,2026-04-20,3.0,3.0,3.0,0.0,100.0,485071.93,0.0,363.33,,31.66,781103.7999999999,274271.9999999998,145.52,1.12,1.64,0.0204,0.07,4.0,4.0,1.0,3.0,25.0,2909.4,-131543.73,63.75,,44.28,2909.3999999998982,-203678.80000000008,-39.17,-1.31,-1.34,0.0135,-0.04,7.0,7.0,4.0,3.0,57.14,351693.4,-315710.93,223.57,,46.02,725677.9999999999,-488883.2000000002,45.96,0.43,0.61,0.0186,0.02
VKCO,ema,1D,Bayesian_TPE,34,5.55,93,112,True,153.32,1.146,1.677,31.66,3,100.0,True,"{""sampler"":""TPESampler"",""seed"":42,""n_trials"":50,""direction"":""maximize"",""objective"":""composite = Sharpe * (Return% / MaxDD%)""}","{""short_ema"":93,""long_ema"":112,""allowshort"":true}",2014-01-01,2024-12-31,2025-01-01,2026-04-20,2014-01-01,2026-04-20,3.0,3.0,3.0,0.0,100.0,511053.0,0.0,363.33,,31.66,804941.9999999999,314411.99999999994,153.32,1.15,1.68,0.0206,0.07,4.0,4.0,1.0,3.0,25.0,2975.0,-141690.8,66.25,,49.39,2974.999999999952,-183761.60000000003,-42.21,-1.41,-1.42,0.0139,-0.04,7.0,7.0,4.0,3.0,57.14,381617.3,-356961.03,223.57,,49.39,790757.9999999999,-462960.3000000001,45.56,0.43,0.6,0.0188,0.02
VKCO,ema,1D,Bayesian_TPE,35,1.397,83,86,True,81.1,0.782,1.13,45.39,5,60.0,True,"{""sampler"":""TPESampler"",""seed"":42,""n_trials"":50,""direction"":""maximize"",""objective"":""composite = Sharpe * (Return% / MaxDD%)""}","{""short_ema"":83,""long_ema"":86,""allowshort"":true}",2014-01-01,2024-12-31,2025-01-01,2026-04-20,2014-01-01,2026-04-20,5.0,5.0,3.0,2.0,60.0,390843.13,-180750.6,218.0,,45.39,592592.0,-243783.60000000012,81.1,0.78,1.13,0.0209,0.04,4.0,4.0,1.0,3.0,25.0,11721.05,-121204.75,68.75,,42.37,11721.049999999894,-189348.0,-35.19,-1.12,-1.21,0.0136,-0.04,9.0,9.0,4.0,5.0,44.44,290844.02,-201825.1,173.89,,47.59,562562.0,-337218.0,15.43,0.26,0.36,0.0189,0.01
VKCO,ema,1D,Bayesian_TPE,36,0.132,66,141,False,13.42,0.312,0.319,31.65,2,50.0,False,"{""sampler"":""TPESampler"",""seed"":42,""n_trials"":50,""direction"":""maximize"",""objective"":""composite = Sharpe * (Return% / MaxDD%)""}","{""short_ema"":66,""long_ema"":141,""allowshort"":false}",2014-01-01,2024-12-31,2025-01-01,2026-04-20,2014-01-01,2026-04-20,5.0,2.0,1.0,1.0,50.0,211031.4,-76853.8,223.0,,31.65,211031.4,-76853.79999999992,13.42,0.31,0.32,0.0132,0.01,4.0,2.0,0.0,2.0,0.0,0.0,-139099.0,67.5,,35.53,-96462.80000000008,-181735.19999999995,-27.82,-1.42,-1.26,0.0084,-0.03,9.0,4.0,1.0,3.0,25.0,211031.4,-130802.82,145.25,,50.09,211031.4,-206154.39999999997,-18.14,-0.15,-0.14,0.0117,-0.0
VKCO,ema,1D,Bayesian_TPE,37,1.336,85,105,True,80.58,0.779,1.136,47.0,5,60.0,True,"{""sampler"":""TPESampler"",""seed"":42,""n_trials"":50,""direction"":""maximize"",""objective"":""composite = Sharpe * (Return% / MaxDD%)""}","{""short_ema"":85,""long_ema"":105,""allowshort"":true}",2014-01-01,2024-12-31,2025-01-01,2026-04-20,2014-01-01,2026-04-20,5.0,5.0,3.0,2.0,60.0,372338.4,-155615.4,218.0,,47.0,581179.2,-223560.0,80.58,0.78,1.14,0.021,0.03,4.0,4.0,1.0,3.0,25.0,2733.9,-143760.9,67.5,,47.62,2733.899999999904,-220177.20000000007,-42.85,-1.44,-1.49,0.0139,-0.04,9.0,9.0,4.0,5.0,44.44,270376.32,-214516.8,173.89,,53.88,540842.3999999999,-388672.7000000001,0.89,0.16,0.22,0.0191,0.01
VKCO,ema,1D,Bayesian_TPE,38,0.034,58,122,False,5.71,0.196,0.208,32.67,2,50.0,False,"{""sampler"":""TPESampler"",""seed"":42,""n_trials"":50,""direction"":""maximize"",""objective"":""composite = Sharpe * (Return% / MaxDD%)""}","{""short_ema"":58,""long_ema"":122,""allowshort"":false}",2014-01-01,2024-12-31,2025-01-01,2026-04-20,2014-01-01,2026-04-20,5.0,2.0,1.0,1.0,50.0,149625.0,-92558.4,239.5,,32.67,149625.00000000012,-92558.39999999992,5.71,0.2,0.21,0.0137,0.01,4.0,2.0,0.0,2.0,0.0,0.0,-128679.55,73.5,,33.57,-58697.600000000064,-198661.5,-25.74,-1.23,-1.15,0.0088,-0.03,9.0,4.0,1.0,3.0,25.0,149625.0,-121536.07,156.5,,51.21,149625.00000000012,-209993.0,-21.5,-0.18,-0.18,0.0121,-0.0
VKCO,ema,1D,Bayesian_TPE,39,5.42,92,131,True,150.92,1.137,1.657,31.66,3,100.0,True,"{""sampler"":""TPESampler"",""seed"":42,""n_trials"":50,""direction"":""maximize"",""objective"":""composite = Sharpe * (Return% / MaxDD%)""}","{""short_ema"":92,""long_ema"":131,""allowshort"":true}",2014-01-01,2024-12-31,2025-01-01,2026-04-20,2014-01-01,2026-04-20,3.0,3.0,3.0,0.0,100.0,503053.67,0.0,363.33,,31.66,798327.9999999999,301927.99999999994,150.92,1.14,1.66,0.0205,0.07,4.0,4.0,1.0,3.0,25.0,3382.4,-115429.73,63.75,,39.8,3382.399999999945,-175356.59999999998,-34.29,-1.14,-1.19,0.013,-0.04,7.0,7.0,4.0,3.0,57.14,365202.35,-283122.83,223.57,,41.69,741679.9999999999,-430156.1999999999,61.14,0.5,0.72,0.0185,0.02
VKCO,ema,1D,Bayesian_TPE,40,-0.001,32,158,False,-5.67,0.006,0.006,35.55,3,33.33,False,"{""sampler"":""TPESampler"",""seed"":42,""n_trials"":50,""direction"":""maximize"",""objective"":""composite = Sharpe * (Return% / MaxDD%)""}","{""short_ema"":32,""long_ema"":158,""allowshort"":false}",2014-01-01,2024-12-31,2025-01-01,2026-04-20,2014-01-01,2026-04-20,7.0,3.0,1.0,2.0,33.33,107262.6,-81972.0,145.67,,35.55,107262.59999999998,-122093.99999999996,-5.67,0.01,0.01,0.0131,0.0,4.0,2.0,0.0,2.0,0.0,0.0,-106336.6,73.0,,29.02,-73218.20000000003,-139455.0,-21.27,-1.04,-1.01,0.0083,-0.03,11.0,5.0,1.0,4.0,20.0,107262.6,-91148.25,116.6,,48.55,107262.59999999998,-131580.0,-25.73,-0.27,-0.26,0.0116,-0.01
VKCO,ema,1D,Bayesian_TPE,41,4.677,95,115,True,142.1,1.096,1.608,33.3,3,100.0,True,"{""sampler"":""TPESampler"",""seed"":42,""n_trials"":50,""direction"":""maximize"",""objective"":""composite = Sharpe * (Return% / MaxDD%)""}","{""short_ema"":95,""long_ema"":115,""allowshort"":true}",2014-01-01,2024-12-31,2025-01-01,2026-04-20,2014-01-01,2026-04-20,3.0,3.0,3.0,0.0,100.0,473668.33,0.0,363.33,,33.3,761963.3999999999,257241.5999999999,142.1,1.1,1.61,0.0206,0.07,4.0,4.0,1.0,3.0,25.0,2927.4,-144754.6,65.5,,49.15,2927.3999999999523,-200655.0,-43.13,-1.46,-1.45,0.0138,-0.04,7.0,7.0,4.0,3.0,57.14,348745.02,-345692.13,223.57,,49.15,728946.8999999999,-479180.0,35.79,0.37,0.53,0.0188,0.01
VKCO,ema,1D,Bayesian_TPE,42,1.571,80,109,True,86.0,0.81,1.181,44.33,5,60.0,True,"{""sampler"":""TPESampler"",""seed"":42,""n_trials"":50,""direction"":""maximize"",""objective"":""composite = Sharpe * (Return% / MaxDD%)""}","{""short_ema"":80,""long_ema"":109,""allowshort"":true}",2014-01-01,2024-12-31,2025-01-01,2026-04-20,2014-01-01,2026-04-20,5.0,5.0,3.0,2.0,60.0,379599.27,-139375.6,218.0,,44.33,602390.3999999999,-199941.59999999995,86.0,0.81,1.18,0.0209,0.04,4.0,4.0,1.0,3.0,25.0,3110.9,-117578.3,67.5,,40.38,3110.8999999998914,-175900.79999999993,-34.96,-1.15,-1.27,0.0131,-0.04,9.0,9.0,4.0,5.0,44.44,275844.1,-184068.16,173.89,,45.2,561308.7999999999,-319915.1999999999,18.3,0.27,0.39,0.0188,0.01
VKCO,ema,1D,Bayesian_TPE,43,1.571,93,95,True,86.0,0.81,1.181,44.33,5,60.0,True,"{""sampler"":""TPESampler"",""seed"":42,""n_trials"":50,""direction"":""maximize"",""objective"":""composite = Sharpe * (Return% / MaxDD%)""}","{""short_ema"":93,""long_ema"":95,""allowshort"":true}",2014-01-01,2024-12-31,2025-01-01,2026-04-20,2014-01-01,2026-04-20,5.0,5.0,3.0,2.0,60.0,379599.27,-139375.6,218.0,,44.33,602390.3999999999,-199941.59999999995,86.0,0.81,1.18,0.0209,0.04,4.0,4.0,1.0,3.0,25.0,2733.9,-143760.9,67.5,,47.62,2733.899999999904,-220177.20000000007,-42.85,-1.44,-1.49,0.0139,-0.04,9.0,9.0,4.0,5.0,44.44,275672.18,-212637.9,173.89,,51.85,561308.7999999999,-400441.8000000001,3.95,0.18,0.25,0.019,0.01
VKCO,ema,1D,Bayesian_TPE,44,4.677,87,123,True,142.1,1.096,1.608,33.3,3,100.0,True,"{""sampler"":""TPESampler"",""seed"":42,""n_trials"":50,""direction"":""maximize"",""objective"":""composite = Sharpe * (Return% / MaxDD%)""}","{""short_ema"":87,""long_ema"":123,""allowshort"":true}",2014-01-01,2024-12-31,2025-01-01,2026-04-20,2014-01-01,2026-04-20,3.0,3.0,3.0,0.0,100.0,473668.33,0.0,363.33,,33.3,761963.3999999999,257241.5999999999,142.1,1.1,1.61,0.0206,0.07,4.0,4.0,1.0,3.0,25.0,2704.0,-145811.83,65.75,,49.18,2703.9999999999054,-204835.70000000013,-43.47,-1.48,-1.47,0.0138,-0.04,7.0,7.0,4.0,3.0,57.14,347387.97,-347505.53,223.57,,49.56,724066.1999999998,-488177.30000000034,34.7,0.37,0.52,0.0188,0.01
VKCO,ema,1D,Bayesian_TPE,45,1.349,73,101,True,80.28,0.777,1.123,46.24,5,60.0,True,"{""sampler"":""TPESampler"",""seed"":42,""n_trials"":50,""direction"":""maximize"",""objective"":""composite = Sharpe * (Return% / MaxDD%)""}","{""short_ema"":73,""long_ema"":101,""allowshort"":true}",2014-01-01,2024-12-31,2025-01-01,2026-04-20,2014-01-01,2026-04-20,5.0,5.0,3.0,2.0,60.0,392032.8,-186644.3,218.0,,46.24,588374.4,-250705.0,80.28,0.78,1.12,0.021,0.04,4.0,4.0,1.0,3.0,25.0,11640.25,-122687.1,68.5,,42.37,11640.249999999894,-195021.9,-35.64,-1.14,-1.23,0.0136,-0.04,9.0,9.0,4.0,5.0,44.44,290501.99,-204812.91,173.89,,48.74,553705.2000000001,-344776.60000000003,13.79,0.24,0.35,0.0189,0.01
VKCO,ema,1D,Bayesian_TPE,46,4.382,99,147,True,131.12,1.058,1.542,31.66,5,60.0,True,"{""sampler"":""TPESampler"",""seed"":42,""n_trials"":50,""direction"":""maximize"",""objective"":""composite = Sharpe * (Return% / MaxDD%)""}","{""short_ema"":99,""long_ema"":147,""allowshort"":true}",2014-01-01,2024-12-31,2025-01-01,2026-04-20,2014-01-01,2026-04-20,5.0,5.0,3.0,2.0,60.0,505314.13,-102357.6,218.0,,31.66,730867.2000000002,-143563.19999999987,131.12,1.06,1.54,0.0203,0.07,4.0,4.0,1.0,3.0,25.0,2602.6,-152805.33,61.5,,46.63,2602.599999999909,-234158.4,-45.58,-1.66,-1.66,0.0132,-0.05,9.0,9.0,4.0,5.0,44.44,358272.33,-244744.48,173.89,,52.53,642227.8000000002,-520513.6000000001,20.94,0.29,0.41,0.0185,0.01
VKCO,ema,1D,Bayesian_TPE,47,1.611,80,111,True,87.99,0.821,1.196,44.84,5,60.0,True,"{""sampler"":""TPESampler"",""seed"":42,""n_trials"":50,""direction"":""maximize"",""objective"":""composite = Sharpe * (Return% / MaxDD%)""}","{""short_ema"":80,""long_ema"":111,""allowshort"":true}",2014-01-01,2024-12-31,2025-01-01,2026-04-20,2014-01-01,2026-04-20,5.0,5.0,3.0,2.0,60.0,387331.73,-141054.3,218.0,,44.84,605183.2,-195960.0,87.99,0.82,1.2,0.021,0.04,4.0,4.0,1.0,3.0,25.0,2733.9,-143760.9,67.5,,47.62,2733.899999999904,-220177.20000000007,-42.85,-1.44,-1.49,0.0139,-0.04,9.0,9.0,4.0,5.0,44.44,281254.22,-214943.12,173.89,,51.99,563180.3999999999,-404608.5000000001,5.03,0.19,0.26,0.019,0.01
VKCO,ema,1D,Bayesian_TPE,48,0.235,86,129,False,19.08,0.39,0.407,31.66,1,100.0,False,"{""sampler"":""TPESampler"",""seed"":42,""n_trials"":50,""direction"":""maximize"",""objective"":""composite = Sharpe * (Return% / MaxDD%)""}","{""short_ema"":86,""long_ema"":129,""allowshort"":false}",2014-01-01,2024-12-31,2025-01-01,2026-04-20,2014-01-01,2026-04-20,3.0,1.0,1.0,0.0,100.0,190848.6,0.0,452.0,,31.66,190848.59999999992,190848.59999999992,19.08,0.39,0.41,0.0134,0.02,4.0,2.0,0.0,2.0,0.0,0.0,-133865.8,65.5,,32.94,-103678.10000000003,-164053.49999999997,-26.77,-1.37,-1.19,0.0084,-0.03,7.0,3.0,1.0,2.0,33.33,190848.6,-159419.9,194.33,,45.9,190848.59999999992,-195360.59999999995,-12.8,-0.07,-0.07,0.0118,-0.0
LKOH,ema,1D,Bayesian_TPE,0,-0.016,40,193,True,-7.27,0.134,0.164,62.09,16,31.25,True,"{""sampler"":""TPESampler"",""seed"":42,""n_trials"":50,""direction"":""maximize"",""objective"":""composite = Sharpe * (Return% / MaxDD%)""}","{""short_ema"":40,""long_ema"":193,""allowshort"":true}",2014-01-01,2024-12-31,2025-01-01,2026-04-20,2014-01-01,2026-04-20,16.0,16.0,5.0,11.0,31.25,154961.9,-77042.83,248.25,,62.09,298410.0,-223223.0,-7.27,0.13,0.16,0.0194,0.0,2.0,2.0,1.0,1.0,50.0,132264.0,-94952.0,232.5,,27.28,132264.0,-94952.0,3.73,0.21,0.31,0.0142,0.01,18.0,18.0,6.0,12.0,33.33,150413.5,-74792.05,247.06,,62.09,298410.0,-223223.0,0.5,0.15,0.19,0.0188,0.0
LKOH,ema,1D,Bayesian_TPE,1,1.141,19,73,False,118.91,0.452,0.491,47.09,22,40.91,False,"{""sampler"":""TPESampler"",""seed"":42,""n_trials"":50,""direction"":""maximize"",""objective"":""composite = Sharpe * (Return% / MaxDD%)""}","{""short_ema"":19,""long_ema"":73,""allowshort"":false}",2014-01-01,2024-12-31,2025-01-01,2026-04-20,2014-01-01,2026-04-20,43.0,22.0,9.0,11.0,40.91,299116.81,-136631.65,115.32,,47.09,825280.5,-391140.0,118.91,0.45,0.49,0.0129,0.01,7.0,3.0,0.0,3.0,0.0,0.0,-54964.33,31.67,,20.11,-37994.0,-79544.0,-16.49,-1.05,-0.5,0.0063,-0.03,50.0,25.0,9.0,15.0,36.0,299116.81,-130699.11,108.88,,47.09,825280.5,-391140.0,73.16,0.32,0.34,0.0124,0.01
LKOH,ema,1D,Bayesian_TPE,2,0.616,62,156,False,80.71,0.351,0.348,45.97,8,50.0,False,"{""sampler"":""TPESampler"",""seed"":42,""n_trials"":50,""direction"":""maximize"",""objective"":""composite = Sharpe * (Return% / MaxDD%)""}","{""short_ema"":62,""long_ema"":156,""allowshort"":false}",2014-01-01,2024-12-31,2025-01-01,2026-04-20,2014-01-01,2026-04-20,16.0,8.0,4.0,4.0,50.0,291971.3,-90197.65,328.62,,45.97,533655.0,-165507.0,80.71,0.35,0.35,0.0147,0.01,2.0,1.0,0.0,1.0,0.0,0.0,-113560.0,82.0,,19.25,-113560.0,-113560.0,-11.36,-0.66,-0.39,0.0065,-0.02,18.0,9.0,4.0,5.0,44.44,291971.3,-113240.12,301.22,,45.97,533655.0,-205410.0,60.17,0.28,0.27,0.0139,0.01
LKOH,ema,1D,Bayesian_TPE,4,1.542,22,77,False,137.03,0.487,0.531,43.28,19,36.84,False,"{""sampler"":""TPESampler"",""seed"":42,""n_trials"":50,""direction"":""maximize"",""objective"":""composite = Sharpe * (Return% / MaxDD%)""}","{""short_ema"":22,""long_ema"":77,""allowshort"":false}",2014-01-01,2024-12-31,2025-01-01,2026-04-20,2014-01-01,2026-04-20,37.0,19.0,7.0,11.0,36.84,403675.53,-132311.38,135.05,,43.28,858721.5,-363092.0,137.03,0.49,0.53,0.013,0.01,7.0,3.0,0.0,3.0,0.0,0.0,-55673.0,26.33,,19.43,-31387.5,-74202.0,-16.7,-1.14,-0.46,0.0059,-0.03,44.0,22.0,7.0,15.0,31.82,403675.53,-130387.55,124.32,,43.28,858721.5,-363092.0,86.99,0.35,0.37,0.0124,0.01
LKOH,ema,1D,Bayesian_TPE,5,0.083,46,93,True,22.5,0.208,0.276,56.37,24,33.33,True,"{""sampler"":""TPESampler"",""seed"":42,""n_trials"":50,""direction"":""maximize"",""objective"":""composite = Sharpe * (Return% / MaxDD%)""}","{""short_ema"":46,""long_ema"":93,""allowshort"":true}",2014-01-01,2024-12-31,2025-01-01,2026-04-20,2014-01-01,2026-04-20,24.0,24.0,8.0,16.0,33.33,231802.94,-101840.81,165.5,,56.37,641581.5,-266381.5,22.5,0.21,0.28,0.0181,0.01,6.0,6.0,2.0,4.0,33.33,48032.5,-39389.0,78.0,,22.17,83230.0,-84882.0,-6.15,-0.06,-0.09,0.0141,-0.0,30.0,30.0,10.0,20.0,33.33,197513.7,-89947.62,148.23,,56.37,641581.5,-266381.5,17.62,0.19,0.25,0.0176,0.01
LKOH,ema,1D,Bayesian_TPE,6,1.986,33,105,False,147.55,0.499,0.514,37.07,12,41.67,False,"{""sampler"":""TPESampler"",""seed"":42,""n_trials"":50,""direction"":""maximize"",""objective"":""composite = Sharpe * (Return% / MaxDD%)""}","{""short_ema"":33,""long_ema"":105,""allowshort"":false}",2014-01-01,2024-12-31,2025-01-01,2026-04-20,2014-01-01,2026-04-20,24.0,12.0,5.0,7.0,41.67,509692.26,-153275.16,209.5,,37.07,924924.0,-312840.0,147.55,0.5,0.51,0.0133,0.02,8.0,4.0,0.0,4.0,0.0,0.0,-55321.5,31.5,,29.09,-15873.0,-90592.5,-22.13,-1.3,-0.94,0.0071,-0.03,32.0,16.0,5.0,11.0,31.25,509692.26,-147390.6,165.0,,37.07,924924.0,-312840.0,92.72,0.36,0.36,0.0127,0.01
LKOH,ema,1D,Bayesian_TPE,7,-0.002,24,127,True,-0.59,0.142,0.191,51.61,30,20.0,True,"{""sampler"":""TPESampler"",""seed"":42,""n_trials"":50,""direction"":""maximize"",""objective"":""composite = Sharpe * (Return% / MaxDD%)""}","{""short_ema"":24,""long_ema"":127,""allowshort"":true}",2014-01-01,2024-12-31,2025-01-01,2026-04-20,2014-01-01,2026-04-20,30.0,30.0,6.0,24.0,20.0,261122.25,-65524.44,133.17,,51.61,544390.0,-194124.5,-0.59,0.14,0.19,0.0181,0.0,6.0,6.0,3.0,3.0,50.0,33156.67,-55102.17,78.5,,19.53,61887.0,-63544.0,-6.58,-0.08,-0.13,0.0137,-0.01,36.0,36.0,9.0,27.0,25.0,185283.39,-63797.96,124.17,,51.61,544390.0,-194124.5,-5.5,0.12,0.17,0.0176,0.0
LKOH,ema,1D,Bayesian_TPE,8,1.092,63,75,False,114.2,0.436,0.441,45.6,11,45.45,False,"{""sampler"":""TPESampler"",""seed"":42,""n_trials"":50,""direction"":""maximize"",""objective"":""composite = Sharpe * (Return% / MaxDD%)""}","{""short_ema"":63,""long_ema"":75,""allowshort"":false}",2014-01-01,2024-12-31,2025-01-01,2026-04-20,2014-01-01,2026-04-20,22.0,11.0,5.0,6.0,45.45,455293.6,-189077.07,227.45,,45.6,831276.0,-370657.5,114.2,0.44,0.44,0.0133,0.01,4.0,2.0,0.0,2.0,0.0,0.0,-56312.25,54.0,,19.92,-42054.0,-70570.5,-11.26,-0.62,-0.42,0.0068,-0.02,26.0,13.0,5.0,8.0,38.46,455293.6,-171956.92,200.77,,45.6,831276.0,-370657.5,90.08,0.36,0.35,0.0127,0.01
LKOH,ema,1D,Bayesian_TPE,9,-0.014,97,172,True,-33.83,0.028,0.035,65.38,12,41.67,True,"{""sampler"":""TPESampler"",""seed"":42,""n_trials"":50,""direction"":""maximize"",""objective"":""composite = Sharpe * (Return% / MaxDD%)""}","{""short_ema"":97,""long_ema"":172,""allowshort"":true}",2014-01-01,2024-12-31,2025-01-01,2026-04-20,2014-01-01,2026-04-20,12.0,12.0,5.0,7.0,41.67,119007.52,-133340.01,330.75,,65.38,337725.0,-346494.0,-33.83,0.03,0.03,0.019,0.0,2.0,2.0,1.0,1.0,50.0,153042.0,-105639.0,226.5,,22.47,153042.0,-105639.0,4.74,0.24,0.35,0.0135,0.01,14.0,14.0,6.0,8.0,42.86,115992.77,-125448.7,317.43,,65.41,337725.0,-346494.0,-30.76,0.05,0.06,0.0184,0.0
LKOH,ema,1D,Bayesian_TPE,10,1.096,8,121,False,116.48,0.447,0.488,47.51,22,31.82,False,"{""sampler"":""TPESampler"",""seed"":42,""n_trials"":50,""direction"":""maximize"",""objective"":""composite = Sharpe * (Return% / MaxDD%)""}","{""short_ema"":8,""long_ema"":121,""allowshort"":false}",2014-01-01,2024-12-31,2025-01-01,2026-04-20,2014-01-01,2026-04-20,43.0,22.0,7.0,15.0,31.82,384833.86,-101935.15,116.59,,47.51,934920.0,-316128.0,116.48,0.45,0.49,0.0129,0.01,7.0,3.0,0.0,3.0,0.0,0.0,-47989.67,15.67,,16.76,-30845.0,-78474.0,-14.4,-1.11,-0.32,0.0052,-0.03,50.0,25.0,7.0,18.0,28.0,375372.64,-101760.26,108.04,,47.51,934920.0,-316128.0,79.59,0.34,0.35,0.0123,0.01
LKOH,ema,1D,Bayesian_TPE,11,0.899,31,52,False,95.22,0.4,0.431,42.39,21,38.1,False,"{""sampler"":""TPESampler"",""seed"":42,""n_trials"":50,""direction"":""maximize"",""objective"":""composite = Sharpe * (Return% / MaxDD%)""}","{""short_ema"":31,""long_ema"":52,""allowshort"":false}",2014-01-01,2024-12-31,2025-01-01,2026-04-20,2014-01-01,2026-04-20,41.0,21.0,8.0,12.0,38.1,306181.45,-124773.01,120.14,,42.39,815289.0,-351600.0,95.22,0.4,0.43,0.013,0.01,7.0,3.0,0.0,3.0,0.0,0.0,-52857.33,33.33,,19.85,-34523.0,-65333.0,-15.86,-0.99,-0.48,0.0064,-0.03,48.0,24.0,8.0,16.0,33.33,306181.45,-118347.19,113.04,,42.39,815289.0,-351600.0,55.59,0.28,0.29,0.0125,0.01
LKOH,ema,1D,Bayesian_TPE,12,1.699,6,109,False,149.44,0.51,0.562,44.87,28,28.57,False,"{""sampler"":""TPESampler"",""seed"":42,""n_trials"":50,""direction"":""maximize"",""objective"":""composite = Sharpe * (Return% / MaxDD%)""}","{""short_ema"":6,""long_ema"":109,""allowshort"":false}",2014-01-01,2024-12-31,2025-01-01,2026-04-20,2014-01-01,2026-04-20,55.0,28.0,8.0,20.0,28.57,370384.19,-73435.49,92.36,,44.87,1101240.0,-330012.0,149.44,0.51,0.56,0.0129,0.01,17.0,8.0,0.0,8.0,0.0,0.0,-30034.38,9.0,,24.76,-3532.5,-65560.0,-24.03,-1.75,-0.69,0.0059,-0.04,72.0,36.0,8.0,28.0,22.22,360859.69,-73211.37,76.31,,44.87,1101240.0,-330012.0,83.7,0.34,0.36,0.0124,0.01
LKOH,ema,1D,Bayesian_TPE,13,1.512,5,118,False,139.38,0.492,0.541,45.34,31,25.81,False,"{""sampler"":""TPESampler"",""seed"":42,""n_trials"":50,""direction"":""maximize"",""objective"":""composite = Sharpe * (Return% / MaxDD%)""}","{""short_ema"":5,""long_ema"":118,""allowshort"":false}",2014-01-01,2024-12-31,2025-01-01,2026-04-20,2014-01-01,2026-04-20,61.0,31.0,8.0,23.0,25.81,371724.19,-68695.99,83.42,,45.34,1063612.5,-303975.0,139.38,0.49,0.54,0.0129,0.01,13.0,6.0,0.0,6.0,0.0,0.0,-33452.58,10.5,,21.9,-8525.0,-78356.0,-20.07,-1.49,-0.52,0.0056,-0.04,74.0,37.0,8.0,29.0,21.62,362587.31,-70567.82,74.0,,45.34,1063612.5,-303975.0,85.42,0.35,0.37,0.0124,0.01
LKOH,ema,1D,Bayesian_TPE,14,0.291,36,140,False,54.7,0.293,0.277,55.07,11,45.45,False,"{""sampler"":""TPESampler"",""seed"":42,""n_trials"":50,""direction"":""maximize"",""objective"":""composite = Sharpe * (Return% / MaxDD%)""}","{""short_ema"":36,""long_ema"":140,""allowshort"":false}",2014-01-01,2024-12-31,2025-01-01,2026-04-20,2014-01-01,2026-04-20,22.0,11.0,5.0,6.0,45.45,381048.9,-226369.87,235.64,,55.07,779340.0,-594876.0,54.7,0.29,0.28,0.0142,0.01,2.0,1.0,0.0,1.0,0.0,0.0,-65994.5,86.0,,17.1,-65994.5,-65994.5,-6.6,-0.38,-0.22,0.0061,-0.01,24.0,12.0,5.0,7.0,41.67,381048.9,-208667.46,223.17,,55.07,779340.0,-594876.0,44.46,0.25,0.22,0.0134,0.01
LKOH,ema,1D,Bayesian_TPE,15,0.39,57,104,False,66.7,0.323,0.304,55.19,10,50.0,False,"{""sampler"":""TPESampler"",""seed"":42,""n_trials"":50,""direction"":""maximize"",""objective"":""composite = Sharpe * (Return% / MaxDD%)""}","{""short_ema"":57,""long_ema"":104,""allowshort"":false}",2014-01-01,2024-12-31,2025-01-01,2026-04-20,2014-01-01,2026-04-20,20.0,10.0,5.0,5.0,50.0,415271.52,-281878.0,257.7,,55.19,815911.5,-630346.0,66.7,0.32,0.3,0.0142,0.01,2.0,1.0,0.0,1.0,0.0,0.0,-93862.0,84.0,,18.36,-93862.0,-93862.0,-9.39,-0.54,-0.31,0.0064,-0.02,22.0,11.0,5.0,6.0,45.45,415271.52,-261007.83,241.91,,55.19,815911.5,-630346.0,51.03,0.26,0.24,0.0135,0.01
LKOH,ema,1D,Bayesian_TPE,16,1.923,13,101,False,157.98,0.525,0.575,43.13,19,31.58,False,"{""sampler"":""TPESampler"",""seed"":42,""n_trials"":50,""direction"":""maximize"",""objective"":""composite = Sharpe * (Return% / MaxDD%)""}","{""short_ema"":13,""long_ema"":101,""allowshort"":false}",2014-01-01,2024-12-31,2025-01-01,2026-04-20,2014-01-01,2026-04-20,37.0,19.0,6.0,11.0,31.58,514791.58,-137178.87,135.37,,43.13,1118936.0,-418594.0,157.98,0.53,0.58,0.0129,0.02,7.0,3.0,0.0,3.0,0.0,0.0,-55725.5,22.67,,19.19,-44795.0,-71638.5,-16.72,-1.21,-0.43,0.0056,-0.04,44.0,22.0,6.0,15.0,27.27,514791.58,-136986.74,124.09,,43.13,1118936.0,-418594.0,103.39,0.39,0.4,0.0124,0.01
LKOH,ema,1D,Bayesian_TPE,17,0.275,18,141,False,48.05,0.276,0.282,48.27,19,26.32,False,"{""sampler"":""TPESampler"",""seed"":42,""n_trials"":50,""direction"":""maximize"",""objective"":""composite = Sharpe * (Return% / MaxDD%)""}","{""short_ema"":18,""long_ema"":141,""allowshort"":false}",2014-01-01,2024-12-31,2025-01-01,2026-04-20,2014-01-01,2026-04-20,38.0,19.0,5.0,14.0,26.32,365773.5,-96311.85,133.84,,48.27,683422.5,-254040.0,48.05,0.28,0.28,0.0134,0.01,6.0,3.0,0.0,3.0,0.0,0.0,-32260.17,39.33,,17.49,-20160.0,-44476.5,-9.68,-0.58,-0.48,0.0062,-0.02,44.0,22.0,5.0,17.0,22.73,365773.5,-87739.67,120.95,,48.27,683422.5,-254040.0,33.73,0.22,0.21,0.0127,0.01
LKOH,ema,1D,Bayesian_TPE,19,1.251,47,101,False,120.78,0.449,0.456,43.36,11,45.45,False,"{""sampler"":""TPESampler"",""seed"":42,""n_trials"":50,""direction"":""maximize"",""objective"":""composite = Sharpe * (Return% / MaxDD%)""}","{""short_ema"":47,""long_ema"":101,""allowshort"":false}",2014-01-01,2024-12-31,2025-01-01,2026-04-20,2014-01-01,2026-04-20,22.0,11.0,5.0,6.0,45.45,460408.04,-182378.13,229.0,,43.36,853290.0,-385506.0,120.78,0.45,0.46,0.0134,0.01,4.0,2.0,0.0,2.0,0.0,0.0,-50783.25,50.5,,18.18,-30855.0,-70711.5,-10.16,-0.57,-0.37,0.0066,-0.02,26.0,13.0,5.0,8.0,38.46,460408.04,-164787.91,201.54,,43.36,853290.0,-385506.0,98.37,0.37,0.36,0.0127,0.01
LKOH,ema,1D,Bayesian_TPE,20,-0.008,31,90,True,-3.56,0.131,0.176,59.14,32,21.88,True,"{""sampler"":""TPESampler"",""seed"":42,""n_trials"":50,""direction"":""maximize"",""objective"":""composite = Sharpe * (Return% / MaxDD%)""}","{""short_ema"":31,""long_ema"":90,""allowshort"":true}",2014-01-01,2024-12-31,2025-01-01,2026-04-20,2014-01-01,2026-04-20,32.0,32.0,7.0,25.0,21.88,268599.39,-76631.55,124.84,,59.14,729734.0,-277610.0,-3.56,0.13,0.18,0.018,0.0,6.0,6.0,3.0,3.0,50.0,32280.5,-57274.83,78.5,,19.58,45570.0,-72585.5,-7.5,-0.1,-0.16,0.014,-0.01,38.0,38.0,10.0,28.0,26.32,197507.52,-73826.01,117.63,,59.14,729734.0,-277610.0,-9.21,0.11,0.15,0.0175,0.0
LKOH,ema,1D,Bayesian_TPE,21,1.378,12,109,False,133.58,0.481,0.526,46.63,21,28.57,False,"{""sampler"":""TPESampler"",""seed"":42,""n_trials"":50,""direction"":""maximize"",""objective"":""composite = Sharpe * (Return% / MaxDD%)""}","{""short_ema"":12,""long_ema"":109,""allowshort"":false}",2014-01-01,2024-12-31,2025-01-01,2026-04-20,2014-01-01,2026-04-20,41.0,21.0,6.0,13.0,28.57,483778.75,-120527.45,121.95,,46.63,996918.5,-387112.0,133.58,0.48,0.53,0.0129,0.01,7.0,3.0,0.0,3.0,0.0,0.0,-57584.83,21.67,,19.54,-42484.0,-82995.5,-17.28,-1.26,-0.43,0.0056,-0.04,48.0,24.0,6.0,17.0,25.0,483778.75,-121876.82,113.17,,46.63,996918.5,-387112.0,83.08,0.34,0.36,0.0123,0.01
LKOH,ema,1D,Bayesian_TPE,22,0.918,15,133,False,97.42,0.407,0.451,43.2,20,30.0,False,"{""sampler"":""TPESampler"",""seed"":42,""n_trials"":50,""direction"":""maximize"",""objective"":""composite = Sharpe * (Return% / MaxDD%)""}","{""short_ema"":15,""long_ema"":133,""allowshort"":false}",2014-01-01,2024-12-31,2025-01-01,2026-04-20,2014-01-01,2026-04-20,39.0,20.0,6.0,13.0,30.0,386617.58,-103497.22,127.2,,43.2,830820.0,-251428.0,97.42,0.41,0.45,0.0129,0.01,7.0,3.0,0.0,3.0,0.0,0.0,-34414.33,12.0,,12.24,-23452.0,-41984.0,-10.32,-1.2,-0.47,0.0034,-0.03,46.0,23.0,6.0,17.0,26.09,386617.58,-95888.75,116.17,,43.2,830820.0,-251428.0,68.96,0.31,0.33,0.0122,0.01
LKOH,ema,1D,Bayesian_TPE,23,1.191,27,113,False,114.99,0.438,0.447,42.3,15,33.33,False,"{""sampler"":""TPESampler"",""seed"":42,""n_trials"":50,""direction"":""maximize"",""objective"":""composite = Sharpe * (Return% / MaxDD%)""}","{""short_ema"":27,""long_ema"":113,""allowshort"":false}",2014-01-01,2024-12-31,2025-01-01,2026-04-20,2014-01-01,2026-04-20,30.0,15.0,5.0,10.0,33.33,498558.96,-134285.37,167.27,,42.3,884246.5,-361910.5,114.99,0.44,0.45,0.0133,0.01,6.0,3.0,0.0,3.0,0.0,0.0,-63847.33,43.33,,26.26,-47885.5,-94710.0,-19.15,-1.1,-0.8,0.007,-0.03,36.0,18.0,5.0,13.0,27.78,498558.96,-135021.44,146.61,,42.3,884246.5,-361910.5,73.75,0.32,0.32,0.0127,0.01
LKOH,ema,1D,Bayesian_TPE,24,0.552,6,150,False,74.85,0.352,0.393,47.76,33,21.21,False,"{""sampler"":""TPESampler"",""seed"":42,""n_trials"":50,""direction"":""maximize"",""objective"":""composite = Sharpe * (Return% / MaxDD%)""}","{""short_ema"":6,""long_ema"":150,""allowshort"":false}",2014-01-01,2024-12-31,2025-01-01,2026-04-20,2014-01-01,2026-04-20,65.0,33.0,7.0,26.0,21.21,346788.79,-64579.57,78.33,,47.76,741468.0,-226775.0,74.85,0.35,0.39,0.0129,0.01,5.0,2.0,0.0,2.0,0.0,0.0,-26995.5,16.0,,7.54,-14861.0,-39130.0,-5.4,-0.66,-0.23,0.0031,-0.03,70.0,35.0,6.0,29.0,17.14,394766.17,-62125.91,77.34,,47.76,741468.0,-226775.0,56.69,0.28,0.3,0.0123,0.01
LKOH,ema,1D,Bayesian_TPE,25,1.639,14,97,False,142.33,0.497,0.544,43.16,21,28.57,False,"{""sampler"":""TPESampler"",""seed"":42,""n_trials"":50,""direction"":""maximize"",""objective"":""composite = Sharpe * (Return% / MaxDD%)""}","{""short_ema"":14,""long_ema"":97,""allowshort"":false}",2014-01-01,2024-12-31,2025-01-01,2026-04-20,2014-01-01,2026-04-20,41.0,21.0,6.0,13.0,28.57,492605.25,-117869.67,122.52,,43.16,1050672.0,-394108.0,142.33,0.5,0.54,0.0129,0.01,7.0,3.0,0.0,3.0,0.0,0.0,-55779.83,23.33,,19.21,-44795.0,-71801.5,-16.73,-1.21,-0.43,0.0056,-0.04,48.0,24.0,6.0,17.0,25.0,492605.25,-120288.07,113.88,,43.16,1050672.0,-394108.0,91.07,0.36,0.38,0.0124,0.01
LKOH,ema,1D,Bayesian_TPE,26,1.193,35,65,False,121.14,0.454,0.49,46.1,18,38.89,False,"{""sampler"":""TPESampler"",""seed"":42,""n_trials"":50,""direction"":""maximize"",""objective"":""composite = Sharpe * (Return% / MaxDD%)""}","{""short_ema"":35,""long_ema"":65,""allowshort"":false}",2014-01-01,2024-12-31,2025-01-01,2026-04-20,2014-01-01,2026-04-20,35.0,18.0,7.0,10.0,38.89,401086.89,-159617.14,142.39,,46.1,930119.5,-417012.0,121.14,0.45,0.49,0.0131,0.01,7.0,3.0,0.0,3.0,0.0,0.0,-67857.17,24.0,,22.54,-54560.0,-77119.0,-20.36,-1.42,-0.58,0.006,-0.04,42.0,21.0,7.0,14.0,33.33,401086.89,-150637.92,129.9,,46.1,930119.5,-417012.0,69.87,0.31,0.32,0.0125,0.01
LKOH,ema,1D,Bayesian_TPE,27,0.787,42,112,False,93.44,0.391,0.4,46.4,13,38.46,False,"{""sampler"":""TPESampler"",""seed"":42,""n_trials"":50,""direction"":""maximize"",""objective"":""composite = Sharpe * (Return% / MaxDD%)""}","{""short_ema"":42,""long_ema"":112,""allowshort"":false}",2014-01-01,2024-12-31,2025-01-01,2026-04-20,2014-01-01,2026-04-20,26.0,13.0,5.0,8.0,38.46,430680.18,-152372.95,195.77,,46.4,843220.0,-337078.5,93.44,0.39,0.4,0.0134,0.01,4.0,2.0,0.0,2.0,0.0,0.0,-47286.75,47.0,,17.81,-23862.0,-70711.5,-9.46,-0.55,-0.34,0.0064,-0.02,30.0,15.0,5.0,10.0,33.33,430680.18,-140151.51,175.93,,46.4,843220.0,-337078.5,75.19,0.32,0.32,0.0127,0.01
LKOH,ema,1D,Bayesian_TPE,28,0.008,26,85,True,3.24,0.149,0.213,58.64,33,33.33,True,"{""sampler"":""TPESampler"",""seed"":42,""n_trials"":50,""direction"":""maximize"",""objective"":""composite = Sharpe * (Return% / MaxDD%)""}","{""short_ema"":26,""long_ema"":85,""allowshort"":true}",2014-01-01,2024-12-31,2025-01-01,2026-04-20,2014-01-01,2026-04-20,33.0,33.0,11.0,21.0,33.33,160510.99,-82535.58,121.06,,58.64,562735.0,-198000.0,3.24,0.15,0.21,0.0176,0.0,7.0,7.0,3.0,4.0,42.86,47530.83,-63244.0,54.71,,31.31,77040.0,-92308.0,-11.04,-0.24,-0.29,0.013,-0.01,40.0,40.0,14.0,26.0,35.0,136141.06,-78066.93,111.75,,58.64,562735.0,-198000.0,-12.38,0.1,0.14,0.0172,0.0
LKOH,ema,1D,Bayesian_TPE,29,0.569,11,176,False,72.57,0.341,0.369,43.51,24,20.83,False,"{""sampler"":""TPESampler"",""seed"":42,""n_trials"":50,""direction"":""maximize"",""objective"":""composite = Sharpe * (Return% / MaxDD%)""}","{""short_ema"":11,""long_ema"":176,""allowshort"":false}",2014-01-01,2024-12-31,2025-01-01,2026-04-20,2014-01-01,2026-04-20,47.0,24.0,5.0,18.0,20.83,410675.1,-73761.92,110.67,,43.51,779929.0,-257455.0,72.57,0.34,0.37,0.0135,0.01,7.0,3.0,0.0,3.0,0.0,0.0,-28047.67,6.33,,8.41,-11175.0,-42968.0,-8.41,-1.24,-0.34,0.0027,-0.04,54.0,27.0,5.0,22.0,18.52,410675.1,-70225.89,102.48,,43.51,779929.0,-257455.0,50.84,0.26,0.27,0.0128,0.01
LKOH,ema,1D,Bayesian_TPE,30,0.721,39,195,False,86.82,0.367,0.365,44.17,8,50.0,False,"{""sampler"":""TPESampler"",""seed"":42,""n_trials"":50,""direction"":""maximize"",""objective"":""composite = Sharpe * (Return% / MaxDD%)""}","{""short_ema"":39,""long_ema"":195,""allowshort"":false}",2014-01-01,2024-12-31,2025-01-01,2026-04-20,2014-01-01,2026-04-20,16.0,8.0,4.0,4.0,50.0,291662.75,-74601.35,335.75,,44.17,560280.0,-98960.40000000004,86.82,0.37,0.36,0.0144,0.01,2.0,1.0,0.0,1.0,0.0,0.0,-104269.5,89.0,,18.43,-104269.5,-104269.5,-10.43,-0.6,-0.35,0.0065,-0.02,18.0,9.0,4.0,5.0,44.44,291662.75,-98578.78,308.33,,44.17,560280.0,-194488.5,67.38,0.3,0.28,0.0136,0.01
LKOH,ema,1D,Bayesian_TPE,31,1.416,15,97,False,132.37,0.479,0.523,44.77,21,28.57,False,"{""sampler"":""TPESampler"",""seed"":42,""n_trials"":50,""direction"":""maximize"",""objective"":""composite = Sharpe * (Return% / MaxDD%)""}","{""short_ema"":15,""long_ema"":97,""allowshort"":false}",2014-01-01,2024-12-31,2025-01-01,2026-04-20,2014-01-01,2026-04-20,41.0,21.0,6.0,14.0,28.57,468687.42,-106316.81,121.81,,44.77,1006152.0,-405900.0,132.37,0.48,0.52,0.0129,0.01,7.0,3.0,0.0,3.0,0.0,0.0,-55752.67,23.0,,19.2,-44795.0,-71720.0,-16.73,-1.21,-0.43,0.0056,-0.04,48.0,24.0,6.0,18.0,25.0,468687.42,-109999.77,113.21,,44.77,1006152.0,-405900.0,83.21,0.34,0.36,0.0124,0.01
LKOH,ema,1D,Bayesian_TPE,32,0.972,20,101,False,102.54,0.418,0.452,44.11,18,33.33,False,"{""sampler"":""TPESampler"",""seed"":42,""n_trials"":50,""direction"":""maximize"",""objective"":""composite = Sharpe * (Return% / MaxDD%)""}","{""short_ema"":20,""long_ema"":101,""allowshort"":false}",2014-01-01,2024-12-31,2025-01-01,2026-04-20,2014-01-01,2026-04-20,35.0,18.0,6.0,11.0,33.33,396537.63,-123073.66,140.61,,44.11,861161.0,-360390.0,102.54,0.42,0.45,0.0129,0.01,7.0,3.0,0.0,3.0,0.0,0.0,-58307.17,17.67,,19.77,-42350.0,-74735.5,-17.49,-1.31,-0.41,0.0054,-0.04,42.0,21.0,6.0,15.0,28.57,396537.63,-118990.55,127.43,,44.11,861161.0,-360390.0,59.44,0.29,0.3,0.0124,0.01
LKOH,ema,1D,Bayesian_TPE,33,0.545,12,65,False,74.46,0.352,0.38,48.12,30,36.67,False,"{""sampler"":""TPESampler"",""seed"":42,""n_trials"":50,""direction"":""maximize"",""objective"":""composite = Sharpe * (Return% / MaxDD%)""}","{""short_ema"":12,""long_ema"":65,""allowshort"":false}",2014-01-01,2024-12-31,2025-01-01,2026-04-20,2014-01-01,2026-04-20,59.0,30.0,11.0,19.0,36.67,209042.91,-81837.52,84.2,,48.12,806352.0,-325494.0,74.46,0.35,0.38,0.0129,0.01,9.0,4.0,0.0,4.0,0.0,0.0,-43273.25,27.5,,18.21,-25345.0,-80320.0,-17.31,-1.12,-0.56,0.0062,-0.04,68.0,34.0,11.0,23.0,32.35,207903.64,-80641.03,79.82,,48.12,806352.0,-325494.0,43.22,0.24,0.25,0.0123,0.01
LKOH,ema,1D,Bayesian_TPE,34,0.471,18,128,False,65.55,0.325,0.332,45.24,18,27.78,False,"{""sampler"":""TPESampler"",""seed"":42,""n_trials"":50,""direction"":""maximize"",""objective"":""composite = Sharpe * (Return% / MaxDD%)""}","{""short_ema"":18,""long_ema"":128,""allowshort"":false}",2014-01-01,2024-12-31,2025-01-01,2026-04-20,2014-01-01,2026-04-20,36.0,18.0,5.0,13.0,27.78,409820.1,-107200.08,140.94,,45.24,755385.5,-267960.0,65.55,0.32,0.33,0.0133,0.01,6.0,3.0,0.0,3.0,0.0,0.0,-40896.67,42.0,,19.72,-29278.5,-63031.5,-12.27,-0.73,-0.59,0.0065,-0.02,42.0,21.0,5.0,16.0,23.81,409820.1,-99801.01,126.81,,45.24,755385.5,-267960.0,45.23,0.25,0.25,0.0126,0.01
LKOH,ema,1D,Bayesian_TPE,35,0.788,28,86,False,98.14,0.402,0.405,50.04,18,27.78,False,"{""sampler"":""TPESampler"",""seed"":42,""n_trials"":50,""direction"":""maximize"",""objective"":""composite = Sharpe * (Return% / MaxDD%)""}","{""short_ema"":28,""long_ema"":86,""allowshort"":false}",2014-01-01,2024-12-31,2025-01-01,2026-04-20,2014-01-01,2026-04-20,35.0,18.0,5.0,12.0,27.78,497345.5,-125446.55,141.5,,50.04,907663.5,-366562.5,98.14,0.4,0.41,0.0134,0.01,7.0,3.0,0.0,3.0,0.0,0.0,-61821.0,19.33,,20.53,-36344.0,-79055.0,-18.55,-1.32,-0.48,0.0058,-0.04,42.0,21.0,5.0,16.0,23.81,497345.5,-120690.04,128.48,,50.04,907663.5,-366562.5,55.57,0.28,0.27,0.0128,0.01
LKOH,ema,1D,Bayesian_TPE,36,-0.025,21,107,True,-18.42,0.076,0.101,57.13,32,25.0,True,"{""sampler"":""TPESampler"",""seed"":42,""n_trials"":50,""direction"":""maximize"",""objective"":""composite = Sharpe * (Return% / MaxDD%)""}","{""short_ema"":21,""long_ema"":107,""allowshort"":true}",2014-01-01,2024-12-31,2025-01-01,2026-04-20,2014-01-01,2026-04-20,32.0,32.0,8.0,24.0,25.0,179356.31,-67460.57,124.84,,57.13,536174.0,-202904.0,-18.42,0.08,0.1,0.0178,0.0,6.0,6.0,3.0,3.0,50.0,39144.17,-52368.5,78.5,,21.19,60620.0,-73937.5,-3.97,-0.0,-0.0,0.0139,-0.0,38.0,38.0,11.0,27.0,28.95,139294.41,-64265.1,117.63,,57.13,536174.0,-202904.0,-20.29,0.07,0.1,0.0173,0.0
LKOH,ema,1D,Bayesian_TPE,37,1.482,10,93,False,141.6,0.496,0.546,47.39,25,32.0,False,"{""sampler"":""TPESampler"",""seed"":42,""n_trials"":50,""direction"":""maximize"",""objective"":""composite = Sharpe * (Return% / MaxDD%)""}","{""short_ema"":10,""long_ema"":93,""allowshort"":false}",2014-01-01,2024-12-31,2025-01-01,2026-04-20,2014-01-01,2026-04-20,49.0,25.0,8.0,17.0,32.0,365532.38,-88719.19,103.48,,47.39,1065820.0,-360294.0,141.6,0.5,0.55,0.0129,0.01,11.0,5.0,0.0,5.0,0.0,0.0,-39467.4,17.2,,20.32,-22397.5,-61612.5,-19.73,-1.41,-0.59,0.0058,-0.04,60.0,30.0,8.0,22.0,26.67,356312.44,-89587.01,92.07,,47.39,1065820.0,-360294.0,87.96,0.35,0.37,0.0124,0.01
LKOH,ema,1D,Bayesian_TPE,38,1.418,52,79,False,123.09,0.454,0.46,39.41,12,41.67,False,"{""sampler"":""TPESampler"",""seed"":42,""n_trials"":50,""direction"":""maximize"",""objective"":""composite = Sharpe * (Return% / MaxDD%)""}","{""short_ema"":52,""long_ema"":79,""allowshort"":false}",2014-01-01,2024-12-31,2025-01-01,2026-04-20,2014-01-01,2026-04-20,24.0,12.0,5.0,7.0,41.67,491681.94,-175357.03,208.92,,39.41,875200.0,-362032.0,123.09,0.45,0.46,0.0133,0.02,6.0,3.0,0.0,3.0,0.0,0.0,-71061.0,43.33,,28.24,-57492.5,-89040.0,-21.32,-1.23,-0.91,0.0072,-0.03,30.0,15.0,5.0,10.0,33.33,491681.94,-170390.22,175.8,,39.41,875200.0,-362032.0,75.45,0.32,0.32,0.0127,0.01
LKOH,ema,1D,Bayesian_TPE,39,0.24,5,116,True,45.8,0.262,0.377,50.02,61,22.95,True,"{""sampler"":""TPESampler"",""seed"":42,""n_trials"":50,""direction"":""maximize"",""objective"":""composite = Sharpe * (Return% / MaxDD%)""}","{""short_ema"":5,""long_ema"":116,""allowshort"":true}",2014-01-01,2024-12-31,2025-01-01,2026-04-20,2014-01-01,2026-04-20,61.0,61.0,14.0,47.0,22.95,177987.46,-43272.73,65.61,,50.02,698799.0,-179490.0,45.8,0.26,0.38,0.0175,0.01,13.0,13.0,3.0,10.0,23.08,45395.5,-32207.85,29.77,,34.17,90874.5,-70320.0,-18.59,-0.5,-0.6,0.0131,-0.02,74.0,74.0,17.0,57.0,22.97,155985.62,-43740.63,60.5,,50.02,698799.0,-179490.0,15.85,0.18,0.25,0.0171,0.01
LKOH,ema,1D,Bayesian_TPE,40,1.15,15,125,False,108.71,0.432,0.479,40.85,20,30.0,False,"{""sampler"":""TPESampler"",""seed"":42,""n_trials"":50,""direction"":""maximize"",""objective"":""composite = Sharpe * (Return% / MaxDD%)""}","{""short_ema"":15,""long_ema"":125,""allowshort"":false}",2014-01-01,2024-12-31,2025-01-01,2026-04-20,2014-01-01,2026-04-20,39.0,20.0,6.0,13.0,30.0,394135.45,-98282.02,127.3,,40.85,854427.0,-260988.0,108.71,0.43,0.48,0.0128,0.01,5.0,2.0,0.0,2.0,0.0,0.0,-44573.0,21.0,,10.97,-32032.0,-57114.0,-8.91,-1.01,-0.4,0.0035,-0.03,44.0,22.0,6.0,16.0,27.27,394135.45,-94887.89,121.77,,40.85,854427.0,-260988.0,84.66,0.35,0.37,0.0122,0.01
LKOH,ema,1D,Bayesian_TPE,41,1.076,21,68,False,108.9,0.43,0.462,43.53,23,39.13,False,"{""sampler"":""TPESampler"",""seed"":42,""n_trials"":50,""direction"":""maximize"",""objective"":""composite = Sharpe * (Return% / MaxDD%)""}","{""short_ema"":21,""long_ema"":68,""allowshort"":false}",2014-01-01,2024-12-31,2025-01-01,2026-04-20,2014-01-01,2026-04-20,45.0,23.0,9.0,13.0,39.13,295436.71,-120760.28,109.52,,43.53,811639.5,-337760.0,108.9,0.43,0.46,0.013,0.01,7.0,3.0,0.0,3.0,0.0,0.0,-50344.33,32.33,,18.73,-21509.0,-81008.0,-15.1,-0.94,-0.45,0.0063,-0.03,52.0,26.0,9.0,17.0,34.62,295436.71,-116431.28,104.08,,43.53,811639.5,-337760.0,67.96,0.31,0.32,0.0125,0.01
LKOH,ema,1D,Bayesian_TPE,42,1.078,24,74,False,110.39,0.433,0.467,44.34,19,36.84,False,"{""sampler"":""TPESampler"",""seed"":42,""n_trials"":50,""direction"":""maximize"",""objective"":""composite = Sharpe * (Return% / MaxDD%)""}","{""short_ema"":24,""long_ema"":74,""allowshort"":false}",2014-01-01,2024-12-31,2025-01-01,2026-04-20,2014-01-01,2026-04-20,37.0,19.0,7.0,11.0,36.84,385654.09,-145059.89,134.74,,44.34,834256.5,-400800.0,110.39,0.43,0.47,0.013,0.01,7.0,3.0,0.0,3.0,0.0,0.0,-58001.83,27.0,,19.84,-32395.0,-73755.0,-17.4,-1.2,-0.49,0.0059,-0.04,44.0,22.0,7.0,15.0,31.82,385654.09,-134181.45,124.18,,44.34,834256.5,-400800.0,68.69,0.31,0.32,0.0125,0.01
LKOH,ema,1D,Bayesian_TPE,43,1.363,30,95,False,120.49,0.451,0.461,39.88,16,31.25,False,"{""sampler"":""TPESampler"",""seed"":42,""n_trials"":50,""direction"":""maximize"",""objective"":""composite = Sharpe * (Return% / MaxDD%)""}","{""short_ema"":30,""long_ema"":95,""allowshort"":false}",2014-01-01,2024-12-31,2025-01-01,2026-04-20,2014-01-01,2026-04-20,32.0,16.0,5.0,11.0,31.25,521344.68,-127434.91,156.81,,39.88,900000.0,-368517.5,120.49,0.45,0.46,0.0132,0.01,6.0,3.0,0.0,3.0,0.0,0.0,-47893.83,46.0,,21.9,-44800.0,-53140.5,-14.37,-0.82,-0.7,0.0068,-0.03,38.0,19.0,5.0,14.0,26.32,521344.68,-122752.57,139.32,,39.88,900000.0,-368517.5,88.82,0.35,0.35,0.0126,0.01
LKOH,ema,1D,Bayesian_TPE,44,1.205,9,85,False,119.81,0.455,0.5,45.23,31,32.26,False,"{""sampler"":""TPESampler"",""seed"":42,""n_trials"":50,""direction"":""maximize"",""objective"":""composite = Sharpe * (Return% / MaxDD%)""}","{""short_ema"":9,""long_ema"":85,""allowshort"":false}",2014-01-01,2024-12-31,2025-01-01,2026-04-20,2014-01-01,2026-04-20,61.0,31.0,10.0,21.0,32.26,279769.3,-76169.95,82.23,,45.23,863138.0,-345136.0,119.81,0.45,0.5,0.0129,0.01,7.0,3.0,0.0,3.0,0.0,0.0,-55048.33,31.67,,18.81,-36720.0,-81305.0,-16.51,-1.09,-0.5,0.0061,-0.04,68.0,34.0,10.0,24.0,29.41,274603.15,-81437.12,80.35,,45.23,863138.0,-345136.0,79.15,0.33,0.35,0.0123,0.01
LKOH,ema,1D,Bayesian_TPE,45,1.073,24,79,False,108.91,0.431,0.467,43.75,17,35.29,False,"{""sampler"":""TPESampler"",""seed"":42,""n_trials"":50,""direction"":""maximize"",""objective"":""composite = Sharpe * (Return% / MaxDD%)""}","{""short_ema"":24,""long_ema"":79,""allowshort"":false}",2014-01-01,2024-12-31,2025-01-01,2026-04-20,2014-01-01,2026-04-20,33.0,17.0,6.0,10.0,35.29,425863.42,-146605.81,151.41,,43.75,906144.5,-372000.0,108.91,0.43,0.47,0.013,0.01,7.0,3.0,0.0,3.0,0.0,0.0,-58763.67,25.0,,20.35,-31155.0,-84108.0,-17.63,-1.22,-0.48,0.0059,-0.04,40.0,20.0,6.0,14.0,30.0,425863.42,-134599.65,137.0,,43.75,906144.5,-372000.0,67.08,0.31,0.32,0.0124,0.01
LKOH,ema,1D,Bayesian_TPE,46,0.046,89,120,True,14.57,0.191,0.243,60.87,14,35.71,True,"{""sampler"":""TPESampler"",""seed"":42,""n_trials"":50,""direction"":""maximize"",""objective"":""composite = Sharpe * (Return% / MaxDD%)""}","{""short_ema"":89,""long_ema"":120,""allowshort"":true}",2014-01-01,2024-12-31,2025-01-01,2026-04-20,2014-01-01,2026-04-20,14.0,14.0,5.0,9.0,35.71,244656.66,-119731.89,283.5,,60.87,581850.0,-315870.5,14.57,0.19,0.24,0.0185,0.01,2.0,2.0,1.0,1.0,50.0,141864.0,-116817.0,226.5,,24.55,141864.0,-116817.0,2.5,0.18,0.26,0.0138,0.01,16.0,16.0,6.0,10.0,37.5,230951.22,-121219.8,277.75,,60.87,581850.0,-315870.5,17.35,0.19,0.24,0.018,0.01
LKOH,ema,1D,Bayesian_TPE,47,2.018,34,103,False,148.99,0.502,0.516,37.06,12,41.67,False,"{""sampler"":""TPESampler"",""seed"":42,""n_trials"":50,""direction"":""maximize"",""objective"":""composite = Sharpe * (Return% / MaxDD%)""}","{""short_ema"":34,""long_ema"":103,""allowshort"":false}",2014-01-01,2024-12-31,2025-01-01,2026-04-20,2014-01-01,2026-04-20,24.0,12.0,5.0,7.0,41.67,511392.92,-152437.29,209.17,,37.06,930006.0,-314820.0,148.99,0.5,0.52,0.0133,0.02,6.0,3.0,0.0,3.0,0.0,0.0,-65740.5,42.0,,27.55,-51376.5,-90592.5,-19.72,-1.12,-0.82,0.0072,-0.03,30.0,15.0,5.0,10.0,33.33,511392.92,-155838.0,175.73,,37.06,930006.0,-314820.0,99.86,0.38,0.37,0.0127,0.01
LKOH,ema,1D,Bayesian_TPE,48,0.31,66,101,False,58.45,0.302,0.285,56.96,10,50.0,False,"{""sampler"":""TPESampler"",""seed"":42,""n_trials"":50,""direction"":""maximize"",""objective"":""composite = Sharpe * (Return% / MaxDD%)""}","{""short_ema"":66,""long_ema"":101,""allowshort"":false}",2014-01-01,2024-12-31,2025-01-01,2026-04-20,2014-01-01,2026-04-20,20.0,10.0,5.0,5.0,50.0,398405.94,-281500.6,257.3,,56.96,814994.0,-601560.0,58.45,0.3,0.29,0.0142,0.01,2.0,1.0,0.0,1.0,0.0,0.0,-124405.0,83.0,,19.24,-124405.0,-124405.0,-12.44,-0.75,-0.43,0.0064,-0.02,22.0,11.0,5.0,6.0,45.45,398405.94,-267400.5,241.45,,56.96,814994.0,-601560.0,38.76,0.23,0.21,0.0135,0.01
LKOH,ema,1D,Bayesian_TPE,49,0.366,45,136,False,62.72,0.313,0.297,53.62,10,50.0,False,"{""sampler"":""TPESampler"",""seed"":42,""n_trials"":50,""direction"":""maximize"",""objective"":""composite = Sharpe * (Return% / MaxDD%)""}","{""short_ema"":45,""long_ema"":136,""allowshort"":false}",2014-01-01,2024-12-31,2025-01-01,2026-04-20,2014-01-01,2026-04-20,20.0,10.0,5.0,5.0,50.0,396328.9,-270885.8,259.9,,53.62,759968.0,-583605.0,62.72,0.31,0.3,0.0143,0.01,2.0,1.0,0.0,1.0,0.0,0.0,-107240.0,83.0,,18.37,-107240.0,-107240.0,-10.72,-0.64,-0.36,0.0063,-0.02,22.0,11.0,5.0,6.0,45.45,396328.9,-254846.17,243.82,,53.62,759968.0,-583605.0,45.26,0.25,0.23,0.0135,0.01
AFKS,ema,1D,Bayesian_TPE,0,0.599,40,193,True,115.59,0.382,0.474,73.69,19,36.84,True,"{""sampler"":""TPESampler"",""seed"":42,""n_trials"":50,""direction"":""maximize"",""objective"":""composite = Sharpe * (Return% / MaxDD%)""}","{""short_ema"":40,""long_ema"":193,""allowshort"":true}",2014-01-01,2024-12-31,2025-01-01,2026-04-20,2014-01-01,2026-04-20,19.0,19.0,7.0,12.0,36.84,334002.39,-98506.52,209.95,,73.69,844463.3699999999,-208583.8,115.59,0.38,0.47,0.0208,0.01,4.0,4.0,1.0,3.0,25.0,81985.8,-165133.84,100.75,,52.64,81985.79999999999,-244916.4400000001,-41.34,-0.88,-1.07,0.0198,-0.03,23.0,23.0,7.0,16.0,30.43,320435.66,-133848.88,194.09,,73.69,844463.3699999999,-459906.2800000001,10.15,0.19,0.24,0.0208,0.01
AFKS,ema,1D,Bayesian_TPE,1,3.008,19,73,False,211.64,0.597,0.564,42.0,16,50.0,False,"{""sampler"":""TPESampler"",""seed"":42,""n_trials"":50,""direction"":""maximize"",""objective"":""composite = Sharpe * (Return% / MaxDD%)""}","{""short_ema"":19,""long_ema"":73,""allowshort"":false}",2014-01-01,2024-12-31,2025-01-01,2026-04-20,2014-01-01,2026-04-20,33.0,16.0,8.0,8.0,50.0,345296.44,-80744.31,114.19,,42.0,1077527.1,-236214.71999999997,211.64,0.6,0.56,0.0133,0.02,14.0,7.0,0.0,7.0,0.0,0.0,-60298.27,25.29,,46.72,-15234.124999999958,-138679.534,-42.21,-1.52,-1.22,0.013,-0.04,47.0,23.0,8.0,15.0,34.78,345296.44,-130757.54,87.13,,56.45,1077527.1,-432184.76000000007,80.1,0.33,0.3,0.0133,0.01
AFKS,ema,1D,Bayesian_TPE,2,0.009,62,156,False,4.36,0.147,0.115,67.64,9,33.33,False,"{""sampler"":""TPESampler"",""seed"":42,""n_trials"":50,""direction"":""maximize"",""objective"":""composite = Sharpe * (Return% / MaxDD%)""}","{""short_ema"":62,""long_ema"":156,""allowshort"":false}",2014-01-01,2024-12-31,2025-01-01,2026-04-20,2014-01-01,2026-04-20,19.0,9.0,3.0,6.0,33.33,252393.58,-118937.9,202.67,,67.64,708137.73,-219774.555,4.36,0.15,0.12,0.0155,0.0,4.0,2.0,0.0,2.0,0.0,0.0,-208887.33,30.5,,41.78,-126539.75699999993,-291234.8999999999,-41.78,-2.41,-1.16,0.0084,-0.05,23.0,11.0,3.0,8.0,27.27,252393.58,-143699.65,171.36,,68.65,708137.73,-303919.1499999999,-39.24,-0.04,-0.03,0.0148,-0.0
AFKS,ema,1D,Bayesian_TPE,4,1.059,22,77,False,112.27,0.432,0.4,45.79,17,35.29,False,"{""sampler"":""TPESampler"",""seed"":42,""n_trials"":50,""direction"":""maximize"",""objective"":""composite = Sharpe * (Return% / MaxDD%)""}","{""short_ema"":22,""long_ema"":77,""allowshort"":false}",2014-01-01,2024-12-31,2025-01-01,2026-04-20,2014-01-01,2026-04-20,35.0,17.0,6.0,11.0,35.29,308486.04,-66201.31,104.0,,45.79,846610.1279999998,-224618.4450000001,112.27,0.43,0.4,0.0133,0.01,8.0,4.0,0.0,4.0,0.0,0.0,-77987.46,38.75,,42.5,-35774.45200000004,-154156.59000000003,-31.19,-1.15,-0.9,0.0115,-0.03,43.0,21.0,6.0,15.0,28.57,308486.04,-92692.95,91.57,,50.41,846610.1279999998,-327230.97400000005,46.05,0.25,0.23,0.0131,0.01
AFKS,ema,1D,Bayesian_TPE,5,0.834,46,93,True,141.58,0.401,0.622,68.07,21,42.86,True,"{""sampler"":""TPESampler"",""seed"":42,""n_trials"":50,""direction"":""maximize"",""objective"":""composite = Sharpe * (Return% / MaxDD%)""}","{""short_ema"":46,""long_ema"":93,""allowshort"":true}",2014-01-01,2024-12-31,2025-01-01,2026-04-20,2014-01-01,2026-04-20,21.0,21.0,9.0,12.0,42.86,316185.05,-119153.19,189.95,,68.07,547392.341,-414774.18,141.58,0.4,0.62,0.0207,0.01,6.0,6.0,1.0,5.0,16.67,45067.96,-80068.46,69.67,,44.97,45067.95600000003,-167380.75200000007,-35.53,-0.76,-1.02,0.0186,-0.03,27.0,27.0,10.0,17.0,37.04,268426.7,-134909.58,165.33,,68.07,547392.341,-414774.18,39.08,0.24,0.36,0.0205,0.01
AFKS,ema,1D,Bayesian_TPE,6,2.352,33,105,False,184.73,0.565,0.537,44.38,11,54.55,False,"{""sampler"":""TPESampler"",""seed"":42,""n_trials"":50,""direction"":""maximize"",""objective"":""composite = Sharpe * (Return% / MaxDD%)""}","{""short_ema"":33,""long_ema"":105,""allowshort"":false}",2014-01-01,2024-12-31,2025-01-01,2026-04-20,2014-01-01,2026-04-20,23.0,11.0,6.0,5.0,54.55,361147.41,-63914.79,155.0,,44.38,881279.5669999999,-113160.59999999996,184.73,0.56,0.54,0.0131,0.02,6.0,3.0,0.0,3.0,0.0,0.0,-99047.54,44.67,,37.15,-46705.48999999996,-145091.196,-29.71,-1.11,-0.85,0.0113,-0.03,29.0,14.0,6.0,8.0,42.86,361147.41,-145704.16,131.36,,49.97,881279.5669999999,-413121.12,100.13,0.37,0.35,0.0129,0.01
AFKS,ema,1D,Bayesian_TPE,7,2.946,24,127,True,340.49,0.575,0.871,66.45,23,39.13,True,"{""sampler"":""TPESampler"",""seed"":42,""n_trials"":50,""direction"":""maximize"",""objective"":""composite = Sharpe * (Return% / MaxDD%)""}","{""short_ema"":24,""long_ema"":127,""allowshort"":true}",2014-01-01,2024-12-31,2025-01-01,2026-04-20,2014-01-01,2026-04-20,23.0,23.0,9.0,14.0,39.13,526723.35,-95397.64,173.48,,66.45,936329.208,-461397.6180000001,340.49,0.58,0.87,0.0203,0.02,6.0,6.0,2.0,4.0,33.33,42329.91,-95626.03,69.83,,41.24,51091.95000000003,-178621.0600000001,-29.78,-0.59,-0.77,0.0184,-0.03,29.0,29.0,11.0,18.0,37.93,427244.82,-159698.5,153.97,,66.45,829181.3599999999,-718679.5850000004,182.51,0.41,0.62,0.0201,0.01
AFKS,ema,1D,Bayesian_TPE,8,1.637,63,75,False,146.19,0.497,0.475,44.38,10,60.0,False,"{""sampler"":""TPESampler"",""seed"":42,""n_trials"":50,""direction"":""maximize"",""objective"":""composite = Sharpe * (Return% / MaxDD%)""}","{""short_ema"":63,""long_ema"":75,""allowshort"":false}",2014-01-01,2024-12-31,2025-01-01,2026-04-20,2014-01-01,2026-04-20,21.0,10.0,6.0,4.0,60.0,309576.22,-98879.25,174.7,,44.38,772629.0000000001,-131320.8260000001,146.19,0.5,0.48,0.0133,0.01,6.0,3.0,0.0,3.0,0.0,0.0,-112545.2,48.0,,40.05,-31249.977999999977,-187801.9059999999,-33.76,-1.19,-0.95,0.0123,-0.04,27.0,13.0,6.0,7.0,46.15,309576.22,-175251.7,145.46,,56.01,772629.0000000001,-462359.94699999975,63.07,0.29,0.27,0.0131,0.01
AFKS,ema,1D,Bayesian_TPE,9,2.733,97,172,True,262.61,0.526,0.637,50.54,9,66.67,True,"{""sampler"":""TPESampler"",""seed"":42,""n_trials"":50,""direction"":""maximize"",""objective"":""composite = Sharpe * (Return% / MaxDD%)""}","{""short_ema"":97,""long_ema"":172,""allowshort"":true}",2014-01-01,2024-12-31,2025-01-01,2026-04-20,2014-01-01,2026-04-20,9.0,9.0,6.0,3.0,66.67,539996.12,-204616.21,443.22,,50.54,1514837.7000000002,-325894.68000000005,262.61,0.53,0.64,0.0208,0.02,2.0,2.0,1.0,1.0,50.0,156389.04,-116775.99,117.5,,12.23,156389.04400000002,-116775.98799999988,3.96,0.23,0.22,0.0097,0.02,11.0,11.0,6.0,5.0,54.55,613306.52,-245343.87,405.82,,58.08,1514837.7000000002,-387877.8189999996,245.31,0.47,0.58,0.0206,0.02
AFKS,ema,1D,Bayesian_TPE,10,7.841,7,50,False,386.25,0.768,0.825,37.83,37,29.73,False,"{""sampler"":""TPESampler"",""seed"":42,""n_trials"":50,""direction"":""maximize"",""objective"":""composite = Sharpe * (Return% / MaxDD%)""}","{""short_ema"":7,""long_ema"":50,""allowshort"":false}",2014-01-01,2024-12-31,2025-01-01,2026-04-20,2014-01-01,2026-04-20,74.0,37.0,11.0,26.0,29.73,510485.33,-67415.96,53.24,,37.83,1750189.238,-266107.65200000006,386.25,0.77,0.83,0.0138,0.03,19.0,9.0,1.0,8.0,11.11,50732.54,-24704.03,19.44,,33.43,50732.544000000045,-53657.52800000009,-14.69,-0.42,-0.36,0.0119,-0.01,93.0,46.0,11.0,35.0,23.91,487989.24,-75062.81,47.46,,37.83,1750189.238,-266107.65200000006,274.07,0.59,0.62,0.0137,0.02
AFKS,ema,1D,Bayesian_TPE,11,5.171,5,52,False,313.93,0.703,0.742,42.68,40,32.5,False,"{""sampler"":""TPESampler"",""seed"":42,""n_trials"":50,""direction"":""maximize"",""objective"":""composite = Sharpe * (Return% / MaxDD%)""}","{""short_ema"":5,""long_ema"":52,""allowshort"":false}",2014-01-01,2024-12-31,2025-01-01,2026-04-20,2014-01-01,2026-04-20,80.0,40.0,13.0,27.0,32.5,373963.29,-63784.48,48.75,,42.68,1568120.7299999995,-256205.18000000017,313.93,0.7,0.74,0.0138,0.02,25.0,12.0,2.0,10.0,16.67,35912.7,-24487.86,14.42,,35.47,54696.02399999996,-48439.990000000056,-17.31,-0.52,-0.44,0.0119,-0.02,105.0,52.0,14.0,38.0,26.92,338685.02,-71701.74,41.52,,42.68,1568120.7299999995,-256205.18000000017,201.69,0.51,0.53,0.0137,0.02
AFKS,ema,1D,Bayesian_TPE,12,6.356,6,50,False,367.44,0.75,0.797,43.36,39,30.77,False,"{""sampler"":""TPESampler"",""seed"":42,""n_trials"":50,""direction"":""maximize"",""objective"":""composite = Sharpe * (Return% / MaxDD%)""}","{""short_ema"":6,""long_ema"":50,""allowshort"":false}",2014-01-01,2024-12-31,2025-01-01,2026-04-20,2014-01-01,2026-04-20,78.0,39.0,12.0,27.0,30.77,449239.46,-63572.66,50.13,,43.36,1667324.4899999998,-252097.40700000004,367.44,0.75,0.8,0.0139,0.02,21.0,10.0,1.0,9.0,10.0,54696.02,-23100.49,17.4,,33.92,54696.02399999996,-53860.392000000094,-15.32,-0.44,-0.37,0.0119,-0.02,99.0,49.0,12.0,37.0,24.49,432456.07,-71067.17,44.2,,43.36,1667324.4899999998,-252097.40700000004,256.0,0.57,0.6,0.0138,0.02
AFKS,ema,1D,Bayesian_TPE,13,5.171,5,52,False,313.93,0.703,0.742,42.68,40,32.5,False,"{""sampler"":""TPESampler"",""seed"":42,""n_trials"":50,""direction"":""maximize"",""objective"":""composite = Sharpe * (Return% / MaxDD%)""}","{""short_ema"":5,""long_ema"":52,""allowshort"":false}",2014-01-01,2024-12-31,2025-01-01,2026-04-20,2014-01-01,2026-04-20,80.0,40.0,13.0,27.0,32.5,373963.29,-63784.48,48.75,,42.68,1568120.7299999995,-256205.18000000017,313.93,0.7,0.74,0.0138,0.02,25.0,12.0,2.0,10.0,16.67,35912.7,-24487.86,14.42,,35.47,54696.02399999996,-48439.990000000056,-17.31,-0.52,-0.44,0.0119,-0.02,105.0,52.0,14.0,38.0,26.92,338685.02,-71701.74,41.52,,42.68,1568120.7299999995,-256205.18000000017,201.69,0.51,0.53,0.0137,0.02
AFKS,ema,1D,Bayesian_TPE,14,2.867,13,115,False,199.33,0.604,0.554,42.0,12,50.0,False,"{""sampler"":""TPESampler"",""seed"":42,""n_trials"":50,""direction"":""maximize"",""objective"":""composite = Sharpe * (Return% / MaxDD%)""}","{""short_ema"":13,""long_ema"":115,""allowshort"":false}",2014-01-01,2024-12-31,2025-01-01,2026-04-20,2014-01-01,2026-04-20,25.0,12.0,6.0,6.0,50.0,391024.88,-58802.75,137.0,,42.0,973117.998,-107822.34400000008,199.33,0.6,0.55,0.0125,0.02,10.0,5.0,0.0,5.0,0.0,0.0,-74592.02,26.2,,43.76,-41111.520999999986,-156033.7649999999,-37.3,-1.58,-1.05,0.0108,-0.04,35.0,17.0,6.0,11.0,35.29,391024.88,-133564.82,104.41,,53.44,973117.998,-467061.44999999966,87.69,0.35,0.31,0.0123,0.01
AFKS,ema,1D,Bayesian_TPE,15,1.657,33,136,False,147.04,0.5,0.473,44.38,10,50.0,False,"{""sampler"":""TPESampler"",""seed"":42,""n_trials"":50,""direction"":""maximize"",""objective"":""composite = Sharpe * (Return% / MaxDD%)""}","{""short_ema"":33,""long_ema"":136,""allowshort"":false}",2014-01-01,2024-12-31,2025-01-01,2026-04-20,2014-01-01,2026-04-20,21.0,10.0,5.0,5.0,50.0,367433.57,-73347.83,172.1,,44.38,900607.7079999999,-132984.42,147.04,0.5,0.47,0.0132,0.01,6.0,3.0,0.0,3.0,0.0,0.0,-80902.27,32.67,,31.77,-45125.18099999999,-121910.248,-24.27,-0.93,-0.62,0.0105,-0.03,27.0,13.0,5.0,8.0,38.46,367433.57,-120791.07,139.92,,48.21,900607.7079999999,-301169.96800000005,87.08,0.35,0.32,0.0129,0.01
AFKS,ema,1D,Bayesian_TPE,17,1.084,13,98,False,125.87,0.469,0.431,54.47,16,43.75,False,"{""sampler"":""TPESampler"",""seed"":42,""n_trials"":50,""direction"":""maximize"",""objective"":""composite = Sharpe * (Return% / MaxDD%)""}","{""short_ema"":13,""long_ema"":98,""allowshort"":false}",2014-01-01,2024-12-31,2025-01-01,2026-04-20,2014-01-01,2026-04-20,33.0,16.0,7.0,9.0,43.75,260590.32,-62821.5,105.75,,54.47,781014.752,-187248.96,125.87,0.47,0.43,0.0128,0.01,10.0,5.0,0.0,5.0,0.0,0.0,-68495.12,28.6,,41.73,-27843.92799999998,-156033.7649999999,-34.25,-1.38,-0.95,0.011,-0.04,43.0,21.0,7.0,14.0,33.33,260590.32,-95639.91,87.38,,54.47,781014.752,-352439.5799999997,48.52,0.26,0.23,0.0126,0.01
AFKS,ema,1D,Bayesian_TPE,18,0.92,31,64,False,103.49,0.411,0.383,46.21,14,35.71,False,"{""sampler"":""TPESampler"",""seed"":42,""n_trials"":50,""direction"":""maximize"",""objective"":""composite = Sharpe * (Return% / MaxDD%)""}","{""short_ema"":31,""long_ema"":64,""allowshort"":false}",2014-01-01,2024-12-31,2025-01-01,2026-04-20,2014-01-01,2026-04-20,29.0,14.0,5.0,9.0,35.71,354070.31,-81718.53,130.64,,46.21,788721.765,-280777.9499999999,103.49,0.41,0.38,0.0134,0.01,10.0,5.0,0.0,5.0,0.0,0.0,-71086.47,32.8,,41.38,-44663.08200000003,-101963.72199999997,-35.54,-1.27,-1.08,0.0123,-0.04,39.0,19.0,5.0,14.0,26.32,354070.31,-104195.2,104.89,,51.17,788721.765,-280777.9499999999,31.16,0.21,0.19,0.0133,0.01
AFKS,ema,1D,Bayesian_TPE,19,0.04,51,147,False,14.65,0.181,0.14,66.43,10,40.0,False,"{""sampler"":""TPESampler"",""seed"":42,""n_trials"":50,""direction"":""maximize"",""objective"":""composite = Sharpe * (Return% / MaxDD%)""}","{""short_ema"":51,""long_ema"":147,""allowshort"":false}",2014-01-01,2024-12-31,2025-01-01,2026-04-20,2014-01-01,2026-04-20,21.0,10.0,4.0,6.0,40.0,199228.5,-108404.88,178.4,,66.43,502796.398,-236109.51,14.65,0.18,0.14,0.0152,0.0,4.0,2.0,0.0,2.0,0.0,0.0,-143583.66,36.5,,33.09,-137911.05900000004,-149256.252,-28.72,-1.22,-0.71,0.01,-0.04,25.0,12.0,4.0,8.0,33.33,199228.5,-122458.03,154.75,,66.43,502796.398,-236109.51,-18.28,0.06,0.04,0.0146,0.0
AFKS,ema,1D,Bayesian_TPE,20,3.716,13,88,True,398.74,0.595,0.934,63.85,35,42.86,True,"{""sampler"":""TPESampler"",""seed"":42,""n_trials"":50,""direction"":""maximize"",""objective"":""composite = Sharpe * (Return% / MaxDD%)""}","{""short_ema"":13,""long_ema"":88,""allowshort"":true}",2014-01-01,2024-12-31,2025-01-01,2026-04-20,2014-01-01,2026-04-20,35.0,35.0,15.0,20.0,42.86,394703.36,-96655.19,114.0,,63.85,1190182.8960000002,-540812.1699999999,398.74,0.6,0.93,0.0214,0.02,14.0,14.0,2.0,12.0,14.29,40574.36,-39598.51,32.64,,45.82,42394.804,-103350.28700000004,-39.4,-0.85,-1.12,0.0192,-0.04,49.0,49.0,17.0,32.0,34.69,375435.15,-135255.4,91.12,,63.85,1243013.04,-540812.1699999999,205.42,0.43,0.65,0.0211,0.01
AFKS,ema,1D,Bayesian_TPE,21,3.007,7,62,False,217.27,0.6,0.606,43.35,34,26.47,False,"{""sampler"":""TPESampler"",""seed"":42,""n_trials"":50,""direction"":""maximize"",""objective"":""composite = Sharpe * (Return% / MaxDD%)""}","{""short_ema"":7,""long_ema"":62,""allowshort"":false}",2014-01-01,2024-12-31,2025-01-01,2026-04-20,2014-01-01,2026-04-20,68.0,34.0,9.0,25.0,26.47,421430.43,-64807.13,55.68,,43.35,1434793.074,-287855.4150000002,217.27,0.6,0.61,0.0135,0.02,17.0,8.0,1.0,7.0,12.5,82308.27,-28886.36,20.38,,31.32,82308.26800000003,-55270.62400000009,-11.99,-0.33,-0.26,0.0117,-0.01,85.0,42.0,9.0,33.0,21.43,428175.87,-70976.71,49.83,,43.35,1434793.074,-287855.4150000002,151.14,0.45,0.45,0.0134,0.01
AFKS,ema,1D,Bayesian_TPE,22,3.744,6,62,False,258.97,0.658,0.685,45.51,32,28.12,False,"{""sampler"":""TPESampler"",""seed"":42,""n_trials"":50,""direction"":""maximize"",""objective"":""composite = Sharpe * (Return% / MaxDD%)""}","{""short_ema"":6,""long_ema"":62,""allowshort"":false}",2014-01-01,2024-12-31,2025-01-01,2026-04-20,2014-01-01,2026-04-20,64.0,32.0,9.0,23.0,28.12,485725.18,-77470.74,58.94,,45.51,1614116.823,-327586.5720000003,258.97,0.66,0.68,0.0133,0.02,17.0,8.0,1.0,7.0,12.5,50732.54,-28530.96,20.38,,33.59,50732.544000000045,-49721.76800000006,-14.9,-0.44,-0.35,0.0116,-0.02,81.0,40.0,9.0,31.0,22.5,481665.47,-85242.53,52.12,,45.51,1614116.823,-327586.5720000003,169.25,0.48,0.49,0.0132,0.01
AFKS,ema,1D,Bayesian_TPE,23,4.408,21,50,False,254.24,0.645,0.632,37.2,18,44.44,False,"{""sampler"":""TPESampler"",""seed"":42,""n_trials"":50,""direction"":""maximize"",""objective"":""composite = Sharpe * (Return% / MaxDD%)""}","{""short_ema"":21,""long_ema"":50,""allowshort"":false}",2014-01-01,2024-12-31,2025-01-01,2026-04-20,2014-01-01,2026-04-20,37.0,18.0,8.0,10.0,44.44,463942.76,-116917.49,103.72,,37.2,1475193.756,-362116.5479999999,254.24,0.65,0.63,0.0135,0.02,12.0,6.0,1.0,5.0,16.67,54663.82,-45047.42,36.83,,36.44,54663.821999999986,-88277.838,-17.06,-0.43,-0.42,0.0134,-0.02,49.0,24.0,9.0,15.0,37.5,433909.15,-131136.91,87.0,,37.2,1475193.756,-362116.5479999999,193.81,0.51,0.5,0.0135,0.02
AFKS,ema,1D,Bayesian_TPE,24,4.103,16,65,False,247.14,0.648,0.634,39.03,20,40.0,False,"{""sampler"":""TPESampler"",""seed"":42,""n_trials"":50,""direction"":""maximize"",""objective"":""composite = Sharpe * (Return% / MaxDD%)""}","{""short_ema"":16,""long_ema"":65,""allowshort"":false}",2014-01-01,2024-12-31,2025-01-01,2026-04-20,2014-01-01,2026-04-20,41.0,20.0,8.0,12.0,40.0,445872.34,-91294.88,91.6,,39.03,1380426.91,-279944.43100000004,247.14,0.65,0.63,0.0132,0.02,14.0,7.0,1.0,6.0,14.29,43337.97,-45688.87,28.0,,36.15,43337.969999999994,-81852.892,-23.08,-0.69,-0.63,0.0128,-0.02,55.0,27.0,9.0,18.0,33.33,413047.3,-113732.05,75.11,,39.03,1380426.91,-284148.77800000005,167.02,0.48,0.46,0.0131,0.02
AFKS,ema,1D,Bayesian_TPE,25,1.988,30,108,False,165.08,0.539,0.503,44.76,11,45.45,False,"{""sampler"":""TPESampler"",""seed"":42,""n_trials"":50,""direction"":""maximize"",""objective"":""composite = Sharpe * (Return% / MaxDD%)""}","{""short_ema"":30,""long_ema"":108,""allowshort"":false}",2014-01-01,2024-12-31,2025-01-01,2026-04-20,2014-01-01,2026-04-20,23.0,11.0,5.0,6.0,45.45,388374.99,-48508.63,154.09,,44.76,838638.72,-90066.59999999996,165.08,0.54,0.5,0.0129,0.02,6.0,3.0,0.0,3.0,0.0,0.0,-85486.87,43.0,,33.51,-49408.67599999995,-112256.57699999998,-25.65,-0.94,-0.71,0.0111,-0.03,29.0,14.0,5.0,9.0,35.71,388374.99,-107876.23,130.29,,47.8,838638.72,-297572.0999999999,97.1,0.37,0.34,0.0126,0.01
AFKS,ema,1D,Bayesian_TPE,26,4.541,5,69,False,292.67,0.703,0.726,45.31,33,27.27,False,"{""sampler"":""TPESampler"",""seed"":42,""n_trials"":50,""direction"":""maximize"",""objective"":""composite = Sharpe * (Return% / MaxDD%)""}","{""short_ema"":5,""long_ema"":69,""allowshort"":false}",2014-01-01,2024-12-31,2025-01-01,2026-04-20,2014-01-01,2026-04-20,66.0,33.0,9.0,24.0,27.27,481030.44,-58442.44,56.48,,45.31,1491972.4819999998,-260890.45700000008,292.67,0.7,0.73,0.0132,0.02,17.0,8.0,1.0,7.0,12.5,50732.54,-28701.65,19.75,,33.69,50732.544000000045,-49721.76800000006,-15.02,-0.45,-0.35,0.0116,-0.02,83.0,41.0,9.0,32.0,21.95,476589.64,-73382.38,50.2,,45.31,1491972.4819999998,-260890.45700000008,194.11,0.52,0.52,0.0131,0.01
AFKS,ema,1D,Bayesian_TPE,28,1.423,26,89,False,133.2,0.482,0.45,45.12,13,46.15,False,"{""sampler"":""TPESampler"",""seed"":42,""n_trials"":50,""direction"":""maximize"",""objective"":""composite = Sharpe * (Return% / MaxDD%)""}","{""short_ema"":26,""long_ema"":89,""allowshort"":false}",2014-01-01,2024-12-31,2025-01-01,2026-04-20,2014-01-01,2026-04-20,27.0,13.0,6.0,7.0,46.15,301753.59,-68359.01,130.92,,45.12,729712.512,-145715.20000000004,133.2,0.48,0.45,0.0128,0.01,6.0,3.0,0.0,3.0,0.0,0.0,-94862.08,47.0,,36.49,-39106.367999999966,-169137.15299999987,-28.46,-1.08,-0.8,0.0111,-0.03,33.0,16.0,6.0,10.0,37.5,301753.59,-114217.34,115.19,,49.47,729712.512,-394429.6889999997,66.83,0.3,0.28,0.0126,0.01
AFKS,ema,1D,Bayesian_TPE,29,2.417,12,191,True,275.31,0.53,0.818,60.37,25,40.0,True,"{""sampler"":""TPESampler"",""seed"":42,""n_trials"":50,""direction"":""maximize"",""objective"":""composite = Sharpe * (Return% / MaxDD%)""}","{""short_ema"":12,""long_ema"":191,""allowshort"":true}",2014-01-01,2024-12-31,2025-01-01,2026-04-20,2014-01-01,2026-04-20,25.0,25.0,10.0,15.0,40.0,411264.52,-90639.06,159.6,,60.37,935455.5699999998,-364166.94700000016,275.31,0.53,0.82,0.0202,0.02,6.0,6.0,1.0,5.0,16.67,114864.21,-73346.46,69.83,,42.11,114864.20799999996,-126623.10400000012,-25.19,-0.51,-0.69,0.0172,-0.02,31.0,31.0,11.0,20.0,35.48,375467.92,-129995.5,144.03,,60.37,935455.5699999998,-428249.2800000004,153.02,0.38,0.59,0.0199,0.01
AFKS,ema,1D,Bayesian_TPE,30,1.67,45,82,False,147.93,0.501,0.481,44.38,12,50.0,False,"{""sampler"":""TPESampler"",""seed"":42,""n_trials"":50,""direction"":""maximize"",""objective"":""composite = Sharpe * (Return% / MaxDD%)""}","{""short_ema"":45,""long_ema"":82,""allowshort"":false}",2014-01-01,2024-12-31,2025-01-01,2026-04-20,2014-01-01,2026-04-20,25.0,12.0,6.0,6.0,50.0,322133.15,-75582.62,145.92,,44.38,754082.588,-122117.29999999992,147.93,0.5,0.48,0.0132,0.01,6.0,3.0,0.0,3.0,0.0,0.0,-102417.02,48.67,,37.85,-43941.375,-134604.747,-30.73,-1.12,-0.9,0.0116,-0.03,31.0,15.0,6.0,9.0,40.0,322133.15,-135029.44,126.47,,50.53,754082.588,-333727.128,71.75,0.31,0.29,0.013,0.01
AFKS,ema,1D,Bayesian_TPE,31,5.167,5,51,False,314.3,0.703,0.743,42.76,42,30.95,False,"{""sampler"":""TPESampler"",""seed"":42,""n_trials"":50,""direction"":""maximize"",""objective"":""composite = Sharpe * (Return% / MaxDD%)""}","{""short_ema"":5,""long_ema"":51,""allowshort"":false}",2014-01-01,2024-12-31,2025-01-01,2026-04-20,2014-01-01,2026-04-20,84.0,42.0,13.0,29.0,30.95,379293.66,-61647.57,46.6,,42.76,1603441.4999999998,-261976.56000000017,314.3,0.7,0.74,0.0138,0.02,23.0,11.0,2.0,9.0,18.18,35912.7,-25054.05,16.0,,33.96,54696.02399999996,-48439.990000000056,-15.37,-0.44,-0.37,0.0119,-0.02,107.0,53.0,14.0,39.0,26.42,343627.04,-69752.53,40.92,,42.76,1603441.4999999998,-261976.56000000017,209.04,0.52,0.54,0.0137,0.02
AFKS,ema,1D,Bayesian_TPE,32,5.367,18,58,False,269.81,0.671,0.662,33.73,18,44.44,False,"{""sampler"":""TPESampler"",""seed"":42,""n_trials"":50,""direction"":""maximize"",""objective"":""composite = Sharpe * (Return% / MaxDD%)""}","{""short_ema"":18,""long_ema"":58,""allowshort"":false}",2014-01-01,2024-12-31,2025-01-01,2026-04-20,2014-01-01,2026-04-20,37.0,18.0,8.0,9.0,44.44,459608.57,-108747.94,102.5,,33.73,1380338.0600000003,-244829.3300000002,269.81,0.67,0.66,0.0133,0.03,12.0,6.0,1.0,5.0,16.67,86941.54,-42947.95,34.0,,35.2,86941.53999999996,-90980.804,-12.78,-0.29,-0.28,0.0133,-0.01,49.0,24.0,9.0,14.0,37.5,444265.57,-126633.5,85.38,,35.2,1380338.0600000003,-336458.628,222.55,0.55,0.54,0.0133,0.02
AFKS,ema,1D,Bayesian_TPE,33,2.603,19,70,False,192.11,0.569,0.539,42.0,18,38.89,False,"{""sampler"":""TPESampler"",""seed"":42,""n_trials"":50,""direction"":""maximize"",""objective"":""composite = Sharpe * (Return% / MaxDD%)""}","{""short_ema"":19,""long_ema"":70,""allowshort"":false}",2014-01-01,2024-12-31,2025-01-01,2026-04-20,2014-01-01,2026-04-20,37.0,18.0,7.0,11.0,38.89,386456.92,-71279.43,101.56,,42.0,1041800.49,-222982.87199999983,192.11,0.57,0.54,0.0133,0.02,14.0,7.0,0.0,7.0,0.0,0.0,-51438.84,26.43,,46.46,-20500.623000000018,-84640.23999999999,-36.01,-1.15,-0.97,0.0136,-0.03,51.0,25.0,7.0,18.0,28.0,386456.92,-101994.2,80.52,,51.21,1041800.49,-247247.216,86.93,0.34,0.32,0.0134,0.01
AFKS,ema,1D,Bayesian_TPE,34,1.25,38,61,False,118.9,0.444,0.412,42.24,13,38.46,False,"{""sampler"":""TPESampler"",""seed"":42,""n_trials"":50,""direction"":""maximize"",""objective"":""composite = Sharpe * (Return% / MaxDD%)""}","{""short_ema"":38,""long_ema"":61,""allowshort"":false}",2014-01-01,2024-12-31,2025-01-01,2026-04-20,2014-01-01,2026-04-20,27.0,13.0,5.0,8.0,38.46,372337.69,-84089.29,138.46,,42.24,870288.0160000001,-330763.79699999985,118.9,0.44,0.41,0.0134,0.01,8.0,4.0,0.0,4.0,0.0,0.0,-77025.04,40.25,,42.02,-51400.79999999992,-106758.60600000004,-30.81,-1.01,-0.86,0.0127,-0.03,35.0,17.0,5.0,12.0,29.41,372337.69,-112261.63,115.35,,48.63,870288.0160000001,-330763.79699999985,51.45,0.26,0.24,0.0133,0.01
AFKS,ema,1D,Bayesian_TPE,35,4.736,11,78,False,273.78,0.686,0.676,39.66,20,40.0,False,"{""sampler"":""TPESampler"",""seed"":42,""n_trials"":50,""direction"":""maximize"",""objective"":""composite = Sharpe * (Return% / MaxDD%)""}","{""short_ema"":11,""long_ema"":78,""allowshort"":false}",2014-01-01,2024-12-31,2025-01-01,2026-04-20,2014-01-01,2026-04-20,41.0,20.0,8.0,12.0,40.0,459796.05,-78379.03,89.45,,39.66,1342487.9600000002,-345773.97,273.78,0.69,0.68,0.013,0.02,14.0,7.0,0.0,7.0,0.0,0.0,-45508.57,26.0,,38.27,-20677.228000000003,-85927.044,-31.86,-1.12,-0.97,0.0121,-0.04,55.0,27.0,8.0,19.0,29.63,459796.05,-112172.27,73.0,,46.9,1342487.9600000002,-345773.97,154.71,0.46,0.45,0.0129,0.01
AFKS,ema,1D,Bayesian_TPE,36,3.982,18,71,False,237.91,0.639,0.627,38.18,18,38.89,False,"{""sampler"":""TPESampler"",""seed"":42,""n_trials"":50,""direction"":""maximize"",""objective"":""composite = Sharpe * (Return% / MaxDD%)""}","{""short_ema"":18,""long_ema"":71,""allowshort"":false}",2014-01-01,2024-12-31,2025-01-01,2026-04-20,2014-01-01,2026-04-20,37.0,18.0,7.0,11.0,38.89,456850.83,-74440.05,101.17,,38.18,1214319.3299999998,-259908.89399999983,237.91,0.64,0.63,0.0131,0.02,16.0,8.0,0.0,8.0,0.0,0.0,-46635.07,22.62,,42.7,-2689.4019999999923,-89285.625,-37.31,-1.31,-1.08,0.0127,-0.04,53.0,26.0,7.0,19.0,26.92,456850.83,-109448.83,77.0,,52.03,1214319.3299999998,-301706.625,111.84,0.39,0.37,0.0131,0.01
AFKS,ema,1D,Bayesian_TPE,37,5.169,26,57,True,502.12,0.635,0.938,61.69,31,48.39,True,"{""sampler"":""TPESampler"",""seed"":42,""n_trials"":50,""direction"":""maximize"",""objective"":""composite = Sharpe * (Return% / MaxDD%)""}","{""short_ema"":26,""long_ema"":57,""allowshort"":true}",2014-01-01,2024-12-31,2025-01-01,2026-04-20,2014-01-01,2026-04-20,31.0,31.0,15.0,16.0,48.39,529848.69,-182911.2,128.71,,61.69,1464438.115,-723795.254,502.12,0.63,0.94,0.0223,0.02,10.0,10.0,2.0,8.0,20.0,38186.73,-59922.99,45.9,,55.92,40218.23999999996,-152402.4450000001,-40.3,-0.75,-1.03,0.0216,-0.03,41.0,41.0,17.0,24.0,41.46,496999.79,-242977.99,108.9,,61.69,1502908.1209999998,-923499.9070000004,261.75,0.46,0.67,0.0222,0.02
AFKS,ema,1D,Bayesian_TPE,38,3.489,10,84,False,241.3,0.651,0.632,45.02,18,44.44,False,"{""sampler"":""TPESampler"",""seed"":42,""n_trials"":50,""direction"":""maximize"",""objective"":""composite = Sharpe * (Return% / MaxDD%)""}","{""short_ema"":10,""long_ema"":84,""allowshort"":false}",2014-01-01,2024-12-31,2025-01-01,2026-04-20,2014-01-01,2026-04-20,37.0,18.0,8.0,10.0,44.44,406044.69,-83537.57,97.5,,45.02,1230084.091,-312061.11900000006,241.3,0.65,0.63,0.0129,0.02,18.0,9.0,0.0,9.0,0.0,0.0,-36613.89,18.78,,38.75,-14495.939999999957,-62964.719999999994,-32.95,-1.21,-1.0,0.0118,-0.04,55.0,27.0,8.0,19.0,29.63,406044.69,-103160.07,71.26,,48.7,1230084.091,-312061.11900000006,128.83,0.43,0.41,0.0128,0.01
AFKS,ema,1D,Bayesian_TPE,39,1.53,17,98,False,148.41,0.512,0.467,49.67,15,40.0,False,"{""sampler"":""TPESampler"",""seed"":42,""n_trials"":50,""direction"":""maximize"",""objective"":""composite = Sharpe * (Return% / MaxDD%)""}","{""short_ema"":17,""long_ema"":98,""allowshort"":false}",2014-01-01,2024-12-31,2025-01-01,2026-04-20,2014-01-01,2026-04-20,31.0,15.0,6.0,9.0,40.0,335033.54,-58454.91,111.73,,49.67,799218.2789999999,-157037.4,148.41,0.51,0.47,0.0128,0.01,8.0,4.0,0.0,4.0,0.0,0.0,-92718.94,34.75,,43.91,-33548.53500000001,-209769.1499999999,-37.09,-1.58,-1.1,0.0107,-0.04,39.0,19.0,6.0,13.0,31.58,335033.54,-111337.77,95.53,,52.51,799218.2789999999,-521088.5999999998,56.28,0.28,0.25,0.0125,0.01
AFKS,ema,1D,Bayesian_TPE,40,0.952,38,77,False,105.39,0.421,0.392,46.6,14,42.86,False,"{""sampler"":""TPESampler"",""seed"":42,""n_trials"":50,""direction"":""maximize"",""objective"":""composite = Sharpe * (Return% / MaxDD%)""}","{""short_ema"":38,""long_ema"":77,""allowshort"":false}",2014-01-01,2024-12-31,2025-01-01,2026-04-20,2014-01-01,2026-04-20,29.0,14.0,6.0,8.0,42.86,273784.87,-73605.79,124.64,,46.6,671770.0939999999,-116220.7000000001,105.39,0.42,0.39,0.0131,0.01,6.0,3.0,0.0,3.0,0.0,0.0,-95265.0,50.0,,39.0,-57244.904,-117923.04699999998,-28.58,-1.03,-0.84,0.0115,-0.03,35.0,17.0,6.0,11.0,35.29,273784.87,-106894.05,111.47,,46.6,671770.0939999999,-242199.17799999996,46.69,0.25,0.23,0.0129,0.01
AFKS,ema,1D,Bayesian_TPE,41,4.209,9,55,False,263.35,0.653,0.666,40.86,32,31.25,False,"{""sampler"":""TPESampler"",""seed"":42,""n_trials"":50,""direction"":""maximize"",""objective"":""composite = Sharpe * (Return% / MaxDD%)""}","{""short_ema"":9,""long_ema"":55,""allowshort"":false}",2014-01-01,2024-12-31,2025-01-01,2026-04-20,2014-01-01,2026-04-20,64.0,32.0,10.0,22.0,31.25,434004.87,-77570.8,59.44,,40.86,1591731.7569999998,-247550.88000000003,263.35,0.65,0.67,0.0136,0.02,15.0,7.0,1.0,6.0,14.29,53440.92,-37768.65,24.29,,35.48,53440.921999999955,-73314.89700000003,-17.32,-0.53,-0.44,0.0118,-0.02,79.0,39.0,10.0,29.0,25.64,431555.0,-89956.46,54.13,,40.86,1591731.7569999998,-247550.88000000003,170.68,0.48,0.48,0.0135,0.02
AFKS,ema,1D,Bayesian_TPE,42,4.042,15,56,False,258.32,0.657,0.656,41.99,22,36.36,False,"{""sampler"":""TPESampler"",""seed"":42,""n_trials"":50,""direction"":""maximize"",""objective"":""composite = Sharpe * (Return% / MaxDD%)""}","{""short_ema"":15,""long_ema"":56,""allowshort"":false}",2014-01-01,2024-12-31,2025-01-01,2026-04-20,2014-01-01,2026-04-20,45.0,22.0,8.0,14.0,36.36,499679.08,-101019.44,84.73,,41.99,1637647.9559999998,-316924.16000000015,258.32,0.66,0.66,0.0133,0.02,14.0,7.0,1.0,6.0,14.29,26710.46,-38846.91,30.86,,38.49,26710.459999999995,-76861.47000000003,-20.64,-0.55,-0.53,0.0135,-0.02,59.0,29.0,9.0,20.0,31.03,454793.5,-112472.23,71.72,,41.99,1637647.9559999998,-316924.16000000015,184.37,0.5,0.49,0.0133,0.02
AFKS,ema,1D,Bayesian_TPE,43,5.245,5,50,False,318.91,0.707,0.749,42.99,41,31.71,False,"{""sampler"":""TPESampler"",""seed"":42,""n_trials"":50,""direction"":""maximize"",""objective"":""composite = Sharpe * (Return% / MaxDD%)""}","{""short_ema"":5,""long_ema"":50,""allowshort"":false}",2014-01-01,2024-12-31,2025-01-01,2026-04-20,2014-01-01,2026-04-20,82.0,41.0,13.0,28.0,31.71,385474.94,-65074.22,47.85,,42.99,1602070.1999999995,-283601.1440000002,318.91,0.71,0.75,0.0138,0.02,23.0,11.0,2.0,9.0,18.18,35912.7,-25054.05,16.0,,33.96,54696.02399999996,-48439.990000000056,-15.37,-0.44,-0.37,0.0119,-0.02,105.0,52.0,14.0,38.0,26.92,349271.39,-72763.56,41.81,,42.99,1602070.1999999995,-283601.1440000002,212.48,0.52,0.55,0.0137,0.02
AFKS,ema,1D,Bayesian_TPE,44,5.138,23,68,True,508.78,0.635,0.969,62.88,29,37.93,True,"{""sampler"":""TPESampler"",""seed"":42,""n_trials"":50,""direction"":""maximize"",""objective"":""composite = Sharpe * (Return% / MaxDD%)""}","{""short_ema"":23,""long_ema"":68,""allowshort"":true}",2014-01-01,2024-12-31,2025-01-01,2026-04-20,2014-01-01,2026-04-20,29.0,29.0,11.0,18.0,37.93,643525.78,-110610.61,137.59,,62.88,1452767.2110000004,-564545.7000000001,508.78,0.64,0.97,0.0223,0.02,12.0,12.0,2.0,10.0,16.67,36637.61,-51873.6,38.08,,52.65,37358.399999999965,-131779.3560000001,-44.55,-0.88,-1.19,0.0216,-0.04,41.0,41.0,13.0,28.0,31.71,584159.93,-185086.47,108.9,,62.88,1517253.015,-810754.7210000005,241.17,0.45,0.67,0.0223,0.02
AFKS,ema,1D,Bayesian_TPE,45,3.64,9,58,False,237.59,0.625,0.633,40.79,31,29.03,False,"{""sampler"":""TPESampler"",""seed"":42,""n_trials"":50,""direction"":""maximize"",""objective"":""composite = Sharpe * (Return% / MaxDD%)""}","{""short_ema"":9,""long_ema"":58,""allowshort"":false}",2014-01-01,2024-12-31,2025-01-01,2026-04-20,2014-01-01,2026-04-20,62.0,31.0,9.0,21.0,29.03,447818.2,-78781.83,60.97,,40.79,1573294.022,-256051.60100000017,237.59,0.63,0.63,0.0135,0.02,17.0,8.0,1.0,7.0,12.5,53440.92,-34209.16,21.38,,36.48,53440.921999999955,-73314.89700000003,-18.6,-0.58,-0.48,0.0118,-0.02,79.0,39.0,10.0,29.0,25.64,419305.53,-93623.55,53.82,,41.75,1573294.022,-331662.68,147.8,0.44,0.44,0.0135,0.01
AFKS,ema,1D,Bayesian_TPE,46,0.781,97,164,False,100.95,0.391,0.296,50.54,5,40.0,False,"{""sampler"":""TPESampler"",""seed"":42,""n_trials"":50,""direction"":""maximize"",""objective"":""composite = Sharpe * (Return% / MaxDD%)""}","{""short_ema"":97,""long_ema"":164,""allowshort"":false}",2014-01-01,2024-12-31,2025-01-01,2026-04-20,2014-01-01,2026-04-20,11.0,5.0,2.0,3.0,40.0,675609.94,-113901.88,342.2,,50.54,1161962.652,-165075.0,100.95,0.39,0.3,0.0155,0.01,2.0,1.0,0.0,1.0,0.0,0.0,-140894.13,27.0,,14.81,-140894.13000000006,-140894.13000000006,-14.09,-1.46,-0.53,0.0039,-0.04,13.0,6.0,2.0,4.0,33.33,675609.94,-156208.83,289.67,,51.99,1161962.652,-283129.6800000001,72.64,0.31,0.22,0.0145,0.01
AFKS,ema,1D,Bayesian_TPE,47,2.004,21,74,False,164.08,0.524,0.496,42.9,18,38.89,False,"{""sampler"":""TPESampler"",""seed"":42,""n_trials"":50,""direction"":""maximize"",""objective"":""composite = Sharpe * (Return% / MaxDD%)""}","{""short_ema"":21,""long_ema"":74,""allowshort"":false}",2014-01-01,2024-12-31,2025-01-01,2026-04-20,2014-01-01,2026-04-20,37.0,18.0,7.0,11.0,38.89,337562.41,-65644.96,100.67,,42.9,987521.33,-222906.8939999999,164.08,0.52,0.5,0.0134,0.02,10.0,5.0,0.0,5.0,0.0,0.0,-68681.36,33.6,,40.76,-28928.879999999994,-141701.77000000002,-34.34,-1.25,-1.02,0.012,-0.04,47.0,23.0,7.0,16.0,30.43,337562.41,-101811.39,86.09,,50.88,987521.33,-374215.96800000005,73.4,0.31,0.29,0.0132,0.01
AFKS,ema,1D,Bayesian_TPE,48,5.508,9,121,False,264.61,0.705,0.681,33.87,15,40.0,False,"{""sampler"":""TPESampler"",""seed"":42,""n_trials"":50,""direction"":""maximize"",""objective"":""composite = Sharpe * (Return% / MaxDD%)""}","{""short_ema"":9,""long_ema"":121,""allowshort"":false}",2014-01-01,2024-12-31,2025-01-01,2026-04-20,2014-01-01,2026-04-20,31.0,15.0,6.0,9.0,40.0,532514.13,-60995.45,109.4,,33.87,1355262.4400000002,-201328.6320000001,264.61,0.71,0.68,0.0122,0.03,10.0,5.0,0.0,5.0,0.0,0.0,-57659.97,26.2,,36.17,-32244.94800000008,-99367.35899999995,-28.83,-1.22,-0.82,0.0101,-0.03,41.0,20.0,6.0,14.0,30.0,532514.13,-114295.76,88.6,,48.57,1355262.4400000002,-362306.76299999986,159.49,0.49,0.46,0.012,0.01
AFKS,ema,1D,Bayesian_TPE,49,2.005,17,196,True,254.54,0.515,0.782,65.38,23,39.13,True,"{""sampler"":""TPESampler"",""seed"":42,""n_trials"":50,""direction"":""maximize"",""objective"":""composite = Sharpe * (Return% / MaxDD%)""}","{""short_ema"":17,""long_ema"":196,""allowshort"":true}",2014-01-01,2024-12-31,2025-01-01,2026-04-20,2014-01-01,2026-04-20,23.0,23.0,9.0,14.0,39.13,437302.57,-99306.0,173.48,,65.38,861831.18,-429305.9940000001,254.54,0.51,0.78,0.0201,0.02,6.0,6.0,1.0,5.0,16.67,113008.99,-72194.73,69.5,,42.82,113008.98899999996,-120766.19399999994,-24.8,-0.5,-0.67,0.0173,-0.02,29.0,29.0,10.0,19.0,34.48,401263.75,-135005.27,153.97,,65.38,861831.18,-429305.9940000001,144.75,0.38,0.57,0.0199,0.01
ROSN,ema,1D,Bayesian_TPE,0,0.255,40,193,True,-75.32,-0.274,-0.385,80.83,21,23.81,True,"{""sampler"":""TPESampler"",""seed"":42,""n_trials"":50,""direction"":""maximize"",""objective"":""composite = Sharpe * (Return% / MaxDD%)""}","{""short_ema"":40,""long_ema"":193,""allowshort"":true}",2014-01-01,2024-12-31,2025-01-01,2026-04-20,2014-01-01,2026-04-20,21.0,21.0,5.0,15.0,23.81,60827.41,-70486.9,190.48,,80.83,113987.25,-149553.60000000006,-75.32,-0.27,-0.38,0.019,-0.01,2.0,2.0,0.0,2.0,0.0,0.0,-61810.72,191.5,,29.84,-26021.449999999928,-97600.00000000004,-12.36,-0.28,-0.32,0.0133,-0.01,23.0,23.0,5.0,18.0,21.74,60827.41,-63037.05,194.57,,83.56,113987.25,-149553.60000000006,-83.05,-0.33,-0.46,0.0186,-0.01
ROSN,ema,1D,Bayesian_TPE,1,0.104,19,73,False,23.07,0.195,0.23,43.35,26,23.08,False,"{""sampler"":""TPESampler"",""seed"":42,""n_trials"":50,""direction"":""maximize"",""objective"":""composite = Sharpe * (Return% / MaxDD%)""}","{""short_ema"":19,""long_ema"":73,""allowshort"":false}",2014-01-01,2024-12-31,2025-01-01,2026-04-20,2014-01-01,2026-04-20,51.0,26.0,6.0,20.0,23.08,191482.56,-45908.63,90.58,,43.35,462007.4499999999,-109016.17999999996,23.07,0.19,0.23,0.012,0.01,4.0,2.0,0.0,2.0,0.0,0.0,-37972.25,44.0,,16.56,-10856.200000000072,-65088.300000000025,-7.59,-0.35,-0.24,0.0074,-0.02,55.0,28.0,5.0,23.0,17.86,210920.37,-46764.32,90.29,,43.35,462007.4499999999,-109016.17999999996,-2.1,0.08,0.1,0.0117,0.0
ROSN,ema,1D,Bayesian_TPE,2,-0.002,62,156,False,-21.19,0.006,0.006,54.69,11,36.36,False,"{""sampler"":""TPESampler"",""seed"":42,""n_trials"":50,""direction"":""maximize"",""objective"":""composite = Sharpe * (Return% / MaxDD%)""}","{""short_ema"":62,""long_ema"":156,""allowshort"":false}",2014-01-01,2024-12-31,2025-01-01,2026-04-20,2014-01-01,2026-04-20,22.0,11.0,4.0,7.0,36.36,151644.96,-116925.75,215.45,,54.69,197132.10000000003,-303551.69999999995,-21.19,0.01,0.01,0.0134,0.0,3.0,2.0,0.0,2.0,0.0,0.0,-146459.52,61.0,,32.16,-98151.05000000005,-194767.9999999999,-29.29,-1.44,-1.1,0.0088,-0.04,25.0,13.0,4.0,9.0,30.77,151644.96,-116596.95,191.69,,55.6,197132.10000000003,-303551.69999999995,-44.28,-0.12,-0.12,0.0129,-0.0
ROSN,ema,1D,Bayesian_TPE,4,0.242,22,77,False,41.85,0.263,0.31,45.46,23,30.43,False,"{""sampler"":""TPESampler"",""seed"":42,""n_trials"":50,""direction"":""maximize"",""objective"":""composite = Sharpe * (Return% / MaxDD%)""}","{""short_ema"":22,""long_ema"":77,""allowshort"":false}",2014-01-01,2024-12-31,2025-01-01,2026-04-20,2014-01-01,2026-04-20,45.0,23.0,7.0,16.0,30.43,183762.51,-54237.76,100.96,,45.46,512646.5000000001,-106502.40000000013,41.85,0.26,0.31,0.0119,0.01,4.0,2.0,0.0,2.0,0.0,0.0,-50873.65,43.0,,16.56,-10557.50000000007,-91189.80000000002,-10.17,-0.52,-0.34,0.0071,-0.02,49.0,25.0,6.0,19.0,24.0,196274.09,-57761.41,99.76,,45.46,512646.5000000001,-109678.90000000002,8.02,0.13,0.14,0.0117,0.0
ROSN,ema,1D,Bayesian_TPE,5,0.134,46,93,True,-62.61,-0.188,-0.268,87.67,35,20.0,True,"{""sampler"":""TPESampler"",""seed"":42,""n_trials"":50,""direction"":""maximize"",""objective"":""composite = Sharpe * (Return% / MaxDD%)""}","{""short_ema"":46,""long_ema"":93,""allowshort"":true}",2014-01-01,2024-12-31,2025-01-01,2026-04-20,2014-01-01,2026-04-20,35.0,35.0,7.0,28.0,20.0,59273.36,-37179.43,114.29,,87.67,139482.0,-146595.20000000004,-62.61,-0.19,-0.27,0.0174,-0.0,4.0,4.0,1.0,3.0,25.0,27285.65,-54881.05,95.75,,26.89,27285.650000000096,-88443.75,-13.74,-0.29,-0.34,0.0142,-0.02,39.0,39.0,7.0,32.0,17.95,58043.21,-36049.06,114.74,,87.67,139482.0,-146595.20000000004,-74.73,-0.26,-0.37,0.0172,-0.01
ROSN,ema,1D,Bayesian_TPE,6,0.21,33,105,False,34.13,0.235,0.282,38.18,20,25.0,False,"{""sampler"":""TPESampler"",""seed"":42,""n_trials"":50,""direction"":""maximize"",""objective"":""composite = Sharpe * (Return% / MaxDD%)""}","{""short_ema"":33,""long_ema"":105,""allowshort"":false}",2014-01-01,2024-12-31,2025-01-01,2026-04-20,2014-01-01,2026-04-20,39.0,20.0,5.0,15.0,25.0,241099.88,-57612.74,118.85,,38.18,470206.3000000001,-123291.5,34.13,0.24,0.28,0.0122,0.01,4.0,2.0,0.0,2.0,0.0,0.0,-44244.2,39.0,,16.56,-19864.000000000025,-68624.40000000002,-8.85,-0.47,-0.28,0.0067,-0.02,43.0,22.0,4.0,18.0,18.18,288041.52,-65208.18,115.68,,38.18,470206.3000000001,-214550.3500000001,-2.16,0.09,0.1,0.0119,0.0
ROSN,ema,1D,Bayesian_TPE,7,0.031,24,127,True,-41.81,-0.056,-0.088,74.75,43,20.93,True,"{""sampler"":""TPESampler"",""seed"":42,""n_trials"":50,""direction"":""maximize"",""objective"":""composite = Sharpe * (Return% / MaxDD%)""}","{""short_ema"":24,""long_ema"":127,""allowshort"":true}",2014-01-01,2024-12-31,2025-01-01,2026-04-20,2014-01-01,2026-04-20,43.0,43.0,9.0,34.0,20.93,76032.59,-32422.83,93.02,,74.75,207570.30000000005,-102601.94000000005,-41.81,-0.06,-0.09,0.0167,-0.0,4.0,4.0,1.0,3.0,25.0,49474.8,-39288.83,96.5,,22.95,49474.800000000025,-70250.0,-6.84,-0.09,-0.11,0.0136,-0.01,47.0,47.0,9.0,38.0,19.15,76053.93,-32767.51,95.21,,74.75,207570.30000000005,-102601.94000000005,-56.07,-0.12,-0.18,0.0165,-0.0
ROSN,ema,1D,Bayesian_TPE,8,0.101,63,75,False,25.71,0.205,0.223,52.04,16,31.25,False,"{""sampler"":""TPESampler"",""seed"":42,""n_trials"":50,""direction"":""maximize"",""objective"":""composite = Sharpe * (Return% / MaxDD%)""}","{""short_ema"":63,""long_ema"":75,""allowshort"":false}",2014-01-01,2024-12-31,2025-01-01,2026-04-20,2014-01-01,2026-04-20,31.0,16.0,5.0,11.0,31.25,200455.45,-67741.42,149.75,,52.04,472842.0,-169396.49999999997,25.71,0.21,0.22,0.0128,0.01,4.0,2.0,0.0,2.0,0.0,0.0,-60604.58,35.5,,16.56,-58846.75000000005,-62362.39999999997,-12.12,-0.73,-0.41,0.0063,-0.03,35.0,18.0,4.0,14.0,22.22,242765.89,-78563.9,142.22,,52.04,472842.0,-234569.40000000005,-12.88,0.04,0.05,0.0125,0.0
ROSN,ema,1D,Bayesian_TPE,9,0.592,97,172,True,-96.42,-0.598,-0.675,97.4,18,16.67,True,"{""sampler"":""TPESampler"",""seed"":42,""n_trials"":50,""direction"":""maximize"",""objective"":""composite = Sharpe * (Return% / MaxDD%)""}","{""short_ema"":97,""long_ema"":172,""allowshort"":true}",2014-01-01,2024-12-31,2025-01-01,2026-04-20,2014-01-01,2026-04-20,18.0,18.0,3.0,15.0,16.67,66671.05,-77612.36,222.22,,97.4,106912.05000000002,-210171.45,-96.42,-0.6,-0.68,0.024,-0.01,3.0,3.0,0.0,3.0,0.0,0.0,-122547.68,144.0,,43.12,-84199.05000000003,-181047.9999999999,-36.76,-0.97,-1.22,0.0161,-0.04,21.0,21.0,3.0,18.0,14.29,66671.05,-65196.82,213.1,,97.43,106912.05000000002,-210171.45,-97.35,-0.59,-0.67,0.0232,-0.01
ROSN,ema,1D,Bayesian_TPE,10,0.637,99,189,True,-97.28,-0.639,-0.696,97.62,18,16.67,True,"{""sampler"":""TPESampler"",""seed"":42,""n_trials"":50,""direction"":""maximize"",""objective"":""composite = Sharpe * (Return% / MaxDD%)""}","{""short_ema"":99,""long_ema"":189,""allowshort"":true}",2014-01-01,2024-12-31,2025-01-01,2026-04-20,2014-01-01,2026-04-20,18.0,18.0,3.0,15.0,16.67,72537.42,-79363.54,222.22,,97.62,122814.10000000002,-259858.25,-97.28,-0.64,-0.7,0.0246,-0.02,3.0,3.0,0.0,3.0,0.0,0.0,-150334.23,143.67,,47.05,-92460.20000000004,-236231.50000000003,-45.1,-1.34,-1.64,0.0157,-0.04,21.0,21.0,3.0,18.0,14.29,72537.42,-66754.71,213.1,,98.44,122814.10000000002,-259858.25,-98.4,-0.67,-0.74,0.0237,-0.02
ROSN,ema,1D,Bayesian_TPE,11,0.629,96,198,True,-97.18,-0.631,-0.687,97.47,16,12.5,True,"{""sampler"":""TPESampler"",""seed"":42,""n_trials"":50,""direction"":""maximize"",""objective"":""composite = Sharpe * (Return% / MaxDD%)""}","{""short_ema"":96,""long_ema"":198,""allowshort"":true}",2014-01-01,2024-12-31,2025-01-01,2026-04-20,2014-01-01,2026-04-20,16.0,16.0,2.0,14.0,12.5,63540.2,-78489.69,250.0,,97.47,120892.39999999998,-275385.05,-97.18,-0.63,-0.69,0.0246,-0.02,3.0,3.0,0.0,3.0,0.0,0.0,-150334.23,143.67,,47.05,-92460.20000000004,-236231.50000000003,-45.1,-1.34,-1.64,0.0157,-0.04,19.0,19.0,2.0,17.0,10.53,63540.2,-65317.12,235.53,,98.38,120892.39999999998,-275385.05,-98.33,-0.67,-0.73,0.0237,-0.02
ROSN,ema,1D,Bayesian_TPE,12,0.637,99,198,True,-97.28,-0.639,-0.697,97.55,16,12.5,True,"{""sampler"":""TPESampler"",""seed"":42,""n_trials"":50,""direction"":""maximize"",""objective"":""composite = Sharpe * (Return% / MaxDD%)""}","{""short_ema"":99,""long_ema"":198,""allowshort"":true}",2014-01-01,2024-12-31,2025-01-01,2026-04-20,2014-01-01,2026-04-20,16.0,16.0,2.0,14.0,12.5,63843.6,-78606.61,250.0,,97.55,121730.4,-266112.10000000003,-97.28,-0.64,-0.7,0.0246,-0.02,3.0,3.0,0.0,3.0,0.0,0.0,-150334.23,143.67,,47.05,-92460.20000000004,-236231.50000000003,-45.1,-1.34,-1.64,0.0157,-0.04,19.0,19.0,2.0,17.0,10.53,63843.6,-65388.01,235.53,,98.44,121730.4,-266112.10000000003,-98.39,-0.67,-0.74,0.0237,-0.02
ROSN,ema,1D,Bayesian_TPE,13,0.601,76,158,True,-97.28,-0.608,-0.69,98.42,22,13.64,True,"{""sampler"":""TPESampler"",""seed"":42,""n_trials"":50,""direction"":""maximize"",""objective"":""composite = Sharpe * (Return% / MaxDD%)""}","{""short_ema"":76,""long_ema"":158,""allowshort"":true}",2014-01-01,2024-12-31,2025-01-01,2026-04-20,2014-01-01,2026-04-20,22.0,22.0,3.0,19.0,13.64,58839.65,-60492.49,181.82,,98.42,103708.19999999998,-201082.0,-97.28,-0.61,-0.69,0.0254,-0.02,3.0,3.0,0.0,3.0,0.0,0.0,-133589.17,152.67,,45.35,-91589.0,-192332.9999999999,-40.08,-1.07,-1.37,0.0164,-0.04,25.0,25.0,3.0,22.0,12.0,58839.65,-52630.66,179.0,,98.42,103708.19999999998,-201082.0,-98.14,-0.61,-0.7,0.0244,-0.02
ROSN,ema,1D,Bayesian_TPE,14,0.589,82,178,True,-96.35,-0.594,-0.67,97.24,18,16.67,True,"{""sampler"":""TPESampler"",""seed"":42,""n_trials"":50,""direction"":""maximize"",""objective"":""composite = Sharpe * (Return% / MaxDD%)""}","{""short_ema"":82,""long_ema"":178,""allowshort"":true}",2014-01-01,2024-12-31,2025-01-01,2026-04-20,2014-01-01,2026-04-20,18.0,18.0,3.0,15.0,16.67,73671.42,-78970.4,222.22,,97.24,112722.3,-228031.2,-96.35,-0.59,-0.67,0.024,-0.01,3.0,3.0,0.0,3.0,0.0,0.0,-133151.4,150.33,,45.96,-95146.50000000006,-181321.2,-39.95,-1.07,-1.37,0.0163,-0.04,21.0,21.0,3.0,18.0,14.29,73671.42,-66408.77,213.1,,97.51,112722.3,-228031.2,-97.43,-0.6,-0.68,0.0232,-0.01
ROSN,ema,1D,Bayesian_TPE,15,0.538,98,136,True,-96.45,-0.547,-0.62,98.04,20,20.0,True,"{""sampler"":""TPESampler"",""seed"":42,""n_trials"":50,""direction"":""maximize"",""objective"":""composite = Sharpe * (Return% / MaxDD%)""}","{""short_ema"":98,""long_ema"":136,""allowshort"":true}",2014-01-01,2024-12-31,2025-01-01,2026-04-20,2014-01-01,2026-04-20,20.0,20.0,4.0,16.0,20.0,56990.19,-74530.23,200.0,,98.04,130692.5,-177926.69999999992,-96.45,-0.55,-0.62,0.0254,-0.01,3.0,3.0,0.0,3.0,0.0,0.0,-130874.98,150.33,,45.35,-92862.0,-181321.2,-39.26,-1.05,-1.34,0.0163,-0.04,23.0,23.0,4.0,19.0,17.39,56990.19,-63315.97,194.57,,98.04,130692.5,-177926.69999999992,-97.5,-0.55,-0.63,0.0244,-0.01
ROSN,ema,1D,Bayesian_TPE,16,0.572,72,179,True,-96.91,-0.58,-0.656,98.28,22,13.64,True,"{""sampler"":""TPESampler"",""seed"":42,""n_trials"":50,""direction"":""maximize"",""objective"":""composite = Sharpe * (Return% / MaxDD%)""}","{""short_ema"":72,""long_ema"":179,""allowshort"":true}",2014-01-01,2024-12-31,2025-01-01,2026-04-20,2014-01-01,2026-04-20,22.0,22.0,3.0,19.0,13.64,66351.33,-61484.18,181.82,,98.28,118747.19999999998,-201082.0,-96.91,-0.58,-0.66,0.0253,-0.01,3.0,3.0,0.0,3.0,0.0,0.0,-133589.17,152.67,,45.35,-91589.0,-192332.9999999999,-40.08,-1.07,-1.37,0.0164,-0.04,25.0,25.0,3.0,22.0,12.0,66351.33,-53545.26,179.0,,98.28,118747.19999999998,-201082.0,-97.89,-0.59,-0.67,0.0244,-0.01
ROSN,ema,1D,Bayesian_TPE,17,0.207,7,147,True,-68.0,-0.267,-0.422,87.88,73,12.33,True,"{""sampler"":""TPESampler"",""seed"":42,""n_trials"":50,""direction"":""maximize"",""objective"":""composite = Sharpe * (Return% / MaxDD%)""}","{""short_ema"":7,""long_ema"":147,""allowshort"":true}",2014-01-01,2024-12-31,2025-01-01,2026-04-20,2014-01-01,2026-04-20,73.0,73.0,9.0,64.0,12.33,47481.99,-17301.94,54.82,,87.88,111478.60000000003,-62833.32000000007,-68.0,-0.27,-0.42,0.0165,-0.01,6.0,6.0,3.0,3.0,50.0,38590.72,-37285.62,65.0,,21.22,89956.20000000008,-57833.99999999997,0.39,0.11,0.14,0.013,0.01,79.0,79.0,11.0,68.0,13.92,39519.21,-17031.45,56.67,,87.88,111478.60000000003,-62833.32000000007,-72.34,-0.27,-0.41,0.0163,-0.0
ROSN,ema,1D,Bayesian_TPE,19,0.499,57,200,True,-95.41,-0.51,-0.581,97.52,20,15.0,True,"{""sampler"":""TPESampler"",""seed"":42,""n_trials"":50,""direction"":""maximize"",""objective"":""composite = Sharpe * (Return% / MaxDD%)""}","{""short_ema"":57,""long_ema"":200,""allowshort"":true}",2014-01-01,2024-12-31,2025-01-01,2026-04-20,2014-01-01,2026-04-20,20.0,20.0,3.0,17.0,15.0,65399.8,-67665.49,200.0,,97.52,107400.0,-217477.5,-95.41,-0.51,-0.58,0.0248,-0.01,3.0,3.0,0.0,3.0,0.0,0.0,-118053.33,155.0,,38.04,-66603.70000000003,-194767.9999999999,-35.42,-0.96,-1.26,0.0155,-0.04,23.0,23.0,3.0,20.0,13.04,65399.8,-58224.81,194.57,,97.52,107400.0,-217477.5,-96.83,-0.53,-0.61,0.0238,-0.01
ROSN,ema,1D,Bayesian_TPE,20,0.191,71,111,True,-71.04,-0.239,-0.325,89.01,28,17.86,True,"{""sampler"":""TPESampler"",""seed"":42,""n_trials"":50,""direction"":""maximize"",""objective"":""composite = Sharpe * (Return% / MaxDD%)""}","{""short_ema"":71,""long_ema"":111,""allowshort"":true}",2014-01-01,2024-12-31,2025-01-01,2026-04-20,2014-01-01,2026-04-20,28.0,28.0,5.0,23.0,17.86,79705.52,-48216.13,142.86,,89.01,109728.70000000004,-159097.50000000006,-71.04,-0.24,-0.33,0.0185,-0.0,3.0,3.0,0.0,3.0,0.0,0.0,-129596.6,156.0,,40.8,-64960.40000000003,-250007.8500000001,-38.88,-1.01,-1.31,0.0166,-0.04,31.0,31.0,5.0,26.0,16.13,79705.52,-46744.72,144.35,,89.01,109728.70000000004,-159097.50000000006,-81.68,-0.32,-0.43,0.0183,-0.01
ROSN,ema,1D,Bayesian_TPE,21,0.555,92,188,True,-94.94,-0.56,-0.639,95.75,18,16.67,True,"{""sampler"":""TPESampler"",""seed"":42,""n_trials"":50,""direction"":""maximize"",""objective"":""composite = Sharpe * (Return% / MaxDD%)""}","{""short_ema"":92,""long_ema"":188,""allowshort"":true}",2014-01-01,2024-12-31,2025-01-01,2026-04-20,2014-01-01,2026-04-20,18.0,18.0,3.0,15.0,16.67,69489.37,-77190.23,222.22,,95.75,110744.89999999997,-211718.25000000003,-94.94,-0.56,-0.64,0.0229,-0.01,3.0,3.0,0.0,3.0,0.0,0.0,-137314.2,144.0,,47.11,-99375.1000000001,-181047.9999999999,-41.19,-1.14,-1.43,0.0161,-0.04,21.0,21.0,3.0,18.0,14.29,69489.37,-65187.48,213.1,,96.6,110744.89999999997,-211718.25000000003,-96.49,-0.57,-0.66,0.0222,-0.01
ROSN,ema,1D,Bayesian_TPE,22,0.667,100,200,True,-97.67,-0.669,-0.725,97.91,16,12.5,True,"{""sampler"":""TPESampler"",""seed"":42,""n_trials"":50,""direction"":""maximize"",""objective"":""composite = Sharpe * (Return% / MaxDD%)""}","{""short_ema"":100,""long_ema"":200,""allowshort"":true}",2014-01-01,2024-12-31,2025-01-01,2026-04-20,2014-01-01,2026-04-20,16.0,16.0,2.0,14.0,12.5,59647.2,-78286.19,250.0,,97.91,114187.49999999996,-274901.15,-97.67,-0.67,-0.72,0.0247,-0.02,3.0,3.0,0.0,3.0,0.0,0.0,-149679.72,143.33,,47.28,-93960.75,-230207.9999999999,-44.9,-1.33,-1.63,0.0157,-0.04,19.0,19.0,2.0,17.0,10.53,59647.2,-65014.75,235.53,,98.64,114187.49999999996,-274901.15,-98.6,-0.7,-0.76,0.0238,-0.02
ROSN,ema,1D,Bayesian_TPE,23,0.563,100,163,True,-95.96,-0.569,-0.642,97.06,18,16.67,True,"{""sampler"":""TPESampler"",""seed"":42,""n_trials"":50,""direction"":""maximize"",""objective"":""composite = Sharpe * (Return% / MaxDD%)""}","{""short_ema"":100,""long_ema"":163,""allowshort"":true}",2014-01-01,2024-12-31,2025-01-01,2026-04-20,2014-01-01,2026-04-20,18.0,18.0,3.0,15.0,16.67,75536.48,-79083.89,222.22,,97.06,113478.29999999996,-238400.55,-95.96,-0.57,-0.64,0.024,-0.01,3.0,3.0,0.0,3.0,0.0,0.0,-122547.68,144.0,,43.12,-84199.05000000003,-181047.9999999999,-36.76,-0.97,-1.22,0.0161,-0.04,21.0,21.0,3.0,18.0,14.29,75536.48,-66489.65,213.1,,97.11,113478.29999999996,-238400.55,-97.02,-0.56,-0.64,0.0232,-0.01
ROSN,ema,1D,Bayesian_TPE,24,0.587,90,183,True,-96.35,-0.593,-0.67,97.35,18,16.67,True,"{""sampler"":""TPESampler"",""seed"":42,""n_trials"":50,""direction"":""maximize"",""objective"":""composite = Sharpe * (Return% / MaxDD%)""}","{""short_ema"":90,""long_ema"":183,""allowshort"":true}",2014-01-01,2024-12-31,2025-01-01,2026-04-20,2014-01-01,2026-04-20,18.0,18.0,3.0,15.0,16.67,65509.15,-77333.27,222.22,,97.35,102323.55000000002,-214618.50000000003,-96.35,-0.59,-0.67,0.024,-0.01,3.0,3.0,0.0,3.0,0.0,0.0,-119106.35,145.33,,43.12,-85541.10000000003,-167670.74999999997,-35.73,-0.93,-1.17,0.0161,-0.03,21.0,21.0,3.0,18.0,14.29,65509.15,-64918.29,213.1,,97.35,102323.55000000002,-214618.50000000003,-97.2,-0.58,-0.66,0.0232,-0.01
ROSN,ema,1D,Bayesian_TPE,25,0.515,82,166,True,-96.08,-0.524,-0.594,97.82,24,16.67,True,"{""sampler"":""TPESampler"",""seed"":42,""n_trials"":50,""direction"":""maximize"",""objective"":""composite = Sharpe * (Return% / MaxDD%)""}","{""short_ema"":82,""long_ema"":166,""allowshort"":true}",2014-01-01,2024-12-31,2025-01-01,2026-04-20,2014-01-01,2026-04-20,24.0,24.0,4.0,20.0,16.67,66725.05,-61386.03,166.67,,97.82,137506.34999999998,-177926.69999999992,-96.08,-0.52,-0.59,0.0254,-0.01,3.0,3.0,0.0,3.0,0.0,0.0,-133496.3,150.67,,45.97,-95007.60000000006,-182693.7,-40.05,-1.08,-1.38,0.0163,-0.04,27.0,27.0,4.0,23.0,14.81,66725.05,-53910.39,165.74,,97.82,137506.34999999998,-177926.69999999992,-97.3,-0.54,-0.62,0.0244,-0.01
ROSN,ema,1D,Bayesian_TPE,26,0.577,76,188,True,-95.74,-0.583,-0.663,96.78,18,16.67,True,"{""sampler"":""TPESampler"",""seed"":42,""n_trials"":50,""direction"":""maximize"",""objective"":""composite = Sharpe * (Return% / MaxDD%)""}","{""short_ema"":76,""long_ema"":188,""allowshort"":true}",2014-01-01,2024-12-31,2025-01-01,2026-04-20,2014-01-01,2026-04-20,18.0,18.0,3.0,15.0,16.67,71758.13,-78179.25,222.22,,96.78,112722.3,-206621.55,-95.74,-0.58,-0.66,0.0234,-0.01,3.0,3.0,0.0,3.0,0.0,0.0,-134264.25,151.0,,45.96,-94660.35000000006,-185875.2,-40.28,-1.09,-1.39,0.0163,-0.04,21.0,21.0,3.0,18.0,14.29,71758.13,-65876.07,213.1,,97.14,112722.3,-206621.55,-97.05,-0.59,-0.68,0.0226,-0.01
ROSN,ema,1D,Bayesian_TPE,27,0.562,91,140,True,-96.78,-0.57,-0.649,98.13,20,15.0,True,"{""sampler"":""TPESampler"",""seed"":42,""n_trials"":50,""direction"":""maximize"",""objective"":""composite = Sharpe * (Return% / MaxDD%)""}","{""short_ema"":91,""long_ema"":140,""allowshort"":true}",2014-01-01,2024-12-31,2025-01-01,2026-04-20,2014-01-01,2026-04-20,20.0,20.0,3.0,17.0,15.0,64433.92,-68302.09,200.0,,98.13,111522.5,-210193.19999999992,-96.78,-0.57,-0.65,0.0253,-0.01,3.0,3.0,0.0,3.0,0.0,0.0,-131980.2,151.0,,45.34,-92326.0,-185875.2,-39.59,-1.06,-1.36,0.0163,-0.04,23.0,23.0,3.0,20.0,13.04,64433.92,-58547.62,194.57,,98.13,111522.5,-210193.19999999992,-97.77,-0.58,-0.66,0.0244,-0.01
ROSN,ema,1D,Bayesian_TPE,28,0.031,99,173,False,-39.72,-0.056,-0.048,70.84,9,33.33,False,"{""sampler"":""TPESampler"",""seed"":42,""n_trials"":50,""direction"":""maximize"",""objective"":""composite = Sharpe * (Return% / MaxDD%)""}","{""short_ema"":99,""long_ema"":173,""allowshort"":false}",2014-01-01,2024-12-31,2025-01-01,2026-04-20,2014-01-01,2026-04-20,18.0,9.0,3.0,6.0,33.33,162416.53,-147415.31,273.44,,70.84,178418.90000000005,-369015.0,-39.72,-0.06,-0.05,0.0155,-0.0,3.0,2.0,0.0,2.0,0.0,0.0,-173320.03,41.5,,36.99,-110408.5500000001,-236231.50000000003,-34.66,-2.26,-1.3,0.0071,-0.04,21.0,11.0,3.0,8.0,27.27,162416.53,-136676.3,231.27,,70.84,178418.90000000005,-369015.0,-60.62,-0.19,-0.16,0.0147,-0.0
ROSN,ema,1D,Bayesian_TPE,29,0.384,47,200,True,-85.83,-0.395,-0.53,88.35,20,25.0,True,"{""sampler"":""TPESampler"",""seed"":42,""n_trials"":50,""direction"":""maximize"",""objective"":""composite = Sharpe * (Return% / MaxDD%)""}","{""short_ema"":47,""long_ema"":200,""allowshort"":true}",2014-01-01,2024-12-31,2025-01-01,2026-04-20,2014-01-01,2026-04-20,20.0,20.0,5.0,15.0,25.0,47960.63,-73204.31,200.0,,88.35,106782.0,-179583.75000000003,-85.83,-0.39,-0.53,0.0203,-0.01,3.0,3.0,0.0,3.0,0.0,0.0,-106098.37,156.0,,33.98,-35848.90000000004,-187824.45000000013,-31.83,-0.86,-1.14,0.015,-0.04,23.0,23.0,5.0,18.0,21.74,47960.63,-63280.1,194.57,,90.23,106782.0,-179583.75000000003,-89.92,-0.43,-0.57,0.0197,-0.01
ROSN,ema,1D,Bayesian_TPE,30,0.573,80,189,True,-96.15,-0.58,-0.655,97.31,18,16.67,True,"{""sampler"":""TPESampler"",""seed"":42,""n_trials"":50,""direction"":""maximize"",""objective"":""composite = Sharpe * (Return% / MaxDD%)""}","{""short_ema"":80,""long_ema"":189,""allowshort"":true}",2014-01-01,2024-12-31,2025-01-01,2026-04-20,2014-01-01,2026-04-20,18.0,18.0,3.0,15.0,16.67,70530.5,-78208.17,222.22,,97.31,108034.80000000002,-223171.2,-96.15,-0.58,-0.65,0.0241,-0.01,3.0,3.0,0.0,3.0,0.0,0.0,-120243.52,150.33,,42.48,-81558.10000000005,-181321.2,-36.07,-0.92,-1.18,0.0163,-0.04,21.0,21.0,3.0,18.0,14.29,70530.5,-65726.43,213.1,,97.31,108034.80000000002,-223171.2,-97.15,-0.57,-0.65,0.0232,-0.01
ROSN,ema,1D,Bayesian_TPE,31,0.622,93,199,True,-97.11,-0.624,-0.679,97.46,16,12.5,True,"{""sampler"":""TPESampler"",""seed"":42,""n_trials"":50,""direction"":""maximize"",""objective"":""composite = Sharpe * (Return% / MaxDD%)""}","{""short_ema"":93,""long_ema"":199,""allowshort"":true}",2014-01-01,2024-12-31,2025-01-01,2026-04-20,2014-01-01,2026-04-20,16.0,16.0,2.0,14.0,12.5,61431.15,-78139.92,250.0,,97.46,116205.90000000002,-276463.3,-97.11,-0.62,-0.68,0.0246,-0.02,3.0,3.0,0.0,3.0,0.0,0.0,-150334.23,143.67,,47.05,-92460.20000000004,-236231.50000000003,-45.1,-1.34,-1.64,0.0157,-0.04,19.0,19.0,2.0,17.0,10.53,61431.15,-65042.3,235.53,,98.34,116205.90000000002,-276463.3,-98.29,-0.66,-0.72,0.0237,-0.02
ROSN,ema,1D,Bayesian_TPE,32,0.633,94,192,True,-96.44,-0.635,-0.713,96.77,20,15.0,True,"{""sampler"":""TPESampler"",""seed"":42,""n_trials"":50,""direction"":""maximize"",""objective"":""composite = Sharpe * (Return% / MaxDD%)""}","{""short_ema"":94,""long_ema"":192,""allowshort"":true}",2014-01-01,2024-12-31,2025-01-01,2026-04-20,2014-01-01,2026-04-20,20.0,20.0,3.0,17.0,15.0,71945.57,-69423.41,200.0,,96.77,119181.29999999994,-220741.0,-96.44,-0.64,-0.71,0.0232,-0.02,3.0,3.0,0.0,3.0,0.0,0.0,-150508.35,143.67,,47.1,-92636.55000000008,-236231.50000000003,-45.15,-1.34,-1.64,0.0157,-0.04,23.0,23.0,3.0,20.0,13.04,71945.57,-59738.78,194.57,,97.96,119181.29999999994,-220741.0,-97.89,-0.67,-0.76,0.0225,-0.02
ROSN,ema,1D,Bayesian_TPE,33,0.57,88,187,True,-96.08,-0.577,-0.651,97.24,18,16.67,True,"{""sampler"":""TPESampler"",""seed"":42,""n_trials"":50,""direction"":""maximize"",""objective"":""composite = Sharpe * (Return% / MaxDD%)""}","{""short_ema"":88,""long_ema"":187,""allowshort"":true}",2014-01-01,2024-12-31,2025-01-01,2026-04-20,2014-01-01,2026-04-20,18.0,18.0,3.0,15.0,16.67,68291.92,-77713.81,222.22,,97.24,106256.55000000002,-223705.95000000004,-96.08,-0.58,-0.65,0.024,-0.01,3.0,3.0,0.0,3.0,0.0,0.0,-118295.5,145.67,,43.13,-85891.20000000004,-164501.70000000007,-35.49,-0.92,-1.16,0.0161,-0.03,21.0,21.0,3.0,18.0,14.29,68291.92,-65257.13,213.1,,97.24,106256.55000000002,-223705.95000000004,-96.98,-0.56,-0.64,0.0232,-0.01
ROSN,ema,1D,Bayesian_TPE,34,0.583,100,151,True,-96.25,-0.589,-0.665,97.21,20,15.0,True,"{""sampler"":""TPESampler"",""seed"":42,""n_trials"":50,""direction"":""maximize"",""objective"":""composite = Sharpe * (Return% / MaxDD%)""}","{""short_ema"":100,""long_ema"":151,""allowshort"":true}",2014-01-01,2024-12-31,2025-01-01,2026-04-20,2014-01-01,2026-04-20,20.0,20.0,3.0,17.0,15.0,79824.13,-70704.77,200.0,,97.21,123553.8,-231141.6,-96.25,-0.59,-0.67,0.024,-0.01,3.0,3.0,0.0,3.0,0.0,0.0,-115864.18,145.67,,42.48,-83235.10000000005,-164501.70000000007,-34.76,-0.89,-1.13,0.0161,-0.03,23.0,23.0,3.0,20.0,13.04,79824.13,-60508.05,194.57,,97.21,123553.8,-231141.6,-97.07,-0.57,-0.65,0.0232,-0.01
ROSN,ema,1D,Bayesian_TPE,35,0.574,87,171,True,-96.16,-0.58,-0.654,97.1,18,16.67,True,"{""sampler"":""TPESampler"",""seed"":42,""n_trials"":50,""direction"":""maximize"",""objective"":""composite = Sharpe * (Return% / MaxDD%)""}","{""short_ema"":87,""long_ema"":171,""allowshort"":true}",2014-01-01,2024-12-31,2025-01-01,2026-04-20,2014-01-01,2026-04-20,18.0,18.0,3.0,15.0,16.67,77391.15,-79584.72,222.22,,97.1,117727.19999999998,-241250.39999999997,-96.16,-0.58,-0.65,0.0241,-0.01,3.0,3.0,0.0,3.0,0.0,0.0,-118535.9,148.67,,42.47,-82173.00000000004,-174844.95,-35.56,-0.92,-1.17,0.0161,-0.03,21.0,21.0,3.0,18.0,14.29,77391.15,-66832.52,213.1,,97.17,117727.19999999998,-241250.39999999997,-97.08,-0.57,-0.65,0.0232,-0.01
ROSN,ema,1D,Bayesian_TPE,36,0.12,69,191,False,-53.14,-0.161,-0.135,71.53,10,30.0,False,"{""sampler"":""TPESampler"",""seed"":42,""n_trials"":50,""direction"":""maximize"",""objective"":""composite = Sharpe * (Return% / MaxDD%)""}","{""short_ema"":69,""long_ema"":191,""allowshort"":false}",2014-01-01,2024-12-31,2025-01-01,2026-04-20,2014-01-01,2026-04-20,20.0,10.0,3.0,7.0,30.0,173244.18,-150164.37,244.4,,71.53,225395.14999999997,-345976.75,-53.14,-0.16,-0.13,0.015,-0.0,3.0,2.0,0.0,2.0,0.0,0.0,-151413.98,56.5,,36.42,-110494.95000000008,-192332.9999999999,-30.28,-1.49,-1.07,0.0089,-0.04,23.0,12.0,3.0,9.0,25.0,173244.18,-132551.28,213.08,,73.26,225395.14999999997,-345976.75,-67.32,-0.27,-0.22,0.0144,-0.01
ROSN,ema,1D,Bayesian_TPE,37,0.58,94,179,True,-96.28,-0.587,-0.663,97.37,18,16.67,True,"{""sampler"":""TPESampler"",""seed"":42,""n_trials"":50,""direction"":""maximize"",""objective"":""composite = Sharpe * (Return% / MaxDD%)""}","{""short_ema"":94,""long_ema"":179,""allowshort"":true}",2014-01-01,2024-12-31,2025-01-01,2026-04-20,2014-01-01,2026-04-20,18.0,18.0,3.0,15.0,16.67,67889.73,-77761.9,222.22,,97.37,109440.10000000003,-213265.05,-96.28,-0.59,-0.66,0.0241,-0.01,3.0,3.0,0.0,3.0,0.0,0.0,-122547.68,144.0,,43.12,-84199.05000000003,-181047.9999999999,-36.76,-0.97,-1.22,0.0161,-0.04,21.0,21.0,3.0,18.0,14.29,67889.73,-65338.46,213.1,,97.37,109440.10000000003,-213265.05,-97.24,-0.58,-0.66,0.0232,-0.01
ROSN,ema,1D,Bayesian_TPE,38,0.127,85,164,False,-54.17,-0.169,-0.14,72.33,12,25.0,False,"{""sampler"":""TPESampler"",""seed"":42,""n_trials"":50,""direction"":""maximize"",""objective"":""composite = Sharpe * (Return% / MaxDD%)""}","{""short_ema"":85,""long_ema"":164,""allowshort"":false}",2014-01-01,2024-12-31,2025-01-01,2026-04-20,2014-01-01,2026-04-20,24.0,12.0,3.0,9.0,25.0,175235.27,-118600.3,202.17,,72.33,211217.39999999997,-317955.00000000006,-54.17,-0.17,-0.14,0.0151,-0.0,3.0,2.0,0.0,2.0,0.0,0.0,-146637.3,53.0,,36.41,-111953.40000000008,-181321.2,-29.33,-1.47,-1.04,0.0087,-0.03,27.0,14.0,3.0,11.0,21.43,175235.27,-109259.66,180.86,,73.11,211217.39999999997,-317955.00000000006,-67.62,-0.27,-0.22,0.0144,-0.01
ROSN,ema,1D,Bayesian_TPE,39,0.241,35,193,True,-74.56,-0.269,-0.378,83.18,25,24.0,True,"{""sampler"":""TPESampler"",""seed"":42,""n_trials"":50,""direction"":""maximize"",""objective"":""composite = Sharpe * (Return% / MaxDD%)""}","{""short_ema"":35,""long_ema"":193,""allowshort"":true}",2014-01-01,2024-12-31,2025-01-01,2026-04-20,2014-01-01,2026-04-20,25.0,25.0,6.0,19.0,24.0,47257.59,-54168.1,160.0,,83.18,94315.19999999995,-123886.47,-74.56,-0.27,-0.38,0.0189,-0.01,2.0,2.0,1.0,1.0,50.0,11718.5,-97254.2,192.0,,28.27,11718.5,-97254.20000000004,-8.55,-0.17,-0.2,0.0127,-0.01,27.0,27.0,6.0,21.0,22.22,46957.31,-52066.18,165.74,,83.18,94315.19999999995,-123886.47,-81.16,-0.31,-0.43,0.0184,-0.01
ROSN,ema,1D,Bayesian_TPE,40,-0.01,78,117,False,-12.51,0.046,0.047,58.28,10,40.0,False,"{""sampler"":""TPESampler"",""seed"":42,""n_trials"":50,""direction"":""maximize"",""objective"":""composite = Sharpe * (Return% / MaxDD%)""}","{""short_ema"":78,""long_ema"":117,""allowshort"":false}",2014-01-01,2024-12-31,2025-01-01,2026-04-20,2014-01-01,2026-04-20,20.0,10.0,4.0,6.0,40.0,165883.21,-131443.95,234.6,,58.28,218060.25,-324884.1,-12.51,0.05,0.05,0.0131,0.0,3.0,2.0,0.0,2.0,0.0,0.0,-154532.65,62.0,,33.71,-76908.80000000002,-232156.4999999999,-30.91,-1.47,-1.11,0.0092,-0.04,23.0,12.0,4.0,8.0,33.33,165883.21,-132393.24,205.83,,58.28,218060.25,-324884.1,-39.56,-0.1,-0.1,0.0126,-0.0
ROSN,ema,1D,Bayesian_TPE,41,0.626,95,198,True,-97.14,-0.628,-0.684,97.44,16,12.5,True,"{""sampler"":""TPESampler"",""seed"":42,""n_trials"":50,""direction"":""maximize"",""objective"":""composite = Sharpe * (Return% / MaxDD%)""}","{""short_ema"":95,""long_ema"":198,""allowshort"":true}",2014-01-01,2024-12-31,2025-01-01,2026-04-20,2014-01-01,2026-04-20,16.0,16.0,2.0,14.0,12.5,63584.4,-78472.11,250.0,,97.44,120892.39999999998,-278835.45,-97.14,-0.63,-0.68,0.0245,-0.02,3.0,3.0,0.0,3.0,0.0,0.0,-150334.23,143.67,,47.05,-92460.20000000004,-236231.50000000003,-45.1,-1.34,-1.64,0.0157,-0.04,19.0,19.0,2.0,17.0,10.53,63584.4,-65309.49,235.53,,98.36,120892.39999999998,-278835.45,-98.31,-0.66,-0.73,0.0237,-0.02
ROSN,ema,1D,Bayesian_TPE,42,0.582,95,193,True,-95.62,-0.586,-0.657,96.27,18,16.67,True,"{""sampler"":""TPESampler"",""seed"":42,""n_trials"":50,""direction"":""maximize"",""objective"":""composite = Sharpe * (Return% / MaxDD%)""}","{""short_ema"":95,""long_ema"":193,""allowshort"":true}",2014-01-01,2024-12-31,2025-01-01,2026-04-20,2014-01-01,2026-04-20,18.0,18.0,3.0,15.0,16.67,76792.53,-79106.53,222.22,,96.27,128934.0,-254780.5,-95.62,-0.59,-0.66,0.0231,-0.01,3.0,3.0,0.0,3.0,0.0,0.0,-150334.23,143.67,,47.05,-92460.20000000004,-236231.50000000003,-45.1,-1.34,-1.64,0.0157,-0.04,21.0,21.0,3.0,18.0,14.29,76792.53,-66919.04,213.1,,97.49,128934.0,-254780.5,-97.42,-0.63,-0.71,0.0224,-0.01
ROSN,ema,1D,Bayesian_TPE,43,0.603,100,182,True,-95.98,-0.606,-0.68,96.53,18,16.67,True,"{""sampler"":""TPESampler"",""seed"":42,""n_trials"":50,""direction"":""maximize"",""objective"":""composite = Sharpe * (Return% / MaxDD%)""}","{""short_ema"":100,""long_ema"":182,""allowshort"":true}",2014-01-01,2024-12-31,2025-01-01,2026-04-20,2014-01-01,2026-04-20,18.0,18.0,3.0,15.0,16.67,71693.7,-78325.05,222.22,,96.53,118099.79999999994,-236626.1,-95.98,-0.61,-0.68,0.0232,-0.01,3.0,3.0,0.0,3.0,0.0,0.0,-150508.35,143.67,,47.1,-92636.55000000008,-236231.50000000003,-45.15,-1.34,-1.64,0.0157,-0.04,21.0,21.0,3.0,18.0,14.29,71693.7,-66182.94,213.1,,97.69,118099.79999999994,-236626.1,-97.62,-0.65,-0.73,0.0225,-0.01
ROSN,ema,1D,Bayesian_TPE,44,0.566,93,173,True,-95.99,-0.572,-0.645,97.07,18,16.67,True,"{""sampler"":""TPESampler"",""seed"":42,""n_trials"":50,""direction"":""maximize"",""objective"":""composite = Sharpe * (Return% / MaxDD%)""}","{""short_ema"":93,""long_ema"":173,""allowshort"":true}",2014-01-01,2024-12-31,2025-01-01,2026-04-20,2014-01-01,2026-04-20,18.0,18.0,3.0,15.0,16.67,75242.03,-79039.18,222.22,,97.07,111686.89999999997,-236467.05,-95.99,-0.57,-0.65,0.024,-0.01,3.0,3.0,0.0,3.0,0.0,0.0,-120264.35,144.33,,43.12,-85074.30000000003,-172218.74999999994,-36.08,-0.94,-1.19,0.0161,-0.04,21.0,21.0,3.0,18.0,14.29,75242.03,-66411.67,213.1,,97.07,111686.89999999997,-236467.05,-96.97,-0.56,-0.64,0.0232,-0.01
ROSN,ema,1D,Bayesian_TPE,45,0.521,86,194,True,-94.21,-0.528,-0.602,95.49,18,16.67,True,"{""sampler"":""TPESampler"",""seed"":42,""n_trials"":50,""direction"":""maximize"",""objective"":""composite = Sharpe * (Return% / MaxDD%)""}","{""short_ema"":86,""long_ema"":194,""allowshort"":true}",2014-01-01,2024-12-31,2025-01-01,2026-04-20,2014-01-01,2026-04-20,18.0,18.0,3.0,15.0,16.67,71836.35,-77173.47,222.22,,95.49,108769.10000000003,-224479.35000000003,-94.21,-0.53,-0.6,0.0229,-0.01,5.0,5.0,0.0,5.0,0.0,0.0,-72040.65,88.6,,43.12,-5409.299999999827,-151567.74999999988,-36.02,-0.94,-1.19,0.0161,-0.03,23.0,23.0,3.0,20.0,13.04,71836.35,-58538.79,194.57,,95.66,108769.10000000003,-224479.35000000003,-95.53,-0.52,-0.6,0.0222,-0.01
ROSN,ema,1D,Bayesian_TPE,46,0.562,96,182,True,-95.06,-0.567,-0.646,95.84,18,16.67,True,"{""sampler"":""TPESampler"",""seed"":42,""n_trials"":50,""direction"":""maximize"",""objective"":""composite = Sharpe * (Return% / MaxDD%)""}","{""short_ema"":96,""long_ema"":182,""allowshort"":true}",2014-01-01,2024-12-31,2025-01-01,2026-04-20,2014-01-01,2026-04-20,18.0,18.0,3.0,15.0,16.67,68718.63,-77113.82,222.22,,95.84,110744.89999999997,-206691.15,-95.06,-0.57,-0.65,0.0229,-0.01,3.0,3.0,0.0,3.0,0.0,0.0,-150508.35,143.67,,47.1,-92636.55000000008,-236231.50000000003,-45.15,-1.34,-1.64,0.0157,-0.04,21.0,21.0,3.0,18.0,14.29,68718.63,-65383.65,213.1,,97.16,110744.89999999997,-206691.15,-97.07,-0.61,-0.7,0.0222,-0.01
ROSN,ema,1D,Bayesian_TPE,47,0.557,90,176,True,-95.84,-0.564,-0.636,97.11,18,16.67,True,"{""sampler"":""TPESampler"",""seed"":42,""n_trials"":50,""direction"":""maximize"",""objective"":""composite = Sharpe * (Return% / MaxDD%)""}","{""short_ema"":90,""long_ema"":176,""allowshort"":true}",2014-01-01,2024-12-31,2025-01-01,2026-04-20,2014-01-01,2026-04-20,18.0,18.0,3.0,15.0,16.67,77849.1,-79466.27,222.22,,97.11,117764.8,-240083.99999999997,-95.84,-0.56,-0.64,0.024,-0.01,3.0,3.0,0.0,3.0,0.0,0.0,-115864.18,145.67,,42.48,-83235.10000000005,-164501.70000000007,-34.76,-0.89,-1.13,0.0161,-0.03,21.0,21.0,3.0,18.0,14.29,77849.1,-66745.77,213.1,,97.11,117764.8,-240083.99999999997,-96.79,-0.55,-0.63,0.0232,-0.01
ROSN,ema,1D,Bayesian_TPE,48,0.094,65,96,False,24.52,0.201,0.216,52.59,15,26.67,False,"{""sampler"":""TPESampler"",""seed"":42,""n_trials"":50,""direction"":""maximize"",""objective"":""composite = Sharpe * (Return% / MaxDD%)""}","{""short_ema"":65,""long_ema"":96,""allowshort"":false}",2014-01-01,2024-12-31,2025-01-01,2026-04-20,2014-01-01,2026-04-20,29.0,15.0,4.0,10.0,26.67,246182.35,-73951.37,154.6,,52.59,448487.85,-196330.74999999997,24.52,0.2,0.22,0.0128,0.0,4.0,2.0,0.0,2.0,0.0,0.0,-68479.2,22.5,,16.56,-51110.0,-85848.40000000004,-13.7,-0.98,-0.42,0.0055,-0.03,33.0,17.0,4.0,13.0,23.53,246182.35,-89540.63,144.59,,52.59,448487.85,-294235.4999999999,-17.93,0.02,0.02,0.0124,0.0
VTBR,ema,1D,Bayesian_TPE,0,0.081,40,193,True,23.84,0.207,0.296,60.59,18,38.89,True,"{""sampler"":""TPESampler"",""seed"":42,""n_trials"":50,""direction"":""maximize"",""objective"":""composite = Sharpe * (Return% / MaxDD%)""}","{""short_ema"":40,""long_ema"":193,""allowshort"":true}",2014-01-01,2024-12-31,2025-01-01,2026-04-20,2014-01-01,2026-04-20,18.0,18.0,7.0,11.0,38.89,209952.83,-111929.16,222.39,,60.59,349337.625,-288265.57499999995,23.84,0.21,0.3,0.0176,0.01,3.0,3.0,1.0,2.0,33.33,104415.08,-87995.79,115.67,,32.27,104415.08000000002,-152386.07999999996,-7.16,-0.04,-0.03,0.016,-0.0,21.0,21.0,8.0,13.0,38.1,179918.97,-109518.79,213.24,,60.59,349337.625,-288265.57499999995,1.56,0.14,0.19,0.0177,0.0
VTBR,ema,1D,Bayesian_TPE,1,0.139,19,73,False,30.77,0.225,0.227,49.85,16,37.5,False,"{""sampler"":""TPESampler"",""seed"":42,""n_trials"":50,""direction"":""maximize"",""objective"":""composite = Sharpe * (Return% / MaxDD%)""}","{""short_ema"":19,""long_ema"":73,""allowshort"":false}",2014-01-01,2024-12-31,2025-01-01,2026-04-20,2014-01-01,2026-04-20,32.0,16.0,6.0,10.0,37.5,179332.7,-76830.4,95.75,,49.85,370157.3500000002,-149205.0,30.77,0.23,0.23,0.0115,0.01,7.0,4.0,1.0,3.0,25.0,223105.51,-110626.15,69.0,,41.7,223105.51000000004,-237595.5599999999,-10.88,-0.09,-0.07,0.018,-0.0,39.0,20.0,7.0,13.0,35.0,195396.49,-92484.48,90.4,,49.85,370157.3500000002,-310697.9999999999,16.55,0.16,0.14,0.0125,0.0
VTBR,ema,1D,Bayesian_TPE,2,0.024,62,156,False,9.06,0.138,0.128,53.04,7,42.86,False,"{""sampler"":""TPESampler"",""seed"":42,""n_trials"":50,""direction"":""maximize"",""objective"":""composite = Sharpe * (Return% / MaxDD%)""}","{""short_ema"":62,""long_ema"":156,""allowshort"":false}",2014-01-01,2024-12-31,2025-01-01,2026-04-20,2014-01-01,2026-04-20,14.0,7.0,3.0,4.0,42.86,234222.28,-153006.14,223.43,,53.04,446046.1,-392811.9250000002,9.06,0.14,0.13,0.0122,0.0,3.0,2.0,1.0,1.0,50.0,126815.44,-143783.64,73.5,,32.27,126815.43999999994,-143783.64000000007,-1.7,0.08,0.04,0.0141,0.0,17.0,9.0,4.0,5.0,44.44,210245.44,-153770.28,190.11,,53.04,446046.1,-392811.9250000002,7.21,0.13,0.1,0.0124,0.0
VTBR,ema,1D,Bayesian_TPE,4,0.11,22,77,False,26.33,0.208,0.209,49.58,16,37.5,False,"{""sampler"":""TPESampler"",""seed"":42,""n_trials"":50,""direction"":""maximize"",""objective"":""composite = Sharpe * (Return% / MaxDD%)""}","{""short_ema"":22,""long_ema"":77,""allowshort"":false}",2014-01-01,2024-12-31,2025-01-01,2026-04-20,2014-01-01,2026-04-20,32.0,16.0,6.0,10.0,37.5,162915.62,-71416.42,95.5,,49.58,352592.5,-136633.5,26.33,0.21,0.21,0.0115,0.0,7.0,4.0,1.0,3.0,25.0,203592.5,-119909.34,67.25,,43.49,203592.5,-231981.75,-15.61,-0.21,-0.17,0.018,-0.01,39.0,20.0,7.0,13.0,35.0,176384.28,-89895.27,89.85,,49.58,352592.5,-293086.5,6.61,0.13,0.11,0.0125,0.0
VTBR,ema,1D,Bayesian_TPE,5,0.206,46,93,True,52.62,0.276,0.401,70.53,20,30.0,True,"{""sampler"":""TPESampler"",""seed"":42,""n_trials"":50,""direction"":""maximize"",""objective"":""composite = Sharpe * (Return% / MaxDD%)""}","{""short_ema"":46,""long_ema"":93,""allowshort"":true}",2014-01-01,2024-12-31,2025-01-01,2026-04-20,2014-01-01,2026-04-20,20.0,20.0,6.0,14.0,30.0,283020.45,-83708.05,200.15,,70.53,410621.8999999999,-173001.40000000008,52.62,0.28,0.4,0.0174,0.01,5.0,5.0,2.0,3.0,40.0,63256.07,-186040.79,84.8,,61.0,108074.24999999996,-249417.73999999993,-43.16,-0.86,-0.75,0.021,-0.03,25.0,25.0,8.0,17.0,32.0,215506.67,-114170.63,179.12,,70.53,410621.8999999999,-343650.5999999999,-21.68,0.08,0.1,0.018,0.0
VTBR,ema,1D,Bayesian_TPE,6,0.098,33,105,False,24.22,0.199,0.203,48.96,11,27.27,False,"{""sampler"":""TPESampler"",""seed"":42,""n_trials"":50,""direction"":""maximize"",""objective"":""composite = Sharpe * (Return% / MaxDD%)""}","{""short_ema"":33,""long_ema"":105,""allowshort"":false}",2014-01-01,2024-12-31,2025-01-01,2026-04-20,2014-01-01,2026-04-20,22.0,11.0,3.0,8.0,27.27,324056.15,-91250.32,136.27,,48.96,481206.6000000001,-162457.75,24.22,0.2,0.2,0.0117,0.0,5.0,3.0,1.0,2.0,33.33,141689.62,-201285.46,68.0,,45.22,141689.625,-267705.0000000001,-26.09,-0.57,-0.35,0.0163,-0.02,27.0,14.0,4.0,10.0,28.57,287045.64,-123005.46,121.64,,60.19,481206.6000000001,-332535.8800000001,-8.19,0.06,0.06,0.0124,0.0
VTBR,ema,1D,Bayesian_TPE,7,0.553,24,127,True,96.11,0.364,0.554,63.21,22,31.82,True,"{""sampler"":""TPESampler"",""seed"":42,""n_trials"":50,""direction"":""maximize"",""objective"":""composite = Sharpe * (Return% / MaxDD%)""}","{""short_ema"":24,""long_ema"":127,""allowshort"":true}",2014-01-01,2024-12-31,2025-01-01,2026-04-20,2014-01-01,2026-04-20,22.0,22.0,7.0,15.0,31.82,315413.08,-83117.55,181.95,,63.21,586784.4000000001,-181287.85000000003,96.11,0.36,0.55,0.0165,0.01,5.0,5.0,1.0,4.0,20.0,103062.37,-140256.35,85.2,,59.74,103062.37499999996,-211612.5000000001,-45.8,-0.94,-0.86,0.0211,-0.03,27.0,27.0,8.0,19.0,29.63,267901.82,-116386.7,165.85,,70.15,586784.4000000001,-363827.20000000007,-6.81,0.12,0.16,0.0173,0.0
VTBR,ema,1D,Bayesian_TPE,8,0.001,63,75,False,0.58,0.097,0.092,56.01,10,30.0,False,"{""sampler"":""TPESampler"",""seed"":42,""n_trials"":50,""direction"":""maximize"",""objective"":""composite = Sharpe * (Return% / MaxDD%)""}","{""short_ema"":63,""long_ema"":75,""allowshort"":false}",2014-01-01,2024-12-31,2025-01-01,2026-04-20,2014-01-01,2026-04-20,20.0,10.0,3.0,7.0,30.0,254264.98,-108135.14,150.6,,56.01,431039.9999999999,-192296.3999999999,0.58,0.1,0.09,0.012,0.0,5.0,3.0,1.0,2.0,33.33,149809.5,-180964.94,68.67,,44.88,149809.49999999994,-249841.02,-21.21,-0.43,-0.27,0.0161,-0.02,25.0,13.0,4.0,9.0,30.77,228369.81,-124553.88,131.69,,61.95,431039.9999999999,-251281.23,-20.75,0.01,0.01,0.0126,0.0
VTBR,ema,1D,Bayesian_TPE,9,0.383,97,172,True,66.63,0.305,0.442,53.04,14,42.86,True,"{""sampler"":""TPESampler"",""seed"":42,""n_trials"":50,""direction"":""maximize"",""objective"":""composite = Sharpe * (Return% / MaxDD%)""}","{""short_ema"":97,""long_ema"":172,""allowshort"":true}",2014-01-01,2024-12-31,2025-01-01,2026-04-20,2014-01-01,2026-04-20,14.0,14.0,6.0,8.0,42.86,259672.7,-111472.07,285.93,,53.04,388378.7299999999,-273551.55,66.63,0.3,0.44,0.0172,0.01,3.0,3.0,1.0,2.0,33.33,59979.25,-133512.28,111.33,,38.53,59979.25,-173516.63999999993,-20.7,-0.41,-0.32,0.0163,-0.02,17.0,17.0,7.0,10.0,41.18,209472.39,-128843.04,263.41,,53.04,386390.9,-273551.55,17.79,0.18,0.25,0.0174,0.01
VTBR,ema,1D,Bayesian_TPE,10,2.795,7,134,True,272.24,0.589,0.91,57.37,36,33.33,True,"{""sampler"":""TPESampler"",""seed"":42,""n_trials"":50,""direction"":""maximize"",""objective"":""composite = Sharpe * (Return% / MaxDD%)""}","{""short_ema"":7,""long_ema"":134,""allowshort"":true}",2014-01-01,2024-12-31,2025-01-01,2026-04-20,2014-01-01,2026-04-20,36.0,36.0,12.0,24.0,33.33,354157.21,-63644.05,111.22,,57.37,977707.275,-175959.67499999993,272.24,0.59,0.91,0.0165,0.02,7.0,7.0,1.0,6.0,14.29,139602.92,-66689.84,64.57,,46.3,139602.925,-127781.3499999999,-26.05,-0.34,-0.37,0.0221,-0.02,43.0,43.0,13.0,30.0,30.23,354210.96,-98637.22,104.16,,57.37,977707.275,-457183.5499999997,164.56,0.42,0.59,0.0173,0.01
VTBR,ema,1D,Bayesian_TPE,11,2.669,5,133,True,244.08,0.559,0.862,51.13,38,28.95,True,"{""sampler"":""TPESampler"",""seed"":42,""n_trials"":50,""direction"":""maximize"",""objective"":""composite = Sharpe * (Return% / MaxDD%)""}","{""short_ema"":5,""long_ema"":133,""allowshort"":true}",2014-01-01,2024-12-31,2025-01-01,2026-04-20,2014-01-01,2026-04-20,38.0,38.0,11.0,27.0,28.95,389786.13,-68400.5,105.37,,51.13,949968.0000000002,-191584.0,244.08,0.56,0.86,0.0166,0.02,7.0,7.0,1.0,6.0,14.29,148216.14,-60523.97,64.86,,42.89,148216.145,-119509.2399999999,-21.49,-0.24,-0.26,0.0221,-0.01,45.0,45.0,12.0,33.0,26.67,386668.87,-92319.65,99.53,,52.08,949968.0000000002,-394833.6799999997,159.35,0.41,0.58,0.0174,0.01
VTBR,ema,1D,Bayesian_TPE,12,2.707,6,137,True,252.31,0.566,0.876,52.75,36,33.33,True,"{""sampler"":""TPESampler"",""seed"":42,""n_trials"":50,""direction"":""maximize"",""objective"":""composite = Sharpe * (Return% / MaxDD%)""}","{""short_ema"":6,""long_ema"":137,""allowshort"":true}",2014-01-01,2024-12-31,2025-01-01,2026-04-20,2014-01-01,2026-04-20,36.0,36.0,12.0,24.0,33.33,348942.05,-69340.39,111.22,,52.75,929194.7000000002,-199600.0,252.31,0.57,0.88,0.0166,0.02,7.0,7.0,1.0,6.0,14.29,136780.1,-68705.44,64.71,,46.36,136780.10499999998,-125209.2499999999,-27.55,-0.38,-0.41,0.0221,-0.02,43.0,43.0,13.0,30.0,30.23,343838.85,-101476.03,104.16,,53.99,929194.7000000002,-419180.0499999997,142.56,0.39,0.55,0.0174,0.01
VTBR,ema,1D,Bayesian_TPE,13,5.062,5,152,True,342.02,0.646,1.005,43.65,34,38.24,True,"{""sampler"":""TPESampler"",""seed"":42,""n_trials"":50,""direction"":""maximize"",""objective"":""composite = Sharpe * (Return% / MaxDD%)""}","{""short_ema"":5,""long_ema"":152,""allowshort"":true}",2014-01-01,2024-12-31,2025-01-01,2026-04-20,2014-01-01,2026-04-20,34.0,34.0,13.0,21.0,38.24,395811.47,-82161.46,117.76,,43.65,1144802.4,-246112.0,342.02,0.65,1.0,0.0166,0.02,7.0,7.0,1.0,6.0,14.29,138879.12,-67202.3,64.43,,45.47,138879.125,-127131.0999999999,-26.43,-0.35,-0.38,0.022,-0.02,41.0,41.0,14.0,27.0,34.15,393237.89,-126582.43,109.24,,53.05,1144802.4,-533566.2499999995,208.76,0.46,0.65,0.0174,0.02
VTBR,ema,1D,Bayesian_TPE,14,0.341,13,156,True,62.06,0.297,0.443,53.98,26,26.92,True,"{""sampler"":""TPESampler"",""seed"":42,""n_trials"":50,""direction"":""maximize"",""objective"":""composite = Sharpe * (Return% / MaxDD%)""}","{""short_ema"":13,""long_ema"":156,""allowshort"":true}",2014-01-01,2024-12-31,2025-01-01,2026-04-20,2014-01-01,2026-04-20,26.0,26.0,7.0,19.0,26.92,280369.81,-70629.28,153.96,,53.98,498542.625,-178630.07500000013,62.06,0.3,0.44,0.0166,0.01,5.0,5.0,1.0,4.0,20.0,107509.27,-135510.96,85.2,,58.18,107509.27499999997,-173846.25000000003,-43.45,-0.88,-0.82,0.0208,-0.03,31.0,31.0,8.0,23.0,25.81,239435.35,-91830.54,144.45,,69.97,498542.625,-247007.62,-19.66,0.07,0.1,0.0173,0.0
VTBR,ema,1D,Bayesian_TPE,15,0.548,32,107,True,96.02,0.363,0.556,63.6,22,27.27,True,"{""sampler"":""TPESampler"",""seed"":42,""n_trials"":50,""direction"":""maximize"",""objective"":""composite = Sharpe * (Return% / MaxDD%)""}","{""short_ema"":32,""long_ema"":107,""allowshort"":true}",2014-01-01,2024-12-31,2025-01-01,2026-04-20,2014-01-01,2026-04-20,22.0,22.0,6.0,16.0,27.27,370629.47,-78973.87,181.95,,63.6,554290.7999999999,-168532.65000000014,96.02,0.36,0.56,0.0167,0.01,5.0,5.0,2.0,3.0,40.0,52043.33,-203356.01,85.2,,64.24,94704.75,-268413.75000000006,-50.6,-1.06,-0.94,0.0217,-0.04,27.0,27.0,8.0,19.0,29.63,269911.98,-121636.31,165.85,,73.33,554290.7999999999,-460876.3500000001,-15.18,0.09,0.12,0.0175,0.0
VTBR,ema,1D,Bayesian_TPE,16,0.326,62,154,True,70.89,0.313,0.437,68.08,14,50.0,True,"{""sampler"":""TPESampler"",""seed"":42,""n_trials"":50,""direction"":""maximize"",""objective"":""composite = Sharpe * (Return% / MaxDD%)""}","{""short_ema"":62,""long_ema"":154,""allowshort"":true}",2014-01-01,2024-12-31,2025-01-01,2026-04-20,2014-01-01,2026-04-20,14.0,14.0,7.0,7.0,50.0,279454.5,-178178.32,285.93,,68.08,472871.50000000023,-488910.6750000003,70.89,0.31,0.44,0.0179,0.01,3.0,3.0,2.0,1.0,66.67,64114.92,-143783.64,115.67,,32.27,127000.91499999996,-143783.64000000007,-1.56,0.1,0.08,0.0159,0.0,17.0,17.0,9.0,8.0,52.94,216697.23,-183036.58,263.41,,68.08,472871.50000000023,-488910.6750000003,48.6,0.25,0.33,0.018,0.01
VTBR,ema,1D,Bayesian_TPE,17,0.096,16,199,True,26.16,0.21,0.317,57.36,24,29.17,True,"{""sampler"":""TPESampler"",""seed"":42,""n_trials"":50,""direction"":""maximize"",""objective"":""composite = Sharpe * (Return% / MaxDD%)""}","{""short_ema"":16,""long_ema"":199,""allowshort"":true}",2014-01-01,2024-12-31,2025-01-01,2026-04-20,2014-01-01,2026-04-20,24.0,24.0,7.0,17.0,29.17,237965.11,-82596.49,166.79,,57.36,431939.90000000014,-142560.60000000006,26.16,0.21,0.32,0.0167,0.01,5.0,5.0,1.0,4.0,20.0,80611.27,-136693.12,83.8,,56.58,80611.27499999997,-178491.49999999997,-46.62,-1.01,-0.93,0.0204,-0.04,29.0,29.0,8.0,21.0,27.59,203044.36,-96265.39,154.41,,67.71,431939.90000000014,-201565.1,-39.72,-0.01,-0.01,0.0173,-0.0
VTBR,ema,1D,Bayesian_TPE,18,0.462,32,55,True,86.08,0.343,0.492,63.97,34,41.18,True,"{""sampler"":""TPESampler"",""seed"":42,""n_trials"":50,""direction"":""maximize"",""objective"":""composite = Sharpe * (Return% / MaxDD%)""}","{""short_ema"":32,""long_ema"":55,""allowshort"":true}",2014-01-01,2024-12-31,2025-01-01,2026-04-20,2014-01-01,2026-04-20,34.0,34.0,14.0,20.0,41.18,176866.21,-80768.31,117.74,,63.97,552001.4,-254765.3250000001,86.08,0.34,0.49,0.0172,0.01,5.0,5.0,1.0,4.0,20.0,124168.3,-149822.08,90.6,,69.54,124168.3,-285645.14999999997,-47.51,-0.84,-0.83,0.0237,-0.03,39.0,39.0,15.0,24.0,38.46,173402.0,-111415.04,114.82,,70.53,552001.4,-504582.15,-7.29,0.12,0.16,0.0182,0.0
VTBR,ema,1D,Bayesian_TPE,19,0.357,52,177,True,70.35,0.313,0.442,61.68,16,43.75,True,"{""sampler"":""TPESampler"",""seed"":42,""n_trials"":50,""direction"":""maximize"",""objective"":""composite = Sharpe * (Return% / MaxDD%)""}","{""short_ema"":52,""long_ema"":177,""allowshort"":true}",2014-01-01,2024-12-31,2025-01-01,2026-04-20,2014-01-01,2026-04-20,16.0,16.0,7.0,9.0,43.75,262639.17,-126108.68,250.19,,61.68,419467.5,-369399.8,70.35,0.31,0.44,0.0174,0.01,3.0,3.0,1.0,2.0,33.33,123551.08,-82914.15,115.33,,32.28,123551.07999999994,-155905.19999999995,-4.23,0.03,0.03,0.016,0.0,19.0,19.0,8.0,11.0,42.11,228212.5,-125864.99,235.68,,61.68,419467.5,-369399.8,44.12,0.24,0.32,0.0175,0.01
VTBR,ema,1D,Bayesian_TPE,20,0.271,75,112,True,58.0,0.288,0.411,61.68,18,38.89,True,"{""sampler"":""TPESampler"",""seed"":42,""n_trials"":50,""direction"":""maximize"",""objective"":""composite = Sharpe * (Return% / MaxDD%)""}","{""short_ema"":75,""long_ema"":112,""allowshort"":true}",2014-01-01,2024-12-31,2025-01-01,2026-04-20,2014-01-01,2026-04-20,18.0,18.0,7.0,11.0,38.89,276101.42,-122978.07,222.39,,61.68,460385.1999999999,-319563.19999999995,58.0,0.29,0.41,0.0174,0.01,5.0,5.0,1.0,4.0,20.0,73007.69,-113506.06,80.0,,52.58,73007.68999999996,-211700.2199999999,-38.1,-0.77,-0.66,0.0198,-0.03,23.0,23.0,8.0,15.0,34.78,240792.56,-134575.08,194.7,,61.68,460385.1999999999,-319563.19999999995,-9.23,0.12,0.15,0.0179,0.0
VTBR,ema,1D,Bayesian_TPE,21,2.305,8,144,True,226.71,0.547,0.843,53.8,30,33.33,True,"{""sampler"":""TPESampler"",""seed"":42,""n_trials"":50,""direction"":""maximize"",""objective"":""composite = Sharpe * (Return% / MaxDD%)""}","{""short_ema"":8,""long_ema"":144,""allowshort"":true}",2014-01-01,2024-12-31,2025-01-01,2026-04-20,2014-01-01,2026-04-20,30.0,30.0,10.0,20.0,33.33,382900.57,-78094.08,133.47,,53.8,909541.5,-241771.20000000007,226.71,0.55,0.84,0.0163,0.02,7.0,7.0,1.0,6.0,14.29,140326.72,-66171.36,64.29,,46.17,140326.72499999998,-133779.44999999998,-25.67,-0.34,-0.36,0.0221,-0.02,37.0,37.0,11.0,26.0,29.73,373246.01,-107528.56,121.05,,54.71,909541.5,-415756.24999999994,131.0,0.38,0.53,0.0171,0.01
VTBR,ema,1D,Bayesian_TPE,22,3.551,6,142,True,289.83,0.602,0.935,49.13,34,35.29,True,"{""sampler"":""TPESampler"",""seed"":42,""n_trials"":50,""direction"":""maximize"",""objective"":""composite = Sharpe * (Return% / MaxDD%)""}","{""short_ema"":6,""long_ema"":142,""allowshort"":true}",2014-01-01,2024-12-31,2025-01-01,2026-04-20,2014-01-01,2026-04-20,34.0,34.0,12.0,22.0,35.29,382242.6,-76755.51,117.76,,49.13,1019719.2000000002,-220848.0,289.83,0.6,0.93,0.0166,0.02,7.0,7.0,1.0,6.0,14.29,142606.69,-64531.79,64.57,,45.21,142606.69499999998,-130541.2999999999,-24.46,-0.31,-0.33,0.022,-0.02,41.0,41.0,13.0,28.0,31.71,382294.24,-112121.8,109.24,,51.48,1019719.2000000002,-489118.0499999997,183.04,0.44,0.61,0.0174,0.01
VTBR,ema,1D,Bayesian_TPE,23,1.298,14,119,True,164.61,0.464,0.721,58.85,28,32.14,True,"{""sampler"":""TPESampler"",""seed"":42,""n_trials"":50,""direction"":""maximize"",""objective"":""composite = Sharpe * (Return% / MaxDD%)""}","{""short_ema"":14,""long_ema"":119,""allowshort"":true}",2014-01-01,2024-12-31,2025-01-01,2026-04-20,2014-01-01,2026-04-20,28.0,28.0,9.0,19.0,32.14,329333.31,-69361.84,142.96,,58.85,647237.25,-171565.99999999985,164.61,0.46,0.72,0.0169,0.01,7.0,7.0,1.0,6.0,14.29,87073.14,-104303.0,64.29,,65.76,87073.14,-179472.05999999997,-53.87,-1.12,-1.12,0.0226,-0.04,35.0,35.0,10.0,25.0,28.57,305133.96,-115660.72,127.94,,70.55,647237.25,-451289.7899999999,15.98,0.18,0.25,0.0177,0.0
VTBR,ema,1D,Bayesian_TPE,24,0.132,26,173,True,34.41,0.234,0.342,60.9,20,30.0,True,"{""sampler"":""TPESampler"",""seed"":42,""n_trials"":50,""direction"":""maximize"",""objective"":""composite = Sharpe * (Return% / MaxDD%)""}","{""short_ema"":26,""long_ema"":173,""allowshort"":true}",2014-01-01,2024-12-31,2025-01-01,2026-04-20,2014-01-01,2026-04-20,20.0,20.0,6.0,14.0,30.0,269773.31,-91036.23,200.15,,60.9,407497.09999999986,-231075.1499999999,34.41,0.23,0.34,0.0176,0.01,5.0,5.0,1.0,4.0,20.0,104581.87,-103020.97,83.4,,47.25,104581.87499999996,-161801.28,-30.75,-0.55,-0.5,0.0197,-0.02,25.0,25.0,7.0,18.0,28.0,237267.94,-99539.43,179.12,,60.9,407497.09999999986,-231075.1499999999,-13.08,0.1,0.14,0.018,0.0
VTBR,ema,1D,Bayesian_TPE,25,1.44,11,143,True,163.5,0.465,0.717,52.8,26,30.77,True,"{""sampler"":""TPESampler"",""seed"":42,""n_trials"":50,""direction"":""maximize"",""objective"":""composite = Sharpe * (Return% / MaxDD%)""}","{""short_ema"":11,""long_ema"":143,""allowshort"":true}",2014-01-01,2024-12-31,2025-01-01,2026-04-20,2014-01-01,2026-04-20,26.0,26.0,8.0,18.0,30.77,364709.67,-71260.16,153.96,,52.8,686655.6,-173500.0,163.5,0.47,0.72,0.0166,0.01,5.0,5.0,1.0,4.0,20.0,108853.5,-135261.96,85.2,,58.18,108853.5,-173846.25000000003,-43.22,-0.87,-0.81,0.0208,-0.03,31.0,31.0,9.0,22.0,29.03,316017.26,-115116.53,144.45,,66.79,686655.6,-401606.3000000001,31.16,0.22,0.29,0.0173,0.01
VTBR,ema,1D,Bayesian_TPE,26,0.885,19,165,True,118.82,0.401,0.619,53.84,22,31.82,True,"{""sampler"":""TPESampler"",""seed"":42,""n_trials"":50,""direction"":""maximize"",""objective"":""composite = Sharpe * (Return% / MaxDD%)""}","{""short_ema"":19,""long_ema"":165,""allowshort"":true}",2014-01-01,2024-12-31,2025-01-01,2026-04-20,2014-01-01,2026-04-20,22.0,22.0,7.0,15.0,31.82,351686.39,-84906.22,181.95,,53.84,659022.0,-276514.1250000001,118.82,0.4,0.62,0.0166,0.01,5.0,5.0,1.0,4.0,20.0,79734.67,-129389.1,84.6,,54.34,79734.67499999999,-177680.6199999999,-43.78,-0.92,-0.85,0.0203,-0.03,27.0,27.0,8.0,19.0,29.63,304665.52,-121620.18,165.85,,65.44,659022.0,-356054.6599999998,12.65,0.17,0.23,0.0173,0.0
VTBR,ema,1D,Bayesian_TPE,27,0.049,27,146,False,15.49,0.164,0.158,51.48,11,27.27,False,"{""sampler"":""TPESampler"",""seed"":42,""n_trials"":50,""direction"":""maximize"",""objective"":""composite = Sharpe * (Return% / MaxDD%)""}","{""short_ema"":27,""long_ema"":146,""allowshort"":false}",2014-01-01,2024-12-31,2025-01-01,2026-04-20,2014-01-01,2026-04-20,22.0,11.0,3.0,8.0,27.27,319056.73,-100278.51,141.91,,51.48,557360.6,-246698.00000000015,15.49,0.16,0.16,0.012,0.0,5.0,3.0,1.0,2.0,33.33,114891.34,-152414.48,64.0,,38.4,114891.345,-169708.0,-18.99,-0.4,-0.24,0.0152,-0.02,27.0,14.0,4.0,10.0,28.57,272467.75,-115428.15,125.21,,55.51,557360.6,-246698.00000000015,-6.44,0.07,0.06,0.0125,0.0
VTBR,ema,1D,Bayesian_TPE,28,1.105,5,125,True,143.64,0.438,0.661,56.96,46,28.26,True,"{""sampler"":""TPESampler"",""seed"":42,""n_trials"":50,""direction"":""maximize"",""objective"":""composite = Sharpe * (Return% / MaxDD%)""}","{""short_ema"":5,""long_ema"":125,""allowshort"":true}",2014-01-01,2024-12-31,2025-01-01,2026-04-20,2014-01-01,2026-04-20,46.0,46.0,13.0,33.0,28.26,241788.78,-51721.5,87.04,,56.96,656208.0000000001,-130134.55000000006,143.64,0.44,0.66,0.0167,0.01,7.0,7.0,1.0,6.0,14.29,146243.79,-61925.75,64.86,,43.64,146243.78999999998,-116831.65,-22.53,-0.26,-0.28,0.0221,-0.01,53.0,53.0,14.0,39.0,26.42,242013.31,-66050.84,84.51,,56.96,656208.0000000001,-273296.52999999997,81.22,0.31,0.43,0.0175,0.01
VTBR,ema,1D,Bayesian_TPE,29,0.242,37,165,True,51.41,0.274,0.395,58.23,18,33.33,True,"{""sampler"":""TPESampler"",""seed"":42,""n_trials"":50,""direction"":""maximize"",""objective"":""composite = Sharpe * (Return% / MaxDD%)""}","{""short_ema"":37,""long_ema"":165,""allowshort"":true}",2014-01-01,2024-12-31,2025-01-01,2026-04-20,2014-01-01,2026-04-20,18.0,18.0,6.0,12.0,33.33,274914.47,-94618.47,222.39,,58.23,407362.49999999994,-217495.5,51.41,0.27,0.39,0.0171,0.01,5.0,5.0,1.0,4.0,20.0,109982.95,-96679.93,82.0,,47.95,109982.95000000004,-167582.99000000002,-27.67,-0.48,-0.42,0.0194,-0.02,23.0,23.0,7.0,16.0,30.43,243115.72,-105072.29,194.7,,58.23,407362.49999999994,-236485.13000000003,2.07,0.15,0.19,0.0176,0.0
VTBR,ema,1D,Bayesian_TPE,30,0.099,13,189,True,26.71,0.212,0.318,57.15,28,25.0,True,"{""sampler"":""TPESampler"",""seed"":42,""n_trials"":50,""direction"":""maximize"",""objective"":""composite = Sharpe * (Return% / MaxDD%)""}","{""short_ema"":13,""long_ema"":189,""allowshort"":true}",2014-01-01,2024-12-31,2025-01-01,2026-04-20,2014-01-01,2026-04-20,28.0,28.0,7.0,21.0,25.0,249981.48,-70606.64,142.96,,57.15,448305.0,-181396.8000000001,26.71,0.21,0.32,0.0166,0.01,5.0,5.0,1.0,4.0,20.0,79258.85,-130100.75,84.6,,54.99,79258.84999999999,-178970.53999999992,-44.11,-0.92,-0.85,0.0204,-0.03,33.0,33.0,8.0,25.0,24.24,216973.06,-83477.66,135.7,,67.99,448305.0,-207806.54999999993,-35.12,0.01,0.01,0.0173,0.0
VTBR,ema,1D,Bayesian_TPE,31,1.839,5,130,True,196.88,0.507,0.783,54.28,40,27.5,True,"{""sampler"":""TPESampler"",""seed"":42,""n_trials"":50,""direction"":""maximize"",""objective"":""composite = Sharpe * (Return% / MaxDD%)""}","{""short_ema"":5,""long_ema"":130,""allowshort"":true}",2014-01-01,2024-12-31,2025-01-01,2026-04-20,2014-01-01,2026-04-20,40.0,40.0,11.0,29.0,27.5,349567.64,-64705.97,100.1,,54.28,833904.0000000001,-168192.0,196.88,0.51,0.78,0.0166,0.02,7.0,7.0,1.0,6.0,14.29,140887.67,-65762.07,64.86,,45.71,140887.66999999998,-113615.24999999993,-25.37,-0.33,-0.35,0.0221,-0.02,47.0,47.0,12.0,35.0,25.53,344036.7,-85747.37,95.3,,55.23,833904.0000000001,-323851.1999999997,112.73,0.35,0.5,0.0174,0.01
VTBR,ema,1D,Bayesian_TPE,32,0.299,18,137,True,61.11,0.295,0.449,60.25,24,29.17,True,"{""sampler"":""TPESampler"",""seed"":42,""n_trials"":50,""direction"":""maximize"",""objective"":""composite = Sharpe * (Return% / MaxDD%)""}","{""short_ema"":18,""long_ema"":137,""allowshort"":true}",2014-01-01,2024-12-31,2025-01-01,2026-04-20,2014-01-01,2026-04-20,24.0,24.0,7.0,17.0,29.17,269128.06,-74868.78,166.79,,60.25,480761.7,-160832.60000000003,61.11,0.29,0.45,0.0167,0.01,5.0,5.0,1.0,4.0,20.0,100091.7,-143419.56,85.2,,61.12,100091.69999999995,-202297.50000000003,-47.36,-0.98,-0.91,0.0212,-0.03,29.0,29.0,8.0,21.0,27.59,228322.48,-99192.62,154.41,,71.56,480761.7,-285733.98000000004,-25.65,0.05,0.07,0.0174,0.0
VTBR,ema,1D,Bayesian_TPE,33,1.062,10,152,True,129.51,0.419,0.641,51.11,28,28.57,True,"{""sampler"":""TPESampler"",""seed"":42,""n_trials"":50,""direction"":""maximize"",""objective"":""composite = Sharpe * (Return% / MaxDD%)""}","{""short_ema"":10,""long_ema"":152,""allowshort"":true}",2014-01-01,2024-12-31,2025-01-01,2026-04-20,2014-01-01,2026-04-20,28.0,28.0,8.0,20.0,28.57,332457.27,-68227.68,142.96,,51.11,656215.3500000001,-158340.0,129.51,0.42,0.64,0.0165,0.01,5.0,5.0,1.0,4.0,20.0,108853.5,-135261.96,85.2,,58.18,108853.5,-173846.25000000003,-43.22,-0.87,-0.81,0.0208,-0.03,33.0,33.0,9.0,24.0,27.27,289482.58,-102414.99,135.7,,68.13,656215.3500000001,-351315.37000000005,14.74,0.18,0.24,0.0172,0.0
VTBR,ema,1D,Bayesian_TPE,34,0.491,19,119,True,90.76,0.353,0.541,65.25,24,29.17,True,"{""sampler"":""TPESampler"",""seed"":42,""n_trials"":50,""direction"":""maximize"",""objective"":""composite = Sharpe * (Return% / MaxDD%)""}","{""short_ema"":19,""long_ema"":119,""allowshort"":true}",2014-01-01,2024-12-31,2025-01-01,2026-04-20,2014-01-01,2026-04-20,24.0,24.0,7.0,17.0,29.17,293356.74,-67406.68,166.79,,65.25,464124.475,-155705.25,90.76,0.35,0.54,0.0167,0.01,5.0,5.0,1.0,4.0,20.0,112087.5,-131845.64,86.0,,61.01,112087.5,-208506.56000000003,-41.53,-0.75,-0.73,0.022,-0.03,29.0,29.0,8.0,21.0,27.59,266712.41,-99456.61,154.41,,65.25,464124.475,-372690.54,4.51,0.15,0.2,0.0175,0.0
VTBR,ema,1D,Bayesian_TPE,35,-0.006,44,135,False,-3.57,0.078,0.075,49.56,10,30.0,False,"{""sampler"":""TPESampler"",""seed"":42,""n_trials"":50,""direction"":""maximize"",""objective"":""composite = Sharpe * (Return% / MaxDD%)""}","{""short_ema"":44,""long_ema"":135,""allowshort"":false}",2014-01-01,2024-12-31,2025-01-01,2026-04-20,2014-01-01,2026-04-20,20.0,10.0,3.0,7.0,30.0,219493.62,-99168.51,154.3,,49.56,373384.49999999994,-202527.00000000003,-3.57,0.08,0.07,0.0121,0.0,5.0,3.0,1.0,2.0,33.33,111627.94,-162023.79,62.33,,41.57,111627.94499999996,-212351.48000000004,-21.24,-0.46,-0.27,0.0154,-0.02,25.0,13.0,4.0,9.0,30.77,191528.7,-111851.42,133.08,,59.66,373384.49999999994,-204773.76000000004,-24.05,-0.01,-0.01,0.0126,-0.0
VTBR,ema,1D,Bayesian_TPE,36,1.1,9,162,True,124.44,0.412,0.624,46.61,30,26.67,True,"{""sampler"":""TPESampler"",""seed"":42,""n_trials"":50,""direction"":""maximize"",""objective"":""composite = Sharpe * (Return% / MaxDD%)""}","{""short_ema"":9,""long_ema"":162,""allowshort"":true}",2014-01-01,2024-12-31,2025-01-01,2026-04-20,2014-01-01,2026-04-20,30.0,30.0,8.0,22.0,26.67,336091.83,-65651.0,133.43,,46.61,679396.6500000003,-176251.95000000004,124.44,0.41,0.62,0.0164,0.01,5.0,5.0,1.0,4.0,20.0,108853.5,-135261.96,85.2,,58.18,108853.5,-173846.25000000003,-43.22,-0.87,-0.81,0.0208,-0.03,35.0,35.0,9.0,26.0,25.71,292246.19,-96574.09,127.94,,69.82,679396.6500000003,-342713.2,11.93,0.17,0.22,0.0172,0.0
VTBR,ema,1D,Bayesian_TPE,37,0.101,23,96,False,25.13,0.203,0.213,50.52,14,28.57,False,"{""sampler"":""TPESampler"",""seed"":42,""n_trials"":50,""direction"":""maximize"",""objective"":""composite = Sharpe * (Return% / MaxDD%)""}","{""short_ema"":23,""long_ema"":96,""allowshort"":false}",2014-01-01,2024-12-31,2025-01-01,2026-04-20,2014-01-01,2026-04-20,28.0,14.0,4.0,10.0,28.57,253338.83,-76207.65,108.79,,50.52,421830.0000000001,-174688.0,25.13,0.2,0.21,0.0116,0.0,5.0,3.0,1.0,2.0,33.33,209200.12,-160306.9,74.0,,41.77,209200.115,-240299.0,-11.14,-0.11,-0.08,0.0177,-0.0,33.0,17.0,5.0,12.0,29.41,255021.86,-96938.61,102.65,,50.52,421830.0000000001,-300682.75,11.18,0.14,0.13,0.0125,0.0
VTBR,ema,1D,Bayesian_TPE,38,0.098,28,183,True,26.74,0.214,0.31,58.19,18,27.78,True,"{""sampler"":""TPESampler"",""seed"":42,""n_trials"":50,""direction"":""maximize"",""objective"":""composite = Sharpe * (Return% / MaxDD%)""}","{""short_ema"":28,""long_ema"":183,""allowshort"":true}",2014-01-01,2024-12-31,2025-01-01,2026-04-20,2014-01-01,2026-04-20,18.0,18.0,5.0,13.0,27.78,309300.82,-98390.46,222.39,,58.19,414381.7000000002,-250426.39999999988,26.74,0.21,0.31,0.0173,0.01,5.0,5.0,1.0,4.0,20.0,95950.85,-104737.61,82.4,,47.41,95950.85499999997,-165240.0,-32.3,-0.6,-0.53,0.0196,-0.02,23.0,23.0,6.0,17.0,26.09,261913.03,-104301.43,194.7,,58.19,414381.7000000002,-250426.39999999988,-20.16,0.08,0.1,0.0178,0.0
VTBR,ema,1D,Bayesian_TPE,39,-0.002,16,141,False,-0.99,0.085,0.085,54.06,13,23.08,False,"{""sampler"":""TPESampler"",""seed"":42,""n_trials"":50,""direction"":""maximize"",""objective"":""composite = Sharpe * (Return% / MaxDD%)""}","{""short_ema"":16,""long_ema"":141,""allowshort"":false}",2014-01-01,2024-12-31,2025-01-01,2026-04-20,2014-01-01,2026-04-20,26.0,13.0,3.0,10.0,23.08,248289.72,-75476.57,117.62,,54.06,433546.74999999994,-120006.90000000014,-0.99,0.09,0.09,0.0115,0.0,5.0,3.0,1.0,2.0,33.33,143941.05,-193470.38,65.33,,38.7,143941.04999999996,-216840.75,-24.3,-0.56,-0.33,0.0154,-0.02,31.0,16.0,4.0,12.0,25.0,221847.17,-94821.95,107.81,,61.69,433546.74999999994,-214677.75,-25.05,-0.02,-0.02,0.0121,-0.0
VTBR,ema,1D,Bayesian_TPE,40,0.018,39,117,True,7.88,0.161,0.231,72.13,22,27.27,True,"{""sampler"":""TPESampler"",""seed"":42,""n_trials"":50,""direction"":""maximize"",""objective"":""composite = Sharpe * (Return% / MaxDD%)""}","{""short_ema"":39,""long_ema"":117,""allowshort"":true}",2014-01-01,2024-12-31,2025-01-01,2026-04-20,2014-01-01,2026-04-20,22.0,22.0,6.0,16.0,27.27,231701.44,-81964.72,181.95,,72.13,395622.4999999999,-174541.94999999992,7.88,0.16,0.23,0.0173,0.0,5.0,5.0,2.0,3.0,40.0,50200.71,-194639.58,84.4,,64.11,90437.58,-279120.06,-48.35,-1.01,-0.89,0.0212,-0.03,27.0,27.0,8.0,19.0,29.63,175197.48,-99468.72,165.85,,74.21,395622.4999999999,-276516.28,-48.83,-0.04,-0.06,0.018,-0.0
VTBR,ema,1D,Bayesian_TPE,41,1.839,5,131,True,196.88,0.507,0.783,54.28,40,27.5,True,"{""sampler"":""TPESampler"",""seed"":42,""n_trials"":50,""direction"":""maximize"",""objective"":""composite = Sharpe * (Return% / MaxDD%)""}","{""short_ema"":5,""long_ema"":131,""allowshort"":true}",2014-01-01,2024-12-31,2025-01-01,2026-04-20,2014-01-01,2026-04-20,40.0,40.0,11.0,29.0,27.5,349567.64,-64705.97,100.1,,54.28,833904.0000000001,-168192.0,196.88,0.51,0.78,0.0166,0.02,7.0,7.0,1.0,6.0,14.29,148216.14,-60523.97,64.86,,42.89,148216.145,-119509.2399999999,-21.49,-0.24,-0.26,0.0221,-0.01,47.0,47.0,12.0,35.0,25.53,345772.32,-83189.11,95.3,,54.28,833904.0000000001,-340667.52999999974,123.76,0.37,0.52,0.0174,0.01
VTBR,ema,1D,Bayesian_TPE,42,4.432,5,151,True,323.3,0.631,0.981,46.03,34,38.24,True,"{""sampler"":""TPESampler"",""seed"":42,""n_trials"":50,""direction"":""maximize"",""objective"":""composite = Sharpe * (Return% / MaxDD%)""}","{""short_ema"":5,""long_ema"":151,""allowshort"":true}",2014-01-01,2024-12-31,2025-01-01,2026-04-20,2014-01-01,2026-04-20,34.0,34.0,13.0,21.0,38.24,381410.15,-82157.58,117.76,,46.03,1096383.925,-235696.0,323.3,0.63,0.98,0.0166,0.02,7.0,7.0,1.0,6.0,14.29,138879.12,-67202.3,64.43,,45.47,138879.125,-127131.0999999999,-26.43,-0.35,-0.38,0.022,-0.02,41.0,41.0,14.0,27.0,34.15,378777.14,-123925.85,109.24,,53.05,1096383.925,-510980.8999999996,195.69,0.45,0.63,0.0174,0.01
VTBR,ema,1D,Bayesian_TPE,43,1.062,10,152,True,129.51,0.419,0.641,51.11,28,28.57,True,"{""sampler"":""TPESampler"",""seed"":42,""n_trials"":50,""direction"":""maximize"",""objective"":""composite = Sharpe * (Return% / MaxDD%)""}","{""short_ema"":10,""long_ema"":152,""allowshort"":true}",2014-01-01,2024-12-31,2025-01-01,2026-04-20,2014-01-01,2026-04-20,28.0,28.0,8.0,20.0,28.57,332457.27,-68227.68,142.96,,51.11,656215.3500000001,-158340.0,129.51,0.42,0.64,0.0165,0.01,5.0,5.0,1.0,4.0,20.0,108853.5,-135261.96,85.2,,58.18,108853.5,-173846.25000000003,-43.22,-0.87,-0.81,0.0208,-0.03,33.0,33.0,9.0,24.0,27.27,289482.58,-102414.99,135.7,,68.13,656215.3500000001,-351315.37000000005,14.74,0.18,0.24,0.0172,0.0
VTBR,ema,1D,Bayesian_TPE,44,0.891,21,146,True,119.6,0.403,0.616,54.1,22,31.82,True,"{""sampler"":""TPESampler"",""seed"":42,""n_trials"":50,""direction"":""maximize"",""objective"":""composite = Sharpe * (Return% / MaxDD%)""}","{""short_ema"":21,""long_ema"":146,""allowshort"":true}",2014-01-01,2024-12-31,2025-01-01,2026-04-20,2014-01-01,2026-04-20,22.0,22.0,7.0,15.0,31.82,332073.37,-75235.8,181.95,,54.1,629777.4000000003,-177702.0,119.6,0.4,0.62,0.0166,0.01,5.0,5.0,1.0,4.0,20.0,98444.02,-134061.08,84.8,,57.38,98444.02499999998,-195978.63999999996,-43.78,-0.9,-0.83,0.0207,-0.03,27.0,27.0,8.0,19.0,29.63,289617.5,-115625.84,165.85,,65.12,629777.4000000003,-390438.6399999999,12.0,0.17,0.23,0.0173,0.0
VTBR,ema,1D,Bayesian_TPE,45,1.277,14,123,True,162.08,0.464,0.714,58.88,26,34.62,True,"{""sampler"":""TPESampler"",""seed"":42,""n_trials"":50,""direction"":""maximize"",""objective"":""composite = Sharpe * (Return% / MaxDD%)""}","{""short_ema"":14,""long_ema"":123,""allowshort"":true}",2014-01-01,2024-12-31,2025-01-01,2026-04-20,2014-01-01,2026-04-20,26.0,26.0,9.0,17.0,34.62,319421.02,-73766.71,153.96,,58.88,641571.6,-152759.19999999995,162.08,0.46,0.71,0.0166,0.01,7.0,7.0,1.0,6.0,14.29,104263.39,-91998.48,63.71,,59.01,104263.39,-164392.07999999993,-44.77,-0.85,-0.84,0.0221,-0.03,33.0,33.0,10.0,23.0,30.3,305927.35,-115493.37,135.7,,64.03,641571.6,-417648.83999999985,40.29,0.24,0.32,0.0175,0.01
VTBR,ema,1D,Bayesian_TPE,46,2.063,8,159,True,189.07,0.502,0.768,46.0,30,36.67,True,"{""sampler"":""TPESampler"",""seed"":42,""n_trials"":50,""direction"":""maximize"",""objective"":""composite = Sharpe * (Return% / MaxDD%)""}","{""short_ema"":8,""long_ema"":159,""allowshort"":true}",2014-01-01,2024-12-31,2025-01-01,2026-04-20,2014-01-01,2026-04-20,30.0,30.0,11.0,19.0,36.67,301043.51,-74779.63,133.47,,46.0,799601.7750000003,-136643.92499999993,189.07,0.5,0.77,0.0163,0.02,5.0,5.0,1.0,4.0,20.0,139980.75,-102444.76,85.2,,46.29,139980.75,-173846.25000000003,-26.98,-0.42,-0.42,0.0206,-0.02,35.0,35.0,12.0,23.0,34.29,276261.54,-107010.24,127.97,,57.59,799601.7750000003,-441389.19000000006,85.39,0.32,0.43,0.017,0.01
VTBR,ema,1D,Bayesian_TPE,47,-0.006,99,150,False,-14.23,0.023,0.021,54.46,7,28.57,False,"{""sampler"":""TPESampler"",""seed"":42,""n_trials"":50,""direction"":""maximize"",""objective"":""composite = Sharpe * (Return% / MaxDD%)""}","{""short_ema"":99,""long_ema"":150,""allowshort"":false}",2014-01-01,2024-12-31,2025-01-01,2026-04-20,2014-01-01,2026-04-20,14.0,7.0,2.0,5.0,28.57,208406.55,-111830.66,219.0,,54.46,321987.6000000001,-275842.57499999984,-14.23,0.02,0.02,0.0121,0.0,3.0,2.0,1.0,1.0,50.0,97831.11,-190525.46,67.0,,32.27,97831.10999999994,-190525.46,-9.27,-0.15,-0.07,0.0139,-0.01,17.0,9.0,3.0,6.0,33.33,166904.21,-120428.23,185.22,,59.16,321987.6000000001,-275842.57499999984,-22.19,-0.0,-0.0,0.0124,-0.0
VTBR,ema,1D,Bayesian_TPE,48,0.259,72,139,True,60.44,0.292,0.409,68.08,14,50.0,True,"{""sampler"":""TPESampler"",""seed"":42,""n_trials"":50,""direction"":""maximize"",""objective"":""composite = Sharpe * (Return% / MaxDD%)""}","{""short_ema"":72,""long_ema"":139,""allowshort"":true}",2014-01-01,2024-12-31,2025-01-01,2026-04-20,2014-01-01,2026-04-20,14.0,14.0,7.0,7.0,50.0,264358.8,-178010.26,285.93,,68.08,470810.00000000023,-487253.8000000003,60.44,0.29,0.41,0.0179,0.01,3.0,3.0,1.0,2.0,33.33,126085.9,-74349.66,115.67,,32.27,126085.90499999994,-146855.94000000003,-2.26,0.08,0.07,0.016,0.0,17.0,17.0,8.0,9.0,47.06,230241.69,-161868.35,263.41,,68.08,470810.00000000023,-487253.8000000003,38.51,0.23,0.31,0.018,0.01
VTBR,ema,1D,Bayesian_TPE,49,1.339,5,166,True,152.19,0.455,0.691,51.73,42,28.57,True,"{""sampler"":""TPESampler"",""seed"":42,""n_trials"":50,""direction"":""maximize"",""objective"":""composite = Sharpe * (Return% / MaxDD%)""}","{""short_ema"":5,""long_ema"":166,""allowshort"":true}",2014-01-01,2024-12-31,2025-01-01,2026-04-20,2014-01-01,2026-04-20,42.0,42.0,12.0,30.0,28.57,281581.34,-61901.83,95.33,,51.73,736035.6750000003,-175805.5000000001,152.19,0.45,0.69,0.0163,0.01,5.0,5.0,1.0,4.0,20.0,139856.26,-99756.53,85.2,,45.09,139856.255,-166151.25000000012,-25.92,-0.39,-0.39,0.0206,-0.02,47.0,47.0,13.0,34.0,27.66,260146.79,-80615.43,95.3,,58.91,736035.6750000003,-368043.4800000002,64.1,0.28,0.38,0.017,0.01
SBER,ema,1D,Bayesian_TPE,0,0.372,40,193,True,77.23,0.325,0.465,67.44,20,30.0,True,"{""sampler"":""TPESampler"",""seed"":42,""n_trials"":50,""direction"":""maximize"",""objective"":""composite = Sharpe * (Return% / MaxDD%)""}","{""short_ema"":40,""long_ema"":193,""allowshort"":true}",2014-01-01,2024-12-31,2025-01-01,2026-04-20,2014-01-01,2026-04-20,20.0,20.0,6.0,14.0,30.0,387655.07,-110976.28,200.2,,67.44,731812.5499999999,-292659.8500000001,77.23,0.33,0.47,0.0179,0.01,5.0,5.0,2.0,3.0,40.0,52429.73,-31039.28,88.6,,19.61,65819.94999999998,-47232.119999999966,1.17,0.13,0.17,0.0115,0.01,25.0,25.0,8.0,17.0,32.0,313853.29,-101582.47,179.16,,67.44,731812.5499999999,-292659.8500000001,78.39,0.3,0.43,0.0172,0.01
SBER,ema,1D,Bayesian_TPE,1,6.166,19,73,False,293.82,0.71,0.776,33.83,19,31.58,False,"{""sampler"":""TPESampler"",""seed"":42,""n_trials"":50,""direction"":""maximize"",""objective"":""composite = Sharpe * (Return% / MaxDD%)""}","{""short_ema"":19,""long_ema"":73,""allowshort"":false}",2014-01-01,2024-12-31,2025-01-01,2026-04-20,2014-01-01,2026-04-20,37.0,19.0,6.0,12.0,31.58,603763.15,-57029.67,133.63,,33.83,2047015.62,-132634.4000000001,293.82,0.71,0.78,0.013,0.03,6.0,3.0,1.0,2.0,33.33,64232.0,-28702.34,53.67,,7.26,64232.00000000009,-29509.479999999985,0.68,0.1,0.1,0.0034,0.0,43.0,22.0,8.0,14.0,36.36,529195.03,-66410.26,132.36,,33.83,2047015.62,-132634.4000000001,330.38,0.68,0.75,0.0127,0.03
SBER,ema,1D,Bayesian_TPE,2,2.208,62,156,False,184.84,0.546,0.586,45.7,8,50.0,False,"{""sampler"":""TPESampler"",""seed"":42,""n_trials"":50,""direction"":""maximize"",""objective"":""composite = Sharpe * (Return% / MaxDD%)""}","{""short_ema"":62,""long_ema"":156,""allowshort"":false}",2014-01-01,2024-12-31,2025-01-01,2026-04-20,2014-01-01,2026-04-20,16.0,8.0,4.0,4.0,50.0,639501.92,-177397.98,319.5,,45.7,1031524.48,-293961.9800000001,184.84,0.55,0.59,0.0138,0.02,3.0,2.0,1.0,1.0,50.0,56933.82,-22066.0,158.0,,13.87,56933.820000000014,-22066.00000000003,3.49,0.21,0.24,0.0097,0.01,19.0,10.0,5.0,5.0,50.0,544042.73,-154490.81,287.2,,45.7,1031524.48,-293961.9800000001,194.78,0.51,0.55,0.0134,0.01
SBER,ema,1D,Bayesian_TPE,4,6.788,22,77,False,337.44,0.755,0.823,37.53,15,40.0,False,"{""sampler"":""TPESampler"",""seed"":42,""n_trials"":50,""direction"":""maximize"",""objective"":""composite = Sharpe * (Return% / MaxDD%)""}","{""short_ema"":22,""long_ema"":77,""allowshort"":false}",2014-01-01,2024-12-31,2025-01-01,2026-04-20,2014-01-01,2026-04-20,30.0,15.0,6.0,9.0,40.0,673058.48,-73768.13,166.93,,37.53,2289841.3200000003,-114723.50000000004,337.44,0.76,0.82,0.013,0.03,9.0,5.0,2.0,3.0,40.0,96576.75,-23474.19,75.8,,13.49,120107.09999999996,-32508.060000000063,12.27,0.52,0.65,0.01,0.04,39.0,20.0,8.0,12.0,40.0,610411.35,-81001.02,144.15,,37.53,2289841.3200000003,-142225.07000000027,391.13,0.73,0.8,0.0127,0.02
SBER,ema,1D,Bayesian_TPE,5,3.462,46,93,True,332.51,0.611,0.884,58.68,18,50.0,True,"{""sampler"":""TPESampler"",""seed"":42,""n_trials"":50,""direction"":""maximize"",""objective"":""composite = Sharpe * (Return% / MaxDD%)""}","{""short_ema"":46,""long_ema"":93,""allowshort"":true}",2014-01-01,2024-12-31,2025-01-01,2026-04-20,2014-01-01,2026-04-20,18.0,18.0,9.0,9.0,50.0,579317.75,-209861.59,222.44,,58.68,2185961.8900000006,-385985.5999999999,332.51,0.61,0.88,0.018,0.02,5.0,5.0,2.0,3.0,40.0,78052.35,-20329.43,90.8,,13.77,84854.34000000005,-27174.399999999896,9.51,0.4,0.52,0.0114,0.03,23.0,23.0,11.0,12.0,47.83,537299.98,-179473.1,194.74,,58.68,2185961.8900000006,-385985.5999999999,375.66,0.59,0.84,0.0173,0.02
SBER,ema,1D,Bayesian_TPE,6,6.483,33,105,False,320.56,0.724,0.775,35.8,10,50.0,False,"{""sampler"":""TPESampler"",""seed"":42,""n_trials"":50,""direction"":""maximize"",""objective"":""composite = Sharpe * (Return% / MaxDD%)""}","{""short_ema"":33,""long_ema"":105,""allowshort"":false}",2014-01-01,2024-12-31,2025-01-01,2026-04-20,2014-01-01,2026-04-20,20.0,10.0,5.0,5.0,50.0,772813.41,-131683.74,251.3,,35.8,2174864.94,-275928.6000000001,320.56,0.72,0.77,0.0134,0.03,5.0,3.0,2.0,1.0,66.67,71095.8,-27926.88,125.33,,13.49,72497.02999999998,-27926.879999999896,11.43,0.5,0.62,0.0099,0.04,25.0,13.0,7.0,6.0,53.85,637445.68,-129316.08,222.23,,35.8,2174864.94,-275928.6000000001,368.62,0.7,0.76,0.013,0.03
SBER,ema,1D,Bayesian_TPE,7,1.929,24,127,True,215.09,0.511,0.73,56.99,22,40.91,True,"{""sampler"":""TPESampler"",""seed"":42,""n_trials"":50,""direction"":""maximize"",""objective"":""composite = Sharpe * (Return% / MaxDD%)""}","{""short_ema"":24,""long_ema"":127,""allowshort"":true}",2014-01-01,2024-12-31,2025-01-01,2026-04-20,2014-01-01,2026-04-20,22.0,22.0,9.0,13.0,40.91,402442.68,-113160.5,182.0,,56.99,1560394.55,-186304.1600000001,215.09,0.51,0.73,0.0178,0.02,5.0,5.0,2.0,3.0,40.0,69543.53,-20009.08,92.0,,14.53,78427.34999999996,-29859.33000000003,7.91,0.35,0.47,0.0114,0.03,27.0,27.0,11.0,16.0,40.74,368661.22,-103749.33,165.89,,56.99,1560394.55,-186304.1600000001,239.53,0.49,0.7,0.0172,0.01
SBER,ema,1D,Bayesian_TPE,8,4.422,63,75,False,286.05,0.681,0.721,44.05,9,55.56,False,"{""sampler"":""TPESampler"",""seed"":42,""n_trials"":50,""direction"":""maximize"",""objective"":""composite = Sharpe * (Return% / MaxDD%)""}","{""short_ema"":63,""long_ema"":75,""allowshort"":false}",2014-01-01,2024-12-31,2025-01-01,2026-04-20,2014-01-01,2026-04-20,18.0,9.0,5.0,4.0,55.56,762445.78,-237930.74,281.0,,44.05,1924825.68,-602379.5399999999,286.05,0.68,0.72,0.0136,0.02,5.0,3.0,2.0,1.0,66.67,74465.47,-34899.84,120.0,,13.49,76455.04,-34899.83999999993,11.4,0.5,0.61,0.0098,0.04,23.0,12.0,7.0,5.0,58.33,626751.55,-217292.37,240.75,,44.05,1924825.68,-602379.5399999999,330.08,0.66,0.71,0.0131,0.02
SBER,ema,1D,Bayesian_TPE,9,0.35,97,172,True,78.93,0.326,0.463,73.45,12,33.33,True,"{""sampler"":""TPESampler"",""seed"":42,""n_trials"":50,""direction"":""maximize"",""objective"":""composite = Sharpe * (Return% / MaxDD%)""}","{""short_ema"":97,""long_ema"":172,""allowshort"":true}",2014-01-01,2024-12-31,2025-01-01,2026-04-20,2014-01-01,2026-04-20,12.0,12.0,4.0,8.0,33.33,674392.82,-238530.69,333.67,,73.45,1857792.5,-474674.90000000014,78.93,0.33,0.46,0.0187,0.01,3.0,3.0,1.0,2.0,33.33,48999.54,-79220.02,141.67,,21.12,48999.540000000015,-88916.84999999995,-10.94,-0.32,-0.38,0.0108,-0.02,15.0,15.0,5.0,10.0,33.33,554567.94,-240473.1,298.6,,73.45,1857792.5,-474674.90000000014,36.81,0.23,0.32,0.018,0.01
SBER,ema,1D,Bayesian_TPE,10,13.222,7,50,False,487.87,0.896,1.061,33.06,34,44.12,False,"{""sampler"":""TPESampler"",""seed"":42,""n_trials"":50,""direction"":""maximize"",""objective"":""composite = Sharpe * (Return% / MaxDD%)""}","{""short_ema"":7,""long_ema"":50,""allowshort"":false}",2014-01-01,2024-12-31,2025-01-01,2026-04-20,2014-01-01,2026-04-20,67.0,34.0,15.0,19.0,44.12,410335.45,-67177.37,73.35,,33.06,2485578.9,-297027.7199999999,487.87,0.9,1.06,0.0128,0.03,20.0,10.0,2.0,8.0,20.0,26236.21,-20256.68,23.1,,19.12,52051.590000000026,-43742.60000000006,-10.96,-0.66,-0.55,0.0063,-0.02,87.0,44.0,17.0,27.0,38.64,387921.15,-83308.44,64.09,,33.06,2485578.9,-297027.7199999999,434.53,0.77,0.91,0.0124,0.03
SBER,ema,1D,Bayesian_TPE,11,9.402,5,52,False,443.17,0.842,0.915,39.69,37,45.95,False,"{""sampler"":""TPESampler"",""seed"":42,""n_trials"":50,""direction"":""maximize"",""objective"":""composite = Sharpe * (Return% / MaxDD%)""}","{""short_ema"":5,""long_ema"":52,""allowshort"":false}",2014-01-01,2024-12-31,2025-01-01,2026-04-20,2014-01-01,2026-04-20,73.0,37.0,17.0,20.0,45.95,351471.59,-77164.97,67.76,,39.69,2338829.46,-359882.23999999993,443.17,0.84,0.92,0.0132,0.03,20.0,10.0,3.0,7.0,30.0,24872.76,-20437.45,22.8,,15.38,54463.32000000003,-42975.60000000008,-6.84,-0.39,-0.32,0.0062,-0.02,93.0,47.0,20.0,27.0,42.55,342686.18,-88276.71,60.19,,39.69,2338829.46,-359882.23999999993,447.03,0.77,0.84,0.0127,0.02
SBER,ema,1D,Bayesian_TPE,12,17.097,6,50,False,537.33,0.931,1.105,29.26,35,48.57,False,"{""sampler"":""TPESampler"",""seed"":42,""n_trials"":50,""direction"":""maximize"",""objective"":""composite = Sharpe * (Return% / MaxDD%)""}","{""short_ema"":6,""long_ema"":50,""allowshort"":false}",2014-01-01,2024-12-31,2025-01-01,2026-04-20,2014-01-01,2026-04-20,69.0,35.0,17.0,18.0,48.57,387219.04,-67190.81,71.46,,29.26,2688571.55,-225035.12000000017,537.33,0.93,1.11,0.0129,0.04,20.0,10.0,3.0,7.0,30.0,20546.32,-23600.15,23.0,,18.57,52412.40000000002,-43742.60000000006,-10.36,-0.62,-0.51,0.0062,-0.02,89.0,45.0,20.0,25.0,44.44,376214.98,-93913.63,62.78,,29.26,2688571.55,-301426.28000000044,517.65,0.83,0.98,0.0124,0.04
SBER,ema,1D,Bayesian_TPE,13,9.402,5,52,False,443.17,0.842,0.915,39.69,37,45.95,False,"{""sampler"":""TPESampler"",""seed"":42,""n_trials"":50,""direction"":""maximize"",""objective"":""composite = Sharpe * (Return% / MaxDD%)""}","{""short_ema"":5,""long_ema"":52,""allowshort"":false}",2014-01-01,2024-12-31,2025-01-01,2026-04-20,2014-01-01,2026-04-20,73.0,37.0,17.0,20.0,45.95,351471.59,-77164.97,67.76,,39.69,2338829.46,-359882.23999999993,443.17,0.84,0.92,0.0132,0.03,20.0,10.0,3.0,7.0,30.0,24872.76,-20437.45,22.8,,15.38,54463.32000000003,-42975.60000000008,-6.84,-0.39,-0.32,0.0062,-0.02,93.0,47.0,20.0,27.0,42.55,342686.18,-88276.71,60.19,,39.69,2338829.46,-359882.23999999993,447.03,0.77,0.84,0.0127,0.02
SBER,ema,1D,Bayesian_TPE,14,8.884,13,115,False,362.73,0.782,0.845,31.93,16,37.5,False,"{""sampler"":""TPESampler"",""seed"":42,""n_trials"":50,""direction"":""maximize"",""objective"":""composite = Sharpe * (Return% / MaxDD%)""}","{""short_ema"":13,""long_ema"":115,""allowshort"":false}",2014-01-01,2024-12-31,2025-01-01,2026-04-20,2014-01-01,2026-04-20,31.0,16.0,6.0,9.0,37.5,700498.94,-63970.24,156.25,,31.93,2408030.1,-125303.36000000007,362.73,0.78,0.85,0.013,0.03,4.0,2.0,1.0,1.0,50.0,66117.52,-29580.17,67.5,,4.05,66117.52000000009,-29580.17000000005,3.65,0.46,0.42,0.0031,0.04,35.0,18.0,8.0,10.0,44.44,616742.29,-72443.47,160.61,,31.93,2408030.1,-148702.53000000023,420.95,0.75,0.83,0.0127,0.03
SBER,ema,1D,Bayesian_TPE,15,5.671,33,136,False,300.0,0.703,0.757,37.19,9,55.56,False,"{""sampler"":""TPESampler"",""seed"":42,""n_trials"":50,""direction"":""maximize"",""objective"":""composite = Sharpe * (Return% / MaxDD%)""}","{""short_ema"":33,""long_ema"":136,""allowshort"":false}",2014-01-01,2024-12-31,2025-01-01,2026-04-20,2014-01-01,2026-04-20,18.0,9.0,5.0,4.0,55.56,746514.51,-183143.9,281.44,,37.19,1828296.3599999996,-389069.79999999993,300.0,0.7,0.76,0.0134,0.03,5.0,3.0,2.0,1.0,66.67,53367.62,-27844.72,121.33,,13.93,60659.71999999997,-27844.720000000023,7.89,0.37,0.46,0.0099,0.03,23.0,12.0,7.0,5.0,58.33,594221.79,-168797.44,241.42,,37.19,1828296.3599999996,-389069.79999999993,331.56,0.67,0.73,0.013,0.02
SBER,ema,1D,Bayesian_TPE,17,7.155,13,98,False,330.02,0.753,0.813,34.73,20,35.0,False,"{""sampler"":""TPESampler"",""seed"":42,""n_trials"":50,""direction"":""maximize"",""objective"":""composite = Sharpe * (Return% / MaxDD%)""}","{""short_ema"":13,""long_ema"":98,""allowshort"":false}",2014-01-01,2024-12-31,2025-01-01,2026-04-20,2014-01-01,2026-04-20,39.0,20.0,7.0,13.0,35.0,559920.88,-47630.84,125.45,,34.73,2201815.21,-135389.5,330.02,0.75,0.81,0.0129,0.03,8.0,4.0,1.0,3.0,25.0,64667.12,-16953.03,42.25,,7.91,64667.12000000008,-28933.360000000044,1.38,0.18,0.17,0.0036,0.01,47.0,24.0,8.0,16.0,33.33,576965.18,-53620.22,120.46,,34.73,2201815.21,-135811.8800000002,375.78,0.72,0.79,0.0126,0.03
SBER,ema,1D,Bayesian_TPE,18,5.963,31,64,False,330.7,0.746,0.813,41.37,15,33.33,False,"{""sampler"":""TPESampler"",""seed"":42,""n_trials"":50,""direction"":""maximize"",""objective"":""composite = Sharpe * (Return% / MaxDD%)""}","{""short_ema"":31,""long_ema"":64,""allowshort"":false}",2014-01-01,2024-12-31,2025-01-01,2026-04-20,2014-01-01,2026-04-20,30.0,15.0,5.0,10.0,33.33,792747.59,-65676.27,167.2,,41.37,2290966.1999999997,-140195.30000000002,330.7,0.75,0.81,0.0131,0.02,7.0,4.0,2.0,2.0,50.0,94946.28,-27898.75,94.75,,13.49,108773.40000000008,-32185.010000000064,13.41,0.56,0.7,0.01,0.04,37.0,19.0,7.0,12.0,36.84,683099.4,-74757.98,151.95,,41.37,2290966.1999999997,-140195.30000000002,388.46,0.72,0.8,0.0128,0.02
SBER,ema,1D,Bayesian_TPE,19,3.555,51,147,False,243.61,0.626,0.676,42.9,7,57.14,False,"{""sampler"":""TPESampler"",""seed"":42,""n_trials"":50,""direction"":""maximize"",""objective"":""composite = Sharpe * (Return% / MaxDD%)""}","{""short_ema"":51,""long_ema"":147,""allowshort"":false}",2014-01-01,2024-12-31,2025-01-01,2026-04-20,2014-01-01,2026-04-20,14.0,7.0,4.0,3.0,57.14,755153.99,-194825.38,365.0,,42.9,1407892.4400000004,-327617.78,243.61,0.63,0.68,0.0138,0.02,7.0,4.0,2.0,2.0,50.0,56056.22,-13510.01,85.5,,14.8,61908.72999999991,-14248.499999999984,8.51,0.4,0.47,0.0099,0.03,21.0,11.0,6.0,5.0,54.55,567649.31,-135465.64,263.36,,42.9,1407892.4400000004,-327617.78,272.86,0.6,0.65,0.0133,0.02
SBER,ema,1D,Bayesian_TPE,20,1.617,13,88,True,185.3,0.482,0.695,55.22,39,33.33,True,"{""sampler"":""TPESampler"",""seed"":42,""n_trials"":50,""direction"":""maximize"",""objective"":""composite = Sharpe * (Return% / MaxDD%)""}","{""short_ema"":13,""long_ema"":88,""allowshort"":true}",2014-01-01,2024-12-31,2025-01-01,2026-04-20,2014-01-01,2026-04-20,39.0,39.0,13.0,26.0,33.33,252749.53,-55103.87,102.67,,55.22,1387510.66,-132916.0000000001,185.3,0.48,0.7,0.0176,0.02,8.0,8.0,2.0,6.0,25.0,32394.62,-22466.57,32.88,,13.91,59321.36000000008,-48366.99000000005,-7.0,-0.38,-0.36,0.0065,-0.02,47.0,47.0,15.0,32.0,31.91,248675.75,-57817.81,95.3,,55.22,1387510.66,-149780.70000000016,188.0,0.45,0.64,0.0169,0.01
SBER,ema,1D,Bayesian_TPE,21,4.572,7,62,False,287.98,0.697,0.755,43.9,31,41.94,False,"{""sampler"":""TPESampler"",""seed"":42,""n_trials"":50,""direction"":""maximize"",""objective"":""composite = Sharpe * (Return% / MaxDD%)""}","{""short_ema"":7,""long_ema"":62,""allowshort"":false}",2014-01-01,2024-12-31,2025-01-01,2026-04-20,2014-01-01,2026-04-20,61.0,31.0,13.0,18.0,41.94,338541.66,-84514.03,81.61,,43.9,1727156.4799999995,-317400.14999999997,287.98,0.7,0.75,0.0132,0.02,18.0,9.0,2.0,7.0,22.22,35819.47,-16052.48,27.22,,15.97,64523.05000000007,-26451.529999999915,-4.07,-0.19,-0.17,0.0066,-0.01,79.0,40.0,15.0,25.0,37.5,317809.63,-78659.63,71.75,,43.9,1727156.4799999995,-317400.14999999997,280.07,0.63,0.68,0.0128,0.02
SBER,ema,1D,Bayesian_TPE,22,6.482,6,62,False,368.06,0.779,0.844,44.23,32,46.88,False,"{""sampler"":""TPESampler"",""seed"":42,""n_trials"":50,""direction"":""maximize"",""objective"":""composite = Sharpe * (Return% / MaxDD%)""}","{""short_ema"":6,""long_ema"":62,""allowshort"":false}",2014-01-01,2024-12-31,2025-01-01,2026-04-20,2014-01-01,2026-04-20,63.0,32.0,15.0,17.0,46.88,346669.17,-89381.51,78.81,,44.23,1953192.88,-347368.52999999997,368.06,0.78,0.84,0.0132,0.02,20.0,10.0,2.0,8.0,20.0,30553.34,-16964.0,24.6,,16.83,54102.510000000024,-39706.519999999975,-7.46,-0.39,-0.35,0.0067,-0.02,83.0,42.0,17.0,25.0,40.48,328901.63,-86729.01,68.17,,44.23,1953192.88,-347368.52999999997,342.31,0.68,0.74,0.0128,0.02
SBER,ema,1D,Bayesian_TPE,23,2.728,21,50,False,190.5,0.571,0.61,39.87,21,42.86,False,"{""sampler"":""TPESampler"",""seed"":42,""n_trials"":50,""direction"":""maximize"",""objective"":""composite = Sharpe * (Return% / MaxDD%)""}","{""short_ema"":21,""long_ema"":50,""allowshort"":false}",2014-01-01,2024-12-31,2025-01-01,2026-04-20,2014-01-01,2026-04-20,41.0,21.0,9.0,12.0,42.86,319105.36,-80582.8,119.62,,39.87,1329462.1,-284693.83000000013,190.5,0.57,0.61,0.0132,0.02,10.0,5.0,1.0,4.0,20.0,62367.2,-21159.53,51.8,,11.18,62367.20000000008,-43387.100000000035,-2.23,-0.08,-0.07,0.0065,-0.0,51.0,26.0,10.0,16.0,38.46,308187.33,-75948.02,110.38,,39.87,1329462.1,-284693.83000000013,186.67,0.51,0.55,0.0128,0.02
SBER,ema,1D,Bayesian_TPE,24,5.298,16,65,False,266.26,0.674,0.722,33.87,22,45.45,False,"{""sampler"":""TPESampler"",""seed"":42,""n_trials"":50,""direction"":""maximize"",""objective"":""composite = Sharpe * (Return% / MaxDD%)""}","{""short_ema"":16,""long_ema"":65,""allowshort"":false}",2014-01-01,2024-12-31,2025-01-01,2026-04-20,2014-01-01,2026-04-20,43.0,22.0,10.0,12.0,45.45,346088.75,-66521.14,115.0,,33.87,1712849.6199999996,-200234.15999999983,266.26,0.67,0.72,0.0131,0.03,8.0,4.0,1.0,3.0,25.0,64646.4,-17082.86,65.5,,12.57,64646.40000000008,-27040.940000000013,1.34,0.13,0.12,0.0068,0.01,51.0,26.0,11.0,15.0,42.31,339451.9,-65849.6,111.19,,33.87,1712849.6199999996,-200234.15999999983,274.62,0.62,0.67,0.0127,0.02
SBER,ema,1D,Bayesian_TPE,25,5.428,30,108,False,284.75,0.686,0.732,35.99,11,45.45,False,"{""sampler"":""TPESampler"",""seed"":42,""n_trials"":50,""direction"":""maximize"",""objective"":""composite = Sharpe * (Return% / MaxDD%)""}","{""short_ema"":30,""long_ema"":108,""allowshort"":false}",2014-01-01,2024-12-31,2025-01-01,2026-04-20,2014-01-01,2026-04-20,22.0,11.0,5.0,6.0,45.45,708227.76,-115612.43,228.0,,35.99,1967433.75,-251188.2000000001,284.75,0.69,0.73,0.0134,0.03,5.0,3.0,2.0,1.0,66.67,76522.74,-21493.87,125.33,,13.49,80856.98999999999,-21493.869999999977,13.16,0.56,0.7,0.0099,0.04,27.0,14.0,7.0,7.0,50.0,590004.05,-110910.32,206.0,,35.99,1967433.75,-251188.2000000001,335.37,0.67,0.72,0.013,0.02
SBER,ema,1D,Bayesian_TPE,26,6.127,5,69,False,333.05,0.748,0.813,40.66,34,38.24,False,"{""sampler"":""TPESampler"",""seed"":42,""n_trials"":50,""direction"":""maximize"",""objective"":""composite = Sharpe * (Return% / MaxDD%)""}","{""short_ema"":5,""long_ema"":69,""allowshort"":false}",2014-01-01,2024-12-31,2025-01-01,2026-04-20,2014-01-01,2026-04-20,67.0,34.0,13.0,21.0,38.24,354998.69,-61166.04,74.79,,40.66,1956079.4500000004,-268662.90000000026,333.05,0.75,0.81,0.0131,0.02,22.0,11.0,3.0,8.0,27.27,18982.91,-16452.22,22.73,,17.95,54102.510000000024,-40135.84999999997,-7.47,-0.39,-0.35,0.0067,-0.01,89.0,45.0,16.0,29.0,35.56,309911.65,-64366.05,64.18,,40.66,1956079.4500000004,-268662.90000000026,309.2,0.66,0.71,0.0127,0.02
SBER,ema,1D,Bayesian_TPE,28,7.763,26,89,False,359.11,0.772,0.832,35.71,14,35.71,False,"{""sampler"":""TPESampler"",""seed"":42,""n_trials"":50,""direction"":""maximize"",""objective"":""composite = Sharpe * (Return% / MaxDD%)""}","{""short_ema"":26,""long_ema"":89,""allowshort"":false}",2014-01-01,2024-12-31,2025-01-01,2026-04-20,2014-01-01,2026-04-20,28.0,14.0,5.0,9.0,35.71,848781.83,-72536.53,178.86,,35.71,2477836.6799999997,-126363.15000000013,359.11,0.77,0.83,0.0131,0.03,5.0,3.0,2.0,1.0,66.67,95976.37,-34116.17,128.33,,13.49,116624.29999999996,-34116.17000000002,15.78,0.64,0.81,0.0101,0.05,33.0,17.0,7.0,10.0,41.18,732172.81,-80949.51,169.94,,35.71,2477836.6799999997,-156666.40000000008,431.57,0.76,0.83,0.0128,0.03
SBER,ema,1D,Bayesian_TPE,29,1.233,12,191,True,165.27,0.458,0.665,61.41,28,28.57,True,"{""sampler"":""TPESampler"",""seed"":42,""n_trials"":50,""direction"":""maximize"",""objective"":""composite = Sharpe * (Return% / MaxDD%)""}","{""short_ema"":12,""long_ema"":191,""allowshort"":true}",2014-01-01,2024-12-31,2025-01-01,2026-04-20,2014-01-01,2026-04-20,28.0,28.0,8.0,20.0,28.57,368933.55,-64938.84,143.0,,61.41,1211312.9600000002,-145051.19999999998,165.27,0.46,0.67,0.0176,0.01,5.0,5.0,2.0,3.0,40.0,65508.6,-28890.23,93.2,,18.12,66614.80000000009,-42814.60000000005,4.43,0.24,0.31,0.0117,0.02,33.0,33.0,10.0,23.0,30.3,332396.97,-66549.06,135.73,,61.41,1211312.9600000002,-145051.19999999998,179.33,0.44,0.63,0.0169,0.01
SBER,ema,1D,Bayesian_TPE,30,4.275,45,82,False,269.0,0.668,0.714,42.03,11,45.45,False,"{""sampler"":""TPESampler"",""seed"":42,""n_trials"":50,""direction"":""maximize"",""objective"":""composite = Sharpe * (Return% / MaxDD%)""}","{""short_ema"":45,""long_ema"":82,""allowshort"":false}",2014-01-01,2024-12-31,2025-01-01,2026-04-20,2014-01-01,2026-04-20,22.0,11.0,5.0,6.0,45.45,705033.41,-139196.48,226.91,,42.03,1883152.0,-292452.93,269.0,0.67,0.71,0.0134,0.02,5.0,3.0,2.0,1.0,66.67,80516.37,-9292.4,125.33,,13.49,82373.58000000006,-9292.399999999878,15.17,0.63,0.77,0.0099,0.05,27.0,14.0,7.0,7.0,50.0,588492.69,-124210.41,205.14,,42.03,1883152.0,-292452.93,325.0,0.66,0.71,0.013,0.02
SBER,ema,1D,Bayesian_TPE,31,19.154,5,51,False,587.91,0.965,1.144,29.62,36,50.0,False,"{""sampler"":""TPESampler"",""seed"":42,""n_trials"":50,""direction"":""maximize"",""objective"":""composite = Sharpe * (Return% / MaxDD%)""}","{""short_ema"":5,""long_ema"":51,""allowshort"":false}",2014-01-01,2024-12-31,2025-01-01,2026-04-20,2014-01-01,2026-04-20,71.0,36.0,18.0,18.0,50.0,395787.17,-69172.21,69.64,,29.62,3003792.16,-236023.7000000002,587.91,0.97,1.14,0.0129,0.04,20.0,10.0,3.0,7.0,30.0,21943.59,-20319.94,22.7,,16.11,54007.56000000003,-42593.28000000007,-7.64,-0.45,-0.37,0.0061,-0.02,91.0,46.0,21.0,25.0,45.65,389123.78,-92122.75,61.48,,29.62,3003792.16,-316858.32000000053,586.85,0.88,1.03,0.0124,0.04
SBER,ema,1D,Bayesian_TPE,32,4.507,18,58,False,244.39,0.647,0.694,35.08,21,38.1,False,"{""sampler"":""TPESampler"",""seed"":42,""n_trials"":50,""direction"":""maximize"",""objective"":""composite = Sharpe * (Return% / MaxDD%)""}","{""short_ema"":18,""long_ema"":58,""allowshort"":false}",2014-01-01,2024-12-31,2025-01-01,2026-04-20,2014-01-01,2026-04-20,41.0,21.0,8.0,13.0,38.1,410544.44,-64646.73,119.86,,35.08,1559980.75,-219373.35999999996,244.39,0.65,0.69,0.0131,0.02,10.0,5.0,1.0,4.0,20.0,64874.32,-11973.42,51.8,,11.31,64874.32000000009,-21745.01999999997,1.7,0.15,0.14,0.0067,0.01,51.0,26.0,9.0,17.0,34.62,393548.35,-59229.61,110.58,,35.08,1559980.75,-219373.35999999996,253.5,0.6,0.65,0.0127,0.02
SBER,ema,1D,Bayesian_TPE,33,3.653,9,69,False,225.91,0.621,0.668,38.4,29,37.93,False,"{""sampler"":""TPESampler"",""seed"":42,""n_trials"":50,""direction"":""maximize"",""objective"":""composite = Sharpe * (Return% / MaxDD%)""}","{""short_ema"":9,""long_ema"":69,""allowshort"":false}",2014-01-01,2024-12-31,2025-01-01,2026-04-20,2014-01-01,2026-04-20,57.0,29.0,11.0,18.0,37.93,315125.72,-67073.83,87.62,,38.4,1509155.1000000003,-248637.66999999995,225.91,0.62,0.67,0.0132,0.02,12.0,6.0,2.0,4.0,33.33,33069.62,-16748.77,44.17,,11.4,64995.87999999998,-24464.05000000002,-0.09,0.05,0.05,0.0067,0.0,69.0,35.0,13.0,22.0,37.14,288537.63,-65001.07,82.91,,38.4,1509155.1000000003,-248637.66999999995,232.1,0.57,0.62,0.0128,0.02
SBER,ema,1D,Bayesian_TPE,34,5.18,18,74,False,269.48,0.682,0.744,35.48,19,36.84,False,"{""sampler"":""TPESampler"",""seed"":42,""n_trials"":50,""direction"":""maximize"",""objective"":""composite = Sharpe * (Return% / MaxDD%)""}","{""short_ema"":18,""long_ema"":74,""allowshort"":false}",2014-01-01,2024-12-31,2025-01-01,2026-04-20,2014-01-01,2026-04-20,37.0,19.0,7.0,12.0,36.84,486319.91,-59116.17,133.84,,35.48,1875170.69,-132634.4000000001,269.48,0.68,0.74,0.013,0.03,6.0,3.0,1.0,2.0,33.33,64004.08,-30341.38,53.33,,7.58,64004.08000000008,-31173.279999999955,0.33,0.06,0.06,0.0034,0.0,43.0,22.0,8.0,14.0,36.36,497071.17,-68055.02,132.5,,35.48,1875170.69,-132634.4000000001,302.38,0.65,0.72,0.0127,0.02
SBER,ema,1D,Bayesian_TPE,35,5.533,39,56,False,320.31,0.735,0.798,42.55,13,38.46,False,"{""sampler"":""TPESampler"",""seed"":42,""n_trials"":50,""direction"":""maximize"",""objective"":""composite = Sharpe * (Return% / MaxDD%)""}","{""short_ema"":39,""long_ema"":56,""allowshort"":false}",2014-01-01,2024-12-31,2025-01-01,2026-04-20,2014-01-01,2026-04-20,26.0,13.0,5.0,8.0,38.46,754624.57,-71254.97,192.31,,42.55,2185138.5599999996,-144566.40000000002,320.31,0.73,0.8,0.0131,0.02,5.0,3.0,2.0,1.0,66.67,89178.51,-32268.08,127.0,,13.49,111729.49999999996,-32268.080000000064,14.61,0.6,0.75,0.01,0.04,31.0,16.0,7.0,9.0,43.75,646110.6,-78408.29,180.06,,42.55,2185138.5599999996,-144566.40000000002,381.71,0.72,0.79,0.0128,0.02
SBER,ema,1D,Bayesian_TPE,36,4.618,10,79,False,241.65,0.644,0.687,33.7,26,42.31,False,"{""sampler"":""TPESampler"",""seed"":42,""n_trials"":50,""direction"":""maximize"",""objective"":""composite = Sharpe * (Return% / MaxDD%)""}","{""short_ema"":10,""long_ema"":79,""allowshort"":false}",2014-01-01,2024-12-31,2025-01-01,2026-04-20,2014-01-01,2026-04-20,51.0,26.0,11.0,15.0,42.31,308501.26,-65133.94,97.42,,33.7,1559219.52,-182180.2199999999,241.65,0.64,0.69,0.0131,0.03,10.0,5.0,2.0,3.0,40.0,43336.92,-19259.73,53.0,,11.76,66939.83999999998,-22014.920000000056,2.89,0.21,0.2,0.0069,0.01,61.0,31.0,13.0,18.0,41.94,292128.02,-65566.33,93.42,,33.7,1559219.52,-182180.2199999999,261.75,0.61,0.65,0.0127,0.02
SBER,ema,1D,Bayesian_TPE,37,0.107,26,51,True,31.84,0.232,0.328,69.21,43,34.88,True,"{""sampler"":""TPESampler"",""seed"":42,""n_trials"":50,""direction"":""maximize"",""objective"":""composite = Sharpe * (Return% / MaxDD%)""}","{""short_ema"":26,""long_ema"":51,""allowshort"":true}",2014-01-01,2024-12-31,2025-01-01,2026-04-20,2014-01-01,2026-04-20,43.0,43.0,15.0,28.0,34.88,122577.4,-54293.53,93.12,,69.21,584591.99,-189774.20000000007,31.84,0.23,0.33,0.0183,0.01,8.0,8.0,2.0,6.0,25.0,36259.12,-25687.36,46.25,,16.64,59755.639999999985,-39723.32000000003,-8.16,-0.3,-0.33,0.0088,-0.02,51.0,51.0,17.0,34.0,33.33,118861.23,-51054.21,87.82,,69.21,584591.99,-189774.20000000007,28.48,0.21,0.29,0.0176,0.01
SBER,ema,1D,Bayesian_TPE,38,5.062,17,71,False,256.75,0.663,0.711,33.63,20,40.0,False,"{""sampler"":""TPESampler"",""seed"":42,""n_trials"":50,""direction"":""maximize"",""objective"":""composite = Sharpe * (Return% / MaxDD%)""}","{""short_ema"":17,""long_ema"":71,""allowshort"":false}",2014-01-01,2024-12-31,2025-01-01,2026-04-20,2014-01-01,2026-04-20,39.0,20.0,8.0,12.0,40.0,431815.52,-73914.93,127.05,,33.63,1814188.27,-191857.95999999993,256.75,0.66,0.71,0.0131,0.03,6.0,3.0,1.0,2.0,33.33,64667.12,-25500.74,53.67,,6.63,64667.12000000008,-29509.479999999985,1.37,0.18,0.17,0.0035,0.01,45.0,23.0,9.0,14.0,39.13,448481.54,-77555.07,126.65,,33.63,1814188.27,-191857.95999999993,295.06,0.64,0.69,0.0128,0.02
SBER,ema,1D,Bayesian_TPE,39,6.014,39,98,False,318.71,0.722,0.776,38.26,10,50.0,False,"{""sampler"":""TPESampler"",""seed"":42,""n_trials"":50,""direction"":""maximize"",""objective"":""composite = Sharpe * (Return% / MaxDD%)""}","{""short_ema"":39,""long_ema"":98,""allowshort"":false}",2014-01-01,2024-12-31,2025-01-01,2026-04-20,2014-01-01,2026-04-20,20.0,10.0,5.0,5.0,50.0,786263.94,-148851.27,251.3,,38.26,2160384.71,-350230.88,318.71,0.72,0.78,0.0134,0.03,5.0,3.0,2.0,1.0,66.67,73473.65,-16113.21,124.0,,13.49,73574.65999999999,-16113.209999999905,13.08,0.55,0.69,0.0099,0.04,25.0,13.0,7.0,6.0,53.85,649522.65,-135286.94,221.92,,38.26,2160384.71,-350230.88,373.49,0.7,0.76,0.013,0.02
SBER,ema,1D,Bayesian_TPE,40,1.955,94,172,False,174.86,0.528,0.538,47.22,6,50.0,False,"{""sampler"":""TPESampler"",""seed"":42,""n_trials"":50,""direction"":""maximize"",""objective"":""composite = Sharpe * (Return% / MaxDD%)""}","{""short_ema"":94,""long_ema"":172,""allowshort"":false}",2014-01-01,2024-12-31,2025-01-01,2026-04-20,2014-01-01,2026-04-20,12.0,6.0,3.0,3.0,50.0,757190.03,-174330.65,408.67,,47.22,1491289.7999999998,-243076.80000000016,174.86,0.53,0.54,0.014,0.02,3.0,2.0,1.0,1.0,50.0,53842.31,-75338.1,159.5,,14.26,53842.31000000001,-75338.09999999995,-2.15,-0.01,-0.02,0.0094,-0.0,15.0,8.0,4.0,4.0,50.0,604887.89,-182517.88,346.38,,47.22,1491289.7999999998,-243076.80000000016,168.95,0.47,0.49,0.0135,0.01
SBER,ema,1D,Bayesian_TPE,41,8.403,5,56,False,416.44,0.82,0.892,40.64,35,45.71,False,"{""sampler"":""TPESampler"",""seed"":42,""n_trials"":50,""direction"":""maximize"",""objective"":""composite = Sharpe * (Return% / MaxDD%)""}","{""short_ema"":5,""long_ema"":56,""allowshort"":false}",2014-01-01,2024-12-31,2025-01-01,2026-04-20,2014-01-01,2026-04-20,69.0,35.0,16.0,19.0,45.71,358232.31,-82488.86,71.66,,40.64,2159654.0,-392343.0,416.44,0.82,0.89,0.0132,0.03,24.0,12.0,3.0,9.0,25.0,21835.71,-20336.06,19.42,,18.59,51595.83000000002,-43055.12000000006,-11.75,-0.71,-0.59,0.0063,-0.02,93.0,47.0,19.0,28.0,40.43,325613.61,-90451.86,60.34,,40.64,2159654.0,-392343.0,365.4,0.7,0.76,0.0128,0.02
SBER,ema,1D,Bayesian_TPE,42,4.452,8,53,False,282.3,0.691,0.749,43.82,34,41.18,False,"{""sampler"":""TPESampler"",""seed"":42,""n_trials"":50,""direction"":""maximize"",""objective"":""composite = Sharpe * (Return% / MaxDD%)""}","{""short_ema"":8,""long_ema"":53,""allowshort"":false}",2014-01-01,2024-12-31,2025-01-01,2026-04-20,2014-01-01,2026-04-20,67.0,34.0,14.0,20.0,41.18,310878.41,-76466.69,73.59,,43.82,1621384.38,-320016.87999999995,282.3,0.69,0.75,0.0132,0.02,18.0,9.0,1.0,8.0,11.11,52203.51,-19920.01,26.44,,18.92,52203.510000000024,-43742.60000000006,-10.72,-0.62,-0.53,0.0065,-0.02,85.0,43.0,15.0,28.0,34.88,309140.59,-76841.63,65.93,,43.82,1621384.38,-320016.87999999995,248.55,0.59,0.64,0.0128,0.02
SBER,ema,1D,Bayesian_TPE,43,5.112,14,62,False,262.91,0.669,0.719,34.41,22,40.91,False,"{""sampler"":""TPESampler"",""seed"":42,""n_trials"":50,""direction"":""maximize"",""objective"":""composite = Sharpe * (Return% / MaxDD%)""}","{""short_ema"":14,""long_ema"":62,""allowshort"":false}",2014-01-01,2024-12-31,2025-01-01,2026-04-20,2014-01-01,2026-04-20,43.0,22.0,9.0,13.0,40.91,391628.14,-68890.38,115.09,,34.41,1649811.7999999998,-292898.5399999999,262.91,0.67,0.72,0.0132,0.03,8.0,4.0,1.0,3.0,25.0,65558.08,-12673.5,65.25,,10.7,65558.08000000009,-24521.59999999993,2.75,0.21,0.2,0.0068,0.01,51.0,26.0,10.0,16.0,38.46,387506.5,-64848.12,111.19,,34.41,1649811.7999999998,-292898.5399999999,283.75,0.63,0.68,0.0128,0.02
SBER,ema,1D,Bayesian_TPE,44,0.827,20,50,True,124.22,0.398,0.572,59.77,41,36.59,True,"{""sampler"":""TPESampler"",""seed"":42,""n_trials"":50,""direction"":""maximize"",""objective"":""composite = Sharpe * (Return% / MaxDD%)""}","{""short_ema"":20,""long_ema"":50,""allowshort"":true}",2014-01-01,2024-12-31,2025-01-01,2026-04-20,2014-01-01,2026-04-20,41.0,41.0,15.0,26.0,36.59,206170.55,-71167.9,97.66,,59.77,1054318.85,-250763.9300000001,124.22,0.4,0.57,0.0184,0.01,10.0,10.0,2.0,8.0,20.0,39278.83,-32724.58,37.6,,25.08,52110.80000000007,-107129.9000000001,-18.32,-0.77,-0.82,0.0092,-0.03,51.0,51.0,17.0,34.0,33.33,193599.1,-71850.24,87.82,,59.77,1054318.85,-250763.9300000001,84.83,0.31,0.44,0.0176,0.01
SBER,ema,1D,Bayesian_TPE,45,6.839,5,68,False,359.73,0.773,0.841,40.66,34,38.24,False,"{""sampler"":""TPESampler"",""seed"":42,""n_trials"":50,""direction"":""maximize"",""objective"":""composite = Sharpe * (Return% / MaxDD%)""}","{""short_ema"":5,""long_ema"":68,""allowshort"":false}",2014-01-01,2024-12-31,2025-01-01,2026-04-20,2014-01-01,2026-04-20,67.0,34.0,13.0,21.0,38.24,374519.38,-60544.44,74.71,,40.66,2081003.2100000004,-285810.8000000003,359.73,0.77,0.84,0.0131,0.02,24.0,12.0,3.0,9.0,25.0,18911.05,-15003.33,20.58,,18.27,53893.620000000024,-39979.729999999974,-7.83,-0.41,-0.37,0.0067,-0.02,91.0,46.0,16.0,30.0,34.78,327031.39,-63514.92,62.65,,40.66,2081003.2100000004,-285810.8000000003,332.71,0.68,0.74,0.0127,0.02
SBER,ema,1D,Bayesian_TPE,46,5.032,10,80,False,261.09,0.673,0.729,34.92,25,44.0,False,"{""sampler"":""TPESampler"",""seed"":42,""n_trials"":50,""direction"":""maximize"",""objective"":""composite = Sharpe * (Return% / MaxDD%)""}","{""short_ema"":10,""long_ema"":80,""allowshort"":false}",2014-01-01,2024-12-31,2025-01-01,2026-04-20,2014-01-01,2026-04-20,49.0,25.0,11.0,14.0,44.0,312941.1,-59386.68,100.92,,34.92,1647952.44,-102335.70000000004,261.09,0.67,0.73,0.013,0.03,8.0,4.0,2.0,2.0,50.0,37550.07,-23503.2,66.75,,12.27,66876.44999999998,-27800.90000000012,2.81,0.21,0.2,0.0069,0.01,57.0,29.0,13.0,16.0,44.83,294349.79,-62881.69,99.59,,34.92,1647952.44,-103328.14000000044,282.04,0.63,0.69,0.0126,0.02
SBER,ema,1D,Bayesian_TPE,47,4.98,23,120,False,279.71,0.683,0.726,38.36,12,41.67,False,"{""sampler"":""TPESampler"",""seed"":42,""n_trials"":50,""direction"":""maximize"",""objective"":""composite = Sharpe * (Return% / MaxDD%)""}","{""short_ema"":23,""long_ema"":120,""allowshort"":false}",2014-01-01,2024-12-31,2025-01-01,2026-04-20,2014-01-01,2026-04-20,24.0,12.0,5.0,7.0,41.67,709592.6,-107271.0,208.25,,38.36,2013750.3,-250729.6000000001,279.71,0.68,0.73,0.0133,0.02,5.0,3.0,2.0,1.0,66.67,76508.46,-24666.24,125.67,,13.49,81035.64000000003,-24666.23999999993,12.84,0.54,0.68,0.01,0.04,29.0,15.0,7.0,8.0,46.67,589869.94,-105572.32,191.73,,38.36,2013750.3,-250729.6000000001,328.45,0.67,0.72,0.0129,0.02
SBER,ema,1D,Bayesian_TPE,48,4.015,11,60,False,248.57,0.65,0.699,40.24,27,40.74,False,"{""sampler"":""TPESampler"",""seed"":42,""n_trials"":50,""direction"":""maximize"",""objective"":""composite = Sharpe * (Return% / MaxDD%)""}","{""short_ema"":11,""long_ema"":60,""allowshort"":false}",2014-01-01,2024-12-31,2025-01-01,2026-04-20,2014-01-01,2026-04-20,53.0,27.0,11.0,16.0,40.74,336864.96,-76235.52,93.74,,40.24,1616365.85,-300988.9000000001,248.57,0.65,0.7,0.0132,0.02,10.0,5.0,2.0,3.0,40.0,33379.35,-20562.44,51.6,,10.25,65376.21999999999,-30567.900000000052,0.51,0.08,0.08,0.0065,0.01,63.0,32.0,13.0,19.0,40.62,308625.63,-75741.63,90.16,,40.24,1616365.85,-300988.9000000001,257.3,0.6,0.65,0.0128,0.02
SBER,ema,1D,Bayesian_TPE,49,4.31,71,74,True,413.63,0.662,0.925,63.53,16,50.0,True,"{""sampler"":""TPESampler"",""seed"":42,""n_trials"":50,""direction"":""maximize"",""objective"":""composite = Sharpe * (Return% / MaxDD%)""}","{""short_ema"":71,""long_ema"":74,""allowshort"":true}",2014-01-01,2024-12-31,2025-01-01,2026-04-20,2014-01-01,2026-04-20,16.0,16.0,8.0,8.0,50.0,801722.59,-284689.99,250.25,,63.53,2600742.0999999996,-763137.5900000002,413.63,0.66,0.93,0.0182,0.02,5.0,5.0,2.0,3.0,40.0,72259.14,-16136.22,90.0,,13.49,74588.28,-19991.969999999867,9.61,0.4,0.53,0.0114,0.03,21.0,21.0,10.0,11.0,47.62,715258.01,-231737.72,213.29,,63.53,2600742.0999999996,-763137.5900000002,460.35,0.63,0.88,0.0174,0.02
PLZL,ema,1D,Bayesian_TPE,0,4.512,40,193,True,467.67,0.633,0.867,65.61,16,25.0,True,"{""sampler"":""TPESampler"",""seed"":42,""n_trials"":50,""direction"":""maximize"",""objective"":""composite = Sharpe * (Return% / MaxDD%)""}","{""short_ema"":40,""long_ema"":193,""allowshort"":true}",2014-01-01,2024-12-31,2025-01-01,2026-04-20,2014-01-01,2026-04-20,16.0,16.0,4.0,12.0,25.0,2224342.96,-351724.61,249.12,,65.61,3116592.6999999997,-679330.8,467.67,0.63,0.87,0.0216,0.02,1.0,1.0,0.0,1.0,0.0,0.0,-29532.0,8.0,,6.06,-29531.999999999916,-29531.999999999916,-2.95,-0.49,-0.08,0.0023,-0.02,17.0,17.0,4.0,13.0,23.53,3009648.46,-344719.02,262.41,,65.61,5249377.000000001,-679330.8,755.72,0.68,0.93,0.0211,0.02
PLZL,ema,1D,Bayesian_TPE,1,37.797,19,73,False,1647.01,1.06,1.365,46.19,22,36.36,False,"{""sampler"":""TPESampler"",""seed"":42,""n_trials"":50,""direction"":""maximize"",""objective"":""composite = Sharpe * (Return% / MaxDD%)""}","{""short_ema"":19,""long_ema"":73,""allowshort"":false}",2014-01-01,2024-12-31,2025-01-01,2026-04-20,2014-01-01,2026-04-20,44.0,22.0,8.0,14.0,36.36,3522554.01,-836450.23,107.14,,46.19,9568131.9,-2144957.7500000005,1647.01,1.06,1.36,0.0179,0.04,5.0,2.0,2.0,0.0,100.0,114331.6,0.0,104.5,,14.91,144704.00000000006,83959.19999999995,22.87,0.79,0.72,0.0115,0.06,49.0,24.0,10.0,14.0,41.67,3756252.38,-836450.23,112.29,,46.19,9568131.9,-2144957.7500000005,2585.22,1.08,1.38,0.0175,0.04
PLZL,ema,1D,Bayesian_TPE,2,18.25,62,156,False,924.4,0.903,1.101,45.74,8,37.5,False,"{""sampler"":""TPESampler"",""seed"":42,""n_trials"":50,""direction"":""maximize"",""objective"":""composite = Sharpe * (Return% / MaxDD%)""}","{""short_ema"":62,""long_ema"":156,""allowshort"":false}",2014-01-01,2024-12-31,2025-01-01,2026-04-20,2014-01-01,2026-04-20,16.0,8.0,3.0,5.0,37.5,4292227.47,-726528.46,345.75,,45.74,6238296.0,-1318703.9999999998,924.4,0.9,1.1,0.0175,0.03,1.0,0.0,0.0,0.0,0.0,0.0,0.0,0.0,,0.0,0.0,0.0,0.0,,,0.0,,17.0,8.0,3.0,5.0,37.5,6344031.7,-726528.46,404.62,,45.74,9849686.099999998,-1318703.9999999998,1539.95,0.94,1.18,0.0174,0.04
PLZL,ema,1D,Bayesian_TPE,4,32.827,22,77,False,1548.53,1.04,1.342,49.06,19,42.11,False,"{""sampler"":""TPESampler"",""seed"":42,""n_trials"":50,""direction"":""maximize"",""objective"":""composite = Sharpe * (Return% / MaxDD%)""}","{""short_ema"":22,""long_ema"":77,""allowshort"":false}",2014-01-01,2024-12-31,2025-01-01,2026-04-20,2014-01-01,2026-04-20,38.0,19.0,8.0,11.0,42.11,3329846.09,-1013955.6,124.26,,49.06,9232646.8,-2002409.2999999996,1548.53,1.04,1.34,0.0179,0.04,5.0,2.0,2.0,0.0,100.0,77965.5,0.0,107.5,,17.51,89759.9999999999,66171.0,15.59,0.58,0.53,0.0116,0.04,43.0,21.0,10.0,11.0,47.62,3382397.45,-1013955.6,129.0,,49.06,9232646.8,-2002409.2999999996,2267.05,1.04,1.34,0.0175,0.04
PLZL,ema,1D,Bayesian_TPE,5,5.329,46,93,True,504.78,0.653,0.987,61.85,30,26.67,True,"{""sampler"":""TPESampler"",""seed"":42,""n_trials"":50,""direction"":""maximize"",""objective"":""composite = Sharpe * (Return% / MaxDD%)""}","{""short_ema"":46,""long_ema"":93,""allowshort"":true}",2014-01-01,2024-12-31,2025-01-01,2026-04-20,2014-01-01,2026-04-20,30.0,30.0,8.0,22.0,26.67,1908548.51,-464570.82,132.87,,61.85,6284865.6,-1484986.8000000005,504.78,0.65,0.99,0.0213,0.02,5.0,5.0,1.0,4.0,20.0,178618.0,-33107.85,64.6,,25.74,178617.99999999988,-43414.80000000009,4.62,0.24,0.27,0.0141,0.01,35.0,35.0,9.0,26.0,25.71,1981058.18,-430339.36,127.46,,61.85,6284865.6,-1484986.8000000005,664.07,0.65,0.98,0.0208,0.02
PLZL,ema,1D,Bayesian_TPE,6,23.158,33,105,False,1165.54,0.967,1.243,48.67,16,37.5,False,"{""sampler"":""TPESampler"",""seed"":42,""n_trials"":50,""direction"":""maximize"",""objective"":""composite = Sharpe * (Return% / MaxDD%)""}","{""short_ema"":33,""long_ema"":105,""allowshort"":false}",2014-01-01,2024-12-31,2025-01-01,2026-04-20,2014-01-01,2026-04-20,32.0,16.0,6.0,10.0,37.5,3213462.71,-762539.65,154.81,,48.67,9168134.85,-2191175.150000001,1165.54,0.97,1.24,0.0176,0.03,5.0,2.0,1.0,1.0,50.0,237580.8,-6646.8,136.5,,18.82,237580.79999999993,-6646.800000000078,23.09,0.75,0.78,0.0125,0.05,37.0,18.0,7.0,11.0,38.89,3593429.42,-702265.86,161.0,,48.67,9168134.85,-2191175.150000001,1742.91,0.98,1.27,0.0174,0.03
PLZL,ema,1D,Bayesian_TPE,7,4.52,24,127,True,494.05,0.648,0.984,70.83,32,21.88,True,"{""sampler"":""TPESampler"",""seed"":42,""n_trials"":50,""direction"":""maximize"",""objective"":""composite = Sharpe * (Return% / MaxDD%)""}","{""short_ema"":24,""long_ema"":127,""allowshort"":true}",2014-01-01,2024-12-31,2025-01-01,2026-04-20,2014-01-01,2026-04-20,32.0,32.0,7.0,25.0,21.88,2186364.89,-414560.53,124.56,,70.83,6494463.199999999,-894376.7000000007,494.05,0.65,0.98,0.0212,0.02,3.0,3.0,1.0,2.0,33.33,203515.2,-42076.8,108.67,,20.12,203515.2,-79920.0,11.94,0.43,0.48,0.0139,0.03,35.0,35.0,8.0,27.0,22.86,2250136.34,-406223.26,127.46,,70.83,6494463.199999999,-894376.7000000007,703.31,0.67,1.0,0.0207,0.02
PLZL,ema,1D,Bayesian_TPE,8,27.516,63,75,False,1285.12,0.992,1.28,46.33,12,50.0,False,"{""sampler"":""TPESampler"",""seed"":42,""n_trials"":50,""direction"":""maximize"",""objective"":""composite = Sharpe * (Return% / MaxDD%)""}","{""short_ema"":63,""long_ema"":75,""allowshort"":false}",2014-01-01,2024-12-31,2025-01-01,2026-04-20,2014-01-01,2026-04-20,24.0,12.0,6.0,6.0,50.0,3160623.98,-1018752.95,206.17,,46.33,10328191.95,-2791692.4000000004,1285.12,0.99,1.28,0.0177,0.04,5.0,2.0,1.0,1.0,50.0,207531.8,-16896.6,138.5,,21.65,207531.79999999993,-16896.599999999973,19.06,0.64,0.68,0.0126,0.04,29.0,14.0,7.0,7.0,50.0,3674257.23,-914430.21,208.07,,46.33,10328191.95,-2791692.4000000004,1931.88,1.0,1.31,0.0175,0.04
PLZL,ema,1D,Bayesian_TPE,9,2.425,97,172,True,360.19,0.531,0.682,78.86,8,50.0,True,"{""sampler"":""TPESampler"",""seed"":42,""n_trials"":50,""direction"":""maximize"",""objective"":""composite = Sharpe * (Return% / MaxDD%)""}","{""short_ema"":97,""long_ema"":172,""allowshort"":true}",2014-01-01,2024-12-31,2025-01-01,2026-04-20,2014-01-01,2026-04-20,8.0,8.0,4.0,4.0,50.0,1274255.52,-373789.1,498.25,,78.86,1603849.7,-517716.0,360.19,0.53,0.68,0.0273,0.02,0.0,0.0,0.0,0.0,0.0,0.0,0.0,0.0,,0.0,0.0,0.0,0.0,,,0.0,,8.0,8.0,4.0,4.0,50.0,1963637.75,-373789.1,557.62,,78.86,4193063.1,-517716.0,635.94,0.58,0.75,0.0262,0.02
PLZL,ema,1D,Bayesian_TPE,10,30.815,7,50,False,1609.48,1.04,1.164,54.32,38,31.58,False,"{""sampler"":""TPESampler"",""seed"":42,""n_trials"":50,""direction"":""maximize"",""objective"":""composite = Sharpe * (Return% / MaxDD%)""}","{""short_ema"":7,""long_ema"":50,""allowshort"":false}",2014-01-01,2024-12-31,2025-01-01,2026-04-20,2014-01-01,2026-04-20,77.0,38.0,12.0,26.0,31.58,2558799.41,-561953.43,58.42,,54.32,6935963.299999999,-4327333.85,1609.48,1.04,1.16,0.0182,0.03,14.0,7.0,3.0,4.0,42.86,214629.67,-62618.25,41.57,,19.98,259599.2000000001,-87502.99999999997,39.34,1.09,1.22,0.0131,0.07,91.0,45.0,15.0,30.0,33.33,2781557.44,-629979.09,55.8,,54.32,6935963.299999999,-4327333.85,2282.4,1.04,1.16,0.0177,0.03
PLZL,ema,1D,Bayesian_TPE,11,39.731,6,52,False,1938.94,1.093,1.229,53.34,37,32.43,False,"{""sampler"":""TPESampler"",""seed"":42,""n_trials"":50,""direction"":""maximize"",""objective"":""composite = Sharpe * (Return% / MaxDD%)""}","{""short_ema"":6,""long_ema"":52,""allowshort"":false}",2014-01-01,2024-12-31,2025-01-01,2026-04-20,2014-01-01,2026-04-20,75.0,37.0,12.0,25.0,32.43,2908917.11,-620703.83,60.62,,53.34,8158396.999999999,-5090274.899999999,1938.94,1.09,1.23,0.0183,0.04,14.0,7.0,3.0,4.0,42.86,205584.87,-62080.25,41.71,,19.98,259599.2000000001,-87502.99999999997,36.84,1.04,1.15,0.0131,0.07,89.0,44.0,15.0,29.0,34.09,3166366.9,-709960.74,57.61,,53.34,8158396.999999999,-5090274.899999999,2690.66,1.08,1.22,0.0177,0.04
PLZL,ema,1D,Bayesian_TPE,12,31.435,6,51,False,1646.67,1.045,1.172,54.74,40,32.5,False,"{""sampler"":""TPESampler"",""seed"":42,""n_trials"":50,""direction"":""maximize"",""objective"":""composite = Sharpe * (Return% / MaxDD%)""}","{""short_ema"":6,""long_ema"":51,""allowshort"":false}",2014-01-01,2024-12-31,2025-01-01,2026-04-20,2014-01-01,2026-04-20,81.0,40.0,13.0,27.0,32.5,2403762.81,-547490.99,55.73,,54.74,6996952.3999999985,-4499975.3,1646.67,1.05,1.17,0.0183,0.03,16.0,8.0,3.0,5.0,37.5,181365.93,-57021.8,36.38,,23.38,208038.60000000003,-87502.99999999997,25.9,0.79,0.86,0.0131,0.04,97.0,48.0,16.0,32.0,33.33,2547754.29,-617715.24,52.5,,54.74,6996952.3999999985,-4499975.3,2099.72,1.02,1.14,0.0177,0.03
PLZL,ema,1D,Bayesian_TPE,13,27.11,17,125,False,1368.26,1.0,1.322,50.47,22,27.27,False,"{""sampler"":""TPESampler"",""seed"":42,""n_trials"":50,""direction"":""maximize"",""objective"":""composite = Sharpe * (Return% / MaxDD%)""}","{""short_ema"":17,""long_ema"":125,""allowshort"":false}",2014-01-01,2024-12-31,2025-01-01,2026-04-20,2014-01-01,2026-04-20,44.0,22.0,6.0,16.0,27.27,3810155.29,-573646.26,115.68,,50.47,10320444.65,-1757105.0,1368.26,1.0,1.32,0.018,0.04,5.0,2.0,2.0,0.0,100.0,135222.8,0.0,144.5,,17.4,195051.99999999988,75393.59999999995,27.04,0.84,0.9,0.0126,0.06,49.0,24.0,8.0,16.0,33.33,3783966.21,-573646.26,123.92,,50.47,10320444.65,-1757105.0,2109.34,1.02,1.35,0.0177,0.04
PLZL,ema,1D,Bayesian_TPE,14,68.365,7,64,False,2320.91,1.17,1.488,39.72,29,31.03,False,"{""sampler"":""TPESampler"",""seed"":42,""n_trials"":50,""direction"":""maximize"",""objective"":""composite = Sharpe * (Return% / MaxDD%)""}","{""short_ema"":7,""long_ema"":64,""allowshort"":false}",2014-01-01,2024-12-31,2025-01-01,2026-04-20,2014-01-01,2026-04-20,59.0,29.0,9.0,20.0,31.03,3644052.37,-479369.21,79.72,,39.72,8601483.600000001,-1582582.5,2320.91,1.17,1.49,0.0178,0.05,10.0,5.0,3.0,2.0,60.0,213802.4,-30493.8,62.2,,17.59,251942.39999999997,-52583.399999999936,58.04,1.41,1.68,0.0138,0.11,69.0,34.0,12.0,22.0,35.29,4028072.48,-502991.96,77.15,,39.72,8601483.600000001,-1582582.5,3727.1,1.19,1.51,0.0173,0.05
PLZL,ema,1D,Bayesian_TPE,15,31.171,6,50,False,1640.28,1.045,1.169,54.99,38,34.21,False,"{""sampler"":""TPESampler"",""seed"":42,""n_trials"":50,""direction"":""maximize"",""objective"":""composite = Sharpe * (Return% / MaxDD%)""}","{""short_ema"":6,""long_ema"":50,""allowshort"":false}",2014-01-01,2024-12-31,2025-01-01,2026-04-20,2014-01-01,2026-04-20,77.0,38.0,13.0,25.0,34.21,2316123.03,-548270.32,58.53,,54.99,7065174.599999998,-4177287.6,1640.28,1.04,1.17,0.0183,0.03,16.0,8.0,3.0,5.0,37.5,181450.47,-56948.12,36.5,,23.35,208038.60000000003,-87502.99999999997,25.96,0.79,0.86,0.0131,0.04,93.0,46.0,16.0,30.0,34.78,2474476.79,-622254.22,54.7,,54.99,7065174.599999998,-4177287.6,2092.4,1.02,1.14,0.0177,0.03
PLZL,ema,1D,Bayesian_TPE,16,17.892,31,114,False,997.44,0.917,1.194,51.12,17,35.29,False,"{""sampler"":""TPESampler"",""seed"":42,""n_trials"":50,""direction"":""maximize"",""objective"":""composite = Sharpe * (Return% / MaxDD%)""}","{""short_ema"":31,""long_ema"":114,""allowshort"":false}",2014-01-01,2024-12-31,2025-01-01,2026-04-20,2014-01-01,2026-04-20,34.0,17.0,6.0,11.0,35.29,2895248.54,-672466.7,151.12,,51.12,8435565.0,-2072311.150000001,997.44,0.92,1.19,0.0177,0.03,3.0,1.0,1.0,0.0,100.0,239896.8,0.0,294.0,,21.08,239896.79999999993,239896.79999999993,23.99,0.76,0.83,0.0128,0.05,37.0,18.0,7.0,11.0,38.89,3251281.51,-672466.7,167.39,,51.12,8435565.0,-2072311.150000001,1536.18,0.94,1.24,0.0175,0.03
PLZL,ema,1D,Bayesian_TPE,17,22.235,55,64,False,1111.76,0.958,1.213,47.9,16,43.75,False,"{""sampler"":""TPESampler"",""seed"":42,""n_trials"":50,""direction"":""maximize"",""objective"":""composite = Sharpe * (Return% / MaxDD%)""}","{""short_ema"":55,""long_ema"":64,""allowshort"":false}",2014-01-01,2024-12-31,2025-01-01,2026-04-20,2014-01-01,2026-04-20,32.0,16.0,7.0,9.0,43.75,2695622.04,-861300.82,150.12,,47.9,7039500.0,-1880476.5000000005,1111.76,0.96,1.21,0.0175,0.03,5.0,2.0,2.0,0.0,100.0,89367.4,0.0,129.0,,17.95,143380.0,35354.79999999995,17.87,0.62,0.63,0.0123,0.04,37.0,18.0,9.0,9.0,50.0,2645968.77,-861300.82,155.72,,47.9,7039500.0,-1880476.5000000005,1606.2,0.96,1.23,0.0172,0.03
PLZL,ema,1D,Bayesian_TPE,18,18.827,79,105,False,1009.21,0.918,1.122,49.21,10,40.0,False,"{""sampler"":""TPESampler"",""seed"":42,""n_trials"":50,""direction"":""maximize"",""objective"":""composite = Sharpe * (Return% / MaxDD%)""}","{""short_ema"":79,""long_ema"":105,""allowshort"":false}",2014-01-01,2024-12-31,2025-01-01,2026-04-20,2014-01-01,2026-04-20,20.0,10.0,4.0,6.0,40.0,3643612.35,-747065.02,263.9,,49.21,7327034.399999999,-1733859.5999999996,1009.21,0.92,1.12,0.0178,0.03,1.0,0.0,0.0,0.0,0.0,0.0,0.0,0.0,,0.0,0.0,0.0,0.0,,,0.0,,21.0,10.0,4.0,6.0,40.0,5281975.17,-747065.02,310.4,,49.21,8590645.7,-1733859.5999999996,1664.55,0.95,1.2,0.0177,0.03
PLZL,ema,1D,Bayesian_TPE,19,7.249,16,147,True,625.68,0.705,1.07,60.85,32,25.0,True,"{""sampler"":""TPESampler"",""seed"":42,""n_trials"":50,""direction"":""maximize"",""objective"":""composite = Sharpe * (Return% / MaxDD%)""}","{""short_ema"":16,""long_ema"":147,""allowshort"":true}",2014-01-01,2024-12-31,2025-01-01,2026-04-20,2014-01-01,2026-04-20,32.0,32.0,8.0,24.0,25.0,1931160.4,-383019.68,124.56,,60.85,5990642.550000001,-819709.5,625.68,0.7,1.07,0.0211,0.02,3.0,3.0,2.0,1.0,66.67,146464.5,-34570.8,108.33,,18.4,284382.00000000006,-34570.800000000025,25.84,0.76,0.85,0.0139,0.06,35.0,35.0,10.0,25.0,28.57,1947210.38,-379781.21,127.46,,60.85,5990642.550000001,-819709.5,997.76,0.74,1.12,0.0206,0.03
PLZL,ema,1D,Bayesian_TPE,20,26.485,35,92,False,1218.89,0.983,1.253,45.24,15,40.0,False,"{""sampler"":""TPESampler"",""seed"":42,""n_trials"":50,""direction"":""maximize"",""objective"":""composite = Sharpe * (Return% / MaxDD%)""}","{""short_ema"":35,""long_ema"":92,""allowshort"":false}",2014-01-01,2024-12-31,2025-01-01,2026-04-20,2014-01-01,2026-04-20,30.0,15.0,6.0,9.0,40.0,3363026.03,-887700.17,162.4,,45.24,9524992.0,-2098263.1500000004,1218.89,0.98,1.25,0.0175,0.04,3.0,1.0,1.0,0.0,100.0,238700.0,0.0,268.0,,17.96,238700.0,238700.0,23.87,0.77,0.79,0.0125,0.05,33.0,16.0,7.0,9.0,43.75,3786082.9,-887700.17,177.94,,45.24,9524992.0,-2098263.1500000004,1851.33,1.0,1.28,0.0173,0.04
PLZL,ema,1D,Bayesian_TPE,21,75.937,15,66,False,2405.87,1.171,1.519,37.1,22,36.36,False,"{""sampler"":""TPESampler"",""seed"":42,""n_trials"":50,""direction"":""maximize"",""objective"":""composite = Sharpe * (Return% / MaxDD%)""}","{""short_ema"":15,""long_ema"":66,""allowshort"":false}",2014-01-01,2024-12-31,2025-01-01,2026-04-20,2014-01-01,2026-04-20,44.0,22.0,8.0,14.0,36.36,4657318.94,-942846.88,107.5,,37.1,12829073.4,-2748299.449999998,2405.87,1.17,1.52,0.018,0.06,5.0,2.0,2.0,0.0,100.0,121450.4,0.0,102.5,,14.87,137665.59999999995,105235.2000000001,24.29,0.83,0.74,0.0115,0.06,49.0,24.0,11.0,13.0,45.83,4566149.97,-993590.22,112.25,,37.1,12829073.4,-2748299.449999998,3731.1,1.18,1.52,0.0176,0.06
PLZL,ema,1D,Bayesian_TPE,22,83.297,13,64,False,2454.4,1.179,1.522,34.74,22,40.91,False,"{""sampler"":""TPESampler"",""seed"":42,""n_trials"":50,""direction"":""maximize"",""objective"":""composite = Sharpe * (Return% / MaxDD%)""}","{""short_ema"":13,""long_ema"":64,""allowshort"":false}",2014-01-01,2024-12-31,2025-01-01,2026-04-20,2014-01-01,2026-04-20,45.0,22.0,9.0,13.0,40.91,4073860.39,-932368.58,107.0,,34.74,9903486.6,-2794477.399999998,2454.4,1.18,1.52,0.0179,0.06,6.0,3.0,3.0,0.0,100.0,160159.2,0.0,107.0,,14.88,221804.0000000001,90305.59999999996,48.05,1.19,1.39,0.0143,0.11,51.0,25.0,12.0,13.0,48.0,4078934.12,-932368.58,107.0,,34.74,9903486.6,-2794477.399999998,3682.64,1.18,1.51,0.0175,0.06
PLZL,ema,1D,Bayesian_TPE,23,81.141,13,63,False,2403.09,1.173,1.514,34.74,22,40.91,False,"{""sampler"":""TPESampler"",""seed"":42,""n_trials"":50,""direction"":""maximize"",""objective"":""composite = Sharpe * (Return% / MaxDD%)""}","{""short_ema"":13,""long_ema"":63,""allowshort"":false}",2014-01-01,2024-12-31,2025-01-01,2026-04-20,2014-01-01,2026-04-20,45.0,22.0,9.0,13.0,40.91,3993836.44,-916430.95,107.0,,34.74,9704415.6,-2738339.499999998,2403.09,1.17,1.51,0.0179,0.06,6.0,3.0,3.0,0.0,100.0,155122.93,0.0,106.67,,14.88,209307.99999999997,89425.99999999994,46.54,1.16,1.36,0.0143,0.11,51.0,25.0,12.0,13.0,48.0,3966766.1,-916430.95,106.96,,34.74,9704415.6,-2738339.499999998,3568.76,1.17,1.5,0.0175,0.06
PLZL,ema,1D,Bayesian_TPE,24,34.755,27,64,False,1632.52,1.057,1.354,49.65,18,44.44,False,"{""sampler"":""TPESampler"",""seed"":42,""n_trials"":50,""direction"":""maximize"",""objective"":""composite = Sharpe * (Return% / MaxDD%)""}","{""short_ema"":27,""long_ema"":64,""allowshort"":false}",2014-01-01,2024-12-31,2025-01-01,2026-04-20,2014-01-01,2026-04-20,36.0,18.0,8.0,10.0,44.44,3354284.54,-1050911.07,129.78,,49.65,9336492.0,-2364572.6999999997,1632.52,1.06,1.35,0.0179,0.04,5.0,2.0,2.0,0.0,100.0,74733.3,0.0,106.0,,17.41,87505.0,61961.59999999995,14.95,0.56,0.5,0.0115,0.04,41.0,20.0,10.0,10.0,50.0,3437360.88,-1050911.07,133.95,,49.65,9336492.0,-2364572.6999999997,2386.45,1.06,1.35,0.0175,0.04
PLZL,ema,1D,Bayesian_TPE,25,57.746,13,87,False,2096.18,1.127,1.464,40.91,20,40.0,False,"{""sampler"":""TPESampler"",""seed"":42,""n_trials"":50,""direction"":""maximize"",""objective"":""composite = Sharpe * (Return% / MaxDD%)""}","{""short_ema"":13,""long_ema"":87,""allowshort"":false}",2014-01-01,2024-12-31,2025-01-01,2026-04-20,2014-01-01,2026-04-20,40.0,20.0,8.0,12.0,40.0,4025820.01,-937066.12,118.9,,40.91,10880299.1,-2154609.0,2096.18,1.13,1.46,0.018,0.05,5.0,2.0,2.0,0.0,100.0,135722.0,0.0,107.0,,14.63,136776.0,134668.0,27.14,0.9,0.83,0.0116,0.07,45.0,22.0,10.0,12.0,45.45,4517755.07,-937066.12,123.68,,40.91,10880299.1,-2154609.0,3393.28,1.15,1.49,0.0176,0.05
PLZL,ema,1D,Bayesian_TPE,26,33.104,42,66,False,1458.23,1.032,1.313,45.46,16,43.75,False,"{""sampler"":""TPESampler"",""seed"":42,""n_trials"":50,""direction"":""maximize"",""objective"":""composite = Sharpe * (Return% / MaxDD%)""}","{""short_ema"":42,""long_ema"":66,""allowshort"":false}",2014-01-01,2024-12-31,2025-01-01,2026-04-20,2014-01-01,2026-04-20,32.0,16.0,7.0,9.0,43.75,3183587.74,-855869.83,147.31,,45.46,8168615.4,-2167435.1999999997,1458.23,1.03,1.31,0.0177,0.04,5.0,2.0,2.0,0.0,100.0,68669.7,0.0,114.5,,17.4,116523.0000000001,20816.399999999863,13.73,0.52,0.49,0.0119,0.04,37.0,18.0,9.0,9.0,50.0,3105866.05,-855869.83,151.33,,45.46,8168615.4,-2167435.1999999997,2025.0,1.02,1.3,0.0174,0.04
PLZL,ema,1D,Bayesian_TPE,27,15.772,14,100,True,1122.15,0.844,1.336,60.05,42,30.95,True,"{""sampler"":""TPESampler"",""seed"":42,""n_trials"":50,""direction"":""maximize"",""objective"":""composite = Sharpe * (Return% / MaxDD%)""}","{""short_ema"":14,""long_ema"":100,""allowshort"":true}",2014-01-01,2024-12-31,2025-01-01,2026-04-20,2014-01-01,2026-04-20,42.0,42.0,13.0,29.0,30.95,2444717.51,-708958.04,94.93,,60.05,8687250.0,-2051842.1999999983,1122.15,0.84,1.34,0.0212,0.03,7.0,7.0,3.0,4.0,42.86,81045.73,-44438.3,48.57,,27.76,90720.0,-102388.7999999999,6.54,0.29,0.34,0.0143,0.01,49.0,49.0,16.0,33.0,32.65,2385298.8,-703682.69,91.06,,60.05,8687250.0,-2051842.1999999983,1494.33,0.83,1.31,0.0207,0.03
PLZL,ema,1D,Bayesian_TPE,28,23.746,28,83,False,1205.86,0.972,1.242,49.36,19,36.84,False,"{""sampler"":""TPESampler"",""seed"":42,""n_trials"":50,""direction"":""maximize"",""objective"":""composite = Sharpe * (Return% / MaxDD%)""}","{""short_ema"":28,""long_ema"":83,""allowshort"":false}",2014-01-01,2024-12-31,2025-01-01,2026-04-20,2014-01-01,2026-04-20,38.0,19.0,7.0,12.0,36.84,3084640.61,-794494.3,124.32,,49.36,8062342.65,-2074267.0,1205.86,0.97,1.24,0.0177,0.03,5.0,2.0,2.0,0.0,100.0,74142.4,0.0,111.0,,17.41,134529.99999999994,13754.800000000048,14.83,0.55,0.52,0.012,0.04,43.0,21.0,9.0,12.0,42.86,2930592.29,-794494.3,129.57,,49.36,8062342.65,-2074267.0,1684.14,0.97,1.24,0.0174,0.03
PLZL,ema,1D,Bayesian_TPE,29,30.453,47,120,False,1461.07,1.024,1.362,49.13,11,36.36,False,"{""sampler"":""TPESampler"",""seed"":42,""n_trials"":50,""direction"":""maximize"",""objective"":""composite = Sharpe * (Return% / MaxDD%)""}","{""short_ema"":47,""long_ema"":120,""allowshort"":false}",2014-01-01,2024-12-31,2025-01-01,2026-04-20,2014-01-01,2026-04-20,22.0,11.0,4.0,7.0,36.36,5277218.39,-928312.11,239.55,,49.13,11874891.0,-3245399.850000001,1461.07,1.02,1.36,0.0179,0.04,1.0,0.0,0.0,0.0,0.0,0.0,0.0,0.0,,0.0,0.0,0.0,0.0,,,0.0,,23.0,11.0,4.0,7.0,36.36,7425643.51,-928312.11,281.09,,49.13,11874891.0,-3245399.850000001,2320.44,1.04,1.4,0.0177,0.04
PLZL,ema,1D,Bayesian_TPE,30,2.974,37,192,True,366.31,0.582,0.799,71.69,18,22.22,True,"{""sampler"":""TPESampler"",""seed"":42,""n_trials"":50,""direction"":""maximize"",""objective"":""composite = Sharpe * (Return% / MaxDD%)""}","{""short_ema"":37,""long_ema"":192,""allowshort"":true}",2014-01-01,2024-12-31,2025-01-01,2026-04-20,2014-01-01,2026-04-20,18.0,18.0,4.0,14.0,22.22,1947448.79,-294765.78,221.44,,71.69,2842005.600000001,-661581.0,366.31,0.58,0.8,0.0215,0.02,1.0,1.0,0.0,1.0,0.0,0.0,-5298.2,10.0,,5.79,-5298.200000000082,-5298.200000000082,-0.53,-0.06,-0.01,0.0026,-0.0,19.0,19.0,4.0,15.0,21.05,2636209.66,-277738.26,234.79,,71.69,4442053.249999999,-661581.0,637.88,0.64,0.89,0.021,0.02
PLZL,ema,1D,Bayesian_TPE,31,69.911,12,62,False,2199.03,1.148,1.474,36.11,25,32.0,False,"{""sampler"":""TPESampler"",""seed"":42,""n_trials"":50,""direction"":""maximize"",""objective"":""composite = Sharpe * (Return% / MaxDD%)""}","{""short_ema"":12,""long_ema"":62,""allowshort"":false}",2014-01-01,2024-12-31,2025-01-01,2026-04-20,2014-01-01,2026-04-20,51.0,25.0,8.0,17.0,32.0,4265312.64,-713661.06,93.72,,36.11,9676423.35,-2564881.149999998,2199.03,1.15,1.47,0.0179,0.06,8.0,4.0,3.0,1.0,75.0,168679.8,-78802.8,78.5,,16.38,232709.39999999997,-78802.80000000006,42.72,1.1,1.26,0.0141,0.09,59.0,29.0,11.0,18.0,37.93,4160777.65,-774835.03,91.62,,36.11,9676423.35,-2564881.149999998,3182.15,1.14,1.45,0.0174,0.06
PLZL,ema,1D,Bayesian_TPE,32,50.703,20,68,False,1849.07,1.096,1.412,39.97,22,36.36,False,"{""sampler"":""TPESampler"",""seed"":42,""n_trials"":50,""direction"":""maximize"",""objective"":""composite = Sharpe * (Return% / MaxDD%)""}","{""short_ema"":20,""long_ema"":68,""allowshort"":false}",2014-01-01,2024-12-31,2025-01-01,2026-04-20,2014-01-01,2026-04-20,44.0,22.0,8.0,14.0,36.36,3700912.21,-794043.89,107.05,,39.97,10253916.2,-2059251.9999999984,1849.07,1.1,1.41,0.0179,0.05,5.0,2.0,2.0,0.0,100.0,103329.4,0.0,104.0,,14.91,124189.99999999996,82468.79999999996,20.67,0.73,0.66,0.0115,0.06,49.0,24.0,10.0,14.0,41.67,3978268.17,-794043.89,112.12,,39.97,10253916.2,-2059251.9999999984,2866.61,1.11,1.42,0.0175,0.05
PLZL,ema,1D,Bayesian_TPE,33,65.017,12,58,False,2081.82,1.134,1.449,36.31,26,34.62,False,"{""sampler"":""TPESampler"",""seed"":42,""n_trials"":50,""direction"":""maximize"",""objective"":""composite = Sharpe * (Return% / MaxDD%)""}","{""short_ema"":12,""long_ema"":58,""allowshort"":false}",2014-01-01,2024-12-31,2025-01-01,2026-04-20,2014-01-01,2026-04-20,53.0,26.0,9.0,17.0,34.62,3559998.94,-660104.89,88.92,,36.31,9226596.600000003,-2434108.2999999984,2081.82,1.13,1.45,0.0178,0.06,8.0,4.0,3.0,1.0,75.0,154102.87,-83842.8,78.0,,19.24,198336.60000000003,-83842.80000000003,37.85,1.0,1.15,0.0141,0.07,61.0,30.0,12.0,18.0,40.0,3511439.44,-725208.95,87.47,,36.31,9226596.600000003,-2434108.2999999984,2908.35,1.12,1.41,0.0174,0.05
PLZL,ema,1D,Bayesian_TPE,34,33.208,22,76,False,1562.03,1.043,1.345,49.06,19,42.11,False,"{""sampler"":""TPESampler"",""seed"":42,""n_trials"":50,""direction"":""maximize"",""objective"":""composite = Sharpe * (Return% / MaxDD%)""}","{""short_ema"":22,""long_ema"":76,""allowshort"":false}",2014-01-01,2024-12-31,2025-01-01,2026-04-20,2014-01-01,2026-04-20,38.0,19.0,8.0,11.0,42.11,3358457.56,-1022490.3,124.37,,49.06,9311219.45,-2019423.4999999995,1562.03,1.04,1.34,0.0179,0.04,5.0,2.0,2.0,0.0,100.0,77965.5,0.0,107.5,,17.51,89759.9999999999,66171.0,15.59,0.58,0.53,0.0116,0.04,43.0,21.0,10.0,11.0,47.62,3411163.67,-1022490.3,129.1,,49.06,9311219.45,-2019423.4999999995,2286.42,1.05,1.34,0.0175,0.04
PLZL,ema,1D,Bayesian_TPE,35,61.792,12,76,False,2192.71,1.143,1.482,40.56,23,39.13,False,"{""sampler"":""TPESampler"",""seed"":42,""n_trials"":50,""direction"":""maximize"",""objective"":""composite = Sharpe * (Return% / MaxDD%)""}","{""short_ema"":12,""long_ema"":76,""allowshort"":false}",2014-01-01,2024-12-31,2025-01-01,2026-04-20,2014-01-01,2026-04-20,46.0,23.0,9.0,14.0,39.13,3803194.02,-878691.11,102.78,,40.56,12122230.4,-2485072.1999999983,2192.71,1.14,1.48,0.018,0.05,5.0,2.0,2.0,0.0,100.0,132982.8,0.0,104.0,,14.36,137109.59999999995,128855.99999999984,26.6,0.89,0.81,0.0116,0.07,51.0,25.0,11.0,14.0,44.0,4278802.32,-878691.11,107.88,,40.56,12122230.4,-2485072.1999999983,3476.52,1.16,1.49,0.0176,0.05
PLZL,ema,1D,Bayesian_TPE,36,17.305,27,136,False,971.56,0.902,1.195,50.64,16,31.25,False,"{""sampler"":""TPESampler"",""seed"":42,""n_trials"":50,""direction"":""maximize"",""objective"":""composite = Sharpe * (Return% / MaxDD%)""}","{""short_ema"":27,""long_ema"":136,""allowshort"":false}",2014-01-01,2024-12-31,2025-01-01,2026-04-20,2014-01-01,2026-04-20,32.0,16.0,5.0,11.0,31.25,3335550.74,-632920.97,165.44,,50.64,8714281.8,-2107171.950000001,971.56,0.9,1.19,0.0179,0.03,1.0,0.0,0.0,0.0,0.0,0.0,0.0,0.0,,0.0,0.0,0.0,0.0,,,0.0,,33.0,16.0,5.0,11.0,31.25,4511974.74,-632920.97,193.69,,50.64,8714281.8,-2107171.950000001,1559.77,0.93,1.25,0.0177,0.03
PLZL,ema,1D,Bayesian_TPE,37,28.075,21,91,False,1351.49,1.005,1.292,48.38,18,33.33,False,"{""sampler"":""TPESampler"",""seed"":42,""n_trials"":50,""direction"":""maximize"",""objective"":""composite = Sharpe * (Return% / MaxDD%)""}","{""short_ema"":21,""long_ema"":91,""allowshort"":false}",2014-01-01,2024-12-31,2025-01-01,2026-04-20,2014-01-01,2026-04-20,36.0,18.0,6.0,12.0,33.33,3985482.91,-866498.9,132.39,,48.38,9099051.0,-1930280.0000000005,1351.49,1.0,1.29,0.0178,0.04,5.0,2.0,2.0,0.0,100.0,109918.8,0.0,111.0,,17.4,138777.59999999995,81060.00000000004,21.98,0.74,0.7,0.012,0.05,41.0,20.0,8.0,12.0,40.0,3841954.04,-866498.9,137.05,,48.38,9099051.0,-1930280.0000000005,2033.76,1.02,1.31,0.0174,0.04
PLZL,ema,1D,Bayesian_TPE,39,62.173,12,82,False,2212.48,1.144,1.49,40.71,21,38.1,False,"{""sampler"":""TPESampler"",""seed"":42,""n_trials"":50,""direction"":""maximize"",""objective"":""composite = Sharpe * (Return% / MaxDD%)""}","{""short_ema"":12,""long_ema"":82,""allowshort"":false}",2014-01-01,2024-12-31,2025-01-01,2026-04-20,2014-01-01,2026-04-20,42.0,21.0,8.0,13.0,38.1,4322918.24,-958351.64,113.1,,40.71,12243680.4,-2268731.25,2212.48,1.14,1.49,0.018,0.05,5.0,2.0,2.0,0.0,100.0,129516.6,0.0,105.5,,14.63,133440.0,125593.19999999995,25.9,0.87,0.8,0.0116,0.07,47.0,23.0,10.0,13.0,43.48,4733524.49,-958351.64,117.87,,40.71,12243680.4,-2268731.25,3487.67,1.16,1.5,0.0176,0.05
PLZL,ema,1D,Bayesian_TPE,40,15.091,41,60,True,967.17,0.807,1.247,51.72,32,34.38,True,"{""sampler"":""TPESampler"",""seed"":42,""n_trials"":50,""direction"":""maximize"",""objective"":""composite = Sharpe * (Return% / MaxDD%)""}","{""short_ema"":41,""long_ema"":60,""allowshort"":true}",2014-01-01,2024-12-31,2025-01-01,2026-04-20,2014-01-01,2026-04-20,32.0,32.0,11.0,21.0,34.38,2313723.84,-751391.87,124.56,,51.72,7109256.0,-1498933.499999998,967.17,0.81,1.25,0.0212,0.03,5.0,5.0,3.0,2.0,60.0,40906.33,-100064.4,67.8,,21.72,93015.0,-108163.20000000006,-7.74,-0.1,-0.12,0.0144,-0.01,37.0,37.0,14.0,23.0,37.84,2087011.07,-798064.06,120.57,,51.72,7109256.0,-1498933.499999998,1086.27,0.76,1.17,0.0207,0.03
PLZL,ema,1D,Bayesian_TPE,41,89.631,10,70,False,2469.77,1.182,1.524,32.57,23,34.78,False,"{""sampler"":""TPESampler"",""seed"":42,""n_trials"":50,""direction"":""maximize"",""objective"":""composite = Sharpe * (Return% / MaxDD%)""}","{""short_ema"":10,""long_ema"":70,""allowshort"":false}",2014-01-01,2024-12-31,2025-01-01,2026-04-20,2014-01-01,2026-04-20,47.0,23.0,8.0,15.0,34.78,4493880.11,-750222.41,102.35,,32.57,10360921.199999996,-2867042.749999998,2469.77,1.18,1.52,0.0179,0.07,6.0,3.0,3.0,0.0,100.0,173539.63,0.0,108.0,,14.44,207240.69999999995,138247.19999999978,52.06,1.26,1.47,0.0143,0.12,53.0,26.0,11.0,15.0,42.31,4485361.2,-750222.41,103.0,,32.57,10360921.199999996,-2867042.749999998,3808.56,1.19,1.52,0.0175,0.06
PLZL,ema,1D,Bayesian_TPE,42,38.275,20,72,False,1666.02,1.063,1.369,46.27,21,38.1,False,"{""sampler"":""TPESampler"",""seed"":42,""n_trials"":50,""direction"":""maximize"",""objective"":""composite = Sharpe * (Return% / MaxDD%)""}","{""short_ema"":20,""long_ema"":72,""allowshort"":false}",2014-01-01,2024-12-31,2025-01-01,2026-04-20,2014-01-01,2026-04-20,42.0,21.0,8.0,13.0,38.1,3508327.23,-877418.62,112.1,,46.27,9592431.45,-2147840.1999999997,1666.02,1.06,1.37,0.0179,0.04,5.0,2.0,2.0,0.0,100.0,93554.3,0.0,106.5,,17.91,104272.00000000004,82836.60000000005,18.71,0.67,0.6,0.0117,0.04,47.0,23.0,10.0,13.0,43.48,3663261.24,-877418.62,117.22,,46.27,9592431.45,-2147840.1999999997,2522.62,1.07,1.37,0.0175,0.04
PLZL,ema,1D,Bayesian_TPE,43,90.004,10,73,False,2484.06,1.183,1.529,32.65,23,30.43,False,"{""sampler"":""TPESampler"",""seed"":42,""n_trials"":50,""direction"":""maximize"",""objective"":""composite = Sharpe * (Return% / MaxDD%)""}","{""short_ema"":10,""long_ema"":73,""allowshort"":false}",2014-01-01,2024-12-31,2025-01-01,2026-04-20,2014-01-01,2026-04-20,46.0,23.0,7.0,16.0,30.43,5225679.08,-733699.68,102.61,,32.65,12848926.8,-2915548.999999998,2484.06,1.18,1.53,0.0179,0.07,5.0,2.0,2.0,0.0,100.0,125338.8,0.0,103.0,,14.36,137109.59999999995,113567.9999999998,25.07,0.85,0.76,0.0115,0.07,51.0,25.0,10.0,15.0,40.0,5020046.89,-763145.29,107.6,,32.65,12848926.8,-2915548.999999998,3875.33,1.19,1.53,0.0175,0.06
PLZL,ema,1D,Bayesian_TPE,44,27.598,24,99,False,1334.59,0.999,1.292,48.31,18,38.89,False,"{""sampler"":""TPESampler"",""seed"":42,""n_trials"":50,""direction"":""maximize"",""objective"":""composite = Sharpe * (Return% / MaxDD%)""}","{""short_ema"":24,""long_ema"":99,""allowshort"":false}",2014-01-01,2024-12-31,2025-01-01,2026-04-20,2014-01-01,2026-04-20,36.0,18.0,7.0,11.0,38.89,3273271.8,-869726.36,134.61,,48.31,8881481.4,-2168992.0,1334.59,1.0,1.29,0.0178,0.04,5.0,2.0,2.0,0.0,100.0,115754.8,0.0,128.0,,17.4,153789.60000000006,77720.0,23.15,0.75,0.76,0.0124,0.05,41.0,20.0,9.0,11.0,45.0,3312043.34,-869726.36,140.9,,48.31,8881481.4,-2168992.0,2024.14,1.01,1.31,0.0175,0.04
PLZL,ema,1D,Bayesian_TPE,45,68.765,16,71,False,2207.21,1.144,1.486,36.72,22,36.36,False,"{""sampler"":""TPESampler"",""seed"":42,""n_trials"":50,""direction"":""maximize"",""objective"":""composite = Sharpe * (Return% / MaxDD%)""}","{""short_ema"":16,""long_ema"":71,""allowshort"":false}",2014-01-01,2024-12-31,2025-01-01,2026-04-20,2014-01-01,2026-04-20,44.0,22.0,8.0,14.0,36.36,4286545.82,-872873.7,107.64,,36.72,11734019.55,-2455321.6999999983,2207.21,1.14,1.49,0.018,0.06,5.0,2.0,2.0,0.0,100.0,105401.0,0.0,104.0,,15.15,133996.0,76806.0,21.08,0.74,0.67,0.0115,0.06,49.0,24.0,10.0,14.0,41.67,4608788.55,-872873.7,112.58,,36.72,11734019.55,-2455321.6999999983,3386.77,1.15,1.48,0.0176,0.06
PLZL,ema,1D,Bayesian_TPE,46,68.217,9,84,False,2322.68,1.161,1.506,39.53,26,30.77,False,"{""sampler"":""TPESampler"",""seed"":42,""n_trials"":50,""direction"":""maximize"",""objective"":""composite = Sharpe * (Return% / MaxDD%)""}","{""short_ema"":9,""long_ema"":84,""allowshort"":false}",2014-01-01,2024-12-31,2025-01-01,2026-04-20,2014-01-01,2026-04-20,52.0,26.0,8.0,18.0,30.77,4466430.01,-694700.15,91.58,,39.53,12795332.6,-2689574.549999998,2322.68,1.16,1.51,0.018,0.05,5.0,2.0,2.0,0.0,100.0,137618.0,0.0,104.5,,14.36,138126.39999999997,137109.59999999995,27.52,0.91,0.83,0.0116,0.07,57.0,28.0,10.0,18.0,35.71,4950660.21,-694700.15,96.93,,39.53,12795332.6,-2689574.549999998,3700.2,1.18,1.51,0.0175,0.05
PLZL,ema,1D,Bayesian_TPE,48,36.953,31,57,False,1660.8,1.062,1.361,47.73,18,44.44,False,"{""sampler"":""TPESampler"",""seed"":42,""n_trials"":50,""direction"":""maximize"",""objective"":""composite = Sharpe * (Return% / MaxDD%)""}","{""short_ema"":31,""long_ema"":57,""allowshort"":false}",2014-01-01,2024-12-31,2025-01-01,2026-04-20,2014-01-01,2026-04-20,36.0,18.0,8.0,10.0,44.44,3408766.66,-1066217.89,129.5,,47.73,9827691.5,-2533896.75,1660.8,1.06,1.36,0.0179,0.04,5.0,2.0,2.0,0.0,100.0,71400.8,0.0,105.5,,17.41,80840.0,61961.59999999995,14.28,0.54,0.48,0.0115,0.04,41.0,20.0,10.0,10.0,50.0,3478720.7,-1066217.89,133.65,,47.73,9827691.5,-2533896.75,2412.5,1.06,1.35,0.0175,0.04
PLZL,ema,1D,Bayesian_TPE,49,24.903,5,172,True,1363.59,0.902,1.444,49.39,50,22.0,True,"{""sampler"":""TPESampler"",""seed"":42,""n_trials"":50,""direction"":""maximize"",""objective"":""composite = Sharpe * (Return% / MaxDD%)""}","{""short_ema"":5,""long_ema"":172,""allowshort"":true}",2014-01-01,2024-12-31,2025-01-01,2026-04-20,2014-01-01,2026-04-20,50.0,50.0,11.0,39.0,22.0,3019497.59,-502015.34,79.76,,49.39,11747733.0,-1686829.6500000015,1363.59,0.9,1.44,0.0209,0.04,3.0,3.0,2.0,1.0,66.67,58684.3,-57456.0,57.67,,16.79,90428.60000000003,-57456.0,5.99,0.32,0.28,0.009,0.02,53.0,53.0,13.0,40.0,24.53,3211570.97,-519298.76,84.21,,49.39,11747733.0,-1686829.6500000015,2097.85,0.92,1.45,0.0204,0.04
GMKN,ema,1D,Bayesian_TPE,0,6.44,40,193,True,404.9,0.678,0.914,42.63,8,50.0,True,"{""sampler"":""TPESampler"",""seed"":42,""n_trials"":50,""direction"":""maximize"",""objective"":""composite = Sharpe * (Return% / MaxDD%)""}","{""short_ema"":40,""long_ema"":193,""allowshort"":true}",2014-01-01,2024-12-31,2025-01-01,2026-04-20,2014-01-01,2026-04-20,8.0,8.0,4.0,4.0,50.0,1128355.05,-116108.42,500.38,,42.63,1806432.32,-175604.76000000015,404.9,0.68,0.91,0.0173,0.03,4.0,4.0,1.0,2.0,25.0,39825.9,-189631.2,105.75,,46.17,39825.899999999994,-224624.40000000008,-33.94,-0.65,-0.9,0.0197,-0.03,12.0,12.0,5.0,6.0,41.67,825759.08,-360946.92,373.17,,53.75,1806432.32,-1007592.0400000004,196.31,0.45,0.61,0.0177,0.01
GMKN,ema,1D,Bayesian_TPE,1,0.013,19,73,False,5.45,0.129,0.123,52.16,25,28.0,False,"{""sampler"":""TPESampler"",""seed"":42,""n_trials"":50,""direction"":""maximize"",""objective"":""composite = Sharpe * (Return% / MaxDD%)""}","{""short_ema"":19,""long_ema"":73,""allowshort"":false}",2014-01-01,2024-12-31,2025-01-01,2026-04-20,2014-01-01,2026-04-20,50.0,25.0,7.0,18.0,28.0,196266.93,-73296.52,87.4,,52.16,350982.95999999996,-168868.1400000001,5.45,0.13,0.12,0.0132,0.0,4.0,2.0,2.0,0.0,100.0,130341.36,0.0,165.0,,22.29,259306.5599999999,1376.1599999999708,26.07,0.68,0.93,0.0162,0.05,54.0,27.0,9.0,18.0,33.33,183197.85,-73296.52,93.15,,52.16,350982.95999999996,-168868.1400000001,32.94,0.21,0.22,0.0136,0.01
GMKN,ema,1D,Bayesian_TPE,2,4.862,62,156,False,251.35,0.603,0.641,31.17,6,50.0,False,"{""sampler"":""TPESampler"",""seed"":42,""n_trials"":50,""direction"":""maximize"",""objective"":""composite = Sharpe * (Return% / MaxDD%)""}","{""short_ema"":62,""long_ema"":156,""allowshort"":false}",2014-01-01,2024-12-31,2025-01-01,2026-04-20,2014-01-01,2026-04-20,12.0,6.0,3.0,3.0,50.0,985012.62,-147195.24,428.17,,31.17,1573860.9600000002,-248480.63999999955,251.35,0.6,0.64,0.015,0.03,3.0,2.0,1.0,1.0,50.0,48362.72,-236405.7,149.5,,29.42,48362.72000000003,-236405.69999999995,-18.8,-0.39,-0.5,0.0157,-0.02,15.0,8.0,4.0,4.0,50.0,781239.25,-318054.78,358.5,,45.75,1573860.9600000002,-830633.3999999999,185.27,0.47,0.51,0.0151,0.02
GMKN,ema,1D,Bayesian_TPE,4,0.043,22,77,False,14.03,0.163,0.155,53.75,21,28.57,False,"{""sampler"":""TPESampler"",""seed"":42,""n_trials"":50,""direction"":""maximize"",""objective"":""composite = Sharpe * (Return% / MaxDD%)""}","{""short_ema"":22,""long_ema"":77,""allowshort"":false}",2014-01-01,2024-12-31,2025-01-01,2026-04-20,2014-01-01,2026-04-20,42.0,21.0,6.0,15.0,28.57,252671.15,-91711.94,104.14,,53.75,758468.61,-202433.0000000001,14.03,0.16,0.16,0.0132,0.0,4.0,2.0,1.0,1.0,50.0,162267.3,-63183.56,164.5,,27.81,162267.2999999999,-63183.55999999991,9.91,0.35,0.48,0.0164,0.02,46.0,23.0,7.0,16.0,30.43,243009.17,-90482.9,109.39,,55.05,758468.61,-202433.0000000001,25.33,0.19,0.19,0.0137,0.0
GMKN,ema,1D,Bayesian_TPE,5,2.361,46,93,True,203.99,0.511,0.686,44.15,24,33.33,True,"{""sampler"":""TPESampler"",""seed"":42,""n_trials"":50,""direction"":""maximize"",""objective"":""composite = Sharpe * (Return% / MaxDD%)""}","{""short_ema"":46,""long_ema"":93,""allowshort"":true}",2014-01-01,2024-12-31,2025-01-01,2026-04-20,2014-01-01,2026-04-20,24.0,24.0,8.0,16.0,33.33,459450.95,-102233.4,166.79,,44.15,852039.0000000001,-277419.0,203.99,0.51,0.69,0.0171,0.02,4.0,4.0,1.0,3.0,25.0,98159.34,-47380.29,112.5,,27.84,98159.33999999992,-77650.20000000001,-4.4,0.07,0.1,0.0195,0.0,28.0,28.0,9.0,19.0,32.14,426005.31,-107879.89,159.93,,44.15,852039.0000000001,-277419.0,178.43,0.43,0.59,0.0174,0.02
GMKN,ema,1D,Bayesian_TPE,6,3.181,33,105,False,189.37,0.537,0.536,31.97,12,50.0,False,"{""sampler"":""TPESampler"",""seed"":42,""n_trials"":50,""direction"":""maximize"",""objective"":""composite = Sharpe * (Return% / MaxDD%)""}","{""short_ema"":33,""long_ema"":105,""allowshort"":false}",2014-01-01,2024-12-31,2025-01-01,2026-04-20,2014-01-01,2026-04-20,24.0,12.0,6.0,6.0,50.0,431155.34,-115535.26,194.33,,31.97,1013934.56,-180292.0,189.37,0.54,0.54,0.0145,0.02,4.0,2.0,1.0,1.0,50.0,77242.0,-136892.14,162.0,,29.92,77242.0,-136892.13999999998,-5.97,-0.02,-0.03,0.0161,-0.0,28.0,14.0,7.0,7.0,50.0,401496.29,-155621.92,189.71,,31.97,1013934.56,-396141.9,172.11,0.46,0.47,0.0148,0.02
GMKN,ema,1D,Bayesian_TPE,7,0.934,24,127,True,130.39,0.417,0.556,58.19,24,33.33,True,"{""sampler"":""TPESampler"",""seed"":42,""n_trials"":50,""direction"":""maximize"",""objective"":""composite = Sharpe * (Return% / MaxDD%)""}","{""short_ema"":24,""long_ema"":127,""allowshort"":true}",2014-01-01,2024-12-31,2025-01-01,2026-04-20,2014-01-01,2026-04-20,24.0,24.0,8.0,16.0,33.33,352485.91,-94750.18,166.79,,58.19,762734.8800000001,-192535.2,130.39,0.42,0.56,0.0172,0.01,4.0,4.0,2.0,2.0,50.0,76477.52,-68122.83,113.0,,28.96,147787.64000000007,-95355.79999999996,1.67,0.19,0.28,0.0197,0.01,28.0,28.0,10.0,18.0,35.71,306687.6,-100969.05,159.93,,58.19,762734.8800000001,-210972.19999999995,124.94,0.37,0.5,0.0175,0.01
GMKN,ema,1D,Bayesian_TPE,8,2.578,63,75,False,175.65,0.516,0.517,35.16,13,38.46,False,"{""sampler"":""TPESampler"",""seed"":42,""n_trials"":50,""direction"":""maximize"",""objective"":""composite = Sharpe * (Return% / MaxDD%)""}","{""short_ema"":63,""long_ema"":75,""allowshort"":false}",2014-01-01,2024-12-31,2025-01-01,2026-04-20,2014-01-01,2026-04-20,26.0,13.0,5.0,8.0,38.46,506069.07,-96726.21,180.92,,35.16,1043370.72,-164974.16000000015,175.65,0.52,0.52,0.0146,0.02,4.0,2.0,1.0,1.0,50.0,133385.52,-67320.0,163.0,,27.32,133385.52000000005,-67319.99999999997,6.61,0.28,0.39,0.0167,0.02,30.0,15.0,6.0,9.0,40.0,483008.15,-106599.17,178.53,,35.16,1043370.72,-185582.87999999992,193.87,0.48,0.5,0.0149,0.02
GMKN,ema,1D,Bayesian_TPE,9,3.496,97,172,True,287.94,0.586,0.793,48.27,8,50.0,True,"{""sampler"":""TPESampler"",""seed"":42,""n_trials"":50,""direction"":""maximize"",""objective"":""composite = Sharpe * (Return% / MaxDD%)""}","{""short_ema"":97,""long_ema"":172,""allowshort"":true}",2014-01-01,2024-12-31,2025-01-01,2026-04-20,2014-01-01,2026-04-20,8.0,8.0,4.0,4.0,50.0,934836.8,-214977.35,500.25,,48.27,1646976.12,-430482.96000000025,287.94,0.59,0.79,0.0175,0.02,3.0,3.0,1.0,2.0,33.33,81524.34,-125415.9,133.0,,32.61,81524.33999999997,-159592.68000000002,-16.93,-0.24,-0.31,0.0185,-0.01,11.0,11.0,5.0,6.0,45.45,730800.19,-289973.3,407.0,,48.27,1646976.12,-559859.04,191.42,0.44,0.6,0.0178,0.02
GMKN,ema,1D,Bayesian_TPE,10,0.02,8,190,True,-41.7,-0.04,-0.05,82.4,50,18.0,True,"{""sampler"":""TPESampler"",""seed"":42,""n_trials"":50,""direction"":""maximize"",""objective"":""composite = Sharpe * (Return% / MaxDD%)""}","{""short_ema"":8,""long_ema"":190,""allowshort"":true}",2014-01-01,2024-12-31,2025-01-01,2026-04-20,2014-01-01,2026-04-20,50.0,50.0,9.0,41.0,18.0,140380.4,-40986.97,80.06,,82.4,687982.41,-176764.68,-41.7,-0.04,-0.05,0.0174,-0.0,6.0,6.0,3.0,3.0,50.0,66010.19,-40515.29,75.5,,21.37,162493.3200000001,-59407.20000000005,7.65,0.3,0.45,0.019,0.03,56.0,56.0,12.0,44.0,21.43,112238.29,-39728.82,79.96,,82.4,687982.41,-176764.68,-40.12,-0.0,-0.01,0.0176,-0.0
GMKN,ema,1D,Bayesian_TPE,11,3.929,64,152,False,217.13,0.564,0.599,31.17,6,50.0,False,"{""sampler"":""TPESampler"",""seed"":42,""n_trials"":50,""direction"":""maximize"",""objective"":""composite = Sharpe * (Return% / MaxDD%)""}","{""short_ema"":64,""long_ema"":152,""allowshort"":false}",2014-01-01,2024-12-31,2025-01-01,2026-04-20,2014-01-01,2026-04-20,12.0,6.0,3.0,3.0,50.0,897563.22,-173796.78,426.33,,31.17,1526371.74,-224283.4199999996,217.13,0.56,0.6,0.0149,0.03,3.0,2.0,1.0,1.0,50.0,48362.72,-236405.7,149.5,,29.42,48362.72000000003,-236405.69999999995,-18.8,-0.39,-0.5,0.0157,-0.02,15.0,8.0,4.0,4.0,50.0,711515.06,-317787.25,357.12,,46.89,1526371.74,-749758.6799999999,157.49,0.43,0.47,0.015,0.01
GMKN,ema,1D,Bayesian_TPE,12,4.579,45,198,True,340.64,0.631,0.851,46.94,8,50.0,True,"{""sampler"":""TPESampler"",""seed"":42,""n_trials"":50,""direction"":""maximize"",""objective"":""composite = Sharpe * (Return% / MaxDD%)""}","{""short_ema"":45,""long_ema"":198,""allowshort"":true}",2014-01-01,2024-12-31,2025-01-01,2026-04-20,2014-01-01,2026-04-20,8.0,8.0,4.0,4.0,50.0,1016123.45,-164520.3,500.38,,46.94,1710530.16,-262909.67999999993,340.64,0.63,0.85,0.0173,0.02,3.0,3.0,1.0,2.0,33.33,36807.96,-209389.85,139.67,,46.27,36807.96000000002,-273152.7,-38.2,-0.8,-1.08,0.0194,-0.03,11.0,11.0,5.0,6.0,45.45,698338.43,-367768.71,407.09,,59.2,1710530.16,-1010042.82,128.51,0.37,0.51,0.0177,0.01
GMKN,ema,1D,Bayesian_TPE,13,7.542,66,158,True,423.17,0.691,0.931,38.77,8,50.0,True,"{""sampler"":""TPESampler"",""seed"":42,""n_trials"":50,""direction"":""maximize"",""objective"":""composite = Sharpe * (Return% / MaxDD%)""}","{""short_ema"":66,""long_ema"":158,""allowshort"":true}",2014-01-01,2024-12-31,2025-01-01,2026-04-20,2014-01-01,2026-04-20,8.0,8.0,4.0,4.0,50.0,1201879.87,-143950.7,500.38,,38.77,2012210.53,-277813.2599999997,423.17,0.69,0.93,0.0172,0.03,3.0,3.0,1.0,2.0,33.33,25208.82,-159045.25,139.33,,38.53,25208.819999999923,-199523.13999999996,-29.29,-0.57,-0.83,0.0185,-0.03,11.0,11.0,5.0,6.0,45.45,830690.19,-332680.89,407.09,,52.7,2012210.53,-890876.0999999997,215.74,0.47,0.64,0.0175,0.02
GMKN,ema,1D,Bayesian_TPE,14,3.663,78,134,True,257.82,0.563,0.76,39.63,12,41.67,True,"{""sampler"":""TPESampler"",""seed"":42,""n_trials"":50,""direction"":""maximize"",""objective"":""composite = Sharpe * (Return% / MaxDD%)""}","{""short_ema"":78,""long_ema"":134,""allowshort"":true}",2014-01-01,2024-12-31,2025-01-01,2026-04-20,2014-01-01,2026-04-20,12.0,12.0,5.0,7.0,41.67,740158.4,-160376.74,333.5,,39.63,1315962.24,-262989.1800000002,257.82,0.56,0.76,0.0172,0.02,3.0,3.0,1.0,2.0,33.33,45569.44,-140239.46,139.33,,33.49,45569.440000000024,-192112.6799999999,-23.49,-0.41,-0.6,0.0184,-0.02,15.0,15.0,6.0,9.0,40.0,551265.64,-219665.85,298.47,,49.03,1315962.24,-585186.5999999997,133.06,0.38,0.52,0.0175,0.01
GMKN,ema,1D,Bayesian_TPE,15,7.071,41,172,True,389.51,0.671,0.903,36.96,12,41.67,True,"{""sampler"":""TPESampler"",""seed"":42,""n_trials"":50,""direction"":""maximize"",""objective"":""composite = Sharpe * (Return% / MaxDD%)""}","{""short_ema"":41,""long_ema"":172,""allowshort"":true}",2014-01-01,2024-12-31,2025-01-01,2026-04-20,2014-01-01,2026-04-20,12.0,12.0,5.0,7.0,41.67,915819.75,-97711.94,333.58,,36.96,1397048.5,-157148.6600000001,389.51,0.67,0.9,0.0171,0.03,4.0,4.0,1.0,3.0,25.0,34479.6,-87533.27,106.0,,34.72,34479.59999999987,-161994.36000000007,-22.81,-0.38,-0.58,0.0187,-0.02,16.0,16.0,6.0,10.0,37.5,695935.29,-182419.42,279.88,,44.2,1397048.5,-703381.8000000004,235.14,0.49,0.67,0.0174,0.02
GMKN,ema,1D,Bayesian_TPE,16,6.168,55,167,True,389.95,0.668,0.901,42.23,8,50.0,True,"{""sampler"":""TPESampler"",""seed"":42,""n_trials"":50,""direction"":""maximize"",""objective"":""composite = Sharpe * (Return% / MaxDD%)""}","{""short_ema"":55,""long_ema"":167,""allowshort"":true}",2014-01-01,2024-12-31,2025-01-01,2026-04-20,2014-01-01,2026-04-20,8.0,8.0,4.0,4.0,50.0,1117954.08,-143073.13,500.38,,42.23,1815922.02,-201489.49999999945,389.95,0.67,0.9,0.0173,0.03,3.0,3.0,1.0,2.0,33.33,46795.56,-130587.95,139.67,,31.71,46795.56000000003,-194350.8,-21.44,-0.37,-0.54,0.0182,-0.02,11.0,11.0,5.0,6.0,45.45,772336.96,-273759.53,407.09,,48.4,1815922.02,-796424.16,221.91,0.47,0.65,0.0175,0.02
GMKN,ema,1D,Bayesian_TPE,17,6.461,77,141,True,372.1,0.656,0.885,37.78,10,50.0,True,"{""sampler"":""TPESampler"",""seed"":42,""n_trials"":50,""direction"":""maximize"",""objective"":""composite = Sharpe * (Return% / MaxDD%)""}","{""short_ema"":77,""long_ema"":141,""allowshort"":true}",2014-01-01,2024-12-31,2025-01-01,2026-04-20,2014-01-01,2026-04-20,10.0,10.0,5.0,5.0,50.0,888429.33,-144222.93,400.2,,37.78,1389206.85,-311973.11999999953,372.1,0.66,0.89,0.0172,0.03,3.0,3.0,1.0,2.0,33.33,25344.9,-157216.5,139.0,,39.47,25344.89999999992,-180980.10000000003,-28.91,-0.56,-0.81,0.0186,-0.03,13.0,13.0,6.0,7.0,46.15,662209.88,-289301.58,344.38,,51.13,1389206.85,-750549.0800000001,194.81,0.45,0.61,0.0175,0.02
GMKN,ema,1D,Bayesian_TPE,18,0.105,54,55,True,32.3,0.23,0.304,70.58,36,22.22,True,"{""sampler"":""TPESampler"",""seed"":42,""n_trials"":50,""direction"":""maximize"",""objective"":""composite = Sharpe * (Return% / MaxDD%)""}","{""short_ema"":54,""long_ema"":55,""allowshort"":true}",2014-01-01,2024-12-31,2025-01-01,2026-04-20,2014-01-01,2026-04-20,36.0,36.0,8.0,28.0,22.22,268619.07,-65213.17,111.19,,70.58,771823.89,-192387.1199999999,32.3,0.23,0.3,0.0171,0.01,4.0,4.0,3.0,1.0,75.0,85063.91,-70461.6,114.25,,27.32,211379.20000000007,-70461.59999999998,18.47,0.49,0.77,0.0194,0.03,40.0,40.0,11.0,29.0,27.5,219309.46,-66035.34,111.95,,70.58,771823.89,-192387.1199999999,49.74,0.25,0.35,0.0174,0.01
GMKN,ema,1D,Bayesian_TPE,19,3.754,100,177,True,296.94,0.594,0.803,46.99,8,50.0,True,"{""sampler"":""TPESampler"",""seed"":42,""n_trials"":50,""direction"":""maximize"",""objective"":""composite = Sharpe * (Return% / MaxDD%)""}","{""short_ema"":100,""long_ema"":177,""allowshort"":true}",2014-01-01,2024-12-31,2025-01-01,2026-04-20,2014-01-01,2026-04-20,8.0,8.0,4.0,4.0,50.0,954480.07,-212142.15,500.25,,46.99,1687123.4800000002,-436306.5000000001,296.94,0.59,0.8,0.0175,0.02,3.0,3.0,1.0,2.0,33.33,91977.0,-60000.88,131.67,,22.96,91976.99999999994,-89505.75999999997,-2.8,0.08,0.1,0.0174,0.01,11.0,11.0,5.0,6.0,45.45,757649.76,-213588.13,407.0,,46.99,1687123.4800000002,-436306.5000000001,250.67,0.5,0.67,0.0176,0.02
GMKN,ema,1D,Bayesian_TPE,20,2.808,33,112,True,223.53,0.532,0.711,42.35,22,40.91,True,"{""sampler"":""TPESampler"",""seed"":42,""n_trials"":50,""direction"":""maximize"",""objective"":""composite = Sharpe * (Return% / MaxDD%)""}","{""short_ema"":33,""long_ema"":112,""allowshort"":true}",2014-01-01,2024-12-31,2025-01-01,2026-04-20,2014-01-01,2026-04-20,22.0,22.0,9.0,13.0,40.91,424940.04,-122240.23,181.95,,42.35,890232.2000000001,-231601.67999999973,223.53,0.53,0.71,0.0171,0.02,4.0,4.0,1.0,3.0,25.0,78396.28,-47568.33,112.75,,28.3,78396.27999999987,-71057.75999999997,-6.43,0.02,0.03,0.0194,0.0,26.0,26.0,10.0,16.0,38.46,391753.71,-126849.78,172.23,,42.35,890232.2000000001,-231601.67999999973,188.79,0.44,0.61,0.0174,0.02
GMKN,ema,1D,Bayesian_TPE,21,6.445,77,144,True,389.96,0.667,0.901,40.36,8,50.0,True,"{""sampler"":""TPESampler"",""seed"":42,""n_trials"":50,""direction"":""maximize"",""objective"":""composite = Sharpe * (Return% / MaxDD%)""}","{""short_ema"":77,""long_ema"":144,""allowshort"":true}",2014-01-01,2024-12-31,2025-01-01,2026-04-20,2014-01-01,2026-04-20,8.0,8.0,4.0,4.0,50.0,1129531.79,-154624.83,500.25,,40.36,1909635.31,-299965.67999999935,389.96,0.67,0.9,0.0173,0.03,3.0,3.0,1.0,2.0,33.33,25344.9,-157216.5,139.0,,39.47,25344.89999999992,-180980.10000000003,-28.91,-0.56,-0.81,0.0186,-0.03,11.0,11.0,5.0,6.0,45.45,806296.69,-328640.25,407.0,,51.13,1909635.31,-778951.3400000001,205.96,0.46,0.63,0.0176,0.02
GMKN,ema,1D,Bayesian_TPE,22,6.748,75,144,True,398.35,0.674,0.909,39.79,8,50.0,True,"{""sampler"":""TPESampler"",""seed"":42,""n_trials"":50,""direction"":""maximize"",""objective"":""composite = Sharpe * (Return% / MaxDD%)""}","{""short_ema"":75,""long_ema"":144,""allowshort"":true}",2014-01-01,2024-12-31,2025-01-01,2026-04-20,2014-01-01,2026-04-20,8.0,8.0,4.0,4.0,50.0,1154537.48,-158651.77,500.25,,39.79,1962782.6400000004,-329329.4399999995,398.35,0.67,0.91,0.0172,0.03,3.0,3.0,1.0,2.0,33.33,25344.9,-157216.5,139.0,,39.47,25344.89999999992,-180980.10000000003,-28.91,-0.56,-0.81,0.0186,-0.03,11.0,11.0,5.0,6.0,45.45,824635.14,-335187.48,407.0,,51.13,1962782.6400000004,-792290.6600000001,211.21,0.46,0.63,0.0176,0.02
GMKN,ema,1D,Bayesian_TPE,23,2.916,89,160,True,252.11,0.551,0.748,47.64,8,50.0,True,"{""sampler"":""TPESampler"",""seed"":42,""n_trials"":50,""direction"":""maximize"",""objective"":""composite = Sharpe * (Return% / MaxDD%)""}","{""short_ema"":89,""long_ema"":160,""allowshort"":true}",2014-01-01,2024-12-31,2025-01-01,2026-04-20,2014-01-01,2026-04-20,8.0,8.0,4.0,4.0,50.0,844089.96,-213825.9,500.25,,47.64,1528123.3000000005,-449522.6400000001,252.11,0.55,0.75,0.0177,0.02,3.0,3.0,1.0,2.0,33.33,30416.12,-193239.36,136.33,,44.3,30416.119999999988,-217348.48000000007,-35.61,-0.73,-0.96,0.0191,-0.03,11.0,11.0,5.0,6.0,45.45,608912.7,-341916.59,407.0,,56.51,1528123.3000000005,-672718.4600000002,99.31,0.33,0.45,0.0181,0.01
GMKN,ema,1D,Bayesian_TPE,24,4.692,71,179,True,321.56,0.613,0.831,42.01,8,50.0,True,"{""sampler"":""TPESampler"",""seed"":42,""n_trials"":50,""direction"":""maximize"",""objective"":""composite = Sharpe * (Return% / MaxDD%)""}","{""short_ema"":71,""long_ema"":179,""allowshort"":true}",2014-01-01,2024-12-31,2025-01-01,2026-04-20,2014-01-01,2026-04-20,8.0,8.0,4.0,4.0,50.0,977427.22,-173532.64,500.25,,42.01,1714700.4,-376901.6799999997,321.56,0.61,0.83,0.0175,0.03,3.0,3.0,1.0,2.0,33.33,56917.96,-113077.09,137.33,,30.35,56917.959999999934,-145962.87999999992,-16.92,-0.25,-0.36,0.0181,-0.01,11.0,11.0,5.0,6.0,45.45,730487.95,-256856.75,407.0,,42.31,1714700.4,-546671.3599999998,211.13,0.46,0.63,0.0177,0.02
GMKN,ema,1D,Bayesian_TPE,25,2.585,69,115,True,238.53,0.547,0.733,50.47,14,35.71,True,"{""sampler"":""TPESampler"",""seed"":42,""n_trials"":50,""direction"":""maximize"",""objective"":""composite = Sharpe * (Return% / MaxDD%)""}","{""short_ema"":69,""long_ema"":115,""allowshort"":true}",2014-01-01,2024-12-31,2025-01-01,2026-04-20,2014-01-01,2026-04-20,14.0,14.0,5.0,9.0,35.71,701979.52,-124959.54,285.93,,50.47,1088851.84,-167311.97999999992,238.53,0.55,0.73,0.0171,0.02,4.0,4.0,1.0,3.0,25.0,45881.44,-86935.53,106.25,,37.43,45881.43999999988,-153631.71999999994,-21.49,-0.34,-0.5,0.019,-0.02,18.0,18.0,6.0,12.0,33.33,553194.02,-160106.14,248.78,,50.47,1088851.84,-469270.5599999998,139.79,0.39,0.53,0.0174,0.01
GMKN,ema,1D,Bayesian_TPE,26,3.438,89,146,True,276.82,0.575,0.779,46.3,8,50.0,True,"{""sampler"":""TPESampler"",""seed"":42,""n_trials"":50,""direction"":""maximize"",""objective"":""composite = Sharpe * (Return% / MaxDD%)""}","{""short_ema"":89,""long_ema"":146,""allowshort"":true}",2014-01-01,2024-12-31,2025-01-01,2026-04-20,2014-01-01,2026-04-20,8.0,8.0,4.0,4.0,50.0,911898.25,-219836.63,500.25,,46.3,1654751.0100000002,-483094.07999999984,276.82,0.58,0.78,0.0176,0.02,3.0,3.0,1.0,2.0,33.33,55208.74,-124701.15,137.33,,32.44,55208.73999999994,-157586.93999999992,-19.42,-0.31,-0.44,0.0183,-0.02,11.0,11.0,5.0,6.0,45.45,677851.25,-284824.55,407.0,,46.3,1654751.0100000002,-524190.2399999997,168.03,0.42,0.57,0.0178,0.02
GMKN,ema,1D,Bayesian_TPE,27,5.411,57,163,True,355.39,0.643,0.868,42.23,10,50.0,True,"{""sampler"":""TPESampler"",""seed"":42,""n_trials"":50,""direction"":""maximize"",""objective"":""composite = Sharpe * (Return% / MaxDD%)""}","{""short_ema"":57,""long_ema"":163,""allowshort"":true}",2014-01-01,2024-12-31,2025-01-01,2026-04-20,2014-01-01,2026-04-20,10.0,10.0,5.0,5.0,50.0,843929.49,-133141.28,400.3,,42.23,1287144.54,-208612.7999999996,355.39,0.64,0.87,0.0173,0.03,3.0,3.0,1.0,2.0,33.33,43450.12,-156991.35,139.67,,36.59,43450.120000000024,-220754.2,-27.05,-0.51,-0.74,0.0185,-0.03,13.0,13.0,6.0,7.0,46.15,606636.07,-265944.15,344.46,,52.09,1287144.54,-840812.36,177.82,0.43,0.59,0.0175,0.01
GMKN,ema,1D,Bayesian_TPE,28,6.968,47,186,True,420.23,0.689,0.928,41.55,8,50.0,True,"{""sampler"":""TPESampler"",""seed"":42,""n_trials"":50,""direction"":""maximize"",""objective"":""composite = Sharpe * (Return% / MaxDD%)""}","{""short_ema"":47,""long_ema"":186,""allowshort"":true}",2014-01-01,2024-12-31,2025-01-01,2026-04-20,2014-01-01,2026-04-20,8.0,8.0,4.0,4.0,50.0,1182045.55,-131470.02,500.38,,41.55,1926378.12,-171439.23999999993,420.23,0.69,0.93,0.0172,0.03,3.0,3.0,1.0,2.0,33.33,44806.16,-146239.45,139.67,,34.6,44806.160000000025,-210002.3,-24.77,-0.45,-0.66,0.0184,-0.02,11.0,11.0,5.0,6.0,45.45,817367.37,-300454.99,407.09,,50.34,1926378.12,-916788.88,228.41,0.48,0.66,0.0175,0.02
GMKN,ema,1D,Bayesian_TPE,29,6.931,45,190,True,423.37,0.692,0.931,42.27,8,50.0,True,"{""sampler"":""TPESampler"",""seed"":42,""n_trials"":50,""direction"":""maximize"",""objective"":""composite = Sharpe * (Return% / MaxDD%)""}","{""short_ema"":45,""long_ema"":190,""allowshort"":true}",2014-01-01,2024-12-31,2025-01-01,2026-04-20,2014-01-01,2026-04-20,8.0,8.0,4.0,4.0,50.0,1179778.24,-121341.6,500.38,,42.27,1894923.48,-164437.68000000002,423.37,0.69,0.93,0.0172,0.03,3.0,3.0,1.0,2.0,33.33,36807.96,-209389.85,139.67,,46.27,36807.96000000002,-273152.7,-38.2,-0.8,-1.08,0.0194,-0.03,11.0,11.0,5.0,6.0,45.45,810944.39,-388512.34,407.09,,58.99,1894923.48,-1203878.88,172.36,0.43,0.57,0.0176,0.01
GMKN,ema,1D,Bayesian_TPE,30,9.173,34,184,True,442.42,0.706,0.948,34.05,12,41.67,True,"{""sampler"":""TPESampler"",""seed"":42,""n_trials"":50,""direction"":""maximize"",""objective"":""composite = Sharpe * (Return% / MaxDD%)""}","{""short_ema"":34,""long_ema"":184,""allowshort"":true}",2014-01-01,2024-12-31,2025-01-01,2026-04-20,2014-01-01,2026-04-20,12.0,12.0,5.0,7.0,41.67,1007343.36,-87509.44,333.58,,34.05,1592154.64,-184002.25999999995,442.42,0.71,0.95,0.0171,0.04,4.0,4.0,1.0,3.0,25.0,33695.0,-102270.11,106.25,,37.58,33695.00000000008,-172947.12,-27.31,-0.49,-0.69,0.0192,-0.02,16.0,16.0,6.0,10.0,37.5,782208.74,-212064.49,279.88,,43.91,1592154.64,-850092.4800000001,257.26,0.5,0.69,0.0174,0.02
GMKN,ema,1D,Bayesian_TPE,31,8.862,34,183,True,431.7,0.699,0.939,34.05,12,41.67,True,"{""sampler"":""TPESampler"",""seed"":42,""n_trials"":50,""direction"":""maximize"",""objective"":""composite = Sharpe * (Return% / MaxDD%)""}","{""short_ema"":34,""long_ema"":183,""allowshort"":true}",2014-01-01,2024-12-31,2025-01-01,2026-04-20,2014-01-01,2026-04-20,12.0,12.0,5.0,7.0,41.67,986579.8,-87988.96,333.58,,34.05,1560700.8,-180367.19999999995,431.7,0.7,0.94,0.0171,0.04,4.0,4.0,1.0,3.0,25.0,33695.0,-102270.11,106.25,,37.58,33695.00000000008,-172947.12,-27.31,-0.49,-0.69,0.0192,-0.02,16.0,16.0,6.0,10.0,37.5,766038.41,-209418.77,279.88,,43.91,1560700.8,-833284.3200000001,250.2,0.5,0.68,0.0174,0.02
GMKN,ema,1D,Bayesian_TPE,32,10.1,37,179,True,471.09,0.724,0.972,33.77,10,50.0,True,"{""sampler"":""TPESampler"",""seed"":42,""n_trials"":50,""direction"":""maximize"",""objective"":""composite = Sharpe * (Return% / MaxDD%)""}","{""short_ema"":37,""long_ema"":179,""allowshort"":true}",2014-01-01,2024-12-31,2025-01-01,2026-04-20,2014-01-01,2026-04-20,10.0,10.0,5.0,5.0,50.0,1010833.71,-68658.45,400.3,,33.77,1467819.5,-136563.9799999998,471.09,0.72,0.97,0.0171,0.04,4.0,4.0,1.0,3.0,25.0,34001.8,-122624.33,106.25,,43.39,34001.800000000054,-206526.2,-33.39,-0.63,-0.88,0.0198,-0.03,14.0,14.0,6.0,8.0,42.86,782355.59,-280885.5,319.86,,49.13,1467819.5,-1068798.7999999998,244.7,0.49,0.67,0.0175,0.02
GMKN,ema,1D,Bayesian_TPE,33,11.035,32,200,True,476.05,0.723,0.973,31.19,10,50.0,True,"{""sampler"":""TPESampler"",""seed"":42,""n_trials"":50,""direction"":""maximize"",""objective"":""composite = Sharpe * (Return% / MaxDD%)""}","{""short_ema"":32,""long_ema"":200,""allowshort"":true}",2014-01-01,2024-12-31,2025-01-01,2026-04-20,2014-01-01,2026-04-20,10.0,10.0,5.0,5.0,50.0,1012165.83,-60075.79,400.3,,31.19,1587849.7600000002,-88625.73999999985,476.05,0.72,0.97,0.0172,0.04,4.0,4.0,1.0,3.0,25.0,36896.68,-104701.45,106.0,,36.78,36896.68000000006,-191881.02000000008,-27.72,-0.5,-0.71,0.019,-0.03,14.0,14.0,6.0,8.0,42.86,766748.81,-238242.54,319.86,,45.92,1587849.7600000002,-980802.0000000003,269.46,0.51,0.7,0.0175,0.02
GMKN,ema,1D,Bayesian_TPE,34,6.684,30,182,True,383.35,0.669,0.895,38.37,14,50.0,True,"{""sampler"":""TPESampler"",""seed"":42,""n_trials"":50,""direction"":""maximize"",""objective"":""composite = Sharpe * (Return% / MaxDD%)""}","{""short_ema"":30,""long_ema"":182,""allowshort"":true}",2014-01-01,2024-12-31,2025-01-01,2026-04-20,2014-01-01,2026-04-20,14.0,14.0,7.0,7.0,50.0,664294.2,-116655.47,285.93,,38.37,1379186.6,-218604.40000000023,383.35,0.67,0.89,0.017,0.03,4.0,4.0,1.0,3.0,25.0,72007.1,-95058.03,106.5,,33.66,72007.09999999996,-194476.79999999996,-21.32,-0.33,-0.46,0.0192,-0.02,18.0,18.0,8.0,10.0,44.44,552490.55,-204123.38,248.78,,43.08,1379186.6,-835188.4799999999,237.87,0.49,0.66,0.0174,0.02
GMKN,ema,1D,Bayesian_TPE,35,0.312,10,197,False,54.75,0.29,0.29,50.97,23,17.39,False,"{""sampler"":""TPESampler"",""seed"":42,""n_trials"":50,""direction"":""maximize"",""objective"":""composite = Sharpe * (Return% / MaxDD%)""}","{""short_ema"":10,""long_ema"":197,""allowshort"":false}",2014-01-01,2024-12-31,2025-01-01,2026-04-20,2014-01-01,2026-04-20,46.0,23.0,4.0,19.0,17.39,397875.29,-54949.03,105.39,,50.97,688167.9000000001,-143312.40000000008,54.75,0.29,0.29,0.0143,0.01,8.0,4.0,1.0,3.0,25.0,148087.94,-44826.31,76.5,,21.34,148087.9400000001,-58705.92000000003,1.36,0.16,0.2,0.0156,0.01,54.0,27.0,5.0,22.0,18.52,364134.02,-56915.14,101.11,,50.97,688167.9000000001,-143312.40000000008,56.85,0.27,0.28,0.0145,0.01
GMKN,ema,1D,Bayesian_TPE,36,1.407,15,197,True,166.57,0.467,0.623,55.3,28,28.57,True,"{""sampler"":""TPESampler"",""seed"":42,""n_trials"":50,""direction"":""maximize"",""objective"":""composite = Sharpe * (Return% / MaxDD%)""}","{""short_ema"":15,""long_ema"":197,""allowshort"":true}",2014-01-01,2024-12-31,2025-01-01,2026-04-20,2014-01-01,2026-04-20,28.0,28.0,8.0,20.0,28.57,360975.44,-61107.65,142.96,,55.3,692038.7700000001,-163834.3799999998,166.57,0.47,0.62,0.017,0.01,4.0,4.0,1.0,3.0,25.0,82638.98,-32084.44,107.75,,23.67,82638.97999999986,-56256.12000000008,-1.36,0.12,0.17,0.0185,0.01,32.0,32.0,9.0,23.0,28.12,326999.22,-63655.58,139.94,,55.3,692038.7700000001,-163834.3799999998,147.89,0.4,0.54,0.0173,0.01
GMKN,ema,1D,Bayesian_TPE,37,4.223,27,185,False,236.64,0.588,0.617,32.95,8,50.0,False,"{""sampler"":""TPESampler"",""seed"":42,""n_trials"":50,""direction"":""maximize"",""objective"":""composite = Sharpe * (Return% / MaxDD%)""}","{""short_ema"":27,""long_ema"":185,""allowshort"":false}",2014-01-01,2024-12-31,2025-01-01,2026-04-20,2014-01-01,2026-04-20,16.0,8.0,4.0,4.0,50.0,700982.89,-109376.0,315.62,,32.95,1453324.56,-160164.0,236.64,0.59,0.62,0.0149,0.03,4.0,2.0,1.0,1.0,50.0,95638.68,-148734.24,150.0,,25.19,95638.68000000002,-148734.24000000002,-5.31,-0.01,-0.02,0.0155,-0.0,20.0,10.0,5.0,5.0,50.0,625185.46,-187648.0,282.5,,32.95,1453324.56,-500736.00000000006,218.77,0.51,0.55,0.015,0.02
GMKN,ema,1D,Bayesian_TPE,38,4.254,36,172,True,300.74,0.606,0.811,42.84,16,37.5,True,"{""sampler"":""TPESampler"",""seed"":42,""n_trials"":50,""direction"":""maximize"",""objective"":""composite = Sharpe * (Return% / MaxDD%)""}","{""short_ema"":36,""long_ema"":172,""allowshort"":true}",2014-01-01,2024-12-31,2025-01-01,2026-04-20,2014-01-01,2026-04-20,16.0,16.0,6.0,10.0,37.5,680650.81,-107646.48,250.19,,42.84,1332000.0000000002,-214200.00000000003,300.74,0.61,0.81,0.017,0.02,4.0,4.0,1.0,3.0,25.0,40276.28,-125182.36,106.5,,41.39,40276.28000000006,-227178.9999999999,-33.53,-0.64,-0.89,0.0198,-0.03,20.0,20.0,7.0,13.0,35.0,540044.95,-185665.57,223.9,,49.71,1332000.0000000002,-808926.7999999998,136.67,0.39,0.52,0.0174,0.01
GMKN,ema,1D,Bayesian_TPE,39,3.529,18,200,False,201.46,0.546,0.572,31.17,10,40.0,False,"{""sampler"":""TPESampler"",""seed"":42,""n_trials"":50,""direction"":""maximize"",""objective"":""composite = Sharpe * (Return% / MaxDD%)""}","{""short_ema"":18,""long_ema"":200,""allowshort"":false}",2014-01-01,2024-12-31,2025-01-01,2026-04-20,2014-01-01,2026-04-20,20.0,10.0,4.0,6.0,40.0,643858.0,-93469.77,252.1,,31.17,1121565.46,-179793.9000000001,201.46,0.55,0.57,0.0149,0.03,4.0,2.0,1.0,1.0,50.0,123612.36,-91174.08,149.0,,22.32,123612.36000000007,-91174.07999999994,3.24,0.2,0.26,0.0153,0.01,24.0,12.0,5.0,7.0,41.67,589618.79,-119383.44,234.92,,31.17,1121565.46,-274865.4399999998,211.24,0.5,0.54,0.0149,0.02
GMKN,ema,1D,Bayesian_TPE,40,8.909,38,192,True,460.56,0.714,0.962,36.91,8,50.0,True,"{""sampler"":""TPESampler"",""seed"":42,""n_trials"":50,""direction"":""maximize"",""objective"":""composite = Sharpe * (Return% / MaxDD%)""}","{""short_ema"":38,""long_ema"":192,""allowshort"":true}",2014-01-01,2024-12-31,2025-01-01,2026-04-20,2014-01-01,2026-04-20,8.0,8.0,4.0,4.0,50.0,1228537.33,-77133.3,500.38,,36.91,1962977.36,-135073.68000000002,460.56,0.71,0.96,0.0172,0.03,4.0,4.0,2.0,2.0,50.0,25915.62,-190357.2,105.75,,46.38,45267.879999999976,-224624.40000000008,-32.89,-0.62,-0.85,0.0197,-0.03,12.0,12.0,6.0,6.0,50.0,759997.16,-368215.83,373.17,,53.73,1962977.36,-1121451.2400000005,235.07,0.48,0.66,0.0176,0.02
GMKN,ema,1D,Bayesian_TPE,41,7.333,38,190,True,412.83,0.683,0.92,38.45,10,50.0,True,"{""sampler"":""TPESampler"",""seed"":42,""n_trials"":50,""direction"":""maximize"",""objective"":""composite = Sharpe * (Return% / MaxDD%)""}","{""short_ema"":38,""long_ema"":190,""allowshort"":true}",2014-01-01,2024-12-31,2025-01-01,2026-04-20,2014-01-01,2026-04-20,10.0,10.0,5.0,5.0,50.0,909743.52,-84077.92,400.3,,38.45,1376585.14,-129098.61000000012,412.83,0.68,0.92,0.0172,0.03,4.0,4.0,2.0,2.0,50.0,25770.63,-192097.59,106.0,,46.38,45014.61999999998,-228986.68000000008,-33.27,-0.63,-0.87,0.0197,-0.03,14.0,14.0,7.0,7.0,50.0,600385.86,-309668.13,319.86,,54.18,1376585.14,-1041399.3200000004,203.5,0.46,0.62,0.0177,0.01
GMKN,ema,1D,Bayesian_TPE,42,2.243,25,178,True,211.19,0.52,0.693,48.97,18,33.33,True,"{""sampler"":""TPESampler"",""seed"":42,""n_trials"":50,""direction"":""maximize"",""objective"":""composite = Sharpe * (Return% / MaxDD%)""}","{""short_ema"":25,""long_ema"":178,""allowshort"":true}",2014-01-01,2024-12-31,2025-01-01,2026-04-20,2014-01-01,2026-04-20,18.0,18.0,6.0,12.0,33.33,571265.07,-109638.35,222.39,,48.97,1112067.3199999998,-283250.2400000002,211.19,0.52,0.69,0.017,0.02,4.0,4.0,2.0,2.0,50.0,56101.76,-94999.02,107.5,,31.28,110720.05999999992,-126144.95999999998,-7.78,-0.01,-0.01,0.0193,-0.0,22.0,22.0,8.0,14.0,36.36,445402.08,-133604.73,203.55,,48.97,1112067.3199999998,-368351.0399999999,169.28,0.42,0.57,0.0174,0.02
GMKN,ema,1D,Bayesian_TPE,43,6.44,41,191,True,404.9,0.678,0.914,42.63,8,50.0,True,"{""sampler"":""TPESampler"",""seed"":42,""n_trials"":50,""direction"":""maximize"",""objective"":""composite = Sharpe * (Return% / MaxDD%)""}","{""short_ema"":41,""long_ema"":191,""allowshort"":true}",2014-01-01,2024-12-31,2025-01-01,2026-04-20,2014-01-01,2026-04-20,8.0,8.0,4.0,4.0,50.0,1128355.05,-116108.42,500.38,,42.63,1806432.32,-175604.76000000015,404.9,0.68,0.91,0.0173,0.03,3.0,3.0,1.0,2.0,33.33,39825.9,-189631.2,141.0,,46.17,39825.899999999994,-224624.40000000008,-33.94,-0.65,-0.9,0.0197,-0.03,11.0,11.0,5.0,6.0,45.45,825759.08,-360946.92,407.09,,53.75,1806432.32,-1007592.0400000004,196.31,0.45,0.61,0.0177,0.01
GMKN,ema,1D,Bayesian_TPE,44,2.127,31,168,True,201.73,0.509,0.679,48.28,18,38.89,True,"{""sampler"":""TPESampler"",""seed"":42,""n_trials"":50,""direction"":""maximize"",""objective"":""composite = Sharpe * (Return% / MaxDD%)""}","{""short_ema"":31,""long_ema"":168,""allowshort"":true}",2014-01-01,2024-12-31,2025-01-01,2026-04-20,2014-01-01,2026-04-20,18.0,18.0,7.0,11.0,38.89,487040.34,-126548.18,222.39,,48.28,1166488.83,-251992.26000000004,201.73,0.51,0.68,0.017,0.02,4.0,4.0,1.0,3.0,25.0,87123.0,-79328.72,107.25,,32.12,87123.00000000001,-153448.72000000006,-15.09,-0.17,-0.24,0.0194,-0.01,22.0,22.0,8.0,14.0,36.36,427052.73,-146725.44,203.55,,48.28,1166488.83,-426928.08000000013,136.23,0.39,0.52,0.0174,0.01
GMKN,ema,1D,Bayesian_TPE,45,5.347,51,183,True,371.9,0.656,0.884,45.63,8,50.0,True,"{""sampler"":""TPESampler"",""seed"":42,""n_trials"":50,""direction"":""maximize"",""objective"":""composite = Sharpe * (Return% / MaxDD%)""}","{""short_ema"":51,""long_ema"":183,""allowshort"":true}",2014-01-01,2024-12-31,2025-01-01,2026-04-20,2014-01-01,2026-04-20,8.0,8.0,4.0,4.0,50.0,1082830.51,-153091.84,500.38,,45.63,1766900.9400000002,-210276.40000000005,371.9,0.66,0.88,0.0173,0.02,3.0,3.0,1.0,2.0,33.33,44806.16,-146239.45,139.67,,34.6,44806.160000000025,-210002.3,-24.77,-0.45,-0.66,0.0184,-0.02,11.0,11.0,5.0,6.0,45.45,747170.41,-294456.05,407.09,,50.58,1766900.9400000002,-828837.88,196.91,0.45,0.62,0.0175,0.02
GMKN,ema,1D,Bayesian_TPE,46,1.283,20,153,False,123.66,0.433,0.442,41.74,13,38.46,False,"{""sampler"":""TPESampler"",""seed"":42,""n_trials"":50,""direction"":""maximize"",""objective"":""composite = Sharpe * (Return% / MaxDD%)""}","{""short_ema"":20,""long_ema"":153,""allowshort"":false}",2014-01-01,2024-12-31,2025-01-01,2026-04-20,2014-01-01,2026-04-20,26.0,13.0,5.0,8.0,38.46,435641.21,-117698.02,184.85,,41.74,996234.24,-248592.96,123.66,0.43,0.44,0.0147,0.02,4.0,2.0,1.0,1.0,50.0,79805.0,-108259.2,159.5,,27.36,79805.0,-108259.19999999998,-2.85,0.06,0.08,0.016,0.0,30.0,15.0,6.0,9.0,40.0,392785.68,-131524.35,181.47,,41.74,996234.24,-248592.96,117.3,0.38,0.4,0.0148,0.01
GMKN,ema,1D,Bayesian_TPE,47,0.7,35,92,True,110.37,0.386,0.514,60.83,30,26.67,True,"{""sampler"":""TPESampler"",""seed"":42,""n_trials"":50,""direction"":""maximize"",""objective"":""composite = Sharpe * (Return% / MaxDD%)""}","{""short_ema"":35,""long_ema"":92,""allowshort"":true}",2014-01-01,2024-12-31,2025-01-01,2026-04-20,2014-01-01,2026-04-20,30.0,30.0,8.0,22.0,26.67,340512.61,-73656.8,133.43,,60.83,670360.86,-221513.3999999999,110.37,0.39,0.51,0.0172,0.01,4.0,4.0,2.0,2.0,50.0,68666.08,-112231.44,113.25,,35.96,132692.56000000006,-142577.28000000003,-8.71,-0.01,-0.02,0.0203,-0.0,34.0,34.0,10.0,24.0,29.41,290896.47,-86338.14,131.71,,60.83,670360.86,-286895.0400000001,83.68,0.31,0.42,0.0176,0.01
GMKN,ema,1D,Bayesian_TPE,48,5.156,28,200,True,333.33,0.63,0.844,40.73,14,35.71,True,"{""sampler"":""TPESampler"",""seed"":42,""n_trials"":50,""direction"":""maximize"",""objective"":""composite = Sharpe * (Return% / MaxDD%)""}","{""short_ema"":28,""long_ema"":200,""allowshort"":true}",2014-01-01,2024-12-31,2025-01-01,2026-04-20,2014-01-01,2026-04-20,14.0,14.0,5.0,9.0,35.71,836689.92,-94458.09,285.93,,40.73,1271571.54,-225837.84000000003,333.33,0.63,0.84,0.0171,0.03,4.0,4.0,1.0,3.0,25.0,46863.0,-106096.93,106.5,,36.3,46863.000000000015,-198962.49999999988,-27.14,-0.48,-0.68,0.0193,-0.03,18.0,18.0,6.0,12.0,33.33,647457.35,-173074.73,248.78,,45.24,1271571.54,-766892.4999999997,180.78,0.44,0.59,0.0175,0.02
GMKN,ema,1D,Bayesian_TPE,49,7.057,40,173,True,388.74,0.671,0.902,36.96,12,41.67,True,"{""sampler"":""TPESampler"",""seed"":42,""n_trials"":50,""direction"":""maximize"",""objective"":""composite = Sharpe * (Return% / MaxDD%)""}","{""short_ema"":40,""long_ema"":173,""allowshort"":true}",2014-01-01,2024-12-31,2025-01-01,2026-04-20,2014-01-01,2026-04-20,12.0,12.0,5.0,7.0,41.67,915050.76,-98261.22,333.58,,36.96,1397048.5,-157148.6600000001,388.74,0.67,0.9,0.0171,0.03,4.0,4.0,1.0,3.0,25.0,54931.8,-73650.65,106.25,,31.46,54931.79999999993,-137585.07999999996,-16.6,-0.22,-0.34,0.0188,-0.01,16.0,16.0,6.0,10.0,37.5,726587.07,-166633.19,279.88,,38.42,1397048.5,-609307.9999999999,269.32,0.51,0.71,0.0174,0.02
VKCO,ema,1h,Bayesian_TPE,0,1.86,40,193,True,259.51,0.312,0.369,43.53,60,40.0,True,"{""sampler"":""TPESampler"",""seed"":42,""n_trials"":50,""direction"":""maximize"",""objective"":""composite = Sharpe * (Return% / MaxDD%)""}","{""short_ema"":40,""long_ema"":193,""allowshort"":true}",2014-01-01,2024-12-31,2025-01-01,2026-04-20,2014-01-01,2026-04-20,60.0,60.0,24.0,36.0,40.0,198863.62,-60488.54,18.39,441.28,43.53,528959.9999999998,-152318.40000000023,259.51,0.8,0.94,0.0077,0.01,40.0,40.0,10.0,30.0,25.0,65087.62,-21999.44,11.01,264.12,30.17,169686.0,-64615.50000000009,-0.91,0.08,0.11,0.0048,0.0,100.0,100.0,34.0,66.0,34.0,216526.35,-70455.85,15.78,378.72,43.53,635646.0,-242102.70000000033,271.18,0.59,0.71,0.0068,0.01
VKCO,ema,1h,Bayesian_TPE,1,0.03,19,73,False,16.68,0.086,0.071,47.31,75,28.0,False,"{""sampler"":""TPESampler"",""seed"":42,""n_trials"":50,""direction"":""maximize"",""objective"":""composite = Sharpe * (Return% / MaxDD%)""}","{""short_ema"":19,""long_ema"":73,""allowshort"":false}",2014-01-01,2024-12-31,2025-01-01,2026-04-20,2014-01-01,2026-04-20,150.0,75.0,21.0,54.0,28.0,69122.56,-23791.24,5.9,141.67,47.31,245743.40000000005,-171000.0,16.68,0.22,0.18,0.0052,0.0,94.0,47.0,15.0,31.0,31.91,42125.77,-16405.55,4.61,110.68,19.21,143564.0,-51991.300000000054,12.33,0.27,0.26,0.0036,0.01,244.0,122.0,36.0,85.0,29.51,58567.03,-21800.87,5.49,131.8,47.31,245743.40000000005,-171000.0,25.53,0.21,0.18,0.0046,0.0
VKCO,ema,1h,Bayesian_TPE,2,0.054,62,156,False,19.76,0.094,0.073,34.35,29,27.59,False,"{""sampler"":""TPESampler"",""seed"":42,""n_trials"":50,""direction"":""maximize"",""objective"":""composite = Sharpe * (Return% / MaxDD%)""}","{""short_ema"":62,""long_ema"":156,""allowshort"":false}",2014-01-01,2024-12-31,2025-01-01,2026-04-20,2014-01-01,2026-04-20,58.0,29.0,8.0,21.0,27.59,141641.05,-44548.32,14.58,350.03,34.35,259023.59999999992,-116701.79999999994,19.76,0.24,0.19,0.0049,0.0,36.0,18.0,6.0,12.0,33.33,50524.62,-29597.92,11.64,279.39,26.28,168078.0,-78132.60000000003,-5.2,-0.02,-0.02,0.0034,-0.0,94.0,47.0,14.0,33.0,29.79,111512.56,-41776.02,14.19,340.62,37.62,259023.59999999992,-116701.79999999994,18.26,0.18,0.15,0.0045,0.0
VKCO,ema,1h,Bayesian_TPE,4,0.151,22,77,False,41.73,0.143,0.119,39.44,71,23.94,False,"{""sampler"":""TPESampler"",""seed"":42,""n_trials"":50,""direction"":""maximize"",""objective"":""composite = Sharpe * (Return% / MaxDD%)""}","{""short_ema"":22,""long_ema"":77,""allowshort"":false}",2014-01-01,2024-12-31,2025-01-01,2026-04-20,2014-01-01,2026-04-20,142.0,71.0,17.0,54.0,23.94,101432.06,-24204.89,6.25,150.11,39.44,294839.9999999999,-113084.99999999993,41.73,0.36,0.3,0.0052,0.0,90.0,45.0,15.0,30.0,33.33,28160.67,-15846.37,4.45,106.91,21.63,125606.39999999992,-39354.70000000003,-5.3,-0.03,-0.03,0.0034,-0.0,232.0,116.0,32.0,84.0,27.59,78118.51,-24285.11,5.8,139.11,39.44,419126.4,-113084.99999999993,45.98,0.29,0.25,0.0046,0.0
VKCO,ema,1h,Bayesian_TPE,5,0.519,46,93,True,114.45,0.208,0.244,45.87,90,33.33,True,"{""sampler"":""TPESampler"",""seed"":42,""n_trials"":50,""direction"":""maximize"",""objective"":""composite = Sharpe * (Return% / MaxDD%)""}","{""short_ema"":46,""long_ema"":93,""allowshort"":true}",2014-01-01,2024-12-31,2025-01-01,2026-04-20,2014-01-01,2026-04-20,90.0,90.0,30.0,59.0,33.33,132089.55,-47766.48,12.27,294.48,45.87,336169.2000000001,-163708.99999999988,114.45,0.53,0.62,0.0079,0.01,54.0,54.0,19.0,35.0,35.19,52604.74,-24477.99,8.23,197.56,26.85,198495.0,-93566.1999999999,14.28,0.27,0.35,0.0048,0.0,144.0,144.0,49.0,94.0,34.03,132070.96,-51192.5,10.97,263.18,45.87,462000.0,-217764.99999999977,165.94,0.47,0.56,0.0069,0.01
VKCO,ema,1h,Bayesian_TPE,6,0.001,33,105,False,1.35,0.045,0.036,43.17,51,25.49,False,"{""sampler"":""TPESampler"",""seed"":42,""n_trials"":50,""direction"":""maximize"",""objective"":""composite = Sharpe * (Return% / MaxDD%)""}","{""short_ema"":33,""long_ema"":105,""allowshort"":false}",2014-01-01,2024-12-31,2025-01-01,2026-04-20,2014-01-01,2026-04-20,102.0,51.0,13.0,38.0,25.49,94109.68,-31839.0,8.67,208.14,43.17,224825.39999999997,-130970.39999999998,1.35,0.11,0.09,0.0051,0.0,58.0,29.0,9.0,20.0,31.03,52107.68,-18980.26,6.74,161.86,16.88,187486.1999999999,-56296.5,8.94,0.22,0.2,0.0035,0.0,160.0,80.0,22.0,58.0,27.5,82196.7,-27981.84,8.33,199.94,43.17,224825.39999999997,-130970.39999999998,18.54,0.18,0.15,0.0046,0.0
VKCO,ema,1h,Bayesian_TPE,7,0.995,24,127,True,184.55,0.262,0.305,48.58,94,31.91,True,"{""sampler"":""TPESampler"",""seed"":42,""n_trials"":50,""direction"":""maximize"",""objective"":""composite = Sharpe * (Return% / MaxDD%)""}","{""short_ema"":24,""long_ema"":127,""allowshort"":true}",2014-01-01,2024-12-31,2025-01-01,2026-04-20,2014-01-01,2026-04-20,94.0,94.0,30.0,64.0,31.91,146649.29,-39906.14,11.75,281.96,48.58,396951.9999999999,-186632.4,184.55,0.67,0.78,0.0079,0.01,66.0,66.0,22.0,44.0,33.33,49644.0,-17996.96,6.73,161.48,20.67,209170.79999999993,-65447.5,30.03,0.43,0.57,0.0048,0.01,160.0,160.0,52.0,108.0,32.5,154559.91,-46369.37,9.87,236.87,48.58,648237.7999999997,-202805.0,302.92,0.61,0.73,0.0069,0.01
VKCO,ema,1h,Bayesian_TPE,8,0.002,63,75,False,2.04,0.047,0.037,40.0,46,21.74,False,"{""sampler"":""TPESampler"",""seed"":42,""n_trials"":50,""direction"":""maximize"",""objective"":""composite = Sharpe * (Return% / MaxDD%)""}","{""short_ema"":63,""long_ema"":75,""allowshort"":false}",2014-01-01,2024-12-31,2025-01-01,2026-04-20,2014-01-01,2026-04-20,92.0,46.0,10.0,36.0,21.74,118475.26,-32342.12,9.68,232.43,40.0,226272.99999999988,-144452.0,2.04,0.12,0.1,0.0051,0.0,54.0,27.0,9.0,18.0,33.33,44032.48,-25400.66,7.24,173.85,22.31,169648.5,-66135.19999999994,-6.09,-0.04,-0.04,0.0034,-0.0,146.0,73.0,19.0,54.0,26.03,90025.63,-30937.53,9.19,220.63,40.0,226272.99999999988,-144452.0,3.99,0.11,0.09,0.0046,0.0
VKCO,ema,1h,Bayesian_TPE,9,1.949,97,172,True,242.77,0.328,0.389,40.85,32,43.75,True,"{""sampler"":""TPESampler"",""seed"":42,""n_trials"":50,""direction"":""maximize"",""objective"":""composite = Sharpe * (Return% / MaxDD%)""}","{""short_ema"":97,""long_ema"":172,""allowshort"":true}",2014-01-01,2024-12-31,2025-01-01,2026-04-20,2014-01-01,2026-04-20,32.0,32.0,14.0,18.0,43.75,272793.46,-77299.34,34.45,826.78,40.85,880565.4,-194781.5999999998,242.77,0.84,0.99,0.0068,0.01,37.0,37.0,8.0,29.0,21.62,66691.81,-24375.03,11.88,285.08,34.84,150695.60000000003,-69633.59999999998,-17.33,-0.14,-0.18,0.0048,-0.0,69.0,69.0,22.0,47.0,31.88,263007.94,-82516.28,22.86,548.58,41.08,880565.4,-244999.1999999999,190.79,0.53,0.65,0.0061,0.01
VKCO,ema,1h,Bayesian_TPE,10,1.055,99,189,True,189.32,0.289,0.338,51.87,34,41.18,True,"{""sampler"":""TPESampler"",""seed"":42,""n_trials"":50,""direction"":""maximize"",""objective"":""composite = Sharpe * (Return% / MaxDD%)""}","{""short_ema"":99,""long_ema"":189,""allowshort"":true}",2014-01-01,2024-12-31,2025-01-01,2026-04-20,2014-01-01,2026-04-20,34.0,34.0,14.0,20.0,41.18,236018.01,-70553.4,32.42,778.03,51.87,707229.9999999998,-323568.0000000001,189.32,0.74,0.86,0.0068,0.01,35.0,35.0,10.0,25.0,28.57,51750.19,-27954.8,12.55,301.2,37.01,136965.59999999998,-71742.99999999997,-18.14,-0.16,-0.2,0.0048,-0.0,69.0,69.0,24.0,45.0,34.78,202588.34,-76911.56,22.86,548.52,51.87,707229.9999999998,-323568.0000000001,140.11,0.46,0.55,0.0062,0.01
VKCO,ema,1h,Bayesian_TPE,11,2.303,47,199,True,266.14,0.333,0.405,38.49,50,40.0,True,"{""sampler"":""TPESampler"",""seed"":42,""n_trials"":50,""direction"":""maximize"",""objective"":""composite = Sharpe * (Return% / MaxDD%)""}","{""short_ema"":47,""long_ema"":199,""allowshort"":true}",2014-01-01,2024-12-31,2025-01-01,2026-04-20,2014-01-01,2026-04-20,50.0,50.0,20.0,30.0,40.0,247296.04,-76152.14,22.06,529.48,38.49,568233.8000000002,-219175.20000000024,266.14,0.85,1.03,0.0071,0.02,37.0,37.0,12.0,25.0,32.43,57992.37,-25271.4,11.9,285.49,23.04,173908.8000000001,-75617.0999999999,6.41,0.18,0.22,0.0048,0.0,87.0,87.0,32.0,55.0,36.78,240031.78,-84865.52,18.14,435.28,38.49,655948.8000000004,-285214.99999999965,301.34,0.64,0.79,0.0064,0.01
VKCO,ema,1h,Bayesian_TPE,12,1.493,6,167,True,264.19,0.313,0.365,55.37,146,23.29,True,"{""sampler"":""TPESampler"",""seed"":42,""n_trials"":50,""direction"":""maximize"",""objective"":""composite = Sharpe * (Return% / MaxDD%)""}","{""short_ema"":6,""long_ema"":167,""allowshort"":true}",2014-01-01,2024-12-31,2025-01-01,2026-04-20,2014-01-01,2026-04-20,146.0,146.0,34.0,112.0,23.29,156314.49,-23864.56,7.56,181.5,55.37,508684.00000000006,-209444.4,264.19,0.8,0.93,0.0078,0.01,106.0,106.0,25.0,81.0,23.58,42706.7,-10906.51,4.18,100.31,32.69,196750.0,-56776.0,18.42,0.31,0.41,0.0048,0.0,252.0,252.0,59.0,193.0,23.41,165217.14,-31726.38,6.27,150.37,55.37,768312.5,-221746.0,362.46,0.67,0.8,0.0068,0.01
VKCO,ema,1h,Bayesian_TPE,13,2.373,76,158,True,233.79,0.32,0.388,31.53,44,40.91,True,"{""sampler"":""TPESampler"",""seed"":42,""n_trials"":50,""direction"":""maximize"",""objective"":""composite = Sharpe * (Return% / MaxDD%)""}","{""short_ema"":76,""long_ema"":158,""allowshort"":true}",2014-01-01,2024-12-31,2025-01-01,2026-04-20,2014-01-01,2026-04-20,44.0,44.0,18.0,26.0,40.91,263483.28,-92492.31,25.06,601.45,31.53,611276.4,-261888.00000000035,233.79,0.82,0.99,0.0068,0.02,36.0,36.0,12.0,24.0,33.33,56227.16,-27485.34,12.23,293.42,27.16,162536.39999999994,-68125.60000000003,1.51,0.12,0.15,0.0048,0.0,80.0,80.0,30.0,50.0,37.5,238778.01,-93463.12,19.72,473.24,31.53,611276.4,-261888.00000000035,249.02,0.6,0.74,0.0062,0.01
VKCO,ema,1h,Bayesian_TPE,14,2.239,74,141,True,274.01,0.319,0.378,39.04,56,39.29,True,"{""sampler"":""TPESampler"",""seed"":42,""n_trials"":50,""direction"":""maximize"",""objective"":""composite = Sharpe * (Return% / MaxDD%)""}","{""short_ema"":74,""long_ema"":141,""allowshort"":true}",2014-01-01,2024-12-31,2025-01-01,2026-04-20,2014-01-01,2026-04-20,56.0,56.0,22.0,34.0,39.29,253131.91,-83199.47,19.7,472.73,39.04,619860.6,-308906.8000000004,274.01,0.81,0.96,0.0077,0.02,36.0,36.0,10.0,25.0,27.78,69374.95,-26376.25,12.23,293.5,25.83,172485.5,-73800.0,3.43,0.14,0.18,0.0048,0.0,92.0,92.0,32.0,59.0,34.78,263354.3,-91488.71,17.15,411.61,39.04,671973.5,-308906.8000000004,302.95,0.62,0.75,0.0068,0.01
VKCO,ema,1h,Bayesian_TPE,15,2.922,57,198,True,263.83,0.34,0.411,30.7,48,39.58,True,"{""sampler"":""TPESampler"",""seed"":42,""n_trials"":50,""direction"":""maximize"",""objective"":""composite = Sharpe * (Return% / MaxDD%)""}","{""short_ema"":57,""long_ema"":198,""allowshort"":true}",2014-01-01,2024-12-31,2025-01-01,2026-04-20,2014-01-01,2026-04-20,48.0,48.0,19.0,29.0,39.58,249126.73,-72245.51,22.97,551.33,30.7,635181.2000000002,-248389.99999999965,263.83,0.87,1.05,0.0068,0.02,37.0,37.0,10.0,27.0,27.03,63951.91,-23192.62,11.89,285.43,26.85,168178.40000000002,-73282.40000000004,1.33,0.11,0.14,0.0048,0.0,85.0,85.0,29.0,56.0,34.12,248999.9,-79195.82,18.56,445.4,30.7,635181.2000000002,-273803.2000000002,278.6,0.63,0.78,0.0062,0.01
VKCO,ema,1h,Bayesian_TPE,16,0.998,62,147,True,164.77,0.25,0.296,41.26,58,36.21,True,"{""sampler"":""TPESampler"",""seed"":42,""n_trials"":50,""direction"":""maximize"",""objective"":""composite = Sharpe * (Return% / MaxDD%)""}","{""short_ema"":62,""long_ema"":147,""allowshort"":true}",2014-01-01,2024-12-31,2025-01-01,2026-04-20,2014-01-01,2026-04-20,58.0,58.0,21.0,37.0,36.21,187093.76,-61655.13,19.02,456.47,41.26,409662.4000000001,-175607.59999999974,164.77,0.64,0.75,0.0078,0.01,36.0,36.0,11.0,25.0,30.56,64041.06,-26170.56,12.23,293.53,25.49,179944.59999999998,-78027.0000000001,5.02,0.16,0.2,0.0048,0.0,94.0,94.0,32.0,62.0,34.04,186807.43,-65874.15,16.79,402.87,41.26,495920.5999999999,-215034.60000000027,189.36,0.5,0.61,0.0068,0.01
VKCO,ema,1h,Bayesian_TPE,17,2.959,80,179,True,271.78,0.347,0.416,31.87,40,35.0,True,"{""sampler"":""TPESampler"",""seed"":42,""n_trials"":50,""direction"":""maximize"",""objective"":""composite = Sharpe * (Return% / MaxDD%)""}","{""short_ema"":80,""long_ema"":179,""allowshort"":true}",2014-01-01,2024-12-31,2025-01-01,2026-04-20,2014-01-01,2026-04-20,40.0,40.0,14.0,26.0,35.0,319028.47,-67252.93,27.56,661.5,31.87,1062936.0,-218618.39999999988,271.78,0.88,1.06,0.0068,0.02,39.0,39.0,12.0,27.0,30.77,44731.45,-24383.76,11.28,270.72,34.64,138468.79999999996,-67122.0,-12.16,-0.07,-0.08,0.0048,-0.0,79.0,79.0,26.0,53.0,32.91,256783.33,-80909.54,19.97,479.18,39.78,1062936.0,-258930.0,238.82,0.59,0.72,0.0061,0.01
VKCO,ema,1h,Bayesian_TPE,19,2.663,54,182,True,264.28,0.332,0.405,32.95,52,40.38,True,"{""sampler"":""TPESampler"",""seed"":42,""n_trials"":50,""direction"":""maximize"",""objective"":""composite = Sharpe * (Return% / MaxDD%)""}","{""short_ema"":54,""long_ema"":182,""allowshort"":true}",2014-01-01,2024-12-31,2025-01-01,2026-04-20,2014-01-01,2026-04-20,52.0,52.0,21.0,31.0,40.38,240115.32,-77407.2,21.21,509.12,32.95,551319.1999999998,-222662.0,264.28,0.85,1.03,0.0071,0.02,36.0,36.0,10.0,26.0,27.78,71567.4,-24656.61,12.23,293.44,24.04,179757.99999999997,-80486.39999999995,7.46,0.19,0.24,0.0048,0.0,88.0,88.0,31.0,57.0,35.23,254250.19,-84594.88,17.93,430.33,32.95,679286.1999999998,-304108.7999999998,305.98,0.65,0.8,0.0063,0.01
VKCO,ema,1h,Bayesian_TPE,20,1.796,73,177,True,207.24,0.303,0.365,34.96,44,36.36,True,"{""sampler"":""TPESampler"",""seed"":42,""n_trials"":50,""direction"":""maximize"",""objective"":""composite = Sharpe * (Return% / MaxDD%)""}","{""short_ema"":73,""long_ema"":177,""allowshort"":true}",2014-01-01,2024-12-31,2025-01-01,2026-04-20,2014-01-01,2026-04-20,44.0,44.0,16.0,28.0,36.36,257456.6,-73105.06,25.06,601.41,34.96,624544.8,-219608.9999999998,207.24,0.77,0.93,0.0068,0.02,35.0,35.0,11.0,24.0,31.43,51870.45,-27596.63,12.57,301.71,30.74,147545.4999999999,-69974.80000000003,-9.17,-0.02,-0.03,0.0048,-0.0,79.0,79.0,27.0,52.0,34.18,221679.85,-79416.21,19.97,479.2,34.96,624544.8,-220028.0000000001,185.57,0.52,0.64,0.0062,0.01
VKCO,ema,1h,Bayesian_TPE,21,2.936,52,182,True,277.99,0.339,0.414,32.1,52,38.46,True,"{""sampler"":""TPESampler"",""seed"":42,""n_trials"":50,""direction"":""maximize"",""objective"":""composite = Sharpe * (Return% / MaxDD%)""}","{""short_ema"":52,""long_ema"":182,""allowshort"":true}",2014-01-01,2024-12-31,2025-01-01,2026-04-20,2014-01-01,2026-04-20,52.0,52.0,20.0,32.0,38.46,257278.08,-73928.24,21.21,509.12,32.1,535086.0,-200144.79999999952,277.99,0.87,1.06,0.0071,0.02,36.0,36.0,11.0,25.0,30.56,67539.32,-24160.94,12.23,293.44,23.06,186263.9999999999,-79916.3999999999,13.89,0.26,0.33,0.0048,0.01,88.0,88.0,31.0,57.0,35.23,264464.58,-83047.99,17.93,430.33,32.1,730267.1999999997,-313286.8999999996,346.47,0.68,0.85,0.0064,0.01
VKCO,ema,1h,Bayesian_TPE,22,2.684,59,199,True,262.26,0.339,0.41,33.12,42,42.86,True,"{""sampler"":""TPESampler"",""seed"":42,""n_trials"":50,""direction"":""maximize"",""objective"":""composite = Sharpe * (Return% / MaxDD%)""}","{""short_ema"":59,""long_ema"":199,""allowshort"":true}",2014-01-01,2024-12-31,2025-01-01,2026-04-20,2014-01-01,2026-04-20,42.0,42.0,18.0,24.0,42.86,259107.94,-85058.02,26.25,630.1,33.12,630238.0,-232633.79999999987,262.26,0.86,1.04,0.0068,0.02,37.0,37.0,11.0,26.0,29.73,54370.5,-24863.61,11.89,285.41,27.34,156279.20000000007,-73320.0,-4.84,0.03,0.04,0.0048,0.0,79.0,79.0,29.0,50.0,36.71,240208.34,-88763.34,19.97,479.23,33.12,630238.0,-271820.0,252.79,0.6,0.74,0.0062,0.01
VKCO,ema,1h,Bayesian_TPE,23,1.382,34,182,True,203.2,0.278,0.328,40.88,70,32.86,True,"{""sampler"":""TPESampler"",""seed"":42,""n_trials"":50,""direction"":""maximize"",""objective"":""composite = Sharpe * (Return% / MaxDD%)""}","{""short_ema"":34,""long_ema"":182,""allowshort"":true}",2014-01-01,2024-12-31,2025-01-01,2026-04-20,2014-01-01,2026-04-20,70.0,70.0,23.0,47.0,32.86,195842.66,-52602.81,15.76,378.27,40.88,455506.3999999998,-166000.0,203.2,0.71,0.84,0.0077,0.01,44.0,44.0,11.0,33.0,25.0,55835.58,-21413.89,10.01,240.18,35.33,161970.89999999988,-56705.5,-9.25,-0.03,-0.03,0.0048,-0.0,114.0,114.0,34.0,80.0,29.82,194635.91,-59062.5,13.84,332.23,40.88,516410.69999999966,-180762.0,189.26,0.51,0.61,0.0068,0.01
VKCO,ema,1h,Bayesian_TPE,24,2.193,88,123,True,271.61,0.317,0.375,39.26,54,40.74,True,"{""sampler"":""TPESampler"",""seed"":42,""n_trials"":50,""direction"":""maximize"",""objective"":""composite = Sharpe * (Return% / MaxDD%)""}","{""short_ema"":88,""long_ema"":123,""allowshort"":true}",2014-01-01,2024-12-31,2025-01-01,2026-04-20,2014-01-01,2026-04-20,54.0,54.0,22.0,31.0,40.74,250660.0,-90272.14,20.43,490.22,39.26,649734.7999999999,-339874.20000000024,271.61,0.81,0.96,0.0077,0.02,36.0,36.0,9.0,27.0,25.0,68980.84,-25000.31,12.23,293.5,27.62,159720.0,-73276.79999999997,-5.42,0.03,0.03,0.0048,0.0,90.0,90.0,31.0,58.0,34.44,260399.26,-93300.97,17.53,420.74,39.26,649734.7999999999,-339874.20000000024,266.09,0.59,0.7,0.0068,0.01
VKCO,ema,1h,Bayesian_TPE,25,2.47,69,164,True,242.97,0.319,0.389,31.38,52,38.46,True,"{""sampler"":""TPESampler"",""seed"":42,""n_trials"":50,""direction"":""maximize"",""objective"":""composite = Sharpe * (Return% / MaxDD%)""}","{""short_ema"":69,""long_ema"":164,""allowshort"":true}",2014-01-01,2024-12-31,2025-01-01,2026-04-20,2014-01-01,2026-04-20,52.0,52.0,20.0,32.0,38.46,252109.48,-81639.62,21.21,508.94,31.38,528039.0,-250900.0,242.97,0.81,0.99,0.0071,0.02,36.0,36.0,11.0,25.0,30.56,60061.14,-26703.15,12.23,293.42,26.85,163916.20000000004,-69570.0,-0.69,0.09,0.11,0.0048,0.0,88.0,88.0,31.0,57.0,35.23,241286.18,-87215.78,17.93,430.23,31.38,579223.7000000001,-250900.0,250.86,0.59,0.73,0.0064,0.01
VKCO,ema,1h,Bayesian_TPE,26,3.007,51,184,True,281.83,0.342,0.417,32.05,52,38.46,True,"{""sampler"":""TPESampler"",""seed"":42,""n_trials"":50,""direction"":""maximize"",""objective"":""composite = Sharpe * (Return% / MaxDD%)""}","{""short_ema"":51,""long_ema"":184,""allowshort"":true}",2014-01-01,2024-12-31,2025-01-01,2026-04-20,2014-01-01,2026-04-20,52.0,52.0,20.0,32.0,38.46,256105.96,-71995.22,21.21,509.12,32.05,569410.9999999999,-202175.19999999952,281.83,0.87,1.06,0.0071,0.02,36.0,36.0,10.0,26.0,27.78,73821.86,-23457.59,12.23,293.44,22.79,184670.0000000001,-77415.49999999991,12.83,0.25,0.32,0.0048,0.01,88.0,88.0,30.0,58.0,34.09,272918.99,-81369.11,17.93,430.33,32.05,731355.8000000003,-306655.29999999964,346.82,0.68,0.85,0.0064,0.01
VKCO,ema,1h,Bayesian_TPE,27,1.248,47,143,True,201.16,0.275,0.324,44.31,66,39.39,True,"{""sampler"":""TPESampler"",""seed"":42,""n_trials"":50,""direction"":""maximize"",""objective"":""composite = Sharpe * (Return% / MaxDD%)""}","{""short_ema"":47,""long_ema"":143,""allowshort"":true}",2014-01-01,2024-12-31,2025-01-01,2026-04-20,2014-01-01,2026-04-20,66.0,66.0,26.0,40.0,39.39,189350.76,-72788.83,16.72,401.21,44.31,444964.7999999998,-200329.80000000028,201.16,0.7,0.83,0.0078,0.01,50.0,50.0,12.0,38.0,24.0,57641.35,-19635.33,8.81,211.44,34.03,172719.30000000005,-64897.5,-5.44,0.03,0.03,0.0048,0.0,116.0,116.0,38.0,78.0,32.76,194083.16,-68223.6,13.6,326.51,44.31,557950.1000000002,-209610.0,205.37,0.52,0.63,0.0069,0.01
VKCO,ema,1h,Bayesian_TPE,28,0.08,39,183,False,25.76,0.109,0.085,34.91,35,22.86,False,"{""sampler"":""TPESampler"",""seed"":42,""n_trials"":50,""direction"":""maximize"",""objective"":""composite = Sharpe * (Return% / MaxDD%)""}","{""short_ema"":39,""long_ema"":183,""allowshort"":false}",2014-01-01,2024-12-31,2025-01-01,2026-04-20,2014-01-01,2026-04-20,70.0,35.0,8.0,27.0,22.86,155834.53,-36633.21,11.98,287.6,34.91,265112.0,-91229.59999999986,25.76,0.28,0.22,0.0049,0.0,40.0,20.0,5.0,15.0,25.0,54688.19,-22138.9,10.74,257.7,26.25,148133.50000000003,-70865.4000000001,-5.86,-0.03,-0.03,0.0035,-0.0,110.0,55.0,13.0,42.0,23.64,127360.25,-33898.17,12.16,291.78,38.88,265112.0,-92752.50000000012,23.2,0.2,0.17,0.0045,0.0
VKCO,ema,1h,Bayesian_TPE,29,1.309,51,128,True,209.18,0.28,0.33,44.73,72,34.72,True,"{""sampler"":""TPESampler"",""seed"":42,""n_trials"":50,""direction"":""maximize"",""objective"":""composite = Sharpe * (Return% / MaxDD%)""}","{""short_ema"":51,""long_ema"":128,""allowshort"":true}",2014-01-01,2024-12-31,2025-01-01,2026-04-20,2014-01-01,2026-04-20,72.0,72.0,25.0,47.0,34.72,205807.34,-64966.36,15.32,367.79,44.73,486710.0,-249306.8000000001,209.18,0.71,0.84,0.0078,0.01,48.0,48.0,13.0,35.0,27.08,54674.3,-21824.11,9.23,221.44,31.62,176449.19999999992,-65999.99999999994,-5.31,0.03,0.03,0.0048,0.0,120.0,120.0,38.0,82.0,31.67,203568.55,-68178.01,13.15,315.63,44.73,586114.7999999998,-249306.8000000001,214.5,0.53,0.64,0.0068,0.01
VKCO,ema,1h,Bayesian_TPE,30,1.369,40,189,True,216.41,0.287,0.337,45.37,68,35.29,True,"{""sampler"":""TPESampler"",""seed"":42,""n_trials"":50,""direction"":""maximize"",""objective"":""composite = Sharpe * (Return% / MaxDD%)""}","{""short_ema"":40,""long_ema"":189,""allowshort"":true}",2014-01-01,2024-12-31,2025-01-01,2026-04-20,2014-01-01,2026-04-20,68.0,68.0,24.0,44.0,35.29,182776.54,-50512.14,16.22,389.37,45.37,469939.1999999998,-146081.0,216.41,0.73,0.86,0.0077,0.01,40.0,40.0,9.0,31.0,22.5,71725.34,-21072.43,11.01,264.15,31.06,173667.6000000001,-65536.80000000009,-0.77,0.09,0.11,0.0048,0.0,108.0,108.0,33.0,75.0,30.56,201393.61,-58343.19,14.61,350.67,45.37,572439.6000000003,-216032.40000000029,227.03,0.55,0.66,0.0068,0.01
VKCO,ema,1h,Bayesian_TPE,31,3.088,55,199,True,270.75,0.345,0.417,30.25,46,41.3,True,"{""sampler"":""TPESampler"",""seed"":42,""n_trials"":50,""direction"":""maximize"",""objective"":""composite = Sharpe * (Return% / MaxDD%)""}","{""short_ema"":55,""long_ema"":199,""allowshort"":true}",2014-01-01,2024-12-31,2025-01-01,2026-04-20,2014-01-01,2026-04-20,46.0,46.0,19.0,27.0,41.3,250330.21,-75880.99,23.97,575.33,30.25,631134.7999999999,-221571.0,270.75,0.88,1.06,0.0068,0.02,35.0,35.0,11.0,24.0,31.43,61185.99,-24908.99,12.57,301.74,24.33,177023.20000000013,-75200.7999999999,7.52,0.19,0.24,0.0048,0.0,81.0,81.0,30.0,51.0,37.04,247286.54,-84802.8,19.48,467.41,30.25,674091.2000000005,-286322.3999999997,309.37,0.66,0.82,0.0062,0.01
VKCO,ema,1h,Bayesian_TPE,32,3.005,67,173,True,298.32,0.351,0.427,34.85,48,41.67,True,"{""sampler"":""TPESampler"",""seed"":42,""n_trials"":50,""direction"":""maximize"",""objective"":""composite = Sharpe * (Return% / MaxDD%)""}","{""short_ema"":67,""long_ema"":173,""allowshort"":true}",2014-01-01,2024-12-31,2025-01-01,2026-04-20,2014-01-01,2026-04-20,48.0,48.0,20.0,28.0,41.67,275222.75,-90045.53,22.97,551.33,34.85,667477.7999999997,-282576.39999999973,298.32,0.9,1.09,0.0071,0.02,36.0,36.0,10.0,26.0,27.78,65949.87,-25343.56,12.22,293.39,27.56,163425.80000000002,-69354.0,0.06,0.1,0.12,0.0048,0.0,84.0,84.0,30.0,54.0,35.71,278109.34,-96854.79,18.78,450.7,34.85,671848.0000000001,-285102.0,311.31,0.65,0.81,0.0063,0.01
VKCO,ema,1h,Bayesian_TPE,33,2.393,68,172,True,244.96,0.328,0.397,33.58,44,40.91,True,"{""sampler"":""TPESampler"",""seed"":42,""n_trials"":50,""direction"":""maximize"",""objective"":""composite = Sharpe * (Return% / MaxDD%)""}","{""short_ema"":68,""long_ema"":172,""allowshort"":true}",2014-01-01,2024-12-31,2025-01-01,2026-04-20,2014-01-01,2026-04-20,44.0,44.0,18.0,26.0,40.91,256965.61,-83682.36,25.06,601.45,33.58,611276.4,-256387.59999999977,244.96,0.84,1.01,0.0068,0.02,36.0,36.0,11.0,25.0,30.56,59874.2,-26439.35,12.22,293.39,28.0,161933.09999999995,-70545.60000000014,-0.24,0.09,0.12,0.0048,0.0,80.0,80.0,29.0,51.0,36.25,244174.89,-88807.75,19.72,473.24,33.58,611276.4,-256387.59999999977,255.19,0.61,0.75,0.0062,0.01
VKCO,ema,1h,Bayesian_TPE,34,2.01,80,156,True,215.38,0.308,0.372,33.0,44,40.91,True,"{""sampler"":""TPESampler"",""seed"":42,""n_trials"":50,""direction"":""maximize"",""objective"":""composite = Sharpe * (Return% / MaxDD%)""}","{""short_ema"":80,""long_ema"":156,""allowshort"":true}",2014-01-01,2024-12-31,2025-01-01,2026-04-20,2014-01-01,2026-04-20,44.0,44.0,18.0,26.0,40.91,247260.46,-88342.6,25.06,601.43,33.0,610818.0,-256178.0,215.38,0.78,0.95,0.0068,0.02,36.0,36.0,12.0,24.0,33.33,57180.16,-27104.62,12.22,293.39,27.75,168422.3999999999,-69300.0,3.57,0.14,0.18,0.0048,0.0,80.0,80.0,30.0,50.0,37.5,226167.93,-88286.11,19.72,473.23,33.0,610818.0,-256178.0,237.07,0.59,0.72,0.0062,0.01
VKCO,ema,1h,Bayesian_TPE,35,2.482,66,190,True,246.15,0.329,0.397,32.63,42,42.86,True,"{""sampler"":""TPESampler"",""seed"":42,""n_trials"":50,""direction"":""maximize"",""objective"":""composite = Sharpe * (Return% / MaxDD%)""}","{""short_ema"":66,""long_ema"":190,""allowshort"":true}",2014-01-01,2024-12-31,2025-01-01,2026-04-20,2014-01-01,2026-04-20,42.0,42.0,18.0,24.0,42.86,246556.37,-82355.84,26.25,630.07,32.63,634928.7999999999,-211568.39999999976,246.15,0.84,1.01,0.0068,0.02,37.0,37.0,11.0,26.0,29.73,52969.54,-25251.81,11.89,285.41,29.23,152020.79999999993,-70774.39999999997,-7.39,-0.0,-0.0,0.0048,-0.0,79.0,79.0,29.0,50.0,36.71,227001.01,-86050.65,19.97,479.22,32.95,634928.7999999999,-250702.3999999999,228.05,0.58,0.71,0.0062,0.01
VKCO,ema,1h,Bayesian_TPE,36,0.328,90,162,False,55.0,0.179,0.135,30.01,21,33.33,False,"{""sampler"":""TPESampler"",""seed"":42,""n_trials"":50,""direction"":""maximize"",""objective"":""composite = Sharpe * (Return% / MaxDD%)""}","{""short_ema"":90,""long_ema"":162,""allowshort"":false}",2014-01-01,2024-12-31,2025-01-01,2026-04-20,2014-01-01,2026-04-20,42.0,21.0,7.0,14.0,33.33,185228.8,-53326.31,18.98,455.48,30.01,329341.60000000003,-108885.60000000012,55.0,0.46,0.34,0.0047,0.01,35.0,17.0,6.0,11.0,35.29,41449.42,-30972.23,12.0,288.0,28.96,148750.3999999999,-75374.0,-9.2,-0.1,-0.09,0.0034,-0.0,77.0,38.0,13.0,25.0,34.21,134210.72,-51669.67,16.77,402.55,37.2,329341.60000000003,-120614.0,45.3,0.29,0.24,0.0043,0.0
VKCO,ema,1h,Bayesian_TPE,37,2.299,82,152,True,228.05,0.316,0.383,31.34,44,40.91,True,"{""sampler"":""TPESampler"",""seed"":42,""n_trials"":50,""direction"":""maximize"",""objective"":""composite = Sharpe * (Return% / MaxDD%)""}","{""short_ema"":82,""long_ema"":152,""allowshort"":true}",2014-01-01,2024-12-31,2025-01-01,2026-04-20,2014-01-01,2026-04-20,44.0,44.0,18.0,26.0,40.91,257229.33,-90371.35,25.06,601.43,31.34,610818.0,-266448.0,228.05,0.81,0.98,0.0068,0.02,36.0,36.0,11.0,25.0,30.56,59453.38,-26368.95,12.22,293.39,27.38,163502.79999999993,-68127.5,-0.52,0.09,0.11,0.0048,0.0,80.0,80.0,29.0,51.0,36.25,239635.01,-89836.92,19.72,473.23,31.34,610818.0,-266448.0,236.77,0.59,0.72,0.0062,0.01
VKCO,ema,1h,Bayesian_TPE,38,0.286,94,172,False,53.24,0.175,0.129,32.55,18,38.89,False,"{""sampler"":""TPESampler"",""seed"":42,""n_trials"":50,""direction"":""maximize"",""objective"":""composite = Sharpe * (Return% / MaxDD%)""}","{""short_ema"":94,""long_ema"":172,""allowshort"":false}",2014-01-01,2024-12-31,2025-01-01,2026-04-20,2014-01-01,2026-04-20,36.0,18.0,7.0,11.0,38.89,159428.77,-53050.53,22.24,533.83,32.55,310006.19999999995,-108326.39999999994,53.24,0.45,0.33,0.0047,0.01,35.0,17.0,4.0,13.0,23.53,61685.2,-28214.65,12.13,291.24,30.05,140747.19999999992,-75822.90000000004,-12.0,-0.16,-0.14,0.0034,-0.0,71.0,35.0,11.0,24.0,31.43,141382.34,-48485.55,18.33,440.0,35.24,310006.19999999995,-119928.00000000006,39.16,0.27,0.21,0.0043,0.0
VKCO,ema,1h,Bayesian_TPE,39,2.323,80,196,True,273.03,0.347,0.411,40.79,32,46.88,True,"{""sampler"":""TPESampler"",""seed"":42,""n_trials"":50,""direction"":""maximize"",""objective"":""composite = Sharpe * (Return% / MaxDD%)""}","{""short_ema"":80,""long_ema"":196,""allowshort"":true}",2014-01-01,2024-12-31,2025-01-01,2026-04-20,2014-01-01,2026-04-20,32.0,32.0,15.0,17.0,46.88,273499.64,-80718.96,34.45,826.84,40.79,1004705.8,-209466.99999999985,273.03,0.88,1.05,0.0068,0.01,35.0,35.0,9.0,26.0,25.71,62614.67,-26734.91,12.56,301.37,33.45,149308.79999999993,-68536.0,-13.16,-0.08,-0.1,0.0048,-0.0,67.0,67.0,24.0,43.0,35.82,264911.13,-93802.48,23.54,564.99,40.79,1004705.8,-262366.0,232.44,0.58,0.71,0.0062,0.01
VKCO,ema,1h,Bayesian_TPE,40,0.016,59,104,False,9.54,0.067,0.054,39.13,38,26.32,False,"{""sampler"":""TPESampler"",""seed"":42,""n_trials"":50,""direction"":""maximize"",""objective"":""composite = Sharpe * (Return% / MaxDD%)""}","{""short_ema"":59,""long_ema"":104,""allowshort"":false}",2014-01-01,2024-12-31,2025-01-01,2026-04-20,2014-01-01,2026-04-20,76.0,38.0,10.0,28.0,26.32,126890.1,-41909.37,11.49,275.79,39.13,256034.0000000001,-137080.79999999993,9.54,0.17,0.14,0.0051,0.0,44.0,22.0,9.0,13.0,40.91,46750.32,-31707.68,9.29,223.0,21.47,174526.80000000005,-73339.19999999994,0.86,0.08,0.07,0.0034,0.0,120.0,60.0,19.0,41.0,31.67,96970.09,-40430.29,11.21,269.13,40.19,256034.0000000001,-137080.79999999993,18.48,0.18,0.15,0.0046,0.0
VKCO,ema,1h,Bayesian_TPE,41,3.011,54,180,True,278.88,0.34,0.415,31.49,52,38.46,True,"{""sampler"":""TPESampler"",""seed"":42,""n_trials"":50,""direction"":""maximize"",""objective"":""composite = Sharpe * (Return% / MaxDD%)""}","{""short_ema"":54,""long_ema"":180,""allowshort"":true}",2014-01-01,2024-12-31,2025-01-01,2026-04-20,2014-01-01,2026-04-20,52.0,52.0,20.0,32.0,38.46,259940.91,-75311.72,21.21,509.12,31.49,541323.0,-231594.0,278.88,0.87,1.06,0.0071,0.02,36.0,36.0,10.0,26.0,27.78,72830.8,-24401.0,12.23,293.44,23.92,183178.99999999997,-82003.19999999995,9.39,0.21,0.27,0.0048,0.0,88.0,88.0,30.0,58.0,34.09,273387.03,-84539.02,17.93,430.33,31.49,719778.3999999999,-322252.7999999998,329.83,0.67,0.83,0.0064,0.01
VKCO,ema,1h,Bayesian_TPE,42,1.241,42,189,True,204.44,0.28,0.33,46.13,66,33.33,True,"{""sampler"":""TPESampler"",""seed"":42,""n_trials"":50,""direction"":""maximize"",""objective"":""composite = Sharpe * (Return% / MaxDD%)""}","{""short_ema"":42,""long_ema"":189,""allowshort"":true}",2014-01-01,2024-12-31,2025-01-01,2026-04-20,2014-01-01,2026-04-20,66.0,66.0,22.0,44.0,33.33,193584.87,-50329.36,16.71,401.15,46.13,456390.3999999998,-145446.6000000003,204.44,0.71,0.84,0.0077,0.01,42.0,42.0,11.0,31.0,26.19,59816.22,-21562.92,10.48,251.55,27.42,175890.0,-61815.600000000064,-1.05,0.08,0.11,0.0048,0.0,108.0,108.0,33.0,75.0,30.56,196187.38,-57802.05,14.61,350.66,46.13,558096.0,-196142.10000000015,213.9,0.53,0.64,0.0068,0.01
VKCO,ema,1h,Bayesian_TPE,43,2.945,64,177,True,290.88,0.347,0.422,34.27,50,42.0,True,"{""sampler"":""TPESampler"",""seed"":42,""n_trials"":50,""direction"":""maximize"",""objective"":""composite = Sharpe * (Return% / MaxDD%)""}","{""short_ema"":64,""long_ema"":177,""allowshort"":true}",2014-01-01,2024-12-31,2025-01-01,2026-04-20,2014-01-01,2026-04-20,50.0,50.0,21.0,29.0,42.0,256660.25,-85555.57,22.05,529.3,34.27,654258.5999999996,-277305.99999999977,290.88,0.88,1.08,0.0071,0.02,36.0,36.0,10.0,26.0,27.78,71118.58,-24024.19,12.22,293.39,23.4,179202.30000000005,-72327.5,8.66,0.2,0.26,0.0048,0.0,86.0,86.0,31.0,55.0,36.05,270455.02,-90928.54,18.34,440.23,34.27,723075.9000000001,-291795.0,338.3,0.67,0.83,0.0064,0.01
VKCO,ema,1h,Bayesian_TPE,44,3.083,71,171,True,263.76,0.34,0.414,29.09,44,40.91,True,"{""sampler"":""TPESampler"",""seed"":42,""n_trials"":50,""direction"":""maximize"",""objective"":""composite = Sharpe * (Return% / MaxDD%)""}","{""short_ema"":71,""long_ema"":171,""allowshort"":true}",2014-01-01,2024-12-31,2025-01-01,2026-04-20,2014-01-01,2026-04-20,44.0,44.0,18.0,26.0,40.91,270910.7,-86107.72,25.06,601.43,29.09,629841.6,-255456.0,263.76,0.87,1.05,0.0068,0.02,36.0,36.0,12.0,24.0,33.33,54278.15,-26733.07,12.22,293.39,28.25,163699.19999999995,-74228.79999999997,0.97,0.11,0.14,0.0048,0.0,80.0,80.0,30.0,50.0,37.5,247936.78,-92950.84,19.72,473.23,30.93,629841.6,-278663.9999999999,279.06,0.63,0.78,0.0062,0.01
VKCO,ema,1h,Bayesian_TPE,45,2.686,55,169,True,313.45,0.338,0.4,39.44,56,39.29,True,"{""sampler"":""TPESampler"",""seed"":42,""n_trials"":50,""direction"":""maximize"",""objective"":""composite = Sharpe * (Return% / MaxDD%)""}","{""short_ema"":55,""long_ema"":169,""allowshort"":true}",2014-01-01,2024-12-31,2025-01-01,2026-04-20,2014-01-01,2026-04-20,56.0,56.0,22.0,34.0,39.29,250646.85,-69992.46,19.7,472.77,39.44,608652.0,-224716.79999999987,313.45,0.86,1.02,0.0078,0.02,36.0,36.0,11.0,25.0,30.56,64413.72,-26229.86,12.23,293.47,26.19,178900.79999999993,-79116.0,5.28,0.16,0.21,0.0048,0.0,92.0,92.0,33.0,59.0,35.87,264853.71,-88219.27,17.15,411.63,39.44,770827.1999999997,-340841.0,353.52,0.66,0.8,0.0068,0.01
VKCO,ema,1h,Bayesian_TPE,46,1.232,50,136,True,200.64,0.275,0.323,44.78,66,39.39,True,"{""sampler"":""TPESampler"",""seed"":42,""n_trials"":50,""direction"":""maximize"",""objective"":""composite = Sharpe * (Return% / MaxDD%)""}","{""short_ema"":50,""long_ema"":136,""allowshort"":true}",2014-01-01,2024-12-31,2025-01-01,2026-04-20,2014-01-01,2026-04-20,66.0,66.0,26.0,40.0,39.39,186360.34,-70974.9,16.72,401.21,44.78,464362.99999999994,-193344.0,200.64,0.7,0.82,0.0078,0.01,48.0,48.0,12.0,36.0,25.0,58877.14,-20838.32,9.22,221.4,31.82,177346.30000000005,-66988.5,-4.37,0.04,0.05,0.0048,0.0,114.0,114.0,38.0,76.0,33.33,193179.28,-69180.25,13.84,332.24,44.78,571765.0000000002,-215985.0,208.31,0.52,0.63,0.0069,0.01
VKCO,ema,1h,Bayesian_TPE,47,3.515,71,187,True,296.41,0.359,0.434,30.27,42,38.1,True,"{""sampler"":""TPESampler"",""seed"":42,""n_trials"":50,""direction"":""maximize"",""objective"":""composite = Sharpe * (Return% / MaxDD%)""}","{""short_ema"":71,""long_ema"":187,""allowshort"":true}",2014-01-01,2024-12-31,2025-01-01,2026-04-20,2014-01-01,2026-04-20,42.0,42.0,16.0,26.0,38.1,299473.77,-70288.05,26.25,630.02,30.27,700963.2000000001,-237540.0,296.41,0.92,1.11,0.0068,0.02,37.0,37.0,12.0,25.0,32.43,48480.17,-25886.28,11.89,285.38,31.36,147545.4999999999,-67964.80000000003,-6.54,0.01,0.01,0.0048,0.0,79.0,79.0,28.0,51.0,35.44,260738.76,-87768.18,19.97,479.19,33.89,700963.2000000001,-278210.8000000001,282.45,0.64,0.78,0.0062,0.01
VKCO,ema,1h,Bayesian_TPE,48,0.076,28,193,False,27.45,0.113,0.088,40.77,37,24.32,False,"{""sampler"":""TPESampler"",""seed"":42,""n_trials"":50,""direction"":""maximize"",""objective"":""composite = Sharpe * (Return% / MaxDD%)""}","{""short_ema"":28,""long_ema"":193,""allowshort"":false}",2014-01-01,2024-12-31,2025-01-01,2026-04-20,2014-01-01,2026-04-20,74.0,37.0,9.0,28.0,24.32,144339.84,-36590.06,11.16,267.73,40.77,281593.6000000001,-122432.3999999999,27.45,0.29,0.22,0.0049,0.0,44.0,22.0,6.0,16.0,27.27,45687.42,-23235.92,9.8,235.27,27.14,143450.0,-62127.70000000009,-9.77,-0.11,-0.1,0.0035,-0.0,118.0,59.0,15.0,44.0,25.42,115446.06,-34605.3,11.24,269.64,40.77,281593.6000000001,-122432.3999999999,20.91,0.19,0.16,0.0045,0.0
VKCO,ema,1h,Bayesian_TPE,49,3.255,11,186,True,385.18,0.37,0.433,43.79,112,26.79,True,"{""sampler"":""TPESampler"",""seed"":42,""n_trials"":50,""direction"":""maximize"",""objective"":""composite = Sharpe * (Return% / MaxDD%)""}","{""short_ema"":11,""long_ema"":186,""allowshort"":true}",2014-01-01,2024-12-31,2025-01-01,2026-04-20,2014-01-01,2026-04-20,112.0,112.0,30.0,82.0,26.79,238889.27,-40425.12,9.85,236.46,43.79,669300.0,-165659.0,385.18,0.94,1.1,0.0077,0.02,72.0,72.0,18.0,53.0,25.0,50305.9,-14233.72,6.15,147.62,32.71,180306.0000000001,-56846.5,15.11,0.27,0.36,0.0048,0.0,184.0,184.0,48.0,135.0,26.09,255139.13,-53682.87,8.58,205.86,43.79,1021874.0000000002,-296288.0,499.95,0.76,0.91,0.0068,0.01
GAZP,ema,1h,Bayesian_TPE,0,0.136,40,193,True,84.3,0.098,0.123,60.54,213,28.64,True,"{""sampler"":""TPESampler"",""seed"":42,""n_trials"":50,""direction"":""maximize"",""objective"":""composite = Sharpe * (Return% / MaxDD%)""}","{""short_ema"":40,""long_ema"":193,""allowshort"":true}",2014-01-01,2024-12-31,2025-01-01,2026-04-20,2014-01-01,2026-04-20,213.0,213.0,61.0,152.0,28.64,61446.7,-19113.3,18.82,451.65,60.54,350659.14999999997,-239101.5,84.3,0.25,0.31,0.0054,0.0,43.0,43.0,15.0,28.0,34.88,41787.44,-25511.92,9.38,225.05,33.03,185940.07999999987,-59758.160000000185,-8.75,-0.06,-0.07,0.0039,-0.0,256.0,256.0,76.0,180.0,29.69,74941.92,-25386.7,17.51,420.3,60.54,669218.9599999998,-239101.5,112.6,0.25,0.32,0.0053,0.0
GAZP,ema,1h,Bayesian_TPE,1,1.075,19,73,False,188.6,0.174,0.17,30.54,243,32.51,False,"{""sampler"":""TPESampler"",""seed"":42,""n_trials"":50,""direction"":""maximize"",""objective"":""composite = Sharpe * (Return% / MaxDD%)""}","{""short_ema"":19,""long_ema"":73,""allowshort"":false}",2014-01-01,2024-12-31,2025-01-01,2026-04-20,2014-01-01,2026-04-20,485.0,243.0,79.0,164.0,32.51,72176.74,-23268.19,8.36,200.66,30.54,648825.6000000001,-115766.42,188.6,0.44,0.43,0.0035,0.01,103.0,51.0,17.0,34.0,33.33,46085.3,-17154.85,4.32,103.59,17.81,218649.84999999995,-47076.39999999997,20.02,0.4,0.37,0.0033,0.01,588.0,294.0,96.0,198.0,32.65,79710.57,-27260.89,7.69,184.61,30.54,648825.6000000001,-127658.39999999992,225.46,0.42,0.41,0.0035,0.0
GAZP,ema,1h,Bayesian_TPE,2,0.289,62,156,False,95.27,0.119,0.113,39.26,99,28.28,False,"{""sampler"":""TPESampler"",""seed"":42,""n_trials"":50,""direction"":""maximize"",""objective"":""composite = Sharpe * (Return% / MaxDD%)""}","{""short_ema"":62,""long_ema"":156,""allowshort"":false}",2014-01-01,2024-12-31,2025-01-01,2026-04-20,2014-01-01,2026-04-20,197.0,99.0,28.0,71.0,28.28,94230.41,-23742.69,20.8,499.27,39.26,315061.44999999995,-100128.82000000008,95.27,0.3,0.29,0.0036,0.0,39.0,19.0,6.0,13.0,31.58,25149.77,-19432.25,9.75,234.0,21.8,52924.33999999997,-47023.29999999996,-10.17,-0.17,-0.14,0.0028,-0.0,236.0,118.0,34.0,84.0,28.81,102906.33,-27419.29,19.56,469.34,39.26,696730.0,-114948.99999999993,119.56,0.3,0.28,0.0036,0.0
GAZP,ema,1h,Bayesian_TPE,4,0.773,22,77,False,166.93,0.164,0.16,35.4,224,33.04,False,"{""sampler"":""TPESampler"",""seed"":42,""n_trials"":50,""direction"":""maximize"",""objective"":""composite = Sharpe * (Return% / MaxDD%)""}","{""short_ema"":22,""long_ema"":77,""allowshort"":false}",2014-01-01,2024-12-31,2025-01-01,2026-04-20,2014-01-01,2026-04-20,447.0,224.0,74.0,150.0,33.04,73589.12,-25175.0,9.13,219.22,35.4,631141.35,-158966.40000000017,166.93,0.42,0.41,0.0035,0.0,91.0,45.0,17.0,28.0,37.78,45560.76,-18922.21,4.99,119.8,16.17,218888.9999999999,-54037.86000000006,24.47,0.46,0.44,0.0033,0.01,538.0,269.0,91.0,178.0,33.83,79417.95,-28680.6,8.48,203.45,35.4,631141.35,-158966.40000000017,212.19,0.41,0.39,0.0035,0.0
GAZP,ema,1h,Bayesian_TPE,5,1.514,46,93,True,341.99,0.177,0.249,39.97,287,33.45,True,"{""sampler"":""TPESampler"",""seed"":42,""n_trials"":50,""direction"":""maximize"",""objective"":""composite = Sharpe * (Return% / MaxDD%)""}","{""short_ema"":46,""long_ema"":93,""allowshort"":true}",2014-01-01,2024-12-31,2025-01-01,2026-04-20,2014-01-01,2026-04-20,287.0,287.0,96.0,191.0,33.45,97585.76,-31143.35,13.97,335.2,39.97,834799.8999999999,-308340.0,341.99,0.45,0.64,0.0054,0.01,61.0,61.0,22.0,39.0,36.07,59742.62,-25096.41,7.62,182.87,26.37,207294.56,-114402.75000000012,33.56,0.48,0.62,0.0044,0.01,348.0,348.0,118.0,230.0,33.91,122691.21,-43384.61,12.88,309.18,39.97,853522.5599999999,-471042.1800000005,449.91,0.44,0.61,0.0052,0.01
GAZP,ema,1h,Bayesian_TPE,6,0.932,33,105,False,163.1,0.164,0.164,28.71,159,33.96,False,"{""sampler"":""TPESampler"",""seed"":42,""n_trials"":50,""direction"":""maximize"",""objective"":""composite = Sharpe * (Return% / MaxDD%)""}","{""short_ema"":33,""long_ema"":105,""allowshort"":false}",2014-01-01,2024-12-31,2025-01-01,2026-04-20,2014-01-01,2026-04-20,317.0,159.0,54.0,105.0,33.96,83335.03,-27324.34,12.75,306.01,28.71,490466.6000000002,-163020.30000000022,163.1,0.42,0.42,0.0034,0.01,69.0,34.0,12.0,22.0,35.29,58789.76,-20544.75,6.79,162.88,18.94,214373.25,-55140.27999999998,25.35,0.47,0.45,0.0034,0.01,386.0,193.0,66.0,127.0,34.2,91574.2,-31303.14,11.75,282.03,28.71,524803.5,-163020.30000000022,206.84,0.41,0.4,0.0034,0.0
GAZP,ema,1h,Bayesian_TPE,7,1.172,24,127,True,351.59,0.18,0.254,54.0,339,29.79,True,"{""sampler"":""TPESampler"",""seed"":42,""n_trials"":50,""direction"":""maximize"",""objective"":""composite = Sharpe * (Return% / MaxDD%)""}","{""short_ema"":24,""long_ema"":127,""allowshort"":true}",2014-01-01,2024-12-31,2025-01-01,2026-04-20,2014-01-01,2026-04-20,339.0,339.0,101.0,237.0,29.79,90610.23,-23779.42,11.82,283.78,54.0,735212.1599999998,-170282.83999999994,351.59,0.46,0.65,0.0054,0.0,69.0,69.0,24.0,45.0,34.78,55150.26,-22068.46,6.74,161.7,19.99,211265.01000000004,-60803.039999999986,33.05,0.48,0.62,0.0044,0.01,408.0,408.0,125.0,282.0,30.64,115187.36,-34781.16,10.99,263.72,54.0,887645.5200000001,-255474.7199999999,459.01,0.45,0.62,0.0052,0.0
GAZP,ema,1h,Bayesian_TPE,8,0.905,63,75,False,161.54,0.163,0.163,29.09,143,32.87,False,"{""sampler"":""TPESampler"",""seed"":42,""n_trials"":50,""direction"":""maximize"",""objective"":""composite = Sharpe * (Return% / MaxDD%)""}","{""short_ema"":63,""long_ema"":75,""allowshort"":false}",2014-01-01,2024-12-31,2025-01-01,2026-04-20,2014-01-01,2026-04-20,285.0,143.0,47.0,96.0,32.87,95422.88,-29890.84,14.15,339.5,29.09,515441.60000000027,-174527.10000000003,161.54,0.41,0.42,0.0035,0.0,63.0,31.0,11.0,20.0,35.48,56270.79,-21425.59,7.49,179.81,18.83,208570.95000000016,-52314.24000000001,19.05,0.38,0.36,0.0033,0.01,348.0,174.0,58.0,116.0,33.33,100516.51,-33774.03,13.02,312.48,29.09,515441.60000000027,-174527.10000000003,191.22,0.39,0.39,0.0035,0.0
GAZP,ema,1h,Bayesian_TPE,9,-0.006,97,172,True,-24.76,0.018,0.022,73.96,153,28.76,True,"{""sampler"":""TPESampler"",""seed"":42,""n_trials"":50,""direction"":""maximize"",""objective"":""composite = Sharpe * (Return% / MaxDD%)""}","{""short_ema"":97,""long_ema"":172,""allowshort"":true}",2014-01-01,2024-12-31,2025-01-01,2026-04-20,2014-01-01,2026-04-20,153.0,153.0,44.0,109.0,28.76,38052.36,-17631.75,26.2,628.75,73.96,140475.01000000007,-51894.85999999991,-24.76,0.04,0.05,0.0054,0.0,27.0,27.0,10.0,17.0,37.04,50446.26,-32163.02,14.9,357.7,31.66,182476.0,-76583.5200000001,-4.23,0.01,0.01,0.0038,0.0,180.0,180.0,54.0,126.0,30.0,43379.17,-19350.5,24.91,597.74,73.96,257618.16,-72315.3600000001,-9.57,0.09,0.11,0.0053,0.0
GAZP,ema,1h,Bayesian_TPE,11,5.074,5,132,True,771.5,0.24,0.334,36.49,661,25.11,True,"{""sampler"":""TPESampler"",""seed"":42,""n_trials"":50,""direction"":""maximize"",""objective"":""composite = Sharpe * (Return% / MaxDD%)""}","{""short_ema"":5,""long_ema"":132,""allowshort"":true}",2014-01-01,2024-12-31,2025-01-01,2026-04-20,2014-01-01,2026-04-20,661.0,661.0,166.0,494.0,25.11,109900.34,-21312.6,6.06,145.54,36.49,1309751.1000000003,-224974.26000000015,771.5,0.61,0.85,0.0053,0.01,141.0,141.0,32.0,109.0,22.7,51988.63,-12247.1,3.3,79.18,25.81,261360.88000000003,-42927.9199999999,32.87,0.48,0.62,0.0044,0.01,802.0,802.0,198.0,603.0,24.69,158289.16,-35589.61,5.59,134.16,36.49,2140495.2800000003,-351543.07999999914,988.07,0.58,0.8,0.0052,0.01
GAZP,ema,1h,Bayesian_TPE,12,2.173,8,123,True,515.22,0.207,0.289,49.07,567,26.63,True,"{""sampler"":""TPESampler"",""seed"":42,""n_trials"":50,""direction"":""maximize"",""objective"":""composite = Sharpe * (Return% / MaxDD%)""}","{""short_ema"":8,""long_ema"":123,""allowshort"":true}",2014-01-01,2024-12-31,2025-01-01,2026-04-20,2014-01-01,2026-04-20,567.0,567.0,151.0,415.0,26.63,89762.53,-20245.66,7.07,169.67,49.07,897490.5600000002,-191386.23999999993,515.22,0.53,0.74,0.0054,0.01,113.0,113.0,32.0,81.0,28.32,48686.76,-14790.49,4.12,98.79,23.66,250411.52,-41457.27999999991,35.99,0.51,0.66,0.0044,0.01,680.0,680.0,183.0,496.0,26.91,121032.8,-30864.68,6.59,158.23,49.07,1443708.16,-239002.56999999948,684.01,0.51,0.71,0.0052,0.01
GAZP,ema,1h,Bayesian_TPE,13,4.238,6,133,True,678.84,0.23,0.32,36.84,605,25.95,True,"{""sampler"":""TPESampler"",""seed"":42,""n_trials"":50,""direction"":""maximize"",""objective"":""composite = Sharpe * (Return% / MaxDD%)""}","{""short_ema"":6,""long_ema"":133,""allowshort"":true}",2014-01-01,2024-12-31,2025-01-01,2026-04-20,2014-01-01,2026-04-20,605.0,605.0,157.0,447.0,25.95,106369.8,-22173.69,6.63,159.02,36.84,1199480.0000000005,-210858.48000000016,678.84,0.59,0.82,0.0053,0.01,129.0,129.0,32.0,97.0,24.81,51427.45,-12760.66,3.61,86.53,22.86,257425.52,-36700.959999999985,40.79,0.56,0.73,0.0044,0.01,734.0,734.0,189.0,544.0,25.75,149316.03,-34826.41,6.11,146.59,36.84,1878756.0,-267854.7199999999,927.52,0.57,0.78,0.0052,0.01
GAZP,ema,1h,Bayesian_TPE,14,3.683,5,143,True,622.74,0.223,0.31,37.71,649,23.57,True,"{""sampler"":""TPESampler"",""seed"":42,""n_trials"":50,""direction"":""maximize"",""objective"":""composite = Sharpe * (Return% / MaxDD%)""}","{""short_ema"":5,""long_ema"":143,""allowshort"":true}",2014-01-01,2024-12-31,2025-01-01,2026-04-20,2014-01-01,2026-04-20,649.0,649.0,153.0,496.0,23.57,103620.33,-19408.37,6.18,148.24,37.71,1087029.2900000005,-195778.80000000013,622.74,0.57,0.79,0.0053,0.01,133.0,133.0,31.0,102.0,23.31,54991.98,-11636.83,3.5,83.93,19.35,267052.88000000006,-46221.20999999989,51.78,0.66,0.86,0.0044,0.02,782.0,782.0,184.0,598.0,23.53,146438.13,-29540.95,5.73,137.6,37.71,1808577.0000000005,-313033.62999999925,927.91,0.57,0.78,0.0052,0.01
GAZP,ema,1h,Bayesian_TPE,15,1.279,13,120,True,345.94,0.178,0.246,48.13,465,28.39,True,"{""sampler"":""TPESampler"",""seed"":42,""n_trials"":50,""direction"":""maximize"",""objective"":""composite = Sharpe * (Return% / MaxDD%)""}","{""short_ema"":13,""long_ema"":120,""allowshort"":true}",2014-01-01,2024-12-31,2025-01-01,2026-04-20,2014-01-01,2026-04-20,465.0,465.0,132.0,333.0,28.39,78830.69,-20859.54,8.62,206.89,48.13,689715.5199999998,-213913.03999999995,345.94,0.45,0.63,0.0054,0.01,103.0,103.0,32.0,71.0,31.07,44585.54,-17510.07,4.51,108.36,28.3,247920.54,-51487.800000000105,18.35,0.32,0.42,0.0044,0.0,568.0,568.0,164.0,404.0,28.87,98140.66,-30063.27,7.89,189.43,48.13,1036822.08,-215327.9000000005,394.95,0.42,0.58,0.0052,0.0
GAZP,ema,1h,Bayesian_TPE,16,0.764,31,147,True,242.2,0.154,0.216,48.81,289,28.72,True,"{""sampler"":""TPESampler"",""seed"":42,""n_trials"":50,""direction"":""maximize"",""objective"":""composite = Sharpe * (Return% / MaxDD%)""}","{""short_ema"":31,""long_ema"":147,""allowshort"":true}",2014-01-01,2024-12-31,2025-01-01,2026-04-20,2014-01-01,2026-04-20,289.0,289.0,83.0,204.0,28.72,95946.25,-27164.61,13.87,332.88,48.81,780704.4500000001,-209926.87999999995,242.2,0.39,0.55,0.0054,0.0,61.0,61.0,15.0,46.0,24.59,72416.29,-20748.91,7.61,182.64,28.75,197734.14,-105757.46000000004,13.18,0.26,0.33,0.0044,0.0,350.0,350.0,98.0,250.0,28.0,114841.76,-34451.13,12.81,307.42,48.81,780704.4500000001,-340288.12000000017,264.17,0.36,0.5,0.0052,0.0
GAZP,ema,1h,Bayesian_TPE,17,0.099,63,169,True,72.82,0.092,0.115,67.62,187,28.88,True,"{""sampler"":""TPESampler"",""seed"":42,""n_trials"":50,""direction"":""maximize"",""objective"":""composite = Sharpe * (Return% / MaxDD%)""}","{""short_ema"":63,""long_ema"":169,""allowshort"":true}",2014-01-01,2024-12-31,2025-01-01,2026-04-20,2014-01-01,2026-04-20,187.0,187.0,54.0,133.0,28.88,56754.62,-17567.88,21.43,514.44,67.62,301626.63999999996,-77791.47999999988,72.82,0.24,0.29,0.0054,0.0,31.0,31.0,12.0,19.0,38.71,51629.4,-29360.14,13.0,312.1,23.79,187696.92000000004,-56708.299999999945,6.17,0.17,0.2,0.0038,0.0,218.0,218.0,66.0,152.0,30.28,74076.34,-23422.33,20.56,493.56,67.62,639882.78,-124389.97999999988,132.88,0.27,0.34,0.0053,0.0
GAZP,ema,1h,Bayesian_TPE,18,0.901,13,112,True,267.21,0.16,0.221,47.44,493,29.01,True,"{""sampler"":""TPESampler"",""seed"":42,""n_trials"":50,""direction"":""maximize"",""objective"":""composite = Sharpe * (Return% / MaxDD%)""}","{""short_ema"":13,""long_ema"":112,""allowshort"":true}",2014-01-01,2024-12-31,2025-01-01,2026-04-20,2014-01-01,2026-04-20,493.0,493.0,143.0,350.0,29.01,66301.15,-19454.33,8.13,195.14,47.44,521276.8800000002,-190171.95999999996,267.21,0.41,0.56,0.0054,0.0,103.0,103.0,32.0,71.0,31.07,47217.78,-17409.86,4.52,108.37,25.17,240527.19999999995,-44527.5,27.49,0.42,0.55,0.0044,0.01,596.0,596.0,175.0,421.0,29.36,82882.92,-26341.39,7.52,180.53,47.44,832915.1999999998,-190171.95999999996,341.48,0.4,0.54,0.0052,0.0
GAZP,ema,1h,Bayesian_TPE,19,0.269,79,133,True,147.94,0.124,0.168,68.22,195,32.82,True,"{""sampler"":""TPESampler"",""seed"":42,""n_trials"":50,""direction"":""maximize"",""objective"":""composite = Sharpe * (Return% / MaxDD%)""}","{""short_ema"":79,""long_ema"":133,""allowshort"":true}",2014-01-01,2024-12-31,2025-01-01,2026-04-20,2014-01-01,2026-04-20,195.0,195.0,64.0,131.0,32.82,64160.68,-20052.75,20.56,493.33,68.22,485285.50000000006,-132446.1599999998,147.94,0.32,0.43,0.0054,0.0,37.0,37.0,13.0,24.0,35.14,48125.73,-24826.55,11.14,267.24,24.36,181562.46000000005,-52629.75,2.98,0.12,0.15,0.0039,0.0,232.0,232.0,77.0,155.0,33.19,86082.12,-28774.77,19.32,463.77,68.22,847623.7500000001,-161920.0,216.82,0.33,0.44,0.0053,0.0
GAZP,ema,1h,Bayesian_TPE,20,0.227,32,200,True,104.68,0.108,0.134,49.88,231,26.84,True,"{""sampler"":""TPESampler"",""seed"":42,""n_trials"":50,""direction"":""maximize"",""objective"":""composite = Sharpe * (Return% / MaxDD%)""}","{""short_ema"":32,""long_ema"":200,""allowshort"":true}",2014-01-01,2024-12-31,2025-01-01,2026-04-20,2014-01-01,2026-04-20,231.0,231.0,62.0,169.0,26.84,79190.66,-22858.32,17.35,416.45,49.88,407917.7200000001,-353878.72,104.68,0.27,0.34,0.0055,0.0,47.0,47.0,14.0,33.0,29.79,46912.51,-20919.82,8.58,205.91,29.38,182147.7500000001,-57982.08000000004,-3.36,0.03,0.03,0.0039,0.0,278.0,278.0,76.0,202.0,27.34,94434.53,-28023.2,16.13,387.04,49.88,770287.4999999999,-353878.72,151.63,0.29,0.36,0.0053,0.0
GAZP,ema,1h,Bayesian_TPE,21,1.923,7,144,True,450.68,0.198,0.274,46.41,555,25.77,True,"{""sampler"":""TPESampler"",""seed"":42,""n_trials"":50,""direction"":""maximize"",""objective"":""composite = Sharpe * (Return% / MaxDD%)""}","{""short_ema"":7,""long_ema"":144,""allowshort"":true}",2014-01-01,2024-12-31,2025-01-01,2026-04-20,2014-01-01,2026-04-20,555.0,555.0,143.0,412.0,25.77,86568.78,-19108.14,7.22,173.34,46.41,810677.8900000001,-152071.29000000012,450.68,0.5,0.7,0.0054,0.01,101.0,101.0,28.0,73.0,27.72,56108.74,-14811.6,4.6,110.51,18.06,246338.40000000005,-38752.37999999991,48.98,0.64,0.83,0.0044,0.02,656.0,656.0,171.0,485.0,26.07,118275.55,-27810.45,6.83,164.02,46.41,1279407.3600000003,-201270.23999999955,673.71,0.51,0.7,0.0052,0.01
GAZP,ema,1h,Bayesian_TPE,22,1.762,6,161,True,412.81,0.191,0.27,44.76,593,22.6,True,"{""sampler"":""TPESampler"",""seed"":42,""n_trials"":50,""direction"":""maximize"",""objective"":""composite = Sharpe * (Return% / MaxDD%)""}","{""short_ema"":6,""long_ema"":161,""allowshort"":true}",2014-01-01,2024-12-31,2025-01-01,2026-04-20,2014-01-01,2026-04-20,593.0,593.0,134.0,459.0,22.6,95021.76,-18746.96,6.76,162.23,44.76,877416.3999999999,-167108.13000000012,412.81,0.49,0.69,0.0054,0.01,115.0,115.0,31.0,84.0,26.96,48912.36,-12919.95,4.04,97.05,16.81,245446.05000000013,-35856.149999999965,43.1,0.58,0.76,0.0044,0.02,708.0,708.0,165.0,543.0,23.31,119430.17,-25458.95,6.33,151.98,44.76,1180370.6500000006,-172447.10999999984,588.18,0.49,0.68,0.0052,0.01
GAZP,ema,1h,Bayesian_TPE,23,2.956,16,139,True,571.86,0.216,0.306,41.78,379,29.82,True,"{""sampler"":""TPESampler"",""seed"":42,""n_trials"":50,""direction"":""maximize"",""objective"":""composite = Sharpe * (Return% / MaxDD%)""}","{""short_ema"":16,""long_ema"":139,""allowshort"":true}",2014-01-01,2024-12-31,2025-01-01,2026-04-20,2014-01-01,2026-04-20,379.0,379.0,113.0,266.0,29.82,117443.17,-28392.88,10.58,253.83,41.78,1081827.2000000002,-226411.5100000001,571.86,0.55,0.78,0.0054,0.01,81.0,81.0,26.0,55.0,32.1,52485.96,-18580.08,5.74,137.75,24.92,227010.43999999997,-56373.5700000001,34.27,0.49,0.64,0.0044,0.01,460.0,460.0,139.0,321.0,30.22,153497.42,-43431.72,9.75,233.91,41.78,1419326.2,-352457.93000000063,739.46,0.53,0.74,0.0052,0.01
GAZP,ema,1h,Bayesian_TPE,24,1.5,5,178,True,368.65,0.183,0.258,44.97,595,21.18,True,"{""sampler"":""TPESampler"",""seed"":42,""n_trials"":50,""direction"":""maximize"",""objective"":""composite = Sharpe * (Return% / MaxDD%)""}","{""short_ema"":5,""long_ema"":178,""allowshort"":true}",2014-01-01,2024-12-31,2025-01-01,2026-04-20,2014-01-01,2026-04-20,595.0,595.0,126.0,468.0,21.18,97921.48,-18486.33,6.74,161.69,44.97,897484.26,-170778.56000000003,368.65,0.47,0.66,0.0054,0.01,115.0,115.0,29.0,86.0,25.22,52343.93,-12344.7,4.04,97.04,18.67,227256.1100000001,-37671.99999999995,45.63,0.61,0.79,0.0044,0.01,710.0,710.0,155.0,554.0,21.83,120398.35,-23996.12,6.31,151.55,44.97,993698.4100000004,-170778.56000000003,536.79,0.47,0.66,0.0052,0.01
GAZP,ema,1h,Bayesian_TPE,25,0.643,26,106,True,240.99,0.154,0.213,57.68,369,32.52,True,"{""sampler"":""TPESampler"",""seed"":42,""n_trials"":50,""direction"":""maximize"",""objective"":""composite = Sharpe * (Return% / MaxDD%)""}","{""short_ema"":26,""long_ema"":106,""allowshort"":true}",2014-01-01,2024-12-31,2025-01-01,2026-04-20,2014-01-01,2026-04-20,369.0,369.0,120.0,247.0,32.52,64962.94,-21804.06,10.86,260.71,57.68,566927.9999999999,-206545.7900000001,240.99,0.39,0.54,0.0054,0.0,85.0,85.0,25.0,60.0,29.41,53337.52,-19239.93,5.47,131.28,24.96,209217.12000000008,-56702.880000000085,17.9,0.31,0.41,0.0044,0.01,454.0,454.0,145.0,307.0,31.94,81577.7,-29537.31,9.87,237.0,57.68,667432.0800000002,-206545.7900000001,276.08,0.37,0.5,0.0052,0.0
GAZP,ema,1h,Bayesian_TPE,26,2.146,15,153,True,472.42,0.201,0.285,44.24,383,28.98,True,"{""sampler"":""TPESampler"",""seed"":42,""n_trials"":50,""direction"":""maximize"",""objective"":""composite = Sharpe * (Return% / MaxDD%)""}","{""short_ema"":15,""long_ema"":153,""allowshort"":true}",2014-01-01,2024-12-31,2025-01-01,2026-04-20,2014-01-01,2026-04-20,383.0,383.0,111.0,272.0,28.98,110429.71,-27696.77,10.47,251.18,44.24,932562.9500000002,-189464.2299999998,472.42,0.51,0.73,0.0053,0.01,75.0,75.0,24.0,51.0,32.0,59682.29,-19596.66,6.2,148.76,18.63,224598.0000000001,-49073.2200000001,43.29,0.58,0.76,0.0044,0.01,458.0,458.0,135.0,323.0,29.48,144356.15,-39803.28,9.79,234.93,44.24,1196304.5600000003,-261359.70000000056,663.16,0.51,0.71,0.0052,0.01
GAZP,ema,1h,Bayesian_TPE,27,0.783,39,135,True,265.52,0.16,0.224,54.28,265,30.94,True,"{""sampler"":""TPESampler"",""seed"":42,""n_trials"":50,""direction"":""maximize"",""objective"":""composite = Sharpe * (Return% / MaxDD%)""}","{""short_ema"":39,""long_ema"":135,""allowshort"":true}",2014-01-01,2024-12-31,2025-01-01,2026-04-20,2014-01-01,2026-04-20,265.0,265.0,82.0,183.0,30.94,93295.15,-27295.25,15.13,363.02,54.28,785559.9300000002,-227860.80000000016,265.52,0.41,0.57,0.0054,0.0,45.0,45.0,14.0,31.0,31.11,50593.22,-23675.69,9.23,221.6,31.57,153418.44999999998,-90823.72000000004,-2.56,0.04,0.05,0.004,0.0,310.0,310.0,96.0,214.0,30.97,122890.93,-39006.21,14.46,347.08,54.28,1347589.56,-414831.1000000002,345.02,0.4,0.55,0.0052,0.0
GAZP,ema,1h,Bayesian_TPE,28,0.445,24,183,False,108.99,0.131,0.131,32.09,152,25.0,False,"{""sampler"":""TPESampler"",""seed"":42,""n_trials"":50,""direction"":""maximize"",""objective"":""composite = Sharpe * (Return% / MaxDD%)""}","{""short_ema"":24,""long_ema"":183,""allowshort"":false}",2014-01-01,2024-12-31,2025-01-01,2026-04-20,2014-01-01,2026-04-20,303.0,152.0,38.0,114.0,25.0,96397.1,-22571.76,13.31,319.53,32.09,430443.36,-105250.0800000001,108.99,0.33,0.33,0.0035,0.0,53.0,26.0,7.0,19.0,26.92,28567.68,-18078.92,7.4,177.65,21.99,67044.00000000001,-53480.31000000003,-14.35,-0.28,-0.23,0.0028,-0.0,356.0,178.0,45.0,133.0,25.28,103893.23,-26023.97,12.78,306.83,32.09,735655.14,-138266.52000000008,121.4,0.31,0.3,0.0035,0.0
GAZP,ema,1h,Bayesian_TPE,29,1.244,12,114,True,333.63,0.175,0.243,46.94,509,28.09,True,"{""sampler"":""TPESampler"",""seed"":42,""n_trials"":50,""direction"":""maximize"",""objective"":""composite = Sharpe * (Return% / MaxDD%)""}","{""short_ema"":12,""long_ema"":114,""allowshort"":true}",2014-01-01,2024-12-31,2025-01-01,2026-04-20,2014-01-01,2026-04-20,509.0,509.0,143.0,366.0,28.09,74198.87,-19874.66,7.88,189.0,46.94,652406.2800000001,-217701.87999999995,333.63,0.45,0.62,0.0054,0.01,109.0,109.0,31.0,78.0,28.44,49937.15,-16587.03,4.27,102.4,26.27,248122.39999999997,-44595.0,25.43,0.4,0.52,0.0044,0.01,618.0,618.0,174.0,444.0,28.16,95944.93,-28300.03,7.25,174.11,46.94,1014748.7999999998,-217701.87999999995,412.92,0.43,0.59,0.0052,0.0
GAZP,ema,1h,Bayesian_TPE,30,2.011,41,96,True,426.79,0.193,0.272,40.96,299,31.77,True,"{""sampler"":""TPESampler"",""seed"":42,""n_trials"":50,""direction"":""maximize"",""objective"":""composite = Sharpe * (Return% / MaxDD%)""}","{""short_ema"":41,""long_ema"":96,""allowshort"":true}",2014-01-01,2024-12-31,2025-01-01,2026-04-20,2014-01-01,2026-04-20,299.0,299.0,95.0,204.0,31.77,112390.13,-31417.66,13.41,321.74,40.96,903746.25,-352797.12,426.79,0.49,0.69,0.0054,0.01,63.0,63.0,22.0,41.0,34.92,60698.66,-25804.06,7.38,177.08,29.15,214365.0299999999,-116138.4000000001,27.74,0.42,0.54,0.0044,0.01,362.0,362.0,117.0,245.0,32.32,144314.67,-47379.4,12.38,297.23,40.96,1053425.7399999998,-570692.6400000005,527.69,0.47,0.65,0.0052,0.01
GAZP,ema,1h,Bayesian_TPE,31,2.209,17,140,True,483.1,0.203,0.287,44.39,369,30.08,True,"{""sampler"":""TPESampler"",""seed"":42,""n_trials"":50,""direction"":""maximize"",""objective"":""composite = Sharpe * (Return% / MaxDD%)""}","{""short_ema"":17,""long_ema"":140,""allowshort"":true}",2014-01-01,2024-12-31,2025-01-01,2026-04-20,2014-01-01,2026-04-20,369.0,369.0,111.0,258.0,30.08,104984.52,-26442.91,10.86,260.71,44.39,921425.6000000002,-185625.95999999985,483.1,0.52,0.73,0.0054,0.01,79.0,79.0,26.0,53.0,32.91,56427.24,-19954.32,5.89,141.24,22.68,231506.8,-67156.15999999999,40.95,0.56,0.73,0.0044,0.01,448.0,448.0,137.0,311.0,30.58,140208.58,-40388.3,10.01,240.17,44.39,1256156.64,-364393.4399999999,664.78,0.51,0.71,0.0052,0.01
GAZP,ema,1h,Bayesian_TPE,32,1.369,11,131,True,378.69,0.185,0.256,51.18,471,27.81,True,"{""sampler"":""TPESampler"",""seed"":42,""n_trials"":50,""direction"":""maximize"",""objective"":""composite = Sharpe * (Return% / MaxDD%)""}","{""short_ema"":11,""long_ema"":131,""allowshort"":true}",2014-01-01,2024-12-31,2025-01-01,2026-04-20,2014-01-01,2026-04-20,471.0,471.0,131.0,339.0,27.81,81129.07,-20179.86,8.51,204.25,51.18,738009.0,-219005.37999999995,378.69,0.47,0.65,0.0054,0.0,101.0,101.0,28.0,73.0,27.72,54185.11,-15868.3,4.6,110.5,25.21,249735.05,-48517.35000000004,35.88,0.51,0.66,0.0044,0.01,572.0,572.0,159.0,412.0,27.8,107807.25,-29226.7,7.84,188.11,51.18,1121142.12,-219005.37999999995,510.0,0.46,0.63,0.0052,0.0
GAZP,ema,1h,Bayesian_TPE,33,1.997,17,149,True,435.32,0.195,0.276,42.5,367,30.52,True,"{""sampler"":""TPESampler"",""seed"":42,""n_trials"":50,""direction"":""maximize"",""objective"":""composite = Sharpe * (Return% / MaxDD%)""}","{""short_ema"":17,""long_ema"":149,""allowshort"":true}",2014-01-01,2024-12-31,2025-01-01,2026-04-20,2014-01-01,2026-04-20,367.0,367.0,112.0,255.0,30.52,97235.71,-25636.02,10.92,262.13,42.5,822086.49,-168328.27999999982,435.32,0.5,0.7,0.0054,0.01,71.0,71.0,24.0,47.0,33.8,58955.51,-20436.29,6.55,157.14,21.12,216970.08000000005,-54088.19000000015,45.44,0.6,0.79,0.0044,0.01,438.0,438.0,136.0,302.0,31.05,129153.71,-37487.27,10.24,245.66,42.5,1080747.2000000002,-269392.8900000007,624.37,0.5,0.69,0.0052,0.01
GAZP,ema,1h,Bayesian_TPE,34,0.745,19,162,True,239.22,0.153,0.216,49.12,341,28.15,True,"{""sampler"":""TPESampler"",""seed"":42,""n_trials"":50,""direction"":""maximize"",""objective"":""composite = Sharpe * (Return% / MaxDD%)""}","{""short_ema"":19,""long_ema"":162,""allowshort"":true}",2014-01-01,2024-12-31,2025-01-01,2026-04-20,2014-01-01,2026-04-20,341.0,341.0,96.0,244.0,28.15,80976.08,-22055.49,11.75,282.12,49.12,599889.5599999998,-143215.98000000004,239.22,0.39,0.55,0.0054,0.0,61.0,61.0,22.0,39.0,36.07,59877.84,-21335.34,7.61,182.69,19.4,207009.0,-55710.93000000007,48.52,0.63,0.82,0.0044,0.01,402.0,402.0,118.0,283.0,29.35,99511.26,-28355.66,11.15,267.65,49.12,657591.0,-176969.32000000024,371.77,0.41,0.57,0.0052,0.0
GAZP,ema,1h,Bayesian_TPE,35,1.935,7,140,True,443.22,0.196,0.272,44.9,565,24.96,True,"{""sampler"":""TPESampler"",""seed"":42,""n_trials"":50,""direction"":""maximize"",""objective"":""composite = Sharpe * (Return% / MaxDD%)""}","{""short_ema"":7,""long_ema"":140,""allowshort"":true}",2014-01-01,2024-12-31,2025-01-01,2026-04-20,2014-01-01,2026-04-20,565.0,565.0,141.0,423.0,24.96,87323.06,-18629.58,7.09,170.27,44.9,796416.2100000002,-149308.1100000001,443.22,0.5,0.69,0.0054,0.01,109.0,109.0,28.0,81.0,25.69,57444.49,-14194.52,4.27,102.4,21.23,256761.40000000008,-37945.259999999915,45.87,0.61,0.79,0.0044,0.01,674.0,674.0,169.0,504.0,25.07,119786.31,-27323.15,6.65,159.64,44.9,1315540.7000000004,-194402.6399999996,647.3,0.5,0.69,0.0052,0.01
GAZP,ema,1h,Bayesian_TPE,36,0.642,21,156,False,130.98,0.145,0.146,29.58,165,26.67,False,"{""sampler"":""TPESampler"",""seed"":42,""n_trials"":50,""direction"":""maximize"",""objective"":""composite = Sharpe * (Return% / MaxDD%)""}","{""short_ema"":21,""long_ema"":156,""allowshort"":false}",2014-01-01,2024-12-31,2025-01-01,2026-04-20,2014-01-01,2026-04-20,329.0,165.0,44.0,121.0,26.67,89846.27,-21846.29,12.31,295.35,29.58,407588.52,-98989.79999999994,130.98,0.37,0.37,0.0035,0.0,63.0,31.0,11.0,20.0,35.48,55766.63,-20153.56,7.68,184.39,15.93,203562.72000000003,-54432.83999999997,21.04,0.41,0.4,0.0034,0.01,392.0,196.0,55.0,141.0,28.06,93329.44,-24930.61,11.63,279.08,29.58,440320.32000000007,-117735.71999999991,161.79,0.36,0.36,0.0035,0.0
GAZP,ema,1h,Bayesian_TPE,37,1.228,27,119,True,340.7,0.177,0.25,49.11,333,30.63,True,"{""sampler"":""TPESampler"",""seed"":42,""n_trials"":50,""direction"":""maximize"",""objective"":""composite = Sharpe * (Return% / MaxDD%)""}","{""short_ema"":27,""long_ema"":119,""allowshort"":true}",2014-01-01,2024-12-31,2025-01-01,2026-04-20,2014-01-01,2026-04-20,333.0,333.0,102.0,231.0,30.63,89238.24,-24654.97,12.04,288.89,49.11,711686.0400000003,-264829.5000000003,340.7,0.45,0.64,0.0054,0.0,71.0,71.0,24.0,47.0,33.8,59102.46,-22070.95,6.55,157.14,22.42,217168.15999999992,-65320.07999999999,38.11,0.53,0.69,0.0044,0.01,404.0,404.0,126.0,278.0,31.19,115963.6,-35786.45,11.1,266.33,49.11,890475.5199999997,-267831.67999999993,466.28,0.45,0.62,0.0052,0.0
GAZP,ema,1h,Bayesian_TPE,38,1.786,5,128,False,258.27,0.206,0.205,29.79,341,25.51,False,"{""sampler"":""TPESampler"",""seed"":42,""n_trials"":50,""direction"":""maximize"",""objective"":""composite = Sharpe * (Return% / MaxDD%)""}","{""short_ema"":5,""long_ema"":128,""allowshort"":false}",2014-01-01,2024-12-31,2025-01-01,2026-04-20,2014-01-01,2026-04-20,681.0,341.0,87.0,254.0,25.51,78162.0,-16603.97,5.89,141.35,29.79,711903.9600000001,-103752.59999999992,258.27,0.52,0.52,0.0035,0.01,147.0,73.0,16.0,57.0,21.92,48211.18,-10535.03,3.13,75.14,19.91,238455.35999999996,-32272.80000000013,17.09,0.35,0.33,0.0034,0.01,828.0,414.0,103.0,311.0,24.88,89131.72,-20060.97,5.43,130.23,29.79,802756.4799999999,-108645.60000000044,294.16,0.48,0.47,0.0035,0.01
GAZP,ema,1h,Bayesian_TPE,39,1.869,37,98,True,409.0,0.19,0.263,41.58,311,34.08,True,"{""sampler"":""TPESampler"",""seed"":42,""n_trials"":50,""direction"":""maximize"",""objective"":""composite = Sharpe * (Return% / MaxDD%)""}","{""short_ema"":37,""long_ema"":98,""allowshort"":true}",2014-01-01,2024-12-31,2025-01-01,2026-04-20,2014-01-01,2026-04-20,311.0,311.0,106.0,204.0,34.08,96088.55,-29879.1,12.89,309.33,41.58,813782.8200000003,-321223.00000000006,409.0,0.48,0.67,0.0054,0.01,67.0,67.0,24.0,43.0,35.82,61945.8,-24269.38,6.94,166.52,21.98,225927.5499999999,-63409.500000000065,44.31,0.59,0.77,0.0044,0.01,378.0,378.0,130.0,247.0,34.39,129783.81,-44686.7,11.86,284.65,41.58,1070060.3499999996,-321223.00000000006,583.43,0.48,0.66,0.0052,0.01
GAZP,ema,1h,Bayesian_TPE,40,1.164,19,139,False,201.47,0.182,0.184,31.49,186,30.11,False,"{""sampler"":""TPESampler"",""seed"":42,""n_trials"":50,""direction"":""maximize"",""objective"":""composite = Sharpe * (Return% / MaxDD%)""}","{""short_ema"":19,""long_ema"":139,""allowshort"":false}",2014-01-01,2024-12-31,2025-01-01,2026-04-20,2014-01-01,2026-04-20,371.0,186.0,56.0,130.0,30.11,91835.16,-24061.79,10.94,262.55,31.49,524699.3600000002,-119737.5,201.47,0.46,0.47,0.0035,0.01,71.0,35.0,14.0,21.0,40.0,46142.43,-18108.53,6.67,160.03,13.97,215752.5600000001,-55541.88000000002,26.57,0.49,0.47,0.0034,0.01,442.0,221.0,70.0,151.0,31.67,96354.74,-27779.38,10.31,247.39,31.49,605179.5200000003,-155791.80000000005,255.01,0.45,0.45,0.0035,0.0
GAZP,ema,1h,Bayesian_TPE,41,1.404,11,143,True,385.74,0.186,0.258,51.09,445,28.09,True,"{""sampler"":""TPESampler"",""seed"":42,""n_trials"":50,""direction"":""maximize"",""objective"":""composite = Sharpe * (Return% / MaxDD%)""}","{""short_ema"":11,""long_ema"":143,""allowshort"":true}",2014-01-01,2024-12-31,2025-01-01,2026-04-20,2014-01-01,2026-04-20,445.0,445.0,125.0,320.0,28.09,82901.99,-20329.27,9.01,216.19,51.09,738646.11,-197484.21000000008,385.74,0.47,0.66,0.0054,0.0,99.0,99.0,30.0,69.0,30.3,48572.05,-15605.94,4.7,112.73,22.55,247940.18999999992,-47610.00000000004,38.04,0.53,0.69,0.0044,0.01,544.0,544.0,155.0,389.0,28.49,107362.38,-29268.76,8.24,197.79,51.09,1123647.86,-215769.90000000017,525.56,0.47,0.64,0.0052,0.0
GAZP,ema,1h,Bayesian_TPE,42,2.672,16,138,True,539.89,0.211,0.299,42.63,383,29.77,True,"{""sampler"":""TPESampler"",""seed"":42,""n_trials"":50,""direction"":""maximize"",""objective"":""composite = Sharpe * (Return% / MaxDD%)""}","{""short_ema"":16,""long_ema"":138,""allowshort"":true}",2014-01-01,2024-12-31,2025-01-01,2026-04-20,2014-01-01,2026-04-20,383.0,383.0,114.0,269.0,29.77,112798.29,-27732.85,10.47,251.18,42.63,1022569.6000000002,-214011.3300000001,539.89,0.54,0.76,0.0054,0.01,83.0,83.0,27.0,56.0,32.53,51134.12,-18387.07,5.6,134.43,25.65,238316.1000000001,-57277.1100000001,35.09,0.5,0.65,0.0044,0.01,466.0,466.0,141.0,325.0,30.26,146350.51,-41819.87,9.62,230.9,42.63,1419025.5000000005,-341066.00000000064,704.4,0.52,0.72,0.0052,0.01
GAZP,ema,1h,Bayesian_TPE,43,1.775,11,128,True,443.42,0.196,0.272,48.95,469,29.21,True,"{""sampler"":""TPESampler"",""seed"":42,""n_trials"":50,""direction"":""maximize"",""objective"":""composite = Sharpe * (Return% / MaxDD%)""}","{""short_ema"":11,""long_ema"":128,""allowshort"":true}",2014-01-01,2024-12-31,2025-01-01,2026-04-20,2014-01-01,2026-04-20,469.0,469.0,137.0,331.0,29.21,85463.7,-21976.72,8.55,205.13,48.95,815731.1999999998,-243111.43999999992,443.42,0.5,0.69,0.0054,0.01,103.0,103.0,29.0,74.0,28.16,51223.36,-15672.08,4.51,108.36,24.21,247088.35,-55530.40000000012,32.57,0.48,0.62,0.0044,0.01,572.0,572.0,166.0,405.0,29.02,114103.29,-32555.1,7.84,188.11,48.95,1259224.24,-283014.80000000057,575.63,0.48,0.66,0.0052,0.01
GAZP,ema,1h,Bayesian_TPE,44,2.502,16,160,True,482.19,0.203,0.286,39.13,353,30.31,True,"{""sampler"":""TPESampler"",""seed"":42,""n_trials"":50,""direction"":""maximize"",""objective"":""composite = Sharpe * (Return% / MaxDD%)""}","{""short_ema"":16,""long_ema"":160,""allowshort"":true}",2014-01-01,2024-12-31,2025-01-01,2026-04-20,2014-01-01,2026-04-20,353.0,353.0,107.0,246.0,30.31,112873.43,-29494.14,11.36,272.53,39.13,960470.1,-194825.7699999998,482.19,0.52,0.73,0.0054,0.01,69.0,69.0,23.0,46.0,33.33,60036.67,-19687.29,6.74,161.68,18.04,225570.80000000005,-51799.80000000014,47.52,0.62,0.81,0.0044,0.02,422.0,422.0,130.0,292.0,30.81,147579.25,-41691.05,10.62,254.97,39.13,1225114.8000000005,-281306.0900000008,701.15,0.52,0.72,0.0052,0.01
GAZP,ema,1h,Bayesian_TPE,45,0.201,55,152,True,115.42,0.111,0.15,63.59,207,29.95,True,"{""sampler"":""TPESampler"",""seed"":42,""n_trials"":50,""direction"":""maximize"",""objective"":""composite = Sharpe * (Return% / MaxDD%)""}","{""short_ema"":55,""long_ema"":152,""allowshort"":true}",2014-01-01,2024-12-31,2025-01-01,2026-04-20,2014-01-01,2026-04-20,207.0,207.0,62.0,144.0,29.95,65192.74,-20053.54,19.36,464.73,63.59,413187.2999999999,-118300.57,115.42,0.28,0.38,0.0055,0.0,43.0,43.0,14.0,29.0,32.56,44564.73,-24901.74,9.58,230.0,28.86,174086.36000000004,-68763.64000000004,-9.82,-0.08,-0.09,0.004,-0.0,250.0,250.0,76.0,173.0,30.4,82627.91,-27982.03,17.93,430.38,63.59,771557.7599999999,-185990.2000000001,143.88,0.28,0.37,0.0053,0.0
GAZP,ema,1h,Bayesian_TPE,46,0.899,29,122,True,287.67,0.165,0.233,52.77,317,29.97,True,"{""sampler"":""TPESampler"",""seed"":42,""n_trials"":50,""direction"":""maximize"",""objective"":""composite = Sharpe * (Return% / MaxDD%)""}","{""short_ema"":29,""long_ema"":122,""allowshort"":true}",2014-01-01,2024-12-31,2025-01-01,2026-04-20,2014-01-01,2026-04-20,317.0,317.0,95.0,222.0,29.97,84768.06,-23316.64,12.64,303.47,52.77,621558.2099999997,-247037.40000000029,287.67,0.42,0.59,0.0054,0.0,63.0,63.0,25.0,38.0,39.68,56780.46,-23951.45,7.38,177.06,19.12,216962.91999999995,-67290.84000000003,50.94,0.65,0.85,0.0044,0.02,380.0,380.0,120.0,260.0,31.58,107619.27,-32551.41,11.8,283.15,52.77,783579.1599999998,-247037.40000000029,445.09,0.44,0.61,0.0052,0.0
GAZP,ema,1h,Bayesian_TPE,47,0.59,68,111,True,245.7,0.155,0.215,64.56,235,30.21,True,"{""sampler"":""TPESampler"",""seed"":42,""n_trials"":50,""direction"":""maximize"",""objective"":""composite = Sharpe * (Return% / MaxDD%)""}","{""short_ema"":68,""long_ema"":111,""allowshort"":true}",2014-01-01,2024-12-31,2025-01-01,2026-04-20,2014-01-01,2026-04-20,235.0,235.0,71.0,164.0,30.21,86876.93,-22629.56,17.06,409.36,64.56,684269.0399999999,-159069.14999999985,245.7,0.39,0.55,0.0054,0.0,43.0,43.0,14.0,29.0,32.56,47448.36,-23622.65,9.66,231.79,27.9,166609.18000000002,-78978.30999999997,-2.08,0.05,0.06,0.004,0.0,278.0,278.0,85.0,193.0,30.58,116222.55,-34516.83,16.13,387.03,64.56,1184705.78,-340167.6799999999,321.72,0.39,0.53,0.0052,0.0
GAZP,ema,1h,Bayesian_TPE,48,0.795,22,136,False,161.05,0.162,0.163,32.8,175,29.14,False,"{""sampler"":""TPESampler"",""seed"":42,""n_trials"":50,""direction"":""maximize"",""objective"":""composite = Sharpe * (Return% / MaxDD%)""}","{""short_ema"":22,""long_ema"":136,""allowshort"":false}",2014-01-01,2024-12-31,2025-01-01,2026-04-20,2014-01-01,2026-04-20,349.0,175.0,51.0,124.0,29.14,87077.18,-22826.47,11.6,278.44,32.8,484851.52000000014,-101178.99000000003,161.05,0.41,0.42,0.0035,0.0,67.0,33.0,12.0,21.0,36.36,53202.67,-19132.26,7.11,170.67,15.08,216111.12,-53493.59999999993,23.67,0.45,0.43,0.0034,0.01,416.0,208.0,63.0,145.0,30.29,92381.0,-26267.81,10.94,262.49,32.8,526222.98,-130259.51999999984,201.12,0.4,0.4,0.0035,0.0
AFKS,ema,1h,Bayesian_TPE,0,2.451,40,193,True,679.08,0.199,0.253,55.13,177,31.07,True,"{""sampler"":""TPESampler"",""seed"":42,""n_trials"":50,""direction"":""maximize"",""objective"":""composite = Sharpe * (Return% / MaxDD%)""}","{""short_ema"":40,""long_ema"":193,""allowshort"":true}",2014-01-01,2024-12-31,2025-01-01,2026-04-20,2014-01-01,2026-04-20,177.0,177.0,55.0,122.0,31.07,302924.79,-80901.93,22.66,543.93,55.13,2042198.5480000004,-540406.2079999999,679.08,0.51,0.64,0.007,0.01,42.0,42.0,12.0,30.0,28.57,66380.34,-25856.09,10.74,257.86,27.58,215405.46499999997,-69931.15799999998,2.09,0.12,0.16,0.0048,0.0,219.0,219.0,67.0,152.0,30.59,326465.61,-101870.29,20.49,491.64,55.13,2042198.5480000004,-540406.2079999999,638.89,0.45,0.56,0.0067,0.01
AFKS,ema,1h,Bayesian_TPE,1,0.409,19,73,False,181.73,0.135,0.114,59.92,243,31.69,False,"{""sampler"":""TPESampler"",""seed"":42,""n_trials"":50,""direction"":""maximize"",""objective"":""composite = Sharpe * (Return% / MaxDD%)""}","{""short_ema"":19,""long_ema"":73,""allowshort"":false}",2014-01-01,2024-12-31,2025-01-01,2026-04-20,2014-01-01,2026-04-20,485.0,243.0,77.0,166.0,31.69,100992.35,-35898.56,8.52,204.48,59.92,637917.5219999998,-353525.12999999995,181.73,0.34,0.29,0.0058,0.0,76.0,38.0,14.0,24.0,36.84,59728.32,-20247.76,5.78,138.63,10.66,196616.3280000001,-66474.36900000002,35.03,0.56,0.51,0.0038,0.02,561.0,281.0,91.0,190.0,32.38,107989.12,-38144.38,8.18,196.41,59.92,625726.3200000002,-353525.12999999995,257.96,0.35,0.3,0.0055,0.0
AFKS,ema,1h,Bayesian_TPE,2,0.629,62,156,False,230.34,0.159,0.136,58.26,82,32.93,False,"{""sampler"":""TPESampler"",""seed"":42,""n_trials"":50,""direction"":""maximize"",""objective"":""composite = Sharpe * (Return% / MaxDD%)""}","{""short_ema"":62,""long_ema"":156,""allowshort"":false}",2014-01-01,2024-12-31,2025-01-01,2026-04-20,2014-01-01,2026-04-20,163.0,82.0,27.0,55.0,32.93,217832.11,-65056.53,24.45,586.82,58.26,1248770.3580000002,-316112.9729999999,230.34,0.41,0.35,0.0049,0.0,40.0,20.0,5.0,15.0,25.0,61138.54,-22993.96,10.08,241.9,24.68,208905.1370000001,-71298.23999999993,-3.92,0.0,0.0,0.0036,0.0,203.0,102.0,32.0,70.0,31.37,207029.1,-66387.34,21.86,524.71,58.26,1248770.3580000002,-316112.9729999999,197.78,0.34,0.29,0.0047,0.0
AFKS,ema,1h,Bayesian_TPE,4,0.391,22,77,False,169.56,0.133,0.109,57.7,197,32.99,False,"{""sampler"":""TPESampler"",""seed"":42,""n_trials"":50,""direction"":""maximize"",""objective"":""composite = Sharpe * (Return% / MaxDD%)""}","{""short_ema"":22,""long_ema"":77,""allowshort"":false}",2014-01-01,2024-12-31,2025-01-01,2026-04-20,2014-01-01,2026-04-20,393.0,197.0,65.0,132.0,32.99,102568.6,-37661.49,10.5,252.08,57.7,603295.36,-289609.6749999999,169.56,0.34,0.28,0.0055,0.0,70.0,35.0,16.0,19.0,45.71,48024.05,-21837.65,6.24,149.71,10.94,211732.46199999994,-61724.603999999854,35.35,0.57,0.51,0.0037,0.02,463.0,232.0,81.0,151.0,34.91,104083.12,-39851.86,9.9,237.66,57.7,584613.4740000002,-289609.6749999999,241.31,0.35,0.29,0.0053,0.0
AFKS,ema,1h,Bayesian_TPE,5,2.208,46,93,True,786.45,0.203,0.246,72.29,259,35.14,True,"{""sampler"":""TPESampler"",""seed"":42,""n_trials"":50,""direction"":""maximize"",""objective"":""composite = Sharpe * (Return% / MaxDD%)""}","{""short_ema"":46,""long_ema"":93,""allowshort"":true}",2014-01-01,2024-12-31,2025-01-01,2026-04-20,2014-01-01,2026-04-20,259.0,259.0,91.0,168.0,35.14,252497.87,-89957.1,15.49,371.72,72.29,1869083.3280000002,-589650.1800000003,786.45,0.52,0.63,0.0075,0.01,56.0,56.0,22.0,34.0,39.29,45416.27,-25107.74,8.1,194.3,26.53,167464.556,-78073.62000000002,14.55,0.27,0.34,0.0049,0.0,315.0,315.0,113.0,202.0,35.87,272226.68,-110010.14,14.24,341.81,72.29,1394638.742,-650192.9900000002,853.96,0.47,0.57,0.0072,0.0
AFKS,ema,1h,Bayesian_TPE,6,0.781,33,105,False,286.16,0.169,0.147,61.93,139,33.81,False,"{""sampler"":""TPESampler"",""seed"":42,""n_trials"":50,""direction"":""maximize"",""objective"":""composite = Sharpe * (Return% / MaxDD%)""}","{""short_ema"":33,""long_ema"":105,""allowshort"":false}",2014-01-01,2024-12-31,2025-01-01,2026-04-20,2014-01-01,2026-04-20,277.0,139.0,47.0,92.0,33.81,162798.04,-52063.93,14.83,355.96,61.93,818433.6749999999,-325512.99,286.16,0.43,0.37,0.0052,0.0,64.0,32.0,12.0,20.0,37.5,33809.89,-18731.63,6.41,153.91,16.36,163241.6729999999,-46644.51000000009,3.11,0.12,0.11,0.0036,0.0,341.0,171.0,59.0,112.0,34.5,150028.66,-54811.5,13.38,321.1,61.93,792358.406,-325512.99,271.28,0.37,0.32,0.005,0.0
AFKS,ema,1h,Bayesian_TPE,7,5.068,24,127,True,1394.27,0.238,0.291,65.48,293,32.76,True,"{""sampler"":""TPESampler"",""seed"":42,""n_trials"":50,""direction"":""maximize"",""objective"":""composite = Sharpe * (Return% / MaxDD%)""}","{""short_ema"":24,""long_ema"":127,""allowshort"":true}",2014-01-01,2024-12-31,2025-01-01,2026-04-20,2014-01-01,2026-04-20,293.0,293.0,96.0,197.0,32.76,326791.96,-88473.65,13.69,328.58,65.48,3166966.675,-574597.5900000007,1394.27,0.61,0.74,0.0075,0.01,62.0,62.0,25.0,37.0,40.32,41141.25,-23523.96,7.32,175.68,23.12,190533.63900000002,-52609.985999999895,15.81,0.28,0.36,0.0049,0.01,355.0,355.0,121.0,234.0,34.08,369840.48,-126415.72,12.64,303.3,65.48,2660149.4310000003,-734514.5609999986,1516.94,0.55,0.68,0.0071,0.01
AFKS,ema,1h,Bayesian_TPE,8,0.177,63,75,False,109.24,0.112,0.095,69.23,126,31.75,False,"{""sampler"":""TPESampler"",""seed"":42,""n_trials"":50,""direction"":""maximize"",""objective"":""composite = Sharpe * (Return% / MaxDD%)""}","{""short_ema"":63,""long_ema"":75,""allowshort"":false}",2014-01-01,2024-12-31,2025-01-01,2026-04-20,2014-01-01,2026-04-20,251.0,126.0,40.0,86.0,31.75,118070.22,-42214.0,16.28,390.74,69.23,472640.45400000026,-308739.20000000007,109.24,0.29,0.24,0.0051,0.0,54.0,27.0,11.0,15.0,40.74,36064.32,-24207.12,7.63,183.07,16.73,159529.34799999997,-57319.41599999999,3.36,0.13,0.11,0.0036,0.0,305.0,153.0,51.0,101.0,33.33,105352.39,-43003.97,14.89,357.46,69.23,472640.45400000026,-308739.20000000007,102.96,0.25,0.21,0.0049,0.0
AFKS,ema,1h,Bayesian_TPE,9,6.97,97,172,True,1570.37,0.256,0.341,57.68,121,38.84,True,"{""sampler"":""TPESampler"",""seed"":42,""n_trials"":50,""direction"":""maximize"",""objective"":""composite = Sharpe * (Return% / MaxDD%)""}","{""short_ema"":97,""long_ema"":172,""allowshort"":true}",2014-01-01,2024-12-31,2025-01-01,2026-04-20,2014-01-01,2026-04-20,121.0,121.0,47.0,74.0,38.84,638884.8,-193566.68,33.15,795.66,57.68,5744324.949999998,-1993930.9340000006,1570.37,0.65,0.87,0.0069,0.01,31.0,31.0,9.0,22.0,29.03,60326.52,-31695.59,14.42,346.03,38.98,142491.61999999997,-82764.91200000001,-15.44,-0.11,-0.14,0.0048,-0.0,152.0,152.0,56.0,96.0,36.84,662415.02,-261114.77,29.51,708.36,57.68,5744324.949999998,-1993930.9340000006,1202.82,0.54,0.71,0.0066,0.01
AFKS,ema,1h,Bayesian_TPE,10,5.516,99,189,True,1354.68,0.247,0.331,60.66,109,41.28,True,"{""sampler"":""TPESampler"",""seed"":42,""n_trials"":50,""direction"":""maximize"",""objective"":""composite = Sharpe * (Return% / MaxDD%)""}","{""short_ema"":99,""long_ema"":189,""allowshort"":true}",2014-01-01,2024-12-31,2025-01-01,2026-04-20,2014-01-01,2026-04-20,109.0,109.0,45.0,64.0,41.28,557638.48,-180420.17,36.8,883.26,60.66,4625416.185,-1732094.759000001,1354.68,0.63,0.85,0.0068,0.01,29.0,29.0,9.0,20.0,31.03,55352.51,-36900.75,15.4,369.52,44.18,147098.99000000002,-74508.27999999997,-23.98,-0.25,-0.31,0.0048,-0.0,138.0,138.0,54.0,84.0,39.13,565306.06,-254632.15,32.51,780.22,60.66,4625416.185,-1732094.759000001,913.74,0.5,0.66,0.0065,0.01
AFKS,ema,1h,Bayesian_TPE,11,5.742,96,198,True,1409.69,0.25,0.335,61.38,111,40.54,True,"{""sampler"":""TPESampler"",""seed"":42,""n_trials"":50,""direction"":""maximize"",""objective"":""composite = Sharpe * (Return% / MaxDD%)""}","{""short_ema"":96,""long_ema"":198,""allowshort"":true}",2014-01-01,2024-12-31,2025-01-01,2026-04-20,2014-01-01,2026-04-20,111.0,111.0,45.0,66.0,40.54,544956.44,-157971.12,36.14,867.34,61.38,4439939.0,-1515876.1440000003,1409.69,0.64,0.85,0.0068,0.01,29.0,29.0,9.0,20.0,31.03,54842.57,-35688.0,15.4,369.48,43.24,148154.91600000003,-75136.59999999996,-22.02,-0.22,-0.27,0.0048,-0.0,140.0,140.0,54.0,86.0,38.57,554608.06,-235275.12,32.04,769.07,61.38,4439939.0,-1515876.1440000003,971.52,0.51,0.68,0.0066,0.01
AFKS,ema,1h,Bayesian_TPE,12,8.669,99,167,True,1764.33,0.264,0.352,53.73,127,37.01,True,"{""sampler"":""TPESampler"",""seed"":42,""n_trials"":50,""direction"":""maximize"",""objective"":""composite = Sharpe * (Return% / MaxDD%)""}","{""short_ema"":99,""long_ema"":167,""allowshort"":true}",2014-01-01,2024-12-31,2025-01-01,2026-04-20,2014-01-01,2026-04-20,127.0,127.0,47.0,80.0,37.01,716003.84,-200111.3,31.59,758.07,53.73,6502922.543999999,-2225466.2970000007,1764.33,0.67,0.9,0.0069,0.01,31.0,31.0,9.0,22.0,29.03,60964.27,-31367.15,14.42,346.06,39.22,144417.65199999997,-83558.56800000001,-14.14,-0.09,-0.12,0.0048,-0.0,158.0,158.0,56.0,102.0,35.44,744118.95,-273423.61,28.39,681.46,53.73,6502922.543999999,-2225466.2970000007,1378.15,0.56,0.74,0.0066,0.01
AFKS,ema,1h,Bayesian_TPE,13,5.502,76,158,True,1377.59,0.245,0.315,61.34,151,34.44,True,"{""sampler"":""TPESampler"",""seed"":42,""n_trials"":50,""direction"":""maximize"",""objective"":""composite = Sharpe * (Return% / MaxDD%)""}","{""short_ema"":76,""long_ema"":158,""allowshort"":true}",2014-01-01,2024-12-31,2025-01-01,2026-04-20,2014-01-01,2026-04-20,151.0,151.0,52.0,99.0,34.44,510703.87,-129097.85,26.57,637.58,61.34,5301521.280000001,-1794802.2400000014,1377.59,0.62,0.8,0.007,0.01,34.0,34.0,9.0,25.0,26.47,79043.31,-31162.14,13.26,318.32,39.18,199267.31199999992,-86337.93599999991,-6.77,0.01,0.01,0.0048,0.0,185.0,185.0,61.0,124.0,32.97,582047.65,-190164.41,24.25,582.0,61.34,5301521.280000001,-1794802.2400000014,1192.45,0.53,0.68,0.0067,0.01
AFKS,ema,1h,Bayesian_TPE,14,2.818,83,162,True,816.35,0.211,0.272,61.13,143,34.27,True,"{""sampler"":""TPESampler"",""seed"":42,""n_trials"":50,""direction"":""maximize"",""objective"":""composite = Sharpe * (Return% / MaxDD%)""}","{""short_ema"":83,""long_ema"":162,""allowshort"":true}",2014-01-01,2024-12-31,2025-01-01,2026-04-20,2014-01-01,2026-04-20,143.0,143.0,49.0,94.0,34.27,386740.35,-114752.46,28.05,673.25,61.13,3333009.5190000003,-1026681.1249999998,816.35,0.54,0.69,0.007,0.01,30.0,30.0,9.0,21.0,30.0,74413.86,-32553.91,14.91,357.83,39.06,180774.132,-92413.22400000002,-1.39,0.08,0.1,0.0048,0.0,173.0,173.0,58.0,115.0,33.53,412951.62,-144226.72,25.93,622.37,61.13,3333009.5190000003,-1026681.1249999998,736.51,0.46,0.6,0.0067,0.01
AFKS,ema,1h,Bayesian_TPE,15,4.955,72,136,True,1283.05,0.239,0.304,61.89,165,35.15,True,"{""sampler"":""TPESampler"",""seed"":42,""n_trials"":50,""direction"":""maximize"",""objective"":""composite = Sharpe * (Return% / MaxDD%)""}","{""short_ema"":72,""long_ema"":136,""allowshort"":true}",2014-01-01,2024-12-31,2025-01-01,2026-04-20,2014-01-01,2026-04-20,165.0,165.0,58.0,107.0,35.15,476990.13,-138643.98,24.31,583.48,61.89,4008949.120000001,-1275010.576,1283.05,0.61,0.77,0.0071,0.01,38.0,38.0,11.0,27.0,28.95,70008.31,-29183.44,11.89,285.34,31.22,199441.41700000007,-80437.97000000002,-1.79,0.08,0.1,0.0048,0.0,203.0,203.0,69.0,134.0,33.99,531553.89,-186590.7,22.1,530.39,61.89,4008949.120000001,-1275010.576,1167.41,0.53,0.67,0.0068,0.01
AFKS,ema,1h,Bayesian_TPE,16,3.796,90,170,True,1008.42,0.226,0.29,60.04,129,37.98,True,"{""sampler"":""TPESampler"",""seed"":42,""n_trials"":50,""direction"":""maximize"",""objective"":""composite = Sharpe * (Return% / MaxDD%)""}","{""short_ema"":90,""long_ema"":170,""allowshort"":true}",2014-01-01,2024-12-31,2025-01-01,2026-04-20,2014-01-01,2026-04-20,129.0,129.0,49.0,80.0,37.98,433838.72,-139673.95,31.1,746.32,60.04,4062817.0799999996,-1412115.7440000004,1008.42,0.58,0.74,0.0069,0.01,32.0,32.0,11.0,21.0,34.38,57237.96,-32463.37,13.97,335.31,38.23,180292.52499999997,-88028.45999999999,-5.21,0.03,0.04,0.0048,0.0,161.0,161.0,60.0,101.0,37.27,447467.7,-179696.82,27.86,668.76,60.04,4062817.0799999996,-1412115.7440000004,869.87,0.49,0.63,0.0066,0.01
AFKS,ema,1h,Bayesian_TPE,17,10.486,7,142,True,2258.44,0.268,0.35,57.72,499,23.85,True,"{""sampler"":""TPESampler"",""seed"":42,""n_trials"":50,""direction"":""maximize"",""objective"":""composite = Sharpe * (Return% / MaxDD%)""}","{""short_ema"":7,""long_ema"":142,""allowshort"":true}",2014-01-01,2024-12-31,2025-01-01,2026-04-20,2014-01-01,2026-04-20,499.0,499.0,119.0,380.0,23.85,560349.37,-116045.11,8.04,192.94,57.72,5340298.523999998,-1122495.2910000004,2258.44,0.68,0.89,0.0075,0.01,100.0,100.0,29.0,71.0,29.0,46126.65,-14574.07,4.54,108.97,21.02,220143.44100000005,-37805.94299999993,30.29,0.43,0.54,0.0049,0.01,599.0,599.0,148.0,451.0,24.71,640855.71,-148567.28,7.49,179.75,57.72,4873395.5490000015,-1122495.2910000004,2784.28,0.64,0.83,0.0071,0.01
AFKS,ema,1h,Bayesian_TPE,18,5.804,7,55,True,1476.51,0.235,0.295,59.78,863,27.81,True,"{""sampler"":""TPESampler"",""seed"":42,""n_trials"":50,""direction"":""maximize"",""objective"":""composite = Sharpe * (Return% / MaxDD%)""}","{""short_ema"":7,""long_ema"":55,""allowshort"":true}",2014-01-01,2024-12-31,2025-01-01,2026-04-20,2014-01-01,2026-04-20,863.0,863.0,240.0,622.0,27.81,219988.68,-61144.91,4.65,111.56,59.78,3673883.1499999985,-596933.7000000003,1476.51,0.6,0.75,0.0079,0.01,160.0,160.0,54.0,106.0,33.75,49494.48,-16199.63,2.91,69.79,19.29,216083.70000000016,-78031.35599999999,95.55,0.89,1.16,0.0052,0.02,1023.0,1023.0,294.0,728.0,28.74,310310.27,-87050.54,4.39,105.25,59.78,3188826.9000000022,-1151531.1539999999,2785.84,0.62,0.78,0.0075,0.01
AFKS,ema,1h,Bayesian_TPE,19,9.389,6,143,True,1855.38,0.256,0.343,50.59,551,22.14,True,"{""sampler"":""TPESampler"",""seed"":42,""n_trials"":50,""direction"":""maximize"",""objective"":""composite = Sharpe * (Return% / MaxDD%)""}","{""short_ema"":6,""long_ema"":143,""allowshort"":true}",2014-01-01,2024-12-31,2025-01-01,2026-04-20,2014-01-01,2026-04-20,551.0,551.0,122.0,429.0,22.14,504685.05,-100274.61,7.28,174.73,50.59,4427623.298999999,-1005768.5970000004,1855.38,0.65,0.87,0.0074,0.01,110.0,110.0,29.0,81.0,26.36,45585.48,-13448.6,4.22,101.29,23.79,210520.09700000007,-36425.78099999993,23.26,0.36,0.45,0.0049,0.01,661.0,661.0,151.0,510.0,22.84,554539.35,-122724.19,6.79,162.89,50.59,3782307.986000001,-1005768.5970000004,2114.61,0.6,0.8,0.0071,0.01
AFKS,ema,1h,Bayesian_TPE,20,9.149,5,139,True,1768.33,0.253,0.339,48.9,615,22.76,True,"{""sampler"":""TPESampler"",""seed"":42,""n_trials"":50,""direction"":""maximize"",""objective"":""composite = Sharpe * (Return% / MaxDD%)""}","{""short_ema"":5,""long_ema"":139,""allowshort"":true}",2014-01-01,2024-12-31,2025-01-01,2026-04-20,2014-01-01,2026-04-20,615.0,615.0,140.0,475.0,22.76,450238.59,-95473.95,6.52,156.54,48.9,4143050.5480000004,-1037885.4360000005,1768.33,0.64,0.86,0.0074,0.01,112.0,112.0,31.0,81.0,27.68,48949.87,-13840.03,4.15,99.48,23.04,260497.92,-41303.82899999992,39.64,0.51,0.65,0.005,0.01,727.0,727.0,171.0,556.0,23.52,512081.46,-116177.32,6.17,148.1,48.9,4471856.868000001,-1037885.4360000005,2297.13,0.61,0.81,0.0071,0.01
AFKS,ema,1h,Bayesian_TPE,21,13.552,8,142,True,2663.67,0.278,0.364,54.64,461,24.51,True,"{""sampler"":""TPESampler"",""seed"":42,""n_trials"":50,""direction"":""maximize"",""objective"":""composite = Sharpe * (Return% / MaxDD%)""}","{""short_ema"":8,""long_ema"":142,""allowshort"":true}",2014-01-01,2024-12-31,2025-01-01,2026-04-20,2014-01-01,2026-04-20,461.0,461.0,113.0,348.0,24.51,685757.13,-146131.66,8.7,208.84,54.64,6185211.83,-1381965.5130000005,2663.67,0.71,0.93,0.0075,0.01,98.0,98.0,31.0,67.0,31.63,45302.09,-14626.81,4.63,111.18,20.0,225625.85000000006,-40950.04199999992,42.44,0.54,0.69,0.0049,0.01,559.0,559.0,144.0,415.0,25.76,783334.46,-184362.07,8.03,192.61,54.64,5906913.094000001,-1381965.5130000005,3628.99,0.67,0.88,0.0071,0.01
AFKS,ema,1h,Bayesian_TPE,22,1.782,13,113,True,619.57,0.19,0.236,66.07,435,27.36,True,"{""sampler"":""TPESampler"",""seed"":42,""n_trials"":50,""direction"":""maximize"",""objective"":""composite = Sharpe * (Return% / MaxDD%)""}","{""short_ema"":13,""long_ema"":113,""allowshort"":true}",2014-01-01,2024-12-31,2025-01-01,2026-04-20,2014-01-01,2026-04-20,435.0,435.0,119.0,316.0,27.36,234087.78,-68546.56,9.22,221.32,66.07,1610432.58,-739387.9999999999,619.57,0.48,0.6,0.0075,0.01,78.0,78.0,29.0,49.0,37.18,52219.02,-20541.87,5.95,142.86,16.87,257612.23000000007,-42443.280000000035,50.78,0.6,0.76,0.005,0.02,513.0,513.0,148.0,365.0,28.85,252353.58,-77647.01,8.75,209.88,66.07,1709757.4180000005,-739387.9999999999,900.72,0.48,0.6,0.0071,0.01
AFKS,ema,1h,Bayesian_TPE,23,7.128,29,146,True,1614.98,0.248,0.31,56.19,249,33.33,True,"{""sampler"":""TPESampler"",""seed"":42,""n_trials"":50,""direction"":""maximize"",""objective"":""composite = Sharpe * (Return% / MaxDD%)""}","{""short_ema"":29,""long_ema"":146,""allowshort"":true}",2014-01-01,2024-12-31,2025-01-01,2026-04-20,2014-01-01,2026-04-20,249.0,249.0,83.0,166.0,33.33,402724.84,-104074.24,16.11,386.65,56.19,3763416.361999999,-770903.1080000009,1614.98,0.63,0.79,0.0074,0.01,50.0,50.0,21.0,29.0,42.0,40877.21,-27005.57,9.07,217.58,25.84,166330.21600000001,-58055.18000000002,7.53,0.19,0.24,0.0049,0.0,299.0,299.0,104.0,195.0,34.78,440165.66,-152350.82,15.0,360.1,56.19,2814972.0070000007,-921580.7800000004,1606.88,0.56,0.7,0.0071,0.01
AFKS,ema,1h,Bayesian_TPE,24,3.64,11,117,True,1020.81,0.218,0.278,61.13,463,27.65,True,"{""sampler"":""TPESampler"",""seed"":42,""n_trials"":50,""direction"":""maximize"",""objective"":""composite = Sharpe * (Return% / MaxDD%)""}","{""short_ema"":11,""long_ema"":117,""allowshort"":true}",2014-01-01,2024-12-31,2025-01-01,2026-04-20,2014-01-01,2026-04-20,463.0,463.0,128.0,335.0,27.65,323657.69,-93194.24,8.66,207.94,61.13,2537888.5949999993,-956326.7999999998,1020.81,0.56,0.71,0.0075,0.01,76.0,76.0,30.0,46.0,39.47,49670.4,-20829.69,6.11,146.62,19.28,254518.49600000007,-42619.920000000035,53.19,0.62,0.78,0.005,0.02,539.0,539.0,158.0,381.0,29.31,354191.56,-107940.65,8.32,199.76,61.13,2631173.9900000007,-956326.7999999998,1483.69,0.55,0.7,0.0072,0.01
AFKS,ema,1h,Bayesian_TPE,25,4.34,17,146,True,1190.07,0.229,0.284,62.8,323,30.65,True,"{""sampler"":""TPESampler"",""seed"":42,""n_trials"":50,""direction"":""maximize"",""objective"":""composite = Sharpe * (Return% / MaxDD%)""}","{""short_ema"":17,""long_ema"":146,""allowshort"":true}",2014-01-01,2024-12-31,2025-01-01,2026-04-20,2014-01-01,2026-04-20,323.0,323.0,99.0,224.0,30.65,308082.96,-83033.53,12.42,298.07,62.8,2818563.4020000002,-573600.8040000002,1190.07,0.58,0.72,0.0074,0.01,66.0,66.0,26.0,40.0,39.39,38553.82,-20897.73,6.88,165.03,24.86,188809.30000000005,-51473.43400000007,16.65,0.29,0.37,0.0049,0.01,389.0,389.0,125.0,264.0,32.13,333885.47,-108618.47,11.53,276.79,62.8,2340823.569,-620444.7520000008,1306.04,0.53,0.66,0.007,0.01
AFKS,ema,1h,Bayesian_TPE,26,1.521,39,127,True,591.62,0.187,0.228,72.72,243,30.04,True,"{""sampler"":""TPESampler"",""seed"":42,""n_trials"":50,""direction"":""maximize"",""objective"":""composite = Sharpe * (Return% / MaxDD%)""}","{""short_ema"":39,""long_ema"":127,""allowshort"":true}",2014-01-01,2024-12-31,2025-01-01,2026-04-20,2014-01-01,2026-04-20,243.0,243.0,73.0,170.0,30.04,224309.92,-61520.29,16.51,396.19,72.72,1521699.9649999996,-440094.6820000003,591.62,0.48,0.58,0.0074,0.0,50.0,50.0,20.0,30.0,40.0,43345.69,-26747.18,9.06,217.56,22.21,161217.86399999988,-58181.30999999991,6.45,0.18,0.22,0.0049,0.0,293.0,293.0,93.0,200.0,31.74,228495.73,-77633.1,15.31,367.47,72.72,1349320.6319999995,-440094.6820000003,572.35,0.42,0.52,0.0071,0.0
AFKS,ema,1h,Bayesian_TPE,27,0.835,12,149,False,279.98,0.168,0.149,56.3,189,25.4,False,"{""sampler"":""TPESampler"",""seed"":42,""n_trials"":50,""direction"":""maximize"",""objective"":""composite = Sharpe * (Return% / MaxDD%)""}","{""short_ema"":12,""long_ema"":149,""allowshort"":false}",2014-01-01,2024-12-31,2025-01-01,2026-04-20,2014-01-01,2026-04-20,377.0,189.0,48.0,141.0,25.4,184276.02,-42875.59,10.74,257.77,56.3,1101487.5720000002,-387281.14999999985,279.98,0.43,0.38,0.0052,0.0,78.0,39.0,16.0,23.0,41.03,32024.67,-17427.87,5.15,123.69,16.06,162867.59999999998,-45910.91499999996,11.16,0.25,0.22,0.0036,0.01,455.0,228.0,64.0,164.0,28.07,163020.42,-45569.78,9.88,237.03,56.3,1101487.5720000002,-387281.14999999985,295.99,0.39,0.34,0.005,0.0
AFKS,ema,1h,Bayesian_TPE,28,2.326,29,176,True,731.96,0.203,0.259,63.87,211,29.86,True,"{""sampler"":""TPESampler"",""seed"":42,""n_trials"":50,""direction"":""maximize"",""objective"":""composite = Sharpe * (Return% / MaxDD%)""}","{""short_ema"":29,""long_ema"":176,""allowshort"":true}",2014-01-01,2024-12-31,2025-01-01,2026-04-20,2014-01-01,2026-04-20,211.0,211.0,63.0,148.0,29.86,271615.19,-66163.31,19.01,456.28,63.87,1813940.7999999993,-348594.43500000006,731.96,0.52,0.66,0.0071,0.01,50.0,50.0,17.0,33.0,34.0,53119.28,-24860.08,9.06,217.52,23.63,227986.66199999995,-72894.20400000001,8.26,0.2,0.25,0.0049,0.0,261.0,261.0,80.0,181.0,30.65,290535.58,-88518.14,17.19,412.53,63.87,1789068.324,-553526.2440000001,722.11,0.46,0.59,0.0068,0.0
AFKS,ema,1h,Bayesian_TPE,29,28.684,5,181,True,4201.38,0.309,0.42,45.26,479,23.59,True,"{""sampler"":""TPESampler"",""seed"":42,""n_trials"":50,""direction"":""maximize"",""objective"":""composite = Sharpe * (Return% / MaxDD%)""}","{""short_ema"":5,""long_ema"":181,""allowshort"":true}",2014-01-01,2024-12-31,2025-01-01,2026-04-20,2014-01-01,2026-04-20,479.0,479.0,113.0,366.0,23.59,907100.08,-165269.12,8.37,200.99,45.26,9557703.54,-1749481.3549999986,4201.38,0.79,1.07,0.0074,0.01,96.0,96.0,30.0,66.0,31.25,41031.24,-14539.47,4.73,113.49,19.91,204070.94500000007,-36748.292000000045,27.13,0.4,0.51,0.0049,0.01,575.0,575.0,143.0,432.0,24.87,1051389.58,-230487.93,7.8,187.25,45.26,8311310.001000002,-1749481.3549999986,5077.79,0.73,0.98,0.007,0.01
AFKS,ema,1h,Bayesian_TPE,30,4.835,49,180,True,1116.15,0.231,0.294,53.33,173,32.95,True,"{""sampler"":""TPESampler"",""seed"":42,""n_trials"":50,""direction"":""maximize"",""objective"":""composite = Sharpe * (Return% / MaxDD%)""}","{""short_ema"":49,""long_ema"":180,""allowshort"":true}",2014-01-01,2024-12-31,2025-01-01,2026-04-20,2014-01-01,2026-04-20,173.0,173.0,57.0,116.0,32.95,443872.91,-121890.12,23.19,556.5,53.33,3325520.872000001,-955878.3020000004,1116.15,0.59,0.75,0.007,0.01,44.0,44.0,11.0,33.0,25.0,67535.59,-23951.41,10.26,246.14,30.3,195554.46799999994,-79794.13799999989,-4.75,0.04,0.05,0.0048,0.0,217.0,217.0,68.0,149.0,31.34,482806.4,-154827.84,20.67,496.18,53.33,3325520.872000001,-955878.3020000004,976.15,0.5,0.64,0.0067,0.01
AFKS,ema,1h,Bayesian_TPE,31,28.684,5,181,True,4201.38,0.309,0.42,45.26,479,23.59,True,"{""sampler"":""TPESampler"",""seed"":42,""n_trials"":50,""direction"":""maximize"",""objective"":""composite = Sharpe * (Return% / MaxDD%)""}","{""short_ema"":5,""long_ema"":181,""allowshort"":true}",2014-01-01,2024-12-31,2025-01-01,2026-04-20,2014-01-01,2026-04-20,479.0,479.0,113.0,366.0,23.59,907100.08,-165269.12,8.37,200.99,45.26,9557703.54,-1749481.3549999986,4201.38,0.79,1.07,0.0074,0.01,96.0,96.0,30.0,66.0,31.25,41031.24,-14539.47,4.73,113.49,19.91,204070.94500000007,-36748.292000000045,27.13,0.4,0.51,0.0049,0.01,575.0,575.0,143.0,432.0,24.87,1051389.58,-230487.93,7.8,187.25,45.26,8311310.001000002,-1749481.3549999986,5077.79,0.73,0.98,0.007,0.01
AFKS,ema,1h,Bayesian_TPE,32,10.4,17,184,True,1999.42,0.263,0.332,50.56,279,30.11,True,"{""sampler"":""TPESampler"",""seed"":42,""n_trials"":50,""direction"":""maximize"",""objective"":""composite = Sharpe * (Return% / MaxDD%)""}","{""short_ema"":17,""long_ema"":184,""allowshort"":true}",2014-01-01,2024-12-31,2025-01-01,2026-04-20,2014-01-01,2026-04-20,279.0,279.0,84.0,194.0,30.11,512313.36,-118763.54,14.38,345.07,50.56,5034058.848000001,-1061225.3280000004,1999.42,0.67,0.85,0.0073,0.01,64.0,64.0,23.0,41.0,35.94,40211.29,-18310.33,7.08,169.98,19.16,185599.11300000004,-49448.84100000001,17.41,0.3,0.38,0.0049,0.01,343.0,343.0,107.0,235.0,31.2,555560.78,-160121.85,13.08,313.91,50.56,5034058.848000001,-1061225.3280000004,2181.64,0.61,0.77,0.007,0.01
AFKS,ema,1h,Bayesian_TPE,33,21.962,13,200,True,3183.69,0.298,0.385,43.2,277,31.41,True,"{""sampler"":""TPESampler"",""seed"":42,""n_trials"":50,""direction"":""maximize"",""objective"":""composite = Sharpe * (Return% / MaxDD%)""}","{""short_ema"":13,""long_ema"":200,""allowshort"":true}",2014-01-01,2024-12-31,2025-01-01,2026-04-20,2014-01-01,2026-04-20,277.0,277.0,87.0,190.0,31.41,732773.45,-167970.63,14.48,347.56,43.2,8296360.5200000005,-1731021.4560000007,3183.69,0.76,0.98,0.0071,0.01,62.0,62.0,22.0,40.0,35.48,46608.1,-17666.39,7.31,175.48,18.92,201172.82399999996,-48631.96799999996,31.87,0.44,0.57,0.0049,0.01,339.0,339.0,109.0,230.0,32.15,856214.74,-233436.62,13.23,317.61,43.2,8296360.5200000005,-1731021.4560000007,3963.7,0.7,0.91,0.0068,0.01
AFKS,ema,1h,Bayesian_TPE,34,21.554,17,195,True,2896.5,0.292,0.378,39.24,253,32.02,True,"{""sampler"":""TPESampler"",""seed"":42,""n_trials"":50,""direction"":""maximize"",""objective"":""composite = Sharpe * (Return% / MaxDD%)""}","{""short_ema"":17,""long_ema"":195,""allowshort"":true}",2014-01-01,2024-12-31,2025-01-01,2026-04-20,2014-01-01,2026-04-20,253.0,253.0,81.0,170.0,32.02,688881.43,-157849.41,15.86,380.53,39.24,6877339.144,-1489754.9649999987,2896.5,0.74,0.96,0.0071,0.01,54.0,54.0,21.0,33.0,38.89,49863.52,-21684.66,8.39,201.44,20.24,231555.47800000003,-67252.17200000002,33.15,0.45,0.58,0.0049,0.01,307.0,307.0,102.0,203.0,33.22,802495.34,-228654.13,14.61,350.72,39.24,6877339.144,-1840372.5660000003,3543.77,0.69,0.89,0.0068,0.01
AFKS,ema,1h,Bayesian_TPE,35,1.646,19,194,False,411.51,0.199,0.175,49.75,125,29.6,False,"{""sampler"":""TPESampler"",""seed"":42,""n_trials"":50,""direction"":""maximize"",""objective"":""composite = Sharpe * (Return% / MaxDD%)""}","{""short_ema"":19,""long_ema"":194,""allowshort"":false}",2014-01-01,2024-12-31,2025-01-01,2026-04-20,2014-01-01,2026-04-20,249.0,125.0,37.0,88.0,29.6,233837.73,-51556.11,16.1,386.42,49.75,1820922.2160000002,-391477.6499999996,411.51,0.51,0.45,0.0051,0.01,54.0,27.0,10.0,17.0,37.04,40360.99,-18697.3,7.42,178.15,15.62,255670.87200000006,-56088.305000000095,8.58,0.21,0.18,0.0036,0.0,303.0,152.0,47.0,105.0,30.92,214756.91,-57349.76,14.7,352.83,49.75,1820922.2160000002,-391477.6499999996,407.18,0.45,0.39,0.0049,0.0
AFKS,ema,1h,Bayesian_TPE,36,2.52,25,189,True,803.45,0.21,0.266,66.96,221,30.77,True,"{""sampler"":""TPESampler"",""seed"":42,""n_trials"":50,""direction"":""maximize"",""objective"":""composite = Sharpe * (Return% / MaxDD%)""}","{""short_ema"":25,""long_ema"":189,""allowshort"":true}",2014-01-01,2024-12-31,2025-01-01,2026-04-20,2014-01-01,2026-04-20,221.0,221.0,68.0,153.0,30.77,246147.22,-56885.87,18.15,435.63,66.96,1969806.999999999,-342349.0399999999,803.45,0.53,0.68,0.0071,0.01,54.0,54.0,19.0,35.0,35.19,49134.01,-23416.76,8.39,201.41,21.45,223491.44999999995,-72061.82500000003,11.4,0.23,0.3,0.0049,0.01,275.0,275.0,87.0,188.0,31.64,271811.1,-82243.98,16.31,391.53,66.96,1842918.7139999997,-594221.1750000003,818.57,0.48,0.61,0.0068,0.0
AFKS,ema,1h,Bayesian_TPE,37,0.427,36,200,False,168.37,0.139,0.119,54.78,88,29.55,False,"{""sampler"":""TPESampler"",""seed"":42,""n_trials"":50,""direction"":""maximize"",""objective"":""composite = Sharpe * (Return% / MaxDD%)""}","{""short_ema"":36,""long_ema"":200,""allowshort"":false}",2014-01-01,2024-12-31,2025-01-01,2026-04-20,2014-01-01,2026-04-20,175.0,88.0,26.0,62.0,29.55,181338.78,-48888.28,22.69,544.56,54.78,959632.8000000003,-255643.28999999992,168.37,0.35,0.3,0.0049,0.0,42.0,21.0,5.0,16.0,23.81,61386.29,-22817.48,9.75,234.1,24.92,228633.7590000001,-54153.87799999996,-5.81,-0.03,-0.02,0.0036,-0.0,217.0,109.0,31.0,78.0,28.44,170630.42,-50529.49,20.41,489.93,54.78,959632.8000000003,-255643.28999999992,134.82,0.28,0.24,0.0047,0.0
AFKS,ema,1h,Bayesian_TPE,38,5.779,13,184,True,1524.73,0.246,0.308,64.91,309,28.8,True,"{""sampler"":""TPESampler"",""seed"":42,""n_trials"":50,""direction"":""maximize"",""objective"":""composite = Sharpe * (Return% / MaxDD%)""}","{""short_ema"":13,""long_ema"":184,""allowshort"":true}",2014-01-01,2024-12-31,2025-01-01,2026-04-20,2014-01-01,2026-04-20,309.0,309.0,89.0,220.0,28.8,380366.49,-84569.43,12.98,311.57,64.91,3542449.7999999984,-755125.8399999999,1524.73,0.63,0.79,0.0073,0.01,68.0,68.0,24.0,44.0,35.29,43901.16,-17440.36,6.67,160.16,22.02,198790.92800000004,-37809.01999999997,28.63,0.41,0.52,0.0048,0.01,377.0,377.0,113.0,264.0,29.97,431135.57,-114512.37,11.9,285.6,64.91,3056924.475,-755125.8399999999,1848.71,0.58,0.73,0.007,0.01
AFKS,ema,1h,Bayesian_TPE,39,0.796,57,191,False,252.46,0.167,0.145,52.98,77,33.77,False,"{""sampler"":""TPESampler"",""seed"":42,""n_trials"":50,""direction"":""maximize"",""objective"":""composite = Sharpe * (Return% / MaxDD%)""}","{""short_ema"":57,""long_ema"":191,""allowshort"":false}",2014-01-01,2024-12-31,2025-01-01,2026-04-20,2014-01-01,2026-04-20,153.0,77.0,26.0,51.0,33.77,226158.73,-65794.77,25.86,620.75,52.98,1575968.9400000002,-407262.7040000001,252.46,0.43,0.37,0.0048,0.0,34.0,17.0,5.0,12.0,29.41,56186.84,-26793.77,11.87,284.76,25.46,204143.74399999998,-80017.40800000007,-4.06,0.0,0.0,0.0036,0.0,187.0,94.0,31.0,63.0,32.98,211620.58,-70015.16,23.63,567.02,52.98,1575968.9400000002,-407262.7040000001,214.93,0.35,0.3,0.0047,0.0
AFKS,ema,1h,Bayesian_TPE,40,8.031,22,177,True,1741.52,0.254,0.319,55.08,253,30.83,True,"{""sampler"":""TPESampler"",""seed"":42,""n_trials"":50,""direction"":""maximize"",""objective"":""composite = Sharpe * (Return% / MaxDD%)""}","{""short_ema"":22,""long_ema"":177,""allowshort"":true}",2014-01-01,2024-12-31,2025-01-01,2026-04-20,2014-01-01,2026-04-20,253.0,253.0,78.0,175.0,30.83,464632.7,-107577.88,15.86,380.53,55.08,4373822.002,-752455.0100000009,1741.52,0.65,0.81,0.0073,0.01,60.0,60.0,23.0,37.0,38.33,41683.47,-20942.96,7.55,181.3,21.0,185684.80000000005,-65146.96500000005,18.38,0.31,0.39,0.0049,0.01,313.0,313.0,101.0,212.0,32.27,502642.18,-150272.98,14.33,343.99,55.08,4373822.002,-1095615.1700000009,1890.9,0.59,0.74,0.007,0.01
AFKS,ema,1h,Bayesian_TPE,41,10.661,10,200,True,2359.01,0.274,0.345,60.63,321,29.28,True,"{""sampler"":""TPESampler"",""seed"":42,""n_trials"":50,""direction"":""maximize"",""objective"":""composite = Sharpe * (Return% / MaxDD%)""}","{""short_ema"":10,""long_ema"":200,""allowshort"":true}",2014-01-01,2024-12-31,2025-01-01,2026-04-20,2014-01-01,2026-04-20,321.0,321.0,94.0,226.0,29.28,489934.86,-99397.24,12.5,299.92,60.63,5668672.572000002,-1211540.1499999992,2359.01,0.7,0.88,0.0073,0.01,78.0,78.0,25.0,53.0,32.05,42497.97,-15122.65,5.82,139.63,19.55,196211.4440000001,-34571.57000000006,26.09,0.39,0.49,0.0048,0.01,399.0,399.0,119.0,279.0,29.82,577775.53,-146387.28,11.24,269.85,60.63,5668672.572000002,-1211540.1499999992,2791.32,0.64,0.81,0.0069,0.01
AFKS,ema,1h,Bayesian_TPE,42,3.539,17,155,True,1075.44,0.223,0.276,67.77,307,31.27,True,"{""sampler"":""TPESampler"",""seed"":42,""n_trials"":50,""direction"":""maximize"",""objective"":""composite = Sharpe * (Return% / MaxDD%)""}","{""short_ema"":17,""long_ema"":155,""allowshort"":true}",2014-01-01,2024-12-31,2025-01-01,2026-04-20,2014-01-01,2026-04-20,307.0,307.0,96.0,211.0,31.27,277587.05,-75327.0,13.07,313.6,67.77,2491223.07,-447121.5779999998,1075.44,0.57,0.7,0.0074,0.01,66.0,66.0,26.0,40.0,39.39,38250.19,-20912.86,6.88,165.02,22.62,187374.70000000004,-49364.371000000065,15.8,0.28,0.36,0.0049,0.01,373.0,373.0,122.0,251.0,32.71,301271.47,-99851.76,12.03,288.66,67.77,2217527.6200000006,-541068.0990000007,1169.23,0.52,0.64,0.007,0.01
AFKS,ema,1h,Bayesian_TPE,43,4.54,28,92,True,1270.7,0.232,0.285,64.94,337,31.75,True,"{""sampler"":""TPESampler"",""seed"":42,""n_trials"":50,""direction"":""maximize"",""objective"":""composite = Sharpe * (Return% / MaxDD%)""}","{""short_ema"":28,""long_ema"":92,""allowshort"":true}",2014-01-01,2024-12-31,2025-01-01,2026-04-20,2014-01-01,2026-04-20,337.0,337.0,107.0,230.0,31.75,334447.76,-100343.27,11.9,285.68,64.94,3150296.576,-681642.6320000004,1270.7,0.59,0.73,0.0075,0.01,62.0,62.0,25.0,37.0,40.32,61649.63,-23754.18,7.49,179.71,13.65,267501.7840000001,-50936.269999999895,66.23,0.72,0.93,0.0049,0.03,399.0,399.0,132.0,267.0,33.08,409726.17,-127895.44,11.24,269.85,64.94,3368973.6520000016,-681642.6320000004,1993.58,0.59,0.72,0.0071,0.01
AFKS,ema,1h,Bayesian_TPE,44,15.375,20,184,True,2804.13,0.285,0.362,51.98,251,31.47,True,"{""sampler"":""TPESampler"",""seed"":42,""n_trials"":50,""direction"":""maximize"",""objective"":""composite = Sharpe * (Return% / MaxDD%)""}","{""short_ema"":20,""long_ema"":184,""allowshort"":true}",2014-01-01,2024-12-31,2025-01-01,2026-04-20,2014-01-01,2026-04-20,251.0,251.0,79.0,172.0,31.47,687217.13,-152609.52,15.98,383.57,51.98,6741654.968,-1370403.655000003,2804.13,0.73,0.92,0.0073,0.01,60.0,60.0,22.0,38.0,36.67,46390.49,-20224.51,7.55,181.3,22.31,234493.56700000004,-68319.94000000005,25.21,0.38,0.49,0.0049,0.01,311.0,311.0,101.0,210.0,32.48,780575.7,-222055.3,14.43,346.21,51.98,6741654.968,-1811962.2300000014,3220.65,0.66,0.84,0.007,0.01
AFKS,ema,1h,Bayesian_TPE,45,13.768,19,185,True,2565.09,0.279,0.354,51.98,261,32.18,True,"{""sampler"":""TPESampler"",""seed"":42,""n_trials"":50,""direction"":""maximize"",""objective"":""composite = Sharpe * (Return% / MaxDD%)""}","{""short_ema"":19,""long_ema"":185,""allowshort"":true}",2014-01-01,2024-12-31,2025-01-01,2026-04-20,2014-01-01,2026-04-20,261.0,261.0,84.0,177.0,32.18,604192.44,-141815.15,15.37,368.87,51.98,6391923.768,-1384605.2899999989,2565.09,0.71,0.9,0.0073,0.01,58.0,58.0,21.0,37.0,36.21,50120.62,-20503.92,7.81,187.55,20.87,232244.51600000003,-66633.70300000001,29.39,0.42,0.54,0.0049,0.01,319.0,319.0,105.0,214.0,32.92,705305.92,-203578.11,14.06,337.52,51.98,6391923.768,-1621784.2160000002,3049.14,0.66,0.83,0.007,0.01
AFKS,ema,1h,Bayesian_TPE,46,3.078,44,193,True,794.72,0.209,0.265,53.97,169,33.14,True,"{""sampler"":""TPESampler"",""seed"":42,""n_trials"":50,""direction"":""maximize"",""objective"":""composite = Sharpe * (Return% / MaxDD%)""}","{""short_ema"":44,""long_ema"":193,""allowshort"":true}",2014-01-01,2024-12-31,2025-01-01,2026-04-20,2014-01-01,2026-04-20,169.0,169.0,56.0,113.0,33.14,324055.51,-90264.96,23.74,569.67,53.97,2275956.1680000005,-617521.1240000008,794.72,0.53,0.68,0.007,0.01,42.0,42.0,11.0,31.0,26.19,69928.4,-24025.81,10.74,257.83,27.57,200799.58399999994,-73440.40500000004,2.44,0.13,0.16,0.0048,0.0,211.0,211.0,67.0,144.0,31.75,357407.35,-113943.45,21.26,510.28,53.97,2275956.1680000005,-617521.1240000008,753.84,0.47,0.59,0.0067,0.01
AFKS,ema,1h,Bayesian_TPE,47,0.806,15,163,False,272.63,0.167,0.146,56.47,163,28.22,False,"{""sampler"":""TPESampler"",""seed"":42,""n_trials"":50,""direction"":""maximize"",""objective"":""composite = Sharpe * (Return% / MaxDD%)""}","{""short_ema"":15,""long_ema"":163,""allowshort"":false}",2014-01-01,2024-12-31,2025-01-01,2026-04-20,2014-01-01,2026-04-20,325.0,163.0,46.0,117.0,28.22,158645.39,-39071.95,12.44,298.62,56.47,1038930.4960000002,-321751.32500000007,272.63,0.43,0.37,0.0051,0.0,74.0,37.0,13.0,24.0,35.14,31400.61,-17197.78,5.46,130.95,16.77,151006.264,-45621.423,-0.45,0.07,0.06,0.0036,0.0,399.0,200.0,59.0,141.0,29.5,143630.73,-42613.03,11.25,270.12,56.47,1038930.4960000002,-321751.32500000007,246.58,0.36,0.32,0.0049,0.0
AFKS,ema,1h,Bayesian_TPE,48,7.071,23,173,True,1623.75,0.249,0.313,57.18,247,31.17,True,"{""sampler"":""TPESampler"",""seed"":42,""n_trials"":50,""direction"":""maximize"",""objective"":""composite = Sharpe * (Return% / MaxDD%)""}","{""short_ema"":23,""long_ema"":173,""allowshort"":true}",2014-01-01,2024-12-31,2025-01-01,2026-04-20,2014-01-01,2026-04-20,247.0,247.0,77.0,170.0,31.17,432832.63,-100533.24,16.24,389.78,57.18,3918877.9080000003,-714552.7080000001,1623.75,0.64,0.8,0.0074,0.01,60.0,60.0,21.0,39.0,35.0,46725.26,-21035.42,7.55,181.3,25.17,188527.97000000003,-64176.06000000005,16.08,0.28,0.36,0.0049,0.01,307.0,307.0,98.0,209.0,31.92,482439.43,-143565.02,14.61,350.72,57.18,3918877.9080000003,-1010254.9600000008,1727.4,0.57,0.72,0.007,0.01
AFKS,ema,1h,Bayesian_TPE,49,1.98,33,181,True,654.42,0.197,0.25,65.12,213,29.58,True,"{""sampler"":""TPESampler"",""seed"":42,""n_trials"":50,""direction"":""maximize"",""objective"":""composite = Sharpe * (Return% / MaxDD%)""}","{""short_ema"":33,""long_ema"":181,""allowshort"":true}",2014-01-01,2024-12-31,2025-01-01,2026-04-20,2014-01-01,2026-04-20,213.0,213.0,63.0,150.0,29.58,246707.74,-59989.25,18.83,452.0,65.12,1648178.904,-321851.72000000003,654.42,0.5,0.64,0.0071,0.01,50.0,50.0,15.0,35.0,30.0,54839.9,-23689.23,9.06,217.5,26.01,211208.64599999998,-73698.30799999995,-0.65,0.09,0.12,0.0049,0.0,263.0,263.0,78.0,185.0,29.66,263656.07,-79541.61,17.06,409.39,65.12,1648178.904,-508148.6659999997,585.0,0.43,0.55,0.0068,0.0
