ticker,strategy_type,timeframe,method,trial_number,composite_score,param_doji_tol,param_wick_body_ratio,param_allowshort,metric_return_%,metric_sharpe,metric_sortino,metric_maxdd_%,metric_n_trades,metric_win_rate_%,allowshort,optim_params,params,IS_start,IS_end,OOS_start,OOS_end,FULL_start,FULL_end,IS_Количество сигналов,IS_Количество сделок,IS_Прибыльных сделок,IS_Убыточных сделок,IS_Процент прибыльных сделок,IS_Средняя прибыль,IS_Средний убыток,IS_Среднее время удержания (дней),IS_Среднее время удержания (часов),IS_Макс. просадка (%),IS_Макс. прибыль по сделке,IS_Макс. убыток по сделке,IS_Процент роста,IS_Sharpe,IS_Sortino,IS_Std. return,IS_Reward/Risk,OOS_Количество сигналов,OOS_Количество сделок,OOS_Прибыльных сделок,OOS_Убыточных сделок,OOS_Процент прибыльных сделок,OOS_Средняя прибыль,OOS_Средний убыток,OOS_Среднее время удержания (дней),OOS_Среднее время удержания (часов),OOS_Макс. просадка (%),OOS_Макс. прибыль по сделке,OOS_Макс. убыток по сделке,OOS_Процент роста,OOS_Sharpe,OOS_Sortino,OOS_Std. return,OOS_Reward/Risk,FULL_Количество сигналов,FULL_Количество сделок,FULL_Прибыльных сделок,FULL_Убыточных сделок,FULL_Процент прибыльных сделок,FULL_Средняя прибыль,FULL_Средний убыток,FULL_Среднее время удержания (дней),FULL_Среднее время удержания (часов),FULL_Макс. просадка (%),FULL_Макс. прибыль по сделке,FULL_Макс. убыток по сделке,FULL_Процент роста,FULL_Sharpe,FULL_Sortino,FULL_Std. return,FULL_Reward/Risk
GAZP,harami,1D,Bayesian_TPE,0,0.043,0.09,3.4000000000000004,True,-86.81,-0.046,-0.055,91.96,9,44.44,True,"{""sampler"":""TPESampler"",""seed"":42,""n_trials"":50,""direction"":""maximize"",""objective"":""composite = Sharpe * (Return% / MaxDD%)""}","{""doji_tol"":0.09,""wick_body_ratio"":3.4000000000000004,""allowshort"":true}",2014-01-01,2024-12-31,2025-01-01,2026-04-20,2014-01-01,2026-04-20,30.0,9.0,4.0,5.0,44.44,52198.18,-215368.99,445.44,,91.96,87384.59999999993,-493850.70000000007,-86.81,-0.05,-0.06,0.0353,-0.0,6.0,3.0,1.0,2.0,33.33,3407.75,-15229.55,105.33,,19.92,3407.7499999999413,-18254.59999999989,-2.71,0.01,0.02,0.0124,0.0,36.0,11.0,4.0,7.0,36.36,52198.18,-155301.15,407.64,,91.96,87384.59999999993,-493850.70000000007,-87.83,-0.04,-0.05,0.0336,-0.0
GAZP,harami,1D,Bayesian_TPE,1,0.055,0.05,1.8,False,-52.49,-0.073,-0.075,69.92,5,40.0,False,"{""sampler"":""TPESampler"",""seed"":42,""n_trials"":50,""direction"":""maximize"",""objective"":""composite = Sharpe * (Return% / MaxDD%)""}","{""doji_tol"":0.05,""wick_body_ratio"":1.8,""allowshort"":false}",2014-01-01,2024-12-31,2025-01-01,2026-04-20,2014-01-01,2026-04-20,30.0,5.0,2.0,3.0,40.0,104602.92,-244699.72,592.2,,69.92,127396.35999999991,-621034.3800000001,-52.49,-0.07,-0.07,0.0188,-0.0,6.0,2.0,1.0,1.0,50.0,3407.75,-18478.8,149.5,,19.92,3407.7499999999413,-18478.799999999883,-1.51,0.05,0.07,0.0121,0.0,36.0,6.0,2.0,4.0,33.33,104602.92,-191422.6,569.83,,69.92,127396.35999999991,-621034.3800000001,-55.65,-0.06,-0.07,0.0188,-0.0
GAZP,harami,1D,Bayesian_TPE,2,0.055,0.13,2.9000000000000004,False,-52.49,-0.073,-0.075,69.92,5,40.0,False,"{""sampler"":""TPESampler"",""seed"":42,""n_trials"":50,""direction"":""maximize"",""objective"":""composite = Sharpe * (Return% / MaxDD%)""}","{""doji_tol"":0.13,""wick_body_ratio"":2.9000000000000004,""allowshort"":false}",2014-01-01,2024-12-31,2025-01-01,2026-04-20,2014-01-01,2026-04-20,30.0,5.0,2.0,3.0,40.0,104602.92,-244699.72,592.2,,69.92,127396.35999999991,-621034.3800000001,-52.49,-0.07,-0.07,0.0188,-0.0,6.0,2.0,1.0,1.0,50.0,3407.75,-18478.8,149.5,,19.92,3407.7499999999413,-18478.799999999883,-1.51,0.05,0.07,0.0121,0.0,36.0,6.0,2.0,4.0,33.33,104602.92,-191422.6,569.83,,69.92,127396.35999999991,-621034.3800000001,-55.65,-0.06,-0.07,0.0188,-0.0
GAZP,harami,1D,Bayesian_TPE,3,0.055,0.17,1.9,False,-52.49,-0.073,-0.075,69.92,5,40.0,False,"{""sampler"":""TPESampler"",""seed"":42,""n_trials"":50,""direction"":""maximize"",""objective"":""composite = Sharpe * (Return% / MaxDD%)""}","{""doji_tol"":0.17,""wick_body_ratio"":1.9,""allowshort"":false}",2014-01-01,2024-12-31,2025-01-01,2026-04-20,2014-01-01,2026-04-20,30.0,5.0,2.0,3.0,40.0,104602.92,-244699.72,592.2,,69.92,127396.35999999991,-621034.3800000001,-52.49,-0.07,-0.07,0.0188,-0.0,6.0,2.0,1.0,1.0,50.0,3407.75,-18478.8,149.5,,19.92,3407.7499999999413,-18478.799999999883,-1.51,0.05,0.07,0.0121,0.0,36.0,6.0,2.0,4.0,33.33,104602.92,-191422.6,569.83,,69.92,127396.35999999991,-621034.3800000001,-55.65,-0.06,-0.07,0.0188,-0.0
GAZP,harami,1D,Bayesian_TPE,4,0.043,0.08,2.6,True,-86.81,-0.046,-0.055,91.96,9,44.44,True,"{""sampler"":""TPESampler"",""seed"":42,""n_trials"":50,""direction"":""maximize"",""objective"":""composite = Sharpe * (Return% / MaxDD%)""}","{""doji_tol"":0.08,""wick_body_ratio"":2.6,""allowshort"":true}",2014-01-01,2024-12-31,2025-01-01,2026-04-20,2014-01-01,2026-04-20,30.0,9.0,4.0,5.0,44.44,52198.18,-215368.99,445.44,,91.96,87384.59999999993,-493850.70000000007,-86.81,-0.05,-0.06,0.0353,-0.0,6.0,3.0,1.0,2.0,33.33,3407.75,-15229.55,105.33,,19.92,3407.7499999999413,-18254.59999999989,-2.71,0.01,0.02,0.0124,0.0,36.0,11.0,4.0,7.0,36.36,52198.18,-155301.15,407.64,,91.96,87384.59999999993,-493850.70000000007,-87.83,-0.04,-0.05,0.0336,-0.0
GAZP,harami,1D,Bayesian_TPE,5,0.055,0.14,1.7,False,-52.49,-0.073,-0.075,69.92,5,40.0,False,"{""sampler"":""TPESampler"",""seed"":42,""n_trials"":50,""direction"":""maximize"",""objective"":""composite = Sharpe * (Return% / MaxDD%)""}","{""doji_tol"":0.14,""wick_body_ratio"":1.7,""allowshort"":false}",2014-01-01,2024-12-31,2025-01-01,2026-04-20,2014-01-01,2026-04-20,30.0,5.0,2.0,3.0,40.0,104602.92,-244699.72,592.2,,69.92,127396.35999999991,-621034.3800000001,-52.49,-0.07,-0.07,0.0188,-0.0,6.0,2.0,1.0,1.0,50.0,3407.75,-18478.8,149.5,,19.92,3407.7499999999413,-18478.799999999883,-1.51,0.05,0.07,0.0121,0.0,36.0,6.0,2.0,4.0,33.33,104602.92,-191422.6,569.83,,69.92,127396.35999999991,-621034.3800000001,-55.65,-0.06,-0.07,0.0188,-0.0
GAZP,harami,1D,Bayesian_TPE,6,0.055,0.11,3.1,False,-52.49,-0.073,-0.075,69.92,5,40.0,False,"{""sampler"":""TPESampler"",""seed"":42,""n_trials"":50,""direction"":""maximize"",""objective"":""composite = Sharpe * (Return% / MaxDD%)""}","{""doji_tol"":0.11,""wick_body_ratio"":3.1,""allowshort"":false}",2014-01-01,2024-12-31,2025-01-01,2026-04-20,2014-01-01,2026-04-20,30.0,5.0,2.0,3.0,40.0,104602.92,-244699.72,592.2,,69.92,127396.35999999991,-621034.3800000001,-52.49,-0.07,-0.07,0.0188,-0.0,6.0,2.0,1.0,1.0,50.0,3407.75,-18478.8,149.5,,19.92,3407.7499999999413,-18478.799999999883,-1.51,0.05,0.07,0.0121,0.0,36.0,6.0,2.0,4.0,33.33,104602.92,-191422.6,569.83,,69.92,127396.35999999991,-621034.3800000001,-55.65,-0.06,-0.07,0.0188,-0.0
GAZP,harami,1D,Bayesian_TPE,7,0.043,0.13,1.5,True,-86.81,-0.046,-0.055,91.96,9,44.44,True,"{""sampler"":""TPESampler"",""seed"":42,""n_trials"":50,""direction"":""maximize"",""objective"":""composite = Sharpe * (Return% / MaxDD%)""}","{""doji_tol"":0.13,""wick_body_ratio"":1.5,""allowshort"":true}",2014-01-01,2024-12-31,2025-01-01,2026-04-20,2014-01-01,2026-04-20,30.0,9.0,4.0,5.0,44.44,52198.18,-215368.99,445.44,,91.96,87384.59999999993,-493850.70000000007,-86.81,-0.05,-0.06,0.0353,-0.0,6.0,3.0,1.0,2.0,33.33,3407.75,-15229.55,105.33,,19.92,3407.7499999999413,-18254.59999999989,-2.71,0.01,0.02,0.0124,0.0,36.0,11.0,4.0,7.0,36.36,52198.18,-155301.15,407.64,,91.96,87384.59999999993,-493850.70000000007,-87.83,-0.04,-0.05,0.0336,-0.0
GAZP,harami,1D,Bayesian_TPE,8,0.043,0.04,3.4000000000000004,True,-86.81,-0.046,-0.055,91.96,9,44.44,True,"{""sampler"":""TPESampler"",""seed"":42,""n_trials"":50,""direction"":""maximize"",""objective"":""composite = Sharpe * (Return% / MaxDD%)""}","{""doji_tol"":0.04,""wick_body_ratio"":3.4000000000000004,""allowshort"":true}",2014-01-01,2024-12-31,2025-01-01,2026-04-20,2014-01-01,2026-04-20,30.0,9.0,4.0,5.0,44.44,52198.18,-215368.99,445.44,,91.96,87384.59999999993,-493850.70000000007,-86.81,-0.05,-0.06,0.0353,-0.0,6.0,3.0,1.0,2.0,33.33,3407.75,-15229.55,105.33,,19.92,3407.7499999999413,-18254.59999999989,-2.71,0.01,0.02,0.0124,0.0,36.0,11.0,4.0,7.0,36.36,52198.18,-155301.15,407.64,,91.96,87384.59999999993,-493850.70000000007,-87.83,-0.04,-0.05,0.0336,-0.0
GAZP,harami,1D,Bayesian_TPE,9,0.043,0.08,1.7,True,-86.81,-0.046,-0.055,91.96,9,44.44,True,"{""sampler"":""TPESampler"",""seed"":42,""n_trials"":50,""direction"":""maximize"",""objective"":""composite = Sharpe * (Return% / MaxDD%)""}","{""doji_tol"":0.08,""wick_body_ratio"":1.7,""allowshort"":true}",2014-01-01,2024-12-31,2025-01-01,2026-04-20,2014-01-01,2026-04-20,30.0,9.0,4.0,5.0,44.44,52198.18,-215368.99,445.44,,91.96,87384.59999999993,-493850.70000000007,-86.81,-0.05,-0.06,0.0353,-0.0,6.0,3.0,1.0,2.0,33.33,3407.75,-15229.55,105.33,,19.92,3407.7499999999413,-18254.59999999989,-2.71,0.01,0.02,0.0124,0.0,36.0,11.0,4.0,7.0,36.36,52198.18,-155301.15,407.64,,91.96,87384.59999999993,-493850.70000000007,-87.83,-0.04,-0.05,0.0336,-0.0
GAZP,harami,1D,Bayesian_TPE,10,0.055,0.03,2.2,False,-52.49,-0.073,-0.075,69.92,5,40.0,False,"{""sampler"":""TPESampler"",""seed"":42,""n_trials"":50,""direction"":""maximize"",""objective"":""composite = Sharpe * (Return% / MaxDD%)""}","{""doji_tol"":0.03,""wick_body_ratio"":2.2,""allowshort"":false}",2014-01-01,2024-12-31,2025-01-01,2026-04-20,2014-01-01,2026-04-20,30.0,5.0,2.0,3.0,40.0,104602.92,-244699.72,592.2,,69.92,127396.35999999991,-621034.3800000001,-52.49,-0.07,-0.07,0.0188,-0.0,6.0,2.0,1.0,1.0,50.0,3407.75,-18478.8,149.5,,19.92,3407.7499999999413,-18478.799999999883,-1.51,0.05,0.07,0.0121,0.0,36.0,6.0,2.0,4.0,33.33,104602.92,-191422.6,569.83,,69.92,127396.35999999991,-621034.3800000001,-55.65,-0.06,-0.07,0.0188,-0.0
GAZP,harami,1D,Bayesian_TPE,11,0.055,0.19,2.8,False,-52.49,-0.073,-0.075,69.92,5,40.0,False,"{""sampler"":""TPESampler"",""seed"":42,""n_trials"":50,""direction"":""maximize"",""objective"":""composite = Sharpe * (Return% / MaxDD%)""}","{""doji_tol"":0.19,""wick_body_ratio"":2.8,""allowshort"":false}",2014-01-01,2024-12-31,2025-01-01,2026-04-20,2014-01-01,2026-04-20,30.0,5.0,2.0,3.0,40.0,104602.92,-244699.72,592.2,,69.92,127396.35999999991,-621034.3800000001,-52.49,-0.07,-0.07,0.0188,-0.0,6.0,2.0,1.0,1.0,50.0,3407.75,-18478.8,149.5,,19.92,3407.7499999999413,-18478.799999999883,-1.51,0.05,0.07,0.0121,0.0,36.0,6.0,2.0,4.0,33.33,104602.92,-191422.6,569.83,,69.92,127396.35999999991,-621034.3800000001,-55.65,-0.06,-0.07,0.0188,-0.0
GAZP,harami,1D,Bayesian_TPE,12,0.055,0.15,2.3,False,-52.49,-0.073,-0.075,69.92,5,40.0,False,"{""sampler"":""TPESampler"",""seed"":42,""n_trials"":50,""direction"":""maximize"",""objective"":""composite = Sharpe * (Return% / MaxDD%)""}","{""doji_tol"":0.15,""wick_body_ratio"":2.3,""allowshort"":false}",2014-01-01,2024-12-31,2025-01-01,2026-04-20,2014-01-01,2026-04-20,30.0,5.0,2.0,3.0,40.0,104602.92,-244699.72,592.2,,69.92,127396.35999999991,-621034.3800000001,-52.49,-0.07,-0.07,0.0188,-0.0,6.0,2.0,1.0,1.0,50.0,3407.75,-18478.8,149.5,,19.92,3407.7499999999413,-18478.799999999883,-1.51,0.05,0.07,0.0121,0.0,36.0,6.0,2.0,4.0,33.33,104602.92,-191422.6,569.83,,69.92,127396.35999999991,-621034.3800000001,-55.65,-0.06,-0.07,0.0188,-0.0
GAZP,harami,1D,Bayesian_TPE,13,0.055,0.06,2.9000000000000004,False,-52.49,-0.073,-0.075,69.92,5,40.0,False,"{""sampler"":""TPESampler"",""seed"":42,""n_trials"":50,""direction"":""maximize"",""objective"":""composite = Sharpe * (Return% / MaxDD%)""}","{""doji_tol"":0.06,""wick_body_ratio"":2.9000000000000004,""allowshort"":false}",2014-01-01,2024-12-31,2025-01-01,2026-04-20,2014-01-01,2026-04-20,30.0,5.0,2.0,3.0,40.0,104602.92,-244699.72,592.2,,69.92,127396.35999999991,-621034.3800000001,-52.49,-0.07,-0.07,0.0188,-0.0,6.0,2.0,1.0,1.0,50.0,3407.75,-18478.8,149.5,,19.92,3407.7499999999413,-18478.799999999883,-1.51,0.05,0.07,0.0121,0.0,36.0,6.0,2.0,4.0,33.33,104602.92,-191422.6,569.83,,69.92,127396.35999999991,-621034.3800000001,-55.65,-0.06,-0.07,0.0188,-0.0
GAZP,harami,1D,Bayesian_TPE,14,0.055,0.11,2.2,False,-52.49,-0.073,-0.075,69.92,5,40.0,False,"{""sampler"":""TPESampler"",""seed"":42,""n_trials"":50,""direction"":""maximize"",""objective"":""composite = Sharpe * (Return% / MaxDD%)""}","{""doji_tol"":0.11,""wick_body_ratio"":2.2,""allowshort"":false}",2014-01-01,2024-12-31,2025-01-01,2026-04-20,2014-01-01,2026-04-20,30.0,5.0,2.0,3.0,40.0,104602.92,-244699.72,592.2,,69.92,127396.35999999991,-621034.3800000001,-52.49,-0.07,-0.07,0.0188,-0.0,6.0,2.0,1.0,1.0,50.0,3407.75,-18478.8,149.5,,19.92,3407.7499999999413,-18478.799999999883,-1.51,0.05,0.07,0.0121,0.0,36.0,6.0,2.0,4.0,33.33,104602.92,-191422.6,569.83,,69.92,127396.35999999991,-621034.3800000001,-55.65,-0.06,-0.07,0.0188,-0.0
GAZP,harami,1D,Bayesian_TPE,15,0.055,0.06,3.1,False,-52.49,-0.073,-0.075,69.92,5,40.0,False,"{""sampler"":""TPESampler"",""seed"":42,""n_trials"":50,""direction"":""maximize"",""objective"":""composite = Sharpe * (Return% / MaxDD%)""}","{""doji_tol"":0.06,""wick_body_ratio"":3.1,""allowshort"":false}",2014-01-01,2024-12-31,2025-01-01,2026-04-20,2014-01-01,2026-04-20,30.0,5.0,2.0,3.0,40.0,104602.92,-244699.72,592.2,,69.92,127396.35999999991,-621034.3800000001,-52.49,-0.07,-0.07,0.0188,-0.0,6.0,2.0,1.0,1.0,50.0,3407.75,-18478.8,149.5,,19.92,3407.7499999999413,-18478.799999999883,-1.51,0.05,0.07,0.0121,0.0,36.0,6.0,2.0,4.0,33.33,104602.92,-191422.6,569.83,,69.92,127396.35999999991,-621034.3800000001,-55.65,-0.06,-0.07,0.0188,-0.0
GAZP,harami,1D,Bayesian_TPE,16,0.055,0.17,2.5,False,-52.49,-0.073,-0.075,69.92,5,40.0,False,"{""sampler"":""TPESampler"",""seed"":42,""n_trials"":50,""direction"":""maximize"",""objective"":""composite = Sharpe * (Return% / MaxDD%)""}","{""doji_tol"":0.17,""wick_body_ratio"":2.5,""allowshort"":false}",2014-01-01,2024-12-31,2025-01-01,2026-04-20,2014-01-01,2026-04-20,30.0,5.0,2.0,3.0,40.0,104602.92,-244699.72,592.2,,69.92,127396.35999999991,-621034.3800000001,-52.49,-0.07,-0.07,0.0188,-0.0,6.0,2.0,1.0,1.0,50.0,3407.75,-18478.8,149.5,,19.92,3407.7499999999413,-18478.799999999883,-1.51,0.05,0.07,0.0121,0.0,36.0,6.0,2.0,4.0,33.33,104602.92,-191422.6,569.83,,69.92,127396.35999999991,-621034.3800000001,-55.65,-0.06,-0.07,0.0188,-0.0
GAZP,harami,1D,Bayesian_TPE,17,0.055,0.12,2.0,False,-52.49,-0.073,-0.075,69.92,5,40.0,False,"{""sampler"":""TPESampler"",""seed"":42,""n_trials"":50,""direction"":""maximize"",""objective"":""composite = Sharpe * (Return% / MaxDD%)""}","{""doji_tol"":0.12,""wick_body_ratio"":2.0,""allowshort"":false}",2014-01-01,2024-12-31,2025-01-01,2026-04-20,2014-01-01,2026-04-20,30.0,5.0,2.0,3.0,40.0,104602.92,-244699.72,592.2,,69.92,127396.35999999991,-621034.3800000001,-52.49,-0.07,-0.07,0.0188,-0.0,6.0,2.0,1.0,1.0,50.0,3407.75,-18478.8,149.5,,19.92,3407.7499999999413,-18478.799999999883,-1.51,0.05,0.07,0.0121,0.0,36.0,6.0,2.0,4.0,33.33,104602.92,-191422.6,569.83,,69.92,127396.35999999991,-621034.3800000001,-55.65,-0.06,-0.07,0.0188,-0.0
GAZP,harami,1D,Bayesian_TPE,18,0.055,0.2,2.6,False,-52.49,-0.073,-0.075,69.92,5,40.0,False,"{""sampler"":""TPESampler"",""seed"":42,""n_trials"":50,""direction"":""maximize"",""objective"":""composite = Sharpe * (Return% / MaxDD%)""}","{""doji_tol"":0.2,""wick_body_ratio"":2.6,""allowshort"":false}",2014-01-01,2024-12-31,2025-01-01,2026-04-20,2014-01-01,2026-04-20,30.0,5.0,2.0,3.0,40.0,104602.92,-244699.72,592.2,,69.92,127396.35999999991,-621034.3800000001,-52.49,-0.07,-0.07,0.0188,-0.0,6.0,2.0,1.0,1.0,50.0,3407.75,-18478.8,149.5,,19.92,3407.7499999999413,-18478.799999999883,-1.51,0.05,0.07,0.0121,0.0,36.0,6.0,2.0,4.0,33.33,104602.92,-191422.6,569.83,,69.92,127396.35999999991,-621034.3800000001,-55.65,-0.06,-0.07,0.0188,-0.0
GAZP,harami,1D,Bayesian_TPE,19,0.055,0.1,3.1,False,-52.49,-0.073,-0.075,69.92,5,40.0,False,"{""sampler"":""TPESampler"",""seed"":42,""n_trials"":50,""direction"":""maximize"",""objective"":""composite = Sharpe * (Return% / MaxDD%)""}","{""doji_tol"":0.1,""wick_body_ratio"":3.1,""allowshort"":false}",2014-01-01,2024-12-31,2025-01-01,2026-04-20,2014-01-01,2026-04-20,30.0,5.0,2.0,3.0,40.0,104602.92,-244699.72,592.2,,69.92,127396.35999999991,-621034.3800000001,-52.49,-0.07,-0.07,0.0188,-0.0,6.0,2.0,1.0,1.0,50.0,3407.75,-18478.8,149.5,,19.92,3407.7499999999413,-18478.799999999883,-1.51,0.05,0.07,0.0121,0.0,36.0,6.0,2.0,4.0,33.33,104602.92,-191422.6,569.83,,69.92,127396.35999999991,-621034.3800000001,-55.65,-0.06,-0.07,0.0188,-0.0
GAZP,harami,1D,Bayesian_TPE,20,0.055,0.05,2.8,False,-52.49,-0.073,-0.075,69.92,5,40.0,False,"{""sampler"":""TPESampler"",""seed"":42,""n_trials"":50,""direction"":""maximize"",""objective"":""composite = Sharpe * (Return% / MaxDD%)""}","{""doji_tol"":0.05,""wick_body_ratio"":2.8,""allowshort"":false}",2014-01-01,2024-12-31,2025-01-01,2026-04-20,2014-01-01,2026-04-20,30.0,5.0,2.0,3.0,40.0,104602.92,-244699.72,592.2,,69.92,127396.35999999991,-621034.3800000001,-52.49,-0.07,-0.07,0.0188,-0.0,6.0,2.0,1.0,1.0,50.0,3407.75,-18478.8,149.5,,19.92,3407.7499999999413,-18478.799999999883,-1.51,0.05,0.07,0.0121,0.0,36.0,6.0,2.0,4.0,33.33,104602.92,-191422.6,569.83,,69.92,127396.35999999991,-621034.3800000001,-55.65,-0.06,-0.07,0.0188,-0.0
GAZP,harami,1D,Bayesian_TPE,21,0.055,0.16,1.9,False,-52.49,-0.073,-0.075,69.92,5,40.0,False,"{""sampler"":""TPESampler"",""seed"":42,""n_trials"":50,""direction"":""maximize"",""objective"":""composite = Sharpe * (Return% / MaxDD%)""}","{""doji_tol"":0.16,""wick_body_ratio"":1.9,""allowshort"":false}",2014-01-01,2024-12-31,2025-01-01,2026-04-20,2014-01-01,2026-04-20,30.0,5.0,2.0,3.0,40.0,104602.92,-244699.72,592.2,,69.92,127396.35999999991,-621034.3800000001,-52.49,-0.07,-0.07,0.0188,-0.0,6.0,2.0,1.0,1.0,50.0,3407.75,-18478.8,149.5,,19.92,3407.7499999999413,-18478.799999999883,-1.51,0.05,0.07,0.0121,0.0,36.0,6.0,2.0,4.0,33.33,104602.92,-191422.6,569.83,,69.92,127396.35999999991,-621034.3800000001,-55.65,-0.06,-0.07,0.0188,-0.0
GAZP,harami,1D,Bayesian_TPE,22,0.055,0.18,1.5,False,-52.49,-0.073,-0.075,69.92,5,40.0,False,"{""sampler"":""TPESampler"",""seed"":42,""n_trials"":50,""direction"":""maximize"",""objective"":""composite = Sharpe * (Return% / MaxDD%)""}","{""doji_tol"":0.18,""wick_body_ratio"":1.5,""allowshort"":false}",2014-01-01,2024-12-31,2025-01-01,2026-04-20,2014-01-01,2026-04-20,30.0,5.0,2.0,3.0,40.0,104602.92,-244699.72,592.2,,69.92,127396.35999999991,-621034.3800000001,-52.49,-0.07,-0.07,0.0188,-0.0,6.0,2.0,1.0,1.0,50.0,3407.75,-18478.8,149.5,,19.92,3407.7499999999413,-18478.799999999883,-1.51,0.05,0.07,0.0121,0.0,36.0,6.0,2.0,4.0,33.33,104602.92,-191422.6,569.83,,69.92,127396.35999999991,-621034.3800000001,-55.65,-0.06,-0.07,0.0188,-0.0
GAZP,harami,1D,Bayesian_TPE,23,0.055,0.14,1.9,False,-52.49,-0.073,-0.075,69.92,5,40.0,False,"{""sampler"":""TPESampler"",""seed"":42,""n_trials"":50,""direction"":""maximize"",""objective"":""composite = Sharpe * (Return% / MaxDD%)""}","{""doji_tol"":0.14,""wick_body_ratio"":1.9,""allowshort"":false}",2014-01-01,2024-12-31,2025-01-01,2026-04-20,2014-01-01,2026-04-20,30.0,5.0,2.0,3.0,40.0,104602.92,-244699.72,592.2,,69.92,127396.35999999991,-621034.3800000001,-52.49,-0.07,-0.07,0.0188,-0.0,6.0,2.0,1.0,1.0,50.0,3407.75,-18478.8,149.5,,19.92,3407.7499999999413,-18478.799999999883,-1.51,0.05,0.07,0.0121,0.0,36.0,6.0,2.0,4.0,33.33,104602.92,-191422.6,569.83,,69.92,127396.35999999991,-621034.3800000001,-55.65,-0.06,-0.07,0.0188,-0.0
GAZP,harami,1D,Bayesian_TPE,24,0.055,0.16,1.7,False,-52.49,-0.073,-0.075,69.92,5,40.0,False,"{""sampler"":""TPESampler"",""seed"":42,""n_trials"":50,""direction"":""maximize"",""objective"":""composite = Sharpe * (Return% / MaxDD%)""}","{""doji_tol"":0.16,""wick_body_ratio"":1.7,""allowshort"":false}",2014-01-01,2024-12-31,2025-01-01,2026-04-20,2014-01-01,2026-04-20,30.0,5.0,2.0,3.0,40.0,104602.92,-244699.72,592.2,,69.92,127396.35999999991,-621034.3800000001,-52.49,-0.07,-0.07,0.0188,-0.0,6.0,2.0,1.0,1.0,50.0,3407.75,-18478.8,149.5,,19.92,3407.7499999999413,-18478.799999999883,-1.51,0.05,0.07,0.0121,0.0,36.0,6.0,2.0,4.0,33.33,104602.92,-191422.6,569.83,,69.92,127396.35999999991,-621034.3800000001,-55.65,-0.06,-0.07,0.0188,-0.0
GAZP,harami,1D,Bayesian_TPE,25,0.055,0.13,2.4,False,-52.49,-0.073,-0.075,69.92,5,40.0,False,"{""sampler"":""TPESampler"",""seed"":42,""n_trials"":50,""direction"":""maximize"",""objective"":""composite = Sharpe * (Return% / MaxDD%)""}","{""doji_tol"":0.13,""wick_body_ratio"":2.4,""allowshort"":false}",2014-01-01,2024-12-31,2025-01-01,2026-04-20,2014-01-01,2026-04-20,30.0,5.0,2.0,3.0,40.0,104602.92,-244699.72,592.2,,69.92,127396.35999999991,-621034.3800000001,-52.49,-0.07,-0.07,0.0188,-0.0,6.0,2.0,1.0,1.0,50.0,3407.75,-18478.8,149.5,,19.92,3407.7499999999413,-18478.799999999883,-1.51,0.05,0.07,0.0121,0.0,36.0,6.0,2.0,4.0,33.33,104602.92,-191422.6,569.83,,69.92,127396.35999999991,-621034.3800000001,-55.65,-0.06,-0.07,0.0188,-0.0
GAZP,harami,1D,Bayesian_TPE,26,0.043,0.17,2.1,True,-86.81,-0.046,-0.055,91.96,9,44.44,True,"{""sampler"":""TPESampler"",""seed"":42,""n_trials"":50,""direction"":""maximize"",""objective"":""composite = Sharpe * (Return% / MaxDD%)""}","{""doji_tol"":0.17,""wick_body_ratio"":2.1,""allowshort"":true}",2014-01-01,2024-12-31,2025-01-01,2026-04-20,2014-01-01,2026-04-20,30.0,9.0,4.0,5.0,44.44,52198.18,-215368.99,445.44,,91.96,87384.59999999993,-493850.70000000007,-86.81,-0.05,-0.06,0.0353,-0.0,6.0,3.0,1.0,2.0,33.33,3407.75,-15229.55,105.33,,19.92,3407.7499999999413,-18254.59999999989,-2.71,0.01,0.02,0.0124,0.0,36.0,11.0,4.0,7.0,36.36,52198.18,-155301.15,407.64,,91.96,87384.59999999993,-493850.70000000007,-87.83,-0.04,-0.05,0.0336,-0.0
GAZP,harami,1D,Bayesian_TPE,27,0.055,0.2,1.7,False,-52.49,-0.073,-0.075,69.92,5,40.0,False,"{""sampler"":""TPESampler"",""seed"":42,""n_trials"":50,""direction"":""maximize"",""objective"":""composite = Sharpe * (Return% / MaxDD%)""}","{""doji_tol"":0.2,""wick_body_ratio"":1.7,""allowshort"":false}",2014-01-01,2024-12-31,2025-01-01,2026-04-20,2014-01-01,2026-04-20,30.0,5.0,2.0,3.0,40.0,104602.92,-244699.72,592.2,,69.92,127396.35999999991,-621034.3800000001,-52.49,-0.07,-0.07,0.0188,-0.0,6.0,2.0,1.0,1.0,50.0,3407.75,-18478.8,149.5,,19.92,3407.7499999999413,-18478.799999999883,-1.51,0.05,0.07,0.0121,0.0,36.0,6.0,2.0,4.0,33.33,104602.92,-191422.6,569.83,,69.92,127396.35999999991,-621034.3800000001,-55.65,-0.06,-0.07,0.0188,-0.0
GAZP,harami,1D,Bayesian_TPE,28,0.055,0.08,1.9,False,-52.49,-0.073,-0.075,69.92,5,40.0,False,"{""sampler"":""TPESampler"",""seed"":42,""n_trials"":50,""direction"":""maximize"",""objective"":""composite = Sharpe * (Return% / MaxDD%)""}","{""doji_tol"":0.08,""wick_body_ratio"":1.9,""allowshort"":false}",2014-01-01,2024-12-31,2025-01-01,2026-04-20,2014-01-01,2026-04-20,30.0,5.0,2.0,3.0,40.0,104602.92,-244699.72,592.2,,69.92,127396.35999999991,-621034.3800000001,-52.49,-0.07,-0.07,0.0188,-0.0,6.0,2.0,1.0,1.0,50.0,3407.75,-18478.8,149.5,,19.92,3407.7499999999413,-18478.799999999883,-1.51,0.05,0.07,0.0121,0.0,36.0,6.0,2.0,4.0,33.33,104602.92,-191422.6,569.83,,69.92,127396.35999999991,-621034.3800000001,-55.65,-0.06,-0.07,0.0188,-0.0
GAZP,harami,1D,Bayesian_TPE,29,0.043,0.09,3.2,True,-86.81,-0.046,-0.055,91.96,9,44.44,True,"{""sampler"":""TPESampler"",""seed"":42,""n_trials"":50,""direction"":""maximize"",""objective"":""composite = Sharpe * (Return% / MaxDD%)""}","{""doji_tol"":0.09,""wick_body_ratio"":3.2,""allowshort"":true}",2014-01-01,2024-12-31,2025-01-01,2026-04-20,2014-01-01,2026-04-20,30.0,9.0,4.0,5.0,44.44,52198.18,-215368.99,445.44,,91.96,87384.59999999993,-493850.70000000007,-86.81,-0.05,-0.06,0.0353,-0.0,6.0,3.0,1.0,2.0,33.33,3407.75,-15229.55,105.33,,19.92,3407.7499999999413,-18254.59999999989,-2.71,0.01,0.02,0.0124,0.0,36.0,11.0,4.0,7.0,36.36,52198.18,-155301.15,407.64,,91.96,87384.59999999993,-493850.70000000007,-87.83,-0.04,-0.05,0.0336,-0.0
GAZP,harami,1D,Bayesian_TPE,30,0.055,0.15,3.4000000000000004,False,-52.49,-0.073,-0.075,69.92,5,40.0,False,"{""sampler"":""TPESampler"",""seed"":42,""n_trials"":50,""direction"":""maximize"",""objective"":""composite = Sharpe * (Return% / MaxDD%)""}","{""doji_tol"":0.15,""wick_body_ratio"":3.4000000000000004,""allowshort"":false}",2014-01-01,2024-12-31,2025-01-01,2026-04-20,2014-01-01,2026-04-20,30.0,5.0,2.0,3.0,40.0,104602.92,-244699.72,592.2,,69.92,127396.35999999991,-621034.3800000001,-52.49,-0.07,-0.07,0.0188,-0.0,6.0,2.0,1.0,1.0,50.0,3407.75,-18478.8,149.5,,19.92,3407.7499999999413,-18478.799999999883,-1.51,0.05,0.07,0.0121,0.0,36.0,6.0,2.0,4.0,33.33,104602.92,-191422.6,569.83,,69.92,127396.35999999991,-621034.3800000001,-55.65,-0.06,-0.07,0.0188,-0.0
GAZP,harami,1D,Bayesian_TPE,31,0.055,0.14,1.6,False,-52.49,-0.073,-0.075,69.92,5,40.0,False,"{""sampler"":""TPESampler"",""seed"":42,""n_trials"":50,""direction"":""maximize"",""objective"":""composite = Sharpe * (Return% / MaxDD%)""}","{""doji_tol"":0.14,""wick_body_ratio"":1.6,""allowshort"":false}",2014-01-01,2024-12-31,2025-01-01,2026-04-20,2014-01-01,2026-04-20,30.0,5.0,2.0,3.0,40.0,104602.92,-244699.72,592.2,,69.92,127396.35999999991,-621034.3800000001,-52.49,-0.07,-0.07,0.0188,-0.0,6.0,2.0,1.0,1.0,50.0,3407.75,-18478.8,149.5,,19.92,3407.7499999999413,-18478.799999999883,-1.51,0.05,0.07,0.0121,0.0,36.0,6.0,2.0,4.0,33.33,104602.92,-191422.6,569.83,,69.92,127396.35999999991,-621034.3800000001,-55.65,-0.06,-0.07,0.0188,-0.0
GAZP,harami,1D,Bayesian_TPE,32,0.055,0.12,1.8,False,-52.49,-0.073,-0.075,69.92,5,40.0,False,"{""sampler"":""TPESampler"",""seed"":42,""n_trials"":50,""direction"":""maximize"",""objective"":""composite = Sharpe * (Return% / MaxDD%)""}","{""doji_tol"":0.12,""wick_body_ratio"":1.8,""allowshort"":false}",2014-01-01,2024-12-31,2025-01-01,2026-04-20,2014-01-01,2026-04-20,30.0,5.0,2.0,3.0,40.0,104602.92,-244699.72,592.2,,69.92,127396.35999999991,-621034.3800000001,-52.49,-0.07,-0.07,0.0188,-0.0,6.0,2.0,1.0,1.0,50.0,3407.75,-18478.8,149.5,,19.92,3407.7499999999413,-18478.799999999883,-1.51,0.05,0.07,0.0121,0.0,36.0,6.0,2.0,4.0,33.33,104602.92,-191422.6,569.83,,69.92,127396.35999999991,-621034.3800000001,-55.65,-0.06,-0.07,0.0188,-0.0
GAZP,harami,1D,Bayesian_TPE,33,0.055,0.14,2.1,False,-52.49,-0.073,-0.075,69.92,5,40.0,False,"{""sampler"":""TPESampler"",""seed"":42,""n_trials"":50,""direction"":""maximize"",""objective"":""composite = Sharpe * (Return% / MaxDD%)""}","{""doji_tol"":0.14,""wick_body_ratio"":2.1,""allowshort"":false}",2014-01-01,2024-12-31,2025-01-01,2026-04-20,2014-01-01,2026-04-20,30.0,5.0,2.0,3.0,40.0,104602.92,-244699.72,592.2,,69.92,127396.35999999991,-621034.3800000001,-52.49,-0.07,-0.07,0.0188,-0.0,6.0,2.0,1.0,1.0,50.0,3407.75,-18478.8,149.5,,19.92,3407.7499999999413,-18478.799999999883,-1.51,0.05,0.07,0.0121,0.0,36.0,6.0,2.0,4.0,33.33,104602.92,-191422.6,569.83,,69.92,127396.35999999991,-621034.3800000001,-55.65,-0.06,-0.07,0.0188,-0.0
GAZP,harami,1D,Bayesian_TPE,34,0.043,0.1,1.6,True,-86.81,-0.046,-0.055,91.96,9,44.44,True,"{""sampler"":""TPESampler"",""seed"":42,""n_trials"":50,""direction"":""maximize"",""objective"":""composite = Sharpe * (Return% / MaxDD%)""}","{""doji_tol"":0.1,""wick_body_ratio"":1.6,""allowshort"":true}",2014-01-01,2024-12-31,2025-01-01,2026-04-20,2014-01-01,2026-04-20,30.0,9.0,4.0,5.0,44.44,52198.18,-215368.99,445.44,,91.96,87384.59999999993,-493850.70000000007,-86.81,-0.05,-0.06,0.0353,-0.0,6.0,3.0,1.0,2.0,33.33,3407.75,-15229.55,105.33,,19.92,3407.7499999999413,-18254.59999999989,-2.71,0.01,0.02,0.0124,0.0,36.0,11.0,4.0,7.0,36.36,52198.18,-155301.15,407.64,,91.96,87384.59999999993,-493850.70000000007,-87.83,-0.04,-0.05,0.0336,-0.0
GAZP,harami,1D,Bayesian_TPE,35,0.055,0.13,1.8,False,-52.49,-0.073,-0.075,69.92,5,40.0,False,"{""sampler"":""TPESampler"",""seed"":42,""n_trials"":50,""direction"":""maximize"",""objective"":""composite = Sharpe * (Return% / MaxDD%)""}","{""doji_tol"":0.13,""wick_body_ratio"":1.8,""allowshort"":false}",2014-01-01,2024-12-31,2025-01-01,2026-04-20,2014-01-01,2026-04-20,30.0,5.0,2.0,3.0,40.0,104602.92,-244699.72,592.2,,69.92,127396.35999999991,-621034.3800000001,-52.49,-0.07,-0.07,0.0188,-0.0,6.0,2.0,1.0,1.0,50.0,3407.75,-18478.8,149.5,,19.92,3407.7499999999413,-18478.799999999883,-1.51,0.05,0.07,0.0121,0.0,36.0,6.0,2.0,4.0,33.33,104602.92,-191422.6,569.83,,69.92,127396.35999999991,-621034.3800000001,-55.65,-0.06,-0.07,0.0188,-0.0
GAZP,harami,1D,Bayesian_TPE,36,0.043,0.16,1.5,True,-86.81,-0.046,-0.055,91.96,9,44.44,True,"{""sampler"":""TPESampler"",""seed"":42,""n_trials"":50,""direction"":""maximize"",""objective"":""composite = Sharpe * (Return% / MaxDD%)""}","{""doji_tol"":0.16,""wick_body_ratio"":1.5,""allowshort"":true}",2014-01-01,2024-12-31,2025-01-01,2026-04-20,2014-01-01,2026-04-20,30.0,9.0,4.0,5.0,44.44,52198.18,-215368.99,445.44,,91.96,87384.59999999993,-493850.70000000007,-86.81,-0.05,-0.06,0.0353,-0.0,6.0,3.0,1.0,2.0,33.33,3407.75,-15229.55,105.33,,19.92,3407.7499999999413,-18254.59999999989,-2.71,0.01,0.02,0.0124,0.0,36.0,11.0,4.0,7.0,36.36,52198.18,-155301.15,407.64,,91.96,87384.59999999993,-493850.70000000007,-87.83,-0.04,-0.05,0.0336,-0.0
GAZP,harami,1D,Bayesian_TPE,37,0.055,0.18,2.5,False,-52.49,-0.073,-0.075,69.92,5,40.0,False,"{""sampler"":""TPESampler"",""seed"":42,""n_trials"":50,""direction"":""maximize"",""objective"":""composite = Sharpe * (Return% / MaxDD%)""}","{""doji_tol"":0.18,""wick_body_ratio"":2.5,""allowshort"":false}",2014-01-01,2024-12-31,2025-01-01,2026-04-20,2014-01-01,2026-04-20,30.0,5.0,2.0,3.0,40.0,104602.92,-244699.72,592.2,,69.92,127396.35999999991,-621034.3800000001,-52.49,-0.07,-0.07,0.0188,-0.0,6.0,2.0,1.0,1.0,50.0,3407.75,-18478.8,149.5,,19.92,3407.7499999999413,-18478.799999999883,-1.51,0.05,0.07,0.0121,0.0,36.0,6.0,2.0,4.0,33.33,104602.92,-191422.6,569.83,,69.92,127396.35999999991,-621034.3800000001,-55.65,-0.06,-0.07,0.0188,-0.0
GAZP,harami,1D,Bayesian_TPE,38,0.055,0.03,2.7,False,-52.49,-0.073,-0.075,69.92,5,40.0,False,"{""sampler"":""TPESampler"",""seed"":42,""n_trials"":50,""direction"":""maximize"",""objective"":""composite = Sharpe * (Return% / MaxDD%)""}","{""doji_tol"":0.03,""wick_body_ratio"":2.7,""allowshort"":false}",2014-01-01,2024-12-31,2025-01-01,2026-04-20,2014-01-01,2026-04-20,30.0,5.0,2.0,3.0,40.0,104602.92,-244699.72,592.2,,69.92,127396.35999999991,-621034.3800000001,-52.49,-0.07,-0.07,0.0188,-0.0,6.0,2.0,1.0,1.0,50.0,3407.75,-18478.8,149.5,,19.92,3407.7499999999413,-18478.799999999883,-1.51,0.05,0.07,0.0121,0.0,36.0,6.0,2.0,4.0,33.33,104602.92,-191422.6,569.83,,69.92,127396.35999999991,-621034.3800000001,-55.65,-0.06,-0.07,0.0188,-0.0
GAZP,harami,1D,Bayesian_TPE,39,0.043,0.15,2.3,True,-86.81,-0.046,-0.055,91.96,9,44.44,True,"{""sampler"":""TPESampler"",""seed"":42,""n_trials"":50,""direction"":""maximize"",""objective"":""composite = Sharpe * (Return% / MaxDD%)""}","{""doji_tol"":0.15,""wick_body_ratio"":2.3,""allowshort"":true}",2014-01-01,2024-12-31,2025-01-01,2026-04-20,2014-01-01,2026-04-20,30.0,9.0,4.0,5.0,44.44,52198.18,-215368.99,445.44,,91.96,87384.59999999993,-493850.70000000007,-86.81,-0.05,-0.06,0.0353,-0.0,6.0,3.0,1.0,2.0,33.33,3407.75,-15229.55,105.33,,19.92,3407.7499999999413,-18254.59999999989,-2.71,0.01,0.02,0.0124,0.0,36.0,11.0,4.0,7.0,36.36,52198.18,-155301.15,407.64,,91.96,87384.59999999993,-493850.70000000007,-87.83,-0.04,-0.05,0.0336,-0.0
GAZP,harami,1D,Bayesian_TPE,40,0.055,0.1,2.0,False,-52.49,-0.073,-0.075,69.92,5,40.0,False,"{""sampler"":""TPESampler"",""seed"":42,""n_trials"":50,""direction"":""maximize"",""objective"":""composite = Sharpe * (Return% / MaxDD%)""}","{""doji_tol"":0.1,""wick_body_ratio"":2.0,""allowshort"":false}",2014-01-01,2024-12-31,2025-01-01,2026-04-20,2014-01-01,2026-04-20,30.0,5.0,2.0,3.0,40.0,104602.92,-244699.72,592.2,,69.92,127396.35999999991,-621034.3800000001,-52.49,-0.07,-0.07,0.0188,-0.0,6.0,2.0,1.0,1.0,50.0,3407.75,-18478.8,149.5,,19.92,3407.7499999999413,-18478.799999999883,-1.51,0.05,0.07,0.0121,0.0,36.0,6.0,2.0,4.0,33.33,104602.92,-191422.6,569.83,,69.92,127396.35999999991,-621034.3800000001,-55.65,-0.06,-0.07,0.0188,-0.0
GAZP,harami,1D,Bayesian_TPE,41,0.055,0.07,3.0,False,-52.49,-0.073,-0.075,69.92,5,40.0,False,"{""sampler"":""TPESampler"",""seed"":42,""n_trials"":50,""direction"":""maximize"",""objective"":""composite = Sharpe * (Return% / MaxDD%)""}","{""doji_tol"":0.07,""wick_body_ratio"":3.0,""allowshort"":false}",2014-01-01,2024-12-31,2025-01-01,2026-04-20,2014-01-01,2026-04-20,30.0,5.0,2.0,3.0,40.0,104602.92,-244699.72,592.2,,69.92,127396.35999999991,-621034.3800000001,-52.49,-0.07,-0.07,0.0188,-0.0,6.0,2.0,1.0,1.0,50.0,3407.75,-18478.8,149.5,,19.92,3407.7499999999413,-18478.799999999883,-1.51,0.05,0.07,0.0121,0.0,36.0,6.0,2.0,4.0,33.33,104602.92,-191422.6,569.83,,69.92,127396.35999999991,-621034.3800000001,-55.65,-0.06,-0.07,0.0188,-0.0
GAZP,harami,1D,Bayesian_TPE,42,0.055,0.11,3.3,False,-52.49,-0.073,-0.075,69.92,5,40.0,False,"{""sampler"":""TPESampler"",""seed"":42,""n_trials"":50,""direction"":""maximize"",""objective"":""composite = Sharpe * (Return% / MaxDD%)""}","{""doji_tol"":0.11,""wick_body_ratio"":3.3,""allowshort"":false}",2014-01-01,2024-12-31,2025-01-01,2026-04-20,2014-01-01,2026-04-20,30.0,5.0,2.0,3.0,40.0,104602.92,-244699.72,592.2,,69.92,127396.35999999991,-621034.3800000001,-52.49,-0.07,-0.07,0.0188,-0.0,6.0,2.0,1.0,1.0,50.0,3407.75,-18478.8,149.5,,19.92,3407.7499999999413,-18478.799999999883,-1.51,0.05,0.07,0.0121,0.0,36.0,6.0,2.0,4.0,33.33,104602.92,-191422.6,569.83,,69.92,127396.35999999991,-621034.3800000001,-55.65,-0.06,-0.07,0.0188,-0.0
GAZP,harami,1D,Bayesian_TPE,43,0.055,0.12,3.5,False,-52.49,-0.073,-0.075,69.92,5,40.0,False,"{""sampler"":""TPESampler"",""seed"":42,""n_trials"":50,""direction"":""maximize"",""objective"":""composite = Sharpe * (Return% / MaxDD%)""}","{""doji_tol"":0.12,""wick_body_ratio"":3.5,""allowshort"":false}",2014-01-01,2024-12-31,2025-01-01,2026-04-20,2014-01-01,2026-04-20,30.0,5.0,2.0,3.0,40.0,104602.92,-244699.72,592.2,,69.92,127396.35999999991,-621034.3800000001,-52.49,-0.07,-0.07,0.0188,-0.0,6.0,2.0,1.0,1.0,50.0,3407.75,-18478.8,149.5,,19.92,3407.7499999999413,-18478.799999999883,-1.51,0.05,0.07,0.0121,0.0,36.0,6.0,2.0,4.0,33.33,104602.92,-191422.6,569.83,,69.92,127396.35999999991,-621034.3800000001,-55.65,-0.06,-0.07,0.0188,-0.0
GAZP,harami,1D,Bayesian_TPE,44,0.055,0.13,2.9000000000000004,False,-52.49,-0.073,-0.075,69.92,5,40.0,False,"{""sampler"":""TPESampler"",""seed"":42,""n_trials"":50,""direction"":""maximize"",""objective"":""composite = Sharpe * (Return% / MaxDD%)""}","{""doji_tol"":0.13,""wick_body_ratio"":2.9000000000000004,""allowshort"":false}",2014-01-01,2024-12-31,2025-01-01,2026-04-20,2014-01-01,2026-04-20,30.0,5.0,2.0,3.0,40.0,104602.92,-244699.72,592.2,,69.92,127396.35999999991,-621034.3800000001,-52.49,-0.07,-0.07,0.0188,-0.0,6.0,2.0,1.0,1.0,50.0,3407.75,-18478.8,149.5,,19.92,3407.7499999999413,-18478.799999999883,-1.51,0.05,0.07,0.0121,0.0,36.0,6.0,2.0,4.0,33.33,104602.92,-191422.6,569.83,,69.92,127396.35999999991,-621034.3800000001,-55.65,-0.06,-0.07,0.0188,-0.0
GAZP,harami,1D,Bayesian_TPE,45,0.055,0.05,1.8,False,-52.49,-0.073,-0.075,69.92,5,40.0,False,"{""sampler"":""TPESampler"",""seed"":42,""n_trials"":50,""direction"":""maximize"",""objective"":""composite = Sharpe * (Return% / MaxDD%)""}","{""doji_tol"":0.05,""wick_body_ratio"":1.8,""allowshort"":false}",2014-01-01,2024-12-31,2025-01-01,2026-04-20,2014-01-01,2026-04-20,30.0,5.0,2.0,3.0,40.0,104602.92,-244699.72,592.2,,69.92,127396.35999999991,-621034.3800000001,-52.49,-0.07,-0.07,0.0188,-0.0,6.0,2.0,1.0,1.0,50.0,3407.75,-18478.8,149.5,,19.92,3407.7499999999413,-18478.799999999883,-1.51,0.05,0.07,0.0121,0.0,36.0,6.0,2.0,4.0,33.33,104602.92,-191422.6,569.83,,69.92,127396.35999999991,-621034.3800000001,-55.65,-0.06,-0.07,0.0188,-0.0
GAZP,harami,1D,Bayesian_TPE,46,0.055,0.19,2.8,False,-52.49,-0.073,-0.075,69.92,5,40.0,False,"{""sampler"":""TPESampler"",""seed"":42,""n_trials"":50,""direction"":""maximize"",""objective"":""composite = Sharpe * (Return% / MaxDD%)""}","{""doji_tol"":0.19,""wick_body_ratio"":2.8,""allowshort"":false}",2014-01-01,2024-12-31,2025-01-01,2026-04-20,2014-01-01,2026-04-20,30.0,5.0,2.0,3.0,40.0,104602.92,-244699.72,592.2,,69.92,127396.35999999991,-621034.3800000001,-52.49,-0.07,-0.07,0.0188,-0.0,6.0,2.0,1.0,1.0,50.0,3407.75,-18478.8,149.5,,19.92,3407.7499999999413,-18478.799999999883,-1.51,0.05,0.07,0.0121,0.0,36.0,6.0,2.0,4.0,33.33,104602.92,-191422.6,569.83,,69.92,127396.35999999991,-621034.3800000001,-55.65,-0.06,-0.07,0.0188,-0.0
GAZP,harami,1D,Bayesian_TPE,47,0.055,0.09,3.1,False,-52.49,-0.073,-0.075,69.92,5,40.0,False,"{""sampler"":""TPESampler"",""seed"":42,""n_trials"":50,""direction"":""maximize"",""objective"":""composite = Sharpe * (Return% / MaxDD%)""}","{""doji_tol"":0.09,""wick_body_ratio"":3.1,""allowshort"":false}",2014-01-01,2024-12-31,2025-01-01,2026-04-20,2014-01-01,2026-04-20,30.0,5.0,2.0,3.0,40.0,104602.92,-244699.72,592.2,,69.92,127396.35999999991,-621034.3800000001,-52.49,-0.07,-0.07,0.0188,-0.0,6.0,2.0,1.0,1.0,50.0,3407.75,-18478.8,149.5,,19.92,3407.7499999999413,-18478.799999999883,-1.51,0.05,0.07,0.0121,0.0,36.0,6.0,2.0,4.0,33.33,104602.92,-191422.6,569.83,,69.92,127396.35999999991,-621034.3800000001,-55.65,-0.06,-0.07,0.0188,-0.0
GAZP,harami,1D,Bayesian_TPE,48,0.055,0.11,3.0,False,-52.49,-0.073,-0.075,69.92,5,40.0,False,"{""sampler"":""TPESampler"",""seed"":42,""n_trials"":50,""direction"":""maximize"",""objective"":""composite = Sharpe * (Return% / MaxDD%)""}","{""doji_tol"":0.11,""wick_body_ratio"":3.0,""allowshort"":false}",2014-01-01,2024-12-31,2025-01-01,2026-04-20,2014-01-01,2026-04-20,30.0,5.0,2.0,3.0,40.0,104602.92,-244699.72,592.2,,69.92,127396.35999999991,-621034.3800000001,-52.49,-0.07,-0.07,0.0188,-0.0,6.0,2.0,1.0,1.0,50.0,3407.75,-18478.8,149.5,,19.92,3407.7499999999413,-18478.799999999883,-1.51,0.05,0.07,0.0121,0.0,36.0,6.0,2.0,4.0,33.33,104602.92,-191422.6,569.83,,69.92,127396.35999999991,-621034.3800000001,-55.65,-0.06,-0.07,0.0188,-0.0
GAZP,harami,1D,Bayesian_TPE,49,0.043,0.15,1.6,True,-86.81,-0.046,-0.055,91.96,9,44.44,True,"{""sampler"":""TPESampler"",""seed"":42,""n_trials"":50,""direction"":""maximize"",""objective"":""composite = Sharpe * (Return% / MaxDD%)""}","{""doji_tol"":0.15,""wick_body_ratio"":1.6,""allowshort"":true}",2014-01-01,2024-12-31,2025-01-01,2026-04-20,2014-01-01,2026-04-20,30.0,9.0,4.0,5.0,44.44,52198.18,-215368.99,445.44,,91.96,87384.59999999993,-493850.70000000007,-86.81,-0.05,-0.06,0.0353,-0.0,6.0,3.0,1.0,2.0,33.33,3407.75,-15229.55,105.33,,19.92,3407.7499999999413,-18254.59999999989,-2.71,0.01,0.02,0.0124,0.0,36.0,11.0,4.0,7.0,36.36,52198.18,-155301.15,407.64,,91.96,87384.59999999993,-493850.70000000007,-87.83,-0.04,-0.05,0.0336,-0.0
VKCO,harami,1D,Bayesian_TPE,0,0.169,0.09,3.4000000000000004,True,-66.18,-0.19,-0.286,74.24,1,0.0,True,"{""sampler"":""TPESampler"",""seed"":42,""n_trials"":50,""direction"":""maximize"",""objective"":""composite = Sharpe * (Return% / MaxDD%)""}","{""doji_tol"":0.09,""wick_body_ratio"":3.4000000000000004,""allowshort"":true}",2014-01-01,2024-12-31,2025-01-01,2026-04-20,2014-01-01,2026-04-20,7.0,1.0,0.0,1.0,0.0,0.0,-661788.2,1105.0,,74.24,-661788.2000000001,-661788.2000000001,-66.18,-0.19,-0.29,0.0452,-0.01,4.0,1.0,0.0,1.0,0.0,0.0,-194779.2,426.0,,31.75,-194779.1999999999,-194779.1999999999,-19.48,-0.26,-0.39,0.02,-0.02,11.0,1.0,0.0,1.0,0.0,0.0,-708595.5,1580.0,,74.24,-708595.5,-708595.5,-70.86,-0.16,-0.24,0.0384,-0.01
VKCO,harami,1D,Bayesian_TPE,1,0.169,0.05,1.8,False,-66.18,-0.19,-0.286,74.24,1,0.0,False,"{""sampler"":""TPESampler"",""seed"":42,""n_trials"":50,""direction"":""maximize"",""objective"":""composite = Sharpe * (Return% / MaxDD%)""}","{""doji_tol"":0.05,""wick_body_ratio"":1.8,""allowshort"":false}",2014-01-01,2024-12-31,2025-01-01,2026-04-20,2014-01-01,2026-04-20,7.0,1.0,0.0,1.0,0.0,0.0,-661788.2,1105.0,,74.24,-661788.2000000001,-661788.2000000001,-66.18,-0.19,-0.29,0.0452,-0.01,4.0,1.0,0.0,1.0,0.0,0.0,-194779.2,426.0,,31.75,-194779.1999999999,-194779.1999999999,-19.48,-0.26,-0.39,0.02,-0.02,11.0,1.0,0.0,1.0,0.0,0.0,-708595.5,1580.0,,74.24,-708595.5,-708595.5,-70.86,-0.16,-0.24,0.0384,-0.01
VKCO,harami,1D,Bayesian_TPE,2,0.169,0.13,2.9000000000000004,False,-66.18,-0.19,-0.286,74.24,1,0.0,False,"{""sampler"":""TPESampler"",""seed"":42,""n_trials"":50,""direction"":""maximize"",""objective"":""composite = Sharpe * (Return% / MaxDD%)""}","{""doji_tol"":0.13,""wick_body_ratio"":2.9000000000000004,""allowshort"":false}",2014-01-01,2024-12-31,2025-01-01,2026-04-20,2014-01-01,2026-04-20,7.0,1.0,0.0,1.0,0.0,0.0,-661788.2,1105.0,,74.24,-661788.2000000001,-661788.2000000001,-66.18,-0.19,-0.29,0.0452,-0.01,4.0,1.0,0.0,1.0,0.0,0.0,-194779.2,426.0,,31.75,-194779.1999999999,-194779.1999999999,-19.48,-0.26,-0.39,0.02,-0.02,11.0,1.0,0.0,1.0,0.0,0.0,-708595.5,1580.0,,74.24,-708595.5,-708595.5,-70.86,-0.16,-0.24,0.0384,-0.01
VKCO,harami,1D,Bayesian_TPE,3,0.169,0.17,1.9,False,-66.18,-0.19,-0.286,74.24,1,0.0,False,"{""sampler"":""TPESampler"",""seed"":42,""n_trials"":50,""direction"":""maximize"",""objective"":""composite = Sharpe * (Return% / MaxDD%)""}","{""doji_tol"":0.17,""wick_body_ratio"":1.9,""allowshort"":false}",2014-01-01,2024-12-31,2025-01-01,2026-04-20,2014-01-01,2026-04-20,7.0,1.0,0.0,1.0,0.0,0.0,-661788.2,1105.0,,74.24,-661788.2000000001,-661788.2000000001,-66.18,-0.19,-0.29,0.0452,-0.01,4.0,1.0,0.0,1.0,0.0,0.0,-194779.2,426.0,,31.75,-194779.1999999999,-194779.1999999999,-19.48,-0.26,-0.39,0.02,-0.02,11.0,1.0,0.0,1.0,0.0,0.0,-708595.5,1580.0,,74.24,-708595.5,-708595.5,-70.86,-0.16,-0.24,0.0384,-0.01
VKCO,harami,1D,Bayesian_TPE,4,0.169,0.08,2.6,True,-66.18,-0.19,-0.286,74.24,1,0.0,True,"{""sampler"":""TPESampler"",""seed"":42,""n_trials"":50,""direction"":""maximize"",""objective"":""composite = Sharpe * (Return% / MaxDD%)""}","{""doji_tol"":0.08,""wick_body_ratio"":2.6,""allowshort"":true}",2014-01-01,2024-12-31,2025-01-01,2026-04-20,2014-01-01,2026-04-20,7.0,1.0,0.0,1.0,0.0,0.0,-661788.2,1105.0,,74.24,-661788.2000000001,-661788.2000000001,-66.18,-0.19,-0.29,0.0452,-0.01,4.0,1.0,0.0,1.0,0.0,0.0,-194779.2,426.0,,31.75,-194779.1999999999,-194779.1999999999,-19.48,-0.26,-0.39,0.02,-0.02,11.0,1.0,0.0,1.0,0.0,0.0,-708595.5,1580.0,,74.24,-708595.5,-708595.5,-70.86,-0.16,-0.24,0.0384,-0.01
VKCO,harami,1D,Bayesian_TPE,5,0.169,0.14,1.7,False,-66.18,-0.19,-0.286,74.24,1,0.0,False,"{""sampler"":""TPESampler"",""seed"":42,""n_trials"":50,""direction"":""maximize"",""objective"":""composite = Sharpe * (Return% / MaxDD%)""}","{""doji_tol"":0.14,""wick_body_ratio"":1.7,""allowshort"":false}",2014-01-01,2024-12-31,2025-01-01,2026-04-20,2014-01-01,2026-04-20,7.0,1.0,0.0,1.0,0.0,0.0,-661788.2,1105.0,,74.24,-661788.2000000001,-661788.2000000001,-66.18,-0.19,-0.29,0.0452,-0.01,4.0,1.0,0.0,1.0,0.0,0.0,-194779.2,426.0,,31.75,-194779.1999999999,-194779.1999999999,-19.48,-0.26,-0.39,0.02,-0.02,11.0,1.0,0.0,1.0,0.0,0.0,-708595.5,1580.0,,74.24,-708595.5,-708595.5,-70.86,-0.16,-0.24,0.0384,-0.01
VKCO,harami,1D,Bayesian_TPE,6,0.169,0.11,3.1,False,-66.18,-0.19,-0.286,74.24,1,0.0,False,"{""sampler"":""TPESampler"",""seed"":42,""n_trials"":50,""direction"":""maximize"",""objective"":""composite = Sharpe * (Return% / MaxDD%)""}","{""doji_tol"":0.11,""wick_body_ratio"":3.1,""allowshort"":false}",2014-01-01,2024-12-31,2025-01-01,2026-04-20,2014-01-01,2026-04-20,7.0,1.0,0.0,1.0,0.0,0.0,-661788.2,1105.0,,74.24,-661788.2000000001,-661788.2000000001,-66.18,-0.19,-0.29,0.0452,-0.01,4.0,1.0,0.0,1.0,0.0,0.0,-194779.2,426.0,,31.75,-194779.1999999999,-194779.1999999999,-19.48,-0.26,-0.39,0.02,-0.02,11.0,1.0,0.0,1.0,0.0,0.0,-708595.5,1580.0,,74.24,-708595.5,-708595.5,-70.86,-0.16,-0.24,0.0384,-0.01
VKCO,harami,1D,Bayesian_TPE,7,0.169,0.13,1.5,True,-66.18,-0.19,-0.286,74.24,1,0.0,True,"{""sampler"":""TPESampler"",""seed"":42,""n_trials"":50,""direction"":""maximize"",""objective"":""composite = Sharpe * (Return% / MaxDD%)""}","{""doji_tol"":0.13,""wick_body_ratio"":1.5,""allowshort"":true}",2014-01-01,2024-12-31,2025-01-01,2026-04-20,2014-01-01,2026-04-20,7.0,1.0,0.0,1.0,0.0,0.0,-661788.2,1105.0,,74.24,-661788.2000000001,-661788.2000000001,-66.18,-0.19,-0.29,0.0452,-0.01,4.0,1.0,0.0,1.0,0.0,0.0,-194779.2,426.0,,31.75,-194779.1999999999,-194779.1999999999,-19.48,-0.26,-0.39,0.02,-0.02,11.0,1.0,0.0,1.0,0.0,0.0,-708595.5,1580.0,,74.24,-708595.5,-708595.5,-70.86,-0.16,-0.24,0.0384,-0.01
VKCO,harami,1D,Bayesian_TPE,8,0.169,0.04,3.4000000000000004,True,-66.18,-0.19,-0.286,74.24,1,0.0,True,"{""sampler"":""TPESampler"",""seed"":42,""n_trials"":50,""direction"":""maximize"",""objective"":""composite = Sharpe * (Return% / MaxDD%)""}","{""doji_tol"":0.04,""wick_body_ratio"":3.4000000000000004,""allowshort"":true}",2014-01-01,2024-12-31,2025-01-01,2026-04-20,2014-01-01,2026-04-20,7.0,1.0,0.0,1.0,0.0,0.0,-661788.2,1105.0,,74.24,-661788.2000000001,-661788.2000000001,-66.18,-0.19,-0.29,0.0452,-0.01,4.0,1.0,0.0,1.0,0.0,0.0,-194779.2,426.0,,31.75,-194779.1999999999,-194779.1999999999,-19.48,-0.26,-0.39,0.02,-0.02,11.0,1.0,0.0,1.0,0.0,0.0,-708595.5,1580.0,,74.24,-708595.5,-708595.5,-70.86,-0.16,-0.24,0.0384,-0.01
VKCO,harami,1D,Bayesian_TPE,9,0.169,0.08,1.7,True,-66.18,-0.19,-0.286,74.24,1,0.0,True,"{""sampler"":""TPESampler"",""seed"":42,""n_trials"":50,""direction"":""maximize"",""objective"":""composite = Sharpe * (Return% / MaxDD%)""}","{""doji_tol"":0.08,""wick_body_ratio"":1.7,""allowshort"":true}",2014-01-01,2024-12-31,2025-01-01,2026-04-20,2014-01-01,2026-04-20,7.0,1.0,0.0,1.0,0.0,0.0,-661788.2,1105.0,,74.24,-661788.2000000001,-661788.2000000001,-66.18,-0.19,-0.29,0.0452,-0.01,4.0,1.0,0.0,1.0,0.0,0.0,-194779.2,426.0,,31.75,-194779.1999999999,-194779.1999999999,-19.48,-0.26,-0.39,0.02,-0.02,11.0,1.0,0.0,1.0,0.0,0.0,-708595.5,1580.0,,74.24,-708595.5,-708595.5,-70.86,-0.16,-0.24,0.0384,-0.01
VKCO,harami,1D,Bayesian_TPE,10,0.169,0.2,2.4,True,-66.18,-0.19,-0.286,74.24,1,0.0,True,"{""sampler"":""TPESampler"",""seed"":42,""n_trials"":50,""direction"":""maximize"",""objective"":""composite = Sharpe * (Return% / MaxDD%)""}","{""doji_tol"":0.2,""wick_body_ratio"":2.4,""allowshort"":true}",2014-01-01,2024-12-31,2025-01-01,2026-04-20,2014-01-01,2026-04-20,7.0,1.0,0.0,1.0,0.0,0.0,-661788.2,1105.0,,74.24,-661788.2000000001,-661788.2000000001,-66.18,-0.19,-0.29,0.0452,-0.01,4.0,1.0,0.0,1.0,0.0,0.0,-194779.2,426.0,,31.75,-194779.1999999999,-194779.1999999999,-19.48,-0.26,-0.39,0.02,-0.02,11.0,1.0,0.0,1.0,0.0,0.0,-708595.5,1580.0,,74.24,-708595.5,-708595.5,-70.86,-0.16,-0.24,0.0384,-0.01
VKCO,harami,1D,Bayesian_TPE,11,0.169,0.03,2.2,False,-66.18,-0.19,-0.286,74.24,1,0.0,False,"{""sampler"":""TPESampler"",""seed"":42,""n_trials"":50,""direction"":""maximize"",""objective"":""composite = Sharpe * (Return% / MaxDD%)""}","{""doji_tol"":0.03,""wick_body_ratio"":2.2,""allowshort"":false}",2014-01-01,2024-12-31,2025-01-01,2026-04-20,2014-01-01,2026-04-20,7.0,1.0,0.0,1.0,0.0,0.0,-661788.2,1105.0,,74.24,-661788.2000000001,-661788.2000000001,-66.18,-0.19,-0.29,0.0452,-0.01,4.0,1.0,0.0,1.0,0.0,0.0,-194779.2,426.0,,31.75,-194779.1999999999,-194779.1999999999,-19.48,-0.26,-0.39,0.02,-0.02,11.0,1.0,0.0,1.0,0.0,0.0,-708595.5,1580.0,,74.24,-708595.5,-708595.5,-70.86,-0.16,-0.24,0.0384,-0.01
VKCO,harami,1D,Bayesian_TPE,12,0.169,0.07,3.5,False,-66.18,-0.19,-0.286,74.24,1,0.0,False,"{""sampler"":""TPESampler"",""seed"":42,""n_trials"":50,""direction"":""maximize"",""objective"":""composite = Sharpe * (Return% / MaxDD%)""}","{""doji_tol"":0.07,""wick_body_ratio"":3.5,""allowshort"":false}",2014-01-01,2024-12-31,2025-01-01,2026-04-20,2014-01-01,2026-04-20,7.0,1.0,0.0,1.0,0.0,0.0,-661788.2,1105.0,,74.24,-661788.2000000001,-661788.2000000001,-66.18,-0.19,-0.29,0.0452,-0.01,4.0,1.0,0.0,1.0,0.0,0.0,-194779.2,426.0,,31.75,-194779.1999999999,-194779.1999999999,-19.48,-0.26,-0.39,0.02,-0.02,11.0,1.0,0.0,1.0,0.0,0.0,-708595.5,1580.0,,74.24,-708595.5,-708595.5,-70.86,-0.16,-0.24,0.0384,-0.01
VKCO,harami,1D,Bayesian_TPE,13,0.169,0.05,2.8,True,-66.18,-0.19,-0.286,74.24,1,0.0,True,"{""sampler"":""TPESampler"",""seed"":42,""n_trials"":50,""direction"":""maximize"",""objective"":""composite = Sharpe * (Return% / MaxDD%)""}","{""doji_tol"":0.05,""wick_body_ratio"":2.8,""allowshort"":true}",2014-01-01,2024-12-31,2025-01-01,2026-04-20,2014-01-01,2026-04-20,7.0,1.0,0.0,1.0,0.0,0.0,-661788.2,1105.0,,74.24,-661788.2000000001,-661788.2000000001,-66.18,-0.19,-0.29,0.0452,-0.01,4.0,1.0,0.0,1.0,0.0,0.0,-194779.2,426.0,,31.75,-194779.1999999999,-194779.1999999999,-19.48,-0.26,-0.39,0.02,-0.02,11.0,1.0,0.0,1.0,0.0,0.0,-708595.5,1580.0,,74.24,-708595.5,-708595.5,-70.86,-0.16,-0.24,0.0384,-0.01
VKCO,harami,1D,Bayesian_TPE,14,0.169,0.09,2.1,True,-66.18,-0.19,-0.286,74.24,1,0.0,True,"{""sampler"":""TPESampler"",""seed"":42,""n_trials"":50,""direction"":""maximize"",""objective"":""composite = Sharpe * (Return% / MaxDD%)""}","{""doji_tol"":0.09,""wick_body_ratio"":2.1,""allowshort"":true}",2014-01-01,2024-12-31,2025-01-01,2026-04-20,2014-01-01,2026-04-20,7.0,1.0,0.0,1.0,0.0,0.0,-661788.2,1105.0,,74.24,-661788.2000000001,-661788.2000000001,-66.18,-0.19,-0.29,0.0452,-0.01,4.0,1.0,0.0,1.0,0.0,0.0,-194779.2,426.0,,31.75,-194779.1999999999,-194779.1999999999,-19.48,-0.26,-0.39,0.02,-0.02,11.0,1.0,0.0,1.0,0.0,0.0,-708595.5,1580.0,,74.24,-708595.5,-708595.5,-70.86,-0.16,-0.24,0.0384,-0.01
VKCO,harami,1D,Bayesian_TPE,15,0.169,0.05,3.2,False,-66.18,-0.19,-0.286,74.24,1,0.0,False,"{""sampler"":""TPESampler"",""seed"":42,""n_trials"":50,""direction"":""maximize"",""objective"":""composite = Sharpe * (Return% / MaxDD%)""}","{""doji_tol"":0.05,""wick_body_ratio"":3.2,""allowshort"":false}",2014-01-01,2024-12-31,2025-01-01,2026-04-20,2014-01-01,2026-04-20,7.0,1.0,0.0,1.0,0.0,0.0,-661788.2,1105.0,,74.24,-661788.2000000001,-661788.2000000001,-66.18,-0.19,-0.29,0.0452,-0.01,4.0,1.0,0.0,1.0,0.0,0.0,-194779.2,426.0,,31.75,-194779.1999999999,-194779.1999999999,-19.48,-0.26,-0.39,0.02,-0.02,11.0,1.0,0.0,1.0,0.0,0.0,-708595.5,1580.0,,74.24,-708595.5,-708595.5,-70.86,-0.16,-0.24,0.0384,-0.01
VKCO,harami,1D,Bayesian_TPE,16,0.169,0.1,2.5,True,-66.18,-0.19,-0.286,74.24,1,0.0,True,"{""sampler"":""TPESampler"",""seed"":42,""n_trials"":50,""direction"":""maximize"",""objective"":""composite = Sharpe * (Return% / MaxDD%)""}","{""doji_tol"":0.1,""wick_body_ratio"":2.5,""allowshort"":true}",2014-01-01,2024-12-31,2025-01-01,2026-04-20,2014-01-01,2026-04-20,7.0,1.0,0.0,1.0,0.0,0.0,-661788.2,1105.0,,74.24,-661788.2000000001,-661788.2000000001,-66.18,-0.19,-0.29,0.0452,-0.01,4.0,1.0,0.0,1.0,0.0,0.0,-194779.2,426.0,,31.75,-194779.1999999999,-194779.1999999999,-19.48,-0.26,-0.39,0.02,-0.02,11.0,1.0,0.0,1.0,0.0,0.0,-708595.5,1580.0,,74.24,-708595.5,-708595.5,-70.86,-0.16,-0.24,0.0384,-0.01
VKCO,harami,1D,Bayesian_TPE,17,0.169,0.06,2.2,False,-66.18,-0.19,-0.286,74.24,1,0.0,False,"{""sampler"":""TPESampler"",""seed"":42,""n_trials"":50,""direction"":""maximize"",""objective"":""composite = Sharpe * (Return% / MaxDD%)""}","{""doji_tol"":0.06,""wick_body_ratio"":2.2,""allowshort"":false}",2014-01-01,2024-12-31,2025-01-01,2026-04-20,2014-01-01,2026-04-20,7.0,1.0,0.0,1.0,0.0,0.0,-661788.2,1105.0,,74.24,-661788.2000000001,-661788.2000000001,-66.18,-0.19,-0.29,0.0452,-0.01,4.0,1.0,0.0,1.0,0.0,0.0,-194779.2,426.0,,31.75,-194779.1999999999,-194779.1999999999,-19.48,-0.26,-0.39,0.02,-0.02,11.0,1.0,0.0,1.0,0.0,0.0,-708595.5,1580.0,,74.24,-708595.5,-708595.5,-70.86,-0.16,-0.24,0.0384,-0.01
VKCO,harami,1D,Bayesian_TPE,18,0.169,0.03,2.7,False,-66.18,-0.19,-0.286,74.24,1,0.0,False,"{""sampler"":""TPESampler"",""seed"":42,""n_trials"":50,""direction"":""maximize"",""objective"":""composite = Sharpe * (Return% / MaxDD%)""}","{""doji_tol"":0.03,""wick_body_ratio"":2.7,""allowshort"":false}",2014-01-01,2024-12-31,2025-01-01,2026-04-20,2014-01-01,2026-04-20,7.0,1.0,0.0,1.0,0.0,0.0,-661788.2,1105.0,,74.24,-661788.2000000001,-661788.2000000001,-66.18,-0.19,-0.29,0.0452,-0.01,4.0,1.0,0.0,1.0,0.0,0.0,-194779.2,426.0,,31.75,-194779.1999999999,-194779.1999999999,-19.48,-0.26,-0.39,0.02,-0.02,11.0,1.0,0.0,1.0,0.0,0.0,-708595.5,1580.0,,74.24,-708595.5,-708595.5,-70.86,-0.16,-0.24,0.0384,-0.01
VKCO,harami,1D,Bayesian_TPE,19,0.169,0.15,3.2,True,-66.18,-0.19,-0.286,74.24,1,0.0,True,"{""sampler"":""TPESampler"",""seed"":42,""n_trials"":50,""direction"":""maximize"",""objective"":""composite = Sharpe * (Return% / MaxDD%)""}","{""doji_tol"":0.15,""wick_body_ratio"":3.2,""allowshort"":true}",2014-01-01,2024-12-31,2025-01-01,2026-04-20,2014-01-01,2026-04-20,7.0,1.0,0.0,1.0,0.0,0.0,-661788.2,1105.0,,74.24,-661788.2000000001,-661788.2000000001,-66.18,-0.19,-0.29,0.0452,-0.01,4.0,1.0,0.0,1.0,0.0,0.0,-194779.2,426.0,,31.75,-194779.1999999999,-194779.1999999999,-19.48,-0.26,-0.39,0.02,-0.02,11.0,1.0,0.0,1.0,0.0,0.0,-708595.5,1580.0,,74.24,-708595.5,-708595.5,-70.86,-0.16,-0.24,0.0384,-0.01
VKCO,harami,1D,Bayesian_TPE,20,0.169,0.1,2.0,True,-66.18,-0.19,-0.286,74.24,1,0.0,True,"{""sampler"":""TPESampler"",""seed"":42,""n_trials"":50,""direction"":""maximize"",""objective"":""composite = Sharpe * (Return% / MaxDD%)""}","{""doji_tol"":0.1,""wick_body_ratio"":2.0,""allowshort"":true}",2014-01-01,2024-12-31,2025-01-01,2026-04-20,2014-01-01,2026-04-20,7.0,1.0,0.0,1.0,0.0,0.0,-661788.2,1105.0,,74.24,-661788.2000000001,-661788.2000000001,-66.18,-0.19,-0.29,0.0452,-0.01,4.0,1.0,0.0,1.0,0.0,0.0,-194779.2,426.0,,31.75,-194779.1999999999,-194779.1999999999,-19.48,-0.26,-0.39,0.02,-0.02,11.0,1.0,0.0,1.0,0.0,0.0,-708595.5,1580.0,,74.24,-708595.5,-708595.5,-70.86,-0.16,-0.24,0.0384,-0.01
VKCO,harami,1D,Bayesian_TPE,21,0.169,0.12,2.9000000000000004,False,-66.18,-0.19,-0.286,74.24,1,0.0,False,"{""sampler"":""TPESampler"",""seed"":42,""n_trials"":50,""direction"":""maximize"",""objective"":""composite = Sharpe * (Return% / MaxDD%)""}","{""doji_tol"":0.12,""wick_body_ratio"":2.9000000000000004,""allowshort"":false}",2014-01-01,2024-12-31,2025-01-01,2026-04-20,2014-01-01,2026-04-20,7.0,1.0,0.0,1.0,0.0,0.0,-661788.2,1105.0,,74.24,-661788.2000000001,-661788.2000000001,-66.18,-0.19,-0.29,0.0452,-0.01,4.0,1.0,0.0,1.0,0.0,0.0,-194779.2,426.0,,31.75,-194779.1999999999,-194779.1999999999,-19.48,-0.26,-0.39,0.02,-0.02,11.0,1.0,0.0,1.0,0.0,0.0,-708595.5,1580.0,,74.24,-708595.5,-708595.5,-70.86,-0.16,-0.24,0.0384,-0.01
VKCO,harami,1D,Bayesian_TPE,22,0.169,0.16,3.0,False,-66.18,-0.19,-0.286,74.24,1,0.0,False,"{""sampler"":""TPESampler"",""seed"":42,""n_trials"":50,""direction"":""maximize"",""objective"":""composite = Sharpe * (Return% / MaxDD%)""}","{""doji_tol"":0.16,""wick_body_ratio"":3.0,""allowshort"":false}",2014-01-01,2024-12-31,2025-01-01,2026-04-20,2014-01-01,2026-04-20,7.0,1.0,0.0,1.0,0.0,0.0,-661788.2,1105.0,,74.24,-661788.2000000001,-661788.2000000001,-66.18,-0.19,-0.29,0.0452,-0.01,4.0,1.0,0.0,1.0,0.0,0.0,-194779.2,426.0,,31.75,-194779.1999999999,-194779.1999999999,-19.48,-0.26,-0.39,0.02,-0.02,11.0,1.0,0.0,1.0,0.0,0.0,-708595.5,1580.0,,74.24,-708595.5,-708595.5,-70.86,-0.16,-0.24,0.0384,-0.01
VKCO,harami,1D,Bayesian_TPE,23,0.169,0.12,3.3,False,-66.18,-0.19,-0.286,74.24,1,0.0,False,"{""sampler"":""TPESampler"",""seed"":42,""n_trials"":50,""direction"":""maximize"",""objective"":""composite = Sharpe * (Return% / MaxDD%)""}","{""doji_tol"":0.12,""wick_body_ratio"":3.3,""allowshort"":false}",2014-01-01,2024-12-31,2025-01-01,2026-04-20,2014-01-01,2026-04-20,7.0,1.0,0.0,1.0,0.0,0.0,-661788.2,1105.0,,74.24,-661788.2000000001,-661788.2000000001,-66.18,-0.19,-0.29,0.0452,-0.01,4.0,1.0,0.0,1.0,0.0,0.0,-194779.2,426.0,,31.75,-194779.1999999999,-194779.1999999999,-19.48,-0.26,-0.39,0.02,-0.02,11.0,1.0,0.0,1.0,0.0,0.0,-708595.5,1580.0,,74.24,-708595.5,-708595.5,-70.86,-0.16,-0.24,0.0384,-0.01
VKCO,harami,1D,Bayesian_TPE,24,0.169,0.18,2.4,False,-66.18,-0.19,-0.286,74.24,1,0.0,False,"{""sampler"":""TPESampler"",""seed"":42,""n_trials"":50,""direction"":""maximize"",""objective"":""composite = Sharpe * (Return% / MaxDD%)""}","{""doji_tol"":0.18,""wick_body_ratio"":2.4,""allowshort"":false}",2014-01-01,2024-12-31,2025-01-01,2026-04-20,2014-01-01,2026-04-20,7.0,1.0,0.0,1.0,0.0,0.0,-661788.2,1105.0,,74.24,-661788.2000000001,-661788.2000000001,-66.18,-0.19,-0.29,0.0452,-0.01,4.0,1.0,0.0,1.0,0.0,0.0,-194779.2,426.0,,31.75,-194779.1999999999,-194779.1999999999,-19.48,-0.26,-0.39,0.02,-0.02,11.0,1.0,0.0,1.0,0.0,0.0,-708595.5,1580.0,,74.24,-708595.5,-708595.5,-70.86,-0.16,-0.24,0.0384,-0.01
VKCO,harami,1D,Bayesian_TPE,25,0.169,0.07,3.5,False,-66.18,-0.19,-0.286,74.24,1,0.0,False,"{""sampler"":""TPESampler"",""seed"":42,""n_trials"":50,""direction"":""maximize"",""objective"":""composite = Sharpe * (Return% / MaxDD%)""}","{""doji_tol"":0.07,""wick_body_ratio"":3.5,""allowshort"":false}",2014-01-01,2024-12-31,2025-01-01,2026-04-20,2014-01-01,2026-04-20,7.0,1.0,0.0,1.0,0.0,0.0,-661788.2,1105.0,,74.24,-661788.2000000001,-661788.2000000001,-66.18,-0.19,-0.29,0.0452,-0.01,4.0,1.0,0.0,1.0,0.0,0.0,-194779.2,426.0,,31.75,-194779.1999999999,-194779.1999999999,-19.48,-0.26,-0.39,0.02,-0.02,11.0,1.0,0.0,1.0,0.0,0.0,-708595.5,1580.0,,74.24,-708595.5,-708595.5,-70.86,-0.16,-0.24,0.0384,-0.01
VKCO,harami,1D,Bayesian_TPE,26,0.169,0.14,3.0,False,-66.18,-0.19,-0.286,74.24,1,0.0,False,"{""sampler"":""TPESampler"",""seed"":42,""n_trials"":50,""direction"":""maximize"",""objective"":""composite = Sharpe * (Return% / MaxDD%)""}","{""doji_tol"":0.14,""wick_body_ratio"":3.0,""allowshort"":false}",2014-01-01,2024-12-31,2025-01-01,2026-04-20,2014-01-01,2026-04-20,7.0,1.0,0.0,1.0,0.0,0.0,-661788.2,1105.0,,74.24,-661788.2000000001,-661788.2000000001,-66.18,-0.19,-0.29,0.0452,-0.01,4.0,1.0,0.0,1.0,0.0,0.0,-194779.2,426.0,,31.75,-194779.1999999999,-194779.1999999999,-19.48,-0.26,-0.39,0.02,-0.02,11.0,1.0,0.0,1.0,0.0,0.0,-708595.5,1580.0,,74.24,-708595.5,-708595.5,-70.86,-0.16,-0.24,0.0384,-0.01
VKCO,harami,1D,Bayesian_TPE,27,0.169,0.09,2.9000000000000004,False,-66.18,-0.19,-0.286,74.24,1,0.0,False,"{""sampler"":""TPESampler"",""seed"":42,""n_trials"":50,""direction"":""maximize"",""objective"":""composite = Sharpe * (Return% / MaxDD%)""}","{""doji_tol"":0.09,""wick_body_ratio"":2.9000000000000004,""allowshort"":false}",2014-01-01,2024-12-31,2025-01-01,2026-04-20,2014-01-01,2026-04-20,7.0,1.0,0.0,1.0,0.0,0.0,-661788.2,1105.0,,74.24,-661788.2000000001,-661788.2000000001,-66.18,-0.19,-0.29,0.0452,-0.01,4.0,1.0,0.0,1.0,0.0,0.0,-194779.2,426.0,,31.75,-194779.1999999999,-194779.1999999999,-19.48,-0.26,-0.39,0.02,-0.02,11.0,1.0,0.0,1.0,0.0,0.0,-708595.5,1580.0,,74.24,-708595.5,-708595.5,-70.86,-0.16,-0.24,0.0384,-0.01
VKCO,harami,1D,Bayesian_TPE,28,0.169,0.11,2.7,True,-66.18,-0.19,-0.286,74.24,1,0.0,True,"{""sampler"":""TPESampler"",""seed"":42,""n_trials"":50,""direction"":""maximize"",""objective"":""composite = Sharpe * (Return% / MaxDD%)""}","{""doji_tol"":0.11,""wick_body_ratio"":2.7,""allowshort"":true}",2014-01-01,2024-12-31,2025-01-01,2026-04-20,2014-01-01,2026-04-20,7.0,1.0,0.0,1.0,0.0,0.0,-661788.2,1105.0,,74.24,-661788.2000000001,-661788.2000000001,-66.18,-0.19,-0.29,0.0452,-0.01,4.0,1.0,0.0,1.0,0.0,0.0,-194779.2,426.0,,31.75,-194779.1999999999,-194779.1999999999,-19.48,-0.26,-0.39,0.02,-0.02,11.0,1.0,0.0,1.0,0.0,0.0,-708595.5,1580.0,,74.24,-708595.5,-708595.5,-70.86,-0.16,-0.24,0.0384,-0.01
VKCO,harami,1D,Bayesian_TPE,29,0.169,0.18,1.8,False,-66.18,-0.19,-0.286,74.24,1,0.0,False,"{""sampler"":""TPESampler"",""seed"":42,""n_trials"":50,""direction"":""maximize"",""objective"":""composite = Sharpe * (Return% / MaxDD%)""}","{""doji_tol"":0.18,""wick_body_ratio"":1.8,""allowshort"":false}",2014-01-01,2024-12-31,2025-01-01,2026-04-20,2014-01-01,2026-04-20,7.0,1.0,0.0,1.0,0.0,0.0,-661788.2,1105.0,,74.24,-661788.2000000001,-661788.2000000001,-66.18,-0.19,-0.29,0.0452,-0.01,4.0,1.0,0.0,1.0,0.0,0.0,-194779.2,426.0,,31.75,-194779.1999999999,-194779.1999999999,-19.48,-0.26,-0.39,0.02,-0.02,11.0,1.0,0.0,1.0,0.0,0.0,-708595.5,1580.0,,74.24,-708595.5,-708595.5,-70.86,-0.16,-0.24,0.0384,-0.01
VKCO,harami,1D,Bayesian_TPE,30,0.169,0.06,3.3,False,-66.18,-0.19,-0.286,74.24,1,0.0,False,"{""sampler"":""TPESampler"",""seed"":42,""n_trials"":50,""direction"":""maximize"",""objective"":""composite = Sharpe * (Return% / MaxDD%)""}","{""doji_tol"":0.06,""wick_body_ratio"":3.3,""allowshort"":false}",2014-01-01,2024-12-31,2025-01-01,2026-04-20,2014-01-01,2026-04-20,7.0,1.0,0.0,1.0,0.0,0.0,-661788.2,1105.0,,74.24,-661788.2000000001,-661788.2000000001,-66.18,-0.19,-0.29,0.0452,-0.01,4.0,1.0,0.0,1.0,0.0,0.0,-194779.2,426.0,,31.75,-194779.1999999999,-194779.1999999999,-19.48,-0.26,-0.39,0.02,-0.02,11.0,1.0,0.0,1.0,0.0,0.0,-708595.5,1580.0,,74.24,-708595.5,-708595.5,-70.86,-0.16,-0.24,0.0384,-0.01
VKCO,harami,1D,Bayesian_TPE,31,0.169,0.17,1.5,False,-66.18,-0.19,-0.286,74.24,1,0.0,False,"{""sampler"":""TPESampler"",""seed"":42,""n_trials"":50,""direction"":""maximize"",""objective"":""composite = Sharpe * (Return% / MaxDD%)""}","{""doji_tol"":0.17,""wick_body_ratio"":1.5,""allowshort"":false}",2014-01-01,2024-12-31,2025-01-01,2026-04-20,2014-01-01,2026-04-20,7.0,1.0,0.0,1.0,0.0,0.0,-661788.2,1105.0,,74.24,-661788.2000000001,-661788.2000000001,-66.18,-0.19,-0.29,0.0452,-0.01,4.0,1.0,0.0,1.0,0.0,0.0,-194779.2,426.0,,31.75,-194779.1999999999,-194779.1999999999,-19.48,-0.26,-0.39,0.02,-0.02,11.0,1.0,0.0,1.0,0.0,0.0,-708595.5,1580.0,,74.24,-708595.5,-708595.5,-70.86,-0.16,-0.24,0.0384,-0.01
VKCO,harami,1D,Bayesian_TPE,32,0.169,0.2,1.9,False,-66.18,-0.19,-0.286,74.24,1,0.0,False,"{""sampler"":""TPESampler"",""seed"":42,""n_trials"":50,""direction"":""maximize"",""objective"":""composite = Sharpe * (Return% / MaxDD%)""}","{""doji_tol"":0.2,""wick_body_ratio"":1.9,""allowshort"":false}",2014-01-01,2024-12-31,2025-01-01,2026-04-20,2014-01-01,2026-04-20,7.0,1.0,0.0,1.0,0.0,0.0,-661788.2,1105.0,,74.24,-661788.2000000001,-661788.2000000001,-66.18,-0.19,-0.29,0.0452,-0.01,4.0,1.0,0.0,1.0,0.0,0.0,-194779.2,426.0,,31.75,-194779.1999999999,-194779.1999999999,-19.48,-0.26,-0.39,0.02,-0.02,11.0,1.0,0.0,1.0,0.0,0.0,-708595.5,1580.0,,74.24,-708595.5,-708595.5,-70.86,-0.16,-0.24,0.0384,-0.01
VKCO,harami,1D,Bayesian_TPE,33,0.169,0.14,1.7,False,-66.18,-0.19,-0.286,74.24,1,0.0,False,"{""sampler"":""TPESampler"",""seed"":42,""n_trials"":50,""direction"":""maximize"",""objective"":""composite = Sharpe * (Return% / MaxDD%)""}","{""doji_tol"":0.14,""wick_body_ratio"":1.7,""allowshort"":false}",2014-01-01,2024-12-31,2025-01-01,2026-04-20,2014-01-01,2026-04-20,7.0,1.0,0.0,1.0,0.0,0.0,-661788.2,1105.0,,74.24,-661788.2000000001,-661788.2000000001,-66.18,-0.19,-0.29,0.0452,-0.01,4.0,1.0,0.0,1.0,0.0,0.0,-194779.2,426.0,,31.75,-194779.1999999999,-194779.1999999999,-19.48,-0.26,-0.39,0.02,-0.02,11.0,1.0,0.0,1.0,0.0,0.0,-708595.5,1580.0,,74.24,-708595.5,-708595.5,-70.86,-0.16,-0.24,0.0384,-0.01
VKCO,harami,1D,Bayesian_TPE,34,0.169,0.13,2.0,False,-66.18,-0.19,-0.286,74.24,1,0.0,False,"{""sampler"":""TPESampler"",""seed"":42,""n_trials"":50,""direction"":""maximize"",""objective"":""composite = Sharpe * (Return% / MaxDD%)""}","{""doji_tol"":0.13,""wick_body_ratio"":2.0,""allowshort"":false}",2014-01-01,2024-12-31,2025-01-01,2026-04-20,2014-01-01,2026-04-20,7.0,1.0,0.0,1.0,0.0,0.0,-661788.2,1105.0,,74.24,-661788.2000000001,-661788.2000000001,-66.18,-0.19,-0.29,0.0452,-0.01,4.0,1.0,0.0,1.0,0.0,0.0,-194779.2,426.0,,31.75,-194779.1999999999,-194779.1999999999,-19.48,-0.26,-0.39,0.02,-0.02,11.0,1.0,0.0,1.0,0.0,0.0,-708595.5,1580.0,,74.24,-708595.5,-708595.5,-70.86,-0.16,-0.24,0.0384,-0.01
VKCO,harami,1D,Bayesian_TPE,35,0.169,0.16,2.3,True,-66.18,-0.19,-0.286,74.24,1,0.0,True,"{""sampler"":""TPESampler"",""seed"":42,""n_trials"":50,""direction"":""maximize"",""objective"":""composite = Sharpe * (Return% / MaxDD%)""}","{""doji_tol"":0.16,""wick_body_ratio"":2.3,""allowshort"":true}",2014-01-01,2024-12-31,2025-01-01,2026-04-20,2014-01-01,2026-04-20,7.0,1.0,0.0,1.0,0.0,0.0,-661788.2,1105.0,,74.24,-661788.2000000001,-661788.2000000001,-66.18,-0.19,-0.29,0.0452,-0.01,4.0,1.0,0.0,1.0,0.0,0.0,-194779.2,426.0,,31.75,-194779.1999999999,-194779.1999999999,-19.48,-0.26,-0.39,0.02,-0.02,11.0,1.0,0.0,1.0,0.0,0.0,-708595.5,1580.0,,74.24,-708595.5,-708595.5,-70.86,-0.16,-0.24,0.0384,-0.01
VKCO,harami,1D,Bayesian_TPE,36,0.169,0.08,1.6,False,-66.18,-0.19,-0.286,74.24,1,0.0,False,"{""sampler"":""TPESampler"",""seed"":42,""n_trials"":50,""direction"":""maximize"",""objective"":""composite = Sharpe * (Return% / MaxDD%)""}","{""doji_tol"":0.08,""wick_body_ratio"":1.6,""allowshort"":false}",2014-01-01,2024-12-31,2025-01-01,2026-04-20,2014-01-01,2026-04-20,7.0,1.0,0.0,1.0,0.0,0.0,-661788.2,1105.0,,74.24,-661788.2000000001,-661788.2000000001,-66.18,-0.19,-0.29,0.0452,-0.01,4.0,1.0,0.0,1.0,0.0,0.0,-194779.2,426.0,,31.75,-194779.1999999999,-194779.1999999999,-19.48,-0.26,-0.39,0.02,-0.02,11.0,1.0,0.0,1.0,0.0,0.0,-708595.5,1580.0,,74.24,-708595.5,-708595.5,-70.86,-0.16,-0.24,0.0384,-0.01
VKCO,harami,1D,Bayesian_TPE,37,0.169,0.18,2.0,True,-66.18,-0.19,-0.286,74.24,1,0.0,True,"{""sampler"":""TPESampler"",""seed"":42,""n_trials"":50,""direction"":""maximize"",""objective"":""composite = Sharpe * (Return% / MaxDD%)""}","{""doji_tol"":0.18,""wick_body_ratio"":2.0,""allowshort"":true}",2014-01-01,2024-12-31,2025-01-01,2026-04-20,2014-01-01,2026-04-20,7.0,1.0,0.0,1.0,0.0,0.0,-661788.2,1105.0,,74.24,-661788.2000000001,-661788.2000000001,-66.18,-0.19,-0.29,0.0452,-0.01,4.0,1.0,0.0,1.0,0.0,0.0,-194779.2,426.0,,31.75,-194779.1999999999,-194779.1999999999,-19.48,-0.26,-0.39,0.02,-0.02,11.0,1.0,0.0,1.0,0.0,0.0,-708595.5,1580.0,,74.24,-708595.5,-708595.5,-70.86,-0.16,-0.24,0.0384,-0.01
VKCO,harami,1D,Bayesian_TPE,38,0.169,0.13,2.6,False,-66.18,-0.19,-0.286,74.24,1,0.0,False,"{""sampler"":""TPESampler"",""seed"":42,""n_trials"":50,""direction"":""maximize"",""objective"":""composite = Sharpe * (Return% / MaxDD%)""}","{""doji_tol"":0.13,""wick_body_ratio"":2.6,""allowshort"":false}",2014-01-01,2024-12-31,2025-01-01,2026-04-20,2014-01-01,2026-04-20,7.0,1.0,0.0,1.0,0.0,0.0,-661788.2,1105.0,,74.24,-661788.2000000001,-661788.2000000001,-66.18,-0.19,-0.29,0.0452,-0.01,4.0,1.0,0.0,1.0,0.0,0.0,-194779.2,426.0,,31.75,-194779.1999999999,-194779.1999999999,-19.48,-0.26,-0.39,0.02,-0.02,11.0,1.0,0.0,1.0,0.0,0.0,-708595.5,1580.0,,74.24,-708595.5,-708595.5,-70.86,-0.16,-0.24,0.0384,-0.01
VKCO,harami,1D,Bayesian_TPE,39,0.169,0.1,1.8,True,-66.18,-0.19,-0.286,74.24,1,0.0,True,"{""sampler"":""TPESampler"",""seed"":42,""n_trials"":50,""direction"":""maximize"",""objective"":""composite = Sharpe * (Return% / MaxDD%)""}","{""doji_tol"":0.1,""wick_body_ratio"":1.8,""allowshort"":true}",2014-01-01,2024-12-31,2025-01-01,2026-04-20,2014-01-01,2026-04-20,7.0,1.0,0.0,1.0,0.0,0.0,-661788.2,1105.0,,74.24,-661788.2000000001,-661788.2000000001,-66.18,-0.19,-0.29,0.0452,-0.01,4.0,1.0,0.0,1.0,0.0,0.0,-194779.2,426.0,,31.75,-194779.1999999999,-194779.1999999999,-19.48,-0.26,-0.39,0.02,-0.02,11.0,1.0,0.0,1.0,0.0,0.0,-708595.5,1580.0,,74.24,-708595.5,-708595.5,-70.86,-0.16,-0.24,0.0384,-0.01
VKCO,harami,1D,Bayesian_TPE,40,0.169,0.04,3.1,False,-66.18,-0.19,-0.286,74.24,1,0.0,False,"{""sampler"":""TPESampler"",""seed"":42,""n_trials"":50,""direction"":""maximize"",""objective"":""composite = Sharpe * (Return% / MaxDD%)""}","{""doji_tol"":0.04,""wick_body_ratio"":3.1,""allowshort"":false}",2014-01-01,2024-12-31,2025-01-01,2026-04-20,2014-01-01,2026-04-20,7.0,1.0,0.0,1.0,0.0,0.0,-661788.2,1105.0,,74.24,-661788.2000000001,-661788.2000000001,-66.18,-0.19,-0.29,0.0452,-0.01,4.0,1.0,0.0,1.0,0.0,0.0,-194779.2,426.0,,31.75,-194779.1999999999,-194779.1999999999,-19.48,-0.26,-0.39,0.02,-0.02,11.0,1.0,0.0,1.0,0.0,0.0,-708595.5,1580.0,,74.24,-708595.5,-708595.5,-70.86,-0.16,-0.24,0.0384,-0.01
VKCO,harami,1D,Bayesian_TPE,41,0.169,0.07,2.5,True,-66.18,-0.19,-0.286,74.24,1,0.0,True,"{""sampler"":""TPESampler"",""seed"":42,""n_trials"":50,""direction"":""maximize"",""objective"":""composite = Sharpe * (Return% / MaxDD%)""}","{""doji_tol"":0.07,""wick_body_ratio"":2.5,""allowshort"":true}",2014-01-01,2024-12-31,2025-01-01,2026-04-20,2014-01-01,2026-04-20,7.0,1.0,0.0,1.0,0.0,0.0,-661788.2,1105.0,,74.24,-661788.2000000001,-661788.2000000001,-66.18,-0.19,-0.29,0.0452,-0.01,4.0,1.0,0.0,1.0,0.0,0.0,-194779.2,426.0,,31.75,-194779.1999999999,-194779.1999999999,-19.48,-0.26,-0.39,0.02,-0.02,11.0,1.0,0.0,1.0,0.0,0.0,-708595.5,1580.0,,74.24,-708595.5,-708595.5,-70.86,-0.16,-0.24,0.0384,-0.01
VKCO,harami,1D,Bayesian_TPE,42,0.169,0.08,2.7,True,-66.18,-0.19,-0.286,74.24,1,0.0,True,"{""sampler"":""TPESampler"",""seed"":42,""n_trials"":50,""direction"":""maximize"",""objective"":""composite = Sharpe * (Return% / MaxDD%)""}","{""doji_tol"":0.08,""wick_body_ratio"":2.7,""allowshort"":true}",2014-01-01,2024-12-31,2025-01-01,2026-04-20,2014-01-01,2026-04-20,7.0,1.0,0.0,1.0,0.0,0.0,-661788.2,1105.0,,74.24,-661788.2000000001,-661788.2000000001,-66.18,-0.19,-0.29,0.0452,-0.01,4.0,1.0,0.0,1.0,0.0,0.0,-194779.2,426.0,,31.75,-194779.1999999999,-194779.1999999999,-19.48,-0.26,-0.39,0.02,-0.02,11.0,1.0,0.0,1.0,0.0,0.0,-708595.5,1580.0,,74.24,-708595.5,-708595.5,-70.86,-0.16,-0.24,0.0384,-0.01
VKCO,harami,1D,Bayesian_TPE,43,0.169,0.09,2.3,True,-66.18,-0.19,-0.286,74.24,1,0.0,True,"{""sampler"":""TPESampler"",""seed"":42,""n_trials"":50,""direction"":""maximize"",""objective"":""composite = Sharpe * (Return% / MaxDD%)""}","{""doji_tol"":0.09,""wick_body_ratio"":2.3,""allowshort"":true}",2014-01-01,2024-12-31,2025-01-01,2026-04-20,2014-01-01,2026-04-20,7.0,1.0,0.0,1.0,0.0,0.0,-661788.2,1105.0,,74.24,-661788.2000000001,-661788.2000000001,-66.18,-0.19,-0.29,0.0452,-0.01,4.0,1.0,0.0,1.0,0.0,0.0,-194779.2,426.0,,31.75,-194779.1999999999,-194779.1999999999,-19.48,-0.26,-0.39,0.02,-0.02,11.0,1.0,0.0,1.0,0.0,0.0,-708595.5,1580.0,,74.24,-708595.5,-708595.5,-70.86,-0.16,-0.24,0.0384,-0.01
VKCO,harami,1D,Bayesian_TPE,44,0.169,0.05,2.6,True,-66.18,-0.19,-0.286,74.24,1,0.0,True,"{""sampler"":""TPESampler"",""seed"":42,""n_trials"":50,""direction"":""maximize"",""objective"":""composite = Sharpe * (Return% / MaxDD%)""}","{""doji_tol"":0.05,""wick_body_ratio"":2.6,""allowshort"":true}",2014-01-01,2024-12-31,2025-01-01,2026-04-20,2014-01-01,2026-04-20,7.0,1.0,0.0,1.0,0.0,0.0,-661788.2,1105.0,,74.24,-661788.2000000001,-661788.2000000001,-66.18,-0.19,-0.29,0.0452,-0.01,4.0,1.0,0.0,1.0,0.0,0.0,-194779.2,426.0,,31.75,-194779.1999999999,-194779.1999999999,-19.48,-0.26,-0.39,0.02,-0.02,11.0,1.0,0.0,1.0,0.0,0.0,-708595.5,1580.0,,74.24,-708595.5,-708595.5,-70.86,-0.16,-0.24,0.0384,-0.01
VKCO,harami,1D,Bayesian_TPE,45,0.169,0.11,3.4000000000000004,True,-66.18,-0.19,-0.286,74.24,1,0.0,True,"{""sampler"":""TPESampler"",""seed"":42,""n_trials"":50,""direction"":""maximize"",""objective"":""composite = Sharpe * (Return% / MaxDD%)""}","{""doji_tol"":0.11,""wick_body_ratio"":3.4000000000000004,""allowshort"":true}",2014-01-01,2024-12-31,2025-01-01,2026-04-20,2014-01-01,2026-04-20,7.0,1.0,0.0,1.0,0.0,0.0,-661788.2,1105.0,,74.24,-661788.2000000001,-661788.2000000001,-66.18,-0.19,-0.29,0.0452,-0.01,4.0,1.0,0.0,1.0,0.0,0.0,-194779.2,426.0,,31.75,-194779.1999999999,-194779.1999999999,-19.48,-0.26,-0.39,0.02,-0.02,11.0,1.0,0.0,1.0,0.0,0.0,-708595.5,1580.0,,74.24,-708595.5,-708595.5,-70.86,-0.16,-0.24,0.0384,-0.01
VKCO,harami,1D,Bayesian_TPE,46,0.169,0.06,2.8,True,-66.18,-0.19,-0.286,74.24,1,0.0,True,"{""sampler"":""TPESampler"",""seed"":42,""n_trials"":50,""direction"":""maximize"",""objective"":""composite = Sharpe * (Return% / MaxDD%)""}","{""doji_tol"":0.06,""wick_body_ratio"":2.8,""allowshort"":true}",2014-01-01,2024-12-31,2025-01-01,2026-04-20,2014-01-01,2026-04-20,7.0,1.0,0.0,1.0,0.0,0.0,-661788.2,1105.0,,74.24,-661788.2000000001,-661788.2000000001,-66.18,-0.19,-0.29,0.0452,-0.01,4.0,1.0,0.0,1.0,0.0,0.0,-194779.2,426.0,,31.75,-194779.1999999999,-194779.1999999999,-19.48,-0.26,-0.39,0.02,-0.02,11.0,1.0,0.0,1.0,0.0,0.0,-708595.5,1580.0,,74.24,-708595.5,-708595.5,-70.86,-0.16,-0.24,0.0384,-0.01
VKCO,harami,1D,Bayesian_TPE,47,0.169,0.08,1.6,True,-66.18,-0.19,-0.286,74.24,1,0.0,True,"{""sampler"":""TPESampler"",""seed"":42,""n_trials"":50,""direction"":""maximize"",""objective"":""composite = Sharpe * (Return% / MaxDD%)""}","{""doji_tol"":0.08,""wick_body_ratio"":1.6,""allowshort"":true}",2014-01-01,2024-12-31,2025-01-01,2026-04-20,2014-01-01,2026-04-20,7.0,1.0,0.0,1.0,0.0,0.0,-661788.2,1105.0,,74.24,-661788.2000000001,-661788.2000000001,-66.18,-0.19,-0.29,0.0452,-0.01,4.0,1.0,0.0,1.0,0.0,0.0,-194779.2,426.0,,31.75,-194779.1999999999,-194779.1999999999,-19.48,-0.26,-0.39,0.02,-0.02,11.0,1.0,0.0,1.0,0.0,0.0,-708595.5,1580.0,,74.24,-708595.5,-708595.5,-70.86,-0.16,-0.24,0.0384,-0.01
VKCO,harami,1D,Bayesian_TPE,48,0.169,0.04,2.2,False,-66.18,-0.19,-0.286,74.24,1,0.0,False,"{""sampler"":""TPESampler"",""seed"":42,""n_trials"":50,""direction"":""maximize"",""objective"":""composite = Sharpe * (Return% / MaxDD%)""}","{""doji_tol"":0.04,""wick_body_ratio"":2.2,""allowshort"":false}",2014-01-01,2024-12-31,2025-01-01,2026-04-20,2014-01-01,2026-04-20,7.0,1.0,0.0,1.0,0.0,0.0,-661788.2,1105.0,,74.24,-661788.2000000001,-661788.2000000001,-66.18,-0.19,-0.29,0.0452,-0.01,4.0,1.0,0.0,1.0,0.0,0.0,-194779.2,426.0,,31.75,-194779.1999999999,-194779.1999999999,-19.48,-0.26,-0.39,0.02,-0.02,11.0,1.0,0.0,1.0,0.0,0.0,-708595.5,1580.0,,74.24,-708595.5,-708595.5,-70.86,-0.16,-0.24,0.0384,-0.01
VKCO,harami,1D,Bayesian_TPE,49,0.169,0.09,2.5,False,-66.18,-0.19,-0.286,74.24,1,0.0,False,"{""sampler"":""TPESampler"",""seed"":42,""n_trials"":50,""direction"":""maximize"",""objective"":""composite = Sharpe * (Return% / MaxDD%)""}","{""doji_tol"":0.09,""wick_body_ratio"":2.5,""allowshort"":false}",2014-01-01,2024-12-31,2025-01-01,2026-04-20,2014-01-01,2026-04-20,7.0,1.0,0.0,1.0,0.0,0.0,-661788.2,1105.0,,74.24,-661788.2000000001,-661788.2000000001,-66.18,-0.19,-0.29,0.0452,-0.01,4.0,1.0,0.0,1.0,0.0,0.0,-194779.2,426.0,,31.75,-194779.1999999999,-194779.1999999999,-19.48,-0.26,-0.39,0.02,-0.02,11.0,1.0,0.0,1.0,0.0,0.0,-708595.5,1580.0,,74.24,-708595.5,-708595.5,-70.86,-0.16,-0.24,0.0384,-0.01
LKOH,harami,1D,Bayesian_TPE,0,0.001,0.09,3.4000000000000004,True,0.43,0.172,0.227,63.65,12,58.33,True,"{""sampler"":""TPESampler"",""seed"":42,""n_trials"":50,""direction"":""maximize"",""objective"":""composite = Sharpe * (Return% / MaxDD%)""}","{""doji_tol"":0.09,""wick_body_ratio"":3.4000000000000004,""allowshort"":true}",2014-01-01,2024-12-31,2025-01-01,2026-04-20,2014-01-01,2026-04-20,25.0,12.0,7.0,5.0,58.33,111508.34,-155259.32,317.83,,63.65,452019.0,-366713.1,0.43,0.17,0.23,0.0215,0.01,10.0,1.0,0.0,1.0,0.0,0.0,-167552.0,318.0,,26.11,-167552.0,-167552.0,-16.76,-0.44,-0.5,0.0129,-0.02,35.0,13.0,7.0,6.0,53.85,126924.91,-160572.1,329.92,,63.65,452019.0,-366713.1,-7.5,0.15,0.19,0.0207,0.0
LKOH,harami,1D,Bayesian_TPE,1,1.052,0.05,1.8,False,115.38,0.477,0.328,52.31,6,83.33,False,"{""sampler"":""TPESampler"",""seed"":42,""n_trials"":50,""direction"":""maximize"",""objective"":""composite = Sharpe * (Return% / MaxDD%)""}","{""doji_tol"":0.05,""wick_body_ratio"":1.8,""allowshort"":false}",2014-01-01,2024-12-31,2025-01-01,2026-04-20,2014-01-01,2026-04-20,25.0,6.0,5.0,1.0,83.33,283955.08,-265984.0,207.5,,52.31,972823.5,-265984.0,115.38,0.48,0.33,0.0115,0.01,10.0,1.0,0.0,1.0,0.0,0.0,-167552.0,318.0,,26.11,-167552.0,-167552.0,-16.76,-0.44,-0.5,0.0129,-0.02,35.0,7.0,5.0,2.0,71.43,283955.08,-314144.0,223.29,,52.31,972823.5,-362304.0,79.15,0.34,0.26,0.0117,0.01
LKOH,harami,1D,Bayesian_TPE,2,1.052,0.13,2.9000000000000004,False,115.38,0.477,0.328,52.31,6,83.33,False,"{""sampler"":""TPESampler"",""seed"":42,""n_trials"":50,""direction"":""maximize"",""objective"":""composite = Sharpe * (Return% / MaxDD%)""}","{""doji_tol"":0.13,""wick_body_ratio"":2.9000000000000004,""allowshort"":false}",2014-01-01,2024-12-31,2025-01-01,2026-04-20,2014-01-01,2026-04-20,25.0,6.0,5.0,1.0,83.33,283955.08,-265984.0,207.5,,52.31,972823.5,-265984.0,115.38,0.48,0.33,0.0115,0.01,10.0,1.0,0.0,1.0,0.0,0.0,-167552.0,318.0,,26.11,-167552.0,-167552.0,-16.76,-0.44,-0.5,0.0129,-0.02,35.0,7.0,5.0,2.0,71.43,283955.08,-314144.0,223.29,,52.31,972823.5,-362304.0,79.15,0.34,0.26,0.0117,0.01
LKOH,harami,1D,Bayesian_TPE,3,1.052,0.17,1.9,False,115.38,0.477,0.328,52.31,6,83.33,False,"{""sampler"":""TPESampler"",""seed"":42,""n_trials"":50,""direction"":""maximize"",""objective"":""composite = Sharpe * (Return% / MaxDD%)""}","{""doji_tol"":0.17,""wick_body_ratio"":1.9,""allowshort"":false}",2014-01-01,2024-12-31,2025-01-01,2026-04-20,2014-01-01,2026-04-20,25.0,6.0,5.0,1.0,83.33,283955.08,-265984.0,207.5,,52.31,972823.5,-265984.0,115.38,0.48,0.33,0.0115,0.01,10.0,1.0,0.0,1.0,0.0,0.0,-167552.0,318.0,,26.11,-167552.0,-167552.0,-16.76,-0.44,-0.5,0.0129,-0.02,35.0,7.0,5.0,2.0,71.43,283955.08,-314144.0,223.29,,52.31,972823.5,-362304.0,79.15,0.34,0.26,0.0117,0.01
LKOH,harami,1D,Bayesian_TPE,4,0.001,0.08,2.6,True,0.43,0.172,0.227,63.65,12,58.33,True,"{""sampler"":""TPESampler"",""seed"":42,""n_trials"":50,""direction"":""maximize"",""objective"":""composite = Sharpe * (Return% / MaxDD%)""}","{""doji_tol"":0.08,""wick_body_ratio"":2.6,""allowshort"":true}",2014-01-01,2024-12-31,2025-01-01,2026-04-20,2014-01-01,2026-04-20,25.0,12.0,7.0,5.0,58.33,111508.34,-155259.32,317.83,,63.65,452019.0,-366713.1,0.43,0.17,0.23,0.0215,0.01,10.0,1.0,0.0,1.0,0.0,0.0,-167552.0,318.0,,26.11,-167552.0,-167552.0,-16.76,-0.44,-0.5,0.0129,-0.02,35.0,13.0,7.0,6.0,53.85,126924.91,-160572.1,329.92,,63.65,452019.0,-366713.1,-7.5,0.15,0.19,0.0207,0.0
LKOH,harami,1D,Bayesian_TPE,5,1.052,0.14,1.7,False,115.38,0.477,0.328,52.31,6,83.33,False,"{""sampler"":""TPESampler"",""seed"":42,""n_trials"":50,""direction"":""maximize"",""objective"":""composite = Sharpe * (Return% / MaxDD%)""}","{""doji_tol"":0.14,""wick_body_ratio"":1.7,""allowshort"":false}",2014-01-01,2024-12-31,2025-01-01,2026-04-20,2014-01-01,2026-04-20,25.0,6.0,5.0,1.0,83.33,283955.08,-265984.0,207.5,,52.31,972823.5,-265984.0,115.38,0.48,0.33,0.0115,0.01,10.0,1.0,0.0,1.0,0.0,0.0,-167552.0,318.0,,26.11,-167552.0,-167552.0,-16.76,-0.44,-0.5,0.0129,-0.02,35.0,7.0,5.0,2.0,71.43,283955.08,-314144.0,223.29,,52.31,972823.5,-362304.0,79.15,0.34,0.26,0.0117,0.01
LKOH,harami,1D,Bayesian_TPE,6,1.052,0.11,3.1,False,115.38,0.477,0.328,52.31,6,83.33,False,"{""sampler"":""TPESampler"",""seed"":42,""n_trials"":50,""direction"":""maximize"",""objective"":""composite = Sharpe * (Return% / MaxDD%)""}","{""doji_tol"":0.11,""wick_body_ratio"":3.1,""allowshort"":false}",2014-01-01,2024-12-31,2025-01-01,2026-04-20,2014-01-01,2026-04-20,25.0,6.0,5.0,1.0,83.33,283955.08,-265984.0,207.5,,52.31,972823.5,-265984.0,115.38,0.48,0.33,0.0115,0.01,10.0,1.0,0.0,1.0,0.0,0.0,-167552.0,318.0,,26.11,-167552.0,-167552.0,-16.76,-0.44,-0.5,0.0129,-0.02,35.0,7.0,5.0,2.0,71.43,283955.08,-314144.0,223.29,,52.31,972823.5,-362304.0,79.15,0.34,0.26,0.0117,0.01
LKOH,harami,1D,Bayesian_TPE,7,0.001,0.13,1.5,True,0.43,0.172,0.227,63.65,12,58.33,True,"{""sampler"":""TPESampler"",""seed"":42,""n_trials"":50,""direction"":""maximize"",""objective"":""composite = Sharpe * (Return% / MaxDD%)""}","{""doji_tol"":0.13,""wick_body_ratio"":1.5,""allowshort"":true}",2014-01-01,2024-12-31,2025-01-01,2026-04-20,2014-01-01,2026-04-20,25.0,12.0,7.0,5.0,58.33,111508.34,-155259.32,317.83,,63.65,452019.0,-366713.1,0.43,0.17,0.23,0.0215,0.01,10.0,1.0,0.0,1.0,0.0,0.0,-167552.0,318.0,,26.11,-167552.0,-167552.0,-16.76,-0.44,-0.5,0.0129,-0.02,35.0,13.0,7.0,6.0,53.85,126924.91,-160572.1,329.92,,63.65,452019.0,-366713.1,-7.5,0.15,0.19,0.0207,0.0
LKOH,harami,1D,Bayesian_TPE,8,0.001,0.04,3.4000000000000004,True,0.43,0.172,0.227,63.65,12,58.33,True,"{""sampler"":""TPESampler"",""seed"":42,""n_trials"":50,""direction"":""maximize"",""objective"":""composite = Sharpe * (Return% / MaxDD%)""}","{""doji_tol"":0.04,""wick_body_ratio"":3.4000000000000004,""allowshort"":true}",2014-01-01,2024-12-31,2025-01-01,2026-04-20,2014-01-01,2026-04-20,25.0,12.0,7.0,5.0,58.33,111508.34,-155259.32,317.83,,63.65,452019.0,-366713.1,0.43,0.17,0.23,0.0215,0.01,10.0,1.0,0.0,1.0,0.0,0.0,-167552.0,318.0,,26.11,-167552.0,-167552.0,-16.76,-0.44,-0.5,0.0129,-0.02,35.0,13.0,7.0,6.0,53.85,126924.91,-160572.1,329.92,,63.65,452019.0,-366713.1,-7.5,0.15,0.19,0.0207,0.0
LKOH,harami,1D,Bayesian_TPE,9,0.001,0.08,1.7,True,0.43,0.172,0.227,63.65,12,58.33,True,"{""sampler"":""TPESampler"",""seed"":42,""n_trials"":50,""direction"":""maximize"",""objective"":""composite = Sharpe * (Return% / MaxDD%)""}","{""doji_tol"":0.08,""wick_body_ratio"":1.7,""allowshort"":true}",2014-01-01,2024-12-31,2025-01-01,2026-04-20,2014-01-01,2026-04-20,25.0,12.0,7.0,5.0,58.33,111508.34,-155259.32,317.83,,63.65,452019.0,-366713.1,0.43,0.17,0.23,0.0215,0.01,10.0,1.0,0.0,1.0,0.0,0.0,-167552.0,318.0,,26.11,-167552.0,-167552.0,-16.76,-0.44,-0.5,0.0129,-0.02,35.0,13.0,7.0,6.0,53.85,126924.91,-160572.1,329.92,,63.65,452019.0,-366713.1,-7.5,0.15,0.19,0.0207,0.0
LKOH,harami,1D,Bayesian_TPE,10,1.052,0.03,2.2,False,115.38,0.477,0.328,52.31,6,83.33,False,"{""sampler"":""TPESampler"",""seed"":42,""n_trials"":50,""direction"":""maximize"",""objective"":""composite = Sharpe * (Return% / MaxDD%)""}","{""doji_tol"":0.03,""wick_body_ratio"":2.2,""allowshort"":false}",2014-01-01,2024-12-31,2025-01-01,2026-04-20,2014-01-01,2026-04-20,25.0,6.0,5.0,1.0,83.33,283955.08,-265984.0,207.5,,52.31,972823.5,-265984.0,115.38,0.48,0.33,0.0115,0.01,10.0,1.0,0.0,1.0,0.0,0.0,-167552.0,318.0,,26.11,-167552.0,-167552.0,-16.76,-0.44,-0.5,0.0129,-0.02,35.0,7.0,5.0,2.0,71.43,283955.08,-314144.0,223.29,,52.31,972823.5,-362304.0,79.15,0.34,0.26,0.0117,0.01
LKOH,harami,1D,Bayesian_TPE,11,1.052,0.19,2.8,False,115.38,0.477,0.328,52.31,6,83.33,False,"{""sampler"":""TPESampler"",""seed"":42,""n_trials"":50,""direction"":""maximize"",""objective"":""composite = Sharpe * (Return% / MaxDD%)""}","{""doji_tol"":0.19,""wick_body_ratio"":2.8,""allowshort"":false}",2014-01-01,2024-12-31,2025-01-01,2026-04-20,2014-01-01,2026-04-20,25.0,6.0,5.0,1.0,83.33,283955.08,-265984.0,207.5,,52.31,972823.5,-265984.0,115.38,0.48,0.33,0.0115,0.01,10.0,1.0,0.0,1.0,0.0,0.0,-167552.0,318.0,,26.11,-167552.0,-167552.0,-16.76,-0.44,-0.5,0.0129,-0.02,35.0,7.0,5.0,2.0,71.43,283955.08,-314144.0,223.29,,52.31,972823.5,-362304.0,79.15,0.34,0.26,0.0117,0.01
LKOH,harami,1D,Bayesian_TPE,12,1.052,0.15,2.3,False,115.38,0.477,0.328,52.31,6,83.33,False,"{""sampler"":""TPESampler"",""seed"":42,""n_trials"":50,""direction"":""maximize"",""objective"":""composite = Sharpe * (Return% / MaxDD%)""}","{""doji_tol"":0.15,""wick_body_ratio"":2.3,""allowshort"":false}",2014-01-01,2024-12-31,2025-01-01,2026-04-20,2014-01-01,2026-04-20,25.0,6.0,5.0,1.0,83.33,283955.08,-265984.0,207.5,,52.31,972823.5,-265984.0,115.38,0.48,0.33,0.0115,0.01,10.0,1.0,0.0,1.0,0.0,0.0,-167552.0,318.0,,26.11,-167552.0,-167552.0,-16.76,-0.44,-0.5,0.0129,-0.02,35.0,7.0,5.0,2.0,71.43,283955.08,-314144.0,223.29,,52.31,972823.5,-362304.0,79.15,0.34,0.26,0.0117,0.01
LKOH,harami,1D,Bayesian_TPE,13,1.052,0.06,2.9000000000000004,False,115.38,0.477,0.328,52.31,6,83.33,False,"{""sampler"":""TPESampler"",""seed"":42,""n_trials"":50,""direction"":""maximize"",""objective"":""composite = Sharpe * (Return% / MaxDD%)""}","{""doji_tol"":0.06,""wick_body_ratio"":2.9000000000000004,""allowshort"":false}",2014-01-01,2024-12-31,2025-01-01,2026-04-20,2014-01-01,2026-04-20,25.0,6.0,5.0,1.0,83.33,283955.08,-265984.0,207.5,,52.31,972823.5,-265984.0,115.38,0.48,0.33,0.0115,0.01,10.0,1.0,0.0,1.0,0.0,0.0,-167552.0,318.0,,26.11,-167552.0,-167552.0,-16.76,-0.44,-0.5,0.0129,-0.02,35.0,7.0,5.0,2.0,71.43,283955.08,-314144.0,223.29,,52.31,972823.5,-362304.0,79.15,0.34,0.26,0.0117,0.01
LKOH,harami,1D,Bayesian_TPE,14,1.052,0.11,2.2,False,115.38,0.477,0.328,52.31,6,83.33,False,"{""sampler"":""TPESampler"",""seed"":42,""n_trials"":50,""direction"":""maximize"",""objective"":""composite = Sharpe * (Return% / MaxDD%)""}","{""doji_tol"":0.11,""wick_body_ratio"":2.2,""allowshort"":false}",2014-01-01,2024-12-31,2025-01-01,2026-04-20,2014-01-01,2026-04-20,25.0,6.0,5.0,1.0,83.33,283955.08,-265984.0,207.5,,52.31,972823.5,-265984.0,115.38,0.48,0.33,0.0115,0.01,10.0,1.0,0.0,1.0,0.0,0.0,-167552.0,318.0,,26.11,-167552.0,-167552.0,-16.76,-0.44,-0.5,0.0129,-0.02,35.0,7.0,5.0,2.0,71.43,283955.08,-314144.0,223.29,,52.31,972823.5,-362304.0,79.15,0.34,0.26,0.0117,0.01
LKOH,harami,1D,Bayesian_TPE,15,1.052,0.06,3.1,False,115.38,0.477,0.328,52.31,6,83.33,False,"{""sampler"":""TPESampler"",""seed"":42,""n_trials"":50,""direction"":""maximize"",""objective"":""composite = Sharpe * (Return% / MaxDD%)""}","{""doji_tol"":0.06,""wick_body_ratio"":3.1,""allowshort"":false}",2014-01-01,2024-12-31,2025-01-01,2026-04-20,2014-01-01,2026-04-20,25.0,6.0,5.0,1.0,83.33,283955.08,-265984.0,207.5,,52.31,972823.5,-265984.0,115.38,0.48,0.33,0.0115,0.01,10.0,1.0,0.0,1.0,0.0,0.0,-167552.0,318.0,,26.11,-167552.0,-167552.0,-16.76,-0.44,-0.5,0.0129,-0.02,35.0,7.0,5.0,2.0,71.43,283955.08,-314144.0,223.29,,52.31,972823.5,-362304.0,79.15,0.34,0.26,0.0117,0.01
LKOH,harami,1D,Bayesian_TPE,16,1.052,0.17,2.5,False,115.38,0.477,0.328,52.31,6,83.33,False,"{""sampler"":""TPESampler"",""seed"":42,""n_trials"":50,""direction"":""maximize"",""objective"":""composite = Sharpe * (Return% / MaxDD%)""}","{""doji_tol"":0.17,""wick_body_ratio"":2.5,""allowshort"":false}",2014-01-01,2024-12-31,2025-01-01,2026-04-20,2014-01-01,2026-04-20,25.0,6.0,5.0,1.0,83.33,283955.08,-265984.0,207.5,,52.31,972823.5,-265984.0,115.38,0.48,0.33,0.0115,0.01,10.0,1.0,0.0,1.0,0.0,0.0,-167552.0,318.0,,26.11,-167552.0,-167552.0,-16.76,-0.44,-0.5,0.0129,-0.02,35.0,7.0,5.0,2.0,71.43,283955.08,-314144.0,223.29,,52.31,972823.5,-362304.0,79.15,0.34,0.26,0.0117,0.01
LKOH,harami,1D,Bayesian_TPE,17,1.052,0.12,2.0,False,115.38,0.477,0.328,52.31,6,83.33,False,"{""sampler"":""TPESampler"",""seed"":42,""n_trials"":50,""direction"":""maximize"",""objective"":""composite = Sharpe * (Return% / MaxDD%)""}","{""doji_tol"":0.12,""wick_body_ratio"":2.0,""allowshort"":false}",2014-01-01,2024-12-31,2025-01-01,2026-04-20,2014-01-01,2026-04-20,25.0,6.0,5.0,1.0,83.33,283955.08,-265984.0,207.5,,52.31,972823.5,-265984.0,115.38,0.48,0.33,0.0115,0.01,10.0,1.0,0.0,1.0,0.0,0.0,-167552.0,318.0,,26.11,-167552.0,-167552.0,-16.76,-0.44,-0.5,0.0129,-0.02,35.0,7.0,5.0,2.0,71.43,283955.08,-314144.0,223.29,,52.31,972823.5,-362304.0,79.15,0.34,0.26,0.0117,0.01
LKOH,harami,1D,Bayesian_TPE,18,1.052,0.2,2.6,False,115.38,0.477,0.328,52.31,6,83.33,False,"{""sampler"":""TPESampler"",""seed"":42,""n_trials"":50,""direction"":""maximize"",""objective"":""composite = Sharpe * (Return% / MaxDD%)""}","{""doji_tol"":0.2,""wick_body_ratio"":2.6,""allowshort"":false}",2014-01-01,2024-12-31,2025-01-01,2026-04-20,2014-01-01,2026-04-20,25.0,6.0,5.0,1.0,83.33,283955.08,-265984.0,207.5,,52.31,972823.5,-265984.0,115.38,0.48,0.33,0.0115,0.01,10.0,1.0,0.0,1.0,0.0,0.0,-167552.0,318.0,,26.11,-167552.0,-167552.0,-16.76,-0.44,-0.5,0.0129,-0.02,35.0,7.0,5.0,2.0,71.43,283955.08,-314144.0,223.29,,52.31,972823.5,-362304.0,79.15,0.34,0.26,0.0117,0.01
LKOH,harami,1D,Bayesian_TPE,19,1.052,0.1,3.1,False,115.38,0.477,0.328,52.31,6,83.33,False,"{""sampler"":""TPESampler"",""seed"":42,""n_trials"":50,""direction"":""maximize"",""objective"":""composite = Sharpe * (Return% / MaxDD%)""}","{""doji_tol"":0.1,""wick_body_ratio"":3.1,""allowshort"":false}",2014-01-01,2024-12-31,2025-01-01,2026-04-20,2014-01-01,2026-04-20,25.0,6.0,5.0,1.0,83.33,283955.08,-265984.0,207.5,,52.31,972823.5,-265984.0,115.38,0.48,0.33,0.0115,0.01,10.0,1.0,0.0,1.0,0.0,0.0,-167552.0,318.0,,26.11,-167552.0,-167552.0,-16.76,-0.44,-0.5,0.0129,-0.02,35.0,7.0,5.0,2.0,71.43,283955.08,-314144.0,223.29,,52.31,972823.5,-362304.0,79.15,0.34,0.26,0.0117,0.01
LKOH,harami,1D,Bayesian_TPE,20,1.052,0.05,2.8,False,115.38,0.477,0.328,52.31,6,83.33,False,"{""sampler"":""TPESampler"",""seed"":42,""n_trials"":50,""direction"":""maximize"",""objective"":""composite = Sharpe * (Return% / MaxDD%)""}","{""doji_tol"":0.05,""wick_body_ratio"":2.8,""allowshort"":false}",2014-01-01,2024-12-31,2025-01-01,2026-04-20,2014-01-01,2026-04-20,25.0,6.0,5.0,1.0,83.33,283955.08,-265984.0,207.5,,52.31,972823.5,-265984.0,115.38,0.48,0.33,0.0115,0.01,10.0,1.0,0.0,1.0,0.0,0.0,-167552.0,318.0,,26.11,-167552.0,-167552.0,-16.76,-0.44,-0.5,0.0129,-0.02,35.0,7.0,5.0,2.0,71.43,283955.08,-314144.0,223.29,,52.31,972823.5,-362304.0,79.15,0.34,0.26,0.0117,0.01
LKOH,harami,1D,Bayesian_TPE,21,1.052,0.16,1.9,False,115.38,0.477,0.328,52.31,6,83.33,False,"{""sampler"":""TPESampler"",""seed"":42,""n_trials"":50,""direction"":""maximize"",""objective"":""composite = Sharpe * (Return% / MaxDD%)""}","{""doji_tol"":0.16,""wick_body_ratio"":1.9,""allowshort"":false}",2014-01-01,2024-12-31,2025-01-01,2026-04-20,2014-01-01,2026-04-20,25.0,6.0,5.0,1.0,83.33,283955.08,-265984.0,207.5,,52.31,972823.5,-265984.0,115.38,0.48,0.33,0.0115,0.01,10.0,1.0,0.0,1.0,0.0,0.0,-167552.0,318.0,,26.11,-167552.0,-167552.0,-16.76,-0.44,-0.5,0.0129,-0.02,35.0,7.0,5.0,2.0,71.43,283955.08,-314144.0,223.29,,52.31,972823.5,-362304.0,79.15,0.34,0.26,0.0117,0.01
LKOH,harami,1D,Bayesian_TPE,22,1.052,0.18,1.5,False,115.38,0.477,0.328,52.31,6,83.33,False,"{""sampler"":""TPESampler"",""seed"":42,""n_trials"":50,""direction"":""maximize"",""objective"":""composite = Sharpe * (Return% / MaxDD%)""}","{""doji_tol"":0.18,""wick_body_ratio"":1.5,""allowshort"":false}",2014-01-01,2024-12-31,2025-01-01,2026-04-20,2014-01-01,2026-04-20,25.0,6.0,5.0,1.0,83.33,283955.08,-265984.0,207.5,,52.31,972823.5,-265984.0,115.38,0.48,0.33,0.0115,0.01,10.0,1.0,0.0,1.0,0.0,0.0,-167552.0,318.0,,26.11,-167552.0,-167552.0,-16.76,-0.44,-0.5,0.0129,-0.02,35.0,7.0,5.0,2.0,71.43,283955.08,-314144.0,223.29,,52.31,972823.5,-362304.0,79.15,0.34,0.26,0.0117,0.01
LKOH,harami,1D,Bayesian_TPE,23,1.052,0.14,1.9,False,115.38,0.477,0.328,52.31,6,83.33,False,"{""sampler"":""TPESampler"",""seed"":42,""n_trials"":50,""direction"":""maximize"",""objective"":""composite = Sharpe * (Return% / MaxDD%)""}","{""doji_tol"":0.14,""wick_body_ratio"":1.9,""allowshort"":false}",2014-01-01,2024-12-31,2025-01-01,2026-04-20,2014-01-01,2026-04-20,25.0,6.0,5.0,1.0,83.33,283955.08,-265984.0,207.5,,52.31,972823.5,-265984.0,115.38,0.48,0.33,0.0115,0.01,10.0,1.0,0.0,1.0,0.0,0.0,-167552.0,318.0,,26.11,-167552.0,-167552.0,-16.76,-0.44,-0.5,0.0129,-0.02,35.0,7.0,5.0,2.0,71.43,283955.08,-314144.0,223.29,,52.31,972823.5,-362304.0,79.15,0.34,0.26,0.0117,0.01
LKOH,harami,1D,Bayesian_TPE,24,1.052,0.16,1.7,False,115.38,0.477,0.328,52.31,6,83.33,False,"{""sampler"":""TPESampler"",""seed"":42,""n_trials"":50,""direction"":""maximize"",""objective"":""composite = Sharpe * (Return% / MaxDD%)""}","{""doji_tol"":0.16,""wick_body_ratio"":1.7,""allowshort"":false}",2014-01-01,2024-12-31,2025-01-01,2026-04-20,2014-01-01,2026-04-20,25.0,6.0,5.0,1.0,83.33,283955.08,-265984.0,207.5,,52.31,972823.5,-265984.0,115.38,0.48,0.33,0.0115,0.01,10.0,1.0,0.0,1.0,0.0,0.0,-167552.0,318.0,,26.11,-167552.0,-167552.0,-16.76,-0.44,-0.5,0.0129,-0.02,35.0,7.0,5.0,2.0,71.43,283955.08,-314144.0,223.29,,52.31,972823.5,-362304.0,79.15,0.34,0.26,0.0117,0.01
LKOH,harami,1D,Bayesian_TPE,25,1.052,0.13,2.4,False,115.38,0.477,0.328,52.31,6,83.33,False,"{""sampler"":""TPESampler"",""seed"":42,""n_trials"":50,""direction"":""maximize"",""objective"":""composite = Sharpe * (Return% / MaxDD%)""}","{""doji_tol"":0.13,""wick_body_ratio"":2.4,""allowshort"":false}",2014-01-01,2024-12-31,2025-01-01,2026-04-20,2014-01-01,2026-04-20,25.0,6.0,5.0,1.0,83.33,283955.08,-265984.0,207.5,,52.31,972823.5,-265984.0,115.38,0.48,0.33,0.0115,0.01,10.0,1.0,0.0,1.0,0.0,0.0,-167552.0,318.0,,26.11,-167552.0,-167552.0,-16.76,-0.44,-0.5,0.0129,-0.02,35.0,7.0,5.0,2.0,71.43,283955.08,-314144.0,223.29,,52.31,972823.5,-362304.0,79.15,0.34,0.26,0.0117,0.01
LKOH,harami,1D,Bayesian_TPE,26,0.001,0.17,2.1,True,0.43,0.172,0.227,63.65,12,58.33,True,"{""sampler"":""TPESampler"",""seed"":42,""n_trials"":50,""direction"":""maximize"",""objective"":""composite = Sharpe * (Return% / MaxDD%)""}","{""doji_tol"":0.17,""wick_body_ratio"":2.1,""allowshort"":true}",2014-01-01,2024-12-31,2025-01-01,2026-04-20,2014-01-01,2026-04-20,25.0,12.0,7.0,5.0,58.33,111508.34,-155259.32,317.83,,63.65,452019.0,-366713.1,0.43,0.17,0.23,0.0215,0.01,10.0,1.0,0.0,1.0,0.0,0.0,-167552.0,318.0,,26.11,-167552.0,-167552.0,-16.76,-0.44,-0.5,0.0129,-0.02,35.0,13.0,7.0,6.0,53.85,126924.91,-160572.1,329.92,,63.65,452019.0,-366713.1,-7.5,0.15,0.19,0.0207,0.0
LKOH,harami,1D,Bayesian_TPE,27,1.052,0.2,1.7,False,115.38,0.477,0.328,52.31,6,83.33,False,"{""sampler"":""TPESampler"",""seed"":42,""n_trials"":50,""direction"":""maximize"",""objective"":""composite = Sharpe * (Return% / MaxDD%)""}","{""doji_tol"":0.2,""wick_body_ratio"":1.7,""allowshort"":false}",2014-01-01,2024-12-31,2025-01-01,2026-04-20,2014-01-01,2026-04-20,25.0,6.0,5.0,1.0,83.33,283955.08,-265984.0,207.5,,52.31,972823.5,-265984.0,115.38,0.48,0.33,0.0115,0.01,10.0,1.0,0.0,1.0,0.0,0.0,-167552.0,318.0,,26.11,-167552.0,-167552.0,-16.76,-0.44,-0.5,0.0129,-0.02,35.0,7.0,5.0,2.0,71.43,283955.08,-314144.0,223.29,,52.31,972823.5,-362304.0,79.15,0.34,0.26,0.0117,0.01
LKOH,harami,1D,Bayesian_TPE,28,1.052,0.08,1.9,False,115.38,0.477,0.328,52.31,6,83.33,False,"{""sampler"":""TPESampler"",""seed"":42,""n_trials"":50,""direction"":""maximize"",""objective"":""composite = Sharpe * (Return% / MaxDD%)""}","{""doji_tol"":0.08,""wick_body_ratio"":1.9,""allowshort"":false}",2014-01-01,2024-12-31,2025-01-01,2026-04-20,2014-01-01,2026-04-20,25.0,6.0,5.0,1.0,83.33,283955.08,-265984.0,207.5,,52.31,972823.5,-265984.0,115.38,0.48,0.33,0.0115,0.01,10.0,1.0,0.0,1.0,0.0,0.0,-167552.0,318.0,,26.11,-167552.0,-167552.0,-16.76,-0.44,-0.5,0.0129,-0.02,35.0,7.0,5.0,2.0,71.43,283955.08,-314144.0,223.29,,52.31,972823.5,-362304.0,79.15,0.34,0.26,0.0117,0.01
LKOH,harami,1D,Bayesian_TPE,29,0.001,0.09,3.2,True,0.43,0.172,0.227,63.65,12,58.33,True,"{""sampler"":""TPESampler"",""seed"":42,""n_trials"":50,""direction"":""maximize"",""objective"":""composite = Sharpe * (Return% / MaxDD%)""}","{""doji_tol"":0.09,""wick_body_ratio"":3.2,""allowshort"":true}",2014-01-01,2024-12-31,2025-01-01,2026-04-20,2014-01-01,2026-04-20,25.0,12.0,7.0,5.0,58.33,111508.34,-155259.32,317.83,,63.65,452019.0,-366713.1,0.43,0.17,0.23,0.0215,0.01,10.0,1.0,0.0,1.0,0.0,0.0,-167552.0,318.0,,26.11,-167552.0,-167552.0,-16.76,-0.44,-0.5,0.0129,-0.02,35.0,13.0,7.0,6.0,53.85,126924.91,-160572.1,329.92,,63.65,452019.0,-366713.1,-7.5,0.15,0.19,0.0207,0.0
LKOH,harami,1D,Bayesian_TPE,30,1.052,0.15,3.4000000000000004,False,115.38,0.477,0.328,52.31,6,83.33,False,"{""sampler"":""TPESampler"",""seed"":42,""n_trials"":50,""direction"":""maximize"",""objective"":""composite = Sharpe * (Return% / MaxDD%)""}","{""doji_tol"":0.15,""wick_body_ratio"":3.4000000000000004,""allowshort"":false}",2014-01-01,2024-12-31,2025-01-01,2026-04-20,2014-01-01,2026-04-20,25.0,6.0,5.0,1.0,83.33,283955.08,-265984.0,207.5,,52.31,972823.5,-265984.0,115.38,0.48,0.33,0.0115,0.01,10.0,1.0,0.0,1.0,0.0,0.0,-167552.0,318.0,,26.11,-167552.0,-167552.0,-16.76,-0.44,-0.5,0.0129,-0.02,35.0,7.0,5.0,2.0,71.43,283955.08,-314144.0,223.29,,52.31,972823.5,-362304.0,79.15,0.34,0.26,0.0117,0.01
LKOH,harami,1D,Bayesian_TPE,31,1.052,0.14,1.6,False,115.38,0.477,0.328,52.31,6,83.33,False,"{""sampler"":""TPESampler"",""seed"":42,""n_trials"":50,""direction"":""maximize"",""objective"":""composite = Sharpe * (Return% / MaxDD%)""}","{""doji_tol"":0.14,""wick_body_ratio"":1.6,""allowshort"":false}",2014-01-01,2024-12-31,2025-01-01,2026-04-20,2014-01-01,2026-04-20,25.0,6.0,5.0,1.0,83.33,283955.08,-265984.0,207.5,,52.31,972823.5,-265984.0,115.38,0.48,0.33,0.0115,0.01,10.0,1.0,0.0,1.0,0.0,0.0,-167552.0,318.0,,26.11,-167552.0,-167552.0,-16.76,-0.44,-0.5,0.0129,-0.02,35.0,7.0,5.0,2.0,71.43,283955.08,-314144.0,223.29,,52.31,972823.5,-362304.0,79.15,0.34,0.26,0.0117,0.01
LKOH,harami,1D,Bayesian_TPE,32,1.052,0.12,1.8,False,115.38,0.477,0.328,52.31,6,83.33,False,"{""sampler"":""TPESampler"",""seed"":42,""n_trials"":50,""direction"":""maximize"",""objective"":""composite = Sharpe * (Return% / MaxDD%)""}","{""doji_tol"":0.12,""wick_body_ratio"":1.8,""allowshort"":false}",2014-01-01,2024-12-31,2025-01-01,2026-04-20,2014-01-01,2026-04-20,25.0,6.0,5.0,1.0,83.33,283955.08,-265984.0,207.5,,52.31,972823.5,-265984.0,115.38,0.48,0.33,0.0115,0.01,10.0,1.0,0.0,1.0,0.0,0.0,-167552.0,318.0,,26.11,-167552.0,-167552.0,-16.76,-0.44,-0.5,0.0129,-0.02,35.0,7.0,5.0,2.0,71.43,283955.08,-314144.0,223.29,,52.31,972823.5,-362304.0,79.15,0.34,0.26,0.0117,0.01
LKOH,harami,1D,Bayesian_TPE,33,1.052,0.14,2.1,False,115.38,0.477,0.328,52.31,6,83.33,False,"{""sampler"":""TPESampler"",""seed"":42,""n_trials"":50,""direction"":""maximize"",""objective"":""composite = Sharpe * (Return% / MaxDD%)""}","{""doji_tol"":0.14,""wick_body_ratio"":2.1,""allowshort"":false}",2014-01-01,2024-12-31,2025-01-01,2026-04-20,2014-01-01,2026-04-20,25.0,6.0,5.0,1.0,83.33,283955.08,-265984.0,207.5,,52.31,972823.5,-265984.0,115.38,0.48,0.33,0.0115,0.01,10.0,1.0,0.0,1.0,0.0,0.0,-167552.0,318.0,,26.11,-167552.0,-167552.0,-16.76,-0.44,-0.5,0.0129,-0.02,35.0,7.0,5.0,2.0,71.43,283955.08,-314144.0,223.29,,52.31,972823.5,-362304.0,79.15,0.34,0.26,0.0117,0.01
LKOH,harami,1D,Bayesian_TPE,34,0.001,0.1,1.6,True,0.43,0.172,0.227,63.65,12,58.33,True,"{""sampler"":""TPESampler"",""seed"":42,""n_trials"":50,""direction"":""maximize"",""objective"":""composite = Sharpe * (Return% / MaxDD%)""}","{""doji_tol"":0.1,""wick_body_ratio"":1.6,""allowshort"":true}",2014-01-01,2024-12-31,2025-01-01,2026-04-20,2014-01-01,2026-04-20,25.0,12.0,7.0,5.0,58.33,111508.34,-155259.32,317.83,,63.65,452019.0,-366713.1,0.43,0.17,0.23,0.0215,0.01,10.0,1.0,0.0,1.0,0.0,0.0,-167552.0,318.0,,26.11,-167552.0,-167552.0,-16.76,-0.44,-0.5,0.0129,-0.02,35.0,13.0,7.0,6.0,53.85,126924.91,-160572.1,329.92,,63.65,452019.0,-366713.1,-7.5,0.15,0.19,0.0207,0.0
LKOH,harami,1D,Bayesian_TPE,35,1.052,0.13,1.8,False,115.38,0.477,0.328,52.31,6,83.33,False,"{""sampler"":""TPESampler"",""seed"":42,""n_trials"":50,""direction"":""maximize"",""objective"":""composite = Sharpe * (Return% / MaxDD%)""}","{""doji_tol"":0.13,""wick_body_ratio"":1.8,""allowshort"":false}",2014-01-01,2024-12-31,2025-01-01,2026-04-20,2014-01-01,2026-04-20,25.0,6.0,5.0,1.0,83.33,283955.08,-265984.0,207.5,,52.31,972823.5,-265984.0,115.38,0.48,0.33,0.0115,0.01,10.0,1.0,0.0,1.0,0.0,0.0,-167552.0,318.0,,26.11,-167552.0,-167552.0,-16.76,-0.44,-0.5,0.0129,-0.02,35.0,7.0,5.0,2.0,71.43,283955.08,-314144.0,223.29,,52.31,972823.5,-362304.0,79.15,0.34,0.26,0.0117,0.01
LKOH,harami,1D,Bayesian_TPE,36,0.001,0.16,1.5,True,0.43,0.172,0.227,63.65,12,58.33,True,"{""sampler"":""TPESampler"",""seed"":42,""n_trials"":50,""direction"":""maximize"",""objective"":""composite = Sharpe * (Return% / MaxDD%)""}","{""doji_tol"":0.16,""wick_body_ratio"":1.5,""allowshort"":true}",2014-01-01,2024-12-31,2025-01-01,2026-04-20,2014-01-01,2026-04-20,25.0,12.0,7.0,5.0,58.33,111508.34,-155259.32,317.83,,63.65,452019.0,-366713.1,0.43,0.17,0.23,0.0215,0.01,10.0,1.0,0.0,1.0,0.0,0.0,-167552.0,318.0,,26.11,-167552.0,-167552.0,-16.76,-0.44,-0.5,0.0129,-0.02,35.0,13.0,7.0,6.0,53.85,126924.91,-160572.1,329.92,,63.65,452019.0,-366713.1,-7.5,0.15,0.19,0.0207,0.0
LKOH,harami,1D,Bayesian_TPE,37,1.052,0.18,2.5,False,115.38,0.477,0.328,52.31,6,83.33,False,"{""sampler"":""TPESampler"",""seed"":42,""n_trials"":50,""direction"":""maximize"",""objective"":""composite = Sharpe * (Return% / MaxDD%)""}","{""doji_tol"":0.18,""wick_body_ratio"":2.5,""allowshort"":false}",2014-01-01,2024-12-31,2025-01-01,2026-04-20,2014-01-01,2026-04-20,25.0,6.0,5.0,1.0,83.33,283955.08,-265984.0,207.5,,52.31,972823.5,-265984.0,115.38,0.48,0.33,0.0115,0.01,10.0,1.0,0.0,1.0,0.0,0.0,-167552.0,318.0,,26.11,-167552.0,-167552.0,-16.76,-0.44,-0.5,0.0129,-0.02,35.0,7.0,5.0,2.0,71.43,283955.08,-314144.0,223.29,,52.31,972823.5,-362304.0,79.15,0.34,0.26,0.0117,0.01
LKOH,harami,1D,Bayesian_TPE,38,1.052,0.03,2.7,False,115.38,0.477,0.328,52.31,6,83.33,False,"{""sampler"":""TPESampler"",""seed"":42,""n_trials"":50,""direction"":""maximize"",""objective"":""composite = Sharpe * (Return% / MaxDD%)""}","{""doji_tol"":0.03,""wick_body_ratio"":2.7,""allowshort"":false}",2014-01-01,2024-12-31,2025-01-01,2026-04-20,2014-01-01,2026-04-20,25.0,6.0,5.0,1.0,83.33,283955.08,-265984.0,207.5,,52.31,972823.5,-265984.0,115.38,0.48,0.33,0.0115,0.01,10.0,1.0,0.0,1.0,0.0,0.0,-167552.0,318.0,,26.11,-167552.0,-167552.0,-16.76,-0.44,-0.5,0.0129,-0.02,35.0,7.0,5.0,2.0,71.43,283955.08,-314144.0,223.29,,52.31,972823.5,-362304.0,79.15,0.34,0.26,0.0117,0.01
LKOH,harami,1D,Bayesian_TPE,39,0.001,0.15,2.3,True,0.43,0.172,0.227,63.65,12,58.33,True,"{""sampler"":""TPESampler"",""seed"":42,""n_trials"":50,""direction"":""maximize"",""objective"":""composite = Sharpe * (Return% / MaxDD%)""}","{""doji_tol"":0.15,""wick_body_ratio"":2.3,""allowshort"":true}",2014-01-01,2024-12-31,2025-01-01,2026-04-20,2014-01-01,2026-04-20,25.0,12.0,7.0,5.0,58.33,111508.34,-155259.32,317.83,,63.65,452019.0,-366713.1,0.43,0.17,0.23,0.0215,0.01,10.0,1.0,0.0,1.0,0.0,0.0,-167552.0,318.0,,26.11,-167552.0,-167552.0,-16.76,-0.44,-0.5,0.0129,-0.02,35.0,13.0,7.0,6.0,53.85,126924.91,-160572.1,329.92,,63.65,452019.0,-366713.1,-7.5,0.15,0.19,0.0207,0.0
LKOH,harami,1D,Bayesian_TPE,40,1.052,0.1,2.0,False,115.38,0.477,0.328,52.31,6,83.33,False,"{""sampler"":""TPESampler"",""seed"":42,""n_trials"":50,""direction"":""maximize"",""objective"":""composite = Sharpe * (Return% / MaxDD%)""}","{""doji_tol"":0.1,""wick_body_ratio"":2.0,""allowshort"":false}",2014-01-01,2024-12-31,2025-01-01,2026-04-20,2014-01-01,2026-04-20,25.0,6.0,5.0,1.0,83.33,283955.08,-265984.0,207.5,,52.31,972823.5,-265984.0,115.38,0.48,0.33,0.0115,0.01,10.0,1.0,0.0,1.0,0.0,0.0,-167552.0,318.0,,26.11,-167552.0,-167552.0,-16.76,-0.44,-0.5,0.0129,-0.02,35.0,7.0,5.0,2.0,71.43,283955.08,-314144.0,223.29,,52.31,972823.5,-362304.0,79.15,0.34,0.26,0.0117,0.01
LKOH,harami,1D,Bayesian_TPE,41,1.052,0.07,3.0,False,115.38,0.477,0.328,52.31,6,83.33,False,"{""sampler"":""TPESampler"",""seed"":42,""n_trials"":50,""direction"":""maximize"",""objective"":""composite = Sharpe * (Return% / MaxDD%)""}","{""doji_tol"":0.07,""wick_body_ratio"":3.0,""allowshort"":false}",2014-01-01,2024-12-31,2025-01-01,2026-04-20,2014-01-01,2026-04-20,25.0,6.0,5.0,1.0,83.33,283955.08,-265984.0,207.5,,52.31,972823.5,-265984.0,115.38,0.48,0.33,0.0115,0.01,10.0,1.0,0.0,1.0,0.0,0.0,-167552.0,318.0,,26.11,-167552.0,-167552.0,-16.76,-0.44,-0.5,0.0129,-0.02,35.0,7.0,5.0,2.0,71.43,283955.08,-314144.0,223.29,,52.31,972823.5,-362304.0,79.15,0.34,0.26,0.0117,0.01
LKOH,harami,1D,Bayesian_TPE,42,1.052,0.11,3.3,False,115.38,0.477,0.328,52.31,6,83.33,False,"{""sampler"":""TPESampler"",""seed"":42,""n_trials"":50,""direction"":""maximize"",""objective"":""composite = Sharpe * (Return% / MaxDD%)""}","{""doji_tol"":0.11,""wick_body_ratio"":3.3,""allowshort"":false}",2014-01-01,2024-12-31,2025-01-01,2026-04-20,2014-01-01,2026-04-20,25.0,6.0,5.0,1.0,83.33,283955.08,-265984.0,207.5,,52.31,972823.5,-265984.0,115.38,0.48,0.33,0.0115,0.01,10.0,1.0,0.0,1.0,0.0,0.0,-167552.0,318.0,,26.11,-167552.0,-167552.0,-16.76,-0.44,-0.5,0.0129,-0.02,35.0,7.0,5.0,2.0,71.43,283955.08,-314144.0,223.29,,52.31,972823.5,-362304.0,79.15,0.34,0.26,0.0117,0.01
LKOH,harami,1D,Bayesian_TPE,43,1.052,0.12,3.5,False,115.38,0.477,0.328,52.31,6,83.33,False,"{""sampler"":""TPESampler"",""seed"":42,""n_trials"":50,""direction"":""maximize"",""objective"":""composite = Sharpe * (Return% / MaxDD%)""}","{""doji_tol"":0.12,""wick_body_ratio"":3.5,""allowshort"":false}",2014-01-01,2024-12-31,2025-01-01,2026-04-20,2014-01-01,2026-04-20,25.0,6.0,5.0,1.0,83.33,283955.08,-265984.0,207.5,,52.31,972823.5,-265984.0,115.38,0.48,0.33,0.0115,0.01,10.0,1.0,0.0,1.0,0.0,0.0,-167552.0,318.0,,26.11,-167552.0,-167552.0,-16.76,-0.44,-0.5,0.0129,-0.02,35.0,7.0,5.0,2.0,71.43,283955.08,-314144.0,223.29,,52.31,972823.5,-362304.0,79.15,0.34,0.26,0.0117,0.01
LKOH,harami,1D,Bayesian_TPE,44,1.052,0.13,2.9000000000000004,False,115.38,0.477,0.328,52.31,6,83.33,False,"{""sampler"":""TPESampler"",""seed"":42,""n_trials"":50,""direction"":""maximize"",""objective"":""composite = Sharpe * (Return% / MaxDD%)""}","{""doji_tol"":0.13,""wick_body_ratio"":2.9000000000000004,""allowshort"":false}",2014-01-01,2024-12-31,2025-01-01,2026-04-20,2014-01-01,2026-04-20,25.0,6.0,5.0,1.0,83.33,283955.08,-265984.0,207.5,,52.31,972823.5,-265984.0,115.38,0.48,0.33,0.0115,0.01,10.0,1.0,0.0,1.0,0.0,0.0,-167552.0,318.0,,26.11,-167552.0,-167552.0,-16.76,-0.44,-0.5,0.0129,-0.02,35.0,7.0,5.0,2.0,71.43,283955.08,-314144.0,223.29,,52.31,972823.5,-362304.0,79.15,0.34,0.26,0.0117,0.01
LKOH,harami,1D,Bayesian_TPE,45,1.052,0.05,1.8,False,115.38,0.477,0.328,52.31,6,83.33,False,"{""sampler"":""TPESampler"",""seed"":42,""n_trials"":50,""direction"":""maximize"",""objective"":""composite = Sharpe * (Return% / MaxDD%)""}","{""doji_tol"":0.05,""wick_body_ratio"":1.8,""allowshort"":false}",2014-01-01,2024-12-31,2025-01-01,2026-04-20,2014-01-01,2026-04-20,25.0,6.0,5.0,1.0,83.33,283955.08,-265984.0,207.5,,52.31,972823.5,-265984.0,115.38,0.48,0.33,0.0115,0.01,10.0,1.0,0.0,1.0,0.0,0.0,-167552.0,318.0,,26.11,-167552.0,-167552.0,-16.76,-0.44,-0.5,0.0129,-0.02,35.0,7.0,5.0,2.0,71.43,283955.08,-314144.0,223.29,,52.31,972823.5,-362304.0,79.15,0.34,0.26,0.0117,0.01
LKOH,harami,1D,Bayesian_TPE,46,1.052,0.19,2.8,False,115.38,0.477,0.328,52.31,6,83.33,False,"{""sampler"":""TPESampler"",""seed"":42,""n_trials"":50,""direction"":""maximize"",""objective"":""composite = Sharpe * (Return% / MaxDD%)""}","{""doji_tol"":0.19,""wick_body_ratio"":2.8,""allowshort"":false}",2014-01-01,2024-12-31,2025-01-01,2026-04-20,2014-01-01,2026-04-20,25.0,6.0,5.0,1.0,83.33,283955.08,-265984.0,207.5,,52.31,972823.5,-265984.0,115.38,0.48,0.33,0.0115,0.01,10.0,1.0,0.0,1.0,0.0,0.0,-167552.0,318.0,,26.11,-167552.0,-167552.0,-16.76,-0.44,-0.5,0.0129,-0.02,35.0,7.0,5.0,2.0,71.43,283955.08,-314144.0,223.29,,52.31,972823.5,-362304.0,79.15,0.34,0.26,0.0117,0.01
LKOH,harami,1D,Bayesian_TPE,47,1.052,0.09,3.1,False,115.38,0.477,0.328,52.31,6,83.33,False,"{""sampler"":""TPESampler"",""seed"":42,""n_trials"":50,""direction"":""maximize"",""objective"":""composite = Sharpe * (Return% / MaxDD%)""}","{""doji_tol"":0.09,""wick_body_ratio"":3.1,""allowshort"":false}",2014-01-01,2024-12-31,2025-01-01,2026-04-20,2014-01-01,2026-04-20,25.0,6.0,5.0,1.0,83.33,283955.08,-265984.0,207.5,,52.31,972823.5,-265984.0,115.38,0.48,0.33,0.0115,0.01,10.0,1.0,0.0,1.0,0.0,0.0,-167552.0,318.0,,26.11,-167552.0,-167552.0,-16.76,-0.44,-0.5,0.0129,-0.02,35.0,7.0,5.0,2.0,71.43,283955.08,-314144.0,223.29,,52.31,972823.5,-362304.0,79.15,0.34,0.26,0.0117,0.01
LKOH,harami,1D,Bayesian_TPE,48,1.052,0.11,3.0,False,115.38,0.477,0.328,52.31,6,83.33,False,"{""sampler"":""TPESampler"",""seed"":42,""n_trials"":50,""direction"":""maximize"",""objective"":""composite = Sharpe * (Return% / MaxDD%)""}","{""doji_tol"":0.11,""wick_body_ratio"":3.0,""allowshort"":false}",2014-01-01,2024-12-31,2025-01-01,2026-04-20,2014-01-01,2026-04-20,25.0,6.0,5.0,1.0,83.33,283955.08,-265984.0,207.5,,52.31,972823.5,-265984.0,115.38,0.48,0.33,0.0115,0.01,10.0,1.0,0.0,1.0,0.0,0.0,-167552.0,318.0,,26.11,-167552.0,-167552.0,-16.76,-0.44,-0.5,0.0129,-0.02,35.0,7.0,5.0,2.0,71.43,283955.08,-314144.0,223.29,,52.31,972823.5,-362304.0,79.15,0.34,0.26,0.0117,0.01
LKOH,harami,1D,Bayesian_TPE,49,0.001,0.15,1.6,True,0.43,0.172,0.227,63.65,12,58.33,True,"{""sampler"":""TPESampler"",""seed"":42,""n_trials"":50,""direction"":""maximize"",""objective"":""composite = Sharpe * (Return% / MaxDD%)""}","{""doji_tol"":0.15,""wick_body_ratio"":1.6,""allowshort"":true}",2014-01-01,2024-12-31,2025-01-01,2026-04-20,2014-01-01,2026-04-20,25.0,12.0,7.0,5.0,58.33,111508.34,-155259.32,317.83,,63.65,452019.0,-366713.1,0.43,0.17,0.23,0.0215,0.01,10.0,1.0,0.0,1.0,0.0,0.0,-167552.0,318.0,,26.11,-167552.0,-167552.0,-16.76,-0.44,-0.5,0.0129,-0.02,35.0,13.0,7.0,6.0,53.85,126924.91,-160572.1,329.92,,63.65,452019.0,-366713.1,-7.5,0.15,0.19,0.0207,0.0
AFKS,harami,1D,Bayesian_TPE,0,0.145,0.09,3.4000000000000004,True,41.25,0.308,0.406,87.48,9,77.78,True,"{""sampler"":""TPESampler"",""seed"":42,""n_trials"":50,""direction"":""maximize"",""objective"":""composite = Sharpe * (Return% / MaxDD%)""}","{""doji_tol"":0.09,""wick_body_ratio"":3.4000000000000004,""allowshort"":true}",2014-01-01,2024-12-31,2025-01-01,2026-04-20,2014-01-01,2026-04-20,20.0,9.0,7.0,2.0,77.78,187024.66,-448319.65,444.11,,87.48,694877.76,-620754.7969999999,41.25,0.31,0.41,0.0348,0.01,6.0,1.0,0.0,1.0,0.0,0.0,-185170.17,339.0,,29.57,-185170.17,-185170.17,-18.52,-0.39,-0.48,0.0154,-0.02,26.0,10.0,7.0,3.0,70.0,190898.13,-387739.59,447.2,,87.48,694877.76,-620754.7969999999,17.31,0.26,0.35,0.0331,0.01
AFKS,harami,1D,Bayesian_TPE,1,-0.049,0.05,1.8,False,-23.86,0.18,0.214,87.48,4,50.0,False,"{""sampler"":""TPESampler"",""seed"":42,""n_trials"":50,""direction"":""maximize"",""objective"":""composite = Sharpe * (Return% / MaxDD%)""}","{""doji_tol"":0.05,""wick_body_ratio"":1.8,""allowshort"":false}",2014-01-01,2024-12-31,2025-01-01,2026-04-20,2014-01-01,2026-04-20,20.0,4.0,2.0,2.0,50.0,285052.06,-404373.09,785.5,,87.48,454561.28,-568992.184,-23.86,0.18,0.21,0.0322,0.01,6.0,1.0,0.0,1.0,0.0,0.0,-185170.17,339.0,,29.57,-185170.17,-185170.17,-18.52,-0.39,-0.48,0.0154,-0.02,26.0,5.0,2.0,3.0,40.0,285052.06,-316575.34,696.2,,87.48,454561.28,-568992.184,-37.96,0.14,0.17,0.0306,0.0
AFKS,harami,1D,Bayesian_TPE,2,-0.049,0.13,2.9000000000000004,False,-23.86,0.18,0.214,87.48,4,50.0,False,"{""sampler"":""TPESampler"",""seed"":42,""n_trials"":50,""direction"":""maximize"",""objective"":""composite = Sharpe * (Return% / MaxDD%)""}","{""doji_tol"":0.13,""wick_body_ratio"":2.9000000000000004,""allowshort"":false}",2014-01-01,2024-12-31,2025-01-01,2026-04-20,2014-01-01,2026-04-20,20.0,4.0,2.0,2.0,50.0,285052.06,-404373.09,785.5,,87.48,454561.28,-568992.184,-23.86,0.18,0.21,0.0322,0.01,6.0,1.0,0.0,1.0,0.0,0.0,-185170.17,339.0,,29.57,-185170.17,-185170.17,-18.52,-0.39,-0.48,0.0154,-0.02,26.0,5.0,2.0,3.0,40.0,285052.06,-316575.34,696.2,,87.48,454561.28,-568992.184,-37.96,0.14,0.17,0.0306,0.0
AFKS,harami,1D,Bayesian_TPE,3,-0.049,0.17,1.9,False,-23.86,0.18,0.214,87.48,4,50.0,False,"{""sampler"":""TPESampler"",""seed"":42,""n_trials"":50,""direction"":""maximize"",""objective"":""composite = Sharpe * (Return% / MaxDD%)""}","{""doji_tol"":0.17,""wick_body_ratio"":1.9,""allowshort"":false}",2014-01-01,2024-12-31,2025-01-01,2026-04-20,2014-01-01,2026-04-20,20.0,4.0,2.0,2.0,50.0,285052.06,-404373.09,785.5,,87.48,454561.28,-568992.184,-23.86,0.18,0.21,0.0322,0.01,6.0,1.0,0.0,1.0,0.0,0.0,-185170.17,339.0,,29.57,-185170.17,-185170.17,-18.52,-0.39,-0.48,0.0154,-0.02,26.0,5.0,2.0,3.0,40.0,285052.06,-316575.34,696.2,,87.48,454561.28,-568992.184,-37.96,0.14,0.17,0.0306,0.0
AFKS,harami,1D,Bayesian_TPE,4,0.145,0.08,2.6,True,41.25,0.308,0.406,87.48,9,77.78,True,"{""sampler"":""TPESampler"",""seed"":42,""n_trials"":50,""direction"":""maximize"",""objective"":""composite = Sharpe * (Return% / MaxDD%)""}","{""doji_tol"":0.08,""wick_body_ratio"":2.6,""allowshort"":true}",2014-01-01,2024-12-31,2025-01-01,2026-04-20,2014-01-01,2026-04-20,20.0,9.0,7.0,2.0,77.78,187024.66,-448319.65,444.11,,87.48,694877.76,-620754.7969999999,41.25,0.31,0.41,0.0348,0.01,6.0,1.0,0.0,1.0,0.0,0.0,-185170.17,339.0,,29.57,-185170.17,-185170.17,-18.52,-0.39,-0.48,0.0154,-0.02,26.0,10.0,7.0,3.0,70.0,190898.13,-387739.59,447.2,,87.48,694877.76,-620754.7969999999,17.31,0.26,0.35,0.0331,0.01
AFKS,harami,1D,Bayesian_TPE,5,-0.049,0.14,1.7,False,-23.86,0.18,0.214,87.48,4,50.0,False,"{""sampler"":""TPESampler"",""seed"":42,""n_trials"":50,""direction"":""maximize"",""objective"":""composite = Sharpe * (Return% / MaxDD%)""}","{""doji_tol"":0.14,""wick_body_ratio"":1.7,""allowshort"":false}",2014-01-01,2024-12-31,2025-01-01,2026-04-20,2014-01-01,2026-04-20,20.0,4.0,2.0,2.0,50.0,285052.06,-404373.09,785.5,,87.48,454561.28,-568992.184,-23.86,0.18,0.21,0.0322,0.01,6.0,1.0,0.0,1.0,0.0,0.0,-185170.17,339.0,,29.57,-185170.17,-185170.17,-18.52,-0.39,-0.48,0.0154,-0.02,26.0,5.0,2.0,3.0,40.0,285052.06,-316575.34,696.2,,87.48,454561.28,-568992.184,-37.96,0.14,0.17,0.0306,0.0
AFKS,harami,1D,Bayesian_TPE,6,-0.049,0.11,3.1,False,-23.86,0.18,0.214,87.48,4,50.0,False,"{""sampler"":""TPESampler"",""seed"":42,""n_trials"":50,""direction"":""maximize"",""objective"":""composite = Sharpe * (Return% / MaxDD%)""}","{""doji_tol"":0.11,""wick_body_ratio"":3.1,""allowshort"":false}",2014-01-01,2024-12-31,2025-01-01,2026-04-20,2014-01-01,2026-04-20,20.0,4.0,2.0,2.0,50.0,285052.06,-404373.09,785.5,,87.48,454561.28,-568992.184,-23.86,0.18,0.21,0.0322,0.01,6.0,1.0,0.0,1.0,0.0,0.0,-185170.17,339.0,,29.57,-185170.17,-185170.17,-18.52,-0.39,-0.48,0.0154,-0.02,26.0,5.0,2.0,3.0,40.0,285052.06,-316575.34,696.2,,87.48,454561.28,-568992.184,-37.96,0.14,0.17,0.0306,0.0
AFKS,harami,1D,Bayesian_TPE,7,0.145,0.13,1.5,True,41.25,0.308,0.406,87.48,9,77.78,True,"{""sampler"":""TPESampler"",""seed"":42,""n_trials"":50,""direction"":""maximize"",""objective"":""composite = Sharpe * (Return% / MaxDD%)""}","{""doji_tol"":0.13,""wick_body_ratio"":1.5,""allowshort"":true}",2014-01-01,2024-12-31,2025-01-01,2026-04-20,2014-01-01,2026-04-20,20.0,9.0,7.0,2.0,77.78,187024.66,-448319.65,444.11,,87.48,694877.76,-620754.7969999999,41.25,0.31,0.41,0.0348,0.01,6.0,1.0,0.0,1.0,0.0,0.0,-185170.17,339.0,,29.57,-185170.17,-185170.17,-18.52,-0.39,-0.48,0.0154,-0.02,26.0,10.0,7.0,3.0,70.0,190898.13,-387739.59,447.2,,87.48,694877.76,-620754.7969999999,17.31,0.26,0.35,0.0331,0.01
AFKS,harami,1D,Bayesian_TPE,8,0.145,0.04,3.4000000000000004,True,41.25,0.308,0.406,87.48,9,77.78,True,"{""sampler"":""TPESampler"",""seed"":42,""n_trials"":50,""direction"":""maximize"",""objective"":""composite = Sharpe * (Return% / MaxDD%)""}","{""doji_tol"":0.04,""wick_body_ratio"":3.4000000000000004,""allowshort"":true}",2014-01-01,2024-12-31,2025-01-01,2026-04-20,2014-01-01,2026-04-20,20.0,9.0,7.0,2.0,77.78,187024.66,-448319.65,444.11,,87.48,694877.76,-620754.7969999999,41.25,0.31,0.41,0.0348,0.01,6.0,1.0,0.0,1.0,0.0,0.0,-185170.17,339.0,,29.57,-185170.17,-185170.17,-18.52,-0.39,-0.48,0.0154,-0.02,26.0,10.0,7.0,3.0,70.0,190898.13,-387739.59,447.2,,87.48,694877.76,-620754.7969999999,17.31,0.26,0.35,0.0331,0.01
AFKS,harami,1D,Bayesian_TPE,9,0.145,0.08,1.7,True,41.25,0.308,0.406,87.48,9,77.78,True,"{""sampler"":""TPESampler"",""seed"":42,""n_trials"":50,""direction"":""maximize"",""objective"":""composite = Sharpe * (Return% / MaxDD%)""}","{""doji_tol"":0.08,""wick_body_ratio"":1.7,""allowshort"":true}",2014-01-01,2024-12-31,2025-01-01,2026-04-20,2014-01-01,2026-04-20,20.0,9.0,7.0,2.0,77.78,187024.66,-448319.65,444.11,,87.48,694877.76,-620754.7969999999,41.25,0.31,0.41,0.0348,0.01,6.0,1.0,0.0,1.0,0.0,0.0,-185170.17,339.0,,29.57,-185170.17,-185170.17,-18.52,-0.39,-0.48,0.0154,-0.02,26.0,10.0,7.0,3.0,70.0,190898.13,-387739.59,447.2,,87.48,694877.76,-620754.7969999999,17.31,0.26,0.35,0.0331,0.01
AFKS,harami,1D,Bayesian_TPE,10,0.145,0.2,2.4,True,41.25,0.308,0.406,87.48,9,77.78,True,"{""sampler"":""TPESampler"",""seed"":42,""n_trials"":50,""direction"":""maximize"",""objective"":""composite = Sharpe * (Return% / MaxDD%)""}","{""doji_tol"":0.2,""wick_body_ratio"":2.4,""allowshort"":true}",2014-01-01,2024-12-31,2025-01-01,2026-04-20,2014-01-01,2026-04-20,20.0,9.0,7.0,2.0,77.78,187024.66,-448319.65,444.11,,87.48,694877.76,-620754.7969999999,41.25,0.31,0.41,0.0348,0.01,6.0,1.0,0.0,1.0,0.0,0.0,-185170.17,339.0,,29.57,-185170.17,-185170.17,-18.52,-0.39,-0.48,0.0154,-0.02,26.0,10.0,7.0,3.0,70.0,190898.13,-387739.59,447.2,,87.48,694877.76,-620754.7969999999,17.31,0.26,0.35,0.0331,0.01
AFKS,harami,1D,Bayesian_TPE,11,0.145,0.09,2.4,True,41.25,0.308,0.406,87.48,9,77.78,True,"{""sampler"":""TPESampler"",""seed"":42,""n_trials"":50,""direction"":""maximize"",""objective"":""composite = Sharpe * (Return% / MaxDD%)""}","{""doji_tol"":0.09,""wick_body_ratio"":2.4,""allowshort"":true}",2014-01-01,2024-12-31,2025-01-01,2026-04-20,2014-01-01,2026-04-20,20.0,9.0,7.0,2.0,77.78,187024.66,-448319.65,444.11,,87.48,694877.76,-620754.7969999999,41.25,0.31,0.41,0.0348,0.01,6.0,1.0,0.0,1.0,0.0,0.0,-185170.17,339.0,,29.57,-185170.17,-185170.17,-18.52,-0.39,-0.48,0.0154,-0.02,26.0,10.0,7.0,3.0,70.0,190898.13,-387739.59,447.2,,87.48,694877.76,-620754.7969999999,17.31,0.26,0.35,0.0331,0.01
AFKS,harami,1D,Bayesian_TPE,12,0.145,0.07,3.5,True,41.25,0.308,0.406,87.48,9,77.78,True,"{""sampler"":""TPESampler"",""seed"":42,""n_trials"":50,""direction"":""maximize"",""objective"":""composite = Sharpe * (Return% / MaxDD%)""}","{""doji_tol"":0.07,""wick_body_ratio"":3.5,""allowshort"":true}",2014-01-01,2024-12-31,2025-01-01,2026-04-20,2014-01-01,2026-04-20,20.0,9.0,7.0,2.0,77.78,187024.66,-448319.65,444.11,,87.48,694877.76,-620754.7969999999,41.25,0.31,0.41,0.0348,0.01,6.0,1.0,0.0,1.0,0.0,0.0,-185170.17,339.0,,29.57,-185170.17,-185170.17,-18.52,-0.39,-0.48,0.0154,-0.02,26.0,10.0,7.0,3.0,70.0,190898.13,-387739.59,447.2,,87.48,694877.76,-620754.7969999999,17.31,0.26,0.35,0.0331,0.01
AFKS,harami,1D,Bayesian_TPE,13,0.145,0.1,2.8,True,41.25,0.308,0.406,87.48,9,77.78,True,"{""sampler"":""TPESampler"",""seed"":42,""n_trials"":50,""direction"":""maximize"",""objective"":""composite = Sharpe * (Return% / MaxDD%)""}","{""doji_tol"":0.1,""wick_body_ratio"":2.8,""allowshort"":true}",2014-01-01,2024-12-31,2025-01-01,2026-04-20,2014-01-01,2026-04-20,20.0,9.0,7.0,2.0,77.78,187024.66,-448319.65,444.11,,87.48,694877.76,-620754.7969999999,41.25,0.31,0.41,0.0348,0.01,6.0,1.0,0.0,1.0,0.0,0.0,-185170.17,339.0,,29.57,-185170.17,-185170.17,-18.52,-0.39,-0.48,0.0154,-0.02,26.0,10.0,7.0,3.0,70.0,190898.13,-387739.59,447.2,,87.48,694877.76,-620754.7969999999,17.31,0.26,0.35,0.0331,0.01
AFKS,harami,1D,Bayesian_TPE,14,0.145,0.06,2.2,True,41.25,0.308,0.406,87.48,9,77.78,True,"{""sampler"":""TPESampler"",""seed"":42,""n_trials"":50,""direction"":""maximize"",""objective"":""composite = Sharpe * (Return% / MaxDD%)""}","{""doji_tol"":0.06,""wick_body_ratio"":2.2,""allowshort"":true}",2014-01-01,2024-12-31,2025-01-01,2026-04-20,2014-01-01,2026-04-20,20.0,9.0,7.0,2.0,77.78,187024.66,-448319.65,444.11,,87.48,694877.76,-620754.7969999999,41.25,0.31,0.41,0.0348,0.01,6.0,1.0,0.0,1.0,0.0,0.0,-185170.17,339.0,,29.57,-185170.17,-185170.17,-18.52,-0.39,-0.48,0.0154,-0.02,26.0,10.0,7.0,3.0,70.0,190898.13,-387739.59,447.2,,87.48,694877.76,-620754.7969999999,17.31,0.26,0.35,0.0331,0.01
AFKS,harami,1D,Bayesian_TPE,15,0.145,0.03,3.2,True,41.25,0.308,0.406,87.48,9,77.78,True,"{""sampler"":""TPESampler"",""seed"":42,""n_trials"":50,""direction"":""maximize"",""objective"":""composite = Sharpe * (Return% / MaxDD%)""}","{""doji_tol"":0.03,""wick_body_ratio"":3.2,""allowshort"":true}",2014-01-01,2024-12-31,2025-01-01,2026-04-20,2014-01-01,2026-04-20,20.0,9.0,7.0,2.0,77.78,187024.66,-448319.65,444.11,,87.48,694877.76,-620754.7969999999,41.25,0.31,0.41,0.0348,0.01,6.0,1.0,0.0,1.0,0.0,0.0,-185170.17,339.0,,29.57,-185170.17,-185170.17,-18.52,-0.39,-0.48,0.0154,-0.02,26.0,10.0,7.0,3.0,70.0,190898.13,-387739.59,447.2,,87.48,694877.76,-620754.7969999999,17.31,0.26,0.35,0.0331,0.01
AFKS,harami,1D,Bayesian_TPE,16,0.145,0.08,2.7,True,41.25,0.308,0.406,87.48,9,77.78,True,"{""sampler"":""TPESampler"",""seed"":42,""n_trials"":50,""direction"":""maximize"",""objective"":""composite = Sharpe * (Return% / MaxDD%)""}","{""doji_tol"":0.08,""wick_body_ratio"":2.7,""allowshort"":true}",2014-01-01,2024-12-31,2025-01-01,2026-04-20,2014-01-01,2026-04-20,20.0,9.0,7.0,2.0,77.78,187024.66,-448319.65,444.11,,87.48,694877.76,-620754.7969999999,41.25,0.31,0.41,0.0348,0.01,6.0,1.0,0.0,1.0,0.0,0.0,-185170.17,339.0,,29.57,-185170.17,-185170.17,-18.52,-0.39,-0.48,0.0154,-0.02,26.0,10.0,7.0,3.0,70.0,190898.13,-387739.59,447.2,,87.48,694877.76,-620754.7969999999,17.31,0.26,0.35,0.0331,0.01
AFKS,harami,1D,Bayesian_TPE,17,0.145,0.16,3.1,True,41.25,0.308,0.406,87.48,9,77.78,True,"{""sampler"":""TPESampler"",""seed"":42,""n_trials"":50,""direction"":""maximize"",""objective"":""composite = Sharpe * (Return% / MaxDD%)""}","{""doji_tol"":0.16,""wick_body_ratio"":3.1,""allowshort"":true}",2014-01-01,2024-12-31,2025-01-01,2026-04-20,2014-01-01,2026-04-20,20.0,9.0,7.0,2.0,77.78,187024.66,-448319.65,444.11,,87.48,694877.76,-620754.7969999999,41.25,0.31,0.41,0.0348,0.01,6.0,1.0,0.0,1.0,0.0,0.0,-185170.17,339.0,,29.57,-185170.17,-185170.17,-18.52,-0.39,-0.48,0.0154,-0.02,26.0,10.0,7.0,3.0,70.0,190898.13,-387739.59,447.2,,87.48,694877.76,-620754.7969999999,17.31,0.26,0.35,0.0331,0.01
AFKS,harami,1D,Bayesian_TPE,18,0.145,0.11,2.1,True,41.25,0.308,0.406,87.48,9,77.78,True,"{""sampler"":""TPESampler"",""seed"":42,""n_trials"":50,""direction"":""maximize"",""objective"":""composite = Sharpe * (Return% / MaxDD%)""}","{""doji_tol"":0.11,""wick_body_ratio"":2.1,""allowshort"":true}",2014-01-01,2024-12-31,2025-01-01,2026-04-20,2014-01-01,2026-04-20,20.0,9.0,7.0,2.0,77.78,187024.66,-448319.65,444.11,,87.48,694877.76,-620754.7969999999,41.25,0.31,0.41,0.0348,0.01,6.0,1.0,0.0,1.0,0.0,0.0,-185170.17,339.0,,29.57,-185170.17,-185170.17,-18.52,-0.39,-0.48,0.0154,-0.02,26.0,10.0,7.0,3.0,70.0,190898.13,-387739.59,447.2,,87.48,694877.76,-620754.7969999999,17.31,0.26,0.35,0.0331,0.01
AFKS,harami,1D,Bayesian_TPE,19,0.145,0.06,2.7,True,41.25,0.308,0.406,87.48,9,77.78,True,"{""sampler"":""TPESampler"",""seed"":42,""n_trials"":50,""direction"":""maximize"",""objective"":""composite = Sharpe * (Return% / MaxDD%)""}","{""doji_tol"":0.06,""wick_body_ratio"":2.7,""allowshort"":true}",2014-01-01,2024-12-31,2025-01-01,2026-04-20,2014-01-01,2026-04-20,20.0,9.0,7.0,2.0,77.78,187024.66,-448319.65,444.11,,87.48,694877.76,-620754.7969999999,41.25,0.31,0.41,0.0348,0.01,6.0,1.0,0.0,1.0,0.0,0.0,-185170.17,339.0,,29.57,-185170.17,-185170.17,-18.52,-0.39,-0.48,0.0154,-0.02,26.0,10.0,7.0,3.0,70.0,190898.13,-387739.59,447.2,,87.48,694877.76,-620754.7969999999,17.31,0.26,0.35,0.0331,0.01
AFKS,harami,1D,Bayesian_TPE,20,0.145,0.1,2.5,True,41.25,0.308,0.406,87.48,9,77.78,True,"{""sampler"":""TPESampler"",""seed"":42,""n_trials"":50,""direction"":""maximize"",""objective"":""composite = Sharpe * (Return% / MaxDD%)""}","{""doji_tol"":0.1,""wick_body_ratio"":2.5,""allowshort"":true}",2014-01-01,2024-12-31,2025-01-01,2026-04-20,2014-01-01,2026-04-20,20.0,9.0,7.0,2.0,77.78,187024.66,-448319.65,444.11,,87.48,694877.76,-620754.7969999999,41.25,0.31,0.41,0.0348,0.01,6.0,1.0,0.0,1.0,0.0,0.0,-185170.17,339.0,,29.57,-185170.17,-185170.17,-18.52,-0.39,-0.48,0.0154,-0.02,26.0,10.0,7.0,3.0,70.0,190898.13,-387739.59,447.2,,87.48,694877.76,-620754.7969999999,17.31,0.26,0.35,0.0331,0.01
AFKS,harami,1D,Bayesian_TPE,21,0.145,0.13,2.1,True,41.25,0.308,0.406,87.48,9,77.78,True,"{""sampler"":""TPESampler"",""seed"":42,""n_trials"":50,""direction"":""maximize"",""objective"":""composite = Sharpe * (Return% / MaxDD%)""}","{""doji_tol"":0.13,""wick_body_ratio"":2.1,""allowshort"":true}",2014-01-01,2024-12-31,2025-01-01,2026-04-20,2014-01-01,2026-04-20,20.0,9.0,7.0,2.0,77.78,187024.66,-448319.65,444.11,,87.48,694877.76,-620754.7969999999,41.25,0.31,0.41,0.0348,0.01,6.0,1.0,0.0,1.0,0.0,0.0,-185170.17,339.0,,29.57,-185170.17,-185170.17,-18.52,-0.39,-0.48,0.0154,-0.02,26.0,10.0,7.0,3.0,70.0,190898.13,-387739.59,447.2,,87.48,694877.76,-620754.7969999999,17.31,0.26,0.35,0.0331,0.01
AFKS,harami,1D,Bayesian_TPE,22,0.145,0.15,1.5,True,41.25,0.308,0.406,87.48,9,77.78,True,"{""sampler"":""TPESampler"",""seed"":42,""n_trials"":50,""direction"":""maximize"",""objective"":""composite = Sharpe * (Return% / MaxDD%)""}","{""doji_tol"":0.15,""wick_body_ratio"":1.5,""allowshort"":true}",2014-01-01,2024-12-31,2025-01-01,2026-04-20,2014-01-01,2026-04-20,20.0,9.0,7.0,2.0,77.78,187024.66,-448319.65,444.11,,87.48,694877.76,-620754.7969999999,41.25,0.31,0.41,0.0348,0.01,6.0,1.0,0.0,1.0,0.0,0.0,-185170.17,339.0,,29.57,-185170.17,-185170.17,-18.52,-0.39,-0.48,0.0154,-0.02,26.0,10.0,7.0,3.0,70.0,190898.13,-387739.59,447.2,,87.48,694877.76,-620754.7969999999,17.31,0.26,0.35,0.0331,0.01
AFKS,harami,1D,Bayesian_TPE,23,0.145,0.12,2.9000000000000004,True,41.25,0.308,0.406,87.48,9,77.78,True,"{""sampler"":""TPESampler"",""seed"":42,""n_trials"":50,""direction"":""maximize"",""objective"":""composite = Sharpe * (Return% / MaxDD%)""}","{""doji_tol"":0.12,""wick_body_ratio"":2.9000000000000004,""allowshort"":true}",2014-01-01,2024-12-31,2025-01-01,2026-04-20,2014-01-01,2026-04-20,20.0,9.0,7.0,2.0,77.78,187024.66,-448319.65,444.11,,87.48,694877.76,-620754.7969999999,41.25,0.31,0.41,0.0348,0.01,6.0,1.0,0.0,1.0,0.0,0.0,-185170.17,339.0,,29.57,-185170.17,-185170.17,-18.52,-0.39,-0.48,0.0154,-0.02,26.0,10.0,7.0,3.0,70.0,190898.13,-387739.59,447.2,,87.48,694877.76,-620754.7969999999,17.31,0.26,0.35,0.0331,0.01
AFKS,harami,1D,Bayesian_TPE,24,0.145,0.18,3.3,True,41.25,0.308,0.406,87.48,9,77.78,True,"{""sampler"":""TPESampler"",""seed"":42,""n_trials"":50,""direction"":""maximize"",""objective"":""composite = Sharpe * (Return% / MaxDD%)""}","{""doji_tol"":0.18,""wick_body_ratio"":3.3,""allowshort"":true}",2014-01-01,2024-12-31,2025-01-01,2026-04-20,2014-01-01,2026-04-20,20.0,9.0,7.0,2.0,77.78,187024.66,-448319.65,444.11,,87.48,694877.76,-620754.7969999999,41.25,0.31,0.41,0.0348,0.01,6.0,1.0,0.0,1.0,0.0,0.0,-185170.17,339.0,,29.57,-185170.17,-185170.17,-18.52,-0.39,-0.48,0.0154,-0.02,26.0,10.0,7.0,3.0,70.0,190898.13,-387739.59,447.2,,87.48,694877.76,-620754.7969999999,17.31,0.26,0.35,0.0331,0.01
AFKS,harami,1D,Bayesian_TPE,25,0.145,0.09,1.5,True,41.25,0.308,0.406,87.48,9,77.78,True,"{""sampler"":""TPESampler"",""seed"":42,""n_trials"":50,""direction"":""maximize"",""objective"":""composite = Sharpe * (Return% / MaxDD%)""}","{""doji_tol"":0.09,""wick_body_ratio"":1.5,""allowshort"":true}",2014-01-01,2024-12-31,2025-01-01,2026-04-20,2014-01-01,2026-04-20,20.0,9.0,7.0,2.0,77.78,187024.66,-448319.65,444.11,,87.48,694877.76,-620754.7969999999,41.25,0.31,0.41,0.0348,0.01,6.0,1.0,0.0,1.0,0.0,0.0,-185170.17,339.0,,29.57,-185170.17,-185170.17,-18.52,-0.39,-0.48,0.0154,-0.02,26.0,10.0,7.0,3.0,70.0,190898.13,-387739.59,447.2,,87.48,694877.76,-620754.7969999999,17.31,0.26,0.35,0.0331,0.01
AFKS,harami,1D,Bayesian_TPE,26,-0.049,0.12,2.3,False,-23.86,0.18,0.214,87.48,4,50.0,False,"{""sampler"":""TPESampler"",""seed"":42,""n_trials"":50,""direction"":""maximize"",""objective"":""composite = Sharpe * (Return% / MaxDD%)""}","{""doji_tol"":0.12,""wick_body_ratio"":2.3,""allowshort"":false}",2014-01-01,2024-12-31,2025-01-01,2026-04-20,2014-01-01,2026-04-20,20.0,4.0,2.0,2.0,50.0,285052.06,-404373.09,785.5,,87.48,454561.28,-568992.184,-23.86,0.18,0.21,0.0322,0.01,6.0,1.0,0.0,1.0,0.0,0.0,-185170.17,339.0,,29.57,-185170.17,-185170.17,-18.52,-0.39,-0.48,0.0154,-0.02,26.0,5.0,2.0,3.0,40.0,285052.06,-316575.34,696.2,,87.48,454561.28,-568992.184,-37.96,0.14,0.17,0.0306,0.0
AFKS,harami,1D,Bayesian_TPE,27,0.145,0.08,2.6,True,41.25,0.308,0.406,87.48,9,77.78,True,"{""sampler"":""TPESampler"",""seed"":42,""n_trials"":50,""direction"":""maximize"",""objective"":""composite = Sharpe * (Return% / MaxDD%)""}","{""doji_tol"":0.08,""wick_body_ratio"":2.6,""allowshort"":true}",2014-01-01,2024-12-31,2025-01-01,2026-04-20,2014-01-01,2026-04-20,20.0,9.0,7.0,2.0,77.78,187024.66,-448319.65,444.11,,87.48,694877.76,-620754.7969999999,41.25,0.31,0.41,0.0348,0.01,6.0,1.0,0.0,1.0,0.0,0.0,-185170.17,339.0,,29.57,-185170.17,-185170.17,-18.52,-0.39,-0.48,0.0154,-0.02,26.0,10.0,7.0,3.0,70.0,190898.13,-387739.59,447.2,,87.48,694877.76,-620754.7969999999,17.31,0.26,0.35,0.0331,0.01
AFKS,harami,1D,Bayesian_TPE,28,0.145,0.14,2.0,True,41.25,0.308,0.406,87.48,9,77.78,True,"{""sampler"":""TPESampler"",""seed"":42,""n_trials"":50,""direction"":""maximize"",""objective"":""composite = Sharpe * (Return% / MaxDD%)""}","{""doji_tol"":0.14,""wick_body_ratio"":2.0,""allowshort"":true}",2014-01-01,2024-12-31,2025-01-01,2026-04-20,2014-01-01,2026-04-20,20.0,9.0,7.0,2.0,77.78,187024.66,-448319.65,444.11,,87.48,694877.76,-620754.7969999999,41.25,0.31,0.41,0.0348,0.01,6.0,1.0,0.0,1.0,0.0,0.0,-185170.17,339.0,,29.57,-185170.17,-185170.17,-18.52,-0.39,-0.48,0.0154,-0.02,26.0,10.0,7.0,3.0,70.0,190898.13,-387739.59,447.2,,87.48,694877.76,-620754.7969999999,17.31,0.26,0.35,0.0331,0.01
AFKS,harami,1D,Bayesian_TPE,29,-0.049,0.05,3.0,False,-23.86,0.18,0.214,87.48,4,50.0,False,"{""sampler"":""TPESampler"",""seed"":42,""n_trials"":50,""direction"":""maximize"",""objective"":""composite = Sharpe * (Return% / MaxDD%)""}","{""doji_tol"":0.05,""wick_body_ratio"":3.0,""allowshort"":false}",2014-01-01,2024-12-31,2025-01-01,2026-04-20,2014-01-01,2026-04-20,20.0,4.0,2.0,2.0,50.0,285052.06,-404373.09,785.5,,87.48,454561.28,-568992.184,-23.86,0.18,0.21,0.0322,0.01,6.0,1.0,0.0,1.0,0.0,0.0,-185170.17,339.0,,29.57,-185170.17,-185170.17,-18.52,-0.39,-0.48,0.0154,-0.02,26.0,5.0,2.0,3.0,40.0,285052.06,-316575.34,696.2,,87.48,454561.28,-568992.184,-37.96,0.14,0.17,0.0306,0.0
AFKS,harami,1D,Bayesian_TPE,30,0.145,0.1,3.5,True,41.25,0.308,0.406,87.48,9,77.78,True,"{""sampler"":""TPESampler"",""seed"":42,""n_trials"":50,""direction"":""maximize"",""objective"":""composite = Sharpe * (Return% / MaxDD%)""}","{""doji_tol"":0.1,""wick_body_ratio"":3.5,""allowshort"":true}",2014-01-01,2024-12-31,2025-01-01,2026-04-20,2014-01-01,2026-04-20,20.0,9.0,7.0,2.0,77.78,187024.66,-448319.65,444.11,,87.48,694877.76,-620754.7969999999,41.25,0.31,0.41,0.0348,0.01,6.0,1.0,0.0,1.0,0.0,0.0,-185170.17,339.0,,29.57,-185170.17,-185170.17,-18.52,-0.39,-0.48,0.0154,-0.02,26.0,10.0,7.0,3.0,70.0,190898.13,-387739.59,447.2,,87.48,694877.76,-620754.7969999999,17.31,0.26,0.35,0.0331,0.01
AFKS,harami,1D,Bayesian_TPE,31,0.145,0.03,3.3,True,41.25,0.308,0.406,87.48,9,77.78,True,"{""sampler"":""TPESampler"",""seed"":42,""n_trials"":50,""direction"":""maximize"",""objective"":""composite = Sharpe * (Return% / MaxDD%)""}","{""doji_tol"":0.03,""wick_body_ratio"":3.3,""allowshort"":true}",2014-01-01,2024-12-31,2025-01-01,2026-04-20,2014-01-01,2026-04-20,20.0,9.0,7.0,2.0,77.78,187024.66,-448319.65,444.11,,87.48,694877.76,-620754.7969999999,41.25,0.31,0.41,0.0348,0.01,6.0,1.0,0.0,1.0,0.0,0.0,-185170.17,339.0,,29.57,-185170.17,-185170.17,-18.52,-0.39,-0.48,0.0154,-0.02,26.0,10.0,7.0,3.0,70.0,190898.13,-387739.59,447.2,,87.48,694877.76,-620754.7969999999,17.31,0.26,0.35,0.0331,0.01
AFKS,harami,1D,Bayesian_TPE,32,0.145,0.05,3.4000000000000004,True,41.25,0.308,0.406,87.48,9,77.78,True,"{""sampler"":""TPESampler"",""seed"":42,""n_trials"":50,""direction"":""maximize"",""objective"":""composite = Sharpe * (Return% / MaxDD%)""}","{""doji_tol"":0.05,""wick_body_ratio"":3.4000000000000004,""allowshort"":true}",2014-01-01,2024-12-31,2025-01-01,2026-04-20,2014-01-01,2026-04-20,20.0,9.0,7.0,2.0,77.78,187024.66,-448319.65,444.11,,87.48,694877.76,-620754.7969999999,41.25,0.31,0.41,0.0348,0.01,6.0,1.0,0.0,1.0,0.0,0.0,-185170.17,339.0,,29.57,-185170.17,-185170.17,-18.52,-0.39,-0.48,0.0154,-0.02,26.0,10.0,7.0,3.0,70.0,190898.13,-387739.59,447.2,,87.48,694877.76,-620754.7969999999,17.31,0.26,0.35,0.0331,0.01
AFKS,harami,1D,Bayesian_TPE,33,0.145,0.04,3.3,True,41.25,0.308,0.406,87.48,9,77.78,True,"{""sampler"":""TPESampler"",""seed"":42,""n_trials"":50,""direction"":""maximize"",""objective"":""composite = Sharpe * (Return% / MaxDD%)""}","{""doji_tol"":0.04,""wick_body_ratio"":3.3,""allowshort"":true}",2014-01-01,2024-12-31,2025-01-01,2026-04-20,2014-01-01,2026-04-20,20.0,9.0,7.0,2.0,77.78,187024.66,-448319.65,444.11,,87.48,694877.76,-620754.7969999999,41.25,0.31,0.41,0.0348,0.01,6.0,1.0,0.0,1.0,0.0,0.0,-185170.17,339.0,,29.57,-185170.17,-185170.17,-18.52,-0.39,-0.48,0.0154,-0.02,26.0,10.0,7.0,3.0,70.0,190898.13,-387739.59,447.2,,87.48,694877.76,-620754.7969999999,17.31,0.26,0.35,0.0331,0.01
AFKS,harami,1D,Bayesian_TPE,34,-0.049,0.07,3.0,False,-23.86,0.18,0.214,87.48,4,50.0,False,"{""sampler"":""TPESampler"",""seed"":42,""n_trials"":50,""direction"":""maximize"",""objective"":""composite = Sharpe * (Return% / MaxDD%)""}","{""doji_tol"":0.07,""wick_body_ratio"":3.0,""allowshort"":false}",2014-01-01,2024-12-31,2025-01-01,2026-04-20,2014-01-01,2026-04-20,20.0,4.0,2.0,2.0,50.0,285052.06,-404373.09,785.5,,87.48,454561.28,-568992.184,-23.86,0.18,0.21,0.0322,0.01,6.0,1.0,0.0,1.0,0.0,0.0,-185170.17,339.0,,29.57,-185170.17,-185170.17,-18.52,-0.39,-0.48,0.0154,-0.02,26.0,5.0,2.0,3.0,40.0,285052.06,-316575.34,696.2,,87.48,454561.28,-568992.184,-37.96,0.14,0.17,0.0306,0.0
AFKS,harami,1D,Bayesian_TPE,35,-0.049,0.13,1.8,False,-23.86,0.18,0.214,87.48,4,50.0,False,"{""sampler"":""TPESampler"",""seed"":42,""n_trials"":50,""direction"":""maximize"",""objective"":""composite = Sharpe * (Return% / MaxDD%)""}","{""doji_tol"":0.13,""wick_body_ratio"":1.8,""allowshort"":false}",2014-01-01,2024-12-31,2025-01-01,2026-04-20,2014-01-01,2026-04-20,20.0,4.0,2.0,2.0,50.0,285052.06,-404373.09,785.5,,87.48,454561.28,-568992.184,-23.86,0.18,0.21,0.0322,0.01,6.0,1.0,0.0,1.0,0.0,0.0,-185170.17,339.0,,29.57,-185170.17,-185170.17,-18.52,-0.39,-0.48,0.0154,-0.02,26.0,5.0,2.0,3.0,40.0,285052.06,-316575.34,696.2,,87.48,454561.28,-568992.184,-37.96,0.14,0.17,0.0306,0.0
AFKS,harami,1D,Bayesian_TPE,36,0.145,0.06,3.2,True,41.25,0.308,0.406,87.48,9,77.78,True,"{""sampler"":""TPESampler"",""seed"":42,""n_trials"":50,""direction"":""maximize"",""objective"":""composite = Sharpe * (Return% / MaxDD%)""}","{""doji_tol"":0.06,""wick_body_ratio"":3.2,""allowshort"":true}",2014-01-01,2024-12-31,2025-01-01,2026-04-20,2014-01-01,2026-04-20,20.0,9.0,7.0,2.0,77.78,187024.66,-448319.65,444.11,,87.48,694877.76,-620754.7969999999,41.25,0.31,0.41,0.0348,0.01,6.0,1.0,0.0,1.0,0.0,0.0,-185170.17,339.0,,29.57,-185170.17,-185170.17,-18.52,-0.39,-0.48,0.0154,-0.02,26.0,10.0,7.0,3.0,70.0,190898.13,-387739.59,447.2,,87.48,694877.76,-620754.7969999999,17.31,0.26,0.35,0.0331,0.01
AFKS,harami,1D,Bayesian_TPE,37,0.145,0.09,3.5,True,41.25,0.308,0.406,87.48,9,77.78,True,"{""sampler"":""TPESampler"",""seed"":42,""n_trials"":50,""direction"":""maximize"",""objective"":""composite = Sharpe * (Return% / MaxDD%)""}","{""doji_tol"":0.09,""wick_body_ratio"":3.5,""allowshort"":true}",2014-01-01,2024-12-31,2025-01-01,2026-04-20,2014-01-01,2026-04-20,20.0,9.0,7.0,2.0,77.78,187024.66,-448319.65,444.11,,87.48,694877.76,-620754.7969999999,41.25,0.31,0.41,0.0348,0.01,6.0,1.0,0.0,1.0,0.0,0.0,-185170.17,339.0,,29.57,-185170.17,-185170.17,-18.52,-0.39,-0.48,0.0154,-0.02,26.0,10.0,7.0,3.0,70.0,190898.13,-387739.59,447.2,,87.48,694877.76,-620754.7969999999,17.31,0.26,0.35,0.0331,0.01
AFKS,harami,1D,Bayesian_TPE,38,-0.049,0.04,1.9,False,-23.86,0.18,0.214,87.48,4,50.0,False,"{""sampler"":""TPESampler"",""seed"":42,""n_trials"":50,""direction"":""maximize"",""objective"":""composite = Sharpe * (Return% / MaxDD%)""}","{""doji_tol"":0.04,""wick_body_ratio"":1.9,""allowshort"":false}",2014-01-01,2024-12-31,2025-01-01,2026-04-20,2014-01-01,2026-04-20,20.0,4.0,2.0,2.0,50.0,285052.06,-404373.09,785.5,,87.48,454561.28,-568992.184,-23.86,0.18,0.21,0.0322,0.01,6.0,1.0,0.0,1.0,0.0,0.0,-185170.17,339.0,,29.57,-185170.17,-185170.17,-18.52,-0.39,-0.48,0.0154,-0.02,26.0,5.0,2.0,3.0,40.0,285052.06,-316575.34,696.2,,87.48,454561.28,-568992.184,-37.96,0.14,0.17,0.0306,0.0
AFKS,harami,1D,Bayesian_TPE,39,0.145,0.07,2.8,True,41.25,0.308,0.406,87.48,9,77.78,True,"{""sampler"":""TPESampler"",""seed"":42,""n_trials"":50,""direction"":""maximize"",""objective"":""composite = Sharpe * (Return% / MaxDD%)""}","{""doji_tol"":0.07,""wick_body_ratio"":2.8,""allowshort"":true}",2014-01-01,2024-12-31,2025-01-01,2026-04-20,2014-01-01,2026-04-20,20.0,9.0,7.0,2.0,77.78,187024.66,-448319.65,444.11,,87.48,694877.76,-620754.7969999999,41.25,0.31,0.41,0.0348,0.01,6.0,1.0,0.0,1.0,0.0,0.0,-185170.17,339.0,,29.57,-185170.17,-185170.17,-18.52,-0.39,-0.48,0.0154,-0.02,26.0,10.0,7.0,3.0,70.0,190898.13,-387739.59,447.2,,87.48,694877.76,-620754.7969999999,17.31,0.26,0.35,0.0331,0.01
AFKS,harami,1D,Bayesian_TPE,40,0.145,0.11,1.6,True,41.25,0.308,0.406,87.48,9,77.78,True,"{""sampler"":""TPESampler"",""seed"":42,""n_trials"":50,""direction"":""maximize"",""objective"":""composite = Sharpe * (Return% / MaxDD%)""}","{""doji_tol"":0.11,""wick_body_ratio"":1.6,""allowshort"":true}",2014-01-01,2024-12-31,2025-01-01,2026-04-20,2014-01-01,2026-04-20,20.0,9.0,7.0,2.0,77.78,187024.66,-448319.65,444.11,,87.48,694877.76,-620754.7969999999,41.25,0.31,0.41,0.0348,0.01,6.0,1.0,0.0,1.0,0.0,0.0,-185170.17,339.0,,29.57,-185170.17,-185170.17,-18.52,-0.39,-0.48,0.0154,-0.02,26.0,10.0,7.0,3.0,70.0,190898.13,-387739.59,447.2,,87.48,694877.76,-620754.7969999999,17.31,0.26,0.35,0.0331,0.01
AFKS,harami,1D,Bayesian_TPE,41,0.145,0.08,1.9,True,41.25,0.308,0.406,87.48,9,77.78,True,"{""sampler"":""TPESampler"",""seed"":42,""n_trials"":50,""direction"":""maximize"",""objective"":""composite = Sharpe * (Return% / MaxDD%)""}","{""doji_tol"":0.08,""wick_body_ratio"":1.9,""allowshort"":true}",2014-01-01,2024-12-31,2025-01-01,2026-04-20,2014-01-01,2026-04-20,20.0,9.0,7.0,2.0,77.78,187024.66,-448319.65,444.11,,87.48,694877.76,-620754.7969999999,41.25,0.31,0.41,0.0348,0.01,6.0,1.0,0.0,1.0,0.0,0.0,-185170.17,339.0,,29.57,-185170.17,-185170.17,-18.52,-0.39,-0.48,0.0154,-0.02,26.0,10.0,7.0,3.0,70.0,190898.13,-387739.59,447.2,,87.48,694877.76,-620754.7969999999,17.31,0.26,0.35,0.0331,0.01
AFKS,harami,1D,Bayesian_TPE,42,0.145,0.09,1.6,True,41.25,0.308,0.406,87.48,9,77.78,True,"{""sampler"":""TPESampler"",""seed"":42,""n_trials"":50,""direction"":""maximize"",""objective"":""composite = Sharpe * (Return% / MaxDD%)""}","{""doji_tol"":0.09,""wick_body_ratio"":1.6,""allowshort"":true}",2014-01-01,2024-12-31,2025-01-01,2026-04-20,2014-01-01,2026-04-20,20.0,9.0,7.0,2.0,77.78,187024.66,-448319.65,444.11,,87.48,694877.76,-620754.7969999999,41.25,0.31,0.41,0.0348,0.01,6.0,1.0,0.0,1.0,0.0,0.0,-185170.17,339.0,,29.57,-185170.17,-185170.17,-18.52,-0.39,-0.48,0.0154,-0.02,26.0,10.0,7.0,3.0,70.0,190898.13,-387739.59,447.2,,87.48,694877.76,-620754.7969999999,17.31,0.26,0.35,0.0331,0.01
AFKS,harami,1D,Bayesian_TPE,43,0.145,0.08,1.8,True,41.25,0.308,0.406,87.48,9,77.78,True,"{""sampler"":""TPESampler"",""seed"":42,""n_trials"":50,""direction"":""maximize"",""objective"":""composite = Sharpe * (Return% / MaxDD%)""}","{""doji_tol"":0.08,""wick_body_ratio"":1.8,""allowshort"":true}",2014-01-01,2024-12-31,2025-01-01,2026-04-20,2014-01-01,2026-04-20,20.0,9.0,7.0,2.0,77.78,187024.66,-448319.65,444.11,,87.48,694877.76,-620754.7969999999,41.25,0.31,0.41,0.0348,0.01,6.0,1.0,0.0,1.0,0.0,0.0,-185170.17,339.0,,29.57,-185170.17,-185170.17,-18.52,-0.39,-0.48,0.0154,-0.02,26.0,10.0,7.0,3.0,70.0,190898.13,-387739.59,447.2,,87.48,694877.76,-620754.7969999999,17.31,0.26,0.35,0.0331,0.01
AFKS,harami,1D,Bayesian_TPE,44,0.145,0.1,1.7,True,41.25,0.308,0.406,87.48,9,77.78,True,"{""sampler"":""TPESampler"",""seed"":42,""n_trials"":50,""direction"":""maximize"",""objective"":""composite = Sharpe * (Return% / MaxDD%)""}","{""doji_tol"":0.1,""wick_body_ratio"":1.7,""allowshort"":true}",2014-01-01,2024-12-31,2025-01-01,2026-04-20,2014-01-01,2026-04-20,20.0,9.0,7.0,2.0,77.78,187024.66,-448319.65,444.11,,87.48,694877.76,-620754.7969999999,41.25,0.31,0.41,0.0348,0.01,6.0,1.0,0.0,1.0,0.0,0.0,-185170.17,339.0,,29.57,-185170.17,-185170.17,-18.52,-0.39,-0.48,0.0154,-0.02,26.0,10.0,7.0,3.0,70.0,190898.13,-387739.59,447.2,,87.48,694877.76,-620754.7969999999,17.31,0.26,0.35,0.0331,0.01
AFKS,harami,1D,Bayesian_TPE,45,0.145,0.06,1.7,True,41.25,0.308,0.406,87.48,9,77.78,True,"{""sampler"":""TPESampler"",""seed"":42,""n_trials"":50,""direction"":""maximize"",""objective"":""composite = Sharpe * (Return% / MaxDD%)""}","{""doji_tol"":0.06,""wick_body_ratio"":1.7,""allowshort"":true}",2014-01-01,2024-12-31,2025-01-01,2026-04-20,2014-01-01,2026-04-20,20.0,9.0,7.0,2.0,77.78,187024.66,-448319.65,444.11,,87.48,694877.76,-620754.7969999999,41.25,0.31,0.41,0.0348,0.01,6.0,1.0,0.0,1.0,0.0,0.0,-185170.17,339.0,,29.57,-185170.17,-185170.17,-18.52,-0.39,-0.48,0.0154,-0.02,26.0,10.0,7.0,3.0,70.0,190898.13,-387739.59,447.2,,87.48,694877.76,-620754.7969999999,17.31,0.26,0.35,0.0331,0.01
AFKS,harami,1D,Bayesian_TPE,46,0.145,0.14,2.4,True,41.25,0.308,0.406,87.48,9,77.78,True,"{""sampler"":""TPESampler"",""seed"":42,""n_trials"":50,""direction"":""maximize"",""objective"":""composite = Sharpe * (Return% / MaxDD%)""}","{""doji_tol"":0.14,""wick_body_ratio"":2.4,""allowshort"":true}",2014-01-01,2024-12-31,2025-01-01,2026-04-20,2014-01-01,2026-04-20,20.0,9.0,7.0,2.0,77.78,187024.66,-448319.65,444.11,,87.48,694877.76,-620754.7969999999,41.25,0.31,0.41,0.0348,0.01,6.0,1.0,0.0,1.0,0.0,0.0,-185170.17,339.0,,29.57,-185170.17,-185170.17,-18.52,-0.39,-0.48,0.0154,-0.02,26.0,10.0,7.0,3.0,70.0,190898.13,-387739.59,447.2,,87.48,694877.76,-620754.7969999999,17.31,0.26,0.35,0.0331,0.01
AFKS,harami,1D,Bayesian_TPE,47,0.145,0.07,3.4000000000000004,True,41.25,0.308,0.406,87.48,9,77.78,True,"{""sampler"":""TPESampler"",""seed"":42,""n_trials"":50,""direction"":""maximize"",""objective"":""composite = Sharpe * (Return% / MaxDD%)""}","{""doji_tol"":0.07,""wick_body_ratio"":3.4000000000000004,""allowshort"":true}",2014-01-01,2024-12-31,2025-01-01,2026-04-20,2014-01-01,2026-04-20,20.0,9.0,7.0,2.0,77.78,187024.66,-448319.65,444.11,,87.48,694877.76,-620754.7969999999,41.25,0.31,0.41,0.0348,0.01,6.0,1.0,0.0,1.0,0.0,0.0,-185170.17,339.0,,29.57,-185170.17,-185170.17,-18.52,-0.39,-0.48,0.0154,-0.02,26.0,10.0,7.0,3.0,70.0,190898.13,-387739.59,447.2,,87.48,694877.76,-620754.7969999999,17.31,0.26,0.35,0.0331,0.01
AFKS,harami,1D,Bayesian_TPE,48,0.145,0.04,3.1,True,41.25,0.308,0.406,87.48,9,77.78,True,"{""sampler"":""TPESampler"",""seed"":42,""n_trials"":50,""direction"":""maximize"",""objective"":""composite = Sharpe * (Return% / MaxDD%)""}","{""doji_tol"":0.04,""wick_body_ratio"":3.1,""allowshort"":true}",2014-01-01,2024-12-31,2025-01-01,2026-04-20,2014-01-01,2026-04-20,20.0,9.0,7.0,2.0,77.78,187024.66,-448319.65,444.11,,87.48,694877.76,-620754.7969999999,41.25,0.31,0.41,0.0348,0.01,6.0,1.0,0.0,1.0,0.0,0.0,-185170.17,339.0,,29.57,-185170.17,-185170.17,-18.52,-0.39,-0.48,0.0154,-0.02,26.0,10.0,7.0,3.0,70.0,190898.13,-387739.59,447.2,,87.48,694877.76,-620754.7969999999,17.31,0.26,0.35,0.0331,0.01
AFKS,harami,1D,Bayesian_TPE,49,-0.049,0.12,2.2,False,-23.86,0.18,0.214,87.48,4,50.0,False,"{""sampler"":""TPESampler"",""seed"":42,""n_trials"":50,""direction"":""maximize"",""objective"":""composite = Sharpe * (Return% / MaxDD%)""}","{""doji_tol"":0.12,""wick_body_ratio"":2.2,""allowshort"":false}",2014-01-01,2024-12-31,2025-01-01,2026-04-20,2014-01-01,2026-04-20,20.0,4.0,2.0,2.0,50.0,285052.06,-404373.09,785.5,,87.48,454561.28,-568992.184,-23.86,0.18,0.21,0.0322,0.01,6.0,1.0,0.0,1.0,0.0,0.0,-185170.17,339.0,,29.57,-185170.17,-185170.17,-18.52,-0.39,-0.48,0.0154,-0.02,26.0,5.0,2.0,3.0,40.0,285052.06,-316575.34,696.2,,87.48,454561.28,-568992.184,-37.96,0.14,0.17,0.0306,0.0
VTBR,harami,1D,Bayesian_TPE,0,0.459,0.09,3.4000000000000004,True,-109.54,-0.521,-0.388,124.44,2,0.0,True,"{""sampler"":""TPESampler"",""seed"":42,""n_trials"":50,""direction"":""maximize"",""objective"":""composite = Sharpe * (Return% / MaxDD%)""}","{""doji_tol"":0.09,""wick_body_ratio"":3.4000000000000004,""allowshort"":true}",2014-01-01,2024-12-31,2025-01-01,2026-04-20,2014-01-01,2026-04-20,28.0,2.0,0.0,2.0,0.0,0.0,-555110.51,368.5,,124.44,-7319.219999999995,-1102901.8000000005,-111.02,-0.52,-0.39,0.5868,-0.25,2.0,1.0,1.0,0.0,100.0,394695.88,0.0,155.0,,7.25,394695.875,394695.875,39.47,1.69,1.82,0.0079,0.18,30.0,2.0,0.0,2.0,0.0,0.0,-571753.96,405.5,,124.44,-40606.125,-1102901.8000000005,-114.35,-0.48,-0.36,0.5472,-0.21
VTBR,harami,1D,Bayesian_TPE,1,0.05,0.05,1.8,False,-35.51,-0.078,-0.079,55.93,6,33.33,False,"{""sampler"":""TPESampler"",""seed"":42,""n_trials"":50,""direction"":""maximize"",""objective"":""composite = Sharpe * (Return% / MaxDD%)""}","{""doji_tol"":0.05,""wick_body_ratio"":1.8,""allowshort"":false}",2014-01-01,2024-12-31,2025-01-01,2026-04-20,2014-01-01,2026-04-20,28.0,6.0,2.0,4.0,33.33,209411.81,-193476.74,365.17,,55.93,320495.625,-366786.00000000006,-35.51,-0.08,-0.08,0.0136,-0.0,2.0,1.0,1.0,0.0,100.0,394695.88,0.0,155.0,,7.25,394695.875,394695.875,39.47,1.69,1.82,0.0079,0.18,30.0,7.0,3.0,4.0,42.86,224454.88,-193476.74,335.14,,55.93,320495.625,-366786.00000000006,-10.05,0.06,0.06,0.013,0.0
VTBR,harami,1D,Bayesian_TPE,2,0.05,0.13,2.9000000000000004,False,-35.51,-0.078,-0.079,55.93,6,33.33,False,"{""sampler"":""TPESampler"",""seed"":42,""n_trials"":50,""direction"":""maximize"",""objective"":""composite = Sharpe * (Return% / MaxDD%)""}","{""doji_tol"":0.13,""wick_body_ratio"":2.9000000000000004,""allowshort"":false}",2014-01-01,2024-12-31,2025-01-01,2026-04-20,2014-01-01,2026-04-20,28.0,6.0,2.0,4.0,33.33,209411.81,-193476.74,365.17,,55.93,320495.625,-366786.00000000006,-35.51,-0.08,-0.08,0.0136,-0.0,2.0,1.0,1.0,0.0,100.0,394695.88,0.0,155.0,,7.25,394695.875,394695.875,39.47,1.69,1.82,0.0079,0.18,30.0,7.0,3.0,4.0,42.86,224454.88,-193476.74,335.14,,55.93,320495.625,-366786.00000000006,-10.05,0.06,0.06,0.013,0.0
VTBR,harami,1D,Bayesian_TPE,3,0.05,0.17,1.9,False,-35.51,-0.078,-0.079,55.93,6,33.33,False,"{""sampler"":""TPESampler"",""seed"":42,""n_trials"":50,""direction"":""maximize"",""objective"":""composite = Sharpe * (Return% / MaxDD%)""}","{""doji_tol"":0.17,""wick_body_ratio"":1.9,""allowshort"":false}",2014-01-01,2024-12-31,2025-01-01,2026-04-20,2014-01-01,2026-04-20,28.0,6.0,2.0,4.0,33.33,209411.81,-193476.74,365.17,,55.93,320495.625,-366786.00000000006,-35.51,-0.08,-0.08,0.0136,-0.0,2.0,1.0,1.0,0.0,100.0,394695.88,0.0,155.0,,7.25,394695.875,394695.875,39.47,1.69,1.82,0.0079,0.18,30.0,7.0,3.0,4.0,42.86,224454.88,-193476.74,335.14,,55.93,320495.625,-366786.00000000006,-10.05,0.06,0.06,0.013,0.0
VTBR,harami,1D,Bayesian_TPE,4,0.459,0.08,2.6,True,-109.54,-0.521,-0.388,124.44,2,0.0,True,"{""sampler"":""TPESampler"",""seed"":42,""n_trials"":50,""direction"":""maximize"",""objective"":""composite = Sharpe * (Return% / MaxDD%)""}","{""doji_tol"":0.08,""wick_body_ratio"":2.6,""allowshort"":true}",2014-01-01,2024-12-31,2025-01-01,2026-04-20,2014-01-01,2026-04-20,28.0,2.0,0.0,2.0,0.0,0.0,-555110.51,368.5,,124.44,-7319.219999999995,-1102901.8000000005,-111.02,-0.52,-0.39,0.5868,-0.25,2.0,1.0,1.0,0.0,100.0,394695.88,0.0,155.0,,7.25,394695.875,394695.875,39.47,1.69,1.82,0.0079,0.18,30.0,2.0,0.0,2.0,0.0,0.0,-571753.96,405.5,,124.44,-40606.125,-1102901.8000000005,-114.35,-0.48,-0.36,0.5472,-0.21
VTBR,harami,1D,Bayesian_TPE,5,0.05,0.14,1.7,False,-35.51,-0.078,-0.079,55.93,6,33.33,False,"{""sampler"":""TPESampler"",""seed"":42,""n_trials"":50,""direction"":""maximize"",""objective"":""composite = Sharpe * (Return% / MaxDD%)""}","{""doji_tol"":0.14,""wick_body_ratio"":1.7,""allowshort"":false}",2014-01-01,2024-12-31,2025-01-01,2026-04-20,2014-01-01,2026-04-20,28.0,6.0,2.0,4.0,33.33,209411.81,-193476.74,365.17,,55.93,320495.625,-366786.00000000006,-35.51,-0.08,-0.08,0.0136,-0.0,2.0,1.0,1.0,0.0,100.0,394695.88,0.0,155.0,,7.25,394695.875,394695.875,39.47,1.69,1.82,0.0079,0.18,30.0,7.0,3.0,4.0,42.86,224454.88,-193476.74,335.14,,55.93,320495.625,-366786.00000000006,-10.05,0.06,0.06,0.013,0.0
VTBR,harami,1D,Bayesian_TPE,6,0.05,0.11,3.1,False,-35.51,-0.078,-0.079,55.93,6,33.33,False,"{""sampler"":""TPESampler"",""seed"":42,""n_trials"":50,""direction"":""maximize"",""objective"":""composite = Sharpe * (Return% / MaxDD%)""}","{""doji_tol"":0.11,""wick_body_ratio"":3.1,""allowshort"":false}",2014-01-01,2024-12-31,2025-01-01,2026-04-20,2014-01-01,2026-04-20,28.0,6.0,2.0,4.0,33.33,209411.81,-193476.74,365.17,,55.93,320495.625,-366786.00000000006,-35.51,-0.08,-0.08,0.0136,-0.0,2.0,1.0,1.0,0.0,100.0,394695.88,0.0,155.0,,7.25,394695.875,394695.875,39.47,1.69,1.82,0.0079,0.18,30.0,7.0,3.0,4.0,42.86,224454.88,-193476.74,335.14,,55.93,320495.625,-366786.00000000006,-10.05,0.06,0.06,0.013,0.0
VTBR,harami,1D,Bayesian_TPE,7,0.459,0.13,1.5,True,-109.54,-0.521,-0.388,124.44,2,0.0,True,"{""sampler"":""TPESampler"",""seed"":42,""n_trials"":50,""direction"":""maximize"",""objective"":""composite = Sharpe * (Return% / MaxDD%)""}","{""doji_tol"":0.13,""wick_body_ratio"":1.5,""allowshort"":true}",2014-01-01,2024-12-31,2025-01-01,2026-04-20,2014-01-01,2026-04-20,28.0,2.0,0.0,2.0,0.0,0.0,-555110.51,368.5,,124.44,-7319.219999999995,-1102901.8000000005,-111.02,-0.52,-0.39,0.5868,-0.25,2.0,1.0,1.0,0.0,100.0,394695.88,0.0,155.0,,7.25,394695.875,394695.875,39.47,1.69,1.82,0.0079,0.18,30.0,2.0,0.0,2.0,0.0,0.0,-571753.96,405.5,,124.44,-40606.125,-1102901.8000000005,-114.35,-0.48,-0.36,0.5472,-0.21
VTBR,harami,1D,Bayesian_TPE,8,0.459,0.04,3.4000000000000004,True,-109.54,-0.521,-0.388,124.44,2,0.0,True,"{""sampler"":""TPESampler"",""seed"":42,""n_trials"":50,""direction"":""maximize"",""objective"":""composite = Sharpe * (Return% / MaxDD%)""}","{""doji_tol"":0.04,""wick_body_ratio"":3.4000000000000004,""allowshort"":true}",2014-01-01,2024-12-31,2025-01-01,2026-04-20,2014-01-01,2026-04-20,28.0,2.0,0.0,2.0,0.0,0.0,-555110.51,368.5,,124.44,-7319.219999999995,-1102901.8000000005,-111.02,-0.52,-0.39,0.5868,-0.25,2.0,1.0,1.0,0.0,100.0,394695.88,0.0,155.0,,7.25,394695.875,394695.875,39.47,1.69,1.82,0.0079,0.18,30.0,2.0,0.0,2.0,0.0,0.0,-571753.96,405.5,,124.44,-40606.125,-1102901.8000000005,-114.35,-0.48,-0.36,0.5472,-0.21
VTBR,harami,1D,Bayesian_TPE,9,0.459,0.08,1.7,True,-109.54,-0.521,-0.388,124.44,2,0.0,True,"{""sampler"":""TPESampler"",""seed"":42,""n_trials"":50,""direction"":""maximize"",""objective"":""composite = Sharpe * (Return% / MaxDD%)""}","{""doji_tol"":0.08,""wick_body_ratio"":1.7,""allowshort"":true}",2014-01-01,2024-12-31,2025-01-01,2026-04-20,2014-01-01,2026-04-20,28.0,2.0,0.0,2.0,0.0,0.0,-555110.51,368.5,,124.44,-7319.219999999995,-1102901.8000000005,-111.02,-0.52,-0.39,0.5868,-0.25,2.0,1.0,1.0,0.0,100.0,394695.88,0.0,155.0,,7.25,394695.875,394695.875,39.47,1.69,1.82,0.0079,0.18,30.0,2.0,0.0,2.0,0.0,0.0,-571753.96,405.5,,124.44,-40606.125,-1102901.8000000005,-114.35,-0.48,-0.36,0.5472,-0.21
VTBR,harami,1D,Bayesian_TPE,10,0.459,0.2,2.4,True,-109.54,-0.521,-0.388,124.44,2,0.0,True,"{""sampler"":""TPESampler"",""seed"":42,""n_trials"":50,""direction"":""maximize"",""objective"":""composite = Sharpe * (Return% / MaxDD%)""}","{""doji_tol"":0.2,""wick_body_ratio"":2.4,""allowshort"":true}",2014-01-01,2024-12-31,2025-01-01,2026-04-20,2014-01-01,2026-04-20,28.0,2.0,0.0,2.0,0.0,0.0,-555110.51,368.5,,124.44,-7319.219999999995,-1102901.8000000005,-111.02,-0.52,-0.39,0.5868,-0.25,2.0,1.0,1.0,0.0,100.0,394695.88,0.0,155.0,,7.25,394695.875,394695.875,39.47,1.69,1.82,0.0079,0.18,30.0,2.0,0.0,2.0,0.0,0.0,-571753.96,405.5,,124.44,-40606.125,-1102901.8000000005,-114.35,-0.48,-0.36,0.5472,-0.21
VTBR,harami,1D,Bayesian_TPE,11,0.459,0.09,2.4,True,-109.54,-0.521,-0.388,124.44,2,0.0,True,"{""sampler"":""TPESampler"",""seed"":42,""n_trials"":50,""direction"":""maximize"",""objective"":""composite = Sharpe * (Return% / MaxDD%)""}","{""doji_tol"":0.09,""wick_body_ratio"":2.4,""allowshort"":true}",2014-01-01,2024-12-31,2025-01-01,2026-04-20,2014-01-01,2026-04-20,28.0,2.0,0.0,2.0,0.0,0.0,-555110.51,368.5,,124.44,-7319.219999999995,-1102901.8000000005,-111.02,-0.52,-0.39,0.5868,-0.25,2.0,1.0,1.0,0.0,100.0,394695.88,0.0,155.0,,7.25,394695.875,394695.875,39.47,1.69,1.82,0.0079,0.18,30.0,2.0,0.0,2.0,0.0,0.0,-571753.96,405.5,,124.44,-40606.125,-1102901.8000000005,-114.35,-0.48,-0.36,0.5472,-0.21
VTBR,harami,1D,Bayesian_TPE,12,0.459,0.07,3.5,True,-109.54,-0.521,-0.388,124.44,2,0.0,True,"{""sampler"":""TPESampler"",""seed"":42,""n_trials"":50,""direction"":""maximize"",""objective"":""composite = Sharpe * (Return% / MaxDD%)""}","{""doji_tol"":0.07,""wick_body_ratio"":3.5,""allowshort"":true}",2014-01-01,2024-12-31,2025-01-01,2026-04-20,2014-01-01,2026-04-20,28.0,2.0,0.0,2.0,0.0,0.0,-555110.51,368.5,,124.44,-7319.219999999995,-1102901.8000000005,-111.02,-0.52,-0.39,0.5868,-0.25,2.0,1.0,1.0,0.0,100.0,394695.88,0.0,155.0,,7.25,394695.875,394695.875,39.47,1.69,1.82,0.0079,0.18,30.0,2.0,0.0,2.0,0.0,0.0,-571753.96,405.5,,124.44,-40606.125,-1102901.8000000005,-114.35,-0.48,-0.36,0.5472,-0.21
VTBR,harami,1D,Bayesian_TPE,13,0.459,0.1,2.8,True,-109.54,-0.521,-0.388,124.44,2,0.0,True,"{""sampler"":""TPESampler"",""seed"":42,""n_trials"":50,""direction"":""maximize"",""objective"":""composite = Sharpe * (Return% / MaxDD%)""}","{""doji_tol"":0.1,""wick_body_ratio"":2.8,""allowshort"":true}",2014-01-01,2024-12-31,2025-01-01,2026-04-20,2014-01-01,2026-04-20,28.0,2.0,0.0,2.0,0.0,0.0,-555110.51,368.5,,124.44,-7319.219999999995,-1102901.8000000005,-111.02,-0.52,-0.39,0.5868,-0.25,2.0,1.0,1.0,0.0,100.0,394695.88,0.0,155.0,,7.25,394695.875,394695.875,39.47,1.69,1.82,0.0079,0.18,30.0,2.0,0.0,2.0,0.0,0.0,-571753.96,405.5,,124.44,-40606.125,-1102901.8000000005,-114.35,-0.48,-0.36,0.5472,-0.21
VTBR,harami,1D,Bayesian_TPE,14,0.459,0.06,2.2,True,-109.54,-0.521,-0.388,124.44,2,0.0,True,"{""sampler"":""TPESampler"",""seed"":42,""n_trials"":50,""direction"":""maximize"",""objective"":""composite = Sharpe * (Return% / MaxDD%)""}","{""doji_tol"":0.06,""wick_body_ratio"":2.2,""allowshort"":true}",2014-01-01,2024-12-31,2025-01-01,2026-04-20,2014-01-01,2026-04-20,28.0,2.0,0.0,2.0,0.0,0.0,-555110.51,368.5,,124.44,-7319.219999999995,-1102901.8000000005,-111.02,-0.52,-0.39,0.5868,-0.25,2.0,1.0,1.0,0.0,100.0,394695.88,0.0,155.0,,7.25,394695.875,394695.875,39.47,1.69,1.82,0.0079,0.18,30.0,2.0,0.0,2.0,0.0,0.0,-571753.96,405.5,,124.44,-40606.125,-1102901.8000000005,-114.35,-0.48,-0.36,0.5472,-0.21
VTBR,harami,1D,Bayesian_TPE,15,0.459,0.03,3.2,True,-109.54,-0.521,-0.388,124.44,2,0.0,True,"{""sampler"":""TPESampler"",""seed"":42,""n_trials"":50,""direction"":""maximize"",""objective"":""composite = Sharpe * (Return% / MaxDD%)""}","{""doji_tol"":0.03,""wick_body_ratio"":3.2,""allowshort"":true}",2014-01-01,2024-12-31,2025-01-01,2026-04-20,2014-01-01,2026-04-20,28.0,2.0,0.0,2.0,0.0,0.0,-555110.51,368.5,,124.44,-7319.219999999995,-1102901.8000000005,-111.02,-0.52,-0.39,0.5868,-0.25,2.0,1.0,1.0,0.0,100.0,394695.88,0.0,155.0,,7.25,394695.875,394695.875,39.47,1.69,1.82,0.0079,0.18,30.0,2.0,0.0,2.0,0.0,0.0,-571753.96,405.5,,124.44,-40606.125,-1102901.8000000005,-114.35,-0.48,-0.36,0.5472,-0.21
VTBR,harami,1D,Bayesian_TPE,16,0.459,0.08,2.7,True,-109.54,-0.521,-0.388,124.44,2,0.0,True,"{""sampler"":""TPESampler"",""seed"":42,""n_trials"":50,""direction"":""maximize"",""objective"":""composite = Sharpe * (Return% / MaxDD%)""}","{""doji_tol"":0.08,""wick_body_ratio"":2.7,""allowshort"":true}",2014-01-01,2024-12-31,2025-01-01,2026-04-20,2014-01-01,2026-04-20,28.0,2.0,0.0,2.0,0.0,0.0,-555110.51,368.5,,124.44,-7319.219999999995,-1102901.8000000005,-111.02,-0.52,-0.39,0.5868,-0.25,2.0,1.0,1.0,0.0,100.0,394695.88,0.0,155.0,,7.25,394695.875,394695.875,39.47,1.69,1.82,0.0079,0.18,30.0,2.0,0.0,2.0,0.0,0.0,-571753.96,405.5,,124.44,-40606.125,-1102901.8000000005,-114.35,-0.48,-0.36,0.5472,-0.21
VTBR,harami,1D,Bayesian_TPE,17,0.459,0.16,3.1,True,-109.54,-0.521,-0.388,124.44,2,0.0,True,"{""sampler"":""TPESampler"",""seed"":42,""n_trials"":50,""direction"":""maximize"",""objective"":""composite = Sharpe * (Return% / MaxDD%)""}","{""doji_tol"":0.16,""wick_body_ratio"":3.1,""allowshort"":true}",2014-01-01,2024-12-31,2025-01-01,2026-04-20,2014-01-01,2026-04-20,28.0,2.0,0.0,2.0,0.0,0.0,-555110.51,368.5,,124.44,-7319.219999999995,-1102901.8000000005,-111.02,-0.52,-0.39,0.5868,-0.25,2.0,1.0,1.0,0.0,100.0,394695.88,0.0,155.0,,7.25,394695.875,394695.875,39.47,1.69,1.82,0.0079,0.18,30.0,2.0,0.0,2.0,0.0,0.0,-571753.96,405.5,,124.44,-40606.125,-1102901.8000000005,-114.35,-0.48,-0.36,0.5472,-0.21
VTBR,harami,1D,Bayesian_TPE,18,0.459,0.11,2.1,True,-109.54,-0.521,-0.388,124.44,2,0.0,True,"{""sampler"":""TPESampler"",""seed"":42,""n_trials"":50,""direction"":""maximize"",""objective"":""composite = Sharpe * (Return% / MaxDD%)""}","{""doji_tol"":0.11,""wick_body_ratio"":2.1,""allowshort"":true}",2014-01-01,2024-12-31,2025-01-01,2026-04-20,2014-01-01,2026-04-20,28.0,2.0,0.0,2.0,0.0,0.0,-555110.51,368.5,,124.44,-7319.219999999995,-1102901.8000000005,-111.02,-0.52,-0.39,0.5868,-0.25,2.0,1.0,1.0,0.0,100.0,394695.88,0.0,155.0,,7.25,394695.875,394695.875,39.47,1.69,1.82,0.0079,0.18,30.0,2.0,0.0,2.0,0.0,0.0,-571753.96,405.5,,124.44,-40606.125,-1102901.8000000005,-114.35,-0.48,-0.36,0.5472,-0.21
VTBR,harami,1D,Bayesian_TPE,19,0.459,0.06,2.7,True,-109.54,-0.521,-0.388,124.44,2,0.0,True,"{""sampler"":""TPESampler"",""seed"":42,""n_trials"":50,""direction"":""maximize"",""objective"":""composite = Sharpe * (Return% / MaxDD%)""}","{""doji_tol"":0.06,""wick_body_ratio"":2.7,""allowshort"":true}",2014-01-01,2024-12-31,2025-01-01,2026-04-20,2014-01-01,2026-04-20,28.0,2.0,0.0,2.0,0.0,0.0,-555110.51,368.5,,124.44,-7319.219999999995,-1102901.8000000005,-111.02,-0.52,-0.39,0.5868,-0.25,2.0,1.0,1.0,0.0,100.0,394695.88,0.0,155.0,,7.25,394695.875,394695.875,39.47,1.69,1.82,0.0079,0.18,30.0,2.0,0.0,2.0,0.0,0.0,-571753.96,405.5,,124.44,-40606.125,-1102901.8000000005,-114.35,-0.48,-0.36,0.5472,-0.21
VTBR,harami,1D,Bayesian_TPE,20,0.459,0.1,2.5,True,-109.54,-0.521,-0.388,124.44,2,0.0,True,"{""sampler"":""TPESampler"",""seed"":42,""n_trials"":50,""direction"":""maximize"",""objective"":""composite = Sharpe * (Return% / MaxDD%)""}","{""doji_tol"":0.1,""wick_body_ratio"":2.5,""allowshort"":true}",2014-01-01,2024-12-31,2025-01-01,2026-04-20,2014-01-01,2026-04-20,28.0,2.0,0.0,2.0,0.0,0.0,-555110.51,368.5,,124.44,-7319.219999999995,-1102901.8000000005,-111.02,-0.52,-0.39,0.5868,-0.25,2.0,1.0,1.0,0.0,100.0,394695.88,0.0,155.0,,7.25,394695.875,394695.875,39.47,1.69,1.82,0.0079,0.18,30.0,2.0,0.0,2.0,0.0,0.0,-571753.96,405.5,,124.44,-40606.125,-1102901.8000000005,-114.35,-0.48,-0.36,0.5472,-0.21
VTBR,harami,1D,Bayesian_TPE,21,0.459,0.13,2.1,True,-109.54,-0.521,-0.388,124.44,2,0.0,True,"{""sampler"":""TPESampler"",""seed"":42,""n_trials"":50,""direction"":""maximize"",""objective"":""composite = Sharpe * (Return% / MaxDD%)""}","{""doji_tol"":0.13,""wick_body_ratio"":2.1,""allowshort"":true}",2014-01-01,2024-12-31,2025-01-01,2026-04-20,2014-01-01,2026-04-20,28.0,2.0,0.0,2.0,0.0,0.0,-555110.51,368.5,,124.44,-7319.219999999995,-1102901.8000000005,-111.02,-0.52,-0.39,0.5868,-0.25,2.0,1.0,1.0,0.0,100.0,394695.88,0.0,155.0,,7.25,394695.875,394695.875,39.47,1.69,1.82,0.0079,0.18,30.0,2.0,0.0,2.0,0.0,0.0,-571753.96,405.5,,124.44,-40606.125,-1102901.8000000005,-114.35,-0.48,-0.36,0.5472,-0.21
VTBR,harami,1D,Bayesian_TPE,22,0.459,0.15,1.5,True,-109.54,-0.521,-0.388,124.44,2,0.0,True,"{""sampler"":""TPESampler"",""seed"":42,""n_trials"":50,""direction"":""maximize"",""objective"":""composite = Sharpe * (Return% / MaxDD%)""}","{""doji_tol"":0.15,""wick_body_ratio"":1.5,""allowshort"":true}",2014-01-01,2024-12-31,2025-01-01,2026-04-20,2014-01-01,2026-04-20,28.0,2.0,0.0,2.0,0.0,0.0,-555110.51,368.5,,124.44,-7319.219999999995,-1102901.8000000005,-111.02,-0.52,-0.39,0.5868,-0.25,2.0,1.0,1.0,0.0,100.0,394695.88,0.0,155.0,,7.25,394695.875,394695.875,39.47,1.69,1.82,0.0079,0.18,30.0,2.0,0.0,2.0,0.0,0.0,-571753.96,405.5,,124.44,-40606.125,-1102901.8000000005,-114.35,-0.48,-0.36,0.5472,-0.21
VTBR,harami,1D,Bayesian_TPE,23,0.459,0.12,2.9000000000000004,True,-109.54,-0.521,-0.388,124.44,2,0.0,True,"{""sampler"":""TPESampler"",""seed"":42,""n_trials"":50,""direction"":""maximize"",""objective"":""composite = Sharpe * (Return% / MaxDD%)""}","{""doji_tol"":0.12,""wick_body_ratio"":2.9000000000000004,""allowshort"":true}",2014-01-01,2024-12-31,2025-01-01,2026-04-20,2014-01-01,2026-04-20,28.0,2.0,0.0,2.0,0.0,0.0,-555110.51,368.5,,124.44,-7319.219999999995,-1102901.8000000005,-111.02,-0.52,-0.39,0.5868,-0.25,2.0,1.0,1.0,0.0,100.0,394695.88,0.0,155.0,,7.25,394695.875,394695.875,39.47,1.69,1.82,0.0079,0.18,30.0,2.0,0.0,2.0,0.0,0.0,-571753.96,405.5,,124.44,-40606.125,-1102901.8000000005,-114.35,-0.48,-0.36,0.5472,-0.21
VTBR,harami,1D,Bayesian_TPE,24,0.459,0.18,3.3,True,-109.54,-0.521,-0.388,124.44,2,0.0,True,"{""sampler"":""TPESampler"",""seed"":42,""n_trials"":50,""direction"":""maximize"",""objective"":""composite = Sharpe * (Return% / MaxDD%)""}","{""doji_tol"":0.18,""wick_body_ratio"":3.3,""allowshort"":true}",2014-01-01,2024-12-31,2025-01-01,2026-04-20,2014-01-01,2026-04-20,28.0,2.0,0.0,2.0,0.0,0.0,-555110.51,368.5,,124.44,-7319.219999999995,-1102901.8000000005,-111.02,-0.52,-0.39,0.5868,-0.25,2.0,1.0,1.0,0.0,100.0,394695.88,0.0,155.0,,7.25,394695.875,394695.875,39.47,1.69,1.82,0.0079,0.18,30.0,2.0,0.0,2.0,0.0,0.0,-571753.96,405.5,,124.44,-40606.125,-1102901.8000000005,-114.35,-0.48,-0.36,0.5472,-0.21
VTBR,harami,1D,Bayesian_TPE,25,0.459,0.09,1.5,True,-109.54,-0.521,-0.388,124.44,2,0.0,True,"{""sampler"":""TPESampler"",""seed"":42,""n_trials"":50,""direction"":""maximize"",""objective"":""composite = Sharpe * (Return% / MaxDD%)""}","{""doji_tol"":0.09,""wick_body_ratio"":1.5,""allowshort"":true}",2014-01-01,2024-12-31,2025-01-01,2026-04-20,2014-01-01,2026-04-20,28.0,2.0,0.0,2.0,0.0,0.0,-555110.51,368.5,,124.44,-7319.219999999995,-1102901.8000000005,-111.02,-0.52,-0.39,0.5868,-0.25,2.0,1.0,1.0,0.0,100.0,394695.88,0.0,155.0,,7.25,394695.875,394695.875,39.47,1.69,1.82,0.0079,0.18,30.0,2.0,0.0,2.0,0.0,0.0,-571753.96,405.5,,124.44,-40606.125,-1102901.8000000005,-114.35,-0.48,-0.36,0.5472,-0.21
VTBR,harami,1D,Bayesian_TPE,26,0.05,0.12,2.3,False,-35.51,-0.078,-0.079,55.93,6,33.33,False,"{""sampler"":""TPESampler"",""seed"":42,""n_trials"":50,""direction"":""maximize"",""objective"":""composite = Sharpe * (Return% / MaxDD%)""}","{""doji_tol"":0.12,""wick_body_ratio"":2.3,""allowshort"":false}",2014-01-01,2024-12-31,2025-01-01,2026-04-20,2014-01-01,2026-04-20,28.0,6.0,2.0,4.0,33.33,209411.81,-193476.74,365.17,,55.93,320495.625,-366786.00000000006,-35.51,-0.08,-0.08,0.0136,-0.0,2.0,1.0,1.0,0.0,100.0,394695.88,0.0,155.0,,7.25,394695.875,394695.875,39.47,1.69,1.82,0.0079,0.18,30.0,7.0,3.0,4.0,42.86,224454.88,-193476.74,335.14,,55.93,320495.625,-366786.00000000006,-10.05,0.06,0.06,0.013,0.0
VTBR,harami,1D,Bayesian_TPE,27,0.459,0.08,2.6,True,-109.54,-0.521,-0.388,124.44,2,0.0,True,"{""sampler"":""TPESampler"",""seed"":42,""n_trials"":50,""direction"":""maximize"",""objective"":""composite = Sharpe * (Return% / MaxDD%)""}","{""doji_tol"":0.08,""wick_body_ratio"":2.6,""allowshort"":true}",2014-01-01,2024-12-31,2025-01-01,2026-04-20,2014-01-01,2026-04-20,28.0,2.0,0.0,2.0,0.0,0.0,-555110.51,368.5,,124.44,-7319.219999999995,-1102901.8000000005,-111.02,-0.52,-0.39,0.5868,-0.25,2.0,1.0,1.0,0.0,100.0,394695.88,0.0,155.0,,7.25,394695.875,394695.875,39.47,1.69,1.82,0.0079,0.18,30.0,2.0,0.0,2.0,0.0,0.0,-571753.96,405.5,,124.44,-40606.125,-1102901.8000000005,-114.35,-0.48,-0.36,0.5472,-0.21
VTBR,harami,1D,Bayesian_TPE,28,0.459,0.14,2.0,True,-109.54,-0.521,-0.388,124.44,2,0.0,True,"{""sampler"":""TPESampler"",""seed"":42,""n_trials"":50,""direction"":""maximize"",""objective"":""composite = Sharpe * (Return% / MaxDD%)""}","{""doji_tol"":0.14,""wick_body_ratio"":2.0,""allowshort"":true}",2014-01-01,2024-12-31,2025-01-01,2026-04-20,2014-01-01,2026-04-20,28.0,2.0,0.0,2.0,0.0,0.0,-555110.51,368.5,,124.44,-7319.219999999995,-1102901.8000000005,-111.02,-0.52,-0.39,0.5868,-0.25,2.0,1.0,1.0,0.0,100.0,394695.88,0.0,155.0,,7.25,394695.875,394695.875,39.47,1.69,1.82,0.0079,0.18,30.0,2.0,0.0,2.0,0.0,0.0,-571753.96,405.5,,124.44,-40606.125,-1102901.8000000005,-114.35,-0.48,-0.36,0.5472,-0.21
VTBR,harami,1D,Bayesian_TPE,29,0.05,0.05,3.0,False,-35.51,-0.078,-0.079,55.93,6,33.33,False,"{""sampler"":""TPESampler"",""seed"":42,""n_trials"":50,""direction"":""maximize"",""objective"":""composite = Sharpe * (Return% / MaxDD%)""}","{""doji_tol"":0.05,""wick_body_ratio"":3.0,""allowshort"":false}",2014-01-01,2024-12-31,2025-01-01,2026-04-20,2014-01-01,2026-04-20,28.0,6.0,2.0,4.0,33.33,209411.81,-193476.74,365.17,,55.93,320495.625,-366786.00000000006,-35.51,-0.08,-0.08,0.0136,-0.0,2.0,1.0,1.0,0.0,100.0,394695.88,0.0,155.0,,7.25,394695.875,394695.875,39.47,1.69,1.82,0.0079,0.18,30.0,7.0,3.0,4.0,42.86,224454.88,-193476.74,335.14,,55.93,320495.625,-366786.00000000006,-10.05,0.06,0.06,0.013,0.0
VTBR,harami,1D,Bayesian_TPE,30,0.459,0.1,3.5,True,-109.54,-0.521,-0.388,124.44,2,0.0,True,"{""sampler"":""TPESampler"",""seed"":42,""n_trials"":50,""direction"":""maximize"",""objective"":""composite = Sharpe * (Return% / MaxDD%)""}","{""doji_tol"":0.1,""wick_body_ratio"":3.5,""allowshort"":true}",2014-01-01,2024-12-31,2025-01-01,2026-04-20,2014-01-01,2026-04-20,28.0,2.0,0.0,2.0,0.0,0.0,-555110.51,368.5,,124.44,-7319.219999999995,-1102901.8000000005,-111.02,-0.52,-0.39,0.5868,-0.25,2.0,1.0,1.0,0.0,100.0,394695.88,0.0,155.0,,7.25,394695.875,394695.875,39.47,1.69,1.82,0.0079,0.18,30.0,2.0,0.0,2.0,0.0,0.0,-571753.96,405.5,,124.44,-40606.125,-1102901.8000000005,-114.35,-0.48,-0.36,0.5472,-0.21
VTBR,harami,1D,Bayesian_TPE,31,0.459,0.03,3.3,True,-109.54,-0.521,-0.388,124.44,2,0.0,True,"{""sampler"":""TPESampler"",""seed"":42,""n_trials"":50,""direction"":""maximize"",""objective"":""composite = Sharpe * (Return% / MaxDD%)""}","{""doji_tol"":0.03,""wick_body_ratio"":3.3,""allowshort"":true}",2014-01-01,2024-12-31,2025-01-01,2026-04-20,2014-01-01,2026-04-20,28.0,2.0,0.0,2.0,0.0,0.0,-555110.51,368.5,,124.44,-7319.219999999995,-1102901.8000000005,-111.02,-0.52,-0.39,0.5868,-0.25,2.0,1.0,1.0,0.0,100.0,394695.88,0.0,155.0,,7.25,394695.875,394695.875,39.47,1.69,1.82,0.0079,0.18,30.0,2.0,0.0,2.0,0.0,0.0,-571753.96,405.5,,124.44,-40606.125,-1102901.8000000005,-114.35,-0.48,-0.36,0.5472,-0.21
VTBR,harami,1D,Bayesian_TPE,32,0.459,0.05,3.4000000000000004,True,-109.54,-0.521,-0.388,124.44,2,0.0,True,"{""sampler"":""TPESampler"",""seed"":42,""n_trials"":50,""direction"":""maximize"",""objective"":""composite = Sharpe * (Return% / MaxDD%)""}","{""doji_tol"":0.05,""wick_body_ratio"":3.4000000000000004,""allowshort"":true}",2014-01-01,2024-12-31,2025-01-01,2026-04-20,2014-01-01,2026-04-20,28.0,2.0,0.0,2.0,0.0,0.0,-555110.51,368.5,,124.44,-7319.219999999995,-1102901.8000000005,-111.02,-0.52,-0.39,0.5868,-0.25,2.0,1.0,1.0,0.0,100.0,394695.88,0.0,155.0,,7.25,394695.875,394695.875,39.47,1.69,1.82,0.0079,0.18,30.0,2.0,0.0,2.0,0.0,0.0,-571753.96,405.5,,124.44,-40606.125,-1102901.8000000005,-114.35,-0.48,-0.36,0.5472,-0.21
VTBR,harami,1D,Bayesian_TPE,33,0.459,0.04,3.3,True,-109.54,-0.521,-0.388,124.44,2,0.0,True,"{""sampler"":""TPESampler"",""seed"":42,""n_trials"":50,""direction"":""maximize"",""objective"":""composite = Sharpe * (Return% / MaxDD%)""}","{""doji_tol"":0.04,""wick_body_ratio"":3.3,""allowshort"":true}",2014-01-01,2024-12-31,2025-01-01,2026-04-20,2014-01-01,2026-04-20,28.0,2.0,0.0,2.0,0.0,0.0,-555110.51,368.5,,124.44,-7319.219999999995,-1102901.8000000005,-111.02,-0.52,-0.39,0.5868,-0.25,2.0,1.0,1.0,0.0,100.0,394695.88,0.0,155.0,,7.25,394695.875,394695.875,39.47,1.69,1.82,0.0079,0.18,30.0,2.0,0.0,2.0,0.0,0.0,-571753.96,405.5,,124.44,-40606.125,-1102901.8000000005,-114.35,-0.48,-0.36,0.5472,-0.21
VTBR,harami,1D,Bayesian_TPE,34,0.05,0.07,3.0,False,-35.51,-0.078,-0.079,55.93,6,33.33,False,"{""sampler"":""TPESampler"",""seed"":42,""n_trials"":50,""direction"":""maximize"",""objective"":""composite = Sharpe * (Return% / MaxDD%)""}","{""doji_tol"":0.07,""wick_body_ratio"":3.0,""allowshort"":false}",2014-01-01,2024-12-31,2025-01-01,2026-04-20,2014-01-01,2026-04-20,28.0,6.0,2.0,4.0,33.33,209411.81,-193476.74,365.17,,55.93,320495.625,-366786.00000000006,-35.51,-0.08,-0.08,0.0136,-0.0,2.0,1.0,1.0,0.0,100.0,394695.88,0.0,155.0,,7.25,394695.875,394695.875,39.47,1.69,1.82,0.0079,0.18,30.0,7.0,3.0,4.0,42.86,224454.88,-193476.74,335.14,,55.93,320495.625,-366786.00000000006,-10.05,0.06,0.06,0.013,0.0
VTBR,harami,1D,Bayesian_TPE,35,0.05,0.13,1.8,False,-35.51,-0.078,-0.079,55.93,6,33.33,False,"{""sampler"":""TPESampler"",""seed"":42,""n_trials"":50,""direction"":""maximize"",""objective"":""composite = Sharpe * (Return% / MaxDD%)""}","{""doji_tol"":0.13,""wick_body_ratio"":1.8,""allowshort"":false}",2014-01-01,2024-12-31,2025-01-01,2026-04-20,2014-01-01,2026-04-20,28.0,6.0,2.0,4.0,33.33,209411.81,-193476.74,365.17,,55.93,320495.625,-366786.00000000006,-35.51,-0.08,-0.08,0.0136,-0.0,2.0,1.0,1.0,0.0,100.0,394695.88,0.0,155.0,,7.25,394695.875,394695.875,39.47,1.69,1.82,0.0079,0.18,30.0,7.0,3.0,4.0,42.86,224454.88,-193476.74,335.14,,55.93,320495.625,-366786.00000000006,-10.05,0.06,0.06,0.013,0.0
VTBR,harami,1D,Bayesian_TPE,36,0.459,0.06,3.2,True,-109.54,-0.521,-0.388,124.44,2,0.0,True,"{""sampler"":""TPESampler"",""seed"":42,""n_trials"":50,""direction"":""maximize"",""objective"":""composite = Sharpe * (Return% / MaxDD%)""}","{""doji_tol"":0.06,""wick_body_ratio"":3.2,""allowshort"":true}",2014-01-01,2024-12-31,2025-01-01,2026-04-20,2014-01-01,2026-04-20,28.0,2.0,0.0,2.0,0.0,0.0,-555110.51,368.5,,124.44,-7319.219999999995,-1102901.8000000005,-111.02,-0.52,-0.39,0.5868,-0.25,2.0,1.0,1.0,0.0,100.0,394695.88,0.0,155.0,,7.25,394695.875,394695.875,39.47,1.69,1.82,0.0079,0.18,30.0,2.0,0.0,2.0,0.0,0.0,-571753.96,405.5,,124.44,-40606.125,-1102901.8000000005,-114.35,-0.48,-0.36,0.5472,-0.21
VTBR,harami,1D,Bayesian_TPE,37,0.459,0.09,3.5,True,-109.54,-0.521,-0.388,124.44,2,0.0,True,"{""sampler"":""TPESampler"",""seed"":42,""n_trials"":50,""direction"":""maximize"",""objective"":""composite = Sharpe * (Return% / MaxDD%)""}","{""doji_tol"":0.09,""wick_body_ratio"":3.5,""allowshort"":true}",2014-01-01,2024-12-31,2025-01-01,2026-04-20,2014-01-01,2026-04-20,28.0,2.0,0.0,2.0,0.0,0.0,-555110.51,368.5,,124.44,-7319.219999999995,-1102901.8000000005,-111.02,-0.52,-0.39,0.5868,-0.25,2.0,1.0,1.0,0.0,100.0,394695.88,0.0,155.0,,7.25,394695.875,394695.875,39.47,1.69,1.82,0.0079,0.18,30.0,2.0,0.0,2.0,0.0,0.0,-571753.96,405.5,,124.44,-40606.125,-1102901.8000000005,-114.35,-0.48,-0.36,0.5472,-0.21
VTBR,harami,1D,Bayesian_TPE,38,0.05,0.04,1.9,False,-35.51,-0.078,-0.079,55.93,6,33.33,False,"{""sampler"":""TPESampler"",""seed"":42,""n_trials"":50,""direction"":""maximize"",""objective"":""composite = Sharpe * (Return% / MaxDD%)""}","{""doji_tol"":0.04,""wick_body_ratio"":1.9,""allowshort"":false}",2014-01-01,2024-12-31,2025-01-01,2026-04-20,2014-01-01,2026-04-20,28.0,6.0,2.0,4.0,33.33,209411.81,-193476.74,365.17,,55.93,320495.625,-366786.00000000006,-35.51,-0.08,-0.08,0.0136,-0.0,2.0,1.0,1.0,0.0,100.0,394695.88,0.0,155.0,,7.25,394695.875,394695.875,39.47,1.69,1.82,0.0079,0.18,30.0,7.0,3.0,4.0,42.86,224454.88,-193476.74,335.14,,55.93,320495.625,-366786.00000000006,-10.05,0.06,0.06,0.013,0.0
VTBR,harami,1D,Bayesian_TPE,39,0.459,0.07,2.8,True,-109.54,-0.521,-0.388,124.44,2,0.0,True,"{""sampler"":""TPESampler"",""seed"":42,""n_trials"":50,""direction"":""maximize"",""objective"":""composite = Sharpe * (Return% / MaxDD%)""}","{""doji_tol"":0.07,""wick_body_ratio"":2.8,""allowshort"":true}",2014-01-01,2024-12-31,2025-01-01,2026-04-20,2014-01-01,2026-04-20,28.0,2.0,0.0,2.0,0.0,0.0,-555110.51,368.5,,124.44,-7319.219999999995,-1102901.8000000005,-111.02,-0.52,-0.39,0.5868,-0.25,2.0,1.0,1.0,0.0,100.0,394695.88,0.0,155.0,,7.25,394695.875,394695.875,39.47,1.69,1.82,0.0079,0.18,30.0,2.0,0.0,2.0,0.0,0.0,-571753.96,405.5,,124.44,-40606.125,-1102901.8000000005,-114.35,-0.48,-0.36,0.5472,-0.21
VTBR,harami,1D,Bayesian_TPE,40,0.459,0.11,1.6,True,-109.54,-0.521,-0.388,124.44,2,0.0,True,"{""sampler"":""TPESampler"",""seed"":42,""n_trials"":50,""direction"":""maximize"",""objective"":""composite = Sharpe * (Return% / MaxDD%)""}","{""doji_tol"":0.11,""wick_body_ratio"":1.6,""allowshort"":true}",2014-01-01,2024-12-31,2025-01-01,2026-04-20,2014-01-01,2026-04-20,28.0,2.0,0.0,2.0,0.0,0.0,-555110.51,368.5,,124.44,-7319.219999999995,-1102901.8000000005,-111.02,-0.52,-0.39,0.5868,-0.25,2.0,1.0,1.0,0.0,100.0,394695.88,0.0,155.0,,7.25,394695.875,394695.875,39.47,1.69,1.82,0.0079,0.18,30.0,2.0,0.0,2.0,0.0,0.0,-571753.96,405.5,,124.44,-40606.125,-1102901.8000000005,-114.35,-0.48,-0.36,0.5472,-0.21
VTBR,harami,1D,Bayesian_TPE,41,0.459,0.08,1.9,True,-109.54,-0.521,-0.388,124.44,2,0.0,True,"{""sampler"":""TPESampler"",""seed"":42,""n_trials"":50,""direction"":""maximize"",""objective"":""composite = Sharpe * (Return% / MaxDD%)""}","{""doji_tol"":0.08,""wick_body_ratio"":1.9,""allowshort"":true}",2014-01-01,2024-12-31,2025-01-01,2026-04-20,2014-01-01,2026-04-20,28.0,2.0,0.0,2.0,0.0,0.0,-555110.51,368.5,,124.44,-7319.219999999995,-1102901.8000000005,-111.02,-0.52,-0.39,0.5868,-0.25,2.0,1.0,1.0,0.0,100.0,394695.88,0.0,155.0,,7.25,394695.875,394695.875,39.47,1.69,1.82,0.0079,0.18,30.0,2.0,0.0,2.0,0.0,0.0,-571753.96,405.5,,124.44,-40606.125,-1102901.8000000005,-114.35,-0.48,-0.36,0.5472,-0.21
VTBR,harami,1D,Bayesian_TPE,42,0.459,0.09,1.6,True,-109.54,-0.521,-0.388,124.44,2,0.0,True,"{""sampler"":""TPESampler"",""seed"":42,""n_trials"":50,""direction"":""maximize"",""objective"":""composite = Sharpe * (Return% / MaxDD%)""}","{""doji_tol"":0.09,""wick_body_ratio"":1.6,""allowshort"":true}",2014-01-01,2024-12-31,2025-01-01,2026-04-20,2014-01-01,2026-04-20,28.0,2.0,0.0,2.0,0.0,0.0,-555110.51,368.5,,124.44,-7319.219999999995,-1102901.8000000005,-111.02,-0.52,-0.39,0.5868,-0.25,2.0,1.0,1.0,0.0,100.0,394695.88,0.0,155.0,,7.25,394695.875,394695.875,39.47,1.69,1.82,0.0079,0.18,30.0,2.0,0.0,2.0,0.0,0.0,-571753.96,405.5,,124.44,-40606.125,-1102901.8000000005,-114.35,-0.48,-0.36,0.5472,-0.21
VTBR,harami,1D,Bayesian_TPE,43,0.459,0.08,1.8,True,-109.54,-0.521,-0.388,124.44,2,0.0,True,"{""sampler"":""TPESampler"",""seed"":42,""n_trials"":50,""direction"":""maximize"",""objective"":""composite = Sharpe * (Return% / MaxDD%)""}","{""doji_tol"":0.08,""wick_body_ratio"":1.8,""allowshort"":true}",2014-01-01,2024-12-31,2025-01-01,2026-04-20,2014-01-01,2026-04-20,28.0,2.0,0.0,2.0,0.0,0.0,-555110.51,368.5,,124.44,-7319.219999999995,-1102901.8000000005,-111.02,-0.52,-0.39,0.5868,-0.25,2.0,1.0,1.0,0.0,100.0,394695.88,0.0,155.0,,7.25,394695.875,394695.875,39.47,1.69,1.82,0.0079,0.18,30.0,2.0,0.0,2.0,0.0,0.0,-571753.96,405.5,,124.44,-40606.125,-1102901.8000000005,-114.35,-0.48,-0.36,0.5472,-0.21
VTBR,harami,1D,Bayesian_TPE,44,0.459,0.1,1.7,True,-109.54,-0.521,-0.388,124.44,2,0.0,True,"{""sampler"":""TPESampler"",""seed"":42,""n_trials"":50,""direction"":""maximize"",""objective"":""composite = Sharpe * (Return% / MaxDD%)""}","{""doji_tol"":0.1,""wick_body_ratio"":1.7,""allowshort"":true}",2014-01-01,2024-12-31,2025-01-01,2026-04-20,2014-01-01,2026-04-20,28.0,2.0,0.0,2.0,0.0,0.0,-555110.51,368.5,,124.44,-7319.219999999995,-1102901.8000000005,-111.02,-0.52,-0.39,0.5868,-0.25,2.0,1.0,1.0,0.0,100.0,394695.88,0.0,155.0,,7.25,394695.875,394695.875,39.47,1.69,1.82,0.0079,0.18,30.0,2.0,0.0,2.0,0.0,0.0,-571753.96,405.5,,124.44,-40606.125,-1102901.8000000005,-114.35,-0.48,-0.36,0.5472,-0.21
VTBR,harami,1D,Bayesian_TPE,45,0.459,0.06,1.7,True,-109.54,-0.521,-0.388,124.44,2,0.0,True,"{""sampler"":""TPESampler"",""seed"":42,""n_trials"":50,""direction"":""maximize"",""objective"":""composite = Sharpe * (Return% / MaxDD%)""}","{""doji_tol"":0.06,""wick_body_ratio"":1.7,""allowshort"":true}",2014-01-01,2024-12-31,2025-01-01,2026-04-20,2014-01-01,2026-04-20,28.0,2.0,0.0,2.0,0.0,0.0,-555110.51,368.5,,124.44,-7319.219999999995,-1102901.8000000005,-111.02,-0.52,-0.39,0.5868,-0.25,2.0,1.0,1.0,0.0,100.0,394695.88,0.0,155.0,,7.25,394695.875,394695.875,39.47,1.69,1.82,0.0079,0.18,30.0,2.0,0.0,2.0,0.0,0.0,-571753.96,405.5,,124.44,-40606.125,-1102901.8000000005,-114.35,-0.48,-0.36,0.5472,-0.21
VTBR,harami,1D,Bayesian_TPE,46,0.459,0.14,2.4,True,-109.54,-0.521,-0.388,124.44,2,0.0,True,"{""sampler"":""TPESampler"",""seed"":42,""n_trials"":50,""direction"":""maximize"",""objective"":""composite = Sharpe * (Return% / MaxDD%)""}","{""doji_tol"":0.14,""wick_body_ratio"":2.4,""allowshort"":true}",2014-01-01,2024-12-31,2025-01-01,2026-04-20,2014-01-01,2026-04-20,28.0,2.0,0.0,2.0,0.0,0.0,-555110.51,368.5,,124.44,-7319.219999999995,-1102901.8000000005,-111.02,-0.52,-0.39,0.5868,-0.25,2.0,1.0,1.0,0.0,100.0,394695.88,0.0,155.0,,7.25,394695.875,394695.875,39.47,1.69,1.82,0.0079,0.18,30.0,2.0,0.0,2.0,0.0,0.0,-571753.96,405.5,,124.44,-40606.125,-1102901.8000000005,-114.35,-0.48,-0.36,0.5472,-0.21
VTBR,harami,1D,Bayesian_TPE,47,0.459,0.07,3.4000000000000004,True,-109.54,-0.521,-0.388,124.44,2,0.0,True,"{""sampler"":""TPESampler"",""seed"":42,""n_trials"":50,""direction"":""maximize"",""objective"":""composite = Sharpe * (Return% / MaxDD%)""}","{""doji_tol"":0.07,""wick_body_ratio"":3.4000000000000004,""allowshort"":true}",2014-01-01,2024-12-31,2025-01-01,2026-04-20,2014-01-01,2026-04-20,28.0,2.0,0.0,2.0,0.0,0.0,-555110.51,368.5,,124.44,-7319.219999999995,-1102901.8000000005,-111.02,-0.52,-0.39,0.5868,-0.25,2.0,1.0,1.0,0.0,100.0,394695.88,0.0,155.0,,7.25,394695.875,394695.875,39.47,1.69,1.82,0.0079,0.18,30.0,2.0,0.0,2.0,0.0,0.0,-571753.96,405.5,,124.44,-40606.125,-1102901.8000000005,-114.35,-0.48,-0.36,0.5472,-0.21
VTBR,harami,1D,Bayesian_TPE,48,0.459,0.04,3.1,True,-109.54,-0.521,-0.388,124.44,2,0.0,True,"{""sampler"":""TPESampler"",""seed"":42,""n_trials"":50,""direction"":""maximize"",""objective"":""composite = Sharpe * (Return% / MaxDD%)""}","{""doji_tol"":0.04,""wick_body_ratio"":3.1,""allowshort"":true}",2014-01-01,2024-12-31,2025-01-01,2026-04-20,2014-01-01,2026-04-20,28.0,2.0,0.0,2.0,0.0,0.0,-555110.51,368.5,,124.44,-7319.219999999995,-1102901.8000000005,-111.02,-0.52,-0.39,0.5868,-0.25,2.0,1.0,1.0,0.0,100.0,394695.88,0.0,155.0,,7.25,394695.875,394695.875,39.47,1.69,1.82,0.0079,0.18,30.0,2.0,0.0,2.0,0.0,0.0,-571753.96,405.5,,124.44,-40606.125,-1102901.8000000005,-114.35,-0.48,-0.36,0.5472,-0.21
VTBR,harami,1D,Bayesian_TPE,49,0.05,0.12,2.2,False,-35.51,-0.078,-0.079,55.93,6,33.33,False,"{""sampler"":""TPESampler"",""seed"":42,""n_trials"":50,""direction"":""maximize"",""objective"":""composite = Sharpe * (Return% / MaxDD%)""}","{""doji_tol"":0.12,""wick_body_ratio"":2.2,""allowshort"":false}",2014-01-01,2024-12-31,2025-01-01,2026-04-20,2014-01-01,2026-04-20,28.0,6.0,2.0,4.0,33.33,209411.81,-193476.74,365.17,,55.93,320495.625,-366786.00000000006,-35.51,-0.08,-0.08,0.0136,-0.0,2.0,1.0,1.0,0.0,100.0,394695.88,0.0,155.0,,7.25,394695.875,394695.875,39.47,1.69,1.82,0.0079,0.18,30.0,7.0,3.0,4.0,42.86,224454.88,-193476.74,335.14,,55.93,320495.625,-366786.00000000006,-10.05,0.06,0.06,0.013,0.0
ROSN,harami,1D,Bayesian_TPE,0,-0.004,0.09,3.4000000000000004,True,-1.86,0.163,0.189,69.37,15,40.0,True,"{""sampler"":""TPESampler"",""seed"":42,""n_trials"":50,""direction"":""maximize"",""objective"":""composite = Sharpe * (Return% / MaxDD%)""}","{""doji_tol"":0.09,""wick_body_ratio"":3.4000000000000004,""allowshort"":true}",2014-01-01,2024-12-31,2025-01-01,2026-04-20,2014-01-01,2026-04-20,25.0,15.0,6.0,9.0,40.0,88825.05,-61285.53,250.47,,69.37,245782.40000000005,-130207.0,-1.86,0.16,0.19,0.0204,0.0,9.0,3.0,2.0,1.0,66.67,79546.35,-228823.0,155.33,,32.22,88715.24999999996,-228823.00000000012,-6.97,-0.04,-0.05,0.0166,-0.0,34.0,18.0,8.0,10.0,44.44,86563.14,-75932.42,235.11,,69.37,245782.40000000005,-229502.00000000012,-6.68,0.15,0.17,0.02,0.0
ROSN,harami,1D,Bayesian_TPE,1,0.333,0.05,1.8,False,63.3,0.32,0.213,60.92,7,57.14,False,"{""sampler"":""TPESampler"",""seed"":42,""n_trials"":50,""direction"":""maximize"",""objective"":""composite = Sharpe * (Return% / MaxDD%)""}","{""doji_tol"":0.05,""wick_body_ratio"":1.8,""allowshort"":false}",2014-01-01,2024-12-31,2025-01-01,2026-04-20,2014-01-01,2026-04-20,25.0,7.0,4.0,3.0,57.14,195462.97,-49604.75,224.14,,60.92,396014.4000000001,-86228.54999999992,63.3,0.32,0.21,0.0143,0.01,9.0,2.0,1.0,1.0,50.0,63117.6,-228823.0,184.0,,32.22,63117.599999999955,-228823.00000000012,-16.57,-0.33,-0.46,0.0155,-0.02,34.0,9.0,5.0,4.0,55.56,176983.05,-130600.01,215.22,,60.92,396014.4000000001,-373585.80000000016,36.25,0.23,0.17,0.0145,0.01
ROSN,harami,1D,Bayesian_TPE,2,0.333,0.13,2.9000000000000004,False,63.3,0.32,0.213,60.92,7,57.14,False,"{""sampler"":""TPESampler"",""seed"":42,""n_trials"":50,""direction"":""maximize"",""objective"":""composite = Sharpe * (Return% / MaxDD%)""}","{""doji_tol"":0.13,""wick_body_ratio"":2.9000000000000004,""allowshort"":false}",2014-01-01,2024-12-31,2025-01-01,2026-04-20,2014-01-01,2026-04-20,25.0,7.0,4.0,3.0,57.14,195462.97,-49604.75,224.14,,60.92,396014.4000000001,-86228.54999999992,63.3,0.32,0.21,0.0143,0.01,9.0,2.0,1.0,1.0,50.0,63117.6,-228823.0,184.0,,32.22,63117.599999999955,-228823.00000000012,-16.57,-0.33,-0.46,0.0155,-0.02,34.0,9.0,5.0,4.0,55.56,176983.05,-130600.01,215.22,,60.92,396014.4000000001,-373585.80000000016,36.25,0.23,0.17,0.0145,0.01
ROSN,harami,1D,Bayesian_TPE,3,0.333,0.17,1.9,False,63.3,0.32,0.213,60.92,7,57.14,False,"{""sampler"":""TPESampler"",""seed"":42,""n_trials"":50,""direction"":""maximize"",""objective"":""composite = Sharpe * (Return% / MaxDD%)""}","{""doji_tol"":0.17,""wick_body_ratio"":1.9,""allowshort"":false}",2014-01-01,2024-12-31,2025-01-01,2026-04-20,2014-01-01,2026-04-20,25.0,7.0,4.0,3.0,57.14,195462.97,-49604.75,224.14,,60.92,396014.4000000001,-86228.54999999992,63.3,0.32,0.21,0.0143,0.01,9.0,2.0,1.0,1.0,50.0,63117.6,-228823.0,184.0,,32.22,63117.599999999955,-228823.00000000012,-16.57,-0.33,-0.46,0.0155,-0.02,34.0,9.0,5.0,4.0,55.56,176983.05,-130600.01,215.22,,60.92,396014.4000000001,-373585.80000000016,36.25,0.23,0.17,0.0145,0.01
ROSN,harami,1D,Bayesian_TPE,4,-0.004,0.08,2.6,True,-1.86,0.163,0.189,69.37,15,40.0,True,"{""sampler"":""TPESampler"",""seed"":42,""n_trials"":50,""direction"":""maximize"",""objective"":""composite = Sharpe * (Return% / MaxDD%)""}","{""doji_tol"":0.08,""wick_body_ratio"":2.6,""allowshort"":true}",2014-01-01,2024-12-31,2025-01-01,2026-04-20,2014-01-01,2026-04-20,25.0,15.0,6.0,9.0,40.0,88825.05,-61285.53,250.47,,69.37,245782.40000000005,-130207.0,-1.86,0.16,0.19,0.0204,0.0,9.0,3.0,2.0,1.0,66.67,79546.35,-228823.0,155.33,,32.22,88715.24999999996,-228823.00000000012,-6.97,-0.04,-0.05,0.0166,-0.0,34.0,18.0,8.0,10.0,44.44,86563.14,-75932.42,235.11,,69.37,245782.40000000005,-229502.00000000012,-6.68,0.15,0.17,0.02,0.0
ROSN,harami,1D,Bayesian_TPE,5,0.333,0.14,1.7,False,63.3,0.32,0.213,60.92,7,57.14,False,"{""sampler"":""TPESampler"",""seed"":42,""n_trials"":50,""direction"":""maximize"",""objective"":""composite = Sharpe * (Return% / MaxDD%)""}","{""doji_tol"":0.14,""wick_body_ratio"":1.7,""allowshort"":false}",2014-01-01,2024-12-31,2025-01-01,2026-04-20,2014-01-01,2026-04-20,25.0,7.0,4.0,3.0,57.14,195462.97,-49604.75,224.14,,60.92,396014.4000000001,-86228.54999999992,63.3,0.32,0.21,0.0143,0.01,9.0,2.0,1.0,1.0,50.0,63117.6,-228823.0,184.0,,32.22,63117.599999999955,-228823.00000000012,-16.57,-0.33,-0.46,0.0155,-0.02,34.0,9.0,5.0,4.0,55.56,176983.05,-130600.01,215.22,,60.92,396014.4000000001,-373585.80000000016,36.25,0.23,0.17,0.0145,0.01
ROSN,harami,1D,Bayesian_TPE,6,0.333,0.11,3.1,False,63.3,0.32,0.213,60.92,7,57.14,False,"{""sampler"":""TPESampler"",""seed"":42,""n_trials"":50,""direction"":""maximize"",""objective"":""composite = Sharpe * (Return% / MaxDD%)""}","{""doji_tol"":0.11,""wick_body_ratio"":3.1,""allowshort"":false}",2014-01-01,2024-12-31,2025-01-01,2026-04-20,2014-01-01,2026-04-20,25.0,7.0,4.0,3.0,57.14,195462.97,-49604.75,224.14,,60.92,396014.4000000001,-86228.54999999992,63.3,0.32,0.21,0.0143,0.01,9.0,2.0,1.0,1.0,50.0,63117.6,-228823.0,184.0,,32.22,63117.599999999955,-228823.00000000012,-16.57,-0.33,-0.46,0.0155,-0.02,34.0,9.0,5.0,4.0,55.56,176983.05,-130600.01,215.22,,60.92,396014.4000000001,-373585.80000000016,36.25,0.23,0.17,0.0145,0.01
ROSN,harami,1D,Bayesian_TPE,7,-0.004,0.13,1.5,True,-1.86,0.163,0.189,69.37,15,40.0,True,"{""sampler"":""TPESampler"",""seed"":42,""n_trials"":50,""direction"":""maximize"",""objective"":""composite = Sharpe * (Return% / MaxDD%)""}","{""doji_tol"":0.13,""wick_body_ratio"":1.5,""allowshort"":true}",2014-01-01,2024-12-31,2025-01-01,2026-04-20,2014-01-01,2026-04-20,25.0,15.0,6.0,9.0,40.0,88825.05,-61285.53,250.47,,69.37,245782.40000000005,-130207.0,-1.86,0.16,0.19,0.0204,0.0,9.0,3.0,2.0,1.0,66.67,79546.35,-228823.0,155.33,,32.22,88715.24999999996,-228823.00000000012,-6.97,-0.04,-0.05,0.0166,-0.0,34.0,18.0,8.0,10.0,44.44,86563.14,-75932.42,235.11,,69.37,245782.40000000005,-229502.00000000012,-6.68,0.15,0.17,0.02,0.0
ROSN,harami,1D,Bayesian_TPE,8,-0.004,0.04,3.4000000000000004,True,-1.86,0.163,0.189,69.37,15,40.0,True,"{""sampler"":""TPESampler"",""seed"":42,""n_trials"":50,""direction"":""maximize"",""objective"":""composite = Sharpe * (Return% / MaxDD%)""}","{""doji_tol"":0.04,""wick_body_ratio"":3.4000000000000004,""allowshort"":true}",2014-01-01,2024-12-31,2025-01-01,2026-04-20,2014-01-01,2026-04-20,25.0,15.0,6.0,9.0,40.0,88825.05,-61285.53,250.47,,69.37,245782.40000000005,-130207.0,-1.86,0.16,0.19,0.0204,0.0,9.0,3.0,2.0,1.0,66.67,79546.35,-228823.0,155.33,,32.22,88715.24999999996,-228823.00000000012,-6.97,-0.04,-0.05,0.0166,-0.0,34.0,18.0,8.0,10.0,44.44,86563.14,-75932.42,235.11,,69.37,245782.40000000005,-229502.00000000012,-6.68,0.15,0.17,0.02,0.0
ROSN,harami,1D,Bayesian_TPE,9,-0.004,0.08,1.7,True,-1.86,0.163,0.189,69.37,15,40.0,True,"{""sampler"":""TPESampler"",""seed"":42,""n_trials"":50,""direction"":""maximize"",""objective"":""composite = Sharpe * (Return% / MaxDD%)""}","{""doji_tol"":0.08,""wick_body_ratio"":1.7,""allowshort"":true}",2014-01-01,2024-12-31,2025-01-01,2026-04-20,2014-01-01,2026-04-20,25.0,15.0,6.0,9.0,40.0,88825.05,-61285.53,250.47,,69.37,245782.40000000005,-130207.0,-1.86,0.16,0.19,0.0204,0.0,9.0,3.0,2.0,1.0,66.67,79546.35,-228823.0,155.33,,32.22,88715.24999999996,-228823.00000000012,-6.97,-0.04,-0.05,0.0166,-0.0,34.0,18.0,8.0,10.0,44.44,86563.14,-75932.42,235.11,,69.37,245782.40000000005,-229502.00000000012,-6.68,0.15,0.17,0.02,0.0
ROSN,harami,1D,Bayesian_TPE,10,0.333,0.03,2.2,False,63.3,0.32,0.213,60.92,7,57.14,False,"{""sampler"":""TPESampler"",""seed"":42,""n_trials"":50,""direction"":""maximize"",""objective"":""composite = Sharpe * (Return% / MaxDD%)""}","{""doji_tol"":0.03,""wick_body_ratio"":2.2,""allowshort"":false}",2014-01-01,2024-12-31,2025-01-01,2026-04-20,2014-01-01,2026-04-20,25.0,7.0,4.0,3.0,57.14,195462.97,-49604.75,224.14,,60.92,396014.4000000001,-86228.54999999992,63.3,0.32,0.21,0.0143,0.01,9.0,2.0,1.0,1.0,50.0,63117.6,-228823.0,184.0,,32.22,63117.599999999955,-228823.00000000012,-16.57,-0.33,-0.46,0.0155,-0.02,34.0,9.0,5.0,4.0,55.56,176983.05,-130600.01,215.22,,60.92,396014.4000000001,-373585.80000000016,36.25,0.23,0.17,0.0145,0.01
ROSN,harami,1D,Bayesian_TPE,11,0.333,0.19,2.8,False,63.3,0.32,0.213,60.92,7,57.14,False,"{""sampler"":""TPESampler"",""seed"":42,""n_trials"":50,""direction"":""maximize"",""objective"":""composite = Sharpe * (Return% / MaxDD%)""}","{""doji_tol"":0.19,""wick_body_ratio"":2.8,""allowshort"":false}",2014-01-01,2024-12-31,2025-01-01,2026-04-20,2014-01-01,2026-04-20,25.0,7.0,4.0,3.0,57.14,195462.97,-49604.75,224.14,,60.92,396014.4000000001,-86228.54999999992,63.3,0.32,0.21,0.0143,0.01,9.0,2.0,1.0,1.0,50.0,63117.6,-228823.0,184.0,,32.22,63117.599999999955,-228823.00000000012,-16.57,-0.33,-0.46,0.0155,-0.02,34.0,9.0,5.0,4.0,55.56,176983.05,-130600.01,215.22,,60.92,396014.4000000001,-373585.80000000016,36.25,0.23,0.17,0.0145,0.01
ROSN,harami,1D,Bayesian_TPE,12,0.333,0.15,2.3,False,63.3,0.32,0.213,60.92,7,57.14,False,"{""sampler"":""TPESampler"",""seed"":42,""n_trials"":50,""direction"":""maximize"",""objective"":""composite = Sharpe * (Return% / MaxDD%)""}","{""doji_tol"":0.15,""wick_body_ratio"":2.3,""allowshort"":false}",2014-01-01,2024-12-31,2025-01-01,2026-04-20,2014-01-01,2026-04-20,25.0,7.0,4.0,3.0,57.14,195462.97,-49604.75,224.14,,60.92,396014.4000000001,-86228.54999999992,63.3,0.32,0.21,0.0143,0.01,9.0,2.0,1.0,1.0,50.0,63117.6,-228823.0,184.0,,32.22,63117.599999999955,-228823.00000000012,-16.57,-0.33,-0.46,0.0155,-0.02,34.0,9.0,5.0,4.0,55.56,176983.05,-130600.01,215.22,,60.92,396014.4000000001,-373585.80000000016,36.25,0.23,0.17,0.0145,0.01
ROSN,harami,1D,Bayesian_TPE,13,0.333,0.06,2.9000000000000004,False,63.3,0.32,0.213,60.92,7,57.14,False,"{""sampler"":""TPESampler"",""seed"":42,""n_trials"":50,""direction"":""maximize"",""objective"":""composite = Sharpe * (Return% / MaxDD%)""}","{""doji_tol"":0.06,""wick_body_ratio"":2.9000000000000004,""allowshort"":false}",2014-01-01,2024-12-31,2025-01-01,2026-04-20,2014-01-01,2026-04-20,25.0,7.0,4.0,3.0,57.14,195462.97,-49604.75,224.14,,60.92,396014.4000000001,-86228.54999999992,63.3,0.32,0.21,0.0143,0.01,9.0,2.0,1.0,1.0,50.0,63117.6,-228823.0,184.0,,32.22,63117.599999999955,-228823.00000000012,-16.57,-0.33,-0.46,0.0155,-0.02,34.0,9.0,5.0,4.0,55.56,176983.05,-130600.01,215.22,,60.92,396014.4000000001,-373585.80000000016,36.25,0.23,0.17,0.0145,0.01
ROSN,harami,1D,Bayesian_TPE,14,0.333,0.11,2.2,False,63.3,0.32,0.213,60.92,7,57.14,False,"{""sampler"":""TPESampler"",""seed"":42,""n_trials"":50,""direction"":""maximize"",""objective"":""composite = Sharpe * (Return% / MaxDD%)""}","{""doji_tol"":0.11,""wick_body_ratio"":2.2,""allowshort"":false}",2014-01-01,2024-12-31,2025-01-01,2026-04-20,2014-01-01,2026-04-20,25.0,7.0,4.0,3.0,57.14,195462.97,-49604.75,224.14,,60.92,396014.4000000001,-86228.54999999992,63.3,0.32,0.21,0.0143,0.01,9.0,2.0,1.0,1.0,50.0,63117.6,-228823.0,184.0,,32.22,63117.599999999955,-228823.00000000012,-16.57,-0.33,-0.46,0.0155,-0.02,34.0,9.0,5.0,4.0,55.56,176983.05,-130600.01,215.22,,60.92,396014.4000000001,-373585.80000000016,36.25,0.23,0.17,0.0145,0.01
ROSN,harami,1D,Bayesian_TPE,15,0.333,0.06,3.1,False,63.3,0.32,0.213,60.92,7,57.14,False,"{""sampler"":""TPESampler"",""seed"":42,""n_trials"":50,""direction"":""maximize"",""objective"":""composite = Sharpe * (Return% / MaxDD%)""}","{""doji_tol"":0.06,""wick_body_ratio"":3.1,""allowshort"":false}",2014-01-01,2024-12-31,2025-01-01,2026-04-20,2014-01-01,2026-04-20,25.0,7.0,4.0,3.0,57.14,195462.97,-49604.75,224.14,,60.92,396014.4000000001,-86228.54999999992,63.3,0.32,0.21,0.0143,0.01,9.0,2.0,1.0,1.0,50.0,63117.6,-228823.0,184.0,,32.22,63117.599999999955,-228823.00000000012,-16.57,-0.33,-0.46,0.0155,-0.02,34.0,9.0,5.0,4.0,55.56,176983.05,-130600.01,215.22,,60.92,396014.4000000001,-373585.80000000016,36.25,0.23,0.17,0.0145,0.01
ROSN,harami,1D,Bayesian_TPE,16,0.333,0.17,2.5,False,63.3,0.32,0.213,60.92,7,57.14,False,"{""sampler"":""TPESampler"",""seed"":42,""n_trials"":50,""direction"":""maximize"",""objective"":""composite = Sharpe * (Return% / MaxDD%)""}","{""doji_tol"":0.17,""wick_body_ratio"":2.5,""allowshort"":false}",2014-01-01,2024-12-31,2025-01-01,2026-04-20,2014-01-01,2026-04-20,25.0,7.0,4.0,3.0,57.14,195462.97,-49604.75,224.14,,60.92,396014.4000000001,-86228.54999999992,63.3,0.32,0.21,0.0143,0.01,9.0,2.0,1.0,1.0,50.0,63117.6,-228823.0,184.0,,32.22,63117.599999999955,-228823.00000000012,-16.57,-0.33,-0.46,0.0155,-0.02,34.0,9.0,5.0,4.0,55.56,176983.05,-130600.01,215.22,,60.92,396014.4000000001,-373585.80000000016,36.25,0.23,0.17,0.0145,0.01
ROSN,harami,1D,Bayesian_TPE,17,0.333,0.12,2.0,False,63.3,0.32,0.213,60.92,7,57.14,False,"{""sampler"":""TPESampler"",""seed"":42,""n_trials"":50,""direction"":""maximize"",""objective"":""composite = Sharpe * (Return% / MaxDD%)""}","{""doji_tol"":0.12,""wick_body_ratio"":2.0,""allowshort"":false}",2014-01-01,2024-12-31,2025-01-01,2026-04-20,2014-01-01,2026-04-20,25.0,7.0,4.0,3.0,57.14,195462.97,-49604.75,224.14,,60.92,396014.4000000001,-86228.54999999992,63.3,0.32,0.21,0.0143,0.01,9.0,2.0,1.0,1.0,50.0,63117.6,-228823.0,184.0,,32.22,63117.599999999955,-228823.00000000012,-16.57,-0.33,-0.46,0.0155,-0.02,34.0,9.0,5.0,4.0,55.56,176983.05,-130600.01,215.22,,60.92,396014.4000000001,-373585.80000000016,36.25,0.23,0.17,0.0145,0.01
ROSN,harami,1D,Bayesian_TPE,18,0.333,0.2,2.6,False,63.3,0.32,0.213,60.92,7,57.14,False,"{""sampler"":""TPESampler"",""seed"":42,""n_trials"":50,""direction"":""maximize"",""objective"":""composite = Sharpe * (Return% / MaxDD%)""}","{""doji_tol"":0.2,""wick_body_ratio"":2.6,""allowshort"":false}",2014-01-01,2024-12-31,2025-01-01,2026-04-20,2014-01-01,2026-04-20,25.0,7.0,4.0,3.0,57.14,195462.97,-49604.75,224.14,,60.92,396014.4000000001,-86228.54999999992,63.3,0.32,0.21,0.0143,0.01,9.0,2.0,1.0,1.0,50.0,63117.6,-228823.0,184.0,,32.22,63117.599999999955,-228823.00000000012,-16.57,-0.33,-0.46,0.0155,-0.02,34.0,9.0,5.0,4.0,55.56,176983.05,-130600.01,215.22,,60.92,396014.4000000001,-373585.80000000016,36.25,0.23,0.17,0.0145,0.01
ROSN,harami,1D,Bayesian_TPE,19,0.333,0.1,3.1,False,63.3,0.32,0.213,60.92,7,57.14,False,"{""sampler"":""TPESampler"",""seed"":42,""n_trials"":50,""direction"":""maximize"",""objective"":""composite = Sharpe * (Return% / MaxDD%)""}","{""doji_tol"":0.1,""wick_body_ratio"":3.1,""allowshort"":false}",2014-01-01,2024-12-31,2025-01-01,2026-04-20,2014-01-01,2026-04-20,25.0,7.0,4.0,3.0,57.14,195462.97,-49604.75,224.14,,60.92,396014.4000000001,-86228.54999999992,63.3,0.32,0.21,0.0143,0.01,9.0,2.0,1.0,1.0,50.0,63117.6,-228823.0,184.0,,32.22,63117.599999999955,-228823.00000000012,-16.57,-0.33,-0.46,0.0155,-0.02,34.0,9.0,5.0,4.0,55.56,176983.05,-130600.01,215.22,,60.92,396014.4000000001,-373585.80000000016,36.25,0.23,0.17,0.0145,0.01
ROSN,harami,1D,Bayesian_TPE,20,0.333,0.05,2.8,False,63.3,0.32,0.213,60.92,7,57.14,False,"{""sampler"":""TPESampler"",""seed"":42,""n_trials"":50,""direction"":""maximize"",""objective"":""composite = Sharpe * (Return% / MaxDD%)""}","{""doji_tol"":0.05,""wick_body_ratio"":2.8,""allowshort"":false}",2014-01-01,2024-12-31,2025-01-01,2026-04-20,2014-01-01,2026-04-20,25.0,7.0,4.0,3.0,57.14,195462.97,-49604.75,224.14,,60.92,396014.4000000001,-86228.54999999992,63.3,0.32,0.21,0.0143,0.01,9.0,2.0,1.0,1.0,50.0,63117.6,-228823.0,184.0,,32.22,63117.599999999955,-228823.00000000012,-16.57,-0.33,-0.46,0.0155,-0.02,34.0,9.0,5.0,4.0,55.56,176983.05,-130600.01,215.22,,60.92,396014.4000000001,-373585.80000000016,36.25,0.23,0.17,0.0145,0.01
ROSN,harami,1D,Bayesian_TPE,21,0.333,0.16,1.9,False,63.3,0.32,0.213,60.92,7,57.14,False,"{""sampler"":""TPESampler"",""seed"":42,""n_trials"":50,""direction"":""maximize"",""objective"":""composite = Sharpe * (Return% / MaxDD%)""}","{""doji_tol"":0.16,""wick_body_ratio"":1.9,""allowshort"":false}",2014-01-01,2024-12-31,2025-01-01,2026-04-20,2014-01-01,2026-04-20,25.0,7.0,4.0,3.0,57.14,195462.97,-49604.75,224.14,,60.92,396014.4000000001,-86228.54999999992,63.3,0.32,0.21,0.0143,0.01,9.0,2.0,1.0,1.0,50.0,63117.6,-228823.0,184.0,,32.22,63117.599999999955,-228823.00000000012,-16.57,-0.33,-0.46,0.0155,-0.02,34.0,9.0,5.0,4.0,55.56,176983.05,-130600.01,215.22,,60.92,396014.4000000001,-373585.80000000016,36.25,0.23,0.17,0.0145,0.01
ROSN,harami,1D,Bayesian_TPE,22,0.333,0.18,1.5,False,63.3,0.32,0.213,60.92,7,57.14,False,"{""sampler"":""TPESampler"",""seed"":42,""n_trials"":50,""direction"":""maximize"",""objective"":""composite = Sharpe * (Return% / MaxDD%)""}","{""doji_tol"":0.18,""wick_body_ratio"":1.5,""allowshort"":false}",2014-01-01,2024-12-31,2025-01-01,2026-04-20,2014-01-01,2026-04-20,25.0,7.0,4.0,3.0,57.14,195462.97,-49604.75,224.14,,60.92,396014.4000000001,-86228.54999999992,63.3,0.32,0.21,0.0143,0.01,9.0,2.0,1.0,1.0,50.0,63117.6,-228823.0,184.0,,32.22,63117.599999999955,-228823.00000000012,-16.57,-0.33,-0.46,0.0155,-0.02,34.0,9.0,5.0,4.0,55.56,176983.05,-130600.01,215.22,,60.92,396014.4000000001,-373585.80000000016,36.25,0.23,0.17,0.0145,0.01
ROSN,harami,1D,Bayesian_TPE,23,0.333,0.14,1.9,False,63.3,0.32,0.213,60.92,7,57.14,False,"{""sampler"":""TPESampler"",""seed"":42,""n_trials"":50,""direction"":""maximize"",""objective"":""composite = Sharpe * (Return% / MaxDD%)""}","{""doji_tol"":0.14,""wick_body_ratio"":1.9,""allowshort"":false}",2014-01-01,2024-12-31,2025-01-01,2026-04-20,2014-01-01,2026-04-20,25.0,7.0,4.0,3.0,57.14,195462.97,-49604.75,224.14,,60.92,396014.4000000001,-86228.54999999992,63.3,0.32,0.21,0.0143,0.01,9.0,2.0,1.0,1.0,50.0,63117.6,-228823.0,184.0,,32.22,63117.599999999955,-228823.00000000012,-16.57,-0.33,-0.46,0.0155,-0.02,34.0,9.0,5.0,4.0,55.56,176983.05,-130600.01,215.22,,60.92,396014.4000000001,-373585.80000000016,36.25,0.23,0.17,0.0145,0.01
ROSN,harami,1D,Bayesian_TPE,24,0.333,0.16,1.7,False,63.3,0.32,0.213,60.92,7,57.14,False,"{""sampler"":""TPESampler"",""seed"":42,""n_trials"":50,""direction"":""maximize"",""objective"":""composite = Sharpe * (Return% / MaxDD%)""}","{""doji_tol"":0.16,""wick_body_ratio"":1.7,""allowshort"":false}",2014-01-01,2024-12-31,2025-01-01,2026-04-20,2014-01-01,2026-04-20,25.0,7.0,4.0,3.0,57.14,195462.97,-49604.75,224.14,,60.92,396014.4000000001,-86228.54999999992,63.3,0.32,0.21,0.0143,0.01,9.0,2.0,1.0,1.0,50.0,63117.6,-228823.0,184.0,,32.22,63117.599999999955,-228823.00000000012,-16.57,-0.33,-0.46,0.0155,-0.02,34.0,9.0,5.0,4.0,55.56,176983.05,-130600.01,215.22,,60.92,396014.4000000001,-373585.80000000016,36.25,0.23,0.17,0.0145,0.01
ROSN,harami,1D,Bayesian_TPE,25,0.333,0.13,2.4,False,63.3,0.32,0.213,60.92,7,57.14,False,"{""sampler"":""TPESampler"",""seed"":42,""n_trials"":50,""direction"":""maximize"",""objective"":""composite = Sharpe * (Return% / MaxDD%)""}","{""doji_tol"":0.13,""wick_body_ratio"":2.4,""allowshort"":false}",2014-01-01,2024-12-31,2025-01-01,2026-04-20,2014-01-01,2026-04-20,25.0,7.0,4.0,3.0,57.14,195462.97,-49604.75,224.14,,60.92,396014.4000000001,-86228.54999999992,63.3,0.32,0.21,0.0143,0.01,9.0,2.0,1.0,1.0,50.0,63117.6,-228823.0,184.0,,32.22,63117.599999999955,-228823.00000000012,-16.57,-0.33,-0.46,0.0155,-0.02,34.0,9.0,5.0,4.0,55.56,176983.05,-130600.01,215.22,,60.92,396014.4000000001,-373585.80000000016,36.25,0.23,0.17,0.0145,0.01
ROSN,harami,1D,Bayesian_TPE,26,-0.004,0.17,2.1,True,-1.86,0.163,0.189,69.37,15,40.0,True,"{""sampler"":""TPESampler"",""seed"":42,""n_trials"":50,""direction"":""maximize"",""objective"":""composite = Sharpe * (Return% / MaxDD%)""}","{""doji_tol"":0.17,""wick_body_ratio"":2.1,""allowshort"":true}",2014-01-01,2024-12-31,2025-01-01,2026-04-20,2014-01-01,2026-04-20,25.0,15.0,6.0,9.0,40.0,88825.05,-61285.53,250.47,,69.37,245782.40000000005,-130207.0,-1.86,0.16,0.19,0.0204,0.0,9.0,3.0,2.0,1.0,66.67,79546.35,-228823.0,155.33,,32.22,88715.24999999996,-228823.00000000012,-6.97,-0.04,-0.05,0.0166,-0.0,34.0,18.0,8.0,10.0,44.44,86563.14,-75932.42,235.11,,69.37,245782.40000000005,-229502.00000000012,-6.68,0.15,0.17,0.02,0.0
ROSN,harami,1D,Bayesian_TPE,27,0.333,0.2,1.7,False,63.3,0.32,0.213,60.92,7,57.14,False,"{""sampler"":""TPESampler"",""seed"":42,""n_trials"":50,""direction"":""maximize"",""objective"":""composite = Sharpe * (Return% / MaxDD%)""}","{""doji_tol"":0.2,""wick_body_ratio"":1.7,""allowshort"":false}",2014-01-01,2024-12-31,2025-01-01,2026-04-20,2014-01-01,2026-04-20,25.0,7.0,4.0,3.0,57.14,195462.97,-49604.75,224.14,,60.92,396014.4000000001,-86228.54999999992,63.3,0.32,0.21,0.0143,0.01,9.0,2.0,1.0,1.0,50.0,63117.6,-228823.0,184.0,,32.22,63117.599999999955,-228823.00000000012,-16.57,-0.33,-0.46,0.0155,-0.02,34.0,9.0,5.0,4.0,55.56,176983.05,-130600.01,215.22,,60.92,396014.4000000001,-373585.80000000016,36.25,0.23,0.17,0.0145,0.01
ROSN,harami,1D,Bayesian_TPE,28,0.333,0.08,1.9,False,63.3,0.32,0.213,60.92,7,57.14,False,"{""sampler"":""TPESampler"",""seed"":42,""n_trials"":50,""direction"":""maximize"",""objective"":""composite = Sharpe * (Return% / MaxDD%)""}","{""doji_tol"":0.08,""wick_body_ratio"":1.9,""allowshort"":false}",2014-01-01,2024-12-31,2025-01-01,2026-04-20,2014-01-01,2026-04-20,25.0,7.0,4.0,3.0,57.14,195462.97,-49604.75,224.14,,60.92,396014.4000000001,-86228.54999999992,63.3,0.32,0.21,0.0143,0.01,9.0,2.0,1.0,1.0,50.0,63117.6,-228823.0,184.0,,32.22,63117.599999999955,-228823.00000000012,-16.57,-0.33,-0.46,0.0155,-0.02,34.0,9.0,5.0,4.0,55.56,176983.05,-130600.01,215.22,,60.92,396014.4000000001,-373585.80000000016,36.25,0.23,0.17,0.0145,0.01
ROSN,harami,1D,Bayesian_TPE,29,-0.004,0.09,3.2,True,-1.86,0.163,0.189,69.37,15,40.0,True,"{""sampler"":""TPESampler"",""seed"":42,""n_trials"":50,""direction"":""maximize"",""objective"":""composite = Sharpe * (Return% / MaxDD%)""}","{""doji_tol"":0.09,""wick_body_ratio"":3.2,""allowshort"":true}",2014-01-01,2024-12-31,2025-01-01,2026-04-20,2014-01-01,2026-04-20,25.0,15.0,6.0,9.0,40.0,88825.05,-61285.53,250.47,,69.37,245782.40000000005,-130207.0,-1.86,0.16,0.19,0.0204,0.0,9.0,3.0,2.0,1.0,66.67,79546.35,-228823.0,155.33,,32.22,88715.24999999996,-228823.00000000012,-6.97,-0.04,-0.05,0.0166,-0.0,34.0,18.0,8.0,10.0,44.44,86563.14,-75932.42,235.11,,69.37,245782.40000000005,-229502.00000000012,-6.68,0.15,0.17,0.02,0.0
ROSN,harami,1D,Bayesian_TPE,30,0.333,0.15,3.4000000000000004,False,63.3,0.32,0.213,60.92,7,57.14,False,"{""sampler"":""TPESampler"",""seed"":42,""n_trials"":50,""direction"":""maximize"",""objective"":""composite = Sharpe * (Return% / MaxDD%)""}","{""doji_tol"":0.15,""wick_body_ratio"":3.4000000000000004,""allowshort"":false}",2014-01-01,2024-12-31,2025-01-01,2026-04-20,2014-01-01,2026-04-20,25.0,7.0,4.0,3.0,57.14,195462.97,-49604.75,224.14,,60.92,396014.4000000001,-86228.54999999992,63.3,0.32,0.21,0.0143,0.01,9.0,2.0,1.0,1.0,50.0,63117.6,-228823.0,184.0,,32.22,63117.599999999955,-228823.00000000012,-16.57,-0.33,-0.46,0.0155,-0.02,34.0,9.0,5.0,4.0,55.56,176983.05,-130600.01,215.22,,60.92,396014.4000000001,-373585.80000000016,36.25,0.23,0.17,0.0145,0.01
ROSN,harami,1D,Bayesian_TPE,31,0.333,0.14,1.6,False,63.3,0.32,0.213,60.92,7,57.14,False,"{""sampler"":""TPESampler"",""seed"":42,""n_trials"":50,""direction"":""maximize"",""objective"":""composite = Sharpe * (Return% / MaxDD%)""}","{""doji_tol"":0.14,""wick_body_ratio"":1.6,""allowshort"":false}",2014-01-01,2024-12-31,2025-01-01,2026-04-20,2014-01-01,2026-04-20,25.0,7.0,4.0,3.0,57.14,195462.97,-49604.75,224.14,,60.92,396014.4000000001,-86228.54999999992,63.3,0.32,0.21,0.0143,0.01,9.0,2.0,1.0,1.0,50.0,63117.6,-228823.0,184.0,,32.22,63117.599999999955,-228823.00000000012,-16.57,-0.33,-0.46,0.0155,-0.02,34.0,9.0,5.0,4.0,55.56,176983.05,-130600.01,215.22,,60.92,396014.4000000001,-373585.80000000016,36.25,0.23,0.17,0.0145,0.01
ROSN,harami,1D,Bayesian_TPE,32,0.333,0.12,1.8,False,63.3,0.32,0.213,60.92,7,57.14,False,"{""sampler"":""TPESampler"",""seed"":42,""n_trials"":50,""direction"":""maximize"",""objective"":""composite = Sharpe * (Return% / MaxDD%)""}","{""doji_tol"":0.12,""wick_body_ratio"":1.8,""allowshort"":false}",2014-01-01,2024-12-31,2025-01-01,2026-04-20,2014-01-01,2026-04-20,25.0,7.0,4.0,3.0,57.14,195462.97,-49604.75,224.14,,60.92,396014.4000000001,-86228.54999999992,63.3,0.32,0.21,0.0143,0.01,9.0,2.0,1.0,1.0,50.0,63117.6,-228823.0,184.0,,32.22,63117.599999999955,-228823.00000000012,-16.57,-0.33,-0.46,0.0155,-0.02,34.0,9.0,5.0,4.0,55.56,176983.05,-130600.01,215.22,,60.92,396014.4000000001,-373585.80000000016,36.25,0.23,0.17,0.0145,0.01
ROSN,harami,1D,Bayesian_TPE,33,0.333,0.14,2.1,False,63.3,0.32,0.213,60.92,7,57.14,False,"{""sampler"":""TPESampler"",""seed"":42,""n_trials"":50,""direction"":""maximize"",""objective"":""composite = Sharpe * (Return% / MaxDD%)""}","{""doji_tol"":0.14,""wick_body_ratio"":2.1,""allowshort"":false}",2014-01-01,2024-12-31,2025-01-01,2026-04-20,2014-01-01,2026-04-20,25.0,7.0,4.0,3.0,57.14,195462.97,-49604.75,224.14,,60.92,396014.4000000001,-86228.54999999992,63.3,0.32,0.21,0.0143,0.01,9.0,2.0,1.0,1.0,50.0,63117.6,-228823.0,184.0,,32.22,63117.599999999955,-228823.00000000012,-16.57,-0.33,-0.46,0.0155,-0.02,34.0,9.0,5.0,4.0,55.56,176983.05,-130600.01,215.22,,60.92,396014.4000000001,-373585.80000000016,36.25,0.23,0.17,0.0145,0.01
ROSN,harami,1D,Bayesian_TPE,34,-0.004,0.1,1.6,True,-1.86,0.163,0.189,69.37,15,40.0,True,"{""sampler"":""TPESampler"",""seed"":42,""n_trials"":50,""direction"":""maximize"",""objective"":""composite = Sharpe * (Return% / MaxDD%)""}","{""doji_tol"":0.1,""wick_body_ratio"":1.6,""allowshort"":true}",2014-01-01,2024-12-31,2025-01-01,2026-04-20,2014-01-01,2026-04-20,25.0,15.0,6.0,9.0,40.0,88825.05,-61285.53,250.47,,69.37,245782.40000000005,-130207.0,-1.86,0.16,0.19,0.0204,0.0,9.0,3.0,2.0,1.0,66.67,79546.35,-228823.0,155.33,,32.22,88715.24999999996,-228823.00000000012,-6.97,-0.04,-0.05,0.0166,-0.0,34.0,18.0,8.0,10.0,44.44,86563.14,-75932.42,235.11,,69.37,245782.40000000005,-229502.00000000012,-6.68,0.15,0.17,0.02,0.0
ROSN,harami,1D,Bayesian_TPE,35,0.333,0.13,1.8,False,63.3,0.32,0.213,60.92,7,57.14,False,"{""sampler"":""TPESampler"",""seed"":42,""n_trials"":50,""direction"":""maximize"",""objective"":""composite = Sharpe * (Return% / MaxDD%)""}","{""doji_tol"":0.13,""wick_body_ratio"":1.8,""allowshort"":false}",2014-01-01,2024-12-31,2025-01-01,2026-04-20,2014-01-01,2026-04-20,25.0,7.0,4.0,3.0,57.14,195462.97,-49604.75,224.14,,60.92,396014.4000000001,-86228.54999999992,63.3,0.32,0.21,0.0143,0.01,9.0,2.0,1.0,1.0,50.0,63117.6,-228823.0,184.0,,32.22,63117.599999999955,-228823.00000000012,-16.57,-0.33,-0.46,0.0155,-0.02,34.0,9.0,5.0,4.0,55.56,176983.05,-130600.01,215.22,,60.92,396014.4000000001,-373585.80000000016,36.25,0.23,0.17,0.0145,0.01
ROSN,harami,1D,Bayesian_TPE,36,-0.004,0.16,1.5,True,-1.86,0.163,0.189,69.37,15,40.0,True,"{""sampler"":""TPESampler"",""seed"":42,""n_trials"":50,""direction"":""maximize"",""objective"":""composite = Sharpe * (Return% / MaxDD%)""}","{""doji_tol"":0.16,""wick_body_ratio"":1.5,""allowshort"":true}",2014-01-01,2024-12-31,2025-01-01,2026-04-20,2014-01-01,2026-04-20,25.0,15.0,6.0,9.0,40.0,88825.05,-61285.53,250.47,,69.37,245782.40000000005,-130207.0,-1.86,0.16,0.19,0.0204,0.0,9.0,3.0,2.0,1.0,66.67,79546.35,-228823.0,155.33,,32.22,88715.24999999996,-228823.00000000012,-6.97,-0.04,-0.05,0.0166,-0.0,34.0,18.0,8.0,10.0,44.44,86563.14,-75932.42,235.11,,69.37,245782.40000000005,-229502.00000000012,-6.68,0.15,0.17,0.02,0.0
ROSN,harami,1D,Bayesian_TPE,37,0.333,0.18,2.5,False,63.3,0.32,0.213,60.92,7,57.14,False,"{""sampler"":""TPESampler"",""seed"":42,""n_trials"":50,""direction"":""maximize"",""objective"":""composite = Sharpe * (Return% / MaxDD%)""}","{""doji_tol"":0.18,""wick_body_ratio"":2.5,""allowshort"":false}",2014-01-01,2024-12-31,2025-01-01,2026-04-20,2014-01-01,2026-04-20,25.0,7.0,4.0,3.0,57.14,195462.97,-49604.75,224.14,,60.92,396014.4000000001,-86228.54999999992,63.3,0.32,0.21,0.0143,0.01,9.0,2.0,1.0,1.0,50.0,63117.6,-228823.0,184.0,,32.22,63117.599999999955,-228823.00000000012,-16.57,-0.33,-0.46,0.0155,-0.02,34.0,9.0,5.0,4.0,55.56,176983.05,-130600.01,215.22,,60.92,396014.4000000001,-373585.80000000016,36.25,0.23,0.17,0.0145,0.01
ROSN,harami,1D,Bayesian_TPE,38,0.333,0.03,2.7,False,63.3,0.32,0.213,60.92,7,57.14,False,"{""sampler"":""TPESampler"",""seed"":42,""n_trials"":50,""direction"":""maximize"",""objective"":""composite = Sharpe * (Return% / MaxDD%)""}","{""doji_tol"":0.03,""wick_body_ratio"":2.7,""allowshort"":false}",2014-01-01,2024-12-31,2025-01-01,2026-04-20,2014-01-01,2026-04-20,25.0,7.0,4.0,3.0,57.14,195462.97,-49604.75,224.14,,60.92,396014.4000000001,-86228.54999999992,63.3,0.32,0.21,0.0143,0.01,9.0,2.0,1.0,1.0,50.0,63117.6,-228823.0,184.0,,32.22,63117.599999999955,-228823.00000000012,-16.57,-0.33,-0.46,0.0155,-0.02,34.0,9.0,5.0,4.0,55.56,176983.05,-130600.01,215.22,,60.92,396014.4000000001,-373585.80000000016,36.25,0.23,0.17,0.0145,0.01
ROSN,harami,1D,Bayesian_TPE,39,-0.004,0.15,2.3,True,-1.86,0.163,0.189,69.37,15,40.0,True,"{""sampler"":""TPESampler"",""seed"":42,""n_trials"":50,""direction"":""maximize"",""objective"":""composite = Sharpe * (Return% / MaxDD%)""}","{""doji_tol"":0.15,""wick_body_ratio"":2.3,""allowshort"":true}",2014-01-01,2024-12-31,2025-01-01,2026-04-20,2014-01-01,2026-04-20,25.0,15.0,6.0,9.0,40.0,88825.05,-61285.53,250.47,,69.37,245782.40000000005,-130207.0,-1.86,0.16,0.19,0.0204,0.0,9.0,3.0,2.0,1.0,66.67,79546.35,-228823.0,155.33,,32.22,88715.24999999996,-228823.00000000012,-6.97,-0.04,-0.05,0.0166,-0.0,34.0,18.0,8.0,10.0,44.44,86563.14,-75932.42,235.11,,69.37,245782.40000000005,-229502.00000000012,-6.68,0.15,0.17,0.02,0.0
ROSN,harami,1D,Bayesian_TPE,40,0.333,0.1,2.0,False,63.3,0.32,0.213,60.92,7,57.14,False,"{""sampler"":""TPESampler"",""seed"":42,""n_trials"":50,""direction"":""maximize"",""objective"":""composite = Sharpe * (Return% / MaxDD%)""}","{""doji_tol"":0.1,""wick_body_ratio"":2.0,""allowshort"":false}",2014-01-01,2024-12-31,2025-01-01,2026-04-20,2014-01-01,2026-04-20,25.0,7.0,4.0,3.0,57.14,195462.97,-49604.75,224.14,,60.92,396014.4000000001,-86228.54999999992,63.3,0.32,0.21,0.0143,0.01,9.0,2.0,1.0,1.0,50.0,63117.6,-228823.0,184.0,,32.22,63117.599999999955,-228823.00000000012,-16.57,-0.33,-0.46,0.0155,-0.02,34.0,9.0,5.0,4.0,55.56,176983.05,-130600.01,215.22,,60.92,396014.4000000001,-373585.80000000016,36.25,0.23,0.17,0.0145,0.01
ROSN,harami,1D,Bayesian_TPE,41,0.333,0.07,3.0,False,63.3,0.32,0.213,60.92,7,57.14,False,"{""sampler"":""TPESampler"",""seed"":42,""n_trials"":50,""direction"":""maximize"",""objective"":""composite = Sharpe * (Return% / MaxDD%)""}","{""doji_tol"":0.07,""wick_body_ratio"":3.0,""allowshort"":false}",2014-01-01,2024-12-31,2025-01-01,2026-04-20,2014-01-01,2026-04-20,25.0,7.0,4.0,3.0,57.14,195462.97,-49604.75,224.14,,60.92,396014.4000000001,-86228.54999999992,63.3,0.32,0.21,0.0143,0.01,9.0,2.0,1.0,1.0,50.0,63117.6,-228823.0,184.0,,32.22,63117.599999999955,-228823.00000000012,-16.57,-0.33,-0.46,0.0155,-0.02,34.0,9.0,5.0,4.0,55.56,176983.05,-130600.01,215.22,,60.92,396014.4000000001,-373585.80000000016,36.25,0.23,0.17,0.0145,0.01
ROSN,harami,1D,Bayesian_TPE,42,0.333,0.11,3.3,False,63.3,0.32,0.213,60.92,7,57.14,False,"{""sampler"":""TPESampler"",""seed"":42,""n_trials"":50,""direction"":""maximize"",""objective"":""composite = Sharpe * (Return% / MaxDD%)""}","{""doji_tol"":0.11,""wick_body_ratio"":3.3,""allowshort"":false}",2014-01-01,2024-12-31,2025-01-01,2026-04-20,2014-01-01,2026-04-20,25.0,7.0,4.0,3.0,57.14,195462.97,-49604.75,224.14,,60.92,396014.4000000001,-86228.54999999992,63.3,0.32,0.21,0.0143,0.01,9.0,2.0,1.0,1.0,50.0,63117.6,-228823.0,184.0,,32.22,63117.599999999955,-228823.00000000012,-16.57,-0.33,-0.46,0.0155,-0.02,34.0,9.0,5.0,4.0,55.56,176983.05,-130600.01,215.22,,60.92,396014.4000000001,-373585.80000000016,36.25,0.23,0.17,0.0145,0.01
ROSN,harami,1D,Bayesian_TPE,43,0.333,0.12,3.5,False,63.3,0.32,0.213,60.92,7,57.14,False,"{""sampler"":""TPESampler"",""seed"":42,""n_trials"":50,""direction"":""maximize"",""objective"":""composite = Sharpe * (Return% / MaxDD%)""}","{""doji_tol"":0.12,""wick_body_ratio"":3.5,""allowshort"":false}",2014-01-01,2024-12-31,2025-01-01,2026-04-20,2014-01-01,2026-04-20,25.0,7.0,4.0,3.0,57.14,195462.97,-49604.75,224.14,,60.92,396014.4000000001,-86228.54999999992,63.3,0.32,0.21,0.0143,0.01,9.0,2.0,1.0,1.0,50.0,63117.6,-228823.0,184.0,,32.22,63117.599999999955,-228823.00000000012,-16.57,-0.33,-0.46,0.0155,-0.02,34.0,9.0,5.0,4.0,55.56,176983.05,-130600.01,215.22,,60.92,396014.4000000001,-373585.80000000016,36.25,0.23,0.17,0.0145,0.01
ROSN,harami,1D,Bayesian_TPE,44,0.333,0.13,2.9000000000000004,False,63.3,0.32,0.213,60.92,7,57.14,False,"{""sampler"":""TPESampler"",""seed"":42,""n_trials"":50,""direction"":""maximize"",""objective"":""composite = Sharpe * (Return% / MaxDD%)""}","{""doji_tol"":0.13,""wick_body_ratio"":2.9000000000000004,""allowshort"":false}",2014-01-01,2024-12-31,2025-01-01,2026-04-20,2014-01-01,2026-04-20,25.0,7.0,4.0,3.0,57.14,195462.97,-49604.75,224.14,,60.92,396014.4000000001,-86228.54999999992,63.3,0.32,0.21,0.0143,0.01,9.0,2.0,1.0,1.0,50.0,63117.6,-228823.0,184.0,,32.22,63117.599999999955,-228823.00000000012,-16.57,-0.33,-0.46,0.0155,-0.02,34.0,9.0,5.0,4.0,55.56,176983.05,-130600.01,215.22,,60.92,396014.4000000001,-373585.80000000016,36.25,0.23,0.17,0.0145,0.01
ROSN,harami,1D,Bayesian_TPE,45,0.333,0.05,1.8,False,63.3,0.32,0.213,60.92,7,57.14,False,"{""sampler"":""TPESampler"",""seed"":42,""n_trials"":50,""direction"":""maximize"",""objective"":""composite = Sharpe * (Return% / MaxDD%)""}","{""doji_tol"":0.05,""wick_body_ratio"":1.8,""allowshort"":false}",2014-01-01,2024-12-31,2025-01-01,2026-04-20,2014-01-01,2026-04-20,25.0,7.0,4.0,3.0,57.14,195462.97,-49604.75,224.14,,60.92,396014.4000000001,-86228.54999999992,63.3,0.32,0.21,0.0143,0.01,9.0,2.0,1.0,1.0,50.0,63117.6,-228823.0,184.0,,32.22,63117.599999999955,-228823.00000000012,-16.57,-0.33,-0.46,0.0155,-0.02,34.0,9.0,5.0,4.0,55.56,176983.05,-130600.01,215.22,,60.92,396014.4000000001,-373585.80000000016,36.25,0.23,0.17,0.0145,0.01
ROSN,harami,1D,Bayesian_TPE,46,0.333,0.19,2.8,False,63.3,0.32,0.213,60.92,7,57.14,False,"{""sampler"":""TPESampler"",""seed"":42,""n_trials"":50,""direction"":""maximize"",""objective"":""composite = Sharpe * (Return% / MaxDD%)""}","{""doji_tol"":0.19,""wick_body_ratio"":2.8,""allowshort"":false}",2014-01-01,2024-12-31,2025-01-01,2026-04-20,2014-01-01,2026-04-20,25.0,7.0,4.0,3.0,57.14,195462.97,-49604.75,224.14,,60.92,396014.4000000001,-86228.54999999992,63.3,0.32,0.21,0.0143,0.01,9.0,2.0,1.0,1.0,50.0,63117.6,-228823.0,184.0,,32.22,63117.599999999955,-228823.00000000012,-16.57,-0.33,-0.46,0.0155,-0.02,34.0,9.0,5.0,4.0,55.56,176983.05,-130600.01,215.22,,60.92,396014.4000000001,-373585.80000000016,36.25,0.23,0.17,0.0145,0.01
ROSN,harami,1D,Bayesian_TPE,47,0.333,0.09,3.1,False,63.3,0.32,0.213,60.92,7,57.14,False,"{""sampler"":""TPESampler"",""seed"":42,""n_trials"":50,""direction"":""maximize"",""objective"":""composite = Sharpe * (Return% / MaxDD%)""}","{""doji_tol"":0.09,""wick_body_ratio"":3.1,""allowshort"":false}",2014-01-01,2024-12-31,2025-01-01,2026-04-20,2014-01-01,2026-04-20,25.0,7.0,4.0,3.0,57.14,195462.97,-49604.75,224.14,,60.92,396014.4000000001,-86228.54999999992,63.3,0.32,0.21,0.0143,0.01,9.0,2.0,1.0,1.0,50.0,63117.6,-228823.0,184.0,,32.22,63117.599999999955,-228823.00000000012,-16.57,-0.33,-0.46,0.0155,-0.02,34.0,9.0,5.0,4.0,55.56,176983.05,-130600.01,215.22,,60.92,396014.4000000001,-373585.80000000016,36.25,0.23,0.17,0.0145,0.01
ROSN,harami,1D,Bayesian_TPE,48,0.333,0.11,3.0,False,63.3,0.32,0.213,60.92,7,57.14,False,"{""sampler"":""TPESampler"",""seed"":42,""n_trials"":50,""direction"":""maximize"",""objective"":""composite = Sharpe * (Return% / MaxDD%)""}","{""doji_tol"":0.11,""wick_body_ratio"":3.0,""allowshort"":false}",2014-01-01,2024-12-31,2025-01-01,2026-04-20,2014-01-01,2026-04-20,25.0,7.0,4.0,3.0,57.14,195462.97,-49604.75,224.14,,60.92,396014.4000000001,-86228.54999999992,63.3,0.32,0.21,0.0143,0.01,9.0,2.0,1.0,1.0,50.0,63117.6,-228823.0,184.0,,32.22,63117.599999999955,-228823.00000000012,-16.57,-0.33,-0.46,0.0155,-0.02,34.0,9.0,5.0,4.0,55.56,176983.05,-130600.01,215.22,,60.92,396014.4000000001,-373585.80000000016,36.25,0.23,0.17,0.0145,0.01
ROSN,harami,1D,Bayesian_TPE,49,-0.004,0.15,1.6,True,-1.86,0.163,0.189,69.37,15,40.0,True,"{""sampler"":""TPESampler"",""seed"":42,""n_trials"":50,""direction"":""maximize"",""objective"":""composite = Sharpe * (Return% / MaxDD%)""}","{""doji_tol"":0.15,""wick_body_ratio"":1.6,""allowshort"":true}",2014-01-01,2024-12-31,2025-01-01,2026-04-20,2014-01-01,2026-04-20,25.0,15.0,6.0,9.0,40.0,88825.05,-61285.53,250.47,,69.37,245782.40000000005,-130207.0,-1.86,0.16,0.19,0.0204,0.0,9.0,3.0,2.0,1.0,66.67,79546.35,-228823.0,155.33,,32.22,88715.24999999996,-228823.00000000012,-6.97,-0.04,-0.05,0.0166,-0.0,34.0,18.0,8.0,10.0,44.44,86563.14,-75932.42,235.11,,69.37,245782.40000000005,-229502.00000000012,-6.68,0.15,0.17,0.02,0.0
SBER,harami,1D,Bayesian_TPE,0,2.446,0.09,3.4000000000000004,True,355.73,0.526,0.812,76.49,13,69.23,True,"{""sampler"":""TPESampler"",""seed"":42,""n_trials"":50,""direction"":""maximize"",""objective"":""composite = Sharpe * (Return% / MaxDD%)""}","{""doji_tol"":0.09,""wick_body_ratio"":3.4000000000000004,""allowshort"":true}",2014-01-01,2024-12-31,2025-01-01,2026-04-20,2014-01-01,2026-04-20,33.0,13.0,9.0,4.0,69.23,543071.45,-332594.91,305.77,,76.49,2710545.05,-644895.0000000002,355.73,0.53,0.81,0.0264,0.02,4.0,1.0,1.0,0.0,100.0,32097.8,0.0,316.0,,14.26,32097.800000000072,32097.800000000072,3.21,0.21,0.24,0.0081,0.01,37.0,13.0,9.0,4.0,69.23,625196.33,-332594.91,342.31,,76.49,2710545.05,-644895.0000000002,429.64,0.52,0.79,0.025,0.02
SBER,harami,1D,Bayesian_TPE,1,7.942,0.05,1.8,False,465.97,0.769,0.881,45.12,7,71.43,False,"{""sampler"":""TPESampler"",""seed"":42,""n_trials"":50,""direction"":""maximize"",""objective"":""composite = Sharpe * (Return% / MaxDD%)""}","{""doji_tol"":0.05,""wick_body_ratio"":1.8,""allowshort"":false}",2014-01-01,2024-12-31,2025-01-01,2026-04-20,2014-01-01,2026-04-20,33.0,7.0,5.0,2.0,71.43,947380.25,-38617.04,343.86,,45.12,3383856.5999999996,-75424.0,465.97,0.77,0.88,0.0154,0.03,4.0,1.0,1.0,0.0,100.0,32097.8,0.0,316.0,,14.26,32097.800000000072,32097.800000000072,3.21,0.21,0.24,0.0081,0.01,37.0,7.0,5.0,2.0,71.43,1130962.51,-38617.04,411.71,,45.12,3383856.5999999996,-75424.0,557.76,0.75,0.88,0.015,0.02
SBER,harami,1D,Bayesian_TPE,2,7.942,0.13,2.9000000000000004,False,465.97,0.769,0.881,45.12,7,71.43,False,"{""sampler"":""TPESampler"",""seed"":42,""n_trials"":50,""direction"":""maximize"",""objective"":""composite = Sharpe * (Return% / MaxDD%)""}","{""doji_tol"":0.13,""wick_body_ratio"":2.9000000000000004,""allowshort"":false}",2014-01-01,2024-12-31,2025-01-01,2026-04-20,2014-01-01,2026-04-20,33.0,7.0,5.0,2.0,71.43,947380.25,-38617.04,343.86,,45.12,3383856.5999999996,-75424.0,465.97,0.77,0.88,0.0154,0.03,4.0,1.0,1.0,0.0,100.0,32097.8,0.0,316.0,,14.26,32097.800000000072,32097.800000000072,3.21,0.21,0.24,0.0081,0.01,37.0,7.0,5.0,2.0,71.43,1130962.51,-38617.04,411.71,,45.12,3383856.5999999996,-75424.0,557.76,0.75,0.88,0.015,0.02
SBER,harami,1D,Bayesian_TPE,3,7.942,0.17,1.9,False,465.97,0.769,0.881,45.12,7,71.43,False,"{""sampler"":""TPESampler"",""seed"":42,""n_trials"":50,""direction"":""maximize"",""objective"":""composite = Sharpe * (Return% / MaxDD%)""}","{""doji_tol"":0.17,""wick_body_ratio"":1.9,""allowshort"":false}",2014-01-01,2024-12-31,2025-01-01,2026-04-20,2014-01-01,2026-04-20,33.0,7.0,5.0,2.0,71.43,947380.25,-38617.04,343.86,,45.12,3383856.5999999996,-75424.0,465.97,0.77,0.88,0.0154,0.03,4.0,1.0,1.0,0.0,100.0,32097.8,0.0,316.0,,14.26,32097.800000000072,32097.800000000072,3.21,0.21,0.24,0.0081,0.01,37.0,7.0,5.0,2.0,71.43,1130962.51,-38617.04,411.71,,45.12,3383856.5999999996,-75424.0,557.76,0.75,0.88,0.015,0.02
SBER,harami,1D,Bayesian_TPE,4,2.446,0.08,2.6,True,355.73,0.526,0.812,76.49,13,69.23,True,"{""sampler"":""TPESampler"",""seed"":42,""n_trials"":50,""direction"":""maximize"",""objective"":""composite = Sharpe * (Return% / MaxDD%)""}","{""doji_tol"":0.08,""wick_body_ratio"":2.6,""allowshort"":true}",2014-01-01,2024-12-31,2025-01-01,2026-04-20,2014-01-01,2026-04-20,33.0,13.0,9.0,4.0,69.23,543071.45,-332594.91,305.77,,76.49,2710545.05,-644895.0000000002,355.73,0.53,0.81,0.0264,0.02,4.0,1.0,1.0,0.0,100.0,32097.8,0.0,316.0,,14.26,32097.800000000072,32097.800000000072,3.21,0.21,0.24,0.0081,0.01,37.0,13.0,9.0,4.0,69.23,625196.33,-332594.91,342.31,,76.49,2710545.05,-644895.0000000002,429.64,0.52,0.79,0.025,0.02
SBER,harami,1D,Bayesian_TPE,5,7.942,0.14,1.7,False,465.97,0.769,0.881,45.12,7,71.43,False,"{""sampler"":""TPESampler"",""seed"":42,""n_trials"":50,""direction"":""maximize"",""objective"":""composite = Sharpe * (Return% / MaxDD%)""}","{""doji_tol"":0.14,""wick_body_ratio"":1.7,""allowshort"":false}",2014-01-01,2024-12-31,2025-01-01,2026-04-20,2014-01-01,2026-04-20,33.0,7.0,5.0,2.0,71.43,947380.25,-38617.04,343.86,,45.12,3383856.5999999996,-75424.0,465.97,0.77,0.88,0.0154,0.03,4.0,1.0,1.0,0.0,100.0,32097.8,0.0,316.0,,14.26,32097.800000000072,32097.800000000072,3.21,0.21,0.24,0.0081,0.01,37.0,7.0,5.0,2.0,71.43,1130962.51,-38617.04,411.71,,45.12,3383856.5999999996,-75424.0,557.76,0.75,0.88,0.015,0.02
SBER,harami,1D,Bayesian_TPE,6,7.942,0.11,3.1,False,465.97,0.769,0.881,45.12,7,71.43,False,"{""sampler"":""TPESampler"",""seed"":42,""n_trials"":50,""direction"":""maximize"",""objective"":""composite = Sharpe * (Return% / MaxDD%)""}","{""doji_tol"":0.11,""wick_body_ratio"":3.1,""allowshort"":false}",2014-01-01,2024-12-31,2025-01-01,2026-04-20,2014-01-01,2026-04-20,33.0,7.0,5.0,2.0,71.43,947380.25,-38617.04,343.86,,45.12,3383856.5999999996,-75424.0,465.97,0.77,0.88,0.0154,0.03,4.0,1.0,1.0,0.0,100.0,32097.8,0.0,316.0,,14.26,32097.800000000072,32097.800000000072,3.21,0.21,0.24,0.0081,0.01,37.0,7.0,5.0,2.0,71.43,1130962.51,-38617.04,411.71,,45.12,3383856.5999999996,-75424.0,557.76,0.75,0.88,0.015,0.02
SBER,harami,1D,Bayesian_TPE,7,2.446,0.13,1.5,True,355.73,0.526,0.812,76.49,13,69.23,True,"{""sampler"":""TPESampler"",""seed"":42,""n_trials"":50,""direction"":""maximize"",""objective"":""composite = Sharpe * (Return% / MaxDD%)""}","{""doji_tol"":0.13,""wick_body_ratio"":1.5,""allowshort"":true}",2014-01-01,2024-12-31,2025-01-01,2026-04-20,2014-01-01,2026-04-20,33.0,13.0,9.0,4.0,69.23,543071.45,-332594.91,305.77,,76.49,2710545.05,-644895.0000000002,355.73,0.53,0.81,0.0264,0.02,4.0,1.0,1.0,0.0,100.0,32097.8,0.0,316.0,,14.26,32097.800000000072,32097.800000000072,3.21,0.21,0.24,0.0081,0.01,37.0,13.0,9.0,4.0,69.23,625196.33,-332594.91,342.31,,76.49,2710545.05,-644895.0000000002,429.64,0.52,0.79,0.025,0.02
SBER,harami,1D,Bayesian_TPE,8,2.446,0.04,3.4000000000000004,True,355.73,0.526,0.812,76.49,13,69.23,True,"{""sampler"":""TPESampler"",""seed"":42,""n_trials"":50,""direction"":""maximize"",""objective"":""composite = Sharpe * (Return% / MaxDD%)""}","{""doji_tol"":0.04,""wick_body_ratio"":3.4000000000000004,""allowshort"":true}",2014-01-01,2024-12-31,2025-01-01,2026-04-20,2014-01-01,2026-04-20,33.0,13.0,9.0,4.0,69.23,543071.45,-332594.91,305.77,,76.49,2710545.05,-644895.0000000002,355.73,0.53,0.81,0.0264,0.02,4.0,1.0,1.0,0.0,100.0,32097.8,0.0,316.0,,14.26,32097.800000000072,32097.800000000072,3.21,0.21,0.24,0.0081,0.01,37.0,13.0,9.0,4.0,69.23,625196.33,-332594.91,342.31,,76.49,2710545.05,-644895.0000000002,429.64,0.52,0.79,0.025,0.02
SBER,harami,1D,Bayesian_TPE,9,2.446,0.08,1.7,True,355.73,0.526,0.812,76.49,13,69.23,True,"{""sampler"":""TPESampler"",""seed"":42,""n_trials"":50,""direction"":""maximize"",""objective"":""composite = Sharpe * (Return% / MaxDD%)""}","{""doji_tol"":0.08,""wick_body_ratio"":1.7,""allowshort"":true}",2014-01-01,2024-12-31,2025-01-01,2026-04-20,2014-01-01,2026-04-20,33.0,13.0,9.0,4.0,69.23,543071.45,-332594.91,305.77,,76.49,2710545.05,-644895.0000000002,355.73,0.53,0.81,0.0264,0.02,4.0,1.0,1.0,0.0,100.0,32097.8,0.0,316.0,,14.26,32097.800000000072,32097.800000000072,3.21,0.21,0.24,0.0081,0.01,37.0,13.0,9.0,4.0,69.23,625196.33,-332594.91,342.31,,76.49,2710545.05,-644895.0000000002,429.64,0.52,0.79,0.025,0.02
SBER,harami,1D,Bayesian_TPE,10,7.942,0.03,2.2,False,465.97,0.769,0.881,45.12,7,71.43,False,"{""sampler"":""TPESampler"",""seed"":42,""n_trials"":50,""direction"":""maximize"",""objective"":""composite = Sharpe * (Return% / MaxDD%)""}","{""doji_tol"":0.03,""wick_body_ratio"":2.2,""allowshort"":false}",2014-01-01,2024-12-31,2025-01-01,2026-04-20,2014-01-01,2026-04-20,33.0,7.0,5.0,2.0,71.43,947380.25,-38617.04,343.86,,45.12,3383856.5999999996,-75424.0,465.97,0.77,0.88,0.0154,0.03,4.0,1.0,1.0,0.0,100.0,32097.8,0.0,316.0,,14.26,32097.800000000072,32097.800000000072,3.21,0.21,0.24,0.0081,0.01,37.0,7.0,5.0,2.0,71.43,1130962.51,-38617.04,411.71,,45.12,3383856.5999999996,-75424.0,557.76,0.75,0.88,0.015,0.02
SBER,harami,1D,Bayesian_TPE,11,7.942,0.19,2.8,False,465.97,0.769,0.881,45.12,7,71.43,False,"{""sampler"":""TPESampler"",""seed"":42,""n_trials"":50,""direction"":""maximize"",""objective"":""composite = Sharpe * (Return% / MaxDD%)""}","{""doji_tol"":0.19,""wick_body_ratio"":2.8,""allowshort"":false}",2014-01-01,2024-12-31,2025-01-01,2026-04-20,2014-01-01,2026-04-20,33.0,7.0,5.0,2.0,71.43,947380.25,-38617.04,343.86,,45.12,3383856.5999999996,-75424.0,465.97,0.77,0.88,0.0154,0.03,4.0,1.0,1.0,0.0,100.0,32097.8,0.0,316.0,,14.26,32097.800000000072,32097.800000000072,3.21,0.21,0.24,0.0081,0.01,37.0,7.0,5.0,2.0,71.43,1130962.51,-38617.04,411.71,,45.12,3383856.5999999996,-75424.0,557.76,0.75,0.88,0.015,0.02
SBER,harami,1D,Bayesian_TPE,12,7.942,0.15,2.3,False,465.97,0.769,0.881,45.12,7,71.43,False,"{""sampler"":""TPESampler"",""seed"":42,""n_trials"":50,""direction"":""maximize"",""objective"":""composite = Sharpe * (Return% / MaxDD%)""}","{""doji_tol"":0.15,""wick_body_ratio"":2.3,""allowshort"":false}",2014-01-01,2024-12-31,2025-01-01,2026-04-20,2014-01-01,2026-04-20,33.0,7.0,5.0,2.0,71.43,947380.25,-38617.04,343.86,,45.12,3383856.5999999996,-75424.0,465.97,0.77,0.88,0.0154,0.03,4.0,1.0,1.0,0.0,100.0,32097.8,0.0,316.0,,14.26,32097.800000000072,32097.800000000072,3.21,0.21,0.24,0.0081,0.01,37.0,7.0,5.0,2.0,71.43,1130962.51,-38617.04,411.71,,45.12,3383856.5999999996,-75424.0,557.76,0.75,0.88,0.015,0.02
SBER,harami,1D,Bayesian_TPE,13,7.942,0.06,2.9000000000000004,False,465.97,0.769,0.881,45.12,7,71.43,False,"{""sampler"":""TPESampler"",""seed"":42,""n_trials"":50,""direction"":""maximize"",""objective"":""composite = Sharpe * (Return% / MaxDD%)""}","{""doji_tol"":0.06,""wick_body_ratio"":2.9000000000000004,""allowshort"":false}",2014-01-01,2024-12-31,2025-01-01,2026-04-20,2014-01-01,2026-04-20,33.0,7.0,5.0,2.0,71.43,947380.25,-38617.04,343.86,,45.12,3383856.5999999996,-75424.0,465.97,0.77,0.88,0.0154,0.03,4.0,1.0,1.0,0.0,100.0,32097.8,0.0,316.0,,14.26,32097.800000000072,32097.800000000072,3.21,0.21,0.24,0.0081,0.01,37.0,7.0,5.0,2.0,71.43,1130962.51,-38617.04,411.71,,45.12,3383856.5999999996,-75424.0,557.76,0.75,0.88,0.015,0.02
SBER,harami,1D,Bayesian_TPE,14,7.942,0.11,2.2,False,465.97,0.769,0.881,45.12,7,71.43,False,"{""sampler"":""TPESampler"",""seed"":42,""n_trials"":50,""direction"":""maximize"",""objective"":""composite = Sharpe * (Return% / MaxDD%)""}","{""doji_tol"":0.11,""wick_body_ratio"":2.2,""allowshort"":false}",2014-01-01,2024-12-31,2025-01-01,2026-04-20,2014-01-01,2026-04-20,33.0,7.0,5.0,2.0,71.43,947380.25,-38617.04,343.86,,45.12,3383856.5999999996,-75424.0,465.97,0.77,0.88,0.0154,0.03,4.0,1.0,1.0,0.0,100.0,32097.8,0.0,316.0,,14.26,32097.800000000072,32097.800000000072,3.21,0.21,0.24,0.0081,0.01,37.0,7.0,5.0,2.0,71.43,1130962.51,-38617.04,411.71,,45.12,3383856.5999999996,-75424.0,557.76,0.75,0.88,0.015,0.02
SBER,harami,1D,Bayesian_TPE,15,7.942,0.06,3.1,False,465.97,0.769,0.881,45.12,7,71.43,False,"{""sampler"":""TPESampler"",""seed"":42,""n_trials"":50,""direction"":""maximize"",""objective"":""composite = Sharpe * (Return% / MaxDD%)""}","{""doji_tol"":0.06,""wick_body_ratio"":3.1,""allowshort"":false}",2014-01-01,2024-12-31,2025-01-01,2026-04-20,2014-01-01,2026-04-20,33.0,7.0,5.0,2.0,71.43,947380.25,-38617.04,343.86,,45.12,3383856.5999999996,-75424.0,465.97,0.77,0.88,0.0154,0.03,4.0,1.0,1.0,0.0,100.0,32097.8,0.0,316.0,,14.26,32097.800000000072,32097.800000000072,3.21,0.21,0.24,0.0081,0.01,37.0,7.0,5.0,2.0,71.43,1130962.51,-38617.04,411.71,,45.12,3383856.5999999996,-75424.0,557.76,0.75,0.88,0.015,0.02
SBER,harami,1D,Bayesian_TPE,16,7.942,0.17,2.5,False,465.97,0.769,0.881,45.12,7,71.43,False,"{""sampler"":""TPESampler"",""seed"":42,""n_trials"":50,""direction"":""maximize"",""objective"":""composite = Sharpe * (Return% / MaxDD%)""}","{""doji_tol"":0.17,""wick_body_ratio"":2.5,""allowshort"":false}",2014-01-01,2024-12-31,2025-01-01,2026-04-20,2014-01-01,2026-04-20,33.0,7.0,5.0,2.0,71.43,947380.25,-38617.04,343.86,,45.12,3383856.5999999996,-75424.0,465.97,0.77,0.88,0.0154,0.03,4.0,1.0,1.0,0.0,100.0,32097.8,0.0,316.0,,14.26,32097.800000000072,32097.800000000072,3.21,0.21,0.24,0.0081,0.01,37.0,7.0,5.0,2.0,71.43,1130962.51,-38617.04,411.71,,45.12,3383856.5999999996,-75424.0,557.76,0.75,0.88,0.015,0.02
SBER,harami,1D,Bayesian_TPE,17,7.942,0.12,2.0,False,465.97,0.769,0.881,45.12,7,71.43,False,"{""sampler"":""TPESampler"",""seed"":42,""n_trials"":50,""direction"":""maximize"",""objective"":""composite = Sharpe * (Return% / MaxDD%)""}","{""doji_tol"":0.12,""wick_body_ratio"":2.0,""allowshort"":false}",2014-01-01,2024-12-31,2025-01-01,2026-04-20,2014-01-01,2026-04-20,33.0,7.0,5.0,2.0,71.43,947380.25,-38617.04,343.86,,45.12,3383856.5999999996,-75424.0,465.97,0.77,0.88,0.0154,0.03,4.0,1.0,1.0,0.0,100.0,32097.8,0.0,316.0,,14.26,32097.800000000072,32097.800000000072,3.21,0.21,0.24,0.0081,0.01,37.0,7.0,5.0,2.0,71.43,1130962.51,-38617.04,411.71,,45.12,3383856.5999999996,-75424.0,557.76,0.75,0.88,0.015,0.02
SBER,harami,1D,Bayesian_TPE,18,7.942,0.2,2.6,False,465.97,0.769,0.881,45.12,7,71.43,False,"{""sampler"":""TPESampler"",""seed"":42,""n_trials"":50,""direction"":""maximize"",""objective"":""composite = Sharpe * (Return% / MaxDD%)""}","{""doji_tol"":0.2,""wick_body_ratio"":2.6,""allowshort"":false}",2014-01-01,2024-12-31,2025-01-01,2026-04-20,2014-01-01,2026-04-20,33.0,7.0,5.0,2.0,71.43,947380.25,-38617.04,343.86,,45.12,3383856.5999999996,-75424.0,465.97,0.77,0.88,0.0154,0.03,4.0,1.0,1.0,0.0,100.0,32097.8,0.0,316.0,,14.26,32097.800000000072,32097.800000000072,3.21,0.21,0.24,0.0081,0.01,37.0,7.0,5.0,2.0,71.43,1130962.51,-38617.04,411.71,,45.12,3383856.5999999996,-75424.0,557.76,0.75,0.88,0.015,0.02
SBER,harami,1D,Bayesian_TPE,19,7.942,0.1,3.1,False,465.97,0.769,0.881,45.12,7,71.43,False,"{""sampler"":""TPESampler"",""seed"":42,""n_trials"":50,""direction"":""maximize"",""objective"":""composite = Sharpe * (Return% / MaxDD%)""}","{""doji_tol"":0.1,""wick_body_ratio"":3.1,""allowshort"":false}",2014-01-01,2024-12-31,2025-01-01,2026-04-20,2014-01-01,2026-04-20,33.0,7.0,5.0,2.0,71.43,947380.25,-38617.04,343.86,,45.12,3383856.5999999996,-75424.0,465.97,0.77,0.88,0.0154,0.03,4.0,1.0,1.0,0.0,100.0,32097.8,0.0,316.0,,14.26,32097.800000000072,32097.800000000072,3.21,0.21,0.24,0.0081,0.01,37.0,7.0,5.0,2.0,71.43,1130962.51,-38617.04,411.71,,45.12,3383856.5999999996,-75424.0,557.76,0.75,0.88,0.015,0.02
SBER,harami,1D,Bayesian_TPE,20,7.942,0.05,2.8,False,465.97,0.769,0.881,45.12,7,71.43,False,"{""sampler"":""TPESampler"",""seed"":42,""n_trials"":50,""direction"":""maximize"",""objective"":""composite = Sharpe * (Return% / MaxDD%)""}","{""doji_tol"":0.05,""wick_body_ratio"":2.8,""allowshort"":false}",2014-01-01,2024-12-31,2025-01-01,2026-04-20,2014-01-01,2026-04-20,33.0,7.0,5.0,2.0,71.43,947380.25,-38617.04,343.86,,45.12,3383856.5999999996,-75424.0,465.97,0.77,0.88,0.0154,0.03,4.0,1.0,1.0,0.0,100.0,32097.8,0.0,316.0,,14.26,32097.800000000072,32097.800000000072,3.21,0.21,0.24,0.0081,0.01,37.0,7.0,5.0,2.0,71.43,1130962.51,-38617.04,411.71,,45.12,3383856.5999999996,-75424.0,557.76,0.75,0.88,0.015,0.02
SBER,harami,1D,Bayesian_TPE,21,7.942,0.16,1.9,False,465.97,0.769,0.881,45.12,7,71.43,False,"{""sampler"":""TPESampler"",""seed"":42,""n_trials"":50,""direction"":""maximize"",""objective"":""composite = Sharpe * (Return% / MaxDD%)""}","{""doji_tol"":0.16,""wick_body_ratio"":1.9,""allowshort"":false}",2014-01-01,2024-12-31,2025-01-01,2026-04-20,2014-01-01,2026-04-20,33.0,7.0,5.0,2.0,71.43,947380.25,-38617.04,343.86,,45.12,3383856.5999999996,-75424.0,465.97,0.77,0.88,0.0154,0.03,4.0,1.0,1.0,0.0,100.0,32097.8,0.0,316.0,,14.26,32097.800000000072,32097.800000000072,3.21,0.21,0.24,0.0081,0.01,37.0,7.0,5.0,2.0,71.43,1130962.51,-38617.04,411.71,,45.12,3383856.5999999996,-75424.0,557.76,0.75,0.88,0.015,0.02
SBER,harami,1D,Bayesian_TPE,22,7.942,0.18,1.5,False,465.97,0.769,0.881,45.12,7,71.43,False,"{""sampler"":""TPESampler"",""seed"":42,""n_trials"":50,""direction"":""maximize"",""objective"":""composite = Sharpe * (Return% / MaxDD%)""}","{""doji_tol"":0.18,""wick_body_ratio"":1.5,""allowshort"":false}",2014-01-01,2024-12-31,2025-01-01,2026-04-20,2014-01-01,2026-04-20,33.0,7.0,5.0,2.0,71.43,947380.25,-38617.04,343.86,,45.12,3383856.5999999996,-75424.0,465.97,0.77,0.88,0.0154,0.03,4.0,1.0,1.0,0.0,100.0,32097.8,0.0,316.0,,14.26,32097.800000000072,32097.800000000072,3.21,0.21,0.24,0.0081,0.01,37.0,7.0,5.0,2.0,71.43,1130962.51,-38617.04,411.71,,45.12,3383856.5999999996,-75424.0,557.76,0.75,0.88,0.015,0.02
SBER,harami,1D,Bayesian_TPE,23,7.942,0.14,1.9,False,465.97,0.769,0.881,45.12,7,71.43,False,"{""sampler"":""TPESampler"",""seed"":42,""n_trials"":50,""direction"":""maximize"",""objective"":""composite = Sharpe * (Return% / MaxDD%)""}","{""doji_tol"":0.14,""wick_body_ratio"":1.9,""allowshort"":false}",2014-01-01,2024-12-31,2025-01-01,2026-04-20,2014-01-01,2026-04-20,33.0,7.0,5.0,2.0,71.43,947380.25,-38617.04,343.86,,45.12,3383856.5999999996,-75424.0,465.97,0.77,0.88,0.0154,0.03,4.0,1.0,1.0,0.0,100.0,32097.8,0.0,316.0,,14.26,32097.800000000072,32097.800000000072,3.21,0.21,0.24,0.0081,0.01,37.0,7.0,5.0,2.0,71.43,1130962.51,-38617.04,411.71,,45.12,3383856.5999999996,-75424.0,557.76,0.75,0.88,0.015,0.02
SBER,harami,1D,Bayesian_TPE,24,7.942,0.16,1.7,False,465.97,0.769,0.881,45.12,7,71.43,False,"{""sampler"":""TPESampler"",""seed"":42,""n_trials"":50,""direction"":""maximize"",""objective"":""composite = Sharpe * (Return% / MaxDD%)""}","{""doji_tol"":0.16,""wick_body_ratio"":1.7,""allowshort"":false}",2014-01-01,2024-12-31,2025-01-01,2026-04-20,2014-01-01,2026-04-20,33.0,7.0,5.0,2.0,71.43,947380.25,-38617.04,343.86,,45.12,3383856.5999999996,-75424.0,465.97,0.77,0.88,0.0154,0.03,4.0,1.0,1.0,0.0,100.0,32097.8,0.0,316.0,,14.26,32097.800000000072,32097.800000000072,3.21,0.21,0.24,0.0081,0.01,37.0,7.0,5.0,2.0,71.43,1130962.51,-38617.04,411.71,,45.12,3383856.5999999996,-75424.0,557.76,0.75,0.88,0.015,0.02
SBER,harami,1D,Bayesian_TPE,25,7.942,0.13,2.4,False,465.97,0.769,0.881,45.12,7,71.43,False,"{""sampler"":""TPESampler"",""seed"":42,""n_trials"":50,""direction"":""maximize"",""objective"":""composite = Sharpe * (Return% / MaxDD%)""}","{""doji_tol"":0.13,""wick_body_ratio"":2.4,""allowshort"":false}",2014-01-01,2024-12-31,2025-01-01,2026-04-20,2014-01-01,2026-04-20,33.0,7.0,5.0,2.0,71.43,947380.25,-38617.04,343.86,,45.12,3383856.5999999996,-75424.0,465.97,0.77,0.88,0.0154,0.03,4.0,1.0,1.0,0.0,100.0,32097.8,0.0,316.0,,14.26,32097.800000000072,32097.800000000072,3.21,0.21,0.24,0.0081,0.01,37.0,7.0,5.0,2.0,71.43,1130962.51,-38617.04,411.71,,45.12,3383856.5999999996,-75424.0,557.76,0.75,0.88,0.015,0.02
SBER,harami,1D,Bayesian_TPE,26,2.446,0.17,2.1,True,355.73,0.526,0.812,76.49,13,69.23,True,"{""sampler"":""TPESampler"",""seed"":42,""n_trials"":50,""direction"":""maximize"",""objective"":""composite = Sharpe * (Return% / MaxDD%)""}","{""doji_tol"":0.17,""wick_body_ratio"":2.1,""allowshort"":true}",2014-01-01,2024-12-31,2025-01-01,2026-04-20,2014-01-01,2026-04-20,33.0,13.0,9.0,4.0,69.23,543071.45,-332594.91,305.77,,76.49,2710545.05,-644895.0000000002,355.73,0.53,0.81,0.0264,0.02,4.0,1.0,1.0,0.0,100.0,32097.8,0.0,316.0,,14.26,32097.800000000072,32097.800000000072,3.21,0.21,0.24,0.0081,0.01,37.0,13.0,9.0,4.0,69.23,625196.33,-332594.91,342.31,,76.49,2710545.05,-644895.0000000002,429.64,0.52,0.79,0.025,0.02
SBER,harami,1D,Bayesian_TPE,27,7.942,0.2,1.7,False,465.97,0.769,0.881,45.12,7,71.43,False,"{""sampler"":""TPESampler"",""seed"":42,""n_trials"":50,""direction"":""maximize"",""objective"":""composite = Sharpe * (Return% / MaxDD%)""}","{""doji_tol"":0.2,""wick_body_ratio"":1.7,""allowshort"":false}",2014-01-01,2024-12-31,2025-01-01,2026-04-20,2014-01-01,2026-04-20,33.0,7.0,5.0,2.0,71.43,947380.25,-38617.04,343.86,,45.12,3383856.5999999996,-75424.0,465.97,0.77,0.88,0.0154,0.03,4.0,1.0,1.0,0.0,100.0,32097.8,0.0,316.0,,14.26,32097.800000000072,32097.800000000072,3.21,0.21,0.24,0.0081,0.01,37.0,7.0,5.0,2.0,71.43,1130962.51,-38617.04,411.71,,45.12,3383856.5999999996,-75424.0,557.76,0.75,0.88,0.015,0.02
SBER,harami,1D,Bayesian_TPE,28,7.942,0.08,1.9,False,465.97,0.769,0.881,45.12,7,71.43,False,"{""sampler"":""TPESampler"",""seed"":42,""n_trials"":50,""direction"":""maximize"",""objective"":""composite = Sharpe * (Return% / MaxDD%)""}","{""doji_tol"":0.08,""wick_body_ratio"":1.9,""allowshort"":false}",2014-01-01,2024-12-31,2025-01-01,2026-04-20,2014-01-01,2026-04-20,33.0,7.0,5.0,2.0,71.43,947380.25,-38617.04,343.86,,45.12,3383856.5999999996,-75424.0,465.97,0.77,0.88,0.0154,0.03,4.0,1.0,1.0,0.0,100.0,32097.8,0.0,316.0,,14.26,32097.800000000072,32097.800000000072,3.21,0.21,0.24,0.0081,0.01,37.0,7.0,5.0,2.0,71.43,1130962.51,-38617.04,411.71,,45.12,3383856.5999999996,-75424.0,557.76,0.75,0.88,0.015,0.02
SBER,harami,1D,Bayesian_TPE,29,2.446,0.09,3.2,True,355.73,0.526,0.812,76.49,13,69.23,True,"{""sampler"":""TPESampler"",""seed"":42,""n_trials"":50,""direction"":""maximize"",""objective"":""composite = Sharpe * (Return% / MaxDD%)""}","{""doji_tol"":0.09,""wick_body_ratio"":3.2,""allowshort"":true}",2014-01-01,2024-12-31,2025-01-01,2026-04-20,2014-01-01,2026-04-20,33.0,13.0,9.0,4.0,69.23,543071.45,-332594.91,305.77,,76.49,2710545.05,-644895.0000000002,355.73,0.53,0.81,0.0264,0.02,4.0,1.0,1.0,0.0,100.0,32097.8,0.0,316.0,,14.26,32097.800000000072,32097.800000000072,3.21,0.21,0.24,0.0081,0.01,37.0,13.0,9.0,4.0,69.23,625196.33,-332594.91,342.31,,76.49,2710545.05,-644895.0000000002,429.64,0.52,0.79,0.025,0.02
SBER,harami,1D,Bayesian_TPE,30,7.942,0.15,3.4000000000000004,False,465.97,0.769,0.881,45.12,7,71.43,False,"{""sampler"":""TPESampler"",""seed"":42,""n_trials"":50,""direction"":""maximize"",""objective"":""composite = Sharpe * (Return% / MaxDD%)""}","{""doji_tol"":0.15,""wick_body_ratio"":3.4000000000000004,""allowshort"":false}",2014-01-01,2024-12-31,2025-01-01,2026-04-20,2014-01-01,2026-04-20,33.0,7.0,5.0,2.0,71.43,947380.25,-38617.04,343.86,,45.12,3383856.5999999996,-75424.0,465.97,0.77,0.88,0.0154,0.03,4.0,1.0,1.0,0.0,100.0,32097.8,0.0,316.0,,14.26,32097.800000000072,32097.800000000072,3.21,0.21,0.24,0.0081,0.01,37.0,7.0,5.0,2.0,71.43,1130962.51,-38617.04,411.71,,45.12,3383856.5999999996,-75424.0,557.76,0.75,0.88,0.015,0.02
SBER,harami,1D,Bayesian_TPE,31,7.942,0.14,1.6,False,465.97,0.769,0.881,45.12,7,71.43,False,"{""sampler"":""TPESampler"",""seed"":42,""n_trials"":50,""direction"":""maximize"",""objective"":""composite = Sharpe * (Return% / MaxDD%)""}","{""doji_tol"":0.14,""wick_body_ratio"":1.6,""allowshort"":false}",2014-01-01,2024-12-31,2025-01-01,2026-04-20,2014-01-01,2026-04-20,33.0,7.0,5.0,2.0,71.43,947380.25,-38617.04,343.86,,45.12,3383856.5999999996,-75424.0,465.97,0.77,0.88,0.0154,0.03,4.0,1.0,1.0,0.0,100.0,32097.8,0.0,316.0,,14.26,32097.800000000072,32097.800000000072,3.21,0.21,0.24,0.0081,0.01,37.0,7.0,5.0,2.0,71.43,1130962.51,-38617.04,411.71,,45.12,3383856.5999999996,-75424.0,557.76,0.75,0.88,0.015,0.02
SBER,harami,1D,Bayesian_TPE,32,7.942,0.12,1.8,False,465.97,0.769,0.881,45.12,7,71.43,False,"{""sampler"":""TPESampler"",""seed"":42,""n_trials"":50,""direction"":""maximize"",""objective"":""composite = Sharpe * (Return% / MaxDD%)""}","{""doji_tol"":0.12,""wick_body_ratio"":1.8,""allowshort"":false}",2014-01-01,2024-12-31,2025-01-01,2026-04-20,2014-01-01,2026-04-20,33.0,7.0,5.0,2.0,71.43,947380.25,-38617.04,343.86,,45.12,3383856.5999999996,-75424.0,465.97,0.77,0.88,0.0154,0.03,4.0,1.0,1.0,0.0,100.0,32097.8,0.0,316.0,,14.26,32097.800000000072,32097.800000000072,3.21,0.21,0.24,0.0081,0.01,37.0,7.0,5.0,2.0,71.43,1130962.51,-38617.04,411.71,,45.12,3383856.5999999996,-75424.0,557.76,0.75,0.88,0.015,0.02
SBER,harami,1D,Bayesian_TPE,33,7.942,0.14,2.1,False,465.97,0.769,0.881,45.12,7,71.43,False,"{""sampler"":""TPESampler"",""seed"":42,""n_trials"":50,""direction"":""maximize"",""objective"":""composite = Sharpe * (Return% / MaxDD%)""}","{""doji_tol"":0.14,""wick_body_ratio"":2.1,""allowshort"":false}",2014-01-01,2024-12-31,2025-01-01,2026-04-20,2014-01-01,2026-04-20,33.0,7.0,5.0,2.0,71.43,947380.25,-38617.04,343.86,,45.12,3383856.5999999996,-75424.0,465.97,0.77,0.88,0.0154,0.03,4.0,1.0,1.0,0.0,100.0,32097.8,0.0,316.0,,14.26,32097.800000000072,32097.800000000072,3.21,0.21,0.24,0.0081,0.01,37.0,7.0,5.0,2.0,71.43,1130962.51,-38617.04,411.71,,45.12,3383856.5999999996,-75424.0,557.76,0.75,0.88,0.015,0.02
SBER,harami,1D,Bayesian_TPE,34,2.446,0.1,1.6,True,355.73,0.526,0.812,76.49,13,69.23,True,"{""sampler"":""TPESampler"",""seed"":42,""n_trials"":50,""direction"":""maximize"",""objective"":""composite = Sharpe * (Return% / MaxDD%)""}","{""doji_tol"":0.1,""wick_body_ratio"":1.6,""allowshort"":true}",2014-01-01,2024-12-31,2025-01-01,2026-04-20,2014-01-01,2026-04-20,33.0,13.0,9.0,4.0,69.23,543071.45,-332594.91,305.77,,76.49,2710545.05,-644895.0000000002,355.73,0.53,0.81,0.0264,0.02,4.0,1.0,1.0,0.0,100.0,32097.8,0.0,316.0,,14.26,32097.800000000072,32097.800000000072,3.21,0.21,0.24,0.0081,0.01,37.0,13.0,9.0,4.0,69.23,625196.33,-332594.91,342.31,,76.49,2710545.05,-644895.0000000002,429.64,0.52,0.79,0.025,0.02
SBER,harami,1D,Bayesian_TPE,35,7.942,0.13,1.8,False,465.97,0.769,0.881,45.12,7,71.43,False,"{""sampler"":""TPESampler"",""seed"":42,""n_trials"":50,""direction"":""maximize"",""objective"":""composite = Sharpe * (Return% / MaxDD%)""}","{""doji_tol"":0.13,""wick_body_ratio"":1.8,""allowshort"":false}",2014-01-01,2024-12-31,2025-01-01,2026-04-20,2014-01-01,2026-04-20,33.0,7.0,5.0,2.0,71.43,947380.25,-38617.04,343.86,,45.12,3383856.5999999996,-75424.0,465.97,0.77,0.88,0.0154,0.03,4.0,1.0,1.0,0.0,100.0,32097.8,0.0,316.0,,14.26,32097.800000000072,32097.800000000072,3.21,0.21,0.24,0.0081,0.01,37.0,7.0,5.0,2.0,71.43,1130962.51,-38617.04,411.71,,45.12,3383856.5999999996,-75424.0,557.76,0.75,0.88,0.015,0.02
SBER,harami,1D,Bayesian_TPE,36,2.446,0.16,1.5,True,355.73,0.526,0.812,76.49,13,69.23,True,"{""sampler"":""TPESampler"",""seed"":42,""n_trials"":50,""direction"":""maximize"",""objective"":""composite = Sharpe * (Return% / MaxDD%)""}","{""doji_tol"":0.16,""wick_body_ratio"":1.5,""allowshort"":true}",2014-01-01,2024-12-31,2025-01-01,2026-04-20,2014-01-01,2026-04-20,33.0,13.0,9.0,4.0,69.23,543071.45,-332594.91,305.77,,76.49,2710545.05,-644895.0000000002,355.73,0.53,0.81,0.0264,0.02,4.0,1.0,1.0,0.0,100.0,32097.8,0.0,316.0,,14.26,32097.800000000072,32097.800000000072,3.21,0.21,0.24,0.0081,0.01,37.0,13.0,9.0,4.0,69.23,625196.33,-332594.91,342.31,,76.49,2710545.05,-644895.0000000002,429.64,0.52,0.79,0.025,0.02
SBER,harami,1D,Bayesian_TPE,37,7.942,0.18,2.5,False,465.97,0.769,0.881,45.12,7,71.43,False,"{""sampler"":""TPESampler"",""seed"":42,""n_trials"":50,""direction"":""maximize"",""objective"":""composite = Sharpe * (Return% / MaxDD%)""}","{""doji_tol"":0.18,""wick_body_ratio"":2.5,""allowshort"":false}",2014-01-01,2024-12-31,2025-01-01,2026-04-20,2014-01-01,2026-04-20,33.0,7.0,5.0,2.0,71.43,947380.25,-38617.04,343.86,,45.12,3383856.5999999996,-75424.0,465.97,0.77,0.88,0.0154,0.03,4.0,1.0,1.0,0.0,100.0,32097.8,0.0,316.0,,14.26,32097.800000000072,32097.800000000072,3.21,0.21,0.24,0.0081,0.01,37.0,7.0,5.0,2.0,71.43,1130962.51,-38617.04,411.71,,45.12,3383856.5999999996,-75424.0,557.76,0.75,0.88,0.015,0.02
SBER,harami,1D,Bayesian_TPE,38,7.942,0.03,2.7,False,465.97,0.769,0.881,45.12,7,71.43,False,"{""sampler"":""TPESampler"",""seed"":42,""n_trials"":50,""direction"":""maximize"",""objective"":""composite = Sharpe * (Return% / MaxDD%)""}","{""doji_tol"":0.03,""wick_body_ratio"":2.7,""allowshort"":false}",2014-01-01,2024-12-31,2025-01-01,2026-04-20,2014-01-01,2026-04-20,33.0,7.0,5.0,2.0,71.43,947380.25,-38617.04,343.86,,45.12,3383856.5999999996,-75424.0,465.97,0.77,0.88,0.0154,0.03,4.0,1.0,1.0,0.0,100.0,32097.8,0.0,316.0,,14.26,32097.800000000072,32097.800000000072,3.21,0.21,0.24,0.0081,0.01,37.0,7.0,5.0,2.0,71.43,1130962.51,-38617.04,411.71,,45.12,3383856.5999999996,-75424.0,557.76,0.75,0.88,0.015,0.02
SBER,harami,1D,Bayesian_TPE,39,2.446,0.15,2.3,True,355.73,0.526,0.812,76.49,13,69.23,True,"{""sampler"":""TPESampler"",""seed"":42,""n_trials"":50,""direction"":""maximize"",""objective"":""composite = Sharpe * (Return% / MaxDD%)""}","{""doji_tol"":0.15,""wick_body_ratio"":2.3,""allowshort"":true}",2014-01-01,2024-12-31,2025-01-01,2026-04-20,2014-01-01,2026-04-20,33.0,13.0,9.0,4.0,69.23,543071.45,-332594.91,305.77,,76.49,2710545.05,-644895.0000000002,355.73,0.53,0.81,0.0264,0.02,4.0,1.0,1.0,0.0,100.0,32097.8,0.0,316.0,,14.26,32097.800000000072,32097.800000000072,3.21,0.21,0.24,0.0081,0.01,37.0,13.0,9.0,4.0,69.23,625196.33,-332594.91,342.31,,76.49,2710545.05,-644895.0000000002,429.64,0.52,0.79,0.025,0.02
SBER,harami,1D,Bayesian_TPE,40,7.942,0.1,2.0,False,465.97,0.769,0.881,45.12,7,71.43,False,"{""sampler"":""TPESampler"",""seed"":42,""n_trials"":50,""direction"":""maximize"",""objective"":""composite = Sharpe * (Return% / MaxDD%)""}","{""doji_tol"":0.1,""wick_body_ratio"":2.0,""allowshort"":false}",2014-01-01,2024-12-31,2025-01-01,2026-04-20,2014-01-01,2026-04-20,33.0,7.0,5.0,2.0,71.43,947380.25,-38617.04,343.86,,45.12,3383856.5999999996,-75424.0,465.97,0.77,0.88,0.0154,0.03,4.0,1.0,1.0,0.0,100.0,32097.8,0.0,316.0,,14.26,32097.800000000072,32097.800000000072,3.21,0.21,0.24,0.0081,0.01,37.0,7.0,5.0,2.0,71.43,1130962.51,-38617.04,411.71,,45.12,3383856.5999999996,-75424.0,557.76,0.75,0.88,0.015,0.02
SBER,harami,1D,Bayesian_TPE,41,7.942,0.07,3.0,False,465.97,0.769,0.881,45.12,7,71.43,False,"{""sampler"":""TPESampler"",""seed"":42,""n_trials"":50,""direction"":""maximize"",""objective"":""composite = Sharpe * (Return% / MaxDD%)""}","{""doji_tol"":0.07,""wick_body_ratio"":3.0,""allowshort"":false}",2014-01-01,2024-12-31,2025-01-01,2026-04-20,2014-01-01,2026-04-20,33.0,7.0,5.0,2.0,71.43,947380.25,-38617.04,343.86,,45.12,3383856.5999999996,-75424.0,465.97,0.77,0.88,0.0154,0.03,4.0,1.0,1.0,0.0,100.0,32097.8,0.0,316.0,,14.26,32097.800000000072,32097.800000000072,3.21,0.21,0.24,0.0081,0.01,37.0,7.0,5.0,2.0,71.43,1130962.51,-38617.04,411.71,,45.12,3383856.5999999996,-75424.0,557.76,0.75,0.88,0.015,0.02
SBER,harami,1D,Bayesian_TPE,42,7.942,0.11,3.3,False,465.97,0.769,0.881,45.12,7,71.43,False,"{""sampler"":""TPESampler"",""seed"":42,""n_trials"":50,""direction"":""maximize"",""objective"":""composite = Sharpe * (Return% / MaxDD%)""}","{""doji_tol"":0.11,""wick_body_ratio"":3.3,""allowshort"":false}",2014-01-01,2024-12-31,2025-01-01,2026-04-20,2014-01-01,2026-04-20,33.0,7.0,5.0,2.0,71.43,947380.25,-38617.04,343.86,,45.12,3383856.5999999996,-75424.0,465.97,0.77,0.88,0.0154,0.03,4.0,1.0,1.0,0.0,100.0,32097.8,0.0,316.0,,14.26,32097.800000000072,32097.800000000072,3.21,0.21,0.24,0.0081,0.01,37.0,7.0,5.0,2.0,71.43,1130962.51,-38617.04,411.71,,45.12,3383856.5999999996,-75424.0,557.76,0.75,0.88,0.015,0.02
SBER,harami,1D,Bayesian_TPE,43,7.942,0.12,3.5,False,465.97,0.769,0.881,45.12,7,71.43,False,"{""sampler"":""TPESampler"",""seed"":42,""n_trials"":50,""direction"":""maximize"",""objective"":""composite = Sharpe * (Return% / MaxDD%)""}","{""doji_tol"":0.12,""wick_body_ratio"":3.5,""allowshort"":false}",2014-01-01,2024-12-31,2025-01-01,2026-04-20,2014-01-01,2026-04-20,33.0,7.0,5.0,2.0,71.43,947380.25,-38617.04,343.86,,45.12,3383856.5999999996,-75424.0,465.97,0.77,0.88,0.0154,0.03,4.0,1.0,1.0,0.0,100.0,32097.8,0.0,316.0,,14.26,32097.800000000072,32097.800000000072,3.21,0.21,0.24,0.0081,0.01,37.0,7.0,5.0,2.0,71.43,1130962.51,-38617.04,411.71,,45.12,3383856.5999999996,-75424.0,557.76,0.75,0.88,0.015,0.02
SBER,harami,1D,Bayesian_TPE,44,7.942,0.13,2.9000000000000004,False,465.97,0.769,0.881,45.12,7,71.43,False,"{""sampler"":""TPESampler"",""seed"":42,""n_trials"":50,""direction"":""maximize"",""objective"":""composite = Sharpe * (Return% / MaxDD%)""}","{""doji_tol"":0.13,""wick_body_ratio"":2.9000000000000004,""allowshort"":false}",2014-01-01,2024-12-31,2025-01-01,2026-04-20,2014-01-01,2026-04-20,33.0,7.0,5.0,2.0,71.43,947380.25,-38617.04,343.86,,45.12,3383856.5999999996,-75424.0,465.97,0.77,0.88,0.0154,0.03,4.0,1.0,1.0,0.0,100.0,32097.8,0.0,316.0,,14.26,32097.800000000072,32097.800000000072,3.21,0.21,0.24,0.0081,0.01,37.0,7.0,5.0,2.0,71.43,1130962.51,-38617.04,411.71,,45.12,3383856.5999999996,-75424.0,557.76,0.75,0.88,0.015,0.02
SBER,harami,1D,Bayesian_TPE,45,7.942,0.05,1.8,False,465.97,0.769,0.881,45.12,7,71.43,False,"{""sampler"":""TPESampler"",""seed"":42,""n_trials"":50,""direction"":""maximize"",""objective"":""composite = Sharpe * (Return% / MaxDD%)""}","{""doji_tol"":0.05,""wick_body_ratio"":1.8,""allowshort"":false}",2014-01-01,2024-12-31,2025-01-01,2026-04-20,2014-01-01,2026-04-20,33.0,7.0,5.0,2.0,71.43,947380.25,-38617.04,343.86,,45.12,3383856.5999999996,-75424.0,465.97,0.77,0.88,0.0154,0.03,4.0,1.0,1.0,0.0,100.0,32097.8,0.0,316.0,,14.26,32097.800000000072,32097.800000000072,3.21,0.21,0.24,0.0081,0.01,37.0,7.0,5.0,2.0,71.43,1130962.51,-38617.04,411.71,,45.12,3383856.5999999996,-75424.0,557.76,0.75,0.88,0.015,0.02
SBER,harami,1D,Bayesian_TPE,46,7.942,0.19,2.8,False,465.97,0.769,0.881,45.12,7,71.43,False,"{""sampler"":""TPESampler"",""seed"":42,""n_trials"":50,""direction"":""maximize"",""objective"":""composite = Sharpe * (Return% / MaxDD%)""}","{""doji_tol"":0.19,""wick_body_ratio"":2.8,""allowshort"":false}",2014-01-01,2024-12-31,2025-01-01,2026-04-20,2014-01-01,2026-04-20,33.0,7.0,5.0,2.0,71.43,947380.25,-38617.04,343.86,,45.12,3383856.5999999996,-75424.0,465.97,0.77,0.88,0.0154,0.03,4.0,1.0,1.0,0.0,100.0,32097.8,0.0,316.0,,14.26,32097.800000000072,32097.800000000072,3.21,0.21,0.24,0.0081,0.01,37.0,7.0,5.0,2.0,71.43,1130962.51,-38617.04,411.71,,45.12,3383856.5999999996,-75424.0,557.76,0.75,0.88,0.015,0.02
SBER,harami,1D,Bayesian_TPE,47,7.942,0.09,3.1,False,465.97,0.769,0.881,45.12,7,71.43,False,"{""sampler"":""TPESampler"",""seed"":42,""n_trials"":50,""direction"":""maximize"",""objective"":""composite = Sharpe * (Return% / MaxDD%)""}","{""doji_tol"":0.09,""wick_body_ratio"":3.1,""allowshort"":false}",2014-01-01,2024-12-31,2025-01-01,2026-04-20,2014-01-01,2026-04-20,33.0,7.0,5.0,2.0,71.43,947380.25,-38617.04,343.86,,45.12,3383856.5999999996,-75424.0,465.97,0.77,0.88,0.0154,0.03,4.0,1.0,1.0,0.0,100.0,32097.8,0.0,316.0,,14.26,32097.800000000072,32097.800000000072,3.21,0.21,0.24,0.0081,0.01,37.0,7.0,5.0,2.0,71.43,1130962.51,-38617.04,411.71,,45.12,3383856.5999999996,-75424.0,557.76,0.75,0.88,0.015,0.02
SBER,harami,1D,Bayesian_TPE,48,7.942,0.11,3.0,False,465.97,0.769,0.881,45.12,7,71.43,False,"{""sampler"":""TPESampler"",""seed"":42,""n_trials"":50,""direction"":""maximize"",""objective"":""composite = Sharpe * (Return% / MaxDD%)""}","{""doji_tol"":0.11,""wick_body_ratio"":3.0,""allowshort"":false}",2014-01-01,2024-12-31,2025-01-01,2026-04-20,2014-01-01,2026-04-20,33.0,7.0,5.0,2.0,71.43,947380.25,-38617.04,343.86,,45.12,3383856.5999999996,-75424.0,465.97,0.77,0.88,0.0154,0.03,4.0,1.0,1.0,0.0,100.0,32097.8,0.0,316.0,,14.26,32097.800000000072,32097.800000000072,3.21,0.21,0.24,0.0081,0.01,37.0,7.0,5.0,2.0,71.43,1130962.51,-38617.04,411.71,,45.12,3383856.5999999996,-75424.0,557.76,0.75,0.88,0.015,0.02
SBER,harami,1D,Bayesian_TPE,49,2.446,0.15,1.6,True,355.73,0.526,0.812,76.49,13,69.23,True,"{""sampler"":""TPESampler"",""seed"":42,""n_trials"":50,""direction"":""maximize"",""objective"":""composite = Sharpe * (Return% / MaxDD%)""}","{""doji_tol"":0.15,""wick_body_ratio"":1.6,""allowshort"":true}",2014-01-01,2024-12-31,2025-01-01,2026-04-20,2014-01-01,2026-04-20,33.0,13.0,9.0,4.0,69.23,543071.45,-332594.91,305.77,,76.49,2710545.05,-644895.0000000002,355.73,0.53,0.81,0.0264,0.02,4.0,1.0,1.0,0.0,100.0,32097.8,0.0,316.0,,14.26,32097.800000000072,32097.800000000072,3.21,0.21,0.24,0.0081,0.01,37.0,13.0,9.0,4.0,69.23,625196.33,-332594.91,342.31,,76.49,2710545.05,-644895.0000000002,429.64,0.52,0.79,0.025,0.02
PLZL,harami,1D,Bayesian_TPE,0,-0.465,0.09,3.4000000000000004,True,-2341.91,0.584,1.155,2940.09,2,0.0,True,"{""sampler"":""TPESampler"",""seed"":42,""n_trials"":50,""direction"":""maximize"",""objective"":""composite = Sharpe * (Return% / MaxDD%)""}","{""doji_tol"":0.09,""wick_body_ratio"":3.4000000000000004,""allowshort"":true}",2014-01-01,2024-12-31,2025-01-01,2026-04-20,2014-01-01,2026-04-20,29.0,2.0,0.0,2.0,0.0,0.0,-3569407.24,521.0,,2940.09,-158478.9999999996,-6980335.473,-713.88,0.58,1.15,0.211,0.0,5.0,1.0,1.0,0.0,100.0,300144.6,0.0,351.0,,22.91,300144.5999999999,300144.5999999999,30.01,0.82,1.03,0.0146,0.05,34.0,2.0,0.0,2.0,0.0,0.0,-5408597.74,758.5,,4210.56,-3836860.0,-6980335.473,-1081.72,0.56,1.1,0.1971,0.0
PLZL,harami,1D,Bayesian_TPE,1,8.411,0.05,1.8,False,310.82,0.857,0.575,31.67,8,87.5,False,"{""sampler"":""TPESampler"",""seed"":42,""n_trials"":50,""direction"":""maximize"",""objective"":""composite = Sharpe * (Return% / MaxDD%)""}","{""doji_tol"":0.05,""wick_body_ratio"":1.8,""allowshort"":false}",2014-01-01,2024-12-31,2025-01-01,2026-04-20,2014-01-01,2026-04-20,29.0,8.0,7.0,1.0,87.5,467592.38,-164905.0,125.0,,31.67,2576117.1,-164905.0,310.82,0.86,0.58,0.0105,0.03,5.0,1.0,1.0,0.0,100.0,300144.6,0.0,351.0,,22.91,300144.5999999999,300144.5999999999,30.01,0.82,1.03,0.0146,0.05,34.0,8.0,7.0,1.0,87.5,819270.98,-164905.0,184.38,,31.67,2576117.1,-164905.0,557.0,0.91,0.74,0.0115,0.03
PLZL,harami,1D,Bayesian_TPE,2,8.411,0.13,2.9000000000000004,False,310.82,0.857,0.575,31.67,8,87.5,False,"{""sampler"":""TPESampler"",""seed"":42,""n_trials"":50,""direction"":""maximize"",""objective"":""composite = Sharpe * (Return% / MaxDD%)""}","{""doji_tol"":0.13,""wick_body_ratio"":2.9000000000000004,""allowshort"":false}",2014-01-01,2024-12-31,2025-01-01,2026-04-20,2014-01-01,2026-04-20,29.0,8.0,7.0,1.0,87.5,467592.38,-164905.0,125.0,,31.67,2576117.1,-164905.0,310.82,0.86,0.58,0.0105,0.03,5.0,1.0,1.0,0.0,100.0,300144.6,0.0,351.0,,22.91,300144.5999999999,300144.5999999999,30.01,0.82,1.03,0.0146,0.05,34.0,8.0,7.0,1.0,87.5,819270.98,-164905.0,184.38,,31.67,2576117.1,-164905.0,557.0,0.91,0.74,0.0115,0.03
PLZL,harami,1D,Bayesian_TPE,3,8.411,0.17,1.9,False,310.82,0.857,0.575,31.67,8,87.5,False,"{""sampler"":""TPESampler"",""seed"":42,""n_trials"":50,""direction"":""maximize"",""objective"":""composite = Sharpe * (Return% / MaxDD%)""}","{""doji_tol"":0.17,""wick_body_ratio"":1.9,""allowshort"":false}",2014-01-01,2024-12-31,2025-01-01,2026-04-20,2014-01-01,2026-04-20,29.0,8.0,7.0,1.0,87.5,467592.38,-164905.0,125.0,,31.67,2576117.1,-164905.0,310.82,0.86,0.58,0.0105,0.03,5.0,1.0,1.0,0.0,100.0,300144.6,0.0,351.0,,22.91,300144.5999999999,300144.5999999999,30.01,0.82,1.03,0.0146,0.05,34.0,8.0,7.0,1.0,87.5,819270.98,-164905.0,184.38,,31.67,2576117.1,-164905.0,557.0,0.91,0.74,0.0115,0.03
PLZL,harami,1D,Bayesian_TPE,4,-0.465,0.08,2.6,True,-2341.91,0.584,1.155,2940.09,2,0.0,True,"{""sampler"":""TPESampler"",""seed"":42,""n_trials"":50,""direction"":""maximize"",""objective"":""composite = Sharpe * (Return% / MaxDD%)""}","{""doji_tol"":0.08,""wick_body_ratio"":2.6,""allowshort"":true}",2014-01-01,2024-12-31,2025-01-01,2026-04-20,2014-01-01,2026-04-20,29.0,2.0,0.0,2.0,0.0,0.0,-3569407.24,521.0,,2940.09,-158478.9999999996,-6980335.473,-713.88,0.58,1.15,0.211,0.0,5.0,1.0,1.0,0.0,100.0,300144.6,0.0,351.0,,22.91,300144.5999999999,300144.5999999999,30.01,0.82,1.03,0.0146,0.05,34.0,2.0,0.0,2.0,0.0,0.0,-5408597.74,758.5,,4210.56,-3836860.0,-6980335.473,-1081.72,0.56,1.1,0.1971,0.0
PLZL,harami,1D,Bayesian_TPE,5,8.411,0.14,1.7,False,310.82,0.857,0.575,31.67,8,87.5,False,"{""sampler"":""TPESampler"",""seed"":42,""n_trials"":50,""direction"":""maximize"",""objective"":""composite = Sharpe * (Return% / MaxDD%)""}","{""doji_tol"":0.14,""wick_body_ratio"":1.7,""allowshort"":false}",2014-01-01,2024-12-31,2025-01-01,2026-04-20,2014-01-01,2026-04-20,29.0,8.0,7.0,1.0,87.5,467592.38,-164905.0,125.0,,31.67,2576117.1,-164905.0,310.82,0.86,0.58,0.0105,0.03,5.0,1.0,1.0,0.0,100.0,300144.6,0.0,351.0,,22.91,300144.5999999999,300144.5999999999,30.01,0.82,1.03,0.0146,0.05,34.0,8.0,7.0,1.0,87.5,819270.98,-164905.0,184.38,,31.67,2576117.1,-164905.0,557.0,0.91,0.74,0.0115,0.03
PLZL,harami,1D,Bayesian_TPE,6,8.411,0.11,3.1,False,310.82,0.857,0.575,31.67,8,87.5,False,"{""sampler"":""TPESampler"",""seed"":42,""n_trials"":50,""direction"":""maximize"",""objective"":""composite = Sharpe * (Return% / MaxDD%)""}","{""doji_tol"":0.11,""wick_body_ratio"":3.1,""allowshort"":false}",2014-01-01,2024-12-31,2025-01-01,2026-04-20,2014-01-01,2026-04-20,29.0,8.0,7.0,1.0,87.5,467592.38,-164905.0,125.0,,31.67,2576117.1,-164905.0,310.82,0.86,0.58,0.0105,0.03,5.0,1.0,1.0,0.0,100.0,300144.6,0.0,351.0,,22.91,300144.5999999999,300144.5999999999,30.01,0.82,1.03,0.0146,0.05,34.0,8.0,7.0,1.0,87.5,819270.98,-164905.0,184.38,,31.67,2576117.1,-164905.0,557.0,0.91,0.74,0.0115,0.03
PLZL,harami,1D,Bayesian_TPE,7,-0.465,0.13,1.5,True,-2341.91,0.584,1.155,2940.09,2,0.0,True,"{""sampler"":""TPESampler"",""seed"":42,""n_trials"":50,""direction"":""maximize"",""objective"":""composite = Sharpe * (Return% / MaxDD%)""}","{""doji_tol"":0.13,""wick_body_ratio"":1.5,""allowshort"":true}",2014-01-01,2024-12-31,2025-01-01,2026-04-20,2014-01-01,2026-04-20,29.0,2.0,0.0,2.0,0.0,0.0,-3569407.24,521.0,,2940.09,-158478.9999999996,-6980335.473,-713.88,0.58,1.15,0.211,0.0,5.0,1.0,1.0,0.0,100.0,300144.6,0.0,351.0,,22.91,300144.5999999999,300144.5999999999,30.01,0.82,1.03,0.0146,0.05,34.0,2.0,0.0,2.0,0.0,0.0,-5408597.74,758.5,,4210.56,-3836860.0,-6980335.473,-1081.72,0.56,1.1,0.1971,0.0
PLZL,harami,1D,Bayesian_TPE,8,-0.465,0.04,3.4000000000000004,True,-2341.91,0.584,1.155,2940.09,2,0.0,True,"{""sampler"":""TPESampler"",""seed"":42,""n_trials"":50,""direction"":""maximize"",""objective"":""composite = Sharpe * (Return% / MaxDD%)""}","{""doji_tol"":0.04,""wick_body_ratio"":3.4000000000000004,""allowshort"":true}",2014-01-01,2024-12-31,2025-01-01,2026-04-20,2014-01-01,2026-04-20,29.0,2.0,0.0,2.0,0.0,0.0,-3569407.24,521.0,,2940.09,-158478.9999999996,-6980335.473,-713.88,0.58,1.15,0.211,0.0,5.0,1.0,1.0,0.0,100.0,300144.6,0.0,351.0,,22.91,300144.5999999999,300144.5999999999,30.01,0.82,1.03,0.0146,0.05,34.0,2.0,0.0,2.0,0.0,0.0,-5408597.74,758.5,,4210.56,-3836860.0,-6980335.473,-1081.72,0.56,1.1,0.1971,0.0
PLZL,harami,1D,Bayesian_TPE,9,-0.465,0.08,1.7,True,-2341.91,0.584,1.155,2940.09,2,0.0,True,"{""sampler"":""TPESampler"",""seed"":42,""n_trials"":50,""direction"":""maximize"",""objective"":""composite = Sharpe * (Return% / MaxDD%)""}","{""doji_tol"":0.08,""wick_body_ratio"":1.7,""allowshort"":true}",2014-01-01,2024-12-31,2025-01-01,2026-04-20,2014-01-01,2026-04-20,29.0,2.0,0.0,2.0,0.0,0.0,-3569407.24,521.0,,2940.09,-158478.9999999996,-6980335.473,-713.88,0.58,1.15,0.211,0.0,5.0,1.0,1.0,0.0,100.0,300144.6,0.0,351.0,,22.91,300144.5999999999,300144.5999999999,30.01,0.82,1.03,0.0146,0.05,34.0,2.0,0.0,2.0,0.0,0.0,-5408597.74,758.5,,4210.56,-3836860.0,-6980335.473,-1081.72,0.56,1.1,0.1971,0.0
PLZL,harami,1D,Bayesian_TPE,10,8.411,0.03,2.2,False,310.82,0.857,0.575,31.67,8,87.5,False,"{""sampler"":""TPESampler"",""seed"":42,""n_trials"":50,""direction"":""maximize"",""objective"":""composite = Sharpe * (Return% / MaxDD%)""}","{""doji_tol"":0.03,""wick_body_ratio"":2.2,""allowshort"":false}",2014-01-01,2024-12-31,2025-01-01,2026-04-20,2014-01-01,2026-04-20,29.0,8.0,7.0,1.0,87.5,467592.38,-164905.0,125.0,,31.67,2576117.1,-164905.0,310.82,0.86,0.58,0.0105,0.03,5.0,1.0,1.0,0.0,100.0,300144.6,0.0,351.0,,22.91,300144.5999999999,300144.5999999999,30.01,0.82,1.03,0.0146,0.05,34.0,8.0,7.0,1.0,87.5,819270.98,-164905.0,184.38,,31.67,2576117.1,-164905.0,557.0,0.91,0.74,0.0115,0.03
PLZL,harami,1D,Bayesian_TPE,11,8.411,0.19,2.8,False,310.82,0.857,0.575,31.67,8,87.5,False,"{""sampler"":""TPESampler"",""seed"":42,""n_trials"":50,""direction"":""maximize"",""objective"":""composite = Sharpe * (Return% / MaxDD%)""}","{""doji_tol"":0.19,""wick_body_ratio"":2.8,""allowshort"":false}",2014-01-01,2024-12-31,2025-01-01,2026-04-20,2014-01-01,2026-04-20,29.0,8.0,7.0,1.0,87.5,467592.38,-164905.0,125.0,,31.67,2576117.1,-164905.0,310.82,0.86,0.58,0.0105,0.03,5.0,1.0,1.0,0.0,100.0,300144.6,0.0,351.0,,22.91,300144.5999999999,300144.5999999999,30.01,0.82,1.03,0.0146,0.05,34.0,8.0,7.0,1.0,87.5,819270.98,-164905.0,184.38,,31.67,2576117.1,-164905.0,557.0,0.91,0.74,0.0115,0.03
PLZL,harami,1D,Bayesian_TPE,12,8.411,0.15,2.3,False,310.82,0.857,0.575,31.67,8,87.5,False,"{""sampler"":""TPESampler"",""seed"":42,""n_trials"":50,""direction"":""maximize"",""objective"":""composite = Sharpe * (Return% / MaxDD%)""}","{""doji_tol"":0.15,""wick_body_ratio"":2.3,""allowshort"":false}",2014-01-01,2024-12-31,2025-01-01,2026-04-20,2014-01-01,2026-04-20,29.0,8.0,7.0,1.0,87.5,467592.38,-164905.0,125.0,,31.67,2576117.1,-164905.0,310.82,0.86,0.58,0.0105,0.03,5.0,1.0,1.0,0.0,100.0,300144.6,0.0,351.0,,22.91,300144.5999999999,300144.5999999999,30.01,0.82,1.03,0.0146,0.05,34.0,8.0,7.0,1.0,87.5,819270.98,-164905.0,184.38,,31.67,2576117.1,-164905.0,557.0,0.91,0.74,0.0115,0.03
PLZL,harami,1D,Bayesian_TPE,13,8.411,0.06,2.9000000000000004,False,310.82,0.857,0.575,31.67,8,87.5,False,"{""sampler"":""TPESampler"",""seed"":42,""n_trials"":50,""direction"":""maximize"",""objective"":""composite = Sharpe * (Return% / MaxDD%)""}","{""doji_tol"":0.06,""wick_body_ratio"":2.9000000000000004,""allowshort"":false}",2014-01-01,2024-12-31,2025-01-01,2026-04-20,2014-01-01,2026-04-20,29.0,8.0,7.0,1.0,87.5,467592.38,-164905.0,125.0,,31.67,2576117.1,-164905.0,310.82,0.86,0.58,0.0105,0.03,5.0,1.0,1.0,0.0,100.0,300144.6,0.0,351.0,,22.91,300144.5999999999,300144.5999999999,30.01,0.82,1.03,0.0146,0.05,34.0,8.0,7.0,1.0,87.5,819270.98,-164905.0,184.38,,31.67,2576117.1,-164905.0,557.0,0.91,0.74,0.0115,0.03
PLZL,harami,1D,Bayesian_TPE,14,8.411,0.11,2.2,False,310.82,0.857,0.575,31.67,8,87.5,False,"{""sampler"":""TPESampler"",""seed"":42,""n_trials"":50,""direction"":""maximize"",""objective"":""composite = Sharpe * (Return% / MaxDD%)""}","{""doji_tol"":0.11,""wick_body_ratio"":2.2,""allowshort"":false}",2014-01-01,2024-12-31,2025-01-01,2026-04-20,2014-01-01,2026-04-20,29.0,8.0,7.0,1.0,87.5,467592.38,-164905.0,125.0,,31.67,2576117.1,-164905.0,310.82,0.86,0.58,0.0105,0.03,5.0,1.0,1.0,0.0,100.0,300144.6,0.0,351.0,,22.91,300144.5999999999,300144.5999999999,30.01,0.82,1.03,0.0146,0.05,34.0,8.0,7.0,1.0,87.5,819270.98,-164905.0,184.38,,31.67,2576117.1,-164905.0,557.0,0.91,0.74,0.0115,0.03
PLZL,harami,1D,Bayesian_TPE,15,8.411,0.06,3.1,False,310.82,0.857,0.575,31.67,8,87.5,False,"{""sampler"":""TPESampler"",""seed"":42,""n_trials"":50,""direction"":""maximize"",""objective"":""composite = Sharpe * (Return% / MaxDD%)""}","{""doji_tol"":0.06,""wick_body_ratio"":3.1,""allowshort"":false}",2014-01-01,2024-12-31,2025-01-01,2026-04-20,2014-01-01,2026-04-20,29.0,8.0,7.0,1.0,87.5,467592.38,-164905.0,125.0,,31.67,2576117.1,-164905.0,310.82,0.86,0.58,0.0105,0.03,5.0,1.0,1.0,0.0,100.0,300144.6,0.0,351.0,,22.91,300144.5999999999,300144.5999999999,30.01,0.82,1.03,0.0146,0.05,34.0,8.0,7.0,1.0,87.5,819270.98,-164905.0,184.38,,31.67,2576117.1,-164905.0,557.0,0.91,0.74,0.0115,0.03
PLZL,harami,1D,Bayesian_TPE,16,8.411,0.17,2.5,False,310.82,0.857,0.575,31.67,8,87.5,False,"{""sampler"":""TPESampler"",""seed"":42,""n_trials"":50,""direction"":""maximize"",""objective"":""composite = Sharpe * (Return% / MaxDD%)""}","{""doji_tol"":0.17,""wick_body_ratio"":2.5,""allowshort"":false}",2014-01-01,2024-12-31,2025-01-01,2026-04-20,2014-01-01,2026-04-20,29.0,8.0,7.0,1.0,87.5,467592.38,-164905.0,125.0,,31.67,2576117.1,-164905.0,310.82,0.86,0.58,0.0105,0.03,5.0,1.0,1.0,0.0,100.0,300144.6,0.0,351.0,,22.91,300144.5999999999,300144.5999999999,30.01,0.82,1.03,0.0146,0.05,34.0,8.0,7.0,1.0,87.5,819270.98,-164905.0,184.38,,31.67,2576117.1,-164905.0,557.0,0.91,0.74,0.0115,0.03
PLZL,harami,1D,Bayesian_TPE,17,8.411,0.12,2.0,False,310.82,0.857,0.575,31.67,8,87.5,False,"{""sampler"":""TPESampler"",""seed"":42,""n_trials"":50,""direction"":""maximize"",""objective"":""composite = Sharpe * (Return% / MaxDD%)""}","{""doji_tol"":0.12,""wick_body_ratio"":2.0,""allowshort"":false}",2014-01-01,2024-12-31,2025-01-01,2026-04-20,2014-01-01,2026-04-20,29.0,8.0,7.0,1.0,87.5,467592.38,-164905.0,125.0,,31.67,2576117.1,-164905.0,310.82,0.86,0.58,0.0105,0.03,5.0,1.0,1.0,0.0,100.0,300144.6,0.0,351.0,,22.91,300144.5999999999,300144.5999999999,30.01,0.82,1.03,0.0146,0.05,34.0,8.0,7.0,1.0,87.5,819270.98,-164905.0,184.38,,31.67,2576117.1,-164905.0,557.0,0.91,0.74,0.0115,0.03
PLZL,harami,1D,Bayesian_TPE,18,8.411,0.2,2.6,False,310.82,0.857,0.575,31.67,8,87.5,False,"{""sampler"":""TPESampler"",""seed"":42,""n_trials"":50,""direction"":""maximize"",""objective"":""composite = Sharpe * (Return% / MaxDD%)""}","{""doji_tol"":0.2,""wick_body_ratio"":2.6,""allowshort"":false}",2014-01-01,2024-12-31,2025-01-01,2026-04-20,2014-01-01,2026-04-20,29.0,8.0,7.0,1.0,87.5,467592.38,-164905.0,125.0,,31.67,2576117.1,-164905.0,310.82,0.86,0.58,0.0105,0.03,5.0,1.0,1.0,0.0,100.0,300144.6,0.0,351.0,,22.91,300144.5999999999,300144.5999999999,30.01,0.82,1.03,0.0146,0.05,34.0,8.0,7.0,1.0,87.5,819270.98,-164905.0,184.38,,31.67,2576117.1,-164905.0,557.0,0.91,0.74,0.0115,0.03
PLZL,harami,1D,Bayesian_TPE,19,8.411,0.1,3.1,False,310.82,0.857,0.575,31.67,8,87.5,False,"{""sampler"":""TPESampler"",""seed"":42,""n_trials"":50,""direction"":""maximize"",""objective"":""composite = Sharpe * (Return% / MaxDD%)""}","{""doji_tol"":0.1,""wick_body_ratio"":3.1,""allowshort"":false}",2014-01-01,2024-12-31,2025-01-01,2026-04-20,2014-01-01,2026-04-20,29.0,8.0,7.0,1.0,87.5,467592.38,-164905.0,125.0,,31.67,2576117.1,-164905.0,310.82,0.86,0.58,0.0105,0.03,5.0,1.0,1.0,0.0,100.0,300144.6,0.0,351.0,,22.91,300144.5999999999,300144.5999999999,30.01,0.82,1.03,0.0146,0.05,34.0,8.0,7.0,1.0,87.5,819270.98,-164905.0,184.38,,31.67,2576117.1,-164905.0,557.0,0.91,0.74,0.0115,0.03
PLZL,harami,1D,Bayesian_TPE,20,8.411,0.05,2.8,False,310.82,0.857,0.575,31.67,8,87.5,False,"{""sampler"":""TPESampler"",""seed"":42,""n_trials"":50,""direction"":""maximize"",""objective"":""composite = Sharpe * (Return% / MaxDD%)""}","{""doji_tol"":0.05,""wick_body_ratio"":2.8,""allowshort"":false}",2014-01-01,2024-12-31,2025-01-01,2026-04-20,2014-01-01,2026-04-20,29.0,8.0,7.0,1.0,87.5,467592.38,-164905.0,125.0,,31.67,2576117.1,-164905.0,310.82,0.86,0.58,0.0105,0.03,5.0,1.0,1.0,0.0,100.0,300144.6,0.0,351.0,,22.91,300144.5999999999,300144.5999999999,30.01,0.82,1.03,0.0146,0.05,34.0,8.0,7.0,1.0,87.5,819270.98,-164905.0,184.38,,31.67,2576117.1,-164905.0,557.0,0.91,0.74,0.0115,0.03
PLZL,harami,1D,Bayesian_TPE,21,8.411,0.16,1.9,False,310.82,0.857,0.575,31.67,8,87.5,False,"{""sampler"":""TPESampler"",""seed"":42,""n_trials"":50,""direction"":""maximize"",""objective"":""composite = Sharpe * (Return% / MaxDD%)""}","{""doji_tol"":0.16,""wick_body_ratio"":1.9,""allowshort"":false}",2014-01-01,2024-12-31,2025-01-01,2026-04-20,2014-01-01,2026-04-20,29.0,8.0,7.0,1.0,87.5,467592.38,-164905.0,125.0,,31.67,2576117.1,-164905.0,310.82,0.86,0.58,0.0105,0.03,5.0,1.0,1.0,0.0,100.0,300144.6,0.0,351.0,,22.91,300144.5999999999,300144.5999999999,30.01,0.82,1.03,0.0146,0.05,34.0,8.0,7.0,1.0,87.5,819270.98,-164905.0,184.38,,31.67,2576117.1,-164905.0,557.0,0.91,0.74,0.0115,0.03
PLZL,harami,1D,Bayesian_TPE,22,8.411,0.18,1.5,False,310.82,0.857,0.575,31.67,8,87.5,False,"{""sampler"":""TPESampler"",""seed"":42,""n_trials"":50,""direction"":""maximize"",""objective"":""composite = Sharpe * (Return% / MaxDD%)""}","{""doji_tol"":0.18,""wick_body_ratio"":1.5,""allowshort"":false}",2014-01-01,2024-12-31,2025-01-01,2026-04-20,2014-01-01,2026-04-20,29.0,8.0,7.0,1.0,87.5,467592.38,-164905.0,125.0,,31.67,2576117.1,-164905.0,310.82,0.86,0.58,0.0105,0.03,5.0,1.0,1.0,0.0,100.0,300144.6,0.0,351.0,,22.91,300144.5999999999,300144.5999999999,30.01,0.82,1.03,0.0146,0.05,34.0,8.0,7.0,1.0,87.5,819270.98,-164905.0,184.38,,31.67,2576117.1,-164905.0,557.0,0.91,0.74,0.0115,0.03
PLZL,harami,1D,Bayesian_TPE,23,8.411,0.14,1.9,False,310.82,0.857,0.575,31.67,8,87.5,False,"{""sampler"":""TPESampler"",""seed"":42,""n_trials"":50,""direction"":""maximize"",""objective"":""composite = Sharpe * (Return% / MaxDD%)""}","{""doji_tol"":0.14,""wick_body_ratio"":1.9,""allowshort"":false}",2014-01-01,2024-12-31,2025-01-01,2026-04-20,2014-01-01,2026-04-20,29.0,8.0,7.0,1.0,87.5,467592.38,-164905.0,125.0,,31.67,2576117.1,-164905.0,310.82,0.86,0.58,0.0105,0.03,5.0,1.0,1.0,0.0,100.0,300144.6,0.0,351.0,,22.91,300144.5999999999,300144.5999999999,30.01,0.82,1.03,0.0146,0.05,34.0,8.0,7.0,1.0,87.5,819270.98,-164905.0,184.38,,31.67,2576117.1,-164905.0,557.0,0.91,0.74,0.0115,0.03
PLZL,harami,1D,Bayesian_TPE,24,8.411,0.16,1.7,False,310.82,0.857,0.575,31.67,8,87.5,False,"{""sampler"":""TPESampler"",""seed"":42,""n_trials"":50,""direction"":""maximize"",""objective"":""composite = Sharpe * (Return% / MaxDD%)""}","{""doji_tol"":0.16,""wick_body_ratio"":1.7,""allowshort"":false}",2014-01-01,2024-12-31,2025-01-01,2026-04-20,2014-01-01,2026-04-20,29.0,8.0,7.0,1.0,87.5,467592.38,-164905.0,125.0,,31.67,2576117.1,-164905.0,310.82,0.86,0.58,0.0105,0.03,5.0,1.0,1.0,0.0,100.0,300144.6,0.0,351.0,,22.91,300144.5999999999,300144.5999999999,30.01,0.82,1.03,0.0146,0.05,34.0,8.0,7.0,1.0,87.5,819270.98,-164905.0,184.38,,31.67,2576117.1,-164905.0,557.0,0.91,0.74,0.0115,0.03
PLZL,harami,1D,Bayesian_TPE,25,8.411,0.13,2.4,False,310.82,0.857,0.575,31.67,8,87.5,False,"{""sampler"":""TPESampler"",""seed"":42,""n_trials"":50,""direction"":""maximize"",""objective"":""composite = Sharpe * (Return% / MaxDD%)""}","{""doji_tol"":0.13,""wick_body_ratio"":2.4,""allowshort"":false}",2014-01-01,2024-12-31,2025-01-01,2026-04-20,2014-01-01,2026-04-20,29.0,8.0,7.0,1.0,87.5,467592.38,-164905.0,125.0,,31.67,2576117.1,-164905.0,310.82,0.86,0.58,0.0105,0.03,5.0,1.0,1.0,0.0,100.0,300144.6,0.0,351.0,,22.91,300144.5999999999,300144.5999999999,30.01,0.82,1.03,0.0146,0.05,34.0,8.0,7.0,1.0,87.5,819270.98,-164905.0,184.38,,31.67,2576117.1,-164905.0,557.0,0.91,0.74,0.0115,0.03
PLZL,harami,1D,Bayesian_TPE,26,-0.465,0.17,2.1,True,-2341.91,0.584,1.155,2940.09,2,0.0,True,"{""sampler"":""TPESampler"",""seed"":42,""n_trials"":50,""direction"":""maximize"",""objective"":""composite = Sharpe * (Return% / MaxDD%)""}","{""doji_tol"":0.17,""wick_body_ratio"":2.1,""allowshort"":true}",2014-01-01,2024-12-31,2025-01-01,2026-04-20,2014-01-01,2026-04-20,29.0,2.0,0.0,2.0,0.0,0.0,-3569407.24,521.0,,2940.09,-158478.9999999996,-6980335.473,-713.88,0.58,1.15,0.211,0.0,5.0,1.0,1.0,0.0,100.0,300144.6,0.0,351.0,,22.91,300144.5999999999,300144.5999999999,30.01,0.82,1.03,0.0146,0.05,34.0,2.0,0.0,2.0,0.0,0.0,-5408597.74,758.5,,4210.56,-3836860.0,-6980335.473,-1081.72,0.56,1.1,0.1971,0.0
PLZL,harami,1D,Bayesian_TPE,27,8.411,0.2,1.7,False,310.82,0.857,0.575,31.67,8,87.5,False,"{""sampler"":""TPESampler"",""seed"":42,""n_trials"":50,""direction"":""maximize"",""objective"":""composite = Sharpe * (Return% / MaxDD%)""}","{""doji_tol"":0.2,""wick_body_ratio"":1.7,""allowshort"":false}",2014-01-01,2024-12-31,2025-01-01,2026-04-20,2014-01-01,2026-04-20,29.0,8.0,7.0,1.0,87.5,467592.38,-164905.0,125.0,,31.67,2576117.1,-164905.0,310.82,0.86,0.58,0.0105,0.03,5.0,1.0,1.0,0.0,100.0,300144.6,0.0,351.0,,22.91,300144.5999999999,300144.5999999999,30.01,0.82,1.03,0.0146,0.05,34.0,8.0,7.0,1.0,87.5,819270.98,-164905.0,184.38,,31.67,2576117.1,-164905.0,557.0,0.91,0.74,0.0115,0.03
PLZL,harami,1D,Bayesian_TPE,28,8.411,0.08,1.9,False,310.82,0.857,0.575,31.67,8,87.5,False,"{""sampler"":""TPESampler"",""seed"":42,""n_trials"":50,""direction"":""maximize"",""objective"":""composite = Sharpe * (Return% / MaxDD%)""}","{""doji_tol"":0.08,""wick_body_ratio"":1.9,""allowshort"":false}",2014-01-01,2024-12-31,2025-01-01,2026-04-20,2014-01-01,2026-04-20,29.0,8.0,7.0,1.0,87.5,467592.38,-164905.0,125.0,,31.67,2576117.1,-164905.0,310.82,0.86,0.58,0.0105,0.03,5.0,1.0,1.0,0.0,100.0,300144.6,0.0,351.0,,22.91,300144.5999999999,300144.5999999999,30.01,0.82,1.03,0.0146,0.05,34.0,8.0,7.0,1.0,87.5,819270.98,-164905.0,184.38,,31.67,2576117.1,-164905.0,557.0,0.91,0.74,0.0115,0.03
PLZL,harami,1D,Bayesian_TPE,29,-0.465,0.09,3.2,True,-2341.91,0.584,1.155,2940.09,2,0.0,True,"{""sampler"":""TPESampler"",""seed"":42,""n_trials"":50,""direction"":""maximize"",""objective"":""composite = Sharpe * (Return% / MaxDD%)""}","{""doji_tol"":0.09,""wick_body_ratio"":3.2,""allowshort"":true}",2014-01-01,2024-12-31,2025-01-01,2026-04-20,2014-01-01,2026-04-20,29.0,2.0,0.0,2.0,0.0,0.0,-3569407.24,521.0,,2940.09,-158478.9999999996,-6980335.473,-713.88,0.58,1.15,0.211,0.0,5.0,1.0,1.0,0.0,100.0,300144.6,0.0,351.0,,22.91,300144.5999999999,300144.5999999999,30.01,0.82,1.03,0.0146,0.05,34.0,2.0,0.0,2.0,0.0,0.0,-5408597.74,758.5,,4210.56,-3836860.0,-6980335.473,-1081.72,0.56,1.1,0.1971,0.0
PLZL,harami,1D,Bayesian_TPE,30,8.411,0.15,3.4000000000000004,False,310.82,0.857,0.575,31.67,8,87.5,False,"{""sampler"":""TPESampler"",""seed"":42,""n_trials"":50,""direction"":""maximize"",""objective"":""composite = Sharpe * (Return% / MaxDD%)""}","{""doji_tol"":0.15,""wick_body_ratio"":3.4000000000000004,""allowshort"":false}",2014-01-01,2024-12-31,2025-01-01,2026-04-20,2014-01-01,2026-04-20,29.0,8.0,7.0,1.0,87.5,467592.38,-164905.0,125.0,,31.67,2576117.1,-164905.0,310.82,0.86,0.58,0.0105,0.03,5.0,1.0,1.0,0.0,100.0,300144.6,0.0,351.0,,22.91,300144.5999999999,300144.5999999999,30.01,0.82,1.03,0.0146,0.05,34.0,8.0,7.0,1.0,87.5,819270.98,-164905.0,184.38,,31.67,2576117.1,-164905.0,557.0,0.91,0.74,0.0115,0.03
PLZL,harami,1D,Bayesian_TPE,31,8.411,0.14,1.6,False,310.82,0.857,0.575,31.67,8,87.5,False,"{""sampler"":""TPESampler"",""seed"":42,""n_trials"":50,""direction"":""maximize"",""objective"":""composite = Sharpe * (Return% / MaxDD%)""}","{""doji_tol"":0.14,""wick_body_ratio"":1.6,""allowshort"":false}",2014-01-01,2024-12-31,2025-01-01,2026-04-20,2014-01-01,2026-04-20,29.0,8.0,7.0,1.0,87.5,467592.38,-164905.0,125.0,,31.67,2576117.1,-164905.0,310.82,0.86,0.58,0.0105,0.03,5.0,1.0,1.0,0.0,100.0,300144.6,0.0,351.0,,22.91,300144.5999999999,300144.5999999999,30.01,0.82,1.03,0.0146,0.05,34.0,8.0,7.0,1.0,87.5,819270.98,-164905.0,184.38,,31.67,2576117.1,-164905.0,557.0,0.91,0.74,0.0115,0.03
PLZL,harami,1D,Bayesian_TPE,32,8.411,0.12,1.8,False,310.82,0.857,0.575,31.67,8,87.5,False,"{""sampler"":""TPESampler"",""seed"":42,""n_trials"":50,""direction"":""maximize"",""objective"":""composite = Sharpe * (Return% / MaxDD%)""}","{""doji_tol"":0.12,""wick_body_ratio"":1.8,""allowshort"":false}",2014-01-01,2024-12-31,2025-01-01,2026-04-20,2014-01-01,2026-04-20,29.0,8.0,7.0,1.0,87.5,467592.38,-164905.0,125.0,,31.67,2576117.1,-164905.0,310.82,0.86,0.58,0.0105,0.03,5.0,1.0,1.0,0.0,100.0,300144.6,0.0,351.0,,22.91,300144.5999999999,300144.5999999999,30.01,0.82,1.03,0.0146,0.05,34.0,8.0,7.0,1.0,87.5,819270.98,-164905.0,184.38,,31.67,2576117.1,-164905.0,557.0,0.91,0.74,0.0115,0.03
PLZL,harami,1D,Bayesian_TPE,33,8.411,0.14,2.1,False,310.82,0.857,0.575,31.67,8,87.5,False,"{""sampler"":""TPESampler"",""seed"":42,""n_trials"":50,""direction"":""maximize"",""objective"":""composite = Sharpe * (Return% / MaxDD%)""}","{""doji_tol"":0.14,""wick_body_ratio"":2.1,""allowshort"":false}",2014-01-01,2024-12-31,2025-01-01,2026-04-20,2014-01-01,2026-04-20,29.0,8.0,7.0,1.0,87.5,467592.38,-164905.0,125.0,,31.67,2576117.1,-164905.0,310.82,0.86,0.58,0.0105,0.03,5.0,1.0,1.0,0.0,100.0,300144.6,0.0,351.0,,22.91,300144.5999999999,300144.5999999999,30.01,0.82,1.03,0.0146,0.05,34.0,8.0,7.0,1.0,87.5,819270.98,-164905.0,184.38,,31.67,2576117.1,-164905.0,557.0,0.91,0.74,0.0115,0.03
PLZL,harami,1D,Bayesian_TPE,34,-0.465,0.1,1.6,True,-2341.91,0.584,1.155,2940.09,2,0.0,True,"{""sampler"":""TPESampler"",""seed"":42,""n_trials"":50,""direction"":""maximize"",""objective"":""composite = Sharpe * (Return% / MaxDD%)""}","{""doji_tol"":0.1,""wick_body_ratio"":1.6,""allowshort"":true}",2014-01-01,2024-12-31,2025-01-01,2026-04-20,2014-01-01,2026-04-20,29.0,2.0,0.0,2.0,0.0,0.0,-3569407.24,521.0,,2940.09,-158478.9999999996,-6980335.473,-713.88,0.58,1.15,0.211,0.0,5.0,1.0,1.0,0.0,100.0,300144.6,0.0,351.0,,22.91,300144.5999999999,300144.5999999999,30.01,0.82,1.03,0.0146,0.05,34.0,2.0,0.0,2.0,0.0,0.0,-5408597.74,758.5,,4210.56,-3836860.0,-6980335.473,-1081.72,0.56,1.1,0.1971,0.0
PLZL,harami,1D,Bayesian_TPE,35,8.411,0.13,1.8,False,310.82,0.857,0.575,31.67,8,87.5,False,"{""sampler"":""TPESampler"",""seed"":42,""n_trials"":50,""direction"":""maximize"",""objective"":""composite = Sharpe * (Return% / MaxDD%)""}","{""doji_tol"":0.13,""wick_body_ratio"":1.8,""allowshort"":false}",2014-01-01,2024-12-31,2025-01-01,2026-04-20,2014-01-01,2026-04-20,29.0,8.0,7.0,1.0,87.5,467592.38,-164905.0,125.0,,31.67,2576117.1,-164905.0,310.82,0.86,0.58,0.0105,0.03,5.0,1.0,1.0,0.0,100.0,300144.6,0.0,351.0,,22.91,300144.5999999999,300144.5999999999,30.01,0.82,1.03,0.0146,0.05,34.0,8.0,7.0,1.0,87.5,819270.98,-164905.0,184.38,,31.67,2576117.1,-164905.0,557.0,0.91,0.74,0.0115,0.03
PLZL,harami,1D,Bayesian_TPE,36,-0.465,0.16,1.5,True,-2341.91,0.584,1.155,2940.09,2,0.0,True,"{""sampler"":""TPESampler"",""seed"":42,""n_trials"":50,""direction"":""maximize"",""objective"":""composite = Sharpe * (Return% / MaxDD%)""}","{""doji_tol"":0.16,""wick_body_ratio"":1.5,""allowshort"":true}",2014-01-01,2024-12-31,2025-01-01,2026-04-20,2014-01-01,2026-04-20,29.0,2.0,0.0,2.0,0.0,0.0,-3569407.24,521.0,,2940.09,-158478.9999999996,-6980335.473,-713.88,0.58,1.15,0.211,0.0,5.0,1.0,1.0,0.0,100.0,300144.6,0.0,351.0,,22.91,300144.5999999999,300144.5999999999,30.01,0.82,1.03,0.0146,0.05,34.0,2.0,0.0,2.0,0.0,0.0,-5408597.74,758.5,,4210.56,-3836860.0,-6980335.473,-1081.72,0.56,1.1,0.1971,0.0
PLZL,harami,1D,Bayesian_TPE,37,8.411,0.18,2.5,False,310.82,0.857,0.575,31.67,8,87.5,False,"{""sampler"":""TPESampler"",""seed"":42,""n_trials"":50,""direction"":""maximize"",""objective"":""composite = Sharpe * (Return% / MaxDD%)""}","{""doji_tol"":0.18,""wick_body_ratio"":2.5,""allowshort"":false}",2014-01-01,2024-12-31,2025-01-01,2026-04-20,2014-01-01,2026-04-20,29.0,8.0,7.0,1.0,87.5,467592.38,-164905.0,125.0,,31.67,2576117.1,-164905.0,310.82,0.86,0.58,0.0105,0.03,5.0,1.0,1.0,0.0,100.0,300144.6,0.0,351.0,,22.91,300144.5999999999,300144.5999999999,30.01,0.82,1.03,0.0146,0.05,34.0,8.0,7.0,1.0,87.5,819270.98,-164905.0,184.38,,31.67,2576117.1,-164905.0,557.0,0.91,0.74,0.0115,0.03
PLZL,harami,1D,Bayesian_TPE,38,8.411,0.03,2.7,False,310.82,0.857,0.575,31.67,8,87.5,False,"{""sampler"":""TPESampler"",""seed"":42,""n_trials"":50,""direction"":""maximize"",""objective"":""composite = Sharpe * (Return% / MaxDD%)""}","{""doji_tol"":0.03,""wick_body_ratio"":2.7,""allowshort"":false}",2014-01-01,2024-12-31,2025-01-01,2026-04-20,2014-01-01,2026-04-20,29.0,8.0,7.0,1.0,87.5,467592.38,-164905.0,125.0,,31.67,2576117.1,-164905.0,310.82,0.86,0.58,0.0105,0.03,5.0,1.0,1.0,0.0,100.0,300144.6,0.0,351.0,,22.91,300144.5999999999,300144.5999999999,30.01,0.82,1.03,0.0146,0.05,34.0,8.0,7.0,1.0,87.5,819270.98,-164905.0,184.38,,31.67,2576117.1,-164905.0,557.0,0.91,0.74,0.0115,0.03
PLZL,harami,1D,Bayesian_TPE,39,-0.465,0.15,2.3,True,-2341.91,0.584,1.155,2940.09,2,0.0,True,"{""sampler"":""TPESampler"",""seed"":42,""n_trials"":50,""direction"":""maximize"",""objective"":""composite = Sharpe * (Return% / MaxDD%)""}","{""doji_tol"":0.15,""wick_body_ratio"":2.3,""allowshort"":true}",2014-01-01,2024-12-31,2025-01-01,2026-04-20,2014-01-01,2026-04-20,29.0,2.0,0.0,2.0,0.0,0.0,-3569407.24,521.0,,2940.09,-158478.9999999996,-6980335.473,-713.88,0.58,1.15,0.211,0.0,5.0,1.0,1.0,0.0,100.0,300144.6,0.0,351.0,,22.91,300144.5999999999,300144.5999999999,30.01,0.82,1.03,0.0146,0.05,34.0,2.0,0.0,2.0,0.0,0.0,-5408597.74,758.5,,4210.56,-3836860.0,-6980335.473,-1081.72,0.56,1.1,0.1971,0.0
PLZL,harami,1D,Bayesian_TPE,40,8.411,0.1,2.0,False,310.82,0.857,0.575,31.67,8,87.5,False,"{""sampler"":""TPESampler"",""seed"":42,""n_trials"":50,""direction"":""maximize"",""objective"":""composite = Sharpe * (Return% / MaxDD%)""}","{""doji_tol"":0.1,""wick_body_ratio"":2.0,""allowshort"":false}",2014-01-01,2024-12-31,2025-01-01,2026-04-20,2014-01-01,2026-04-20,29.0,8.0,7.0,1.0,87.5,467592.38,-164905.0,125.0,,31.67,2576117.1,-164905.0,310.82,0.86,0.58,0.0105,0.03,5.0,1.0,1.0,0.0,100.0,300144.6,0.0,351.0,,22.91,300144.5999999999,300144.5999999999,30.01,0.82,1.03,0.0146,0.05,34.0,8.0,7.0,1.0,87.5,819270.98,-164905.0,184.38,,31.67,2576117.1,-164905.0,557.0,0.91,0.74,0.0115,0.03
PLZL,harami,1D,Bayesian_TPE,41,8.411,0.07,3.0,False,310.82,0.857,0.575,31.67,8,87.5,False,"{""sampler"":""TPESampler"",""seed"":42,""n_trials"":50,""direction"":""maximize"",""objective"":""composite = Sharpe * (Return% / MaxDD%)""}","{""doji_tol"":0.07,""wick_body_ratio"":3.0,""allowshort"":false}",2014-01-01,2024-12-31,2025-01-01,2026-04-20,2014-01-01,2026-04-20,29.0,8.0,7.0,1.0,87.5,467592.38,-164905.0,125.0,,31.67,2576117.1,-164905.0,310.82,0.86,0.58,0.0105,0.03,5.0,1.0,1.0,0.0,100.0,300144.6,0.0,351.0,,22.91,300144.5999999999,300144.5999999999,30.01,0.82,1.03,0.0146,0.05,34.0,8.0,7.0,1.0,87.5,819270.98,-164905.0,184.38,,31.67,2576117.1,-164905.0,557.0,0.91,0.74,0.0115,0.03
PLZL,harami,1D,Bayesian_TPE,42,8.411,0.11,3.3,False,310.82,0.857,0.575,31.67,8,87.5,False,"{""sampler"":""TPESampler"",""seed"":42,""n_trials"":50,""direction"":""maximize"",""objective"":""composite = Sharpe * (Return% / MaxDD%)""}","{""doji_tol"":0.11,""wick_body_ratio"":3.3,""allowshort"":false}",2014-01-01,2024-12-31,2025-01-01,2026-04-20,2014-01-01,2026-04-20,29.0,8.0,7.0,1.0,87.5,467592.38,-164905.0,125.0,,31.67,2576117.1,-164905.0,310.82,0.86,0.58,0.0105,0.03,5.0,1.0,1.0,0.0,100.0,300144.6,0.0,351.0,,22.91,300144.5999999999,300144.5999999999,30.01,0.82,1.03,0.0146,0.05,34.0,8.0,7.0,1.0,87.5,819270.98,-164905.0,184.38,,31.67,2576117.1,-164905.0,557.0,0.91,0.74,0.0115,0.03
PLZL,harami,1D,Bayesian_TPE,43,8.411,0.12,3.5,False,310.82,0.857,0.575,31.67,8,87.5,False,"{""sampler"":""TPESampler"",""seed"":42,""n_trials"":50,""direction"":""maximize"",""objective"":""composite = Sharpe * (Return% / MaxDD%)""}","{""doji_tol"":0.12,""wick_body_ratio"":3.5,""allowshort"":false}",2014-01-01,2024-12-31,2025-01-01,2026-04-20,2014-01-01,2026-04-20,29.0,8.0,7.0,1.0,87.5,467592.38,-164905.0,125.0,,31.67,2576117.1,-164905.0,310.82,0.86,0.58,0.0105,0.03,5.0,1.0,1.0,0.0,100.0,300144.6,0.0,351.0,,22.91,300144.5999999999,300144.5999999999,30.01,0.82,1.03,0.0146,0.05,34.0,8.0,7.0,1.0,87.5,819270.98,-164905.0,184.38,,31.67,2576117.1,-164905.0,557.0,0.91,0.74,0.0115,0.03
PLZL,harami,1D,Bayesian_TPE,44,8.411,0.13,2.9000000000000004,False,310.82,0.857,0.575,31.67,8,87.5,False,"{""sampler"":""TPESampler"",""seed"":42,""n_trials"":50,""direction"":""maximize"",""objective"":""composite = Sharpe * (Return% / MaxDD%)""}","{""doji_tol"":0.13,""wick_body_ratio"":2.9000000000000004,""allowshort"":false}",2014-01-01,2024-12-31,2025-01-01,2026-04-20,2014-01-01,2026-04-20,29.0,8.0,7.0,1.0,87.5,467592.38,-164905.0,125.0,,31.67,2576117.1,-164905.0,310.82,0.86,0.58,0.0105,0.03,5.0,1.0,1.0,0.0,100.0,300144.6,0.0,351.0,,22.91,300144.5999999999,300144.5999999999,30.01,0.82,1.03,0.0146,0.05,34.0,8.0,7.0,1.0,87.5,819270.98,-164905.0,184.38,,31.67,2576117.1,-164905.0,557.0,0.91,0.74,0.0115,0.03
PLZL,harami,1D,Bayesian_TPE,45,8.411,0.05,1.8,False,310.82,0.857,0.575,31.67,8,87.5,False,"{""sampler"":""TPESampler"",""seed"":42,""n_trials"":50,""direction"":""maximize"",""objective"":""composite = Sharpe * (Return% / MaxDD%)""}","{""doji_tol"":0.05,""wick_body_ratio"":1.8,""allowshort"":false}",2014-01-01,2024-12-31,2025-01-01,2026-04-20,2014-01-01,2026-04-20,29.0,8.0,7.0,1.0,87.5,467592.38,-164905.0,125.0,,31.67,2576117.1,-164905.0,310.82,0.86,0.58,0.0105,0.03,5.0,1.0,1.0,0.0,100.0,300144.6,0.0,351.0,,22.91,300144.5999999999,300144.5999999999,30.01,0.82,1.03,0.0146,0.05,34.0,8.0,7.0,1.0,87.5,819270.98,-164905.0,184.38,,31.67,2576117.1,-164905.0,557.0,0.91,0.74,0.0115,0.03
PLZL,harami,1D,Bayesian_TPE,46,8.411,0.19,2.8,False,310.82,0.857,0.575,31.67,8,87.5,False,"{""sampler"":""TPESampler"",""seed"":42,""n_trials"":50,""direction"":""maximize"",""objective"":""composite = Sharpe * (Return% / MaxDD%)""}","{""doji_tol"":0.19,""wick_body_ratio"":2.8,""allowshort"":false}",2014-01-01,2024-12-31,2025-01-01,2026-04-20,2014-01-01,2026-04-20,29.0,8.0,7.0,1.0,87.5,467592.38,-164905.0,125.0,,31.67,2576117.1,-164905.0,310.82,0.86,0.58,0.0105,0.03,5.0,1.0,1.0,0.0,100.0,300144.6,0.0,351.0,,22.91,300144.5999999999,300144.5999999999,30.01,0.82,1.03,0.0146,0.05,34.0,8.0,7.0,1.0,87.5,819270.98,-164905.0,184.38,,31.67,2576117.1,-164905.0,557.0,0.91,0.74,0.0115,0.03
PLZL,harami,1D,Bayesian_TPE,47,8.411,0.09,3.1,False,310.82,0.857,0.575,31.67,8,87.5,False,"{""sampler"":""TPESampler"",""seed"":42,""n_trials"":50,""direction"":""maximize"",""objective"":""composite = Sharpe * (Return% / MaxDD%)""}","{""doji_tol"":0.09,""wick_body_ratio"":3.1,""allowshort"":false}",2014-01-01,2024-12-31,2025-01-01,2026-04-20,2014-01-01,2026-04-20,29.0,8.0,7.0,1.0,87.5,467592.38,-164905.0,125.0,,31.67,2576117.1,-164905.0,310.82,0.86,0.58,0.0105,0.03,5.0,1.0,1.0,0.0,100.0,300144.6,0.0,351.0,,22.91,300144.5999999999,300144.5999999999,30.01,0.82,1.03,0.0146,0.05,34.0,8.0,7.0,1.0,87.5,819270.98,-164905.0,184.38,,31.67,2576117.1,-164905.0,557.0,0.91,0.74,0.0115,0.03
PLZL,harami,1D,Bayesian_TPE,48,8.411,0.11,3.0,False,310.82,0.857,0.575,31.67,8,87.5,False,"{""sampler"":""TPESampler"",""seed"":42,""n_trials"":50,""direction"":""maximize"",""objective"":""composite = Sharpe * (Return% / MaxDD%)""}","{""doji_tol"":0.11,""wick_body_ratio"":3.0,""allowshort"":false}",2014-01-01,2024-12-31,2025-01-01,2026-04-20,2014-01-01,2026-04-20,29.0,8.0,7.0,1.0,87.5,467592.38,-164905.0,125.0,,31.67,2576117.1,-164905.0,310.82,0.86,0.58,0.0105,0.03,5.0,1.0,1.0,0.0,100.0,300144.6,0.0,351.0,,22.91,300144.5999999999,300144.5999999999,30.01,0.82,1.03,0.0146,0.05,34.0,8.0,7.0,1.0,87.5,819270.98,-164905.0,184.38,,31.67,2576117.1,-164905.0,557.0,0.91,0.74,0.0115,0.03
PLZL,harami,1D,Bayesian_TPE,49,-0.465,0.15,1.6,True,-2341.91,0.584,1.155,2940.09,2,0.0,True,"{""sampler"":""TPESampler"",""seed"":42,""n_trials"":50,""direction"":""maximize"",""objective"":""composite = Sharpe * (Return% / MaxDD%)""}","{""doji_tol"":0.15,""wick_body_ratio"":1.6,""allowshort"":true}",2014-01-01,2024-12-31,2025-01-01,2026-04-20,2014-01-01,2026-04-20,29.0,2.0,0.0,2.0,0.0,0.0,-3569407.24,521.0,,2940.09,-158478.9999999996,-6980335.473,-713.88,0.58,1.15,0.211,0.0,5.0,1.0,1.0,0.0,100.0,300144.6,0.0,351.0,,22.91,300144.5999999999,300144.5999999999,30.01,0.82,1.03,0.0146,0.05,34.0,2.0,0.0,2.0,0.0,0.0,-5408597.74,758.5,,4210.56,-3836860.0,-6980335.473,-1081.72,0.56,1.1,0.1971,0.0
GMKN,harami,1D,Bayesian_TPE,0,-0.03,0.09,3.4000000000000004,True,-23.91,0.07,0.099,55.3,18,38.89,True,"{""sampler"":""TPESampler"",""seed"":42,""n_trials"":50,""direction"":""maximize"",""objective"":""composite = Sharpe * (Return% / MaxDD%)""}","{""doji_tol"":0.09,""wick_body_ratio"":3.4000000000000004,""allowshort"":true}",2014-01-01,2024-12-31,2025-01-01,2026-04-20,2014-01-01,2026-04-20,35.0,18.0,7.0,11.0,38.89,119307.44,-97661.23,222.39,,55.3,229846.91999999995,-350205.12000000017,-23.91,0.07,0.1,0.0192,0.0,7.0,4.0,3.0,1.0,75.0,116840.91,-13108.12,100.0,,25.37,185476.4999999999,-13108.119999999992,33.74,0.75,1.11,0.0183,0.05,42.0,21.0,10.0,11.0,47.62,117168.26,-92343.73,213.24,,55.3,229846.91999999995,-350205.12000000017,15.59,0.19,0.27,0.0194,0.01
GMKN,harami,1D,Bayesian_TPE,1,0.38,0.05,1.8,False,55.43,0.294,0.242,42.9,9,55.56,False,"{""sampler"":""TPESampler"",""seed"":42,""n_trials"":50,""direction"":""maximize"",""objective"":""composite = Sharpe * (Return% / MaxDD%)""}","{""doji_tol"":0.05,""wick_body_ratio"":1.8,""allowshort"":false}",2014-01-01,2024-12-31,2025-01-01,2026-04-20,2014-01-01,2026-04-20,35.0,9.0,5.0,4.0,55.56,226193.24,-144165.01,164.11,,42.9,552728.5199999999,-207740.0,55.43,0.29,0.24,0.0138,0.01,7.0,2.0,2.0,0.0,100.0,95181.63,0.0,166.5,,25.37,187924.53999999992,2438.7200000001644,19.04,0.52,0.71,0.0178,0.04,42.0,10.0,7.0,3.0,70.0,219387.5,-144671.95,188.5,,42.9,552728.5199999999,-207740.0,110.17,0.37,0.35,0.0147,0.01
GMKN,harami,1D,Bayesian_TPE,2,0.38,0.13,2.9000000000000004,False,55.43,0.294,0.242,42.9,9,55.56,False,"{""sampler"":""TPESampler"",""seed"":42,""n_trials"":50,""direction"":""maximize"",""objective"":""composite = Sharpe * (Return% / MaxDD%)""}","{""doji_tol"":0.13,""wick_body_ratio"":2.9000000000000004,""allowshort"":false}",2014-01-01,2024-12-31,2025-01-01,2026-04-20,2014-01-01,2026-04-20,35.0,9.0,5.0,4.0,55.56,226193.24,-144165.01,164.11,,42.9,552728.5199999999,-207740.0,55.43,0.29,0.24,0.0138,0.01,7.0,2.0,2.0,0.0,100.0,95181.63,0.0,166.5,,25.37,187924.53999999992,2438.7200000001644,19.04,0.52,0.71,0.0178,0.04,42.0,10.0,7.0,3.0,70.0,219387.5,-144671.95,188.5,,42.9,552728.5199999999,-207740.0,110.17,0.37,0.35,0.0147,0.01
GMKN,harami,1D,Bayesian_TPE,3,0.38,0.17,1.9,False,55.43,0.294,0.242,42.9,9,55.56,False,"{""sampler"":""TPESampler"",""seed"":42,""n_trials"":50,""direction"":""maximize"",""objective"":""composite = Sharpe * (Return% / MaxDD%)""}","{""doji_tol"":0.17,""wick_body_ratio"":1.9,""allowshort"":false}",2014-01-01,2024-12-31,2025-01-01,2026-04-20,2014-01-01,2026-04-20,35.0,9.0,5.0,4.0,55.56,226193.24,-144165.01,164.11,,42.9,552728.5199999999,-207740.0,55.43,0.29,0.24,0.0138,0.01,7.0,2.0,2.0,0.0,100.0,95181.63,0.0,166.5,,25.37,187924.53999999992,2438.7200000001644,19.04,0.52,0.71,0.0178,0.04,42.0,10.0,7.0,3.0,70.0,219387.5,-144671.95,188.5,,42.9,552728.5199999999,-207740.0,110.17,0.37,0.35,0.0147,0.01
GMKN,harami,1D,Bayesian_TPE,4,-0.03,0.08,2.6,True,-23.91,0.07,0.099,55.3,18,38.89,True,"{""sampler"":""TPESampler"",""seed"":42,""n_trials"":50,""direction"":""maximize"",""objective"":""composite = Sharpe * (Return% / MaxDD%)""}","{""doji_tol"":0.08,""wick_body_ratio"":2.6,""allowshort"":true}",2014-01-01,2024-12-31,2025-01-01,2026-04-20,2014-01-01,2026-04-20,35.0,18.0,7.0,11.0,38.89,119307.44,-97661.23,222.39,,55.3,229846.91999999995,-350205.12000000017,-23.91,0.07,0.1,0.0192,0.0,7.0,4.0,3.0,1.0,75.0,116840.91,-13108.12,100.0,,25.37,185476.4999999999,-13108.119999999992,33.74,0.75,1.11,0.0183,0.05,42.0,21.0,10.0,11.0,47.62,117168.26,-92343.73,213.24,,55.3,229846.91999999995,-350205.12000000017,15.59,0.19,0.27,0.0194,0.01
GMKN,harami,1D,Bayesian_TPE,5,0.38,0.14,1.7,False,55.43,0.294,0.242,42.9,9,55.56,False,"{""sampler"":""TPESampler"",""seed"":42,""n_trials"":50,""direction"":""maximize"",""objective"":""composite = Sharpe * (Return% / MaxDD%)""}","{""doji_tol"":0.14,""wick_body_ratio"":1.7,""allowshort"":false}",2014-01-01,2024-12-31,2025-01-01,2026-04-20,2014-01-01,2026-04-20,35.0,9.0,5.0,4.0,55.56,226193.24,-144165.01,164.11,,42.9,552728.5199999999,-207740.0,55.43,0.29,0.24,0.0138,0.01,7.0,2.0,2.0,0.0,100.0,95181.63,0.0,166.5,,25.37,187924.53999999992,2438.7200000001644,19.04,0.52,0.71,0.0178,0.04,42.0,10.0,7.0,3.0,70.0,219387.5,-144671.95,188.5,,42.9,552728.5199999999,-207740.0,110.17,0.37,0.35,0.0147,0.01
GMKN,harami,1D,Bayesian_TPE,6,0.38,0.11,3.1,False,55.43,0.294,0.242,42.9,9,55.56,False,"{""sampler"":""TPESampler"",""seed"":42,""n_trials"":50,""direction"":""maximize"",""objective"":""composite = Sharpe * (Return% / MaxDD%)""}","{""doji_tol"":0.11,""wick_body_ratio"":3.1,""allowshort"":false}",2014-01-01,2024-12-31,2025-01-01,2026-04-20,2014-01-01,2026-04-20,35.0,9.0,5.0,4.0,55.56,226193.24,-144165.01,164.11,,42.9,552728.5199999999,-207740.0,55.43,0.29,0.24,0.0138,0.01,7.0,2.0,2.0,0.0,100.0,95181.63,0.0,166.5,,25.37,187924.53999999992,2438.7200000001644,19.04,0.52,0.71,0.0178,0.04,42.0,10.0,7.0,3.0,70.0,219387.5,-144671.95,188.5,,42.9,552728.5199999999,-207740.0,110.17,0.37,0.35,0.0147,0.01
GMKN,harami,1D,Bayesian_TPE,7,-0.03,0.13,1.5,True,-23.91,0.07,0.099,55.3,18,38.89,True,"{""sampler"":""TPESampler"",""seed"":42,""n_trials"":50,""direction"":""maximize"",""objective"":""composite = Sharpe * (Return% / MaxDD%)""}","{""doji_tol"":0.13,""wick_body_ratio"":1.5,""allowshort"":true}",2014-01-01,2024-12-31,2025-01-01,2026-04-20,2014-01-01,2026-04-20,35.0,18.0,7.0,11.0,38.89,119307.44,-97661.23,222.39,,55.3,229846.91999999995,-350205.12000000017,-23.91,0.07,0.1,0.0192,0.0,7.0,4.0,3.0,1.0,75.0,116840.91,-13108.12,100.0,,25.37,185476.4999999999,-13108.119999999992,33.74,0.75,1.11,0.0183,0.05,42.0,21.0,10.0,11.0,47.62,117168.26,-92343.73,213.24,,55.3,229846.91999999995,-350205.12000000017,15.59,0.19,0.27,0.0194,0.01
GMKN,harami,1D,Bayesian_TPE,8,-0.03,0.04,3.4000000000000004,True,-23.91,0.07,0.099,55.3,18,38.89,True,"{""sampler"":""TPESampler"",""seed"":42,""n_trials"":50,""direction"":""maximize"",""objective"":""composite = Sharpe * (Return% / MaxDD%)""}","{""doji_tol"":0.04,""wick_body_ratio"":3.4000000000000004,""allowshort"":true}",2014-01-01,2024-12-31,2025-01-01,2026-04-20,2014-01-01,2026-04-20,35.0,18.0,7.0,11.0,38.89,119307.44,-97661.23,222.39,,55.3,229846.91999999995,-350205.12000000017,-23.91,0.07,0.1,0.0192,0.0,7.0,4.0,3.0,1.0,75.0,116840.91,-13108.12,100.0,,25.37,185476.4999999999,-13108.119999999992,33.74,0.75,1.11,0.0183,0.05,42.0,21.0,10.0,11.0,47.62,117168.26,-92343.73,213.24,,55.3,229846.91999999995,-350205.12000000017,15.59,0.19,0.27,0.0194,0.01
GMKN,harami,1D,Bayesian_TPE,9,-0.03,0.08,1.7,True,-23.91,0.07,0.099,55.3,18,38.89,True,"{""sampler"":""TPESampler"",""seed"":42,""n_trials"":50,""direction"":""maximize"",""objective"":""composite = Sharpe * (Return% / MaxDD%)""}","{""doji_tol"":0.08,""wick_body_ratio"":1.7,""allowshort"":true}",2014-01-01,2024-12-31,2025-01-01,2026-04-20,2014-01-01,2026-04-20,35.0,18.0,7.0,11.0,38.89,119307.44,-97661.23,222.39,,55.3,229846.91999999995,-350205.12000000017,-23.91,0.07,0.1,0.0192,0.0,7.0,4.0,3.0,1.0,75.0,116840.91,-13108.12,100.0,,25.37,185476.4999999999,-13108.119999999992,33.74,0.75,1.11,0.0183,0.05,42.0,21.0,10.0,11.0,47.62,117168.26,-92343.73,213.24,,55.3,229846.91999999995,-350205.12000000017,15.59,0.19,0.27,0.0194,0.01
GMKN,harami,1D,Bayesian_TPE,10,0.38,0.03,2.2,False,55.43,0.294,0.242,42.9,9,55.56,False,"{""sampler"":""TPESampler"",""seed"":42,""n_trials"":50,""direction"":""maximize"",""objective"":""composite = Sharpe * (Return% / MaxDD%)""}","{""doji_tol"":0.03,""wick_body_ratio"":2.2,""allowshort"":false}",2014-01-01,2024-12-31,2025-01-01,2026-04-20,2014-01-01,2026-04-20,35.0,9.0,5.0,4.0,55.56,226193.24,-144165.01,164.11,,42.9,552728.5199999999,-207740.0,55.43,0.29,0.24,0.0138,0.01,7.0,2.0,2.0,0.0,100.0,95181.63,0.0,166.5,,25.37,187924.53999999992,2438.7200000001644,19.04,0.52,0.71,0.0178,0.04,42.0,10.0,7.0,3.0,70.0,219387.5,-144671.95,188.5,,42.9,552728.5199999999,-207740.0,110.17,0.37,0.35,0.0147,0.01
GMKN,harami,1D,Bayesian_TPE,11,0.38,0.19,2.8,False,55.43,0.294,0.242,42.9,9,55.56,False,"{""sampler"":""TPESampler"",""seed"":42,""n_trials"":50,""direction"":""maximize"",""objective"":""composite = Sharpe * (Return% / MaxDD%)""}","{""doji_tol"":0.19,""wick_body_ratio"":2.8,""allowshort"":false}",2014-01-01,2024-12-31,2025-01-01,2026-04-20,2014-01-01,2026-04-20,35.0,9.0,5.0,4.0,55.56,226193.24,-144165.01,164.11,,42.9,552728.5199999999,-207740.0,55.43,0.29,0.24,0.0138,0.01,7.0,2.0,2.0,0.0,100.0,95181.63,0.0,166.5,,25.37,187924.53999999992,2438.7200000001644,19.04,0.52,0.71,0.0178,0.04,42.0,10.0,7.0,3.0,70.0,219387.5,-144671.95,188.5,,42.9,552728.5199999999,-207740.0,110.17,0.37,0.35,0.0147,0.01
GMKN,harami,1D,Bayesian_TPE,12,0.38,0.15,2.3,False,55.43,0.294,0.242,42.9,9,55.56,False,"{""sampler"":""TPESampler"",""seed"":42,""n_trials"":50,""direction"":""maximize"",""objective"":""composite = Sharpe * (Return% / MaxDD%)""}","{""doji_tol"":0.15,""wick_body_ratio"":2.3,""allowshort"":false}",2014-01-01,2024-12-31,2025-01-01,2026-04-20,2014-01-01,2026-04-20,35.0,9.0,5.0,4.0,55.56,226193.24,-144165.01,164.11,,42.9,552728.5199999999,-207740.0,55.43,0.29,0.24,0.0138,0.01,7.0,2.0,2.0,0.0,100.0,95181.63,0.0,166.5,,25.37,187924.53999999992,2438.7200000001644,19.04,0.52,0.71,0.0178,0.04,42.0,10.0,7.0,3.0,70.0,219387.5,-144671.95,188.5,,42.9,552728.5199999999,-207740.0,110.17,0.37,0.35,0.0147,0.01
GMKN,harami,1D,Bayesian_TPE,13,0.38,0.06,2.9000000000000004,False,55.43,0.294,0.242,42.9,9,55.56,False,"{""sampler"":""TPESampler"",""seed"":42,""n_trials"":50,""direction"":""maximize"",""objective"":""composite = Sharpe * (Return% / MaxDD%)""}","{""doji_tol"":0.06,""wick_body_ratio"":2.9000000000000004,""allowshort"":false}",2014-01-01,2024-12-31,2025-01-01,2026-04-20,2014-01-01,2026-04-20,35.0,9.0,5.0,4.0,55.56,226193.24,-144165.01,164.11,,42.9,552728.5199999999,-207740.0,55.43,0.29,0.24,0.0138,0.01,7.0,2.0,2.0,0.0,100.0,95181.63,0.0,166.5,,25.37,187924.53999999992,2438.7200000001644,19.04,0.52,0.71,0.0178,0.04,42.0,10.0,7.0,3.0,70.0,219387.5,-144671.95,188.5,,42.9,552728.5199999999,-207740.0,110.17,0.37,0.35,0.0147,0.01
GMKN,harami,1D,Bayesian_TPE,14,0.38,0.11,2.2,False,55.43,0.294,0.242,42.9,9,55.56,False,"{""sampler"":""TPESampler"",""seed"":42,""n_trials"":50,""direction"":""maximize"",""objective"":""composite = Sharpe * (Return% / MaxDD%)""}","{""doji_tol"":0.11,""wick_body_ratio"":2.2,""allowshort"":false}",2014-01-01,2024-12-31,2025-01-01,2026-04-20,2014-01-01,2026-04-20,35.0,9.0,5.0,4.0,55.56,226193.24,-144165.01,164.11,,42.9,552728.5199999999,-207740.0,55.43,0.29,0.24,0.0138,0.01,7.0,2.0,2.0,0.0,100.0,95181.63,0.0,166.5,,25.37,187924.53999999992,2438.7200000001644,19.04,0.52,0.71,0.0178,0.04,42.0,10.0,7.0,3.0,70.0,219387.5,-144671.95,188.5,,42.9,552728.5199999999,-207740.0,110.17,0.37,0.35,0.0147,0.01
GMKN,harami,1D,Bayesian_TPE,15,0.38,0.06,3.1,False,55.43,0.294,0.242,42.9,9,55.56,False,"{""sampler"":""TPESampler"",""seed"":42,""n_trials"":50,""direction"":""maximize"",""objective"":""composite = Sharpe * (Return% / MaxDD%)""}","{""doji_tol"":0.06,""wick_body_ratio"":3.1,""allowshort"":false}",2014-01-01,2024-12-31,2025-01-01,2026-04-20,2014-01-01,2026-04-20,35.0,9.0,5.0,4.0,55.56,226193.24,-144165.01,164.11,,42.9,552728.5199999999,-207740.0,55.43,0.29,0.24,0.0138,0.01,7.0,2.0,2.0,0.0,100.0,95181.63,0.0,166.5,,25.37,187924.53999999992,2438.7200000001644,19.04,0.52,0.71,0.0178,0.04,42.0,10.0,7.0,3.0,70.0,219387.5,-144671.95,188.5,,42.9,552728.5199999999,-207740.0,110.17,0.37,0.35,0.0147,0.01
GMKN,harami,1D,Bayesian_TPE,16,0.38,0.17,2.5,False,55.43,0.294,0.242,42.9,9,55.56,False,"{""sampler"":""TPESampler"",""seed"":42,""n_trials"":50,""direction"":""maximize"",""objective"":""composite = Sharpe * (Return% / MaxDD%)""}","{""doji_tol"":0.17,""wick_body_ratio"":2.5,""allowshort"":false}",2014-01-01,2024-12-31,2025-01-01,2026-04-20,2014-01-01,2026-04-20,35.0,9.0,5.0,4.0,55.56,226193.24,-144165.01,164.11,,42.9,552728.5199999999,-207740.0,55.43,0.29,0.24,0.0138,0.01,7.0,2.0,2.0,0.0,100.0,95181.63,0.0,166.5,,25.37,187924.53999999992,2438.7200000001644,19.04,0.52,0.71,0.0178,0.04,42.0,10.0,7.0,3.0,70.0,219387.5,-144671.95,188.5,,42.9,552728.5199999999,-207740.0,110.17,0.37,0.35,0.0147,0.01
GMKN,harami,1D,Bayesian_TPE,17,0.38,0.12,2.0,False,55.43,0.294,0.242,42.9,9,55.56,False,"{""sampler"":""TPESampler"",""seed"":42,""n_trials"":50,""direction"":""maximize"",""objective"":""composite = Sharpe * (Return% / MaxDD%)""}","{""doji_tol"":0.12,""wick_body_ratio"":2.0,""allowshort"":false}",2014-01-01,2024-12-31,2025-01-01,2026-04-20,2014-01-01,2026-04-20,35.0,9.0,5.0,4.0,55.56,226193.24,-144165.01,164.11,,42.9,552728.5199999999,-207740.0,55.43,0.29,0.24,0.0138,0.01,7.0,2.0,2.0,0.0,100.0,95181.63,0.0,166.5,,25.37,187924.53999999992,2438.7200000001644,19.04,0.52,0.71,0.0178,0.04,42.0,10.0,7.0,3.0,70.0,219387.5,-144671.95,188.5,,42.9,552728.5199999999,-207740.0,110.17,0.37,0.35,0.0147,0.01
GMKN,harami,1D,Bayesian_TPE,18,0.38,0.2,2.6,False,55.43,0.294,0.242,42.9,9,55.56,False,"{""sampler"":""TPESampler"",""seed"":42,""n_trials"":50,""direction"":""maximize"",""objective"":""composite = Sharpe * (Return% / MaxDD%)""}","{""doji_tol"":0.2,""wick_body_ratio"":2.6,""allowshort"":false}",2014-01-01,2024-12-31,2025-01-01,2026-04-20,2014-01-01,2026-04-20,35.0,9.0,5.0,4.0,55.56,226193.24,-144165.01,164.11,,42.9,552728.5199999999,-207740.0,55.43,0.29,0.24,0.0138,0.01,7.0,2.0,2.0,0.0,100.0,95181.63,0.0,166.5,,25.37,187924.53999999992,2438.7200000001644,19.04,0.52,0.71,0.0178,0.04,42.0,10.0,7.0,3.0,70.0,219387.5,-144671.95,188.5,,42.9,552728.5199999999,-207740.0,110.17,0.37,0.35,0.0147,0.01
GMKN,harami,1D,Bayesian_TPE,19,0.38,0.1,3.1,False,55.43,0.294,0.242,42.9,9,55.56,False,"{""sampler"":""TPESampler"",""seed"":42,""n_trials"":50,""direction"":""maximize"",""objective"":""composite = Sharpe * (Return% / MaxDD%)""}","{""doji_tol"":0.1,""wick_body_ratio"":3.1,""allowshort"":false}",2014-01-01,2024-12-31,2025-01-01,2026-04-20,2014-01-01,2026-04-20,35.0,9.0,5.0,4.0,55.56,226193.24,-144165.01,164.11,,42.9,552728.5199999999,-207740.0,55.43,0.29,0.24,0.0138,0.01,7.0,2.0,2.0,0.0,100.0,95181.63,0.0,166.5,,25.37,187924.53999999992,2438.7200000001644,19.04,0.52,0.71,0.0178,0.04,42.0,10.0,7.0,3.0,70.0,219387.5,-144671.95,188.5,,42.9,552728.5199999999,-207740.0,110.17,0.37,0.35,0.0147,0.01
GMKN,harami,1D,Bayesian_TPE,20,0.38,0.05,2.8,False,55.43,0.294,0.242,42.9,9,55.56,False,"{""sampler"":""TPESampler"",""seed"":42,""n_trials"":50,""direction"":""maximize"",""objective"":""composite = Sharpe * (Return% / MaxDD%)""}","{""doji_tol"":0.05,""wick_body_ratio"":2.8,""allowshort"":false}",2014-01-01,2024-12-31,2025-01-01,2026-04-20,2014-01-01,2026-04-20,35.0,9.0,5.0,4.0,55.56,226193.24,-144165.01,164.11,,42.9,552728.5199999999,-207740.0,55.43,0.29,0.24,0.0138,0.01,7.0,2.0,2.0,0.0,100.0,95181.63,0.0,166.5,,25.37,187924.53999999992,2438.7200000001644,19.04,0.52,0.71,0.0178,0.04,42.0,10.0,7.0,3.0,70.0,219387.5,-144671.95,188.5,,42.9,552728.5199999999,-207740.0,110.17,0.37,0.35,0.0147,0.01
GMKN,harami,1D,Bayesian_TPE,21,0.38,0.16,1.9,False,55.43,0.294,0.242,42.9,9,55.56,False,"{""sampler"":""TPESampler"",""seed"":42,""n_trials"":50,""direction"":""maximize"",""objective"":""composite = Sharpe * (Return% / MaxDD%)""}","{""doji_tol"":0.16,""wick_body_ratio"":1.9,""allowshort"":false}",2014-01-01,2024-12-31,2025-01-01,2026-04-20,2014-01-01,2026-04-20,35.0,9.0,5.0,4.0,55.56,226193.24,-144165.01,164.11,,42.9,552728.5199999999,-207740.0,55.43,0.29,0.24,0.0138,0.01,7.0,2.0,2.0,0.0,100.0,95181.63,0.0,166.5,,25.37,187924.53999999992,2438.7200000001644,19.04,0.52,0.71,0.0178,0.04,42.0,10.0,7.0,3.0,70.0,219387.5,-144671.95,188.5,,42.9,552728.5199999999,-207740.0,110.17,0.37,0.35,0.0147,0.01
GMKN,harami,1D,Bayesian_TPE,22,0.38,0.18,1.5,False,55.43,0.294,0.242,42.9,9,55.56,False,"{""sampler"":""TPESampler"",""seed"":42,""n_trials"":50,""direction"":""maximize"",""objective"":""composite = Sharpe * (Return% / MaxDD%)""}","{""doji_tol"":0.18,""wick_body_ratio"":1.5,""allowshort"":false}",2014-01-01,2024-12-31,2025-01-01,2026-04-20,2014-01-01,2026-04-20,35.0,9.0,5.0,4.0,55.56,226193.24,-144165.01,164.11,,42.9,552728.5199999999,-207740.0,55.43,0.29,0.24,0.0138,0.01,7.0,2.0,2.0,0.0,100.0,95181.63,0.0,166.5,,25.37,187924.53999999992,2438.7200000001644,19.04,0.52,0.71,0.0178,0.04,42.0,10.0,7.0,3.0,70.0,219387.5,-144671.95,188.5,,42.9,552728.5199999999,-207740.0,110.17,0.37,0.35,0.0147,0.01
GMKN,harami,1D,Bayesian_TPE,23,0.38,0.14,1.9,False,55.43,0.294,0.242,42.9,9,55.56,False,"{""sampler"":""TPESampler"",""seed"":42,""n_trials"":50,""direction"":""maximize"",""objective"":""composite = Sharpe * (Return% / MaxDD%)""}","{""doji_tol"":0.14,""wick_body_ratio"":1.9,""allowshort"":false}",2014-01-01,2024-12-31,2025-01-01,2026-04-20,2014-01-01,2026-04-20,35.0,9.0,5.0,4.0,55.56,226193.24,-144165.01,164.11,,42.9,552728.5199999999,-207740.0,55.43,0.29,0.24,0.0138,0.01,7.0,2.0,2.0,0.0,100.0,95181.63,0.0,166.5,,25.37,187924.53999999992,2438.7200000001644,19.04,0.52,0.71,0.0178,0.04,42.0,10.0,7.0,3.0,70.0,219387.5,-144671.95,188.5,,42.9,552728.5199999999,-207740.0,110.17,0.37,0.35,0.0147,0.01
GMKN,harami,1D,Bayesian_TPE,24,0.38,0.16,1.7,False,55.43,0.294,0.242,42.9,9,55.56,False,"{""sampler"":""TPESampler"",""seed"":42,""n_trials"":50,""direction"":""maximize"",""objective"":""composite = Sharpe * (Return% / MaxDD%)""}","{""doji_tol"":0.16,""wick_body_ratio"":1.7,""allowshort"":false}",2014-01-01,2024-12-31,2025-01-01,2026-04-20,2014-01-01,2026-04-20,35.0,9.0,5.0,4.0,55.56,226193.24,-144165.01,164.11,,42.9,552728.5199999999,-207740.0,55.43,0.29,0.24,0.0138,0.01,7.0,2.0,2.0,0.0,100.0,95181.63,0.0,166.5,,25.37,187924.53999999992,2438.7200000001644,19.04,0.52,0.71,0.0178,0.04,42.0,10.0,7.0,3.0,70.0,219387.5,-144671.95,188.5,,42.9,552728.5199999999,-207740.0,110.17,0.37,0.35,0.0147,0.01
GMKN,harami,1D,Bayesian_TPE,25,0.38,0.13,2.4,False,55.43,0.294,0.242,42.9,9,55.56,False,"{""sampler"":""TPESampler"",""seed"":42,""n_trials"":50,""direction"":""maximize"",""objective"":""composite = Sharpe * (Return% / MaxDD%)""}","{""doji_tol"":0.13,""wick_body_ratio"":2.4,""allowshort"":false}",2014-01-01,2024-12-31,2025-01-01,2026-04-20,2014-01-01,2026-04-20,35.0,9.0,5.0,4.0,55.56,226193.24,-144165.01,164.11,,42.9,552728.5199999999,-207740.0,55.43,0.29,0.24,0.0138,0.01,7.0,2.0,2.0,0.0,100.0,95181.63,0.0,166.5,,25.37,187924.53999999992,2438.7200000001644,19.04,0.52,0.71,0.0178,0.04,42.0,10.0,7.0,3.0,70.0,219387.5,-144671.95,188.5,,42.9,552728.5199999999,-207740.0,110.17,0.37,0.35,0.0147,0.01
GMKN,harami,1D,Bayesian_TPE,26,-0.03,0.17,2.1,True,-23.91,0.07,0.099,55.3,18,38.89,True,"{""sampler"":""TPESampler"",""seed"":42,""n_trials"":50,""direction"":""maximize"",""objective"":""composite = Sharpe * (Return% / MaxDD%)""}","{""doji_tol"":0.17,""wick_body_ratio"":2.1,""allowshort"":true}",2014-01-01,2024-12-31,2025-01-01,2026-04-20,2014-01-01,2026-04-20,35.0,18.0,7.0,11.0,38.89,119307.44,-97661.23,222.39,,55.3,229846.91999999995,-350205.12000000017,-23.91,0.07,0.1,0.0192,0.0,7.0,4.0,3.0,1.0,75.0,116840.91,-13108.12,100.0,,25.37,185476.4999999999,-13108.119999999992,33.74,0.75,1.11,0.0183,0.05,42.0,21.0,10.0,11.0,47.62,117168.26,-92343.73,213.24,,55.3,229846.91999999995,-350205.12000000017,15.59,0.19,0.27,0.0194,0.01
GMKN,harami,1D,Bayesian_TPE,27,0.38,0.2,1.7,False,55.43,0.294,0.242,42.9,9,55.56,False,"{""sampler"":""TPESampler"",""seed"":42,""n_trials"":50,""direction"":""maximize"",""objective"":""composite = Sharpe * (Return% / MaxDD%)""}","{""doji_tol"":0.2,""wick_body_ratio"":1.7,""allowshort"":false}",2014-01-01,2024-12-31,2025-01-01,2026-04-20,2014-01-01,2026-04-20,35.0,9.0,5.0,4.0,55.56,226193.24,-144165.01,164.11,,42.9,552728.5199999999,-207740.0,55.43,0.29,0.24,0.0138,0.01,7.0,2.0,2.0,0.0,100.0,95181.63,0.0,166.5,,25.37,187924.53999999992,2438.7200000001644,19.04,0.52,0.71,0.0178,0.04,42.0,10.0,7.0,3.0,70.0,219387.5,-144671.95,188.5,,42.9,552728.5199999999,-207740.0,110.17,0.37,0.35,0.0147,0.01
GMKN,harami,1D,Bayesian_TPE,28,0.38,0.08,1.9,False,55.43,0.294,0.242,42.9,9,55.56,False,"{""sampler"":""TPESampler"",""seed"":42,""n_trials"":50,""direction"":""maximize"",""objective"":""composite = Sharpe * (Return% / MaxDD%)""}","{""doji_tol"":0.08,""wick_body_ratio"":1.9,""allowshort"":false}",2014-01-01,2024-12-31,2025-01-01,2026-04-20,2014-01-01,2026-04-20,35.0,9.0,5.0,4.0,55.56,226193.24,-144165.01,164.11,,42.9,552728.5199999999,-207740.0,55.43,0.29,0.24,0.0138,0.01,7.0,2.0,2.0,0.0,100.0,95181.63,0.0,166.5,,25.37,187924.53999999992,2438.7200000001644,19.04,0.52,0.71,0.0178,0.04,42.0,10.0,7.0,3.0,70.0,219387.5,-144671.95,188.5,,42.9,552728.5199999999,-207740.0,110.17,0.37,0.35,0.0147,0.01
GMKN,harami,1D,Bayesian_TPE,29,-0.03,0.09,3.2,True,-23.91,0.07,0.099,55.3,18,38.89,True,"{""sampler"":""TPESampler"",""seed"":42,""n_trials"":50,""direction"":""maximize"",""objective"":""composite = Sharpe * (Return% / MaxDD%)""}","{""doji_tol"":0.09,""wick_body_ratio"":3.2,""allowshort"":true}",2014-01-01,2024-12-31,2025-01-01,2026-04-20,2014-01-01,2026-04-20,35.0,18.0,7.0,11.0,38.89,119307.44,-97661.23,222.39,,55.3,229846.91999999995,-350205.12000000017,-23.91,0.07,0.1,0.0192,0.0,7.0,4.0,3.0,1.0,75.0,116840.91,-13108.12,100.0,,25.37,185476.4999999999,-13108.119999999992,33.74,0.75,1.11,0.0183,0.05,42.0,21.0,10.0,11.0,47.62,117168.26,-92343.73,213.24,,55.3,229846.91999999995,-350205.12000000017,15.59,0.19,0.27,0.0194,0.01
GMKN,harami,1D,Bayesian_TPE,30,0.38,0.15,3.4000000000000004,False,55.43,0.294,0.242,42.9,9,55.56,False,"{""sampler"":""TPESampler"",""seed"":42,""n_trials"":50,""direction"":""maximize"",""objective"":""composite = Sharpe * (Return% / MaxDD%)""}","{""doji_tol"":0.15,""wick_body_ratio"":3.4000000000000004,""allowshort"":false}",2014-01-01,2024-12-31,2025-01-01,2026-04-20,2014-01-01,2026-04-20,35.0,9.0,5.0,4.0,55.56,226193.24,-144165.01,164.11,,42.9,552728.5199999999,-207740.0,55.43,0.29,0.24,0.0138,0.01,7.0,2.0,2.0,0.0,100.0,95181.63,0.0,166.5,,25.37,187924.53999999992,2438.7200000001644,19.04,0.52,0.71,0.0178,0.04,42.0,10.0,7.0,3.0,70.0,219387.5,-144671.95,188.5,,42.9,552728.5199999999,-207740.0,110.17,0.37,0.35,0.0147,0.01
GMKN,harami,1D,Bayesian_TPE,31,0.38,0.14,1.6,False,55.43,0.294,0.242,42.9,9,55.56,False,"{""sampler"":""TPESampler"",""seed"":42,""n_trials"":50,""direction"":""maximize"",""objective"":""composite = Sharpe * (Return% / MaxDD%)""}","{""doji_tol"":0.14,""wick_body_ratio"":1.6,""allowshort"":false}",2014-01-01,2024-12-31,2025-01-01,2026-04-20,2014-01-01,2026-04-20,35.0,9.0,5.0,4.0,55.56,226193.24,-144165.01,164.11,,42.9,552728.5199999999,-207740.0,55.43,0.29,0.24,0.0138,0.01,7.0,2.0,2.0,0.0,100.0,95181.63,0.0,166.5,,25.37,187924.53999999992,2438.7200000001644,19.04,0.52,0.71,0.0178,0.04,42.0,10.0,7.0,3.0,70.0,219387.5,-144671.95,188.5,,42.9,552728.5199999999,-207740.0,110.17,0.37,0.35,0.0147,0.01
GMKN,harami,1D,Bayesian_TPE,32,0.38,0.12,1.8,False,55.43,0.294,0.242,42.9,9,55.56,False,"{""sampler"":""TPESampler"",""seed"":42,""n_trials"":50,""direction"":""maximize"",""objective"":""composite = Sharpe * (Return% / MaxDD%)""}","{""doji_tol"":0.12,""wick_body_ratio"":1.8,""allowshort"":false}",2014-01-01,2024-12-31,2025-01-01,2026-04-20,2014-01-01,2026-04-20,35.0,9.0,5.0,4.0,55.56,226193.24,-144165.01,164.11,,42.9,552728.5199999999,-207740.0,55.43,0.29,0.24,0.0138,0.01,7.0,2.0,2.0,0.0,100.0,95181.63,0.0,166.5,,25.37,187924.53999999992,2438.7200000001644,19.04,0.52,0.71,0.0178,0.04,42.0,10.0,7.0,3.0,70.0,219387.5,-144671.95,188.5,,42.9,552728.5199999999,-207740.0,110.17,0.37,0.35,0.0147,0.01
GMKN,harami,1D,Bayesian_TPE,33,0.38,0.14,2.1,False,55.43,0.294,0.242,42.9,9,55.56,False,"{""sampler"":""TPESampler"",""seed"":42,""n_trials"":50,""direction"":""maximize"",""objective"":""composite = Sharpe * (Return% / MaxDD%)""}","{""doji_tol"":0.14,""wick_body_ratio"":2.1,""allowshort"":false}",2014-01-01,2024-12-31,2025-01-01,2026-04-20,2014-01-01,2026-04-20,35.0,9.0,5.0,4.0,55.56,226193.24,-144165.01,164.11,,42.9,552728.5199999999,-207740.0,55.43,0.29,0.24,0.0138,0.01,7.0,2.0,2.0,0.0,100.0,95181.63,0.0,166.5,,25.37,187924.53999999992,2438.7200000001644,19.04,0.52,0.71,0.0178,0.04,42.0,10.0,7.0,3.0,70.0,219387.5,-144671.95,188.5,,42.9,552728.5199999999,-207740.0,110.17,0.37,0.35,0.0147,0.01
GMKN,harami,1D,Bayesian_TPE,34,-0.03,0.1,1.6,True,-23.91,0.07,0.099,55.3,18,38.89,True,"{""sampler"":""TPESampler"",""seed"":42,""n_trials"":50,""direction"":""maximize"",""objective"":""composite = Sharpe * (Return% / MaxDD%)""}","{""doji_tol"":0.1,""wick_body_ratio"":1.6,""allowshort"":true}",2014-01-01,2024-12-31,2025-01-01,2026-04-20,2014-01-01,2026-04-20,35.0,18.0,7.0,11.0,38.89,119307.44,-97661.23,222.39,,55.3,229846.91999999995,-350205.12000000017,-23.91,0.07,0.1,0.0192,0.0,7.0,4.0,3.0,1.0,75.0,116840.91,-13108.12,100.0,,25.37,185476.4999999999,-13108.119999999992,33.74,0.75,1.11,0.0183,0.05,42.0,21.0,10.0,11.0,47.62,117168.26,-92343.73,213.24,,55.3,229846.91999999995,-350205.12000000017,15.59,0.19,0.27,0.0194,0.01
GMKN,harami,1D,Bayesian_TPE,35,0.38,0.13,1.8,False,55.43,0.294,0.242,42.9,9,55.56,False,"{""sampler"":""TPESampler"",""seed"":42,""n_trials"":50,""direction"":""maximize"",""objective"":""composite = Sharpe * (Return% / MaxDD%)""}","{""doji_tol"":0.13,""wick_body_ratio"":1.8,""allowshort"":false}",2014-01-01,2024-12-31,2025-01-01,2026-04-20,2014-01-01,2026-04-20,35.0,9.0,5.0,4.0,55.56,226193.24,-144165.01,164.11,,42.9,552728.5199999999,-207740.0,55.43,0.29,0.24,0.0138,0.01,7.0,2.0,2.0,0.0,100.0,95181.63,0.0,166.5,,25.37,187924.53999999992,2438.7200000001644,19.04,0.52,0.71,0.0178,0.04,42.0,10.0,7.0,3.0,70.0,219387.5,-144671.95,188.5,,42.9,552728.5199999999,-207740.0,110.17,0.37,0.35,0.0147,0.01
GMKN,harami,1D,Bayesian_TPE,36,-0.03,0.16,1.5,True,-23.91,0.07,0.099,55.3,18,38.89,True,"{""sampler"":""TPESampler"",""seed"":42,""n_trials"":50,""direction"":""maximize"",""objective"":""composite = Sharpe * (Return% / MaxDD%)""}","{""doji_tol"":0.16,""wick_body_ratio"":1.5,""allowshort"":true}",2014-01-01,2024-12-31,2025-01-01,2026-04-20,2014-01-01,2026-04-20,35.0,18.0,7.0,11.0,38.89,119307.44,-97661.23,222.39,,55.3,229846.91999999995,-350205.12000000017,-23.91,0.07,0.1,0.0192,0.0,7.0,4.0,3.0,1.0,75.0,116840.91,-13108.12,100.0,,25.37,185476.4999999999,-13108.119999999992,33.74,0.75,1.11,0.0183,0.05,42.0,21.0,10.0,11.0,47.62,117168.26,-92343.73,213.24,,55.3,229846.91999999995,-350205.12000000017,15.59,0.19,0.27,0.0194,0.01
GMKN,harami,1D,Bayesian_TPE,37,0.38,0.18,2.5,False,55.43,0.294,0.242,42.9,9,55.56,False,"{""sampler"":""TPESampler"",""seed"":42,""n_trials"":50,""direction"":""maximize"",""objective"":""composite = Sharpe * (Return% / MaxDD%)""}","{""doji_tol"":0.18,""wick_body_ratio"":2.5,""allowshort"":false}",2014-01-01,2024-12-31,2025-01-01,2026-04-20,2014-01-01,2026-04-20,35.0,9.0,5.0,4.0,55.56,226193.24,-144165.01,164.11,,42.9,552728.5199999999,-207740.0,55.43,0.29,0.24,0.0138,0.01,7.0,2.0,2.0,0.0,100.0,95181.63,0.0,166.5,,25.37,187924.53999999992,2438.7200000001644,19.04,0.52,0.71,0.0178,0.04,42.0,10.0,7.0,3.0,70.0,219387.5,-144671.95,188.5,,42.9,552728.5199999999,-207740.0,110.17,0.37,0.35,0.0147,0.01
GMKN,harami,1D,Bayesian_TPE,38,0.38,0.03,2.7,False,55.43,0.294,0.242,42.9,9,55.56,False,"{""sampler"":""TPESampler"",""seed"":42,""n_trials"":50,""direction"":""maximize"",""objective"":""composite = Sharpe * (Return% / MaxDD%)""}","{""doji_tol"":0.03,""wick_body_ratio"":2.7,""allowshort"":false}",2014-01-01,2024-12-31,2025-01-01,2026-04-20,2014-01-01,2026-04-20,35.0,9.0,5.0,4.0,55.56,226193.24,-144165.01,164.11,,42.9,552728.5199999999,-207740.0,55.43,0.29,0.24,0.0138,0.01,7.0,2.0,2.0,0.0,100.0,95181.63,0.0,166.5,,25.37,187924.53999999992,2438.7200000001644,19.04,0.52,0.71,0.0178,0.04,42.0,10.0,7.0,3.0,70.0,219387.5,-144671.95,188.5,,42.9,552728.5199999999,-207740.0,110.17,0.37,0.35,0.0147,0.01
GMKN,harami,1D,Bayesian_TPE,39,-0.03,0.15,2.3,True,-23.91,0.07,0.099,55.3,18,38.89,True,"{""sampler"":""TPESampler"",""seed"":42,""n_trials"":50,""direction"":""maximize"",""objective"":""composite = Sharpe * (Return% / MaxDD%)""}","{""doji_tol"":0.15,""wick_body_ratio"":2.3,""allowshort"":true}",2014-01-01,2024-12-31,2025-01-01,2026-04-20,2014-01-01,2026-04-20,35.0,18.0,7.0,11.0,38.89,119307.44,-97661.23,222.39,,55.3,229846.91999999995,-350205.12000000017,-23.91,0.07,0.1,0.0192,0.0,7.0,4.0,3.0,1.0,75.0,116840.91,-13108.12,100.0,,25.37,185476.4999999999,-13108.119999999992,33.74,0.75,1.11,0.0183,0.05,42.0,21.0,10.0,11.0,47.62,117168.26,-92343.73,213.24,,55.3,229846.91999999995,-350205.12000000017,15.59,0.19,0.27,0.0194,0.01
GMKN,harami,1D,Bayesian_TPE,40,0.38,0.1,2.0,False,55.43,0.294,0.242,42.9,9,55.56,False,"{""sampler"":""TPESampler"",""seed"":42,""n_trials"":50,""direction"":""maximize"",""objective"":""composite = Sharpe * (Return% / MaxDD%)""}","{""doji_tol"":0.1,""wick_body_ratio"":2.0,""allowshort"":false}",2014-01-01,2024-12-31,2025-01-01,2026-04-20,2014-01-01,2026-04-20,35.0,9.0,5.0,4.0,55.56,226193.24,-144165.01,164.11,,42.9,552728.5199999999,-207740.0,55.43,0.29,0.24,0.0138,0.01,7.0,2.0,2.0,0.0,100.0,95181.63,0.0,166.5,,25.37,187924.53999999992,2438.7200000001644,19.04,0.52,0.71,0.0178,0.04,42.0,10.0,7.0,3.0,70.0,219387.5,-144671.95,188.5,,42.9,552728.5199999999,-207740.0,110.17,0.37,0.35,0.0147,0.01
GMKN,harami,1D,Bayesian_TPE,41,0.38,0.07,3.0,False,55.43,0.294,0.242,42.9,9,55.56,False,"{""sampler"":""TPESampler"",""seed"":42,""n_trials"":50,""direction"":""maximize"",""objective"":""composite = Sharpe * (Return% / MaxDD%)""}","{""doji_tol"":0.07,""wick_body_ratio"":3.0,""allowshort"":false}",2014-01-01,2024-12-31,2025-01-01,2026-04-20,2014-01-01,2026-04-20,35.0,9.0,5.0,4.0,55.56,226193.24,-144165.01,164.11,,42.9,552728.5199999999,-207740.0,55.43,0.29,0.24,0.0138,0.01,7.0,2.0,2.0,0.0,100.0,95181.63,0.0,166.5,,25.37,187924.53999999992,2438.7200000001644,19.04,0.52,0.71,0.0178,0.04,42.0,10.0,7.0,3.0,70.0,219387.5,-144671.95,188.5,,42.9,552728.5199999999,-207740.0,110.17,0.37,0.35,0.0147,0.01
GMKN,harami,1D,Bayesian_TPE,42,0.38,0.11,3.3,False,55.43,0.294,0.242,42.9,9,55.56,False,"{""sampler"":""TPESampler"",""seed"":42,""n_trials"":50,""direction"":""maximize"",""objective"":""composite = Sharpe * (Return% / MaxDD%)""}","{""doji_tol"":0.11,""wick_body_ratio"":3.3,""allowshort"":false}",2014-01-01,2024-12-31,2025-01-01,2026-04-20,2014-01-01,2026-04-20,35.0,9.0,5.0,4.0,55.56,226193.24,-144165.01,164.11,,42.9,552728.5199999999,-207740.0,55.43,0.29,0.24,0.0138,0.01,7.0,2.0,2.0,0.0,100.0,95181.63,0.0,166.5,,25.37,187924.53999999992,2438.7200000001644,19.04,0.52,0.71,0.0178,0.04,42.0,10.0,7.0,3.0,70.0,219387.5,-144671.95,188.5,,42.9,552728.5199999999,-207740.0,110.17,0.37,0.35,0.0147,0.01
GMKN,harami,1D,Bayesian_TPE,43,0.38,0.12,3.5,False,55.43,0.294,0.242,42.9,9,55.56,False,"{""sampler"":""TPESampler"",""seed"":42,""n_trials"":50,""direction"":""maximize"",""objective"":""composite = Sharpe * (Return% / MaxDD%)""}","{""doji_tol"":0.12,""wick_body_ratio"":3.5,""allowshort"":false}",2014-01-01,2024-12-31,2025-01-01,2026-04-20,2014-01-01,2026-04-20,35.0,9.0,5.0,4.0,55.56,226193.24,-144165.01,164.11,,42.9,552728.5199999999,-207740.0,55.43,0.29,0.24,0.0138,0.01,7.0,2.0,2.0,0.0,100.0,95181.63,0.0,166.5,,25.37,187924.53999999992,2438.7200000001644,19.04,0.52,0.71,0.0178,0.04,42.0,10.0,7.0,3.0,70.0,219387.5,-144671.95,188.5,,42.9,552728.5199999999,-207740.0,110.17,0.37,0.35,0.0147,0.01
GMKN,harami,1D,Bayesian_TPE,44,0.38,0.13,2.9000000000000004,False,55.43,0.294,0.242,42.9,9,55.56,False,"{""sampler"":""TPESampler"",""seed"":42,""n_trials"":50,""direction"":""maximize"",""objective"":""composite = Sharpe * (Return% / MaxDD%)""}","{""doji_tol"":0.13,""wick_body_ratio"":2.9000000000000004,""allowshort"":false}",2014-01-01,2024-12-31,2025-01-01,2026-04-20,2014-01-01,2026-04-20,35.0,9.0,5.0,4.0,55.56,226193.24,-144165.01,164.11,,42.9,552728.5199999999,-207740.0,55.43,0.29,0.24,0.0138,0.01,7.0,2.0,2.0,0.0,100.0,95181.63,0.0,166.5,,25.37,187924.53999999992,2438.7200000001644,19.04,0.52,0.71,0.0178,0.04,42.0,10.0,7.0,3.0,70.0,219387.5,-144671.95,188.5,,42.9,552728.5199999999,-207740.0,110.17,0.37,0.35,0.0147,0.01
GMKN,harami,1D,Bayesian_TPE,45,0.38,0.05,1.8,False,55.43,0.294,0.242,42.9,9,55.56,False,"{""sampler"":""TPESampler"",""seed"":42,""n_trials"":50,""direction"":""maximize"",""objective"":""composite = Sharpe * (Return% / MaxDD%)""}","{""doji_tol"":0.05,""wick_body_ratio"":1.8,""allowshort"":false}",2014-01-01,2024-12-31,2025-01-01,2026-04-20,2014-01-01,2026-04-20,35.0,9.0,5.0,4.0,55.56,226193.24,-144165.01,164.11,,42.9,552728.5199999999,-207740.0,55.43,0.29,0.24,0.0138,0.01,7.0,2.0,2.0,0.0,100.0,95181.63,0.0,166.5,,25.37,187924.53999999992,2438.7200000001644,19.04,0.52,0.71,0.0178,0.04,42.0,10.0,7.0,3.0,70.0,219387.5,-144671.95,188.5,,42.9,552728.5199999999,-207740.0,110.17,0.37,0.35,0.0147,0.01
GMKN,harami,1D,Bayesian_TPE,46,0.38,0.19,2.8,False,55.43,0.294,0.242,42.9,9,55.56,False,"{""sampler"":""TPESampler"",""seed"":42,""n_trials"":50,""direction"":""maximize"",""objective"":""composite = Sharpe * (Return% / MaxDD%)""}","{""doji_tol"":0.19,""wick_body_ratio"":2.8,""allowshort"":false}",2014-01-01,2024-12-31,2025-01-01,2026-04-20,2014-01-01,2026-04-20,35.0,9.0,5.0,4.0,55.56,226193.24,-144165.01,164.11,,42.9,552728.5199999999,-207740.0,55.43,0.29,0.24,0.0138,0.01,7.0,2.0,2.0,0.0,100.0,95181.63,0.0,166.5,,25.37,187924.53999999992,2438.7200000001644,19.04,0.52,0.71,0.0178,0.04,42.0,10.0,7.0,3.0,70.0,219387.5,-144671.95,188.5,,42.9,552728.5199999999,-207740.0,110.17,0.37,0.35,0.0147,0.01
GMKN,harami,1D,Bayesian_TPE,47,0.38,0.09,3.1,False,55.43,0.294,0.242,42.9,9,55.56,False,"{""sampler"":""TPESampler"",""seed"":42,""n_trials"":50,""direction"":""maximize"",""objective"":""composite = Sharpe * (Return% / MaxDD%)""}","{""doji_tol"":0.09,""wick_body_ratio"":3.1,""allowshort"":false}",2014-01-01,2024-12-31,2025-01-01,2026-04-20,2014-01-01,2026-04-20,35.0,9.0,5.0,4.0,55.56,226193.24,-144165.01,164.11,,42.9,552728.5199999999,-207740.0,55.43,0.29,0.24,0.0138,0.01,7.0,2.0,2.0,0.0,100.0,95181.63,0.0,166.5,,25.37,187924.53999999992,2438.7200000001644,19.04,0.52,0.71,0.0178,0.04,42.0,10.0,7.0,3.0,70.0,219387.5,-144671.95,188.5,,42.9,552728.5199999999,-207740.0,110.17,0.37,0.35,0.0147,0.01
GMKN,harami,1D,Bayesian_TPE,48,0.38,0.11,3.0,False,55.43,0.294,0.242,42.9,9,55.56,False,"{""sampler"":""TPESampler"",""seed"":42,""n_trials"":50,""direction"":""maximize"",""objective"":""composite = Sharpe * (Return% / MaxDD%)""}","{""doji_tol"":0.11,""wick_body_ratio"":3.0,""allowshort"":false}",2014-01-01,2024-12-31,2025-01-01,2026-04-20,2014-01-01,2026-04-20,35.0,9.0,5.0,4.0,55.56,226193.24,-144165.01,164.11,,42.9,552728.5199999999,-207740.0,55.43,0.29,0.24,0.0138,0.01,7.0,2.0,2.0,0.0,100.0,95181.63,0.0,166.5,,25.37,187924.53999999992,2438.7200000001644,19.04,0.52,0.71,0.0178,0.04,42.0,10.0,7.0,3.0,70.0,219387.5,-144671.95,188.5,,42.9,552728.5199999999,-207740.0,110.17,0.37,0.35,0.0147,0.01
GMKN,harami,1D,Bayesian_TPE,49,-0.03,0.15,1.6,True,-23.91,0.07,0.099,55.3,18,38.89,True,"{""sampler"":""TPESampler"",""seed"":42,""n_trials"":50,""direction"":""maximize"",""objective"":""composite = Sharpe * (Return% / MaxDD%)""}","{""doji_tol"":0.15,""wick_body_ratio"":1.6,""allowshort"":true}",2014-01-01,2024-12-31,2025-01-01,2026-04-20,2014-01-01,2026-04-20,35.0,18.0,7.0,11.0,38.89,119307.44,-97661.23,222.39,,55.3,229846.91999999995,-350205.12000000017,-23.91,0.07,0.1,0.0192,0.0,7.0,4.0,3.0,1.0,75.0,116840.91,-13108.12,100.0,,25.37,185476.4999999999,-13108.119999999992,33.74,0.75,1.11,0.0183,0.05,42.0,21.0,10.0,11.0,47.62,117168.26,-92343.73,213.24,,55.3,229846.91999999995,-350205.12000000017,15.59,0.19,0.27,0.0194,0.01
VKCO,harami,1h,Bayesian_TPE,0,2.538,0.09,3.4000000000000004,True,425.23,0.334,0.469,55.97,104,52.88,True,"{""sampler"":""TPESampler"",""seed"":42,""n_trials"":50,""direction"":""maximize"",""objective"":""composite = Sharpe * (Return% / MaxDD%)""}","{""doji_tol"":0.09,""wick_body_ratio"":3.4000000000000004,""allowshort"":true}",2014-01-01,2024-12-31,2025-01-01,2026-04-20,2014-01-01,2026-04-20,201.0,104.0,55.0,49.0,52.88,215981.29,-155647.36,10.69,256.52,55.97,1523747.2000000002,-1456513.4000000006,425.23,0.85,1.2,0.0096,0.01,90.0,53.0,29.0,24.0,54.72,43658.62,-44391.1,8.83,212.04,43.07,145485.20000000007,-223473.59999999995,20.07,0.31,0.43,0.0054,0.0,291.0,157.0,84.0,73.0,53.5,214060.51,-177606.48,10.1,242.5,55.97,1523747.2000000002,-1456513.4000000006,501.58,0.67,0.94,0.0083,0.01
VKCO,harami,1h,Bayesian_TPE,1,0.535,0.05,1.8,False,98.15,0.204,0.214,37.45,52,51.92,False,"{""sampler"":""TPESampler"",""seed"":42,""n_trials"":50,""direction"":""maximize"",""objective"":""composite = Sharpe * (Return% / MaxDD%)""}","{""doji_tol"":0.05,""wick_body_ratio"":1.8,""allowshort"":false}",2014-01-01,2024-12-31,2025-01-01,2026-04-20,2014-01-01,2026-04-20,201.0,52.0,27.0,25.0,51.92,105135.83,-74287.52,8.74,209.87,37.45,803440.0000000001,-308865.59999999986,98.15,0.52,0.55,0.0067,0.01,90.0,26.0,14.0,12.0,53.85,39965.67,-39565.39,9.63,231.15,25.71,147581.40000000008,-205857.30000000005,8.47,0.21,0.22,0.0038,0.0,291.0,78.0,41.0,37.0,52.56,92803.19,-74450.87,9.12,218.97,37.45,803440.0000000001,-389152.50000000006,105.02,0.4,0.43,0.0057,0.01
VKCO,harami,1h,Bayesian_TPE,2,0.535,0.13,2.9000000000000004,False,98.15,0.204,0.214,37.45,52,51.92,False,"{""sampler"":""TPESampler"",""seed"":42,""n_trials"":50,""direction"":""maximize"",""objective"":""composite = Sharpe * (Return% / MaxDD%)""}","{""doji_tol"":0.13,""wick_body_ratio"":2.9000000000000004,""allowshort"":false}",2014-01-01,2024-12-31,2025-01-01,2026-04-20,2014-01-01,2026-04-20,201.0,52.0,27.0,25.0,51.92,105135.83,-74287.52,8.74,209.87,37.45,803440.0000000001,-308865.59999999986,98.15,0.52,0.55,0.0067,0.01,90.0,26.0,14.0,12.0,53.85,39965.67,-39565.39,9.63,231.15,25.71,147581.40000000008,-205857.30000000005,8.47,0.21,0.22,0.0038,0.0,291.0,78.0,41.0,37.0,52.56,92803.19,-74450.87,9.12,218.97,37.45,803440.0000000001,-389152.50000000006,105.02,0.4,0.43,0.0057,0.01
VKCO,harami,1h,Bayesian_TPE,3,0.535,0.17,1.9,False,98.15,0.204,0.214,37.45,52,51.92,False,"{""sampler"":""TPESampler"",""seed"":42,""n_trials"":50,""direction"":""maximize"",""objective"":""composite = Sharpe * (Return% / MaxDD%)""}","{""doji_tol"":0.17,""wick_body_ratio"":1.9,""allowshort"":false}",2014-01-01,2024-12-31,2025-01-01,2026-04-20,2014-01-01,2026-04-20,201.0,52.0,27.0,25.0,51.92,105135.83,-74287.52,8.74,209.87,37.45,803440.0000000001,-308865.59999999986,98.15,0.52,0.55,0.0067,0.01,90.0,26.0,14.0,12.0,53.85,39965.67,-39565.39,9.63,231.15,25.71,147581.40000000008,-205857.30000000005,8.47,0.21,0.22,0.0038,0.0,291.0,78.0,41.0,37.0,52.56,92803.19,-74450.87,9.12,218.97,37.45,803440.0000000001,-389152.50000000006,105.02,0.4,0.43,0.0057,0.01
VKCO,harami,1h,Bayesian_TPE,4,2.538,0.08,2.6,True,425.23,0.334,0.469,55.97,104,52.88,True,"{""sampler"":""TPESampler"",""seed"":42,""n_trials"":50,""direction"":""maximize"",""objective"":""composite = Sharpe * (Return% / MaxDD%)""}","{""doji_tol"":0.08,""wick_body_ratio"":2.6,""allowshort"":true}",2014-01-01,2024-12-31,2025-01-01,2026-04-20,2014-01-01,2026-04-20,201.0,104.0,55.0,49.0,52.88,215981.29,-155647.36,10.69,256.52,55.97,1523747.2000000002,-1456513.4000000006,425.23,0.85,1.2,0.0096,0.01,90.0,53.0,29.0,24.0,54.72,43658.62,-44391.1,8.83,212.04,43.07,145485.20000000007,-223473.59999999995,20.07,0.31,0.43,0.0054,0.0,291.0,157.0,84.0,73.0,53.5,214060.51,-177606.48,10.1,242.5,55.97,1523747.2000000002,-1456513.4000000006,501.58,0.67,0.94,0.0083,0.01
VKCO,harami,1h,Bayesian_TPE,5,0.535,0.14,1.7,False,98.15,0.204,0.214,37.45,52,51.92,False,"{""sampler"":""TPESampler"",""seed"":42,""n_trials"":50,""direction"":""maximize"",""objective"":""composite = Sharpe * (Return% / MaxDD%)""}","{""doji_tol"":0.14,""wick_body_ratio"":1.7,""allowshort"":false}",2014-01-01,2024-12-31,2025-01-01,2026-04-20,2014-01-01,2026-04-20,201.0,52.0,27.0,25.0,51.92,105135.83,-74287.52,8.74,209.87,37.45,803440.0000000001,-308865.59999999986,98.15,0.52,0.55,0.0067,0.01,90.0,26.0,14.0,12.0,53.85,39965.67,-39565.39,9.63,231.15,25.71,147581.40000000008,-205857.30000000005,8.47,0.21,0.22,0.0038,0.0,291.0,78.0,41.0,37.0,52.56,92803.19,-74450.87,9.12,218.97,37.45,803440.0000000001,-389152.50000000006,105.02,0.4,0.43,0.0057,0.01
VKCO,harami,1h,Bayesian_TPE,6,0.535,0.11,3.1,False,98.15,0.204,0.214,37.45,52,51.92,False,"{""sampler"":""TPESampler"",""seed"":42,""n_trials"":50,""direction"":""maximize"",""objective"":""composite = Sharpe * (Return% / MaxDD%)""}","{""doji_tol"":0.11,""wick_body_ratio"":3.1,""allowshort"":false}",2014-01-01,2024-12-31,2025-01-01,2026-04-20,2014-01-01,2026-04-20,201.0,52.0,27.0,25.0,51.92,105135.83,-74287.52,8.74,209.87,37.45,803440.0000000001,-308865.59999999986,98.15,0.52,0.55,0.0067,0.01,90.0,26.0,14.0,12.0,53.85,39965.67,-39565.39,9.63,231.15,25.71,147581.40000000008,-205857.30000000005,8.47,0.21,0.22,0.0038,0.0,291.0,78.0,41.0,37.0,52.56,92803.19,-74450.87,9.12,218.97,37.45,803440.0000000001,-389152.50000000006,105.02,0.4,0.43,0.0057,0.01
VKCO,harami,1h,Bayesian_TPE,7,2.538,0.13,1.5,True,425.23,0.334,0.469,55.97,104,52.88,True,"{""sampler"":""TPESampler"",""seed"":42,""n_trials"":50,""direction"":""maximize"",""objective"":""composite = Sharpe * (Return% / MaxDD%)""}","{""doji_tol"":0.13,""wick_body_ratio"":1.5,""allowshort"":true}",2014-01-01,2024-12-31,2025-01-01,2026-04-20,2014-01-01,2026-04-20,201.0,104.0,55.0,49.0,52.88,215981.29,-155647.36,10.69,256.52,55.97,1523747.2000000002,-1456513.4000000006,425.23,0.85,1.2,0.0096,0.01,90.0,53.0,29.0,24.0,54.72,43658.62,-44391.1,8.83,212.04,43.07,145485.20000000007,-223473.59999999995,20.07,0.31,0.43,0.0054,0.0,291.0,157.0,84.0,73.0,53.5,214060.51,-177606.48,10.1,242.5,55.97,1523747.2000000002,-1456513.4000000006,501.58,0.67,0.94,0.0083,0.01
VKCO,harami,1h,Bayesian_TPE,8,2.538,0.04,3.4000000000000004,True,425.23,0.334,0.469,55.97,104,52.88,True,"{""sampler"":""TPESampler"",""seed"":42,""n_trials"":50,""direction"":""maximize"",""objective"":""composite = Sharpe * (Return% / MaxDD%)""}","{""doji_tol"":0.04,""wick_body_ratio"":3.4000000000000004,""allowshort"":true}",2014-01-01,2024-12-31,2025-01-01,2026-04-20,2014-01-01,2026-04-20,201.0,104.0,55.0,49.0,52.88,215981.29,-155647.36,10.69,256.52,55.97,1523747.2000000002,-1456513.4000000006,425.23,0.85,1.2,0.0096,0.01,90.0,53.0,29.0,24.0,54.72,43658.62,-44391.1,8.83,212.04,43.07,145485.20000000007,-223473.59999999995,20.07,0.31,0.43,0.0054,0.0,291.0,157.0,84.0,73.0,53.5,214060.51,-177606.48,10.1,242.5,55.97,1523747.2000000002,-1456513.4000000006,501.58,0.67,0.94,0.0083,0.01
VKCO,harami,1h,Bayesian_TPE,9,2.538,0.08,1.7,True,425.23,0.334,0.469,55.97,104,52.88,True,"{""sampler"":""TPESampler"",""seed"":42,""n_trials"":50,""direction"":""maximize"",""objective"":""composite = Sharpe * (Return% / MaxDD%)""}","{""doji_tol"":0.08,""wick_body_ratio"":1.7,""allowshort"":true}",2014-01-01,2024-12-31,2025-01-01,2026-04-20,2014-01-01,2026-04-20,201.0,104.0,55.0,49.0,52.88,215981.29,-155647.36,10.69,256.52,55.97,1523747.2000000002,-1456513.4000000006,425.23,0.85,1.2,0.0096,0.01,90.0,53.0,29.0,24.0,54.72,43658.62,-44391.1,8.83,212.04,43.07,145485.20000000007,-223473.59999999995,20.07,0.31,0.43,0.0054,0.0,291.0,157.0,84.0,73.0,53.5,214060.51,-177606.48,10.1,242.5,55.97,1523747.2000000002,-1456513.4000000006,501.58,0.67,0.94,0.0083,0.01
VKCO,harami,1h,Bayesian_TPE,10,2.538,0.2,2.4,True,425.23,0.334,0.469,55.97,104,52.88,True,"{""sampler"":""TPESampler"",""seed"":42,""n_trials"":50,""direction"":""maximize"",""objective"":""composite = Sharpe * (Return% / MaxDD%)""}","{""doji_tol"":0.2,""wick_body_ratio"":2.4,""allowshort"":true}",2014-01-01,2024-12-31,2025-01-01,2026-04-20,2014-01-01,2026-04-20,201.0,104.0,55.0,49.0,52.88,215981.29,-155647.36,10.69,256.52,55.97,1523747.2000000002,-1456513.4000000006,425.23,0.85,1.2,0.0096,0.01,90.0,53.0,29.0,24.0,54.72,43658.62,-44391.1,8.83,212.04,43.07,145485.20000000007,-223473.59999999995,20.07,0.31,0.43,0.0054,0.0,291.0,157.0,84.0,73.0,53.5,214060.51,-177606.48,10.1,242.5,55.97,1523747.2000000002,-1456513.4000000006,501.58,0.67,0.94,0.0083,0.01
VKCO,harami,1h,Bayesian_TPE,11,2.538,0.09,2.4,True,425.23,0.334,0.469,55.97,104,52.88,True,"{""sampler"":""TPESampler"",""seed"":42,""n_trials"":50,""direction"":""maximize"",""objective"":""composite = Sharpe * (Return% / MaxDD%)""}","{""doji_tol"":0.09,""wick_body_ratio"":2.4,""allowshort"":true}",2014-01-01,2024-12-31,2025-01-01,2026-04-20,2014-01-01,2026-04-20,201.0,104.0,55.0,49.0,52.88,215981.29,-155647.36,10.69,256.52,55.97,1523747.2000000002,-1456513.4000000006,425.23,0.85,1.2,0.0096,0.01,90.0,53.0,29.0,24.0,54.72,43658.62,-44391.1,8.83,212.04,43.07,145485.20000000007,-223473.59999999995,20.07,0.31,0.43,0.0054,0.0,291.0,157.0,84.0,73.0,53.5,214060.51,-177606.48,10.1,242.5,55.97,1523747.2000000002,-1456513.4000000006,501.58,0.67,0.94,0.0083,0.01
VKCO,harami,1h,Bayesian_TPE,12,2.538,0.07,3.5,True,425.23,0.334,0.469,55.97,104,52.88,True,"{""sampler"":""TPESampler"",""seed"":42,""n_trials"":50,""direction"":""maximize"",""objective"":""composite = Sharpe * (Return% / MaxDD%)""}","{""doji_tol"":0.07,""wick_body_ratio"":3.5,""allowshort"":true}",2014-01-01,2024-12-31,2025-01-01,2026-04-20,2014-01-01,2026-04-20,201.0,104.0,55.0,49.0,52.88,215981.29,-155647.36,10.69,256.52,55.97,1523747.2000000002,-1456513.4000000006,425.23,0.85,1.2,0.0096,0.01,90.0,53.0,29.0,24.0,54.72,43658.62,-44391.1,8.83,212.04,43.07,145485.20000000007,-223473.59999999995,20.07,0.31,0.43,0.0054,0.0,291.0,157.0,84.0,73.0,53.5,214060.51,-177606.48,10.1,242.5,55.97,1523747.2000000002,-1456513.4000000006,501.58,0.67,0.94,0.0083,0.01
VKCO,harami,1h,Bayesian_TPE,13,2.538,0.1,2.8,True,425.23,0.334,0.469,55.97,104,52.88,True,"{""sampler"":""TPESampler"",""seed"":42,""n_trials"":50,""direction"":""maximize"",""objective"":""composite = Sharpe * (Return% / MaxDD%)""}","{""doji_tol"":0.1,""wick_body_ratio"":2.8,""allowshort"":true}",2014-01-01,2024-12-31,2025-01-01,2026-04-20,2014-01-01,2026-04-20,201.0,104.0,55.0,49.0,52.88,215981.29,-155647.36,10.69,256.52,55.97,1523747.2000000002,-1456513.4000000006,425.23,0.85,1.2,0.0096,0.01,90.0,53.0,29.0,24.0,54.72,43658.62,-44391.1,8.83,212.04,43.07,145485.20000000007,-223473.59999999995,20.07,0.31,0.43,0.0054,0.0,291.0,157.0,84.0,73.0,53.5,214060.51,-177606.48,10.1,242.5,55.97,1523747.2000000002,-1456513.4000000006,501.58,0.67,0.94,0.0083,0.01
VKCO,harami,1h,Bayesian_TPE,14,2.538,0.06,2.2,True,425.23,0.334,0.469,55.97,104,52.88,True,"{""sampler"":""TPESampler"",""seed"":42,""n_trials"":50,""direction"":""maximize"",""objective"":""composite = Sharpe * (Return% / MaxDD%)""}","{""doji_tol"":0.06,""wick_body_ratio"":2.2,""allowshort"":true}",2014-01-01,2024-12-31,2025-01-01,2026-04-20,2014-01-01,2026-04-20,201.0,104.0,55.0,49.0,52.88,215981.29,-155647.36,10.69,256.52,55.97,1523747.2000000002,-1456513.4000000006,425.23,0.85,1.2,0.0096,0.01,90.0,53.0,29.0,24.0,54.72,43658.62,-44391.1,8.83,212.04,43.07,145485.20000000007,-223473.59999999995,20.07,0.31,0.43,0.0054,0.0,291.0,157.0,84.0,73.0,53.5,214060.51,-177606.48,10.1,242.5,55.97,1523747.2000000002,-1456513.4000000006,501.58,0.67,0.94,0.0083,0.01
VKCO,harami,1h,Bayesian_TPE,15,2.538,0.03,3.2,True,425.23,0.334,0.469,55.97,104,52.88,True,"{""sampler"":""TPESampler"",""seed"":42,""n_trials"":50,""direction"":""maximize"",""objective"":""composite = Sharpe * (Return% / MaxDD%)""}","{""doji_tol"":0.03,""wick_body_ratio"":3.2,""allowshort"":true}",2014-01-01,2024-12-31,2025-01-01,2026-04-20,2014-01-01,2026-04-20,201.0,104.0,55.0,49.0,52.88,215981.29,-155647.36,10.69,256.52,55.97,1523747.2000000002,-1456513.4000000006,425.23,0.85,1.2,0.0096,0.01,90.0,53.0,29.0,24.0,54.72,43658.62,-44391.1,8.83,212.04,43.07,145485.20000000007,-223473.59999999995,20.07,0.31,0.43,0.0054,0.0,291.0,157.0,84.0,73.0,53.5,214060.51,-177606.48,10.1,242.5,55.97,1523747.2000000002,-1456513.4000000006,501.58,0.67,0.94,0.0083,0.01
VKCO,harami,1h,Bayesian_TPE,16,2.538,0.08,2.7,True,425.23,0.334,0.469,55.97,104,52.88,True,"{""sampler"":""TPESampler"",""seed"":42,""n_trials"":50,""direction"":""maximize"",""objective"":""composite = Sharpe * (Return% / MaxDD%)""}","{""doji_tol"":0.08,""wick_body_ratio"":2.7,""allowshort"":true}",2014-01-01,2024-12-31,2025-01-01,2026-04-20,2014-01-01,2026-04-20,201.0,104.0,55.0,49.0,52.88,215981.29,-155647.36,10.69,256.52,55.97,1523747.2000000002,-1456513.4000000006,425.23,0.85,1.2,0.0096,0.01,90.0,53.0,29.0,24.0,54.72,43658.62,-44391.1,8.83,212.04,43.07,145485.20000000007,-223473.59999999995,20.07,0.31,0.43,0.0054,0.0,291.0,157.0,84.0,73.0,53.5,214060.51,-177606.48,10.1,242.5,55.97,1523747.2000000002,-1456513.4000000006,501.58,0.67,0.94,0.0083,0.01
VKCO,harami,1h,Bayesian_TPE,17,2.538,0.16,3.1,True,425.23,0.334,0.469,55.97,104,52.88,True,"{""sampler"":""TPESampler"",""seed"":42,""n_trials"":50,""direction"":""maximize"",""objective"":""composite = Sharpe * (Return% / MaxDD%)""}","{""doji_tol"":0.16,""wick_body_ratio"":3.1,""allowshort"":true}",2014-01-01,2024-12-31,2025-01-01,2026-04-20,2014-01-01,2026-04-20,201.0,104.0,55.0,49.0,52.88,215981.29,-155647.36,10.69,256.52,55.97,1523747.2000000002,-1456513.4000000006,425.23,0.85,1.2,0.0096,0.01,90.0,53.0,29.0,24.0,54.72,43658.62,-44391.1,8.83,212.04,43.07,145485.20000000007,-223473.59999999995,20.07,0.31,0.43,0.0054,0.0,291.0,157.0,84.0,73.0,53.5,214060.51,-177606.48,10.1,242.5,55.97,1523747.2000000002,-1456513.4000000006,501.58,0.67,0.94,0.0083,0.01
VKCO,harami,1h,Bayesian_TPE,18,2.538,0.11,2.1,True,425.23,0.334,0.469,55.97,104,52.88,True,"{""sampler"":""TPESampler"",""seed"":42,""n_trials"":50,""direction"":""maximize"",""objective"":""composite = Sharpe * (Return% / MaxDD%)""}","{""doji_tol"":0.11,""wick_body_ratio"":2.1,""allowshort"":true}",2014-01-01,2024-12-31,2025-01-01,2026-04-20,2014-01-01,2026-04-20,201.0,104.0,55.0,49.0,52.88,215981.29,-155647.36,10.69,256.52,55.97,1523747.2000000002,-1456513.4000000006,425.23,0.85,1.2,0.0096,0.01,90.0,53.0,29.0,24.0,54.72,43658.62,-44391.1,8.83,212.04,43.07,145485.20000000007,-223473.59999999995,20.07,0.31,0.43,0.0054,0.0,291.0,157.0,84.0,73.0,53.5,214060.51,-177606.48,10.1,242.5,55.97,1523747.2000000002,-1456513.4000000006,501.58,0.67,0.94,0.0083,0.01
VKCO,harami,1h,Bayesian_TPE,19,2.538,0.06,2.7,True,425.23,0.334,0.469,55.97,104,52.88,True,"{""sampler"":""TPESampler"",""seed"":42,""n_trials"":50,""direction"":""maximize"",""objective"":""composite = Sharpe * (Return% / MaxDD%)""}","{""doji_tol"":0.06,""wick_body_ratio"":2.7,""allowshort"":true}",2014-01-01,2024-12-31,2025-01-01,2026-04-20,2014-01-01,2026-04-20,201.0,104.0,55.0,49.0,52.88,215981.29,-155647.36,10.69,256.52,55.97,1523747.2000000002,-1456513.4000000006,425.23,0.85,1.2,0.0096,0.01,90.0,53.0,29.0,24.0,54.72,43658.62,-44391.1,8.83,212.04,43.07,145485.20000000007,-223473.59999999995,20.07,0.31,0.43,0.0054,0.0,291.0,157.0,84.0,73.0,53.5,214060.51,-177606.48,10.1,242.5,55.97,1523747.2000000002,-1456513.4000000006,501.58,0.67,0.94,0.0083,0.01
VKCO,harami,1h,Bayesian_TPE,20,2.538,0.1,2.5,True,425.23,0.334,0.469,55.97,104,52.88,True,"{""sampler"":""TPESampler"",""seed"":42,""n_trials"":50,""direction"":""maximize"",""objective"":""composite = Sharpe * (Return% / MaxDD%)""}","{""doji_tol"":0.1,""wick_body_ratio"":2.5,""allowshort"":true}",2014-01-01,2024-12-31,2025-01-01,2026-04-20,2014-01-01,2026-04-20,201.0,104.0,55.0,49.0,52.88,215981.29,-155647.36,10.69,256.52,55.97,1523747.2000000002,-1456513.4000000006,425.23,0.85,1.2,0.0096,0.01,90.0,53.0,29.0,24.0,54.72,43658.62,-44391.1,8.83,212.04,43.07,145485.20000000007,-223473.59999999995,20.07,0.31,0.43,0.0054,0.0,291.0,157.0,84.0,73.0,53.5,214060.51,-177606.48,10.1,242.5,55.97,1523747.2000000002,-1456513.4000000006,501.58,0.67,0.94,0.0083,0.01
VKCO,harami,1h,Bayesian_TPE,21,2.538,0.13,2.1,True,425.23,0.334,0.469,55.97,104,52.88,True,"{""sampler"":""TPESampler"",""seed"":42,""n_trials"":50,""direction"":""maximize"",""objective"":""composite = Sharpe * (Return% / MaxDD%)""}","{""doji_tol"":0.13,""wick_body_ratio"":2.1,""allowshort"":true}",2014-01-01,2024-12-31,2025-01-01,2026-04-20,2014-01-01,2026-04-20,201.0,104.0,55.0,49.0,52.88,215981.29,-155647.36,10.69,256.52,55.97,1523747.2000000002,-1456513.4000000006,425.23,0.85,1.2,0.0096,0.01,90.0,53.0,29.0,24.0,54.72,43658.62,-44391.1,8.83,212.04,43.07,145485.20000000007,-223473.59999999995,20.07,0.31,0.43,0.0054,0.0,291.0,157.0,84.0,73.0,53.5,214060.51,-177606.48,10.1,242.5,55.97,1523747.2000000002,-1456513.4000000006,501.58,0.67,0.94,0.0083,0.01
VKCO,harami,1h,Bayesian_TPE,22,2.538,0.15,1.5,True,425.23,0.334,0.469,55.97,104,52.88,True,"{""sampler"":""TPESampler"",""seed"":42,""n_trials"":50,""direction"":""maximize"",""objective"":""composite = Sharpe * (Return% / MaxDD%)""}","{""doji_tol"":0.15,""wick_body_ratio"":1.5,""allowshort"":true}",2014-01-01,2024-12-31,2025-01-01,2026-04-20,2014-01-01,2026-04-20,201.0,104.0,55.0,49.0,52.88,215981.29,-155647.36,10.69,256.52,55.97,1523747.2000000002,-1456513.4000000006,425.23,0.85,1.2,0.0096,0.01,90.0,53.0,29.0,24.0,54.72,43658.62,-44391.1,8.83,212.04,43.07,145485.20000000007,-223473.59999999995,20.07,0.31,0.43,0.0054,0.0,291.0,157.0,84.0,73.0,53.5,214060.51,-177606.48,10.1,242.5,55.97,1523747.2000000002,-1456513.4000000006,501.58,0.67,0.94,0.0083,0.01
VKCO,harami,1h,Bayesian_TPE,23,2.538,0.12,2.9000000000000004,True,425.23,0.334,0.469,55.97,104,52.88,True,"{""sampler"":""TPESampler"",""seed"":42,""n_trials"":50,""direction"":""maximize"",""objective"":""composite = Sharpe * (Return% / MaxDD%)""}","{""doji_tol"":0.12,""wick_body_ratio"":2.9000000000000004,""allowshort"":true}",2014-01-01,2024-12-31,2025-01-01,2026-04-20,2014-01-01,2026-04-20,201.0,104.0,55.0,49.0,52.88,215981.29,-155647.36,10.69,256.52,55.97,1523747.2000000002,-1456513.4000000006,425.23,0.85,1.2,0.0096,0.01,90.0,53.0,29.0,24.0,54.72,43658.62,-44391.1,8.83,212.04,43.07,145485.20000000007,-223473.59999999995,20.07,0.31,0.43,0.0054,0.0,291.0,157.0,84.0,73.0,53.5,214060.51,-177606.48,10.1,242.5,55.97,1523747.2000000002,-1456513.4000000006,501.58,0.67,0.94,0.0083,0.01
VKCO,harami,1h,Bayesian_TPE,24,2.538,0.18,3.3,True,425.23,0.334,0.469,55.97,104,52.88,True,"{""sampler"":""TPESampler"",""seed"":42,""n_trials"":50,""direction"":""maximize"",""objective"":""composite = Sharpe * (Return% / MaxDD%)""}","{""doji_tol"":0.18,""wick_body_ratio"":3.3,""allowshort"":true}",2014-01-01,2024-12-31,2025-01-01,2026-04-20,2014-01-01,2026-04-20,201.0,104.0,55.0,49.0,52.88,215981.29,-155647.36,10.69,256.52,55.97,1523747.2000000002,-1456513.4000000006,425.23,0.85,1.2,0.0096,0.01,90.0,53.0,29.0,24.0,54.72,43658.62,-44391.1,8.83,212.04,43.07,145485.20000000007,-223473.59999999995,20.07,0.31,0.43,0.0054,0.0,291.0,157.0,84.0,73.0,53.5,214060.51,-177606.48,10.1,242.5,55.97,1523747.2000000002,-1456513.4000000006,501.58,0.67,0.94,0.0083,0.01
VKCO,harami,1h,Bayesian_TPE,25,2.538,0.09,1.5,True,425.23,0.334,0.469,55.97,104,52.88,True,"{""sampler"":""TPESampler"",""seed"":42,""n_trials"":50,""direction"":""maximize"",""objective"":""composite = Sharpe * (Return% / MaxDD%)""}","{""doji_tol"":0.09,""wick_body_ratio"":1.5,""allowshort"":true}",2014-01-01,2024-12-31,2025-01-01,2026-04-20,2014-01-01,2026-04-20,201.0,104.0,55.0,49.0,52.88,215981.29,-155647.36,10.69,256.52,55.97,1523747.2000000002,-1456513.4000000006,425.23,0.85,1.2,0.0096,0.01,90.0,53.0,29.0,24.0,54.72,43658.62,-44391.1,8.83,212.04,43.07,145485.20000000007,-223473.59999999995,20.07,0.31,0.43,0.0054,0.0,291.0,157.0,84.0,73.0,53.5,214060.51,-177606.48,10.1,242.5,55.97,1523747.2000000002,-1456513.4000000006,501.58,0.67,0.94,0.0083,0.01
VKCO,harami,1h,Bayesian_TPE,26,0.535,0.12,2.3,False,98.15,0.204,0.214,37.45,52,51.92,False,"{""sampler"":""TPESampler"",""seed"":42,""n_trials"":50,""direction"":""maximize"",""objective"":""composite = Sharpe * (Return% / MaxDD%)""}","{""doji_tol"":0.12,""wick_body_ratio"":2.3,""allowshort"":false}",2014-01-01,2024-12-31,2025-01-01,2026-04-20,2014-01-01,2026-04-20,201.0,52.0,27.0,25.0,51.92,105135.83,-74287.52,8.74,209.87,37.45,803440.0000000001,-308865.59999999986,98.15,0.52,0.55,0.0067,0.01,90.0,26.0,14.0,12.0,53.85,39965.67,-39565.39,9.63,231.15,25.71,147581.40000000008,-205857.30000000005,8.47,0.21,0.22,0.0038,0.0,291.0,78.0,41.0,37.0,52.56,92803.19,-74450.87,9.12,218.97,37.45,803440.0000000001,-389152.50000000006,105.02,0.4,0.43,0.0057,0.01
VKCO,harami,1h,Bayesian_TPE,27,2.538,0.08,2.6,True,425.23,0.334,0.469,55.97,104,52.88,True,"{""sampler"":""TPESampler"",""seed"":42,""n_trials"":50,""direction"":""maximize"",""objective"":""composite = Sharpe * (Return% / MaxDD%)""}","{""doji_tol"":0.08,""wick_body_ratio"":2.6,""allowshort"":true}",2014-01-01,2024-12-31,2025-01-01,2026-04-20,2014-01-01,2026-04-20,201.0,104.0,55.0,49.0,52.88,215981.29,-155647.36,10.69,256.52,55.97,1523747.2000000002,-1456513.4000000006,425.23,0.85,1.2,0.0096,0.01,90.0,53.0,29.0,24.0,54.72,43658.62,-44391.1,8.83,212.04,43.07,145485.20000000007,-223473.59999999995,20.07,0.31,0.43,0.0054,0.0,291.0,157.0,84.0,73.0,53.5,214060.51,-177606.48,10.1,242.5,55.97,1523747.2000000002,-1456513.4000000006,501.58,0.67,0.94,0.0083,0.01
VKCO,harami,1h,Bayesian_TPE,28,2.538,0.14,2.0,True,425.23,0.334,0.469,55.97,104,52.88,True,"{""sampler"":""TPESampler"",""seed"":42,""n_trials"":50,""direction"":""maximize"",""objective"":""composite = Sharpe * (Return% / MaxDD%)""}","{""doji_tol"":0.14,""wick_body_ratio"":2.0,""allowshort"":true}",2014-01-01,2024-12-31,2025-01-01,2026-04-20,2014-01-01,2026-04-20,201.0,104.0,55.0,49.0,52.88,215981.29,-155647.36,10.69,256.52,55.97,1523747.2000000002,-1456513.4000000006,425.23,0.85,1.2,0.0096,0.01,90.0,53.0,29.0,24.0,54.72,43658.62,-44391.1,8.83,212.04,43.07,145485.20000000007,-223473.59999999995,20.07,0.31,0.43,0.0054,0.0,291.0,157.0,84.0,73.0,53.5,214060.51,-177606.48,10.1,242.5,55.97,1523747.2000000002,-1456513.4000000006,501.58,0.67,0.94,0.0083,0.01
VKCO,harami,1h,Bayesian_TPE,29,0.535,0.05,3.0,False,98.15,0.204,0.214,37.45,52,51.92,False,"{""sampler"":""TPESampler"",""seed"":42,""n_trials"":50,""direction"":""maximize"",""objective"":""composite = Sharpe * (Return% / MaxDD%)""}","{""doji_tol"":0.05,""wick_body_ratio"":3.0,""allowshort"":false}",2014-01-01,2024-12-31,2025-01-01,2026-04-20,2014-01-01,2026-04-20,201.0,52.0,27.0,25.0,51.92,105135.83,-74287.52,8.74,209.87,37.45,803440.0000000001,-308865.59999999986,98.15,0.52,0.55,0.0067,0.01,90.0,26.0,14.0,12.0,53.85,39965.67,-39565.39,9.63,231.15,25.71,147581.40000000008,-205857.30000000005,8.47,0.21,0.22,0.0038,0.0,291.0,78.0,41.0,37.0,52.56,92803.19,-74450.87,9.12,218.97,37.45,803440.0000000001,-389152.50000000006,105.02,0.4,0.43,0.0057,0.01
VKCO,harami,1h,Bayesian_TPE,30,2.538,0.1,3.5,True,425.23,0.334,0.469,55.97,104,52.88,True,"{""sampler"":""TPESampler"",""seed"":42,""n_trials"":50,""direction"":""maximize"",""objective"":""composite = Sharpe * (Return% / MaxDD%)""}","{""doji_tol"":0.1,""wick_body_ratio"":3.5,""allowshort"":true}",2014-01-01,2024-12-31,2025-01-01,2026-04-20,2014-01-01,2026-04-20,201.0,104.0,55.0,49.0,52.88,215981.29,-155647.36,10.69,256.52,55.97,1523747.2000000002,-1456513.4000000006,425.23,0.85,1.2,0.0096,0.01,90.0,53.0,29.0,24.0,54.72,43658.62,-44391.1,8.83,212.04,43.07,145485.20000000007,-223473.59999999995,20.07,0.31,0.43,0.0054,0.0,291.0,157.0,84.0,73.0,53.5,214060.51,-177606.48,10.1,242.5,55.97,1523747.2000000002,-1456513.4000000006,501.58,0.67,0.94,0.0083,0.01
VKCO,harami,1h,Bayesian_TPE,31,2.538,0.03,3.3,True,425.23,0.334,0.469,55.97,104,52.88,True,"{""sampler"":""TPESampler"",""seed"":42,""n_trials"":50,""direction"":""maximize"",""objective"":""composite = Sharpe * (Return% / MaxDD%)""}","{""doji_tol"":0.03,""wick_body_ratio"":3.3,""allowshort"":true}",2014-01-01,2024-12-31,2025-01-01,2026-04-20,2014-01-01,2026-04-20,201.0,104.0,55.0,49.0,52.88,215981.29,-155647.36,10.69,256.52,55.97,1523747.2000000002,-1456513.4000000006,425.23,0.85,1.2,0.0096,0.01,90.0,53.0,29.0,24.0,54.72,43658.62,-44391.1,8.83,212.04,43.07,145485.20000000007,-223473.59999999995,20.07,0.31,0.43,0.0054,0.0,291.0,157.0,84.0,73.0,53.5,214060.51,-177606.48,10.1,242.5,55.97,1523747.2000000002,-1456513.4000000006,501.58,0.67,0.94,0.0083,0.01
VKCO,harami,1h,Bayesian_TPE,32,2.538,0.05,3.4000000000000004,True,425.23,0.334,0.469,55.97,104,52.88,True,"{""sampler"":""TPESampler"",""seed"":42,""n_trials"":50,""direction"":""maximize"",""objective"":""composite = Sharpe * (Return% / MaxDD%)""}","{""doji_tol"":0.05,""wick_body_ratio"":3.4000000000000004,""allowshort"":true}",2014-01-01,2024-12-31,2025-01-01,2026-04-20,2014-01-01,2026-04-20,201.0,104.0,55.0,49.0,52.88,215981.29,-155647.36,10.69,256.52,55.97,1523747.2000000002,-1456513.4000000006,425.23,0.85,1.2,0.0096,0.01,90.0,53.0,29.0,24.0,54.72,43658.62,-44391.1,8.83,212.04,43.07,145485.20000000007,-223473.59999999995,20.07,0.31,0.43,0.0054,0.0,291.0,157.0,84.0,73.0,53.5,214060.51,-177606.48,10.1,242.5,55.97,1523747.2000000002,-1456513.4000000006,501.58,0.67,0.94,0.0083,0.01
VKCO,harami,1h,Bayesian_TPE,33,2.538,0.04,3.3,True,425.23,0.334,0.469,55.97,104,52.88,True,"{""sampler"":""TPESampler"",""seed"":42,""n_trials"":50,""direction"":""maximize"",""objective"":""composite = Sharpe * (Return% / MaxDD%)""}","{""doji_tol"":0.04,""wick_body_ratio"":3.3,""allowshort"":true}",2014-01-01,2024-12-31,2025-01-01,2026-04-20,2014-01-01,2026-04-20,201.0,104.0,55.0,49.0,52.88,215981.29,-155647.36,10.69,256.52,55.97,1523747.2000000002,-1456513.4000000006,425.23,0.85,1.2,0.0096,0.01,90.0,53.0,29.0,24.0,54.72,43658.62,-44391.1,8.83,212.04,43.07,145485.20000000007,-223473.59999999995,20.07,0.31,0.43,0.0054,0.0,291.0,157.0,84.0,73.0,53.5,214060.51,-177606.48,10.1,242.5,55.97,1523747.2000000002,-1456513.4000000006,501.58,0.67,0.94,0.0083,0.01
VKCO,harami,1h,Bayesian_TPE,34,0.535,0.07,3.0,False,98.15,0.204,0.214,37.45,52,51.92,False,"{""sampler"":""TPESampler"",""seed"":42,""n_trials"":50,""direction"":""maximize"",""objective"":""composite = Sharpe * (Return% / MaxDD%)""}","{""doji_tol"":0.07,""wick_body_ratio"":3.0,""allowshort"":false}",2014-01-01,2024-12-31,2025-01-01,2026-04-20,2014-01-01,2026-04-20,201.0,52.0,27.0,25.0,51.92,105135.83,-74287.52,8.74,209.87,37.45,803440.0000000001,-308865.59999999986,98.15,0.52,0.55,0.0067,0.01,90.0,26.0,14.0,12.0,53.85,39965.67,-39565.39,9.63,231.15,25.71,147581.40000000008,-205857.30000000005,8.47,0.21,0.22,0.0038,0.0,291.0,78.0,41.0,37.0,52.56,92803.19,-74450.87,9.12,218.97,37.45,803440.0000000001,-389152.50000000006,105.02,0.4,0.43,0.0057,0.01
VKCO,harami,1h,Bayesian_TPE,35,0.535,0.13,1.8,False,98.15,0.204,0.214,37.45,52,51.92,False,"{""sampler"":""TPESampler"",""seed"":42,""n_trials"":50,""direction"":""maximize"",""objective"":""composite = Sharpe * (Return% / MaxDD%)""}","{""doji_tol"":0.13,""wick_body_ratio"":1.8,""allowshort"":false}",2014-01-01,2024-12-31,2025-01-01,2026-04-20,2014-01-01,2026-04-20,201.0,52.0,27.0,25.0,51.92,105135.83,-74287.52,8.74,209.87,37.45,803440.0000000001,-308865.59999999986,98.15,0.52,0.55,0.0067,0.01,90.0,26.0,14.0,12.0,53.85,39965.67,-39565.39,9.63,231.15,25.71,147581.40000000008,-205857.30000000005,8.47,0.21,0.22,0.0038,0.0,291.0,78.0,41.0,37.0,52.56,92803.19,-74450.87,9.12,218.97,37.45,803440.0000000001,-389152.50000000006,105.02,0.4,0.43,0.0057,0.01
VKCO,harami,1h,Bayesian_TPE,36,2.538,0.06,3.2,True,425.23,0.334,0.469,55.97,104,52.88,True,"{""sampler"":""TPESampler"",""seed"":42,""n_trials"":50,""direction"":""maximize"",""objective"":""composite = Sharpe * (Return% / MaxDD%)""}","{""doji_tol"":0.06,""wick_body_ratio"":3.2,""allowshort"":true}",2014-01-01,2024-12-31,2025-01-01,2026-04-20,2014-01-01,2026-04-20,201.0,104.0,55.0,49.0,52.88,215981.29,-155647.36,10.69,256.52,55.97,1523747.2000000002,-1456513.4000000006,425.23,0.85,1.2,0.0096,0.01,90.0,53.0,29.0,24.0,54.72,43658.62,-44391.1,8.83,212.04,43.07,145485.20000000007,-223473.59999999995,20.07,0.31,0.43,0.0054,0.0,291.0,157.0,84.0,73.0,53.5,214060.51,-177606.48,10.1,242.5,55.97,1523747.2000000002,-1456513.4000000006,501.58,0.67,0.94,0.0083,0.01
VKCO,harami,1h,Bayesian_TPE,37,2.538,0.09,3.5,True,425.23,0.334,0.469,55.97,104,52.88,True,"{""sampler"":""TPESampler"",""seed"":42,""n_trials"":50,""direction"":""maximize"",""objective"":""composite = Sharpe * (Return% / MaxDD%)""}","{""doji_tol"":0.09,""wick_body_ratio"":3.5,""allowshort"":true}",2014-01-01,2024-12-31,2025-01-01,2026-04-20,2014-01-01,2026-04-20,201.0,104.0,55.0,49.0,52.88,215981.29,-155647.36,10.69,256.52,55.97,1523747.2000000002,-1456513.4000000006,425.23,0.85,1.2,0.0096,0.01,90.0,53.0,29.0,24.0,54.72,43658.62,-44391.1,8.83,212.04,43.07,145485.20000000007,-223473.59999999995,20.07,0.31,0.43,0.0054,0.0,291.0,157.0,84.0,73.0,53.5,214060.51,-177606.48,10.1,242.5,55.97,1523747.2000000002,-1456513.4000000006,501.58,0.67,0.94,0.0083,0.01
VKCO,harami,1h,Bayesian_TPE,38,0.535,0.04,1.9,False,98.15,0.204,0.214,37.45,52,51.92,False,"{""sampler"":""TPESampler"",""seed"":42,""n_trials"":50,""direction"":""maximize"",""objective"":""composite = Sharpe * (Return% / MaxDD%)""}","{""doji_tol"":0.04,""wick_body_ratio"":1.9,""allowshort"":false}",2014-01-01,2024-12-31,2025-01-01,2026-04-20,2014-01-01,2026-04-20,201.0,52.0,27.0,25.0,51.92,105135.83,-74287.52,8.74,209.87,37.45,803440.0000000001,-308865.59999999986,98.15,0.52,0.55,0.0067,0.01,90.0,26.0,14.0,12.0,53.85,39965.67,-39565.39,9.63,231.15,25.71,147581.40000000008,-205857.30000000005,8.47,0.21,0.22,0.0038,0.0,291.0,78.0,41.0,37.0,52.56,92803.19,-74450.87,9.12,218.97,37.45,803440.0000000001,-389152.50000000006,105.02,0.4,0.43,0.0057,0.01
VKCO,harami,1h,Bayesian_TPE,39,2.538,0.07,2.8,True,425.23,0.334,0.469,55.97,104,52.88,True,"{""sampler"":""TPESampler"",""seed"":42,""n_trials"":50,""direction"":""maximize"",""objective"":""composite = Sharpe * (Return% / MaxDD%)""}","{""doji_tol"":0.07,""wick_body_ratio"":2.8,""allowshort"":true}",2014-01-01,2024-12-31,2025-01-01,2026-04-20,2014-01-01,2026-04-20,201.0,104.0,55.0,49.0,52.88,215981.29,-155647.36,10.69,256.52,55.97,1523747.2000000002,-1456513.4000000006,425.23,0.85,1.2,0.0096,0.01,90.0,53.0,29.0,24.0,54.72,43658.62,-44391.1,8.83,212.04,43.07,145485.20000000007,-223473.59999999995,20.07,0.31,0.43,0.0054,0.0,291.0,157.0,84.0,73.0,53.5,214060.51,-177606.48,10.1,242.5,55.97,1523747.2000000002,-1456513.4000000006,501.58,0.67,0.94,0.0083,0.01
VKCO,harami,1h,Bayesian_TPE,40,2.538,0.11,1.6,True,425.23,0.334,0.469,55.97,104,52.88,True,"{""sampler"":""TPESampler"",""seed"":42,""n_trials"":50,""direction"":""maximize"",""objective"":""composite = Sharpe * (Return% / MaxDD%)""}","{""doji_tol"":0.11,""wick_body_ratio"":1.6,""allowshort"":true}",2014-01-01,2024-12-31,2025-01-01,2026-04-20,2014-01-01,2026-04-20,201.0,104.0,55.0,49.0,52.88,215981.29,-155647.36,10.69,256.52,55.97,1523747.2000000002,-1456513.4000000006,425.23,0.85,1.2,0.0096,0.01,90.0,53.0,29.0,24.0,54.72,43658.62,-44391.1,8.83,212.04,43.07,145485.20000000007,-223473.59999999995,20.07,0.31,0.43,0.0054,0.0,291.0,157.0,84.0,73.0,53.5,214060.51,-177606.48,10.1,242.5,55.97,1523747.2000000002,-1456513.4000000006,501.58,0.67,0.94,0.0083,0.01
VKCO,harami,1h,Bayesian_TPE,41,2.538,0.08,1.9,True,425.23,0.334,0.469,55.97,104,52.88,True,"{""sampler"":""TPESampler"",""seed"":42,""n_trials"":50,""direction"":""maximize"",""objective"":""composite = Sharpe * (Return% / MaxDD%)""}","{""doji_tol"":0.08,""wick_body_ratio"":1.9,""allowshort"":true}",2014-01-01,2024-12-31,2025-01-01,2026-04-20,2014-01-01,2026-04-20,201.0,104.0,55.0,49.0,52.88,215981.29,-155647.36,10.69,256.52,55.97,1523747.2000000002,-1456513.4000000006,425.23,0.85,1.2,0.0096,0.01,90.0,53.0,29.0,24.0,54.72,43658.62,-44391.1,8.83,212.04,43.07,145485.20000000007,-223473.59999999995,20.07,0.31,0.43,0.0054,0.0,291.0,157.0,84.0,73.0,53.5,214060.51,-177606.48,10.1,242.5,55.97,1523747.2000000002,-1456513.4000000006,501.58,0.67,0.94,0.0083,0.01
VKCO,harami,1h,Bayesian_TPE,42,2.538,0.09,1.6,True,425.23,0.334,0.469,55.97,104,52.88,True,"{""sampler"":""TPESampler"",""seed"":42,""n_trials"":50,""direction"":""maximize"",""objective"":""composite = Sharpe * (Return% / MaxDD%)""}","{""doji_tol"":0.09,""wick_body_ratio"":1.6,""allowshort"":true}",2014-01-01,2024-12-31,2025-01-01,2026-04-20,2014-01-01,2026-04-20,201.0,104.0,55.0,49.0,52.88,215981.29,-155647.36,10.69,256.52,55.97,1523747.2000000002,-1456513.4000000006,425.23,0.85,1.2,0.0096,0.01,90.0,53.0,29.0,24.0,54.72,43658.62,-44391.1,8.83,212.04,43.07,145485.20000000007,-223473.59999999995,20.07,0.31,0.43,0.0054,0.0,291.0,157.0,84.0,73.0,53.5,214060.51,-177606.48,10.1,242.5,55.97,1523747.2000000002,-1456513.4000000006,501.58,0.67,0.94,0.0083,0.01
VKCO,harami,1h,Bayesian_TPE,43,2.538,0.08,1.8,True,425.23,0.334,0.469,55.97,104,52.88,True,"{""sampler"":""TPESampler"",""seed"":42,""n_trials"":50,""direction"":""maximize"",""objective"":""composite = Sharpe * (Return% / MaxDD%)""}","{""doji_tol"":0.08,""wick_body_ratio"":1.8,""allowshort"":true}",2014-01-01,2024-12-31,2025-01-01,2026-04-20,2014-01-01,2026-04-20,201.0,104.0,55.0,49.0,52.88,215981.29,-155647.36,10.69,256.52,55.97,1523747.2000000002,-1456513.4000000006,425.23,0.85,1.2,0.0096,0.01,90.0,53.0,29.0,24.0,54.72,43658.62,-44391.1,8.83,212.04,43.07,145485.20000000007,-223473.59999999995,20.07,0.31,0.43,0.0054,0.0,291.0,157.0,84.0,73.0,53.5,214060.51,-177606.48,10.1,242.5,55.97,1523747.2000000002,-1456513.4000000006,501.58,0.67,0.94,0.0083,0.01
VKCO,harami,1h,Bayesian_TPE,44,2.538,0.1,1.7,True,425.23,0.334,0.469,55.97,104,52.88,True,"{""sampler"":""TPESampler"",""seed"":42,""n_trials"":50,""direction"":""maximize"",""objective"":""composite = Sharpe * (Return% / MaxDD%)""}","{""doji_tol"":0.1,""wick_body_ratio"":1.7,""allowshort"":true}",2014-01-01,2024-12-31,2025-01-01,2026-04-20,2014-01-01,2026-04-20,201.0,104.0,55.0,49.0,52.88,215981.29,-155647.36,10.69,256.52,55.97,1523747.2000000002,-1456513.4000000006,425.23,0.85,1.2,0.0096,0.01,90.0,53.0,29.0,24.0,54.72,43658.62,-44391.1,8.83,212.04,43.07,145485.20000000007,-223473.59999999995,20.07,0.31,0.43,0.0054,0.0,291.0,157.0,84.0,73.0,53.5,214060.51,-177606.48,10.1,242.5,55.97,1523747.2000000002,-1456513.4000000006,501.58,0.67,0.94,0.0083,0.01
VKCO,harami,1h,Bayesian_TPE,45,2.538,0.06,1.7,True,425.23,0.334,0.469,55.97,104,52.88,True,"{""sampler"":""TPESampler"",""seed"":42,""n_trials"":50,""direction"":""maximize"",""objective"":""composite = Sharpe * (Return% / MaxDD%)""}","{""doji_tol"":0.06,""wick_body_ratio"":1.7,""allowshort"":true}",2014-01-01,2024-12-31,2025-01-01,2026-04-20,2014-01-01,2026-04-20,201.0,104.0,55.0,49.0,52.88,215981.29,-155647.36,10.69,256.52,55.97,1523747.2000000002,-1456513.4000000006,425.23,0.85,1.2,0.0096,0.01,90.0,53.0,29.0,24.0,54.72,43658.62,-44391.1,8.83,212.04,43.07,145485.20000000007,-223473.59999999995,20.07,0.31,0.43,0.0054,0.0,291.0,157.0,84.0,73.0,53.5,214060.51,-177606.48,10.1,242.5,55.97,1523747.2000000002,-1456513.4000000006,501.58,0.67,0.94,0.0083,0.01
VKCO,harami,1h,Bayesian_TPE,46,2.538,0.14,2.4,True,425.23,0.334,0.469,55.97,104,52.88,True,"{""sampler"":""TPESampler"",""seed"":42,""n_trials"":50,""direction"":""maximize"",""objective"":""composite = Sharpe * (Return% / MaxDD%)""}","{""doji_tol"":0.14,""wick_body_ratio"":2.4,""allowshort"":true}",2014-01-01,2024-12-31,2025-01-01,2026-04-20,2014-01-01,2026-04-20,201.0,104.0,55.0,49.0,52.88,215981.29,-155647.36,10.69,256.52,55.97,1523747.2000000002,-1456513.4000000006,425.23,0.85,1.2,0.0096,0.01,90.0,53.0,29.0,24.0,54.72,43658.62,-44391.1,8.83,212.04,43.07,145485.20000000007,-223473.59999999995,20.07,0.31,0.43,0.0054,0.0,291.0,157.0,84.0,73.0,53.5,214060.51,-177606.48,10.1,242.5,55.97,1523747.2000000002,-1456513.4000000006,501.58,0.67,0.94,0.0083,0.01
VKCO,harami,1h,Bayesian_TPE,47,2.538,0.07,3.4000000000000004,True,425.23,0.334,0.469,55.97,104,52.88,True,"{""sampler"":""TPESampler"",""seed"":42,""n_trials"":50,""direction"":""maximize"",""objective"":""composite = Sharpe * (Return% / MaxDD%)""}","{""doji_tol"":0.07,""wick_body_ratio"":3.4000000000000004,""allowshort"":true}",2014-01-01,2024-12-31,2025-01-01,2026-04-20,2014-01-01,2026-04-20,201.0,104.0,55.0,49.0,52.88,215981.29,-155647.36,10.69,256.52,55.97,1523747.2000000002,-1456513.4000000006,425.23,0.85,1.2,0.0096,0.01,90.0,53.0,29.0,24.0,54.72,43658.62,-44391.1,8.83,212.04,43.07,145485.20000000007,-223473.59999999995,20.07,0.31,0.43,0.0054,0.0,291.0,157.0,84.0,73.0,53.5,214060.51,-177606.48,10.1,242.5,55.97,1523747.2000000002,-1456513.4000000006,501.58,0.67,0.94,0.0083,0.01
VKCO,harami,1h,Bayesian_TPE,48,2.538,0.04,3.1,True,425.23,0.334,0.469,55.97,104,52.88,True,"{""sampler"":""TPESampler"",""seed"":42,""n_trials"":50,""direction"":""maximize"",""objective"":""composite = Sharpe * (Return% / MaxDD%)""}","{""doji_tol"":0.04,""wick_body_ratio"":3.1,""allowshort"":true}",2014-01-01,2024-12-31,2025-01-01,2026-04-20,2014-01-01,2026-04-20,201.0,104.0,55.0,49.0,52.88,215981.29,-155647.36,10.69,256.52,55.97,1523747.2000000002,-1456513.4000000006,425.23,0.85,1.2,0.0096,0.01,90.0,53.0,29.0,24.0,54.72,43658.62,-44391.1,8.83,212.04,43.07,145485.20000000007,-223473.59999999995,20.07,0.31,0.43,0.0054,0.0,291.0,157.0,84.0,73.0,53.5,214060.51,-177606.48,10.1,242.5,55.97,1523747.2000000002,-1456513.4000000006,501.58,0.67,0.94,0.0083,0.01
VKCO,harami,1h,Bayesian_TPE,49,0.535,0.12,2.2,False,98.15,0.204,0.214,37.45,52,51.92,False,"{""sampler"":""TPESampler"",""seed"":42,""n_trials"":50,""direction"":""maximize"",""objective"":""composite = Sharpe * (Return% / MaxDD%)""}","{""doji_tol"":0.12,""wick_body_ratio"":2.2,""allowshort"":false}",2014-01-01,2024-12-31,2025-01-01,2026-04-20,2014-01-01,2026-04-20,201.0,52.0,27.0,25.0,51.92,105135.83,-74287.52,8.74,209.87,37.45,803440.0000000001,-308865.59999999986,98.15,0.52,0.55,0.0067,0.01,90.0,26.0,14.0,12.0,53.85,39965.67,-39565.39,9.63,231.15,25.71,147581.40000000008,-205857.30000000005,8.47,0.21,0.22,0.0038,0.0,291.0,78.0,41.0,37.0,52.56,92803.19,-74450.87,9.12,218.97,37.45,803440.0000000001,-389152.50000000006,105.02,0.4,0.43,0.0057,0.01
