ticker,strategy_type,timeframe,method,trial_number,composite_score,param_macd_fast,param_macd_slow,param_macd_signal,param_allowshort,metric_return_%,metric_sharpe,metric_sortino,metric_maxdd_%,metric_n_trades,metric_win_rate_%,allowshort,optim_params,params,IS_start,IS_end,OOS_start,OOS_end,FULL_start,FULL_end,IS_Количество сигналов,IS_Количество сделок,IS_Прибыльных сделок,IS_Убыточных сделок,IS_Процент прибыльных сделок,IS_Средняя прибыль,IS_Средний убыток,IS_Среднее время удержания (дней),IS_Среднее время удержания (часов),IS_Макс. просадка (%),IS_Макс. прибыль по сделке,IS_Макс. убыток по сделке,IS_Процент роста,IS_Sharpe,IS_Sortino,IS_Std. return,IS_Reward/Risk,OOS_Количество сигналов,OOS_Количество сделок,OOS_Прибыльных сделок,OOS_Убыточных сделок,OOS_Процент прибыльных сделок,OOS_Средняя прибыль,OOS_Средний убыток,OOS_Среднее время удержания (дней),OOS_Среднее время удержания (часов),OOS_Макс. просадка (%),OOS_Макс. прибыль по сделке,OOS_Макс. убыток по сделке,OOS_Процент роста,OOS_Sharpe,OOS_Sortino,OOS_Std. return,OOS_Reward/Risk,FULL_Количество сигналов,FULL_Количество сделок,FULL_Прибыльных сделок,FULL_Убыточных сделок,FULL_Процент прибыльных сделок,FULL_Средняя прибыль,FULL_Средний убыток,FULL_Среднее время удержания (дней),FULL_Среднее время удержания (часов),FULL_Макс. просадка (%),FULL_Макс. прибыль по сделке,FULL_Макс. убыток по сделке,FULL_Процент роста,FULL_Sharpe,FULL_Sortino,FULL_Std. return,FULL_Reward/Risk
GAZP,macd,1D,Bayesian_TPE,0,2.391,10,49,13,True,255.93,0.518,0.84,55.44,182,34.62,True,"{""sampler"":""TPESampler"",""seed"":42,""n_trials"":50,""direction"":""maximize"",""objective"":""composite = Sharpe * (Return% / MaxDD%)""}","{""macd_fast"":10,""macd_slow"":49,""macd_signal"":13,""allowshort"":true}",2014-01-01,2024-12-31,2025-01-01,2026-04-20,2014-01-01,2026-04-20,182.0,182.0,63.0,119.0,34.62,106309.59,-34774.81,21.87,,55.44,623120.2200000001,-294305.3999999999,255.93,0.52,0.84,0.02,0.02,25.0,25.0,10.0,15.0,40.0,57498.09,-34852.43,16.48,,30.45,191832.76,-67387.5,5.22,0.25,0.35,0.0154,0.01,207.0,207.0,73.0,134.0,35.27,140629.53,-48538.86,21.53,,55.44,1323748.8699999996,-304972.5,376.17,0.55,0.88,0.0198,0.02
GAZP,macd,1D,Bayesian_TPE,1,0.917,7,21,14,False,94.5,0.4,0.519,41.22,124,36.29,False,"{""sampler"":""TPESampler"",""seed"":42,""n_trials"":50,""direction"":""maximize"",""objective"":""composite = Sharpe * (Return% / MaxDD%)""}","{""macd_fast"":7,""macd_slow"":21,""macd_signal"":14,""allowshort"":false}",2014-01-01,2024-12-31,2025-01-01,2026-04-20,2014-01-01,2026-04-20,248.0,124.0,45.0,79.0,36.29,69792.92,-27793.19,16.37,,41.22,358651.0,-147359.84999999995,94.5,0.4,0.52,0.0127,0.01,33.0,16.0,8.0,8.0,50.0,34106.75,-26194.07,12.06,,19.47,78262.79999999996,-50528.23999999998,6.33,0.28,0.31,0.0129,0.02,281.0,140.0,53.0,87.0,37.86,69671.66,-29962.73,16.08,,41.22,358651.0,-147359.84999999995,108.58,0.39,0.49,0.0128,0.01
GAZP,macd,1D,Bayesian_TPE,2,1.443,5,50,14,True,182.36,0.458,0.748,57.9,230,31.3,True,"{""sampler"":""TPESampler"",""seed"":42,""n_trials"":50,""direction"":""maximize"",""objective"":""composite = Sharpe * (Return% / MaxDD%)""}","{""macd_fast"":5,""macd_slow"":50,""macd_signal"":14,""allowshort"":true}",2014-01-01,2024-12-31,2025-01-01,2026-04-20,2014-01-01,2026-04-20,230.0,230.0,72.0,158.0,31.3,89682.84,-29326.19,17.32,,57.9,548440.3600000001,-213929.41000000035,182.36,0.46,0.75,0.0193,0.02,29.0,29.0,11.0,18.0,37.93,68103.89,-23157.02,14.31,,17.27,204351.84000000008,-40952.80000000005,33.23,0.83,1.28,0.0155,0.07,259.0,259.0,83.0,176.0,32.05,120158.41,-34911.08,17.21,,57.9,1084306.32,-213929.41000000035,382.88,0.56,0.92,0.0191,0.02
GAZP,macd,1D,Bayesian_TPE,3,0.136,7,29,10,True,40.49,0.25,0.406,74.33,268,32.84,True,"{""sampler"":""TPESampler"",""seed"":42,""n_trials"":50,""direction"":""maximize"",""objective"":""composite = Sharpe * (Return% / MaxDD%)""}","{""macd_fast"":7,""macd_slow"":29,""macd_signal"":10,""allowshort"":true}",2014-01-01,2024-12-31,2025-01-01,2026-04-20,2014-01-01,2026-04-20,268.0,268.0,88.0,180.0,32.84,46375.46,-20422.73,14.86,,74.33,287851.85000000003,-108062.25000000016,40.49,0.25,0.41,0.0192,0.01,31.0,31.0,16.0,15.0,51.61,51541.42,-36585.98,14.42,,19.39,183952.75999999995,-101077.44,27.59,0.67,1.01,0.0176,0.06,299.0,299.0,104.0,195.0,34.78,50593.4,-22839.72,14.91,,74.33,287851.85000000003,-143217.99,80.8,0.3,0.49,0.019,0.01
GAZP,macd,1D,Bayesian_TPE,4,1.493,14,24,8,False,116.28,0.447,0.561,34.81,115,35.65,False,"{""sampler"":""TPESampler"",""seed"":42,""n_trials"":50,""direction"":""maximize"",""objective"":""composite = Sharpe * (Return% / MaxDD%)""}","{""macd_fast"":14,""macd_slow"":24,""macd_signal"":8,""allowshort"":false}",2014-01-01,2024-12-31,2025-01-01,2026-04-20,2014-01-01,2026-04-20,230.0,115.0,41.0,74.0,35.65,85063.37,-31415.72,17.77,,34.81,382392.3200000001,-183905.69999999995,116.28,0.45,0.56,0.0128,0.02,33.0,16.0,7.0,9.0,43.75,29560.2,-20250.12,12.31,,18.77,77790.89999999997,-47018.43999999998,2.47,0.17,0.19,0.013,0.01,263.0,131.0,48.0,83.0,36.64,83587.86,-32898.71,17.33,,34.81,382392.3200000001,-183905.69999999995,128.16,0.42,0.52,0.0129,0.02
GAZP,macd,1D,Bayesian_TPE,5,0.356,17,26,10,True,75.0,0.315,0.483,66.37,184,36.96,True,"{""sampler"":""TPESampler"",""seed"":42,""n_trials"":50,""direction"":""maximize"",""objective"":""composite = Sharpe * (Return% / MaxDD%)""}","{""macd_fast"":17,""macd_slow"":26,""macd_signal"":10,""allowshort"":true}",2014-01-01,2024-12-31,2025-01-01,2026-04-20,2014-01-01,2026-04-20,184.0,184.0,68.0,116.0,36.96,59164.68,-28217.06,21.64,,66.37,295526.00000000006,-142290.0,75.0,0.31,0.48,0.0201,0.01,23.0,23.0,10.0,13.0,43.48,67337.79,-38595.53,18.0,,29.52,226137.39999999985,-72832.5,17.16,0.52,0.74,0.0155,0.03,207.0,207.0,78.0,129.0,37.68,77269.9,-34099.0,21.53,,66.37,668999.9399999998,-163387.5,162.83,0.4,0.61,0.0199,0.01
GAZP,macd,1D,Bayesian_TPE,6,0.46,14,25,5,False,63.6,0.323,0.419,44.67,138,34.78,False,"{""sampler"":""TPESampler"",""seed"":42,""n_trials"":50,""direction"":""maximize"",""objective"":""composite = Sharpe * (Return% / MaxDD%)""}","{""macd_fast"":14,""macd_slow"":25,""macd_signal"":5,""allowshort"":false}",2014-01-01,2024-12-31,2025-01-01,2026-04-20,2014-01-01,2026-04-20,276.0,138.0,48.0,90.0,34.78,61961.8,-25979.94,14.67,,44.67,331331.8700000001,-180722.50000000003,63.6,0.32,0.42,0.0125,0.01,39.0,19.0,8.0,11.0,42.11,41227.93,-21179.21,10.32,,18.88,95787.50999999998,-49555.79999999998,9.69,0.38,0.42,0.013,0.03,315.0,157.0,56.0,101.0,35.67,63078.38,-26956.42,14.32,,44.67,331331.8700000001,-180722.50000000003,80.98,0.33,0.42,0.0127,0.01
GAZP,macd,1D,Bayesian_TPE,7,0.595,17,29,6,True,107.63,0.366,0.592,66.22,230,33.48,True,"{""sampler"":""TPESampler"",""seed"":42,""n_trials"":50,""direction"":""maximize"",""objective"":""composite = Sharpe * (Return% / MaxDD%)""}","{""macd_fast"":17,""macd_slow"":29,""macd_signal"":6,""allowshort"":true}",2014-01-01,2024-12-31,2025-01-01,2026-04-20,2014-01-01,2026-04-20,230.0,230.0,77.0,153.0,33.48,62254.43,-24295.7,17.32,,66.22,378532.5200000001,-133914.02999999977,107.63,0.37,0.59,0.0193,0.01,33.0,33.0,11.0,22.0,33.33,88302.09,-29347.92,13.3,,22.54,208491.2799999999,-86447.88,32.57,0.76,1.24,0.0174,0.06,263.0,263.0,88.0,175.0,33.46,78692.27,-29116.43,16.95,,66.22,445035.6799999999,-184511.7,182.95,0.42,0.68,0.0192,0.01
GAZP,macd,1D,Bayesian_TPE,8,2.092,6,35,5,True,245.92,0.52,0.846,61.12,356,36.24,True,"{""sampler"":""TPESampler"",""seed"":42,""n_trials"":50,""direction"":""maximize"",""objective"":""composite = Sharpe * (Return% / MaxDD%)""}","{""macd_fast"":6,""macd_slow"":35,""macd_signal"":5,""allowshort"":true}",2014-01-01,2024-12-31,2025-01-01,2026-04-20,2014-01-01,2026-04-20,356.0,356.0,129.0,227.0,36.24,66166.55,-26767.7,11.24,,61.12,563895.0999999999,-233362.42000000025,245.92,0.52,0.85,0.0192,0.02,49.0,49.0,19.0,30.0,38.78,67318.22,-28423.52,9.49,,21.43,262044.11999999997,-68179.19999999988,42.63,0.9,1.5,0.018,0.08,405.0,405.0,148.0,257.0,36.54,83922.44,-34335.42,11.05,,61.12,844429.4399999998,-233362.42000000025,359.63,0.55,0.89,0.0191,0.02
GAZP,macd,1D,Bayesian_TPE,9,0.45,15,29,10,True,88.12,0.335,0.516,65.64,190,36.84,True,"{""sampler"":""TPESampler"",""seed"":42,""n_trials"":50,""direction"":""maximize"",""objective"":""composite = Sharpe * (Return% / MaxDD%)""}","{""macd_fast"":15,""macd_slow"":29,""macd_signal"":10,""allowshort"":true}",2014-01-01,2024-12-31,2025-01-01,2026-04-20,2014-01-01,2026-04-20,190.0,190.0,70.0,120.0,36.84,63466.67,-29678.71,20.96,,65.64,321299.04,-159495.0,88.12,0.34,0.52,0.0201,0.01,25.0,25.0,11.0,14.0,44.0,91065.13,-42302.77,17.56,,25.05,261563.01999999984,-71610.82,40.95,0.9,1.41,0.0173,0.06,215.0,215.0,81.0,134.0,37.67,79413.12,-35124.97,20.73,,65.64,505837.7199999997,-159495.0,172.57,0.41,0.63,0.0198,0.01
GAZP,macd,1D,Bayesian_TPE,10,1.933,10,48,15,False,144.34,0.491,0.581,36.66,87,33.33,False,"{""sampler"":""TPESampler"",""seed"":42,""n_trials"":50,""direction"":""maximize"",""objective"":""composite = Sharpe * (Return% / MaxDD%)""}","{""macd_fast"":10,""macd_slow"":48,""macd_signal"":15,""allowshort"":false}",2014-01-01,2024-12-31,2025-01-01,2026-04-20,2014-01-01,2026-04-20,174.0,87.0,29.0,58.0,33.33,132329.89,-41279.1,24.1,,36.66,461008.0500000001,-405885.14999999985,144.34,0.49,0.58,0.0133,0.02,21.0,10.0,5.0,5.0,50.0,28160.56,-24639.05,19.7,,19.84,56058.96999999993,-58972.5,1.76,0.15,0.15,0.011,0.01,195.0,97.0,34.0,63.0,35.05,145245.13,-44078.23,24.3,,36.66,872916.2399999998,-405885.14999999985,216.14,0.53,0.63,0.0134,0.02
GAZP,macd,1D,Bayesian_TPE,11,0.358,10,40,13,True,71.7,0.309,0.475,61.91,188,35.64,True,"{""sampler"":""TPESampler"",""seed"":42,""n_trials"":50,""direction"":""maximize"",""objective"":""composite = Sharpe * (Return% / MaxDD%)""}","{""macd_fast"":10,""macd_slow"":40,""macd_signal"":13,""allowshort"":true}",2014-01-01,2024-12-31,2025-01-01,2026-04-20,2014-01-01,2026-04-20,188.0,188.0,67.0,121.0,35.64,59829.44,-27203.15,21.18,,61.91,292728.36000000004,-175692.5,71.7,0.31,0.48,0.0201,0.01,25.0,25.0,10.0,15.0,40.0,68372.69,-36628.33,16.52,,30.5,230216.64000000007,-72300.0,13.43,0.44,0.63,0.0155,0.02,213.0,213.0,77.0,136.0,36.15,77978.23,-33111.16,20.92,,61.91,660506.5800000001,-175692.5,150.12,0.38,0.59,0.0199,0.01
GAZP,macd,1D,Bayesian_TPE,12,2.18,10,39,12,True,229.93,0.503,0.818,53.05,196,36.22,True,"{""sampler"":""TPESampler"",""seed"":42,""n_trials"":50,""direction"":""maximize"",""objective"":""composite = Sharpe * (Return% / MaxDD%)""}","{""macd_fast"":10,""macd_slow"":39,""macd_signal"":12,""allowshort"":true}",2014-01-01,2024-12-31,2025-01-01,2026-04-20,2014-01-01,2026-04-20,196.0,196.0,71.0,125.0,36.22,92232.69,-33993.55,20.32,,53.05,588906.7199999999,-191218.4799999998,229.93,0.5,0.82,0.0194,0.02,25.0,25.0,10.0,15.0,40.0,63583.2,-36791.52,16.56,,31.66,226137.39999999985,-81522.30000000002,8.4,0.32,0.47,0.0155,0.02,221.0,221.0,81.0,140.0,36.65,125525.82,-47023.22,20.17,,53.05,1261257.7599999998,-344790.60000000003,358.43,0.54,0.88,0.0192,0.02
GAZP,macd,1D,Bayesian_TPE,13,2.065,10,44,12,True,220.01,0.494,0.807,52.63,190,36.32,True,"{""sampler"":""TPESampler"",""seed"":42,""n_trials"":50,""direction"":""maximize"",""objective"":""composite = Sharpe * (Return% / MaxDD%)""}","{""macd_fast"":10,""macd_slow"":44,""macd_signal"":12,""allowshort"":true}",2014-01-01,2024-12-31,2025-01-01,2026-04-20,2014-01-01,2026-04-20,190.0,190.0,69.0,121.0,36.32,91169.13,-33806.15,20.96,,52.63,561569.2500000001,-166365.53999999983,220.01,0.49,0.81,0.0194,0.02,25.0,25.0,10.0,15.0,40.0,64532.59,-35485.49,16.52,,33.27,230216.64000000007,-82075.44000000002,11.3,0.39,0.56,0.0155,0.02,215.0,215.0,79.0,136.0,36.74,124716.22,-46162.8,20.73,,52.63,1231037.1900000002,-337310.04000000004,357.44,0.54,0.89,0.0192,0.02
GAZP,macd,1D,Bayesian_TPE,14,0.426,12,38,12,True,79.54,0.322,0.495,60.15,178,35.39,True,"{""sampler"":""TPESampler"",""seed"":42,""n_trials"":50,""direction"":""maximize"",""objective"":""composite = Sharpe * (Return% / MaxDD%)""}","{""macd_fast"":12,""macd_slow"":38,""macd_signal"":12,""allowshort"":true}",2014-01-01,2024-12-31,2025-01-01,2026-04-20,2014-01-01,2026-04-20,178.0,178.0,63.0,115.0,35.39,65232.21,-28819.41,22.37,,60.15,305598.1500000001,-182667.5,79.54,0.32,0.49,0.0201,0.01,25.0,25.0,10.0,15.0,40.0,68935.93,-35929.57,16.52,,29.52,230216.64000000007,-73327.5,15.04,0.47,0.68,0.0155,0.02,203.0,203.0,73.0,130.0,35.96,85061.94,-35053.17,21.95,,60.15,690669.2700000001,-182667.5,165.26,0.4,0.61,0.0199,0.01
GAZP,macd,1D,Bayesian_TPE,15,3.124,9,45,12,True,272.83,0.54,0.876,47.16,190,37.37,True,"{""sampler"":""TPESampler"",""seed"":42,""n_trials"":50,""direction"":""maximize"",""objective"":""composite = Sharpe * (Return% / MaxDD%)""}","{""macd_fast"":9,""macd_slow"":45,""macd_signal"":12,""allowshort"":true}",2014-01-01,2024-12-31,2025-01-01,2026-04-20,2014-01-01,2026-04-20,190.0,190.0,71.0,119.0,37.37,107587.11,-41263.79,20.96,,47.16,765419.98,-245442.61999999976,272.83,0.54,0.88,0.0194,0.02,25.0,25.0,12.0,13.0,48.0,56033.71,-36644.18,16.56,,24.83,226137.39999999985,-81522.30000000002,19.6,0.57,0.85,0.0155,0.04,215.0,215.0,83.0,132.0,38.6,143411.79,-54447.98,20.73,,47.16,1425276.2299999995,-389621.28,471.6,0.6,0.98,0.0192,0.02
GAZP,macd,1D,Bayesian_TPE,16,3.129,12,46,8,True,279.36,0.546,0.887,48.75,204,34.31,True,"{""sampler"":""TPESampler"",""seed"":42,""n_trials"":50,""direction"":""maximize"",""objective"":""composite = Sharpe * (Return% / MaxDD%)""}","{""macd_fast"":12,""macd_slow"":46,""macd_signal"":8,""allowshort"":true}",2014-01-01,2024-12-31,2025-01-01,2026-04-20,2014-01-01,2026-04-20,204.0,204.0,70.0,134.0,34.31,110538.71,-36896.7,19.52,,48.75,763920.2,-254314.03999999975,279.36,0.55,0.89,0.0193,0.02,27.0,27.0,9.0,18.0,33.33,67416.69,-26214.68,15.33,,25.4,203283.4,-77703.00000000001,13.49,0.44,0.65,0.0155,0.03,231.0,231.0,79.0,152.0,34.2,148830.11,-47623.85,19.29,,48.75,1450212.3299999996,-377891.20000000007,451.88,0.59,0.97,0.0192,0.02
GAZP,macd,1D,Bayesian_TPE,17,1.702,20,45,8,True,215.8,0.483,0.79,61.25,168,33.93,True,"{""sampler"":""TPESampler"",""seed"":42,""n_trials"":50,""direction"":""maximize"",""objective"":""composite = Sharpe * (Return% / MaxDD%)""}","{""macd_fast"":20,""macd_slow"":45,""macd_signal"":8,""allowshort"":true}",2014-01-01,2024-12-31,2025-01-01,2026-04-20,2014-01-01,2026-04-20,168.0,168.0,57.0,111.0,33.93,98026.47,-30896.83,23.7,,61.25,545049.08,-242676.7499999999,215.8,0.48,0.79,0.02,0.02,21.0,21.0,10.0,11.0,47.62,73906.7,-34525.32,19.52,,23.7,211616.81999999983,-74677.5,35.93,0.89,1.28,0.0153,0.06,189.0,189.0,67.0,122.0,35.45,141525.95,-40736.06,23.58,,61.25,1168308.4999999998,-302872.5,451.24,0.58,0.95,0.0197,0.02
GAZP,macd,1D,Bayesian_TPE,18,2.169,12,44,8,False,140.45,0.5,0.64,32.38,106,32.08,False,"{""sampler"":""TPESampler"",""seed"":42,""n_trials"":50,""direction"":""maximize"",""objective"":""composite = Sharpe * (Return% / MaxDD%)""}","{""macd_fast"":12,""macd_slow"":44,""macd_signal"":8,""allowshort"":false}",2014-01-01,2024-12-31,2025-01-01,2026-04-20,2014-01-01,2026-04-20,212.0,106.0,34.0,72.0,32.08,116750.19,-35625.12,19.69,,32.38,450128.2500000001,-203252.51,140.45,0.5,0.64,0.0125,0.02,27.0,13.0,4.0,9.0,30.77,27401.65,-18265.3,14.62,,22.44,55264.339999999946,-45239.52,-5.48,-0.1,-0.1,0.0116,-0.0,239.0,119.0,38.0,81.0,31.93,131185.06,-37922.1,19.65,,32.38,919175.1799999996,-203252.51,191.33,0.52,0.65,0.0128,0.02
GAZP,macd,1D,Bayesian_TPE,19,0.334,8,36,9,True,70.87,0.308,0.5,65.27,250,32.8,True,"{""sampler"":""TPESampler"",""seed"":42,""n_trials"":50,""direction"":""maximize"",""objective"":""composite = Sharpe * (Return% / MaxDD%)""}","{""macd_fast"":8,""macd_slow"":36,""macd_signal"":9,""allowshort"":true}",2014-01-01,2024-12-31,2025-01-01,2026-04-20,2014-01-01,2026-04-20,250.0,250.0,82.0,168.0,32.8,55807.94,-23021.37,15.93,,65.27,329680.00000000006,-123756.6600000002,70.87,0.31,0.5,0.0193,0.01,35.0,35.0,14.0,21.0,40.0,70436.65,-29254.79,12.71,,18.71,198278.95999999993,-56343.55999999998,37.18,0.83,1.39,0.0175,0.08,285.0,285.0,96.0,189.0,33.68,66264.36,-26181.59,15.64,,65.27,348787.6399999999,-123756.6600000002,141.31,0.38,0.62,0.0192,0.01
GAZP,macd,1D,Bayesian_TPE,20,0.691,8,42,11,True,115.64,0.378,0.608,63.28,228,31.14,True,"{""sampler"":""TPESampler"",""seed"":42,""n_trials"":50,""direction"":""maximize"",""objective"":""composite = Sharpe * (Return% / MaxDD%)""}","{""macd_fast"":8,""macd_slow"":42,""macd_signal"":11,""allowshort"":true}",2014-01-01,2024-12-31,2025-01-01,2026-04-20,2014-01-01,2026-04-20,228.0,228.0,71.0,157.0,31.14,74724.76,-26427.29,17.46,,63.28,416803.8899999999,-153026.12999999974,115.64,0.38,0.61,0.0193,0.01,29.0,29.0,11.0,18.0,37.93,87638.05,-31926.98,15.14,,24.82,236687.7600000001,-110705.39999999992,38.93,0.86,1.41,0.0174,0.06,257.0,257.0,82.0,175.0,31.91,91496.22,-30988.66,17.34,,63.28,524673.0000000002,-245407.7599999998,207.97,0.44,0.71,0.0191,0.01
GAZP,macd,1D,Bayesian_TPE,21,1.801,11,48,13,True,217.99,0.486,0.785,58.84,176,33.52,True,"{""sampler"":""TPESampler"",""seed"":42,""n_trials"":50,""direction"":""maximize"",""objective"":""composite = Sharpe * (Return% / MaxDD%)""}","{""macd_fast"":11,""macd_slow"":48,""macd_signal"":13,""allowshort"":true}",2014-01-01,2024-12-31,2025-01-01,2026-04-20,2014-01-01,2026-04-20,176.0,176.0,59.0,117.0,33.52,97768.28,-30670.37,22.62,,58.84,498832.5800000001,-248789.69999999992,217.99,0.49,0.78,0.02,0.02,23.0,23.0,9.0,14.0,39.13,67624.12,-31992.2,17.91,,28.0,191832.76,-69765.0,16.07,0.49,0.71,0.0154,0.03,199.0,199.0,68.0,131.0,34.17,133712.64,-41216.75,22.39,,58.84,1182645.37,-282075.0,369.31,0.54,0.88,0.0197,0.02
GAZP,macd,1D,Bayesian_TPE,22,0.368,9,47,7,True,77.5,0.32,0.515,67.44,250,30.8,True,"{""sampler"":""TPESampler"",""seed"":42,""n_trials"":50,""direction"":""maximize"",""objective"":""composite = Sharpe * (Return% / MaxDD%)""}","{""macd_fast"":9,""macd_slow"":47,""macd_signal"":7,""allowshort"":true}",2014-01-01,2024-12-31,2025-01-01,2026-04-20,2014-01-01,2026-04-20,250.0,250.0,77.0,173.0,30.8,64846.87,-24382.84,15.93,,67.44,369442.12000000005,-133562.0400000002,77.5,0.32,0.52,0.0193,0.01,35.0,35.0,15.0,20.0,42.86,66549.44,-31094.23,12.54,,19.77,208491.2799999999,-62029.79999999984,37.64,0.84,1.4,0.0175,0.07,285.0,285.0,92.0,193.0,32.28,74611.36,-27735.51,15.64,,67.44,380439.6799999999,-133562.0400000002,151.13,0.39,0.63,0.0192,0.01
GAZP,macd,1D,Bayesian_TPE,23,1.799,13,50,11,True,215.8,0.484,0.783,58.07,178,33.15,True,"{""sampler"":""TPESampler"",""seed"":42,""n_trials"":50,""direction"":""maximize"",""objective"":""composite = Sharpe * (Return% / MaxDD%)""}","{""macd_fast"":13,""macd_slow"":50,""macd_signal"":11,""allowshort"":true}",2014-01-01,2024-12-31,2025-01-01,2026-04-20,2014-01-01,2026-04-20,178.0,178.0,59.0,119.0,33.15,97943.71,-30425.7,22.37,,58.07,529336.2400000001,-255639.1499999999,215.8,0.48,0.78,0.02,0.02,23.0,23.0,9.0,14.0,39.13,68409.97,-30695.29,17.91,,26.46,191832.76,-69765.0,18.6,0.55,0.79,0.0154,0.03,201.0,201.0,68.0,133.0,33.83,133947.03,-40197.44,22.17,,58.07,1128265.8799999997,-280140.0,376.21,0.55,0.88,0.0197,0.02
GAZP,macd,1D,Bayesian_TPE,24,2.35,12,42,15,True,250.28,0.513,0.84,54.63,160,36.88,True,"{""sampler"":""TPESampler"",""seed"":42,""n_trials"":50,""direction"":""maximize"",""objective"":""composite = Sharpe * (Return% / MaxDD%)""}","{""macd_fast"":12,""macd_slow"":42,""macd_signal"":15,""allowshort"":true}",2014-01-01,2024-12-31,2025-01-01,2026-04-20,2014-01-01,2026-04-20,160.0,160.0,59.0,101.0,36.88,107208.03,-37846.69,24.88,,54.63,620231.64,-279207.1499999999,250.28,0.51,0.84,0.02,0.02,19.0,19.0,10.0,9.0,52.63,72378.36,-33746.81,21.63,,20.36,213460.36999999997,-76920.0,42.01,1.01,1.44,0.0152,0.08,179.0,179.0,69.0,110.0,38.55,155237.76,-47386.41,24.89,,54.63,1374012.6399999997,-352020.0,549.89,0.63,1.02,0.0197,0.02
GAZP,macd,1D,Bayesian_TPE,25,2.51,8,46,13,True,240.06,0.512,0.833,48.97,198,35.35,True,"{""sampler"":""TPESampler"",""seed"":42,""n_trials"":50,""direction"":""maximize"",""objective"":""composite = Sharpe * (Return% / MaxDD%)""}","{""macd_fast"":8,""macd_slow"":46,""macd_signal"":13,""allowshort"":true}",2014-01-01,2024-12-31,2025-01-01,2026-04-20,2014-01-01,2026-04-20,198.0,198.0,70.0,128.0,35.35,102096.5,-37079.45,20.11,,48.97,694204.6199999999,-229482.97999999975,240.06,0.51,0.83,0.0194,0.02,25.0,25.0,12.0,13.0,48.0,56206.72,-34781.94,16.56,,24.83,226137.39999999985,-81522.30000000002,22.23,0.62,0.93,0.0155,0.04,223.0,223.0,82.0,141.0,36.77,134700.7,-47640.01,19.99,,48.97,1299985.0499999996,-355370.50000000006,432.82,0.58,0.95,0.0192,0.02
GAZP,macd,1D,Bayesian_TPE,26,0.776,5,46,11,False,75.58,0.355,0.447,34.57,130,32.31,False,"{""sampler"":""TPESampler"",""seed"":42,""n_trials"":50,""direction"":""maximize"",""objective"":""composite = Sharpe * (Return% / MaxDD%)""}","{""macd_fast"":5,""macd_slow"":46,""macd_signal"":11,""allowshort"":false}",2014-01-01,2024-12-31,2025-01-01,2026-04-20,2014-01-01,2026-04-20,260.0,130.0,42.0,88.0,32.31,76996.21,-28159.51,15.78,,34.57,377362.59,-193878.08999999997,75.58,0.35,0.45,0.0126,0.01,37.0,18.0,8.0,10.0,44.44,48105.59,-23200.09,11.78,,18.89,169603.91999999998,-36305.44000000004,15.28,0.51,0.6,0.0137,0.04,297.0,148.0,50.0,98.0,33.78,79626.9,-29565.6,15.5,,34.57,377362.59,-193878.08999999997,108.39,0.39,0.48,0.0128,0.01
GAZP,macd,1D,Bayesian_TPE,27,0.711,8,43,9,True,115.2,0.377,0.605,61.08,236,33.05,True,"{""sampler"":""TPESampler"",""seed"":42,""n_trials"":50,""direction"":""maximize"",""objective"":""composite = Sharpe * (Return% / MaxDD%)""}","{""macd_fast"":8,""macd_slow"":43,""macd_signal"":9,""allowshort"":true}",2014-01-01,2024-12-31,2025-01-01,2026-04-20,2014-01-01,2026-04-20,236.0,236.0,78.0,158.0,33.05,68508.65,-26529.73,16.88,,61.08,424232.44000000006,-159052.1600000003,115.2,0.38,0.6,0.0193,0.01,35.0,35.0,13.0,22.0,37.14,76556.69,-28462.5,12.54,,19.72,208491.2799999999,-59247.99999999998,36.91,0.83,1.39,0.0175,0.07,271.0,271.0,91.0,180.0,33.58,83576.98,-30982.93,16.45,,61.08,461246.19999999984,-159052.1600000003,202.86,0.44,0.71,0.0192,0.01
GAZP,macd,1D,Bayesian_TPE,28,0.231,7,32,7,True,58.28,0.286,0.464,72.26,290,33.45,True,"{""sampler"":""TPESampler"",""seed"":42,""n_trials"":50,""direction"":""maximize"",""objective"":""composite = Sharpe * (Return% / MaxDD%)""}","{""macd_fast"":7,""macd_slow"":32,""macd_signal"":7,""allowshort"":true}",2014-01-01,2024-12-31,2025-01-01,2026-04-20,2014-01-01,2026-04-20,290.0,290.0,97.0,193.0,33.45,48443.15,-21327.27,13.79,,72.26,317914.44999999995,-122489.8900000002,58.28,0.29,0.46,0.0192,0.01,43.0,43.0,16.0,27.0,37.21,67365.22,-27832.52,10.4,,24.53,235693.39999999997,-70109.70000000008,32.64,0.75,1.26,0.0176,0.05,333.0,333.0,113.0,220.0,33.93,56930.36,-24162.73,13.44,,72.26,376222.49999999994,-122489.8900000002,111.73,0.34,0.56,0.0191,0.01
GAZP,macd,1D,Bayesian_TPE,29,2.277,9,46,14,True,250.21,0.52,0.901,57.15,190,34.74,True,"{""sampler"":""TPESampler"",""seed"":42,""n_trials"":50,""direction"":""maximize"",""objective"":""composite = Sharpe * (Return% / MaxDD%)""}","{""macd_fast"":9,""macd_slow"":46,""macd_signal"":14,""allowshort"":true}",2014-01-01,2024-12-31,2025-01-01,2026-04-20,2014-01-01,2026-04-20,190.0,190.0,66.0,124.0,34.74,106014.35,-36248.76,20.96,,57.15,630302.9000000001,-195602.69999999992,250.21,0.52,0.9,0.0194,0.02,25.0,25.0,10.0,15.0,40.0,64558.61,-36751.8,16.48,,30.5,220132.07999999996,-71490.0,9.43,0.35,0.5,0.0155,0.02,215.0,215.0,76.0,139.0,35.35,142400.18,-49997.74,20.73,,57.15,1302459.5699999998,-318337.5,387.27,0.56,0.96,0.0192,0.02
GAZP,macd,1D,Bayesian_TPE,30,0.322,11,41,12,True,66.63,0.3,0.462,62.09,184,35.87,True,"{""sampler"":""TPESampler"",""seed"":42,""n_trials"":50,""direction"":""maximize"",""objective"":""composite = Sharpe * (Return% / MaxDD%)""}","{""macd_fast"":11,""macd_slow"":41,""macd_signal"":12,""allowshort"":true}",2014-01-01,2024-12-31,2025-01-01,2026-04-20,2014-01-01,2026-04-20,184.0,184.0,66.0,118.0,35.87,60225.92,-28039.3,21.64,,62.09,284085.18000000005,-178715.0,66.63,0.3,0.46,0.0201,0.01,25.0,25.0,10.0,15.0,40.0,68569.37,-35097.53,16.52,,30.5,230216.64000000007,-72300.0,15.92,0.49,0.7,0.0155,0.02,209.0,209.0,76.0,133.0,36.36,77841.43,-33347.77,21.33,,62.09,640995.5700000001,-178715.0,148.07,0.38,0.59,0.0199,0.01
GAZP,macd,1D,Bayesian_TPE,31,1.152,9,50,13,True,158.8,0.431,0.702,59.41,194,34.54,True,"{""sampler"":""TPESampler"",""seed"":42,""n_trials"":50,""direction"":""maximize"",""objective"":""composite = Sharpe * (Return% / MaxDD%)""}","{""macd_fast"":9,""macd_slow"":50,""macd_signal"":13,""allowshort"":true}",2014-01-01,2024-12-31,2025-01-01,2026-04-20,2014-01-01,2026-04-20,194.0,194.0,67.0,127.0,34.54,84472.77,-32060.18,20.53,,59.41,535655.18,-166664.4999999999,158.8,0.43,0.7,0.0194,0.01,25.0,25.0,11.0,14.0,44.0,59017.87,-34364.08,16.52,,26.29,227877.04000000004,-81671.56000000001,16.81,0.51,0.76,0.0155,0.03,219.0,219.0,78.0,141.0,35.62,109655.74,-40217.97,20.35,,59.41,995573.61,-271451.26,288.24,0.5,0.82,0.0192,0.02
GAZP,macd,1D,Bayesian_TPE,32,2.401,6,48,14,True,256.7,0.527,0.855,56.34,216,31.94,True,"{""sampler"":""TPESampler"",""seed"":42,""n_trials"":50,""direction"":""maximize"",""objective"":""composite = Sharpe * (Return% / MaxDD%)""}","{""macd_fast"":6,""macd_slow"":48,""macd_signal"":14,""allowshort"":true}",2014-01-01,2024-12-31,2025-01-01,2026-04-20,2014-01-01,2026-04-20,216.0,216.0,69.0,147.0,31.94,104309.86,-31499.14,18.44,,56.34,707847.7799999999,-215162.00999999963,256.7,0.53,0.86,0.0193,0.02,29.0,29.0,9.0,20.0,31.03,67444.8,-25370.02,14.28,,28.16,203283.4,-77703.00000000001,9.96,0.36,0.53,0.0156,0.02,245.0,245.0,78.0,167.0,31.84,140747.63,-41619.76,18.19,,56.34,1363597.5499999996,-355317.82000000007,402.78,0.57,0.93,0.0192,0.02
GAZP,macd,1D,Bayesian_TPE,33,2.401,6,48,14,True,256.7,0.527,0.855,56.34,216,31.94,True,"{""sampler"":""TPESampler"",""seed"":42,""n_trials"":50,""direction"":""maximize"",""objective"":""composite = Sharpe * (Return% / MaxDD%)""}","{""macd_fast"":6,""macd_slow"":48,""macd_signal"":14,""allowshort"":true}",2014-01-01,2024-12-31,2025-01-01,2026-04-20,2014-01-01,2026-04-20,216.0,216.0,69.0,147.0,31.94,104309.86,-31499.14,18.44,,56.34,707847.7799999999,-215162.00999999963,256.7,0.53,0.86,0.0193,0.02,29.0,29.0,9.0,20.0,31.03,67444.8,-25370.02,14.28,,28.16,203283.4,-77703.00000000001,9.96,0.36,0.53,0.0156,0.02,245.0,245.0,78.0,167.0,31.84,140747.63,-41619.76,18.19,,56.34,1363597.5499999996,-355317.82000000007,402.78,0.57,0.93,0.0192,0.02
GAZP,macd,1D,Bayesian_TPE,34,1.496,6,45,14,True,190.31,0.467,0.756,59.42,224,30.36,True,"{""sampler"":""TPESampler"",""seed"":42,""n_trials"":50,""direction"":""maximize"",""objective"":""composite = Sharpe * (Return% / MaxDD%)""}","{""macd_fast"":6,""macd_slow"":45,""macd_signal"":14,""allowshort"":true}",2014-01-01,2024-12-31,2025-01-01,2026-04-20,2014-01-01,2026-04-20,224.0,224.0,68.0,156.0,30.36,90287.69,-27156.71,17.78,,59.42,560966.1,-176104.34999999971,190.31,0.47,0.76,0.0193,0.02,27.0,27.0,9.0,18.0,33.33,69635.5,-26398.86,15.37,,24.83,204351.84000000008,-77773.24,15.15,0.47,0.71,0.0155,0.03,251.0,251.0,77.0,174.0,30.68,120757.18,-34524.51,17.76,,59.42,1114824.9600000002,-289836.58,329.1,0.53,0.86,0.0191,0.02
GAZP,macd,1D,Bayesian_TPE,35,1.48,7,38,15,False,113.92,0.446,0.569,34.34,107,32.71,False,"{""sampler"":""TPESampler"",""seed"":42,""n_trials"":50,""direction"":""maximize"",""objective"":""composite = Sharpe * (Return% / MaxDD%)""}","{""macd_fast"":7,""macd_slow"":38,""macd_signal"":15,""allowshort"":false}",2014-01-01,2024-12-31,2025-01-01,2026-04-20,2014-01-01,2026-04-20,214.0,107.0,35.0,72.0,32.71,103269.39,-34378.48,19.58,,34.34,450744.96,-204877.09999999992,113.92,0.45,0.57,0.0125,0.02,27.0,13.0,4.0,9.0,30.77,27843.86,-16766.2,14.77,,21.18,56155.939999999944,-32941.62000000007,-3.95,-0.04,-0.04,0.0117,-0.0,241.0,120.0,39.0,81.0,32.5,115967.87,-35667.11,19.57,,34.34,817751.4099999998,-204877.09999999992,163.37,0.48,0.6,0.0129,0.02
GAZP,macd,1D,Bayesian_TPE,36,2.003,8,47,13,True,203.96,0.479,0.779,48.77,202,34.65,True,"{""sampler"":""TPESampler"",""seed"":42,""n_trials"":50,""direction"":""maximize"",""objective"":""composite = Sharpe * (Return% / MaxDD%)""}","{""macd_fast"":8,""macd_slow"":47,""macd_signal"":13,""allowshort"":true}",2014-01-01,2024-12-31,2025-01-01,2026-04-20,2014-01-01,2026-04-20,202.0,202.0,70.0,132.0,34.65,94840.81,-34843.09,19.71,,48.77,620521.8799999999,-207594.1999999998,203.96,0.48,0.78,0.0194,0.02,25.0,25.0,12.0,13.0,48.0,56372.3,-34822.6,16.52,,24.83,227584.58999999997,-81618.88,22.38,0.62,0.93,0.0155,0.04,227.0,227.0,82.0,145.0,36.12,123702.35,-43906.81,19.63,,48.77,1169277.9300000002,-318617.42000000004,377.71,0.56,0.9,0.0192,0.02
GAZP,macd,1D,Bayesian_TPE,37,0.889,5,50,9,True,136.92,0.406,0.672,62.55,286,32.17,True,"{""sampler"":""TPESampler"",""seed"":42,""n_trials"":50,""direction"":""maximize"",""objective"":""composite = Sharpe * (Return% / MaxDD%)""}","{""macd_fast"":5,""macd_slow"":50,""macd_signal"":9,""allowshort"":true}",2014-01-01,2024-12-31,2025-01-01,2026-04-20,2014-01-01,2026-04-20,286.0,286.0,92.0,194.0,32.17,63814.66,-23204.7,13.99,,62.55,436928.26000000007,-177338.1300000003,136.92,0.41,0.67,0.0193,0.01,37.0,37.0,17.0,20.0,45.95,63628.58,-27491.05,12.08,,17.04,212809.41999999995,-51359.559999999954,53.19,1.07,1.81,0.0176,0.11,323.0,323.0,109.0,214.0,33.75,77761.2,-27175.48,13.85,,62.55,508505.7099999999,-177338.1300000003,266.04,0.49,0.81,0.0191,0.01
GAZP,macd,1D,Bayesian_TPE,38,1.562,11,43,11,False,111.97,0.443,0.573,31.75,96,36.46,False,"{""sampler"":""TPESampler"",""seed"":42,""n_trials"":50,""direction"":""maximize"",""objective"":""composite = Sharpe * (Return% / MaxDD%)""}","{""macd_fast"":11,""macd_slow"":43,""macd_signal"":11,""allowshort"":false}",2014-01-01,2024-12-31,2025-01-01,2026-04-20,2014-01-01,2026-04-20,192.0,96.0,35.0,61.0,36.46,98662.82,-38254.51,21.78,,31.75,411655.7500000001,-219367.20000000004,111.97,0.44,0.57,0.0125,0.02,25.0,12.0,5.0,7.0,41.67,25876.51,-24761.56,15.75,,24.51,55516.95999999995,-46731.54,-4.39,-0.07,-0.06,0.0112,-0.0,217.0,108.0,40.0,68.0,37.04,110198.83,-41255.69,21.69,,31.75,815416.8300000001,-219367.20000000004,160.26,0.47,0.6,0.0127,0.02
GAZP,macd,1D,Bayesian_TPE,39,0.304,6,20,12,True,71.84,0.31,0.501,73.14,280,34.64,True,"{""sampler"":""TPESampler"",""seed"":42,""n_trials"":50,""direction"":""maximize"",""objective"":""composite = Sharpe * (Return% / MaxDD%)""}","{""macd_fast"":6,""macd_slow"":20,""macd_signal"":12,""allowshort"":true}",2014-01-01,2024-12-31,2025-01-01,2026-04-20,2014-01-01,2026-04-20,280.0,280.0,97.0,183.0,34.64,52690.63,-24003.15,14.29,,73.14,347148.8399999999,-126029.1100000002,71.84,0.31,0.5,0.0192,0.01,31.0,31.0,18.0,13.0,58.06,51188.98,-44976.35,14.42,,19.39,199488.79999999996,-151492.32000000004,33.67,0.77,1.14,0.0177,0.07,311.0,311.0,115.0,196.0,36.98,58457.81,-27581.31,14.39,,73.14,347148.8399999999,-262548.72000000003,131.67,0.37,0.59,0.0191,0.01
GAZP,macd,1D,Bayesian_TPE,40,2.37,15,32,14,True,266.67,0.527,0.85,59.29,152,36.84,True,"{""sampler"":""TPESampler"",""seed"":42,""n_trials"":50,""direction"":""maximize"",""objective"":""composite = Sharpe * (Return% / MaxDD%)""}","{""macd_fast"":15,""macd_slow"":32,""macd_signal"":14,""allowshort"":true}",2014-01-01,2024-12-31,2025-01-01,2026-04-20,2014-01-01,2026-04-20,152.0,152.0,56.0,96.0,36.84,113604.48,-38490.76,26.19,,59.29,626415.66,-271326.5999999999,266.67,0.53,0.85,0.0199,0.02,19.0,19.0,9.0,10.0,47.37,78230.11,-30636.07,21.68,,20.39,191832.76,-75547.5,39.77,0.96,1.37,0.0154,0.07,171.0,171.0,65.0,106.0,38.01,163691.79,-48334.55,26.06,,59.29,1309992.6399999997,-352230.0,551.65,0.63,1.01,0.0197,0.02
GAZP,macd,1D,Bayesian_TPE,41,2.401,6,48,14,True,256.7,0.527,0.855,56.34,216,31.94,True,"{""sampler"":""TPESampler"",""seed"":42,""n_trials"":50,""direction"":""maximize"",""objective"":""composite = Sharpe * (Return% / MaxDD%)""}","{""macd_fast"":6,""macd_slow"":48,""macd_signal"":14,""allowshort"":true}",2014-01-01,2024-12-31,2025-01-01,2026-04-20,2014-01-01,2026-04-20,216.0,216.0,69.0,147.0,31.94,104309.86,-31499.14,18.44,,56.34,707847.7799999999,-215162.00999999963,256.7,0.53,0.86,0.0193,0.02,29.0,29.0,9.0,20.0,31.03,67444.8,-25370.02,14.28,,28.16,203283.4,-77703.00000000001,9.96,0.36,0.53,0.0156,0.02,245.0,245.0,78.0,167.0,31.84,140747.63,-41619.76,18.19,,56.34,1363597.5499999996,-355317.82000000007,402.78,0.57,0.93,0.0192,0.02
GAZP,macd,1D,Bayesian_TPE,42,0.806,5,48,14,True,127.09,0.393,0.639,61.95,234,30.77,True,"{""sampler"":""TPESampler"",""seed"":42,""n_trials"":50,""direction"":""maximize"",""objective"":""composite = Sharpe * (Return% / MaxDD%)""}","{""macd_fast"":5,""macd_slow"":48,""macd_signal"":14,""allowshort"":true}",2014-01-01,2024-12-31,2025-01-01,2026-04-20,2014-01-01,2026-04-20,234.0,234.0,72.0,162.0,30.77,78101.2,-26866.29,17.02,,61.95,458610.6800000001,-172532.14000000028,127.09,0.39,0.64,0.0193,0.01,31.0,31.0,12.0,19.0,38.71,91149.5,-28927.19,14.16,,17.27,242065.44000000012,-48513.00000000005,54.42,1.1,1.82,0.0174,0.11,265.0,265.0,84.0,181.0,31.7,98096.81,-31134.73,16.82,,61.95,565075.4400000003,-172532.14000000028,260.47,0.48,0.79,0.0191,0.01
GAZP,macd,1D,Bayesian_TPE,43,2.546,7,46,13,True,253.89,0.525,0.852,52.35,214,32.71,True,"{""sampler"":""TPESampler"",""seed"":42,""n_trials"":50,""direction"":""maximize"",""objective"":""composite = Sharpe * (Return% / MaxDD%)""}","{""macd_fast"":7,""macd_slow"":46,""macd_signal"":13,""allowshort"":true}",2014-01-01,2024-12-31,2025-01-01,2026-04-20,2014-01-01,2026-04-20,214.0,214.0,70.0,144.0,32.71,107967.25,-34852.83,18.61,,52.35,712637.3999999999,-232176.0899999996,253.89,0.52,0.85,0.0193,0.02,27.0,27.0,9.0,18.0,33.33,66907.0,-26375.33,15.33,,25.4,203283.4,-77703.00000000001,12.74,0.42,0.63,0.0155,0.03,241.0,241.0,79.0,162.0,32.78,142872.21,-44275.08,18.49,,52.35,1352859.7599999995,-352525.78,411.43,0.57,0.93,0.0192,0.02
GAZP,macd,1D,Bayesian_TPE,44,2.546,7,46,13,True,253.89,0.525,0.852,52.35,214,32.71,True,"{""sampler"":""TPESampler"",""seed"":42,""n_trials"":50,""direction"":""maximize"",""objective"":""composite = Sharpe * (Return% / MaxDD%)""}","{""macd_fast"":7,""macd_slow"":46,""macd_signal"":13,""allowshort"":true}",2014-01-01,2024-12-31,2025-01-01,2026-04-20,2014-01-01,2026-04-20,214.0,214.0,70.0,144.0,32.71,107967.25,-34852.83,18.61,,52.35,712637.3999999999,-232176.0899999996,253.89,0.52,0.85,0.0193,0.02,27.0,27.0,9.0,18.0,33.33,66907.0,-26375.33,15.33,,25.4,203283.4,-77703.00000000001,12.74,0.42,0.63,0.0155,0.03,241.0,241.0,79.0,162.0,32.78,142872.21,-44275.08,18.49,,52.35,1352859.7599999995,-352525.78,411.43,0.57,0.93,0.0192,0.02
GAZP,macd,1D,Bayesian_TPE,45,2.998,7,45,13,True,282.63,0.548,0.889,51.66,214,32.71,True,"{""sampler"":""TPESampler"",""seed"":42,""n_trials"":50,""direction"":""maximize"",""objective"":""composite = Sharpe * (Return% / MaxDD%)""}","{""macd_fast"":7,""macd_slow"":45,""macd_signal"":13,""allowshort"":true}",2014-01-01,2024-12-31,2025-01-01,2026-04-20,2014-01-01,2026-04-20,214.0,214.0,70.0,144.0,32.71,111601.12,-34623.39,18.61,,51.66,750277.0399999999,-236889.4499999996,282.63,0.55,0.89,0.0193,0.02,29.0,29.0,9.0,20.0,31.03,67285.01,-25998.51,14.28,,28.16,203283.4,-77703.00000000001,8.56,0.33,0.49,0.0156,0.02,243.0,243.0,79.0,164.0,32.51,150136.72,-45952.43,18.34,,51.66,1462731.2699999996,-381148.5800000001,432.46,0.58,0.95,0.0192,0.02
GAZP,macd,1D,Bayesian_TPE,46,0.49,7,41,13,True,91.95,0.343,0.553,64.38,228,30.26,True,"{""sampler"":""TPESampler"",""seed"":42,""n_trials"":50,""direction"":""maximize"",""objective"":""composite = Sharpe * (Return% / MaxDD%)""}","{""macd_fast"":7,""macd_slow"":41,""macd_signal"":13,""allowshort"":true}",2014-01-01,2024-12-31,2025-01-01,2026-04-20,2014-01-01,2026-04-20,228.0,228.0,69.0,159.0,30.26,68800.41,-24073.63,17.46,,64.38,367635.3299999999,-135624.05999999976,91.95,0.34,0.55,0.0193,0.01,31.0,31.0,11.0,20.0,35.48,89116.04,-30174.37,14.16,,24.83,242065.44000000012,-92128.54,37.68,0.84,1.37,0.0174,0.06,259.0,259.0,80.0,179.0,30.89,84189.13,-28036.39,17.21,,64.38,477635.76000000024,-181781.12,171.66,0.41,0.66,0.0191,0.01
GAZP,macd,1D,Bayesian_TPE,47,2.182,9,44,12,False,139.12,0.498,0.636,31.75,97,36.08,False,"{""sampler"":""TPESampler"",""seed"":42,""n_trials"":50,""direction"":""maximize"",""objective"":""composite = Sharpe * (Return% / MaxDD%)""}","{""macd_fast"":9,""macd_slow"":44,""macd_signal"":12,""allowshort"":false}",2014-01-01,2024-12-31,2025-01-01,2026-04-20,2014-01-01,2026-04-20,194.0,97.0,35.0,62.0,36.08,113604.82,-41692.25,21.53,,31.75,482585.0500000001,-257201.1000000001,139.12,0.5,0.64,0.0125,0.02,25.0,12.0,6.0,6.0,50.0,22301.05,-25841.45,15.67,,21.65,57419.03999999994,-46571.9,-2.12,0.02,0.02,0.0115,0.0,219.0,109.0,41.0,68.0,37.61,123422.13,-45003.01,21.44,,31.75,914137.0699999996,-257201.1000000001,200.01,0.53,0.67,0.0128,0.02
GAZP,macd,1D,Bayesian_TPE,48,1.936,14,45,10,True,219.16,0.487,0.786,55.14,176,35.23,True,"{""sampler"":""TPESampler"",""seed"":42,""n_trials"":50,""direction"":""maximize"",""objective"":""composite = Sharpe * (Return% / MaxDD%)""}","{""macd_fast"":14,""macd_slow"":45,""macd_signal"":10,""allowshort"":true}",2014-01-01,2024-12-31,2025-01-01,2026-04-20,2014-01-01,2026-04-20,176.0,176.0,62.0,114.0,35.23,100558.35,-35464.83,22.62,,55.14,542746.9400000001,-290328.29999999993,219.16,0.49,0.79,0.02,0.02,25.0,25.0,10.0,15.0,40.0,58030.18,-34210.47,16.48,,29.47,191832.76,-68340.0,6.71,0.28,0.4,0.0154,0.01,201.0,201.0,72.0,129.0,35.82,131334.29,-47484.75,22.17,,55.14,1187002.2499999998,-290328.29999999993,333.05,0.52,0.84,0.0198,0.02
GAZP,macd,1D,Bayesian_TPE,49,0.213,7,40,6,True,55.73,0.281,0.457,73.58,312,32.05,True,"{""sampler"":""TPESampler"",""seed"":42,""n_trials"":50,""direction"":""maximize"",""objective"":""composite = Sharpe * (Return% / MaxDD%)""}","{""macd_fast"":7,""macd_slow"":40,""macd_signal"":6,""allowshort"":true}",2014-01-01,2024-12-31,2025-01-01,2026-04-20,2014-01-01,2026-04-20,312.0,312.0,100.0,212.0,32.05,44337.2,-18285.04,12.82,,73.58,280838.77999999997,-116881.2900000002,55.73,0.28,0.46,0.0192,0.01,45.0,45.0,19.0,26.0,42.22,56292.56,-27803.24,9.93,,20.24,228932.29999999996,-48520.140000000174,34.67,0.79,1.32,0.0176,0.07,357.0,357.0,119.0,238.0,33.33,51486.25,-21057.96,12.54,,73.58,359537.8499999999,-116881.2900000002,111.51,0.34,0.56,0.0191,0.01
VKCO,macd,1D,Bayesian_TPE,0,0.196,10,49,13,True,-65.59,-0.263,-0.329,88.07,46,39.13,True,"{""sampler"":""TPESampler"",""seed"":42,""n_trials"":50,""direction"":""maximize"",""objective"":""composite = Sharpe * (Return% / MaxDD%)""}","{""macd_fast"":10,""macd_slow"":49,""macd_signal"":13,""allowshort"":true}",2014-01-01,2024-12-31,2025-01-01,2026-04-20,2014-01-01,2026-04-20,46.0,46.0,18.0,28.0,39.13,43543.56,-51416.31,23.98,,88.07,278547.20000000007,-432795.0,-65.59,-0.26,-0.33,0.0398,-0.01,18.0,18.0,7.0,11.0,38.89,135601.07,-53980.35,24.44,,20.75,234902.5,-123165.09999999987,35.54,0.77,1.1,0.019,0.07,64.0,64.0,25.0,39.0,39.06,45271.64,-42319.42,24.66,,88.07,278547.20000000007,-432795.0,-51.87,-0.02,-0.03,0.034,-0.0
VKCO,macd,1D,Bayesian_TPE,1,0.268,7,21,14,False,-48.75,-0.386,-0.382,70.23,26,34.62,False,"{""sampler"":""TPESampler"",""seed"":42,""n_trials"":50,""direction"":""maximize"",""objective"":""composite = Sharpe * (Return% / MaxDD%)""}","{""macd_fast"":7,""macd_slow"":21,""macd_signal"":14,""allowshort"":false}",2014-01-01,2024-12-31,2025-01-01,2026-04-20,2014-01-01,2026-04-20,52.0,26.0,9.0,17.0,34.62,68513.73,-64951.05,20.23,,70.23,131804.39999999997,-359290.00000000006,-48.75,-0.39,-0.38,0.0248,-0.01,30.0,15.0,6.0,9.0,40.0,56331.73,-32633.94,13.4,,18.53,220537.20000000004,-68569.20000000013,4.43,0.23,0.26,0.0138,0.02,82.0,41.0,15.0,26.0,36.59,56544.13,-48748.77,18.46,,70.23,149896.0,-359290.00000000006,-41.93,-0.17,-0.17,0.0219,-0.01
VKCO,macd,1D,Bayesian_TPE,2,0.45,5,50,14,True,-78.19,-0.509,-0.635,88.44,60,30.0,True,"{""sampler"":""TPESampler"",""seed"":42,""n_trials"":50,""direction"":""maximize"",""objective"":""composite = Sharpe * (Return% / MaxDD%)""}","{""macd_fast"":5,""macd_slow"":50,""macd_signal"":14,""allowshort"":true}",2014-01-01,2024-12-31,2025-01-01,2026-04-20,2014-01-01,2026-04-20,60.0,60.0,18.0,42.0,30.0,39121.48,-35382.92,18.38,,88.44,280819.20000000007,-347523.79999999993,-78.19,-0.51,-0.64,0.0399,-0.02,30.0,30.0,13.0,17.0,43.33,80096.4,-51800.78,14.77,,30.73,284707.19999999995,-107317.60000000012,16.06,0.45,0.65,0.0193,0.03,90.0,90.0,31.0,59.0,34.44,31077.43,-28677.05,17.53,,88.44,280819.20000000007,-347523.79999999993,-72.85,-0.26,-0.32,0.0342,-0.01
VKCO,macd,1D,Bayesian_TPE,3,0.023,7,29,10,True,-48.25,-0.042,-0.053,87.31,56,42.86,True,"{""sampler"":""TPESampler"",""seed"":42,""n_trials"":50,""direction"":""maximize"",""objective"":""composite = Sharpe * (Return% / MaxDD%)""}","{""macd_fast"":7,""macd_slow"":29,""macd_signal"":10,""allowshort"":true}",2014-01-01,2024-12-31,2025-01-01,2026-04-20,2014-01-01,2026-04-20,56.0,56.0,24.0,32.0,42.86,43827.52,-47948.86,19.7,,87.31,255145.60000000003,-450938.4,-48.25,-0.04,-0.05,0.0397,-0.0,34.0,34.0,11.0,23.0,32.35,94009.27,-35181.14,13.09,,33.57,300530.0999999999,-83474.09999999993,22.49,0.56,0.84,0.0194,0.03,90.0,90.0,35.0,55.0,38.89,47903.07,-36158.47,17.53,,87.31,255145.60000000003,-450938.4,-31.21,0.12,0.15,0.034,0.0
VKCO,macd,1D,Bayesian_TPE,4,0.475,14,24,8,False,-60.36,-0.586,-0.569,74.42,26,26.92,False,"{""sampler"":""TPESampler"",""seed"":42,""n_trials"":50,""direction"":""maximize"",""objective"":""composite = Sharpe * (Return% / MaxDD%)""}","{""macd_fast"":14,""macd_slow"":24,""macd_signal"":8,""allowshort"":false}",2014-01-01,2024-12-31,2025-01-01,2026-04-20,2014-01-01,2026-04-20,52.0,26.0,7.0,19.0,26.92,73757.83,-58940.27,20.62,,74.42,109262.39999999997,-359290.00000000006,-60.36,-0.59,-0.57,0.0254,-0.02,28.0,14.0,4.0,10.0,28.57,75617.1,-24350.84,14.57,,15.66,227178.70000000004,-50308.80000000008,5.9,0.27,0.31,0.0139,0.02,80.0,40.0,11.0,29.0,27.5,61830.23,-42227.62,19.25,,74.42,115986.6,-359290.00000000006,-54.45,-0.31,-0.3,0.0223,-0.01
VKCO,macd,1D,Bayesian_TPE,5,0.326,17,26,10,True,-72.99,-0.393,-0.493,88.06,48,35.42,True,"{""sampler"":""TPESampler"",""seed"":42,""n_trials"":50,""direction"":""maximize"",""objective"":""composite = Sharpe * (Return% / MaxDD%)""}","{""macd_fast"":17,""macd_slow"":26,""macd_signal"":10,""allowshort"":true}",2014-01-01,2024-12-31,2025-01-01,2026-04-20,2014-01-01,2026-04-20,48.0,48.0,17.0,31.0,35.42,43378.24,-47333.21,22.98,,88.06,307174.4000000001,-406741.3999999999,-72.99,-0.39,-0.49,0.0399,-0.02,22.0,22.0,8.0,14.0,36.36,111768.06,-56469.12,20.14,,25.48,242746.9,-117856.0,10.36,0.35,0.49,0.0193,0.03,70.0,70.0,25.0,45.0,35.71,40633.13,-37692.86,22.54,,88.06,307174.4000000001,-406741.3999999999,-68.04,-0.19,-0.24,0.0342,-0.01
VKCO,macd,1D,Bayesian_TPE,6,0.228,14,25,5,False,-47.97,-0.35,-0.346,73.78,29,34.48,False,"{""sampler"":""TPESampler"",""seed"":42,""n_trials"":50,""direction"":""maximize"",""objective"":""composite = Sharpe * (Return% / MaxDD%)""}","{""macd_fast"":14,""macd_slow"":25,""macd_signal"":5,""allowshort"":false}",2014-01-01,2024-12-31,2025-01-01,2026-04-20,2014-01-01,2026-04-20,58.0,29.0,10.0,18.0,34.48,58974.54,-59414.06,18.34,,73.78,122051.19999999995,-359290.00000000006,-47.97,-0.35,-0.35,0.0255,-0.01,36.0,18.0,6.0,12.0,33.33,50809.83,-23882.8,11.06,,20.88,224335.20000000004,-72734.00000000015,1.83,0.16,0.18,0.0139,0.01,94.0,47.0,16.0,30.0,34.04,50793.65,-41088.98,16.17,,73.78,157176.0,-359290.00000000006,-42.0,-0.16,-0.16,0.0224,-0.0
VKCO,macd,1D,Bayesian_TPE,7,0.354,17,29,6,True,-74.37,-0.42,-0.527,88.36,52,32.69,True,"{""sampler"":""TPESampler"",""seed"":42,""n_trials"":50,""direction"":""maximize"",""objective"":""composite = Sharpe * (Return% / MaxDD%)""}","{""macd_fast"":17,""macd_slow"":29,""macd_signal"":6,""allowshort"":true}",2014-01-01,2024-12-31,2025-01-01,2026-04-20,2014-01-01,2026-04-20,52.0,52.0,17.0,35.0,32.69,42922.22,-42095.52,21.21,,88.36,280819.20000000007,-430899.0,-74.37,-0.42,-0.53,0.0399,-0.02,30.0,30.0,9.0,21.0,30.0,105112.49,-43871.23,14.8,,34.95,259841.99999999997,-132896.0,2.47,0.2,0.28,0.0193,0.01,82.0,82.0,26.0,56.0,31.71,39145.13,-30911.78,19.24,,88.36,280819.20000000007,-430899.0,-71.33,-0.23,-0.29,0.0342,-0.01
VKCO,macd,1D,Bayesian_TPE,8,-0.033,6,35,5,True,-35.7,0.079,0.1,84.85,84,41.67,True,"{""sampler"":""TPESampler"",""seed"":42,""n_trials"":50,""direction"":""maximize"",""objective"":""composite = Sharpe * (Return% / MaxDD%)""}","{""macd_fast"":6,""macd_slow"":35,""macd_signal"":5,""allowshort"":true}",2014-01-01,2024-12-31,2025-01-01,2026-04-20,2014-01-01,2026-04-20,84.0,84.0,35.0,49.0,41.67,40032.39,-35880.75,13.15,,84.85,318462.60000000003,-439320.0,-35.7,0.08,0.1,0.0398,0.0,56.0,56.0,22.0,34.0,39.29,49625.48,-34343.03,7.98,,38.71,170395.4999999999,-95097.59999999996,-7.59,0.01,0.01,0.0201,0.0,140.0,140.0,57.0,83.0,40.71,38949.57,-31014.85,11.29,,84.85,318462.60000000003,-439320.0,-35.41,0.1,0.12,0.0343,0.0
VKCO,macd,1D,Bayesian_TPE,9,0.396,15,29,10,True,-76.21,-0.462,-0.579,88.92,50,34.0,True,"{""sampler"":""TPESampler"",""seed"":42,""n_trials"":50,""direction"":""maximize"",""objective"":""composite = Sharpe * (Return% / MaxDD%)""}","{""macd_fast"":15,""macd_slow"":29,""macd_signal"":10,""allowshort"":true}",2014-01-01,2024-12-31,2025-01-01,2026-04-20,2014-01-01,2026-04-20,50.0,50.0,17.0,33.0,34.0,41953.22,-44705.56,22.06,,88.92,307174.4000000001,-406741.3999999999,-76.21,-0.46,-0.58,0.0399,-0.02,22.0,22.0,8.0,14.0,36.36,110738.41,-56407.41,20.14,,25.48,241140.9,-117056.0,9.62,0.34,0.47,0.0193,0.03,72.0,72.0,25.0,47.0,34.72,38253.59,-35673.92,21.92,,88.92,307174.4000000001,-406741.3999999999,-72.03,-0.24,-0.31,0.0342,-0.01
VKCO,macd,1D,Bayesian_TPE,10,0.441,20,41,8,False,-58.88,-0.556,-0.53,74.18,21,33.33,False,"{""sampler"":""TPESampler"",""seed"":42,""n_trials"":50,""direction"":""maximize"",""objective"":""composite = Sharpe * (Return% / MaxDD%)""}","{""macd_fast"":20,""macd_slow"":41,""macd_signal"":8,""allowshort"":false}",2014-01-01,2024-12-31,2025-01-01,2026-04-20,2014-01-01,2026-04-20,42.0,21.0,7.0,14.0,33.33,64116.51,-74114.81,25.29,,74.18,112063.2,-338410.0,-58.88,-0.56,-0.53,0.0254,-0.02,18.0,9.0,3.0,6.0,33.33,95325.77,-30268.42,22.78,,17.82,189985.20000000007,-53107.19999999992,10.44,0.39,0.44,0.0132,0.03,60.0,30.0,10.0,20.0,33.33,55844.84,-55557.34,25.73,,74.18,112063.2,-338410.0,-55.27,-0.32,-0.31,0.0223,-0.01
VKCO,macd,1D,Bayesian_TPE,11,0.458,11,48,15,False,-59.65,-0.571,-0.546,74.4,20,30.0,False,"{""sampler"":""TPESampler"",""seed"":42,""n_trials"":50,""direction"":""maximize"",""objective"":""composite = Sharpe * (Return% / MaxDD%)""}","{""macd_fast"":11,""macd_slow"":48,""macd_signal"":15,""allowshort"":false}",2014-01-01,2024-12-31,2025-01-01,2026-04-20,2014-01-01,2026-04-20,40.0,20.0,6.0,14.0,30.0,72418.93,-73645.04,26.5,,74.4,107625.6,-308460.39999999997,-59.65,-0.57,-0.55,0.0254,-0.02,18.0,9.0,3.0,6.0,33.33,91978.07,-35306.05,23.33,,17.83,178697.39999999997,-55841.0,6.41,0.28,0.32,0.0134,0.02,58.0,29.0,9.0,20.0,31.03,59787.68,-55759.8,26.76,,74.4,107625.6,-308460.39999999997,-57.71,-0.36,-0.34,0.0223,-0.01
VKCO,macd,1D,Bayesian_TPE,12,0.539,11,42,12,False,-62.8,-0.644,-0.617,75.05,24,33.33,False,"{""sampler"":""TPESampler"",""seed"":42,""n_trials"":50,""direction"":""maximize"",""objective"":""composite = Sharpe * (Return% / MaxDD%)""}","{""macd_fast"":11,""macd_slow"":42,""macd_signal"":12,""allowshort"":false}",2014-01-01,2024-12-31,2025-01-01,2026-04-20,2014-01-01,2026-04-20,48.0,24.0,8.0,16.0,33.33,54323.02,-66412.81,22.17,,75.05,109396.79999999996,-338410.0,-62.8,-0.64,-0.62,0.0253,-0.02,18.0,9.0,4.0,5.0,44.44,76022.82,-28216.42,22.89,,15.0,195878.80000000008,-55007.99999999991,16.3,0.54,0.61,0.0133,0.05,66.0,33.0,12.0,21.0,36.36,46931.69,-53178.66,23.42,,75.05,109396.79999999996,-338410.0,-55.36,-0.33,-0.31,0.0222,-0.01
VKCO,macd,1D,Bayesian_TPE,13,0.613,10,41,12,False,-65.36,-0.702,-0.676,74.82,27,25.93,False,"{""sampler"":""TPESampler"",""seed"":42,""n_trials"":50,""direction"":""maximize"",""objective"":""composite = Sharpe * (Return% / MaxDD%)""}","{""macd_fast"":10,""macd_slow"":41,""macd_signal"":12,""allowshort"":false}",2014-01-01,2024-12-31,2025-01-01,2026-04-20,2014-01-01,2026-04-20,54.0,27.0,7.0,20.0,25.93,63091.51,-54762.68,19.81,,74.82,108295.0,-311082.19999999995,-65.36,-0.7,-0.68,0.0254,-0.02,26.0,13.0,5.0,8.0,38.46,64551.99,-32614.72,15.92,,17.69,199073.69999999995,-61261.59999999986,6.18,0.28,0.32,0.0136,0.02,80.0,40.0,12.0,28.0,30.0,47340.18,-42446.57,19.43,,74.82,108295.0,-311082.19999999995,-62.04,-0.42,-0.41,0.0223,-0.01
VKCO,macd,1D,Bayesian_TPE,14,0.613,10,41,12,False,-65.36,-0.702,-0.676,74.82,27,25.93,False,"{""sampler"":""TPESampler"",""seed"":42,""n_trials"":50,""direction"":""maximize"",""objective"":""composite = Sharpe * (Return% / MaxDD%)""}","{""macd_fast"":10,""macd_slow"":41,""macd_signal"":12,""allowshort"":false}",2014-01-01,2024-12-31,2025-01-01,2026-04-20,2014-01-01,2026-04-20,54.0,27.0,7.0,20.0,25.93,63091.51,-54762.68,19.81,,74.82,108295.0,-311082.19999999995,-65.36,-0.7,-0.68,0.0254,-0.02,26.0,13.0,5.0,8.0,38.46,64551.99,-32614.72,15.92,,17.69,199073.69999999995,-61261.59999999986,6.18,0.28,0.32,0.0136,0.02,80.0,40.0,12.0,28.0,30.0,47340.18,-42446.57,19.43,,74.82,108295.0,-311082.19999999995,-62.04,-0.42,-0.41,0.0223,-0.01
VKCO,macd,1D,Bayesian_TPE,15,0.571,9,41,12,False,-63.97,-0.668,-0.642,74.82,27,25.93,False,"{""sampler"":""TPESampler"",""seed"":42,""n_trials"":50,""direction"":""maximize"",""objective"":""composite = Sharpe * (Return% / MaxDD%)""}","{""macd_fast"":9,""macd_slow"":41,""macd_signal"":12,""allowshort"":false}",2014-01-01,2024-12-31,2025-01-01,2026-04-20,2014-01-01,2026-04-20,54.0,27.0,7.0,20.0,25.93,65956.26,-55071.2,19.59,,74.82,110618.00000000004,-311082.19999999995,-63.97,-0.67,-0.64,0.0254,-0.02,28.0,14.0,6.0,8.0,42.86,50778.66,-36599.86,14.64,,18.43,198279.89999999997,-70431.0,1.19,0.14,0.16,0.0136,0.01,82.0,41.0,13.0,28.0,31.71,46573.0,-43375.42,18.68,,74.82,110618.00000000004,-311082.19999999995,-60.91,-0.41,-0.39,0.0223,-0.01
VKCO,macd,1D,Bayesian_TPE,16,0.596,9,36,12,False,-65.02,-0.686,-0.667,74.83,28,25.0,False,"{""sampler"":""TPESampler"",""seed"":42,""n_trials"":50,""direction"":""maximize"",""objective"":""composite = Sharpe * (Return% / MaxDD%)""}","{""macd_fast"":9,""macd_slow"":36,""macd_signal"":12,""allowshort"":false}",2014-01-01,2024-12-31,2025-01-01,2026-04-20,2014-01-01,2026-04-20,56.0,28.0,7.0,21.0,25.0,68085.86,-53656.4,19.07,,74.83,103851.80000000005,-255158.59999999992,-65.02,-0.69,-0.67,0.0256,-0.02,28.0,14.0,6.0,8.0,42.86,45766.67,-36138.46,14.5,,18.43,198279.89999999997,-70414.0,-1.45,0.06,0.07,0.0135,0.0,84.0,42.0,13.0,29.0,30.95,46526.11,-42592.64,18.31,,74.83,103851.80000000005,-255158.59999999992,-63.03,-0.44,-0.43,0.0224,-0.01
VKCO,macd,1D,Bayesian_TPE,17,0.384,13,44,11,False,-56.48,-0.511,-0.483,75.12,21,38.1,False,"{""sampler"":""TPESampler"",""seed"":42,""n_trials"":50,""direction"":""maximize"",""objective"":""composite = Sharpe * (Return% / MaxDD%)""}","{""macd_fast"":13,""macd_slow"":44,""macd_signal"":11,""allowshort"":false}",2014-01-01,2024-12-31,2025-01-01,2026-04-20,2014-01-01,2026-04-20,42.0,21.0,8.0,13.0,38.1,58441.27,-79411.26,25.0,,75.12,108504.00000000004,-338410.0,-56.48,-0.51,-0.48,0.0253,-0.02,18.0,9.0,4.0,5.0,44.44,78820.85,-27706.76,22.89,,15.0,202050.40000000008,-56635.19999999991,17.67,0.58,0.65,0.0132,0.05,60.0,30.0,12.0,18.0,40.0,51920.72,-60808.27,25.53,,75.12,108504.00000000004,-338410.0,-47.15,-0.22,-0.21,0.0221,-0.01
VKCO,macd,1D,Bayesian_TPE,18,0.235,8,37,8,False,-48.22,-0.356,-0.35,73.05,28,32.14,False,"{""sampler"":""TPESampler"",""seed"":42,""n_trials"":50,""direction"":""maximize"",""objective"":""composite = Sharpe * (Return% / MaxDD%)""}","{""macd_fast"":8,""macd_slow"":37,""macd_signal"":8,""allowshort"":false}",2014-01-01,2024-12-31,2025-01-01,2026-04-20,2014-01-01,2026-04-20,56.0,28.0,9.0,19.0,32.14,69919.13,-58498.93,19.32,,73.05,129019.79999999996,-359290.00000000006,-48.22,-0.36,-0.35,0.0255,-0.01,32.0,16.0,7.0,9.0,43.75,47106.7,-35853.42,12.62,,22.5,235275.90000000005,-79411.20000000004,0.71,0.13,0.14,0.0134,0.01,88.0,44.0,16.0,28.0,36.36,53662.14,-46170.16,17.57,,73.05,151449.80000000002,-359290.00000000006,-43.42,-0.18,-0.17,0.0223,-0.01
VKCO,macd,1D,Bayesian_TPE,19,0.504,10,45,15,False,-61.57,-0.615,-0.585,75.12,22,31.82,False,"{""sampler"":""TPESampler"",""seed"":42,""n_trials"":50,""direction"":""maximize"",""objective"":""composite = Sharpe * (Return% / MaxDD%)""}","{""macd_fast"":10,""macd_slow"":45,""macd_signal"":15,""allowshort"":false}",2014-01-01,2024-12-31,2025-01-01,2026-04-20,2014-01-01,2026-04-20,44.0,22.0,7.0,15.0,31.82,60204.26,-69143.09,23.91,,75.12,107992.8,-338410.0,-61.57,-0.61,-0.59,0.0253,-0.02,18.0,9.0,3.0,6.0,33.33,95270.33,-30559.82,22.89,,17.82,189985.20000000007,-53020.79999999992,10.25,0.39,0.43,0.0132,0.03,62.0,31.0,10.0,21.0,32.26,52379.74,-52691.85,24.77,,75.12,107992.8,-338410.0,-58.27,-0.37,-0.35,0.0222,-0.01
VKCO,macd,1D,Bayesian_TPE,20,0.354,12,38,13,False,-54.68,-0.475,-0.452,73.37,21,38.1,False,"{""sampler"":""TPESampler"",""seed"":42,""n_trials"":50,""direction"":""maximize"",""objective"":""composite = Sharpe * (Return% / MaxDD%)""}","{""macd_fast"":12,""macd_slow"":38,""macd_signal"":13,""allowshort"":false}",2014-01-01,2024-12-31,2025-01-01,2026-04-20,2014-01-01,2026-04-20,42.0,21.0,8.0,13.0,38.1,61227.07,-79742.2,25.29,,73.37,117614.39999999998,-338410.0,-54.68,-0.47,-0.45,0.0253,-0.02,18.0,9.0,4.0,5.0,44.44,73818.42,-33208.5,22.89,,15.01,190207.6000000001,-55507.20000000006,12.92,0.46,0.51,0.0132,0.04,60.0,30.0,12.0,18.0,40.0,53533.77,-61904.25,25.73,,73.37,117614.39999999998,-338410.0,-47.19,-0.22,-0.21,0.0221,-0.01
VKCO,macd,1D,Bayesian_TPE,21,0.584,9,35,12,False,-64.62,-0.676,-0.659,74.82,27,25.93,False,"{""sampler"":""TPESampler"",""seed"":42,""n_trials"":50,""direction"":""maximize"",""objective"":""composite = Sharpe * (Return% / MaxDD%)""}","{""macd_fast"":9,""macd_slow"":35,""macd_signal"":12,""allowshort"":false}",2014-01-01,2024-12-31,2025-01-01,2026-04-20,2014-01-01,2026-04-20,54.0,27.0,7.0,20.0,25.93,69287.77,-56559.65,20.07,,74.82,105070.40000000002,-336327.0,-64.62,-0.68,-0.66,0.0256,-0.02,28.0,14.0,6.0,8.0,42.86,45766.67,-36138.46,14.5,,18.43,198279.89999999997,-70414.0,-1.45,0.06,0.07,0.0135,0.0,82.0,41.0,13.0,28.0,31.71,47287.22,-44315.82,18.95,,74.82,105070.40000000002,-336327.0,-62.61,-0.43,-0.42,0.0224,-0.01
VKCO,macd,1D,Bayesian_TPE,22,0.511,8,33,11,False,-61.68,-0.616,-0.597,74.42,26,26.92,False,"{""sampler"":""TPESampler"",""seed"":42,""n_trials"":50,""direction"":""maximize"",""objective"":""composite = Sharpe * (Return% / MaxDD%)""}","{""macd_fast"":8,""macd_slow"":33,""macd_signal"":11,""allowshort"":false}",2014-01-01,2024-12-31,2025-01-01,2026-04-20,2014-01-01,2026-04-20,52.0,26.0,7.0,19.0,26.92,72261.57,-59087.19,20.54,,74.42,106079.99999999996,-359290.00000000006,-61.68,-0.62,-0.6,0.0254,-0.02,28.0,14.0,3.0,11.0,21.43,99046.53,-22172.82,14.57,,16.24,227178.70000000004,-50379.30000000008,5.32,0.25,0.3,0.0139,0.02,80.0,40.0,10.0,30.0,25.0,66515.91,-40821.58,19.23,,74.42,114508.4,-359290.00000000006,-55.95,-0.33,-0.32,0.0223,-0.01
VKCO,macd,1D,Bayesian_TPE,23,0.354,12,38,13,False,-54.68,-0.475,-0.452,73.37,21,38.1,False,"{""sampler"":""TPESampler"",""seed"":42,""n_trials"":50,""direction"":""maximize"",""objective"":""composite = Sharpe * (Return% / MaxDD%)""}","{""macd_fast"":12,""macd_slow"":38,""macd_signal"":13,""allowshort"":false}",2014-01-01,2024-12-31,2025-01-01,2026-04-20,2014-01-01,2026-04-20,42.0,21.0,8.0,13.0,38.1,61227.07,-79742.2,25.29,,73.37,117614.39999999998,-338410.0,-54.68,-0.47,-0.45,0.0253,-0.02,18.0,9.0,4.0,5.0,44.44,73818.42,-33208.5,22.89,,15.01,190207.6000000001,-55507.20000000006,12.92,0.46,0.51,0.0132,0.04,60.0,30.0,12.0,18.0,40.0,53533.77,-61904.25,25.73,,73.37,117614.39999999998,-338410.0,-47.19,-0.22,-0.21,0.0221,-0.01
VKCO,macd,1D,Bayesian_TPE,24,0.48,10,45,11,False,-60.83,-0.591,-0.572,74.82,24,29.17,False,"{""sampler"":""TPESampler"",""seed"":42,""n_trials"":50,""direction"":""maximize"",""objective"":""composite = Sharpe * (Return% / MaxDD%)""}","{""macd_fast"":10,""macd_slow"":45,""macd_signal"":11,""allowshort"":false}",2014-01-01,2024-12-31,2025-01-01,2026-04-20,2014-01-01,2026-04-20,48.0,24.0,7.0,17.0,29.17,70321.6,-64739.79,22.5,,74.82,114918.0,-311082.19999999995,-60.83,-0.59,-0.57,0.0255,-0.02,26.0,13.0,4.0,9.0,30.77,75905.57,-29333.19,15.69,,16.36,189321.29999999996,-55841.0,3.96,0.22,0.25,0.0136,0.02,74.0,37.0,11.0,26.0,29.73,57042.62,-46432.83,21.05,,74.82,114918.0,-311082.19999999995,-57.98,-0.36,-0.35,0.0224,-0.01
VKCO,macd,1D,Bayesian_TPE,25,0.256,8,32,9,False,-49.32,-0.382,-0.374,73.53,26,34.62,False,"{""sampler"":""TPESampler"",""seed"":42,""n_trials"":50,""direction"":""maximize"",""objective"":""composite = Sharpe * (Return% / MaxDD%)""}","{""macd_fast"":8,""macd_slow"":32,""macd_signal"":9,""allowshort"":false}",2014-01-01,2024-12-31,2025-01-01,2026-04-20,2014-01-01,2026-04-20,52.0,26.0,9.0,17.0,34.62,68239.47,-65137.8,20.65,,73.53,126632.99999999996,-359290.00000000006,-49.32,-0.38,-0.37,0.0252,-0.01,30.0,15.0,7.0,8.0,46.67,46724.27,-29956.23,13.47,,17.98,228069.90000000005,-58927.20000000016,8.74,0.34,0.4,0.0139,0.03,82.0,41.0,16.0,25.0,39.02,52320.94,-49565.01,18.76,,73.53,148250.80000000002,-359290.00000000006,-40.2,-0.14,-0.14,0.0222,-0.0
VKCO,macd,1D,Bayesian_TPE,26,0.412,5,39,14,False,-57.55,-0.53,-0.519,74.07,30,26.67,False,"{""sampler"":""TPESampler"",""seed"":42,""n_trials"":50,""direction"":""maximize"",""objective"":""composite = Sharpe * (Return% / MaxDD%)""}","{""macd_fast"":5,""macd_slow"":39,""macd_signal"":14,""allowshort"":false}",2014-01-01,2024-12-31,2025-01-01,2026-04-20,2014-01-01,2026-04-20,60.0,30.0,8.0,22.0,26.67,68439.25,-51048.06,17.7,,74.07,116157.59999999998,-359290.00000000006,-57.55,-0.53,-0.52,0.0254,-0.02,34.0,17.0,7.0,10.0,41.18,41421.64,-35000.08,12.0,,23.66,195241.59999999992,-77061.20000000004,-6.0,-0.07,-0.08,0.0134,-0.0,94.0,47.0,15.0,32.0,31.91,48042.17,-40162.6,16.3,,74.07,126837.2,-359290.00000000006,-56.46,-0.34,-0.34,0.0222,-0.01
VKCO,macd,1D,Bayesian_TPE,27,0.529,11,43,12,False,-62.48,-0.636,-0.609,75.05,24,33.33,False,"{""sampler"":""TPESampler"",""seed"":42,""n_trials"":50,""direction"":""maximize"",""objective"":""composite = Sharpe * (Return% / MaxDD%)""}","{""macd_fast"":11,""macd_slow"":43,""macd_signal"":12,""allowshort"":false}",2014-01-01,2024-12-31,2025-01-01,2026-04-20,2014-01-01,2026-04-20,48.0,24.0,8.0,16.0,33.33,54411.02,-66255.2,22.12,,75.05,109396.79999999996,-338410.0,-62.48,-0.64,-0.61,0.0253,-0.02,18.0,9.0,4.0,5.0,44.44,76575.9,-27250.8,23.11,,15.0,197435.6000000001,-55339.19999999991,17.0,0.56,0.63,0.0133,0.05,66.0,33.0,12.0,21.0,36.36,47158.32,-52992.05,23.45,,75.05,109396.79999999996,-338410.0,-54.69,-0.32,-0.3,0.0222,-0.01
VKCO,macd,1D,Bayesian_TPE,28,0.498,9,46,11,False,-61.35,-0.609,-0.582,75.02,24,29.17,False,"{""sampler"":""TPESampler"",""seed"":42,""n_trials"":50,""direction"":""maximize"",""objective"":""composite = Sharpe * (Return% / MaxDD%)""}","{""macd_fast"":9,""macd_slow"":46,""macd_signal"":11,""allowshort"":false}",2014-01-01,2024-12-31,2025-01-01,2026-04-20,2014-01-01,2026-04-20,48.0,24.0,7.0,17.0,29.17,67360.14,-63824.25,22.04,,75.02,109198.00000000004,-311082.19999999995,-61.35,-0.61,-0.58,0.0254,-0.02,28.0,14.0,6.0,8.0,42.86,49055.78,-38867.13,14.64,,17.69,190965.59999999995,-58779.59999999986,-1.66,0.06,0.07,0.0137,0.0,76.0,38.0,13.0,25.0,34.21,46250.69,-48360.87,20.24,,75.02,109198.00000000004,-311082.19999999995,-60.78,-0.4,-0.39,0.0223,-0.01
VKCO,macd,1D,Bayesian_TPE,29,0.461,13,40,13,False,-59.71,-0.573,-0.546,74.18,20,30.0,False,"{""sampler"":""TPESampler"",""seed"":42,""n_trials"":50,""direction"":""maximize"",""objective"":""composite = Sharpe * (Return% / MaxDD%)""}","{""macd_fast"":13,""macd_slow"":40,""macd_signal"":13,""allowshort"":false}",2014-01-01,2024-12-31,2025-01-01,2026-04-20,2014-01-01,2026-04-20,40.0,20.0,6.0,14.0,30.0,72736.6,-73825.79,26.2,,74.18,113120.39999999998,-338410.0,-59.71,-0.57,-0.55,0.0254,-0.02,18.0,9.0,3.0,6.0,33.33,96155.83,-31598.92,23.11,,17.82,188206.0000000001,-55507.20000000006,9.89,0.38,0.42,0.0132,0.03,58.0,29.0,9.0,20.0,31.03,60533.44,-55438.35,26.48,,74.18,113120.39999999998,-338410.0,-56.4,-0.34,-0.32,0.0222,-0.01
VKCO,macd,1D,Bayesian_TPE,30,0.228,7,32,9,False,-47.74,-0.349,-0.342,73.05,29,34.48,False,"{""sampler"":""TPESampler"",""seed"":42,""n_trials"":50,""direction"":""maximize"",""objective"":""composite = Sharpe * (Return% / MaxDD%)""}","{""macd_fast"":7,""macd_slow"":32,""macd_signal"":9,""allowshort"":false}",2014-01-01,2024-12-31,2025-01-01,2026-04-20,2014-01-01,2026-04-20,58.0,29.0,10.0,19.0,34.48,63100.54,-58339.48,18.24,,73.05,130995.19999999995,-359290.00000000006,-47.74,-0.35,-0.34,0.0254,-0.01,38.0,19.0,6.0,13.0,31.58,51488.55,-24665.37,10.63,,21.06,215409.90000000005,-55650.600000000144,-1.17,0.08,0.09,0.014,0.01,96.0,48.0,16.0,32.0,33.33,53162.77,-40320.35,15.85,,73.05,152820.80000000002,-359290.00000000006,-43.96,-0.18,-0.18,0.0224,-0.01
VKCO,macd,1D,Bayesian_TPE,31,0.584,9,35,12,False,-64.62,-0.676,-0.659,74.82,27,25.93,False,"{""sampler"":""TPESampler"",""seed"":42,""n_trials"":50,""direction"":""maximize"",""objective"":""composite = Sharpe * (Return% / MaxDD%)""}","{""macd_fast"":9,""macd_slow"":35,""macd_signal"":12,""allowshort"":false}",2014-01-01,2024-12-31,2025-01-01,2026-04-20,2014-01-01,2026-04-20,54.0,27.0,7.0,20.0,25.93,69287.77,-56559.65,20.07,,74.82,105070.40000000002,-336327.0,-64.62,-0.68,-0.66,0.0256,-0.02,28.0,14.0,6.0,8.0,42.86,45766.67,-36138.46,14.5,,18.43,198279.89999999997,-70414.0,-1.45,0.06,0.07,0.0135,0.0,82.0,41.0,13.0,28.0,31.71,47287.22,-44315.82,18.95,,74.82,105070.40000000002,-336327.0,-62.61,-0.43,-0.42,0.0224,-0.01
VKCO,macd,1D,Bayesian_TPE,32,0.611,10,36,12,False,-65.32,-0.7,-0.676,74.82,28,25.0,False,"{""sampler"":""TPESampler"",""seed"":42,""n_trials"":50,""direction"":""maximize"",""objective"":""composite = Sharpe * (Return% / MaxDD%)""}","{""macd_fast"":10,""macd_slow"":36,""macd_signal"":12,""allowshort"":false}",2014-01-01,2024-12-31,2025-01-01,2026-04-20,2014-01-01,2026-04-20,56.0,28.0,7.0,21.0,25.0,65830.37,-53046.08,19.07,,74.82,111044.00000000004,-311082.19999999995,-65.32,-0.7,-0.68,0.0254,-0.02,28.0,14.0,6.0,8.0,42.86,50779.76,-36389.61,14.79,,18.43,198279.89999999997,-70431.0,1.36,0.14,0.17,0.0136,0.01,84.0,42.0,13.0,29.0,30.95,46089.1,-42145.54,18.4,,74.82,111044.00000000004,-311082.19999999995,-62.31,-0.43,-0.42,0.0223,-0.01
VKCO,macd,1D,Bayesian_TPE,33,0.551,10,36,14,False,-63.2,-0.654,-0.627,75.06,26,30.77,False,"{""sampler"":""TPESampler"",""seed"":42,""n_trials"":50,""direction"":""maximize"",""objective"":""composite = Sharpe * (Return% / MaxDD%)""}","{""macd_fast"":10,""macd_slow"":36,""macd_signal"":14,""allowshort"":false}",2014-01-01,2024-12-31,2025-01-01,2026-04-20,2014-01-01,2026-04-20,52.0,26.0,8.0,18.0,30.77,55770.95,-59896.92,20.5,,75.06,107408.00000000004,-311082.19999999995,-63.2,-0.65,-0.63,0.0253,-0.02,22.0,11.0,4.0,7.0,36.36,75068.65,-31640.09,18.82,,17.97,195878.80000000008,-61276.19999999986,7.88,0.32,0.37,0.0135,0.02,74.0,37.0,12.0,25.0,32.43,47665.55,-46490.24,20.95,,75.06,107408.00000000004,-311082.19999999995,-59.03,-0.38,-0.37,0.0222,-0.01
VKCO,macd,1D,Bayesian_TPE,34,0.553,11,33,13,False,-63.26,-0.656,-0.63,75.06,26,30.77,False,"{""sampler"":""TPESampler"",""seed"":42,""n_trials"":50,""direction"":""maximize"",""objective"":""composite = Sharpe * (Return% / MaxDD%)""}","{""macd_fast"":11,""macd_slow"":33,""macd_signal"":13,""allowshort"":false}",2014-01-01,2024-12-31,2025-01-01,2026-04-20,2014-01-01,2026-04-20,52.0,26.0,8.0,18.0,30.77,56237.12,-60137.78,20.46,,75.06,119193.6,-311082.19999999995,-63.26,-0.66,-0.63,0.0253,-0.02,24.0,12.0,4.0,8.0,33.33,73615.8,-33945.86,17.17,,17.69,192887.9999999999,-59684.79999999986,2.29,0.17,0.19,0.0134,0.01,76.0,38.0,12.0,26.0,31.58,47776.6,-45593.23,20.34,,75.06,119193.6,-311082.19999999995,-61.21,-0.41,-0.4,0.0222,-0.01
VKCO,macd,1D,Bayesian_TPE,35,0.335,6,47,14,True,-73.58,-0.404,-0.506,88.66,54,31.48,True,"{""sampler"":""TPESampler"",""seed"":42,""n_trials"":50,""direction"":""maximize"",""objective"":""composite = Sharpe * (Return% / MaxDD%)""}","{""macd_fast"":6,""macd_slow"":47,""macd_signal"":14,""allowshort"":true}",2014-01-01,2024-12-31,2025-01-01,2026-04-20,2014-01-01,2026-04-20,54.0,54.0,17.0,37.0,31.48,42358.6,-39349.32,20.43,,88.66,280819.20000000007,-374095.79999999993,-73.58,-0.4,-0.51,0.0399,-0.02,30.0,30.0,12.0,18.0,40.0,86493.68,-52540.96,14.77,,30.7,279283.4,-135584.0,9.22,0.33,0.46,0.0193,0.02,84.0,84.0,29.0,55.0,34.52,35625.75,-31341.07,18.79,,88.66,280819.20000000007,-374095.79999999993,-69.06,-0.2,-0.25,0.0342,-0.01
VKCO,macd,1D,Bayesian_TPE,36,0.523,7,39,11,False,-62.48,-0.623,-0.605,74.42,28,25.0,False,"{""sampler"":""TPESampler"",""seed"":42,""n_trials"":50,""direction"":""maximize"",""objective"":""composite = Sharpe * (Return% / MaxDD%)""}","{""macd_fast"":7,""macd_slow"":39,""macd_signal"":11,""allowshort"":false}",2014-01-01,2024-12-31,2025-01-01,2026-04-20,2014-01-01,2026-04-20,56.0,28.0,7.0,21.0,25.0,71407.4,-53552.78,19.04,,74.42,103712.4,-359290.00000000006,-62.48,-0.62,-0.6,0.0256,-0.02,34.0,17.0,7.0,10.0,41.18,44421.16,-39302.17,11.88,,26.26,208315.79999999996,-75143.60000000005,-8.21,-0.15,-0.16,0.0131,-0.01,90.0,45.0,14.0,31.0,31.11,47250.51,-41469.54,17.02,,74.42,112173.4,-359290.00000000006,-62.4,-0.43,-0.41,0.0223,-0.01
VKCO,macd,1D,Bayesian_TPE,37,0.419,10,50,10,False,-58.12,-0.536,-0.515,74.3,23,30.43,False,"{""sampler"":""TPESampler"",""seed"":42,""n_trials"":50,""direction"":""maximize"",""objective"":""composite = Sharpe * (Return% / MaxDD%)""}","{""macd_fast"":10,""macd_slow"":50,""macd_signal"":10,""allowshort"":false}",2014-01-01,2024-12-31,2025-01-01,2026-04-20,2014-01-01,2026-04-20,46.0,23.0,7.0,16.0,30.43,72419.17,-68007.66,23.13,,74.3,117229.19999999998,-311082.19999999995,-58.12,-0.54,-0.51,0.0255,-0.02,26.0,13.0,4.0,9.0,30.77,75879.72,-32112.78,15.77,,16.36,189321.29999999996,-55841.0,1.45,0.15,0.17,0.0136,0.01,72.0,36.0,11.0,25.0,30.56,59228.0,-48520.8,21.44,,74.3,117229.19999999998,-311082.19999999995,-56.15,-0.33,-0.32,0.0224,-0.01
VKCO,macd,1D,Bayesian_TPE,38,0.234,12,43,13,True,-68.09,-0.303,-0.377,88.34,42,38.1,True,"{""sampler"":""TPESampler"",""seed"":42,""n_trials"":50,""direction"":""maximize"",""objective"":""composite = Sharpe * (Return% / MaxDD%)""}","{""macd_fast"":12,""macd_slow"":43,""macd_signal"":13,""allowshort"":true}",2014-01-01,2024-12-31,2025-01-01,2026-04-20,2014-01-01,2026-04-20,42.0,42.0,16.0,26.0,38.1,46275.66,-54666.29,26.26,,88.34,278547.20000000007,-432795.0,-68.09,-0.3,-0.38,0.0398,-0.01,18.0,18.0,6.0,12.0,33.33,137813.62,-57324.58,24.39,,26.29,205672.79999999996,-147504.60000000012,13.9,0.41,0.58,0.0189,0.03,60.0,60.0,22.0,38.0,36.67,45241.45,-43090.34,26.3,,88.34,278547.20000000007,-432795.0,-64.21,-0.14,-0.18,0.0341,-0.01
VKCO,macd,1D,Bayesian_TPE,39,0.252,8,20,12,False,-48.0,-0.37,-0.368,70.44,27,29.63,False,"{""sampler"":""TPESampler"",""seed"":42,""n_trials"":50,""direction"":""maximize"",""objective"":""composite = Sharpe * (Return% / MaxDD%)""}","{""macd_fast"":8,""macd_slow"":20,""macd_signal"":12,""allowshort"":false}",2014-01-01,2024-12-31,2025-01-01,2026-04-20,2014-01-01,2026-04-20,54.0,27.0,8.0,18.0,29.63,78214.12,-61430.86,19.67,,70.44,136086.39999999997,-359290.00000000006,-48.0,-0.37,-0.37,0.0249,-0.01,36.0,18.0,6.0,12.0,33.33,53011.07,-27078.54,11.22,,21.61,217625.40000000005,-71602.40000000015,-0.69,0.09,0.1,0.0138,0.01,90.0,45.0,14.0,30.0,31.11,61143.55,-43023.6,16.93,,70.44,157081.6,-359290.00000000006,-43.47,-0.18,-0.18,0.022,-0.01
VKCO,macd,1D,Bayesian_TPE,40,0.174,15,31,11,True,-64.04,-0.238,-0.295,87.67,46,39.13,True,"{""sampler"":""TPESampler"",""seed"":42,""n_trials"":50,""direction"":""maximize"",""objective"":""composite = Sharpe * (Return% / MaxDD%)""}","{""macd_fast"":15,""macd_slow"":31,""macd_signal"":11,""allowshort"":true}",2014-01-01,2024-12-31,2025-01-01,2026-04-20,2014-01-01,2026-04-20,46.0,46.0,18.0,28.0,39.13,45650.4,-52218.09,23.98,,87.67,307174.4000000001,-406741.3999999999,-64.04,-0.24,-0.3,0.0398,-0.01,22.0,22.0,7.0,15.0,31.82,126581.46,-53296.96,20.0,,24.38,234041.00000000012,-114989.39999999988,8.66,0.32,0.44,0.0193,0.03,68.0,68.0,25.0,43.0,36.76,46477.46,-40900.09,23.21,,87.67,307174.4000000001,-406741.3999999999,-59.68,-0.1,-0.12,0.0341,-0.0
VKCO,macd,1D,Bayesian_TPE,41,0.596,9,36,12,False,-65.02,-0.686,-0.667,74.83,28,25.0,False,"{""sampler"":""TPESampler"",""seed"":42,""n_trials"":50,""direction"":""maximize"",""objective"":""composite = Sharpe * (Return% / MaxDD%)""}","{""macd_fast"":9,""macd_slow"":36,""macd_signal"":12,""allowshort"":false}",2014-01-01,2024-12-31,2025-01-01,2026-04-20,2014-01-01,2026-04-20,56.0,28.0,7.0,21.0,25.0,68085.86,-53656.4,19.07,,74.83,103851.80000000005,-255158.59999999992,-65.02,-0.69,-0.67,0.0256,-0.02,28.0,14.0,6.0,8.0,42.86,45766.67,-36138.46,14.5,,18.43,198279.89999999997,-70414.0,-1.45,0.06,0.07,0.0135,0.0,84.0,42.0,13.0,29.0,30.95,46526.11,-42592.64,18.31,,74.83,103851.80000000005,-255158.59999999992,-63.03,-0.44,-0.43,0.0224,-0.01
VKCO,macd,1D,Bayesian_TPE,42,0.625,10,37,12,False,-65.72,-0.712,-0.685,74.82,27,25.93,False,"{""sampler"":""TPESampler"",""seed"":42,""n_trials"":50,""direction"":""maximize"",""objective"":""composite = Sharpe * (Return% / MaxDD%)""}","{""macd_fast"":10,""macd_slow"":37,""macd_signal"":12,""allowshort"":false}",2014-01-01,2024-12-31,2025-01-01,2026-04-20,2014-01-01,2026-04-20,54.0,27.0,7.0,20.0,25.93,62822.31,-54849.42,19.56,,74.82,111044.00000000004,-311082.19999999995,-65.72,-0.71,-0.68,0.0254,-0.02,26.0,13.0,5.0,8.0,38.46,63307.14,-36708.9,16.0,,18.43,198279.89999999997,-70431.0,2.29,0.17,0.2,0.0136,0.01,80.0,40.0,12.0,28.0,30.0,48405.48,-43031.89,19.2,,74.82,111044.00000000004,-311082.19999999995,-62.4,-0.43,-0.42,0.0223,-0.01
VKCO,macd,1D,Bayesian_TPE,43,0.423,10,41,14,False,-58.07,-0.542,-0.517,74.37,22,36.36,False,"{""sampler"":""TPESampler"",""seed"":42,""n_trials"":50,""direction"":""maximize"",""objective"":""composite = Sharpe * (Return% / MaxDD%)""}","{""macd_fast"":10,""macd_slow"":41,""macd_signal"":14,""allowshort"":false}",2014-01-01,2024-12-31,2025-01-01,2026-04-20,2014-01-01,2026-04-20,44.0,22.0,8.0,14.0,36.36,58270.57,-74777.87,24.05,,74.37,113120.39999999998,-338410.0,-58.07,-0.54,-0.52,0.0253,-0.02,18.0,9.0,4.0,5.0,44.44,76621.12,-26884.32,23.0,,15.0,197435.6000000001,-55439.99999999991,17.21,0.56,0.64,0.0133,0.05,62.0,31.0,12.0,19.0,38.71,51012.64,-58159.74,24.87,,74.37,113120.39999999998,-338410.0,-49.29,-0.25,-0.24,0.0222,-0.01
VKCO,macd,1D,Bayesian_TPE,44,0.601,11,37,10,False,-64.96,-0.692,-0.668,74.82,28,25.0,False,"{""sampler"":""TPESampler"",""seed"":42,""n_trials"":50,""direction"":""maximize"",""objective"":""composite = Sharpe * (Return% / MaxDD%)""}","{""macd_fast"":11,""macd_slow"":37,""macd_signal"":10,""allowshort"":false}",2014-01-01,2024-12-31,2025-01-01,2026-04-20,2014-01-01,2026-04-20,56.0,28.0,7.0,21.0,25.0,65662.03,-52819.12,18.96,,74.82,100873.00000000004,-300263.5999999999,-64.96,-0.69,-0.67,0.0254,-0.02,28.0,14.0,6.0,8.0,42.86,50169.57,-35696.1,14.64,,18.43,199754.09999999995,-70941.0,1.54,0.15,0.17,0.0136,0.01,84.0,42.0,13.0,29.0,30.95,46002.14,-41947.18,18.29,,74.82,100873.00000000004,-300263.5999999999,-61.84,-0.42,-0.41,0.0223,-0.01
VKCO,macd,1D,Bayesian_TPE,45,0.613,14,39,9,False,-65.36,-0.702,-0.676,74.82,27,25.93,False,"{""sampler"":""TPESampler"",""seed"":42,""n_trials"":50,""direction"":""maximize"",""objective"":""composite = Sharpe * (Return% / MaxDD%)""}","{""macd_fast"":14,""macd_slow"":39,""macd_signal"":9,""allowshort"":false}",2014-01-01,2024-12-31,2025-01-01,2026-04-20,2014-01-01,2026-04-20,54.0,27.0,7.0,20.0,25.93,63091.51,-54762.68,19.81,,74.82,108295.0,-311082.19999999995,-65.36,-0.7,-0.68,0.0254,-0.02,24.0,12.0,4.0,8.0,33.33,76100.25,-31340.53,17.25,,17.69,199754.09999999995,-61480.59999999985,5.37,0.25,0.29,0.0135,0.02,78.0,39.0,11.0,28.0,28.21,51046.6,-42315.84,19.92,,74.82,108295.0,-311082.19999999995,-62.33,-0.43,-0.41,0.0223,-0.01
VKCO,macd,1D,Bayesian_TPE,46,0.417,14,39,7,True,-77.31,-0.486,-0.611,90.06,58,29.31,True,"{""sampler"":""TPESampler"",""seed"":42,""n_trials"":50,""direction"":""maximize"",""objective"":""composite = Sharpe * (Return% / MaxDD%)""}","{""macd_fast"":14,""macd_slow"":39,""macd_signal"":7,""allowshort"":true}",2014-01-01,2024-12-31,2025-01-01,2026-04-20,2014-01-01,2026-04-20,58.0,58.0,17.0,41.0,29.31,39495.04,-35231.47,19.02,,90.06,280819.20000000007,-347523.79999999993,-77.31,-0.49,-0.61,0.0399,-0.02,28.0,28.0,10.0,18.0,35.71,93614.45,-47831.37,15.82,,27.57,262179.50000000006,-127264.0,7.52,0.3,0.42,0.0193,0.02,86.0,86.0,27.0,59.0,31.4,33907.45,-28031.88,18.35,,90.06,280819.20000000007,-347523.79999999993,-73.84,-0.27,-0.34,0.0342,-0.01
VKCO,macd,1D,Bayesian_TPE,47,0.395,16,42,9,False,-56.72,-0.517,-0.49,74.33,21,38.1,False,"{""sampler"":""TPESampler"",""seed"":42,""n_trials"":50,""direction"":""maximize"",""objective"":""composite = Sharpe * (Return% / MaxDD%)""}","{""macd_fast"":16,""macd_slow"":42,""macd_signal"":9,""allowshort"":false}",2014-01-01,2024-12-31,2025-01-01,2026-04-20,2014-01-01,2026-04-20,42.0,21.0,8.0,13.0,38.1,58645.5,-79721.42,25.0,,74.33,112888.00000000004,-338410.0,-56.72,-0.52,-0.49,0.0252,-0.02,18.0,9.0,4.0,5.0,44.44,78864.15,-27337.04,22.78,,15.0,202050.40000000008,-56735.99999999991,17.88,0.58,0.65,0.0132,0.05,60.0,30.0,12.0,18.0,40.0,51991.6,-60966.98,25.5,,74.33,112888.00000000004,-338410.0,-47.35,-0.22,-0.21,0.0221,-0.01
VKCO,macd,1D,Bayesian_TPE,48,0.369,18,34,9,False,-55.44,-0.489,-0.467,73.37,21,38.1,False,"{""sampler"":""TPESampler"",""seed"":42,""n_trials"":50,""direction"":""maximize"",""objective"":""composite = Sharpe * (Return% / MaxDD%)""}","{""macd_fast"":18,""macd_slow"":34,""macd_signal"":9,""allowshort"":false}",2014-01-01,2024-12-31,2025-01-01,2026-04-20,2014-01-01,2026-04-20,42.0,21.0,8.0,13.0,38.1,60828.57,-80078.66,25.38,,73.37,117614.39999999998,-338410.0,-55.44,-0.49,-0.47,0.0253,-0.02,18.0,9.0,4.0,5.0,44.44,74187.19,-31389.02,22.67,,15.0,190986.0000000001,-51542.400000000125,13.98,0.49,0.54,0.0132,0.04,60.0,30.0,12.0,18.0,40.0,53113.61,-61843.9,25.73,,73.37,117614.39999999998,-338410.0,-47.58,-0.23,-0.22,0.0222,-0.01
VKCO,macd,1D,Bayesian_TPE,49,0.523,13,41,10,False,-62.33,-0.63,-0.608,75.06,25,28.0,False,"{""sampler"":""TPESampler"",""seed"":42,""n_trials"":50,""direction"":""maximize"",""objective"":""composite = Sharpe * (Return% / MaxDD%)""}","{""macd_fast"":13,""macd_slow"":41,""macd_signal"":10,""allowshort"":false}",2014-01-01,2024-12-31,2025-01-01,2026-04-20,2014-01-01,2026-04-20,50.0,25.0,7.0,18.0,28.0,63771.71,-59429.71,21.44,,75.06,113762.39999999998,-311082.19999999995,-62.33,-0.63,-0.61,0.0254,-0.02,18.0,9.0,4.0,5.0,44.44,76625.76,-27088.48,22.67,,15.0,195878.80000000008,-49368.29999999992,17.11,0.56,0.63,0.0133,0.05,68.0,34.0,11.0,23.0,32.35,52505.75,-48798.32,22.79,,75.06,113762.39999999998,-311082.19999999995,-54.48,-0.31,-0.3,0.0222,-0.01
LKOH,macd,1D,Bayesian_TPE,0,0.03,10,49,13,True,-43.61,-0.052,-0.078,75.42,179,34.08,True,"{""sampler"":""TPESampler"",""seed"":42,""n_trials"":50,""direction"":""maximize"",""objective"":""composite = Sharpe * (Return% / MaxDD%)""}","{""macd_fast"":10,""macd_slow"":49,""macd_signal"":13,""allowshort"":true}",2014-01-01,2024-12-31,2025-01-01,2026-04-20,2014-01-01,2026-04-20,179.0,179.0,61.0,118.0,34.08,40963.74,-24871.56,22.37,,75.42,168632.0,-188592.59999999995,-43.61,-0.05,-0.08,0.0174,-0.0,23.0,23.0,9.0,14.0,39.13,37380.61,-32427.68,19.3,,31.43,100127.5,-70890.0,-11.76,-0.22,-0.27,0.0145,-0.01,202.0,202.0,70.0,132.0,34.65,38288.01,-24149.27,22.17,,75.42,168632.0,-188592.59999999995,-50.75,-0.07,-0.11,0.0171,-0.0
LKOH,macd,1D,Bayesian_TPE,1,0.041,7,21,14,False,14.5,0.16,0.168,56.73,132,37.88,False,"{""sampler"":""TPESampler"",""seed"":42,""n_trials"":50,""direction"":""maximize"",""objective"":""composite = Sharpe * (Return% / MaxDD%)""}","{""macd_fast"":7,""macd_slow"":21,""macd_signal"":14,""allowshort"":false}",2014-01-01,2024-12-31,2025-01-01,2026-04-20,2014-01-01,2026-04-20,263.0,132.0,50.0,82.0,37.88,51388.46,-29565.69,15.46,,56.73,170190.0,-169344.0,14.5,0.16,0.17,0.0119,0.0,37.0,18.0,4.0,14.0,22.22,57715.75,-22223.64,11.33,,26.97,108625.0,-54272.0,-8.03,-0.27,-0.28,0.0093,-0.01,300.0,150.0,54.0,96.0,36.0,51866.12,-28874.08,15.15,,56.73,170190.0,-169344.0,2.89,0.1,0.11,0.0116,0.0
LKOH,macd,1D,Bayesian_TPE,2,0.227,5,50,14,True,-70.95,-0.274,-0.403,85.53,257,29.18,True,"{""sampler"":""TPESampler"",""seed"":42,""n_trials"":50,""direction"":""maximize"",""objective"":""composite = Sharpe * (Return% / MaxDD%)""}","{""macd_fast"":5,""macd_slow"":50,""macd_signal"":14,""allowshort"":true}",2014-01-01,2024-12-31,2025-01-01,2026-04-20,2014-01-01,2026-04-20,257.0,257.0,75.0,182.0,29.18,29042.99,-15866.35,15.58,,85.53,162389.39999999997,-147384.0,-70.95,-0.27,-0.4,0.0173,-0.01,31.0,31.0,12.0,18.0,38.71,39911.33,-27225.64,14.42,,23.33,82410.0,-86080.5,-1.11,0.09,0.11,0.0146,0.01,288.0,288.0,87.0,200.0,30.21,26521.17,-15129.65,15.55,,85.53,162389.39999999997,-147384.0,-71.86,-0.24,-0.35,0.017,-0.0
LKOH,macd,1D,Bayesian_TPE,3,0.239,7,29,10,True,-72.73,-0.292,-0.431,89.04,273,33.33,True,"{""sampler"":""TPESampler"",""seed"":42,""n_trials"":50,""direction"":""maximize"",""objective"":""composite = Sharpe * (Return% / MaxDD%)""}","{""macd_fast"":7,""macd_slow"":29,""macd_signal"":10,""allowshort"":true}",2014-01-01,2024-12-31,2025-01-01,2026-04-20,2014-01-01,2026-04-20,273.0,273.0,91.0,182.0,33.33,21381.15,-14686.88,14.67,,89.04,101675.79999999996,-125222.0,-72.73,-0.29,-0.43,0.0174,-0.01,37.0,37.0,12.0,25.0,32.43,52107.17,-22680.86,12.08,,32.4,103766.0,-86080.5,5.83,0.26,0.39,0.0148,0.01,310.0,310.0,103.0,207.0,33.23,20436.16,-13636.92,14.45,,89.04,101675.79999999996,-125222.0,-71.79,-0.24,-0.35,0.0171,-0.0
LKOH,macd,1D,Bayesian_TPE,4,0.314,14,24,8,False,51.89,0.297,0.32,49.05,114,38.6,False,"{""sampler"":""TPESampler"",""seed"":42,""n_trials"":50,""direction"":""maximize"",""objective"":""composite = Sharpe * (Return% / MaxDD%)""}","{""macd_fast"":14,""macd_slow"":24,""macd_signal"":8,""allowshort"":false}",2014-01-01,2024-12-31,2025-01-01,2026-04-20,2014-01-01,2026-04-20,227.0,114.0,44.0,70.0,38.6,68705.49,-35773.33,18.23,,49.05,181963.79999999996,-127162.0,51.89,0.3,0.32,0.0118,0.01,33.0,16.0,3.0,12.0,18.75,51938.17,-22409.29,12.5,,24.14,74100.0,-56392.0,-11.31,-0.44,-0.44,0.0089,-0.02,260.0,130.0,47.0,82.0,36.15,68500.69,-35408.84,17.74,,49.05,181963.79999999996,-127162.0,31.6,0.21,0.23,0.0115,0.0
LKOH,macd,1D,Bayesian_TPE,5,0.04,17,26,10,True,-45.81,-0.068,-0.102,77.56,189,32.8,True,"{""sampler"":""TPESampler"",""seed"":42,""n_trials"":50,""direction"":""maximize"",""objective"":""composite = Sharpe * (Return% / MaxDD%)""}","{""macd_fast"":17,""macd_slow"":26,""macd_signal"":10,""allowshort"":true}",2014-01-01,2024-12-31,2025-01-01,2026-04-20,2014-01-01,2026-04-20,189.0,189.0,62.0,127.0,32.8,44682.56,-25420.75,21.19,,77.56,196662.0,-157596.0,-45.81,-0.07,-0.1,0.0173,-0.0,27.0,27.0,11.0,16.0,40.74,51453.09,-29944.44,16.52,,31.35,123780.0,-73017.0,8.69,0.34,0.47,0.0145,0.02,216.0,216.0,73.0,143.0,33.8,42022.05,-24365.8,20.74,,77.56,196662.0,-157596.0,-41.67,-0.03,-0.04,0.0169,-0.0
LKOH,macd,1D,Bayesian_TPE,6,0.049,14,25,5,False,16.12,0.166,0.178,54.11,140,39.29,False,"{""sampler"":""TPESampler"",""seed"":42,""n_trials"":50,""direction"":""maximize"",""objective"":""composite = Sharpe * (Return% / MaxDD%)""}","{""macd_fast"":14,""macd_slow"":25,""macd_signal"":5,""allowshort"":false}",2014-01-01,2024-12-31,2025-01-01,2026-04-20,2014-01-01,2026-04-20,279.0,140.0,55.0,85.0,39.29,49004.45,-29812.18,14.49,,54.11,156461.0,-118326.0,16.12,0.17,0.18,0.0119,0.0,35.0,17.0,4.0,13.0,23.53,61683.75,-22067.46,12.47,,23.94,113437.5,-56392.0,-4.01,-0.09,-0.09,0.0095,-0.0,314.0,157.0,59.0,98.0,37.58,50426.81,-29240.64,14.43,,54.11,156461.0,-118326.0,10.96,0.14,0.15,0.0116,0.0
LKOH,macd,1D,Bayesian_TPE,7,0.122,17,29,6,True,-60.75,-0.172,-0.255,85.82,235,31.49,True,"{""sampler"":""TPESampler"",""seed"":42,""n_trials"":50,""direction"":""maximize"",""objective"":""composite = Sharpe * (Return% / MaxDD%)""}","{""macd_fast"":17,""macd_slow"":29,""macd_signal"":6,""allowshort"":true}",2014-01-01,2024-12-31,2025-01-01,2026-04-20,2014-01-01,2026-04-20,235.0,235.0,74.0,161.0,31.49,29798.9,-17469.96,17.04,,85.82,171208.29999999996,-155388.0,-60.75,-0.17,-0.26,0.0174,-0.0,35.0,35.0,12.0,22.0,34.29,48973.21,-22846.52,12.77,,27.22,97955.0,-86080.5,8.51,0.33,0.48,0.0146,0.02,270.0,270.0,86.0,183.0,31.85,28143.32,-16417.95,16.59,,85.82,171208.29999999996,-155388.0,-58.42,-0.12,-0.18,0.0171,-0.0
LKOH,macd,1D,Bayesian_TPE,8,0.149,6,35,5,True,-63.98,-0.195,-0.298,83.5,355,32.96,True,"{""sampler"":""TPESampler"",""seed"":42,""n_trials"":50,""direction"":""maximize"",""objective"":""composite = Sharpe * (Return% / MaxDD%)""}","{""macd_fast"":6,""macd_slow"":35,""macd_signal"":5,""allowshort"":true}",2014-01-01,2024-12-31,2025-01-01,2026-04-20,2014-01-01,2026-04-20,355.0,355.0,117.0,236.0,32.96,23200.23,-14212.84,11.28,,83.5,191307.00000000003,-88622.99999999996,-63.98,-0.2,-0.3,0.0176,-0.0,51.0,51.0,22.0,29.0,43.14,40470.27,-24524.41,9.12,,15.96,102133.5,-56430.0,17.91,0.54,0.87,0.015,0.05,406.0,406.0,139.0,265.0,34.24,21627.78,-13579.01,11.03,,83.5,191307.00000000003,-88622.99999999996,-59.22,-0.12,-0.19,0.0173,-0.0
LKOH,macd,1D,Bayesian_TPE,9,-0.003,15,29,10,True,-32.02,0.007,0.011,75.27,189,34.39,True,"{""sampler"":""TPESampler"",""seed"":42,""n_trials"":50,""direction"":""maximize"",""objective"":""composite = Sharpe * (Return% / MaxDD%)""}","{""macd_fast"":15,""macd_slow"":29,""macd_signal"":10,""allowshort"":true}",2014-01-01,2024-12-31,2025-01-01,2026-04-20,2014-01-01,2026-04-20,189.0,189.0,65.0,124.0,34.39,49925.02,-28752.59,21.19,,75.27,194472.0,-155940.0,-32.02,0.01,0.01,0.0173,0.0,31.0,31.0,13.0,18.0,41.94,41827.81,-27117.64,14.39,,32.49,95215.0,-71724.0,5.56,0.26,0.36,0.0146,0.01,220.0,220.0,78.0,142.0,35.45,46202.72,-27416.2,20.36,,75.27,194472.0,-155940.0,-28.93,0.03,0.05,0.0169,0.0
LKOH,macd,1D,Bayesian_TPE,10,1.257,20,41,8,False,101.64,0.433,0.465,35.01,88,43.18,False,"{""sampler"":""TPESampler"",""seed"":42,""n_trials"":50,""direction"":""maximize"",""objective"":""composite = Sharpe * (Return% / MaxDD%)""}","{""macd_fast"":20,""macd_slow"":41,""macd_signal"":8,""allowshort"":false}",2014-01-01,2024-12-31,2025-01-01,2026-04-20,2014-01-01,2026-04-20,175.0,88.0,38.0,50.0,43.18,85016.5,-44284.07,23.22,,35.01,344980.5,-321470.0,101.64,0.43,0.47,0.0119,0.01,23.0,11.0,2.0,9.0,18.18,42364.0,-31619.11,19.73,,28.8,61320.0,-89298.0,-19.98,-0.82,-0.65,0.0095,-0.03,198.0,99.0,40.0,59.0,40.4,84561.68,-47188.33,23.15,,35.01,344980.5,-321470.0,59.84,0.29,0.31,0.0117,0.01
LKOH,macd,1D,Bayesian_TPE,11,0.617,20,42,7,False,68.03,0.345,0.371,38.01,95,40.0,False,"{""sampler"":""TPESampler"",""seed"":42,""n_trials"":50,""direction"":""maximize"",""objective"":""composite = Sharpe * (Return% / MaxDD%)""}","{""macd_fast"":20,""macd_slow"":42,""macd_signal"":7,""allowshort"":false}",2014-01-01,2024-12-31,2025-01-01,2026-04-20,2014-01-01,2026-04-20,189.0,95.0,38.0,57.0,40.0,78624.77,-40482.03,21.6,,38.01,289262.0,-263500.0,68.03,0.35,0.37,0.0119,0.01,23.0,11.0,2.0,9.0,18.18,45832.25,-30184.11,19.36,,26.53,67392.0,-74115.0,-18.0,-0.72,-0.57,0.0096,-0.03,212.0,106.0,40.0,66.0,37.74,78125.9,-41818.63,21.66,,38.01,289262.0,-263500.0,36.5,0.23,0.24,0.0117,0.01
LKOH,macd,1D,Bayesian_TPE,12,1.073,20,42,8,False,92.26,0.41,0.441,35.24,88,43.18,False,"{""sampler"":""TPESampler"",""seed"":42,""n_trials"":50,""direction"":""maximize"",""objective"":""composite = Sharpe * (Return% / MaxDD%)""}","{""macd_fast"":20,""macd_slow"":42,""macd_signal"":8,""allowshort"":false}",2014-01-01,2024-12-31,2025-01-01,2026-04-20,2014-01-01,2026-04-20,175.0,88.0,38.0,50.0,43.18,83242.81,-44811.79,23.09,,35.24,330754.5,-314092.0,92.26,0.41,0.44,0.0119,0.01,23.0,11.0,2.0,9.0,18.18,42364.0,-31619.11,19.73,,28.8,61320.0,-89298.0,-19.98,-0.82,-0.65,0.0095,-0.03,198.0,99.0,40.0,59.0,40.4,82702.32,-47196.59,23.04,,35.24,330754.5,-314092.0,52.35,0.27,0.29,0.0117,0.01
LKOH,macd,1D,Bayesian_TPE,13,1.257,20,41,8,False,101.64,0.433,0.465,35.01,88,43.18,False,"{""sampler"":""TPESampler"",""seed"":42,""n_trials"":50,""direction"":""maximize"",""objective"":""composite = Sharpe * (Return% / MaxDD%)""}","{""macd_fast"":20,""macd_slow"":41,""macd_signal"":8,""allowshort"":false}",2014-01-01,2024-12-31,2025-01-01,2026-04-20,2014-01-01,2026-04-20,175.0,88.0,38.0,50.0,43.18,85016.5,-44284.07,23.22,,35.01,344980.5,-321470.0,101.64,0.43,0.47,0.0119,0.01,23.0,11.0,2.0,9.0,18.18,42364.0,-31619.11,19.73,,28.8,61320.0,-89298.0,-19.98,-0.82,-0.65,0.0095,-0.03,198.0,99.0,40.0,59.0,40.4,84561.68,-47188.33,23.15,,35.01,344980.5,-321470.0,59.84,0.29,0.31,0.0117,0.01
LKOH,macd,1D,Bayesian_TPE,14,0.862,18,40,12,False,79.82,0.379,0.411,35.08,79,44.3,False,"{""sampler"":""TPESampler"",""seed"":42,""n_trials"":50,""direction"":""maximize"",""objective"":""composite = Sharpe * (Return% / MaxDD%)""}","{""macd_fast"":18,""macd_slow"":40,""macd_signal"":12,""allowshort"":false}",2014-01-01,2024-12-31,2025-01-01,2026-04-20,2014-01-01,2026-04-20,157.0,79.0,35.0,44.0,44.3,77747.73,-43704.48,25.41,,35.08,279480.0,-286032.0,79.82,0.38,0.41,0.0119,0.01,19.0,9.0,2.0,7.0,22.22,49206.75,-35417.36,24.78,,24.07,55643.5,-96063.0,-14.95,-0.56,-0.46,0.0097,-0.02,176.0,88.0,37.0,51.0,42.05,77285.35,-46289.89,25.75,,35.08,279480.0,-286032.0,49.88,0.27,0.28,0.0116,0.01
LKOH,macd,1D,Bayesian_TPE,15,0.064,10,37,8,False,19.23,0.179,0.193,53.79,123,38.21,False,"{""sampler"":""TPESampler"",""seed"":42,""n_trials"":50,""direction"":""maximize"",""objective"":""composite = Sharpe * (Return% / MaxDD%)""}","{""macd_fast"":10,""macd_slow"":37,""macd_signal"":8,""allowshort"":false}",2014-01-01,2024-12-31,2025-01-01,2026-04-20,2014-01-01,2026-04-20,245.0,123.0,47.0,76.0,38.21,55380.74,-31717.97,16.74,,53.79,166963.19999999995,-109077.5,19.23,0.18,0.19,0.0118,0.0,39.0,19.0,3.0,15.0,15.79,48193.33,-23852.0,11.16,,29.59,65550.0,-69592.5,-21.32,-0.85,-0.73,0.0099,-0.03,284.0,142.0,50.0,91.0,35.21,54882.51,-31061.91,16.19,,53.79,166963.19999999995,-109077.5,-8.25,0.05,0.06,0.0116,0.0
LKOH,macd,1D,Bayesian_TPE,16,1.2,19,46,9,False,93.97,0.415,0.453,32.49,84,42.86,False,"{""sampler"":""TPESampler"",""seed"":42,""n_trials"":50,""direction"":""maximize"",""objective"":""composite = Sharpe * (Return% / MaxDD%)""}","{""macd_fast"":19,""macd_slow"":46,""macd_signal"":9,""allowshort"":false}",2014-01-01,2024-12-31,2025-01-01,2026-04-20,2014-01-01,2026-04-20,167.0,84.0,36.0,48.0,42.86,84032.88,-43447.17,24.06,,32.49,355511.0,-309632.0,93.97,0.41,0.45,0.0119,0.02,21.0,10.0,2.0,8.0,20.0,48485.0,-34584.62,21.8,,26.98,53432.5,-93357.0,-17.97,-0.72,-0.57,0.0096,-0.03,188.0,94.0,38.0,56.0,40.43,84073.51,-46744.41,24.19,,33.52,355511.0,-309632.0,57.71,0.29,0.31,0.0117,0.01
LKOH,macd,1D,Bayesian_TPE,17,0.419,16,35,11,False,52.62,0.298,0.322,37.39,89,41.57,False,"{""sampler"":""TPESampler"",""seed"":42,""n_trials"":50,""direction"":""maximize"",""objective"":""composite = Sharpe * (Return% / MaxDD%)""}","{""macd_fast"":16,""macd_slow"":35,""macd_signal"":11,""allowshort"":false}",2014-01-01,2024-12-31,2025-01-01,2026-04-20,2014-01-01,2026-04-20,177.0,89.0,37.0,52.0,41.57,74540.89,-42920.01,23.1,,37.39,285705.5,-268770.0,52.62,0.3,0.32,0.0119,0.01,23.0,11.0,2.0,9.0,18.18,46157.5,-29823.0,19.73,,26.2,67860.0,-74664.0,-17.61,-0.7,-0.55,0.0096,-0.03,200.0,100.0,39.0,61.0,39.0,73932.0,-43239.55,23.04,,37.39,285705.5,-268770.0,24.57,0.19,0.2,0.0117,0.01
LKOH,macd,1D,Bayesian_TPE,18,0.699,12,44,7,False,79.58,0.38,0.414,43.26,116,39.66,False,"{""sampler"":""TPESampler"",""seed"":42,""n_trials"":50,""direction"":""maximize"",""objective"":""composite = Sharpe * (Return% / MaxDD%)""}","{""macd_fast"":12,""macd_slow"":44,""macd_signal"":7,""allowshort"":false}",2014-01-01,2024-12-31,2025-01-01,2026-04-20,2014-01-01,2026-04-20,231.0,116.0,46.0,70.0,39.66,74725.64,-37737.27,17.74,,43.26,211116.0,-127239.0,79.58,0.38,0.41,0.0117,0.01,29.0,14.0,4.0,9.0,28.57,42898.0,-29373.83,15.29,,18.86,76000.0,-67606.0,-9.28,-0.31,-0.25,0.0098,-0.02,260.0,130.0,50.0,79.0,38.46,73919.07,-39316.44,17.69,,43.26,211116.0,-127239.0,59.0,0.29,0.31,0.0115,0.01
LKOH,macd,1D,Bayesian_TPE,19,0.817,18,38,9,False,77.34,0.371,0.4,35.13,88,43.18,False,"{""sampler"":""TPESampler"",""seed"":42,""n_trials"":50,""direction"":""maximize"",""objective"":""composite = Sharpe * (Return% / MaxDD%)""}","{""macd_fast"":18,""macd_slow"":38,""macd_signal"":9,""allowshort"":false}",2014-01-01,2024-12-31,2025-01-01,2026-04-20,2014-01-01,2026-04-20,175.0,88.0,38.0,50.0,43.18,77636.53,-43535.81,23.33,,35.13,309415.5,-286688.0,77.34,0.37,0.4,0.0119,0.01,23.0,11.0,2.0,9.0,18.18,46157.5,-29823.0,19.73,,26.2,67860.0,-74664.0,-17.61,-0.7,-0.55,0.0096,-0.03,198.0,99.0,40.0,59.0,40.4,77387.76,-44888.83,23.24,,35.13,309415.5,-286688.0,44.71,0.25,0.26,0.0117,0.01
LKOH,macd,1D,Bayesian_TPE,20,0.711,20,32,6,False,72.81,0.36,0.381,36.84,105,40.95,False,"{""sampler"":""TPESampler"",""seed"":42,""n_trials"":50,""direction"":""maximize"",""objective"":""composite = Sharpe * (Return% / MaxDD%)""}","{""macd_fast"":20,""macd_slow"":32,""macd_signal"":6,""allowshort"":false}",2014-01-01,2024-12-31,2025-01-01,2026-04-20,2014-01-01,2026-04-20,209.0,105.0,43.0,62.0,40.95,75905.59,-40900.01,19.62,,36.84,203232.0,-258667.5,72.81,0.36,0.38,0.0119,0.01,29.0,14.0,4.0,10.0,28.57,42729.25,-27420.4,14.79,,20.45,75998.0,-66728.0,-10.33,-0.36,-0.29,0.0096,-0.02,238.0,119.0,47.0,72.0,39.5,74727.66,-41648.0,19.29,,36.84,203232.0,-258667.5,51.35,0.27,0.28,0.0116,0.01
LKOH,macd,1D,Bayesian_TPE,21,1.2,19,46,9,False,93.97,0.415,0.453,32.49,84,42.86,False,"{""sampler"":""TPESampler"",""seed"":42,""n_trials"":50,""direction"":""maximize"",""objective"":""composite = Sharpe * (Return% / MaxDD%)""}","{""macd_fast"":19,""macd_slow"":46,""macd_signal"":9,""allowshort"":false}",2014-01-01,2024-12-31,2025-01-01,2026-04-20,2014-01-01,2026-04-20,167.0,84.0,36.0,48.0,42.86,84032.88,-43447.17,24.06,,32.49,355511.0,-309632.0,93.97,0.41,0.45,0.0119,0.02,21.0,10.0,2.0,8.0,20.0,48485.0,-34584.62,21.8,,26.98,53432.5,-93357.0,-17.97,-0.72,-0.57,0.0096,-0.03,188.0,94.0,38.0,56.0,40.43,84073.51,-46744.41,24.19,,33.52,355511.0,-309632.0,57.71,0.29,0.31,0.0117,0.01
LKOH,macd,1D,Bayesian_TPE,22,1.203,18,46,9,False,96.12,0.419,0.454,33.48,84,45.24,False,"{""sampler"":""TPESampler"",""seed"":42,""n_trials"":50,""direction"":""maximize"",""objective"":""composite = Sharpe * (Return% / MaxDD%)""}","{""macd_fast"":18,""macd_slow"":46,""macd_signal"":9,""allowshort"":false}",2014-01-01,2024-12-31,2025-01-01,2026-04-20,2014-01-01,2026-04-20,167.0,84.0,38.0,46.0,45.24,82072.81,-46902.76,24.1,,33.48,346166.0,-288267.0,96.12,0.42,0.45,0.0119,0.01,23.0,11.0,2.0,9.0,18.18,37499.0,-31619.11,19.82,,28.8,51590.0,-89298.0,-20.96,-0.87,-0.7,0.0095,-0.03,190.0,95.0,40.0,55.0,42.11,81185.37,-49313.55,23.94,,33.88,346166.0,-288267.0,53.52,0.28,0.29,0.0117,0.01
LKOH,macd,1D,Bayesian_TPE,23,0.925,18,47,11,False,80.59,0.381,0.413,33.19,82,42.68,False,"{""sampler"":""TPESampler"",""seed"":42,""n_trials"":50,""direction"":""maximize"",""objective"":""composite = Sharpe * (Return% / MaxDD%)""}","{""macd_fast"":18,""macd_slow"":47,""macd_signal"":11,""allowshort"":false}",2014-01-01,2024-12-31,2025-01-01,2026-04-20,2014-01-01,2026-04-20,163.0,82.0,35.0,47.0,42.68,82657.01,-44406.66,24.51,,33.19,295800.0,-304912.0,80.59,0.38,0.41,0.0119,0.01,19.0,9.0,2.0,7.0,22.22,45373.25,-35309.71,24.89,,24.65,54906.5,-95386.5,-15.64,-0.59,-0.48,0.0097,-0.02,182.0,91.0,37.0,54.0,40.66,81591.96,-46780.05,24.95,,33.86,295800.0,-304912.0,49.28,0.26,0.28,0.0116,0.01
LKOH,macd,1D,Bayesian_TPE,24,0.846,16,41,7,False,78.76,0.377,0.405,35.11,106,42.45,False,"{""sampler"":""TPESampler"",""seed"":42,""n_trials"":50,""direction"":""maximize"",""objective"":""composite = Sharpe * (Return% / MaxDD%)""}","{""macd_fast"":16,""macd_slow"":41,""macd_signal"":7,""allowshort"":false}",2014-01-01,2024-12-31,2025-01-01,2026-04-20,2014-01-01,2026-04-20,211.0,106.0,45.0,61.0,42.45,74004.96,-41682.92,19.39,,35.11,216296.0,-266247.5,78.76,0.38,0.41,0.0118,0.01,25.0,12.0,4.0,8.0,33.33,31874.38,-27820.5,17.75,,20.09,76479.0,-59360.0,-9.51,-0.32,-0.26,0.0096,-0.02,236.0,118.0,49.0,69.0,41.53,72196.25,-42559.55,19.47,,35.11,216296.0,-266247.5,60.1,0.3,0.31,0.0116,0.01
LKOH,macd,1D,Bayesian_TPE,25,1.124,19,44,8,False,94.99,0.417,0.448,35.25,89,42.7,False,"{""sampler"":""TPESampler"",""seed"":42,""n_trials"":50,""direction"":""maximize"",""objective"":""composite = Sharpe * (Return% / MaxDD%)""}","{""macd_fast"":19,""macd_slow"":44,""macd_signal"":8,""allowshort"":false}",2014-01-01,2024-12-31,2025-01-01,2026-04-20,2014-01-01,2026-04-20,177.0,89.0,38.0,51.0,42.7,82754.53,-43035.1,22.82,,35.25,335496.5,-313038.0,94.99,0.42,0.45,0.0119,0.01,23.0,11.0,2.0,9.0,18.18,42364.0,-31619.11,19.73,,28.8,61320.0,-89298.0,-19.98,-0.82,-0.65,0.0095,-0.03,200.0,100.0,40.0,60.0,40.0,82289.06,-45762.22,22.8,,35.25,335496.5,-313038.0,54.58,0.28,0.29,0.0117,0.01
LKOH,macd,1D,Bayesian_TPE,26,0.879,20,39,11,False,80.34,0.38,0.413,34.74,81,43.21,False,"{""sampler"":""TPESampler"",""seed"":42,""n_trials"":50,""direction"":""maximize"",""objective"":""composite = Sharpe * (Return% / MaxDD%)""}","{""macd_fast"":20,""macd_slow"":39,""macd_signal"":11,""allowshort"":false}",2014-01-01,2024-12-31,2025-01-01,2026-04-20,2014-01-01,2026-04-20,161.0,81.0,35.0,46.0,43.21,78923.23,-42584.73,24.84,,34.74,278460.0,-286032.0,80.34,0.38,0.41,0.0119,0.01,19.0,9.0,2.0,7.0,22.22,49206.75,-35417.36,24.78,,24.07,55643.5,-96063.0,-14.95,-0.56,-0.46,0.0097,-0.02,180.0,90.0,37.0,53.0,41.11,78411.71,-45249.25,25.23,,34.74,278460.0,-286032.0,50.3,0.27,0.28,0.0116,0.01
LKOH,macd,1D,Bayesian_TPE,27,1.03,17,44,6,False,92.92,0.414,0.445,37.34,113,39.82,False,"{""sampler"":""TPESampler"",""seed"":42,""n_trials"":50,""direction"":""maximize"",""objective"":""composite = Sharpe * (Return% / MaxDD%)""}","{""macd_fast"":17,""macd_slow"":44,""macd_signal"":6,""allowshort"":false}",2014-01-01,2024-12-31,2025-01-01,2026-04-20,2014-01-01,2026-04-20,225.0,113.0,45.0,68.0,39.82,80489.23,-39599.98,18.16,,37.34,228200.0,-217402.5,92.92,0.41,0.44,0.0118,0.01,25.0,12.0,4.0,8.0,33.33,31469.75,-28910.38,17.42,,20.99,75517.0,-58936.0,-10.54,-0.37,-0.3,0.0096,-0.02,250.0,125.0,49.0,76.0,39.2,77856.81,-41169.29,18.31,,37.34,228200.0,-217402.5,68.61,0.32,0.33,0.0116,0.01
LKOH,macd,1D,Bayesian_TPE,28,0.696,13,37,9,False,70.32,0.353,0.374,35.67,100,43.0,False,"{""sampler"":""TPESampler"",""seed"":42,""n_trials"":50,""direction"":""maximize"",""objective"":""composite = Sharpe * (Return% / MaxDD%)""}","{""macd_fast"":13,""macd_slow"":37,""macd_signal"":9,""allowshort"":false}",2014-01-01,2024-12-31,2025-01-01,2026-04-20,2014-01-01,2026-04-20,199.0,100.0,43.0,57.0,43.0,72955.86,-42700.42,20.62,,35.67,208050.0,-265300.0,70.32,0.35,0.37,0.0118,0.01,29.0,14.0,4.0,10.0,28.57,41586.25,-29651.15,15.21,,23.33,73593.0,-77958.0,-13.02,-0.47,-0.39,0.0097,-0.02,228.0,114.0,47.0,67.0,41.23,71788.02,-43697.46,20.2,,35.67,208050.0,-265300.0,44.63,0.25,0.26,0.0116,0.01
LKOH,macd,1D,Bayesian_TPE,29,1.144,11,48,15,False,93.22,0.412,0.446,33.57,82,43.9,False,"{""sampler"":""TPESampler"",""seed"":42,""n_trials"":50,""direction"":""maximize"",""objective"":""composite = Sharpe * (Return% / MaxDD%)""}","{""macd_fast"":11,""macd_slow"":48,""macd_signal"":15,""allowshort"":false}",2014-01-01,2024-12-31,2025-01-01,2026-04-20,2014-01-01,2026-04-20,163.0,82.0,36.0,46.0,43.9,85178.54,-46395.5,24.63,,33.57,342432.0,-283734.5,93.22,0.41,0.45,0.0119,0.01,23.0,11.0,2.0,9.0,18.18,38043.5,-30561.0,19.73,,28.71,52327.0,-90651.0,-19.9,-0.82,-0.65,0.0095,-0.03,186.0,93.0,38.0,55.0,40.86,84076.01,-48396.61,24.43,,33.57,342432.0,-283734.5,53.31,0.28,0.29,0.0117,0.01
LKOH,macd,1D,Bayesian_TPE,30,0.431,16,50,7,False,58.4,0.316,0.336,42.86,100,40.0,False,"{""sampler"":""TPESampler"",""seed"":42,""n_trials"":50,""direction"":""maximize"",""objective"":""composite = Sharpe * (Return% / MaxDD%)""}","{""macd_fast"":16,""macd_slow"":50,""macd_signal"":7,""allowshort"":false}",2014-01-01,2024-12-31,2025-01-01,2026-04-20,2014-01-01,2026-04-20,199.0,100.0,40.0,60.0,40.0,73720.37,-39413.79,20.48,,42.86,272665.0,-235042.0,58.4,0.32,0.34,0.0119,0.01,25.0,12.0,3.0,9.0,25.0,38704.67,-24978.89,17.92,,21.11,73476.0,-58512.0,-10.87,-0.38,-0.31,0.0096,-0.02,224.0,112.0,43.0,69.0,38.39,72612.98,-39412.86,20.47,,42.86,272665.0,-235042.0,40.29,0.24,0.25,0.0117,0.01
LKOH,macd,1D,Bayesian_TPE,31,1.2,19,46,9,False,93.97,0.415,0.453,32.49,84,42.86,False,"{""sampler"":""TPESampler"",""seed"":42,""n_trials"":50,""direction"":""maximize"",""objective"":""composite = Sharpe * (Return% / MaxDD%)""}","{""macd_fast"":19,""macd_slow"":46,""macd_signal"":9,""allowshort"":false}",2014-01-01,2024-12-31,2025-01-01,2026-04-20,2014-01-01,2026-04-20,167.0,84.0,36.0,48.0,42.86,84032.88,-43447.17,24.06,,32.49,355511.0,-309632.0,93.97,0.41,0.45,0.0119,0.02,21.0,10.0,2.0,8.0,20.0,48485.0,-34584.62,21.8,,26.98,53432.5,-93357.0,-17.97,-0.72,-0.57,0.0096,-0.03,188.0,94.0,38.0,56.0,40.43,84073.51,-46744.41,24.19,,33.52,355511.0,-309632.0,57.71,0.29,0.31,0.0117,0.01
LKOH,macd,1D,Bayesian_TPE,32,1.191,19,44,9,False,96.53,0.421,0.454,34.13,84,45.24,False,"{""sampler"":""TPESampler"",""seed"":42,""n_trials"":50,""direction"":""maximize"",""objective"":""composite = Sharpe * (Return% / MaxDD%)""}","{""macd_fast"":19,""macd_slow"":44,""macd_signal"":9,""allowshort"":false}",2014-01-01,2024-12-31,2025-01-01,2026-04-20,2014-01-01,2026-04-20,167.0,84.0,38.0,46.0,45.24,80828.27,-45785.95,23.98,,34.13,342432.0,-283734.5,96.53,0.42,0.45,0.0119,0.01,23.0,11.0,2.0,9.0,18.18,38043.5,-30561.0,19.73,,28.71,52327.0,-90651.0,-19.9,-0.82,-0.65,0.0095,-0.03,190.0,95.0,40.0,55.0,42.11,80050.73,-48058.99,23.85,,34.13,342432.0,-283734.5,55.88,0.28,0.3,0.0117,0.01
LKOH,macd,1D,Bayesian_TPE,33,0.871,18,48,8,False,84.33,0.39,0.419,37.76,89,42.7,False,"{""sampler"":""TPESampler"",""seed"":42,""n_trials"":50,""direction"":""maximize"",""objective"":""composite = Sharpe * (Return% / MaxDD%)""}","{""macd_fast"":18,""macd_slow"":48,""macd_signal"":8,""allowshort"":false}",2014-01-01,2024-12-31,2025-01-01,2026-04-20,2014-01-01,2026-04-20,177.0,89.0,38.0,51.0,42.7,82561.82,-44981.83,22.84,,37.76,320085.0,-291958.0,84.33,0.39,0.42,0.0119,0.01,23.0,11.0,2.0,9.0,18.18,42364.0,-31619.11,19.73,,28.8,61320.0,-89298.0,-19.98,-0.82,-0.65,0.0095,-0.03,200.0,100.0,40.0,60.0,40.0,81904.13,-46919.8,22.82,,37.76,320085.0,-291958.0,46.1,0.26,0.27,0.0117,0.01
LKOH,macd,1D,Bayesian_TPE,34,0.493,20,42,12,False,56.34,0.312,0.335,35.64,82,41.46,False,"{""sampler"":""TPESampler"",""seed"":42,""n_trials"":50,""direction"":""maximize"",""objective"":""composite = Sharpe * (Return% / MaxDD%)""}","{""macd_fast"":20,""macd_slow"":42,""macd_signal"":12,""allowshort"":false}",2014-01-01,2024-12-31,2025-01-01,2026-04-20,2014-01-01,2026-04-20,163.0,82.0,34.0,48.0,41.46,73704.31,-40469.79,24.35,,35.64,259335.0,-307296.0,56.34,0.31,0.33,0.0117,0.01,17.0,8.0,2.0,6.0,25.0,42461.25,-40561.92,27.5,,23.96,56775.0,-95386.5,-15.84,-0.59,-0.49,0.0099,-0.02,180.0,90.0,36.0,54.0,40.0,72372.06,-42890.18,25.03,,35.64,259335.0,-307296.0,28.93,0.2,0.21,0.0115,0.01
LKOH,macd,1D,Bayesian_TPE,35,0.108,8,46,10,True,-58.6,-0.154,-0.229,83.6,235,31.91,True,"{""sampler"":""TPESampler"",""seed"":42,""n_trials"":50,""direction"":""maximize"",""objective"":""composite = Sharpe * (Return% / MaxDD%)""}","{""macd_fast"":8,""macd_slow"":46,""macd_signal"":10,""allowshort"":true}",2014-01-01,2024-12-31,2025-01-01,2026-04-20,2014-01-01,2026-04-20,235.0,235.0,75.0,160.0,31.91,33001.82,-19132.02,17.04,,83.6,180456.0,-144900.0,-58.6,-0.15,-0.23,0.0174,-0.0,31.0,31.0,12.0,18.0,38.71,43353.71,-28581.58,14.42,,23.05,88437.0,-86080.5,0.58,0.13,0.17,0.0147,0.01,266.0,266.0,87.0,178.0,32.71,30751.49,-18361.99,16.84,,83.6,180456.0,-144900.0,-59.31,-0.13,-0.19,0.0171,-0.0
LKOH,macd,1D,Bayesian_TPE,36,1.075,19,49,8,False,86.59,0.394,0.425,31.74,88,43.18,False,"{""sampler"":""TPESampler"",""seed"":42,""n_trials"":50,""direction"":""maximize"",""objective"":""composite = Sharpe * (Return% / MaxDD%)""}","{""macd_fast"":19,""macd_slow"":49,""macd_signal"":8,""allowshort"":false}",2014-01-01,2024-12-31,2025-01-01,2026-04-20,2014-01-01,2026-04-20,175.0,88.0,38.0,50.0,43.18,80669.07,-43989.87,23.05,,31.74,334311.0,-266511.0,86.59,0.39,0.42,0.012,0.01,21.0,10.0,2.0,8.0,20.0,47794.0,-35777.62,21.9,,27.08,52695.5,-92004.0,-19.06,-0.77,-0.62,0.0096,-0.03,196.0,98.0,40.0,58.0,40.82,80659.95,-47047.09,23.29,,34.63,334311.0,-266511.0,49.77,0.27,0.28,0.0117,0.01
LKOH,macd,1D,Bayesian_TPE,37,0.476,17,33,9,False,56.45,0.31,0.335,36.77,92,42.39,False,"{""sampler"":""TPESampler"",""seed"":42,""n_trials"":50,""direction"":""maximize"",""objective"":""composite = Sharpe * (Return% / MaxDD%)""}","{""macd_fast"":17,""macd_slow"":33,""macd_signal"":9,""allowshort"":false}",2014-01-01,2024-12-31,2025-01-01,2026-04-20,2014-01-01,2026-04-20,183.0,92.0,39.0,53.0,42.39,75896.71,-45197.47,22.38,,36.77,280963.5,-278256.0,56.45,0.31,0.34,0.012,0.01,23.0,11.0,4.0,7.0,36.36,30406.5,-36072.43,19.36,,23.07,71604.0,-75762.0,-13.09,-0.47,-0.38,0.0097,-0.02,206.0,103.0,43.0,60.0,41.75,73025.99,-46468.27,22.35,,36.77,280963.5,-278256.0,35.2,0.22,0.23,0.0117,0.01
LKOH,macd,1D,Bayesian_TPE,38,0.008,15,43,10,True,-36.91,-0.015,-0.023,72.82,175,33.71,True,"{""sampler"":""TPESampler"",""seed"":42,""n_trials"":50,""direction"":""maximize"",""objective"":""composite = Sharpe * (Return% / MaxDD%)""}","{""macd_fast"":15,""macd_slow"":43,""macd_signal"":10,""allowshort"":true}",2014-01-01,2024-12-31,2025-01-01,2026-04-20,2014-01-01,2026-04-20,175.0,175.0,59.0,116.0,33.71,41312.72,-24194.18,22.88,,72.82,158360.0,-177088.79999999996,-36.91,-0.01,-0.02,0.0174,-0.0,23.0,23.0,9.0,14.0,39.13,37410.0,-32624.18,19.3,,31.73,101156.0,-70890.0,-12.0,-0.22,-0.28,0.0145,-0.01,198.0,198.0,68.0,130.0,34.34,38839.76,-23776.12,22.62,,72.82,158360.0,-177088.79999999996,-44.98,-0.04,-0.06,0.0171,-0.0
LKOH,macd,1D,Bayesian_TPE,39,0.203,18,20,7,False,41.16,0.262,0.28,53.2,118,38.98,False,"{""sampler"":""TPESampler"",""seed"":42,""n_trials"":50,""direction"":""maximize"",""objective"":""composite = Sharpe * (Return% / MaxDD%)""}","{""macd_fast"":18,""macd_slow"":20,""macd_signal"":7,""allowshort"":false}",2014-01-01,2024-12-31,2025-01-01,2026-04-20,2014-01-01,2026-04-20,235.0,118.0,46.0,72.0,38.98,62624.68,-34293.44,17.57,,53.2,178050.59999999995,-116864.0,41.16,0.26,0.28,0.0118,0.01,33.0,16.0,3.0,12.0,18.75,51938.17,-22409.29,12.5,,24.14,74100.0,-56392.0,-11.31,-0.44,-0.44,0.0089,-0.02,268.0,134.0,49.0,84.0,36.57,62501.3,-33814.22,17.17,,53.2,178050.59999999995,-116864.0,22.22,0.18,0.19,0.0115,0.0
LKOH,macd,1D,Bayesian_TPE,40,0.033,17,40,10,True,-44.09,-0.055,-0.083,73.0,177,32.77,True,"{""sampler"":""TPESampler"",""seed"":42,""n_trials"":50,""direction"":""maximize"",""objective"":""composite = Sharpe * (Return% / MaxDD%)""}","{""macd_fast"":17,""macd_slow"":40,""macd_signal"":10,""allowshort"":true}",2014-01-01,2024-12-31,2025-01-01,2026-04-20,2014-01-01,2026-04-20,177.0,177.0,58.0,119.0,32.77,40780.55,-23580.97,22.62,,73.0,158360.0,-177088.79999999996,-44.09,-0.05,-0.08,0.0174,-0.0,23.0,23.0,9.0,14.0,39.13,33761.94,-33565.79,19.26,,34.56,101156.0,-83886.0,-16.61,-0.37,-0.45,0.0145,-0.02,200.0,200.0,67.0,133.0,33.5,37737.57,-23047.87,22.39,,73.0,158360.0,-177088.79999999996,-53.69,-0.09,-0.13,0.0171,-0.0
LKOH,macd,1D,Bayesian_TPE,41,1.2,19,46,9,False,93.97,0.415,0.453,32.49,84,42.86,False,"{""sampler"":""TPESampler"",""seed"":42,""n_trials"":50,""direction"":""maximize"",""objective"":""composite = Sharpe * (Return% / MaxDD%)""}","{""macd_fast"":19,""macd_slow"":46,""macd_signal"":9,""allowshort"":false}",2014-01-01,2024-12-31,2025-01-01,2026-04-20,2014-01-01,2026-04-20,167.0,84.0,36.0,48.0,42.86,84032.88,-43447.17,24.06,,32.49,355511.0,-309632.0,93.97,0.41,0.45,0.0119,0.02,21.0,10.0,2.0,8.0,20.0,48485.0,-34584.62,21.8,,26.98,53432.5,-93357.0,-17.97,-0.72,-0.57,0.0096,-0.03,188.0,94.0,38.0,56.0,40.43,84073.51,-46744.41,24.19,,33.52,355511.0,-309632.0,57.71,0.29,0.31,0.0117,0.01
LKOH,macd,1D,Bayesian_TPE,42,0.974,19,45,8,False,86.67,0.396,0.425,35.23,89,42.7,False,"{""sampler"":""TPESampler"",""seed"":42,""n_trials"":50,""direction"":""maximize"",""objective"":""composite = Sharpe * (Return% / MaxDD%)""}","{""macd_fast"":19,""macd_slow"":45,""macd_signal"":8,""allowshort"":false}",2014-01-01,2024-12-31,2025-01-01,2026-04-20,2014-01-01,2026-04-20,177.0,89.0,38.0,51.0,42.7,78951.66,-41832.27,22.83,,35.23,316528.5,-300390.0,86.67,0.4,0.43,0.0119,0.01,23.0,11.0,2.0,9.0,18.18,42364.0,-31619.11,19.73,,28.8,61320.0,-89298.0,-19.98,-0.82,-0.65,0.0095,-0.03,200.0,100.0,40.0,60.0,40.0,78514.13,-44353.29,22.81,,35.23,316528.5,-300390.0,47.94,0.26,0.27,0.0117,0.01
LKOH,macd,1D,Bayesian_TPE,43,1.223,20,48,9,False,93.41,0.412,0.444,31.47,86,43.02,False,"{""sampler"":""TPESampler"",""seed"":42,""n_trials"":50,""direction"":""maximize"",""objective"":""composite = Sharpe * (Return% / MaxDD%)""}","{""macd_fast"":20,""macd_slow"":48,""macd_signal"":9,""allowshort"":false}",2014-01-01,2024-12-31,2025-01-01,2026-04-20,2014-01-01,2026-04-20,171.0,86.0,37.0,49.0,43.02,83220.3,-43777.29,23.5,,31.47,353133.0,-288864.0,93.41,0.41,0.44,0.012,0.02,19.0,9.0,2.0,7.0,22.22,45061.0,-36071.14,24.78,,25.19,54538.0,-94710.0,-16.24,-0.62,-0.51,0.0097,-0.02,190.0,95.0,39.0,56.0,41.05,82381.33,-46870.4,24.0,,34.3,353133.0,-288864.0,58.81,0.29,0.3,0.0117,0.01
LKOH,macd,1D,Bayesian_TPE,44,1.059,20,50,8,False,82.48,0.383,0.415,29.83,89,43.82,False,"{""sampler"":""TPESampler"",""seed"":42,""n_trials"":50,""direction"":""maximize"",""objective"":""composite = Sharpe * (Return% / MaxDD%)""}","{""macd_fast"":20,""macd_slow"":50,""macd_signal"":8,""allowshort"":false}",2014-01-01,2024-12-31,2025-01-01,2026-04-20,2014-01-01,2026-04-20,177.0,89.0,39.0,50.0,43.82,76785.2,-43396.29,22.81,,29.83,331940.0,-278480.0,82.48,0.38,0.41,0.012,0.02,21.0,10.0,2.0,8.0,20.0,48485.0,-34584.62,21.8,,26.98,53432.5,-93357.0,-17.97,-0.72,-0.57,0.0096,-0.03,198.0,99.0,41.0,58.0,41.41,76930.99,-46040.44,23.06,,33.74,331940.0,-278480.0,48.38,0.26,0.27,0.0118,0.01
LKOH,macd,1D,Bayesian_TPE,45,0.623,20,48,10,False,67.7,0.345,0.367,37.52,81,44.44,False,"{""sampler"":""TPESampler"",""seed"":42,""n_trials"":50,""direction"":""maximize"",""objective"":""composite = Sharpe * (Return% / MaxDD%)""}","{""macd_fast"":20,""macd_slow"":48,""macd_signal"":10,""allowshort"":false}",2014-01-01,2024-12-31,2025-01-01,2026-04-20,2014-01-01,2026-04-20,161.0,81.0,36.0,45.0,44.44,76839.72,-46427.61,24.69,,37.52,269280.0,-296626.0,67.7,0.35,0.37,0.0118,0.01,19.0,9.0,2.0,7.0,22.22,43352.25,-36934.71,24.67,,25.14,51376.5,-94033.5,-17.18,-0.67,-0.55,0.0097,-0.03,180.0,90.0,38.0,52.0,42.22,75690.38,-48371.62,25.09,,37.52,269280.0,-296626.0,36.09,0.22,0.23,0.0116,0.01
LKOH,macd,1D,Bayesian_TPE,46,0.01,18,42,11,True,-37.76,-0.019,-0.029,74.15,163,34.36,True,"{""sampler"":""TPESampler"",""seed"":42,""n_trials"":50,""direction"":""maximize"",""objective"":""composite = Sharpe * (Return% / MaxDD%)""}","{""macd_fast"":18,""macd_slow"":42,""macd_signal"":11,""allowshort"":true}",2014-01-01,2024-12-31,2025-01-01,2026-04-20,2014-01-01,2026-04-20,163.0,163.0,56.0,107.0,34.36,38655.21,-23760.01,24.55,,74.15,139524.00000000006,-157915.79999999996,-37.76,-0.02,-0.03,0.0174,-0.0,19.0,19.0,9.0,10.0,47.37,36963.17,-39347.2,23.16,,24.27,109081.5,-96063.0,-6.08,-0.05,-0.06,0.0145,-0.0,182.0,182.0,65.0,117.0,35.71,36360.73,-23799.58,24.6,,74.15,139524.00000000006,-157915.79999999996,-42.11,-0.03,-0.04,0.0171,-0.0
LKOH,macd,1D,Bayesian_TPE,47,0.013,8,40,6,False,6.1,0.123,0.132,59.93,152,36.18,False,"{""sampler"":""TPESampler"",""seed"":42,""n_trials"":50,""direction"":""maximize"",""objective"":""composite = Sharpe * (Return% / MaxDD%)""}","{""macd_fast"":8,""macd_slow"":40,""macd_signal"":6,""allowshort"":false}",2014-01-01,2024-12-31,2025-01-01,2026-04-20,2014-01-01,2026-04-20,303.0,152.0,55.0,97.0,36.18,49123.13,-27224.88,13.28,,59.93,211772.40000000005,-105339.0,6.1,0.12,0.13,0.012,0.0,35.0,17.0,5.0,12.0,29.41,52963.4,-29351.79,12.82,,24.51,99040.0,-78871.5,-8.74,-0.25,-0.23,0.0106,-0.01,338.0,169.0,60.0,109.0,35.5,49589.37,-27642.96,13.38,,59.93,211772.40000000005,-105339.0,-3.77,0.08,0.08,0.0119,0.0
LKOH,macd,1D,Bayesian_TPE,48,1.407,15,47,7,False,107.12,0.447,0.484,34.03,105,42.86,False,"{""sampler"":""TPESampler"",""seed"":42,""n_trials"":50,""direction"":""maximize"",""objective"":""composite = Sharpe * (Return% / MaxDD%)""}","{""macd_fast"":15,""macd_slow"":47,""macd_signal"":7,""allowshort"":false}",2014-01-01,2024-12-31,2025-01-01,2026-04-20,2014-01-01,2026-04-20,209.0,105.0,45.0,60.0,42.86,82772.78,-44226.47,19.69,,34.03,240768.0,-328848.0,107.12,0.45,0.48,0.0119,0.02,25.0,12.0,3.0,9.0,25.0,39181.0,-24978.89,17.75,,21.17,75517.0,-58512.0,-10.73,-0.38,-0.3,0.0096,-0.02,234.0,117.0,48.0,69.0,41.03,82179.73,-45151.73,19.74,,34.03,240768.0,-328848.0,82.92,0.35,0.37,0.0116,0.01
LKOH,macd,1D,Bayesian_TPE,49,0.543,14,48,7,False,65.07,0.337,0.357,40.42,111,41.44,False,"{""sampler"":""TPESampler"",""seed"":42,""n_trials"":50,""direction"":""maximize"",""objective"":""composite = Sharpe * (Return% / MaxDD%)""}","{""macd_fast"":14,""macd_slow"":48,""macd_signal"":7,""allowshort"":false}",2014-01-01,2024-12-31,2025-01-01,2026-04-20,2014-01-01,2026-04-20,221.0,111.0,46.0,65.0,41.44,70992.47,-40229.35,18.4,,40.42,205380.0,-196950.0,65.07,0.34,0.36,0.0118,0.01,29.0,14.0,4.0,10.0,28.57,41978.38,-28559.45,14.71,,21.15,74555.0,-59153.0,-11.77,-0.43,-0.34,0.0095,-0.02,250.0,125.0,50.0,75.0,40.0,69965.03,-41015.88,18.21,,40.42,205380.0,-196950.0,42.21,0.24,0.25,0.0116,0.01
AFKS,macd,1D,Bayesian_TPE,0,-0.044,10,49,13,True,-77.25,0.055,0.056,96.34,160,36.25,True,"{""sampler"":""TPESampler"",""seed"":42,""n_trials"":50,""direction"":""maximize"",""objective"":""composite = Sharpe * (Return% / MaxDD%)""}","{""macd_fast"":10,""macd_slow"":49,""macd_signal"":13,""allowshort"":true}",2014-01-01,2024-12-31,2025-01-01,2026-04-20,2014-01-01,2026-04-20,160.0,160.0,58.0,102.0,36.25,40146.62,-30402.12,24.97,,96.34,750598.2,-850889.3999999999,-77.25,0.05,0.06,0.0304,0.0,26.0,26.0,5.0,21.0,19.23,77137.07,-36751.3,17.19,,52.59,100717.26300000004,-137816.21699999995,-38.61,-0.85,-1.03,0.0188,-0.03,186.0,186.0,63.0,123.0,33.87,37933.67,-26519.25,24.03,,96.34,750598.2,-850889.3999999999,-87.2,-0.04,-0.04,0.0292,-0.0
AFKS,macd,1D,Bayesian_TPE,1,0.031,7,21,14,False,11.7,0.204,0.162,76.63,110,37.27,False,"{""sampler"":""TPESampler"",""seed"":42,""n_trials"":50,""direction"":""maximize"",""objective"":""composite = Sharpe * (Return% / MaxDD%)""}","{""macd_fast"":7,""macd_slow"":21,""macd_signal"":14,""allowshort"":false}",2014-01-01,2024-12-31,2025-01-01,2026-04-20,2014-01-01,2026-04-20,220.0,110.0,41.0,69.0,37.27,78963.27,-45224.43,18.48,,76.63,290915.0,-461782.175,11.7,0.2,0.16,0.0201,0.01,30.0,15.0,6.0,9.0,40.0,48178.92,-26051.44,14.07,,19.63,144204.61400000012,-85198.07699999989,5.46,0.25,0.25,0.0147,0.02,250.0,125.0,47.0,78.0,37.6,73684.29,-43137.15,18.12,,76.63,290915.0,-461782.175,9.85,0.19,0.15,0.0195,0.0
AFKS,macd,1D,Bayesian_TPE,2,1.39,5,50,14,True,237.29,0.502,0.573,85.69,198,39.39,True,"{""sampler"":""TPESampler"",""seed"":42,""n_trials"":50,""direction"":""maximize"",""objective"":""composite = Sharpe * (Return% / MaxDD%)""}","{""macd_fast"":5,""macd_slow"":50,""macd_signal"":14,""allowshort"":true}",2014-01-01,2024-12-31,2025-01-01,2026-04-20,2014-01-01,2026-04-20,198.0,198.0,78.0,119.0,39.39,159817.39,-84813.66,20.18,,85.69,910848.75,-783620.9400000001,237.29,0.5,0.57,0.0286,0.02,28.0,28.0,11.0,17.0,39.29,81047.55,-40023.08,16.14,,32.13,196539.99200000003,-90098.99999999996,21.11,0.54,0.71,0.0187,0.03,226.0,226.0,89.0,136.0,39.38,169052.59,-89956.67,19.78,,85.69,910848.75,-783620.9400000001,281.16,0.49,0.56,0.0276,0.02
AFKS,macd,1D,Bayesian_TPE,3,0.251,7,29,10,True,59.12,0.342,0.387,80.69,240,38.33,True,"{""sampler"":""TPESampler"",""seed"":42,""n_trials"":50,""direction"":""maximize"",""objective"":""composite = Sharpe * (Return% / MaxDD%)""}","{""macd_fast"":7,""macd_slow"":29,""macd_signal"":10,""allowshort"":true}",2014-01-01,2024-12-31,2025-01-01,2026-04-20,2014-01-01,2026-04-20,240.0,240.0,92.0,148.0,38.33,76215.02,-43382.48,16.67,,80.69,351980.0,-566108.995,59.12,0.34,0.39,0.0286,0.01,34.0,34.0,14.0,20.0,41.18,62326.53,-32301.7,13.35,,27.42,181268.49999999988,-84134.61899999989,22.65,0.56,0.77,0.0194,0.04,274.0,274.0,106.0,168.0,38.69,77349.03,-43923.5,16.34,,80.69,351980.0,-566108.995,81.98,0.35,0.4,0.0276,0.01
AFKS,macd,1D,Bayesian_TPE,4,0.25,14,24,8,False,58.11,0.296,0.258,68.71,97,37.11,False,"{""sampler"":""TPESampler"",""seed"":42,""n_trials"":50,""direction"":""maximize"",""objective"":""composite = Sharpe * (Return% / MaxDD%)""}","{""macd_fast"":14,""macd_slow"":24,""macd_signal"":8,""allowshort"":false}",2014-01-01,2024-12-31,2025-01-01,2026-04-20,2014-01-01,2026-04-20,194.0,97.0,36.0,60.0,37.11,121867.76,-63435.73,21.12,,68.71,430831.612,-413316.8000000001,58.11,0.3,0.26,0.019,0.01,28.0,14.0,6.0,8.0,42.86,26982.68,-27537.51,15.36,,22.77,84136.28500000005,-79392.6809999999,-5.84,-0.05,-0.05,0.0141,-0.0,222.0,111.0,42.0,68.0,37.84,107599.12,-60749.12,20.59,,68.71,430831.612,-413316.8000000001,38.82,0.24,0.21,0.0185,0.01
AFKS,macd,1D,Bayesian_TPE,5,0.133,17,26,10,True,36.15,0.32,0.366,86.7,166,37.35,True,"{""sampler"":""TPESampler"",""seed"":42,""n_trials"":50,""direction"":""maximize"",""objective"":""composite = Sharpe * (Return% / MaxDD%)""}","{""macd_fast"":17,""macd_slow"":26,""macd_signal"":10,""allowshort"":true}",2014-01-01,2024-12-31,2025-01-01,2026-04-20,2014-01-01,2026-04-20,166.0,166.0,62.0,102.0,37.35,123761.42,-71683.36,24.07,,86.7,843653.0,-731731.84,36.15,0.32,0.37,0.0287,0.01,26.0,26.0,7.0,19.0,26.92,96565.03,-35313.87,17.38,,44.03,184120.244,-117249.96799999996,0.5,0.16,0.21,0.0193,0.01,192.0,192.0,69.0,121.0,35.94,122329.83,-67471.63,23.28,,86.7,843653.0,-731731.84,27.67,0.29,0.34,0.0277,0.01
AFKS,macd,1D,Bayesian_TPE,6,0.035,14,25,5,False,12.8,0.208,0.166,76.31,125,35.2,False,"{""sampler"":""TPESampler"",""seed"":42,""n_trials"":50,""direction"":""maximize"",""objective"":""composite = Sharpe * (Return% / MaxDD%)""}","{""macd_fast"":14,""macd_slow"":25,""macd_signal"":5,""allowshort"":false}",2014-01-01,2024-12-31,2025-01-01,2026-04-20,2014-01-01,2026-04-20,250.0,125.0,44.0,81.0,35.2,67521.41,-35098.53,16.54,,76.31,259935.0,-423272.275,12.8,0.21,0.17,0.0203,0.01,36.0,18.0,7.0,11.0,38.89,44356.64,-28018.26,12.0,,24.34,144204.61400000012,-82064.40900000001,0.23,0.12,0.12,0.015,0.01,286.0,143.0,51.0,92.0,35.66,63163.82,-34425.5,16.12,,76.31,259935.0,-423272.275,5.42,0.18,0.15,0.0197,0.0
AFKS,macd,1D,Bayesian_TPE,7,1.196,17,29,6,True,201.14,0.464,0.556,78.03,188,39.36,True,"{""sampler"":""TPESampler"",""seed"":42,""n_trials"":50,""direction"":""maximize"",""objective"":""composite = Sharpe * (Return% / MaxDD%)""}","{""macd_fast"":17,""macd_slow"":29,""macd_signal"":6,""allowshort"":true}",2014-01-01,2024-12-31,2025-01-01,2026-04-20,2014-01-01,2026-04-20,188.0,188.0,74.0,113.0,39.36,195362.78,-110136.89,21.25,,78.03,949524.7300000002,-1010957.12,201.14,0.46,0.56,0.028,0.02,32.0,32.0,12.0,20.0,37.5,54852.6,-30585.99,14.16,,33.19,183911.45199999993,-98377.55199999997,4.65,0.24,0.32,0.0192,0.01,220.0,220.0,86.0,133.0,39.09,188195.05,-106720.34,20.32,,78.03,949524.7300000002,-1010957.12,199.1,0.43,0.52,0.027,0.01
AFKS,macd,1D,Bayesian_TPE,8,0.295,6,35,5,True,63.44,0.337,0.394,72.45,310,38.06,True,"{""sampler"":""TPESampler"",""seed"":42,""n_trials"":50,""direction"":""maximize"",""objective"":""composite = Sharpe * (Return% / MaxDD%)""}","{""macd_fast"":6,""macd_slow"":35,""macd_signal"":5,""allowshort"":true}",2014-01-01,2024-12-31,2025-01-01,2026-04-20,2014-01-01,2026-04-20,310.0,310.0,118.0,190.0,38.06,62670.46,-35582.55,12.91,,72.45,344304.135,-466569.67499999993,63.44,0.34,0.39,0.028,0.01,44.0,44.0,20.0,24.0,45.45,66922.79,-33437.99,10.48,,17.64,234432.95399999985,-86433.40999999992,53.59,1.0,1.43,0.0196,0.11,354.0,354.0,138.0,214.0,38.98,68115.13,-37427.99,12.65,,72.45,364834.00799999974,-466569.67499999993,139.03,0.39,0.46,0.0271,0.01
AFKS,macd,1D,Bayesian_TPE,9,0.21,15,29,10,True,52.0,0.342,0.392,84.85,170,37.65,True,"{""sampler"":""TPESampler"",""seed"":42,""n_trials"":50,""direction"":""maximize"",""objective"":""composite = Sharpe * (Return% / MaxDD%)""}","{""macd_fast"":15,""macd_slow"":29,""macd_signal"":10,""allowshort"":true}",2014-01-01,2024-12-31,2025-01-01,2026-04-20,2014-01-01,2026-04-20,170.0,170.0,64.0,104.0,37.65,135076.42,-78123.81,23.5,,84.85,843653.0,-731731.84,52.0,0.34,0.39,0.0287,0.01,26.0,26.0,7.0,19.0,26.92,96492.41,-35333.86,17.38,,44.03,183956.714,-117249.96799999996,0.41,0.16,0.21,0.0193,0.01,196.0,196.0,71.0,123.0,36.22,133818.1,-73796.88,22.81,,84.85,843653.0,-731731.84,42.41,0.31,0.36,0.0277,0.01
AFKS,macd,1D,Bayesian_TPE,10,-0.009,20,48,15,False,-4.91,0.139,0.12,73.7,58,39.66,False,"{""sampler"":""TPESampler"",""seed"":42,""n_trials"":50,""direction"":""maximize"",""objective"":""composite = Sharpe * (Return% / MaxDD%)""}","{""macd_fast"":20,""macd_slow"":48,""macd_signal"":15,""allowshort"":false}",2014-01-01,2024-12-31,2025-01-01,2026-04-20,2014-01-01,2026-04-20,116.0,58.0,23.0,35.0,39.66,118766.64,-79448.33,37.66,,73.7,474331.79400000005,-489828.96,-4.91,0.14,0.12,0.0185,0.0,20.0,10.0,2.0,8.0,20.0,58296.37,-41149.25,23.5,,36.25,110973.05999999992,-124777.61999999997,-21.26,-0.57,-0.51,0.0136,-0.02,136.0,68.0,25.0,43.0,36.76,108661.47,-71083.63,36.1,,73.7,474331.79400000005,-489828.96,-34.01,0.03,0.03,0.018,0.0
AFKS,macd,1D,Bayesian_TPE,11,0.764,10,41,7,True,144.99,0.428,0.484,81.18,198,40.4,True,"{""sampler"":""TPESampler"",""seed"":42,""n_trials"":50,""direction"":""maximize"",""objective"":""composite = Sharpe * (Return% / MaxDD%)""}","{""macd_fast"":10,""macd_slow"":41,""macd_signal"":7,""allowshort"":true}",2014-01-01,2024-12-31,2025-01-01,2026-04-20,2014-01-01,2026-04-20,198.0,198.0,80.0,117.0,40.4,119334.38,-69203.98,20.18,,81.18,599786.536,-565658.9860000004,144.99,0.43,0.48,0.0285,0.02,34.0,34.0,12.0,22.0,35.29,65806.82,-33059.21,13.35,,37.25,199526.35499999992,-74748.2800000002,6.24,0.27,0.38,0.0193,0.01,232.0,232.0,92.0,139.0,39.66,121579.55,-70204.04,19.27,,81.18,599786.536,-565658.9860000004,142.7,0.4,0.46,0.0275,0.01
AFKS,macd,1D,Bayesian_TPE,12,0.005,19,36,12,True,-100.46,-0.005,-0.004,100.33,16,31.25,True,"{""sampler"":""TPESampler"",""seed"":42,""n_trials"":50,""direction"":""maximize"",""objective"":""composite = Sharpe * (Return% / MaxDD%)""}","{""macd_fast"":19,""macd_slow"":36,""macd_signal"":12,""allowshort"":true}",2014-01-01,2024-12-31,2025-01-01,2026-04-20,2014-01-01,2026-04-20,146.0,16.0,5.0,11.0,31.25,220544.4,-191580.52,21.75,,100.33,668215.873,-927218.25,-100.47,-0.0,-0.0,0.0321,-0.0,20.0,20.0,4.0,16.0,20.0,96049.14,-40134.53,22.3,,46.68,116083.70999999998,-122756.50199999992,-25.8,-0.46,-0.57,0.0187,-0.02,166.0,16.0,6.0,10.0,37.5,183787.78,-210635.57,20.81,,100.33,668215.873,-927218.25,-100.36,-0.05,-0.05,0.0307,-0.0
AFKS,macd,1D,Bayesian_TPE,13,0.882,11,43,8,True,164.02,0.453,0.516,84.22,184,38.59,True,"{""sampler"":""TPESampler"",""seed"":42,""n_trials"":50,""direction"":""maximize"",""objective"":""composite = Sharpe * (Return% / MaxDD%)""}","{""macd_fast"":11,""macd_slow"":43,""macd_signal"":8,""allowshort"":true}",2014-01-01,2024-12-31,2025-01-01,2026-04-20,2014-01-01,2026-04-20,184.0,184.0,71.0,112.0,38.59,168227.84,-91999.88,21.71,,84.22,917700.0,-800409.2800000001,164.02,0.45,0.52,0.0287,0.02,28.0,28.0,12.0,16.0,42.86,66314.25,-38696.94,16.18,,33.46,209693.27599999993,-98377.55199999997,17.66,0.48,0.63,0.0192,0.03,212.0,212.0,83.0,128.0,39.15,166310.46,-92620.62,21.08,,84.22,917700.0,-800409.2800000001,194.83,0.44,0.51,0.0276,0.01
AFKS,macd,1D,Bayesian_TPE,14,-0.069,17,35,12,True,-71.13,0.092,0.097,94.85,158,34.18,True,"{""sampler"":""TPESampler"",""seed"":42,""n_trials"":50,""direction"":""maximize"",""objective"":""composite = Sharpe * (Return% / MaxDD%)""}","{""macd_fast"":17,""macd_slow"":35,""macd_signal"":12,""allowshort"":true}",2014-01-01,2024-12-31,2025-01-01,2026-04-20,2014-01-01,2026-04-20,158.0,158.0,54.0,104.0,34.18,47911.69,-31716.35,25.28,,94.85,781310.324,-886463.8400000001,-71.13,0.09,0.1,0.0299,0.0,22.0,22.0,4.0,18.0,18.18,94935.8,-37331.29,20.32,,46.68,113084.48999999998,-137816.21699999995,-29.22,-0.56,-0.69,0.0188,-0.02,180.0,180.0,58.0,122.0,32.22,45922.16,-28493.87,24.83,,94.85,781310.324,-886463.8400000001,-81.28,0.02,0.02,0.0288,0.0
AFKS,macd,1D,Bayesian_TPE,15,0.683,12,41,7,True,134.41,0.429,0.488,84.44,184,38.59,True,"{""sampler"":""TPESampler"",""seed"":42,""n_trials"":50,""direction"":""maximize"",""objective"":""composite = Sharpe * (Return% / MaxDD%)""}","{""macd_fast"":12,""macd_slow"":41,""macd_signal"":7,""allowshort"":true}",2014-01-01,2024-12-31,2025-01-01,2026-04-20,2014-01-01,2026-04-20,184.0,184.0,71.0,112.0,38.59,156745.47,-87364.67,21.71,,84.44,913836.0,-904915.44,134.41,0.43,0.49,0.0287,0.01,32.0,32.0,12.0,20.0,37.5,54928.23,-31752.1,14.16,,33.51,183014.40399999995,-98377.55199999997,2.41,0.2,0.26,0.0192,0.01,216.0,216.0,83.0,132.0,38.43,150313.14,-84830.66,20.69,,84.44,913836.0,-904915.44,127.83,0.4,0.45,0.0277,0.01
AFKS,macd,1D,Bayesian_TPE,16,0.032,17,32,15,True,-100.39,-0.032,-0.031,100.29,12,41.67,True,"{""sampler"":""TPESampler"",""seed"":42,""n_trials"":50,""direction"":""maximize"",""objective"":""composite = Sharpe * (Return% / MaxDD%)""}","{""macd_fast"":17,""macd_slow"":32,""macd_signal"":15,""allowshort"":true}",2014-01-01,2024-12-31,2025-01-01,2026-04-20,2014-01-01,2026-04-20,152.0,12.0,5.0,7.0,41.67,230113.75,-307944.79,29.0,,100.29,722898.023,-1003098.6,-100.5,-0.03,-0.03,0.0321,-0.0,20.0,20.0,4.0,16.0,20.0,94097.53,-40303.46,22.35,,46.04,114439.34999999998,-137816.21699999995,-26.85,-0.49,-0.6,0.0188,-0.02,172.0,12.0,6.0,6.0,50.0,191762.3,-359083.47,27.75,,100.29,722898.023,-1003098.6,-100.39,-0.08,-0.08,0.0308,-0.0
AFKS,macd,1D,Bayesian_TPE,17,0.496,9,45,11,True,103.62,0.401,0.457,83.71,178,37.08,True,"{""sampler"":""TPESampler"",""seed"":42,""n_trials"":50,""direction"":""maximize"",""objective"":""composite = Sharpe * (Return% / MaxDD%)""}","{""macd_fast"":9,""macd_slow"":45,""macd_signal"":11,""allowshort"":true}",2014-01-01,2024-12-31,2025-01-01,2026-04-20,2014-01-01,2026-04-20,178.0,178.0,66.0,111.0,37.08,135461.94,-71209.69,22.44,,83.71,747209.6,-786660.9199999999,103.62,0.4,0.46,0.0286,0.01,28.0,28.0,10.0,18.0,35.71,79229.85,-36186.27,16.14,,35.88,209865.645,-117249.96799999996,14.09,0.42,0.54,0.0192,0.02,206.0,206.0,76.0,129.0,36.89,135650.66,-70866.49,21.7,,83.71,747209.6,-786660.9199999999,116.77,0.39,0.44,0.0276,0.01
AFKS,macd,1D,Bayesian_TPE,18,-0.021,5,31,8,False,-10.89,0.141,0.113,73.8,149,38.93,False,"{""sampler"":""TPESampler"",""seed"":42,""n_trials"":50,""direction"":""maximize"",""objective"":""composite = Sharpe * (Return% / MaxDD%)""}","{""macd_fast"":5,""macd_slow"":31,""macd_signal"":8,""allowshort"":false}",2014-01-01,2024-12-31,2025-01-01,2026-04-20,2014-01-01,2026-04-20,298.0,149.0,58.0,90.0,38.93,45698.12,-30660.25,13.79,,73.8,201862.61999999997,-375635.6099999999,-10.89,0.14,0.11,0.0203,0.0,42.0,21.0,7.0,14.0,33.33,45927.19,-19620.44,10.24,,13.51,153482.97000000003,-63097.580000000016,4.68,0.24,0.24,0.0147,0.03,340.0,170.0,65.0,104.0,38.24,44317.39,-28773.82,13.43,,73.8,201862.61999999997,-375635.6099999999,-11.18,0.14,0.11,0.0197,0.0
AFKS,macd,1D,Bayesian_TPE,19,0.417,15,38,6,True,91.88,0.389,0.444,85.61,192,36.98,True,"{""sampler"":""TPESampler"",""seed"":42,""n_trials"":50,""direction"":""maximize"",""objective"":""composite = Sharpe * (Return% / MaxDD%)""}","{""macd_fast"":15,""macd_slow"":38,""macd_signal"":6,""allowshort"":true}",2014-01-01,2024-12-31,2025-01-01,2026-04-20,2014-01-01,2026-04-20,192.0,192.0,71.0,120.0,36.98,149801.11,-80975.96,20.81,,85.61,948150.0,-815709.7000000001,91.88,0.39,0.44,0.0287,0.01,28.0,28.0,12.0,16.0,42.86,66314.25,-38696.94,16.18,,33.46,209693.27599999993,-98377.55199999997,17.66,0.48,0.63,0.0192,0.03,220.0,220.0,83.0,136.0,37.73,144425.76,-79739.97,20.32,,85.61,948150.0,-815709.7000000001,114.27,0.38,0.44,0.0276,0.01
AFKS,macd,1D,Bayesian_TPE,20,0.225,8,21,13,True,55.97,0.337,0.38,83.7,208,39.42,True,"{""sampler"":""TPESampler"",""seed"":42,""n_trials"":50,""direction"":""maximize"",""objective"":""composite = Sharpe * (Return% / MaxDD%)""}","{""macd_fast"":8,""macd_slow"":21,""macd_signal"":13,""allowshort"":true}",2014-01-01,2024-12-31,2025-01-01,2026-04-20,2014-01-01,2026-04-20,208.0,208.0,82.0,125.0,39.42,85660.1,-51715.49,19.21,,83.7,344562.01,-654681.765,55.97,0.34,0.38,0.0286,0.01,30.0,30.0,12.0,18.0,40.0,52389.71,-35220.51,15.13,,32.56,170703.1529999999,-117942.26499999998,-0.53,0.14,0.19,0.0195,0.01,238.0,238.0,94.0,143.0,39.5,83331.22,-51653.59,18.78,,83.7,338549.25,-654681.765,44.67,0.31,0.35,0.0276,0.01
AFKS,macd,1D,Bayesian_TPE,21,0.678,12,45,8,True,133.1,0.428,0.489,84.03,178,37.08,True,"{""sampler"":""TPESampler"",""seed"":42,""n_trials"":50,""direction"":""maximize"",""objective"":""composite = Sharpe * (Return% / MaxDD%)""}","{""macd_fast"":12,""macd_slow"":45,""macd_signal"":8,""allowshort"":true}",2014-01-01,2024-12-31,2025-01-01,2026-04-20,2014-01-01,2026-04-20,178.0,178.0,66.0,111.0,37.08,154850.89,-80082.22,22.44,,84.03,836987.0,-725953.4400000001,133.1,0.43,0.49,0.0287,0.01,28.0,28.0,11.0,17.0,39.29,76991.08,-37268.73,16.14,,32.33,223182.49499999997,-117249.96799999996,21.33,0.54,0.71,0.0192,0.03,206.0,206.0,77.0,128.0,37.38,154624.56,-80211.91,21.7,,84.03,836987.0,-725953.4400000001,163.9,0.42,0.49,0.0277,0.01
AFKS,macd,1D,Bayesian_TPE,22,0.496,11,45,9,True,103.62,0.401,0.457,83.71,178,37.08,True,"{""sampler"":""TPESampler"",""seed"":42,""n_trials"":50,""direction"":""maximize"",""objective"":""composite = Sharpe * (Return% / MaxDD%)""}","{""macd_fast"":11,""macd_slow"":45,""macd_signal"":9,""allowshort"":true}",2014-01-01,2024-12-31,2025-01-01,2026-04-20,2014-01-01,2026-04-20,178.0,178.0,66.0,111.0,37.08,135461.94,-71209.69,22.44,,83.71,747209.6,-786660.9199999999,103.62,0.4,0.46,0.0286,0.01,28.0,28.0,10.0,18.0,35.71,79229.85,-36186.27,16.14,,35.88,209865.645,-117249.96799999996,14.09,0.42,0.54,0.0192,0.02,206.0,206.0,76.0,129.0,36.89,135650.66,-70866.49,21.7,,83.71,747209.6,-786660.9199999999,116.77,0.39,0.44,0.0276,0.01
AFKS,macd,1D,Bayesian_TPE,23,-0.038,5,50,6,True,-14.98,0.216,0.244,85.41,308,38.64,True,"{""sampler"":""TPESampler"",""seed"":42,""n_trials"":50,""direction"":""maximize"",""objective"":""composite = Sharpe * (Return% / MaxDD%)""}","{""macd_fast"":5,""macd_slow"":50,""macd_signal"":6,""allowshort"":true}",2014-01-01,2024-12-31,2025-01-01,2026-04-20,2014-01-01,2026-04-20,308.0,308.0,119.0,189.0,38.64,34174.04,-22309.35,12.99,,85.41,248550.83499999993,-457254.9149999999,-14.98,0.22,0.24,0.0287,0.01,44.0,44.0,16.0,28.0,36.36,67491.4,-28897.48,10.32,,17.71,225400.39199999985,-78645.85200000006,27.07,0.63,0.88,0.0195,0.07,352.0,352.0,135.0,217.0,38.35,36040.31,-22386.95,12.72,,85.41,248550.83499999993,-457254.9149999999,0.75,0.24,0.27,0.0277,0.01
AFKS,macd,1D,Bayesian_TPE,24,-0.063,18,41,7,True,-28.89,0.193,0.214,89.09,168,35.12,True,"{""sampler"":""TPESampler"",""seed"":42,""n_trials"":50,""direction"":""maximize"",""objective"":""composite = Sharpe * (Return% / MaxDD%)""}","{""macd_fast"":18,""macd_slow"":41,""macd_signal"":7,""allowshort"":true}",2014-01-01,2024-12-31,2025-01-01,2026-04-20,2014-01-01,2026-04-20,168.0,168.0,59.0,108.0,35.12,72559.11,-42313.42,23.78,,89.09,705121.7,-742355.2,-28.89,0.19,0.21,0.0288,0.01,30.0,30.0,8.0,22.0,26.67,71280.1,-36233.01,15.0,,50.43,141009.92000000013,-132778.62699999983,-22.69,-0.38,-0.47,0.0186,-0.01,198.0,198.0,67.0,130.0,33.84,69010.53,-39267.95,22.58,,89.09,705121.7,-742355.2,-48.11,0.13,0.15,0.0277,0.0
AFKS,macd,1D,Bayesian_TPE,25,-0.04,13,47,9,True,-15.7,0.227,0.251,88.13,170,36.47,True,"{""sampler"":""TPESampler"",""seed"":42,""n_trials"":50,""direction"":""maximize"",""objective"":""composite = Sharpe * (Return% / MaxDD%)""}","{""macd_fast"":13,""macd_slow"":47,""macd_signal"":9,""allowshort"":true}",2014-01-01,2024-12-31,2025-01-01,2026-04-20,2014-01-01,2026-04-20,170.0,170.0,62.0,108.0,36.47,76757.17,-45518.43,23.5,,88.13,716139.6,-753960.51,-15.7,0.23,0.25,0.0288,0.01,30.0,30.0,8.0,22.0,26.67,73222.2,-32407.63,15.0,,40.74,155221.07599999997,-104571.97199999998,-12.72,-0.13,-0.16,0.0188,-0.01,200.0,200.0,70.0,130.0,35.0,73965.07,-42178.4,22.35,,88.13,716139.6,-753960.51,-30.56,0.18,0.21,0.0277,0.01
AFKS,macd,1D,Bayesian_TPE,26,0.311,9,43,6,False,69.0,0.323,0.26,71.57,110,38.18,False,"{""sampler"":""TPESampler"",""seed"":42,""n_trials"":50,""direction"":""maximize"",""objective"":""composite = Sharpe * (Return% / MaxDD%)""}","{""macd_fast"":9,""macd_slow"":43,""macd_signal"":6,""allowshort"":false}",2014-01-01,2024-12-31,2025-01-01,2026-04-20,2014-01-01,2026-04-20,220.0,110.0,42.0,68.0,38.18,94989.6,-48522.48,18.95,,71.57,408400.0,-413456.29,69.0,0.32,0.26,0.0204,0.01,38.0,19.0,7.0,12.0,36.84,46754.06,-20052.04,11.26,,15.67,144204.61400000012,-33463.0,8.67,0.33,0.34,0.0145,0.03,258.0,129.0,49.0,80.0,37.98,89616.49,-45984.17,17.98,,71.57,408400.0,-413456.29,71.25,0.3,0.25,0.0197,0.01
AFKS,macd,1D,Bayesian_TPE,27,-0.06,16,39,9,True,-74.49,0.077,0.079,95.93,162,35.19,True,"{""sampler"":""TPESampler"",""seed"":42,""n_trials"":50,""direction"":""maximize"",""objective"":""composite = Sharpe * (Return% / MaxDD%)""}","{""macd_fast"":16,""macd_slow"":39,""macd_signal"":9,""allowshort"":true}",2014-01-01,2024-12-31,2025-01-01,2026-04-20,2014-01-01,2026-04-20,162.0,162.0,57.0,105.0,35.19,42651.44,-30248.19,24.66,,95.93,716139.6,-915792.3,-74.49,0.08,0.08,0.0304,0.0,28.0,28.0,7.0,21.0,25.0,79399.56,-38653.2,16.07,,50.85,141009.92000000013,-132778.62699999983,-25.59,-0.46,-0.57,0.0186,-0.02,190.0,190.0,64.0,126.0,33.68,39852.75,-26757.58,23.53,,95.93,716139.6,-915792.3,-82.09,0.02,0.02,0.0292,0.0
AFKS,macd,1D,Bayesian_TPE,28,-0.084,20,31,11,True,-67.0,0.118,0.124,94.64,158,33.54,True,"{""sampler"":""TPESampler"",""seed"":42,""n_trials"":50,""direction"":""maximize"",""objective"":""composite = Sharpe * (Return% / MaxDD%)""}","{""macd_fast"":20,""macd_slow"":31,""macd_signal"":11,""allowshort"":true}",2014-01-01,2024-12-31,2025-01-01,2026-04-20,2014-01-01,2026-04-20,158.0,158.0,53.0,105.0,33.54,51837.59,-32546.83,25.28,,94.64,800039.697,-907716.96,-67.0,0.12,0.12,0.0299,0.0,22.0,22.0,4.0,18.0,18.18,94935.8,-37331.29,20.32,,46.68,113084.48999999998,-137816.21699999995,-29.22,-0.56,-0.69,0.0188,-0.02,180.0,180.0,57.0,123.0,31.67,49728.75,-29435.47,24.83,,94.64,800039.697,-907716.96,-78.6,0.04,0.05,0.0288,0.0
AFKS,macd,1D,Bayesian_TPE,29,-0.059,9,49,14,True,-74.71,0.075,0.077,95.72,162,35.19,True,"{""sampler"":""TPESampler"",""seed"":42,""n_trials"":50,""direction"":""maximize"",""objective"":""composite = Sharpe * (Return% / MaxDD%)""}","{""macd_fast"":9,""macd_slow"":49,""macd_signal"":14,""allowshort"":true}",2014-01-01,2024-12-31,2025-01-01,2026-04-20,2014-01-01,2026-04-20,162.0,162.0,57.0,105.0,35.19,43304.72,-30623.52,24.66,,95.72,742682.3999999999,-841904.2499999999,-74.71,0.07,0.08,0.0304,0.0,26.0,26.0,6.0,20.0,23.08,67974.01,-36031.14,17.19,,48.54,109135.70999999998,-137816.21699999995,-31.28,-0.62,-0.75,0.0188,-0.02,188.0,188.0,63.0,125.0,33.51,40344.03,-27059.51,23.78,,95.72,742682.3999999999,-841904.2499999999,-84.08,0.0,0.0,0.0292,0.0
AFKS,macd,1D,Bayesian_TPE,30,1.269,11,46,5,True,196.82,0.467,0.529,72.45,214,39.72,True,"{""sampler"":""TPESampler"",""seed"":42,""n_trials"":50,""direction"":""maximize"",""objective"":""composite = Sharpe * (Return% / MaxDD%)""}","{""macd_fast"":11,""macd_slow"":46,""macd_signal"":5,""allowshort"":true}",2014-01-01,2024-12-31,2025-01-01,2026-04-20,2014-01-01,2026-04-20,214.0,214.0,85.0,128.0,39.72,134052.99,-73643.35,18.7,,72.45,710945.0,-567304.5010000003,196.82,0.47,0.53,0.0285,0.02,38.0,38.0,15.0,23.0,39.47,58624.25,-31001.09,11.95,,25.8,204353.73599999992,-75508.43200000002,16.63,0.46,0.65,0.0194,0.03,252.0,252.0,100.0,151.0,39.68,136279.44,-75495.54,17.76,,72.45,710945.0,-567304.5010000003,222.81,0.45,0.52,0.0275,0.02
AFKS,macd,1D,Bayesian_TPE,31,1.395,11,47,5,True,211.82,0.477,0.54,72.45,214,40.19,True,"{""sampler"":""TPESampler"",""seed"":42,""n_trials"":50,""direction"":""maximize"",""objective"":""composite = Sharpe * (Return% / MaxDD%)""}","{""macd_fast"":11,""macd_slow"":47,""macd_signal"":5,""allowshort"":true}",2014-01-01,2024-12-31,2025-01-01,2026-04-20,2014-01-01,2026-04-20,214.0,214.0,86.0,127.0,40.19,138847.89,-77344.12,18.7,,72.45,746890.0,-599097.4760000004,211.82,0.48,0.54,0.0285,0.02,38.0,38.0,14.0,24.0,36.84,56971.13,-29717.85,11.95,,29.5,194144.92799999993,-75508.43200000002,8.44,0.31,0.45,0.0194,0.02,252.0,252.0,100.0,151.0,39.68,140495.22,-78785.05,17.76,,72.45,746890.0,-599097.4760000004,215.3,0.45,0.51,0.0275,0.02
AFKS,macd,1D,Bayesian_TPE,32,2.894,13,47,5,True,388.19,0.564,0.674,75.64,198,40.4,True,"{""sampler"":""TPESampler"",""seed"":42,""n_trials"":50,""direction"":""maximize"",""objective"":""composite = Sharpe * (Return% / MaxDD%)""}","{""macd_fast"":13,""macd_slow"":47,""macd_signal"":5,""allowshort"":true}",2014-01-01,2024-12-31,2025-01-01,2026-04-20,2014-01-01,2026-04-20,198.0,198.0,80.0,117.0,40.4,230421.53,-124374.96,20.18,,75.64,1195184.568,-1075971.7860000003,388.19,0.56,0.67,0.0279,0.02,30.0,30.0,12.0,18.0,40.0,74349.83,-33549.93,15.1,,32.13,230528.87699999992,-84968.89499999996,28.83,0.66,0.91,0.0192,0.04,228.0,228.0,92.0,135.0,40.35,242597.54,-128517.9,19.61,,75.64,1195184.568,-1075971.7860000003,496.91,0.56,0.67,0.027,0.02
AFKS,macd,1D,Bayesian_TPE,33,1.395,11,47,5,True,211.82,0.477,0.54,72.45,214,40.19,True,"{""sampler"":""TPESampler"",""seed"":42,""n_trials"":50,""direction"":""maximize"",""objective"":""composite = Sharpe * (Return% / MaxDD%)""}","{""macd_fast"":11,""macd_slow"":47,""macd_signal"":5,""allowshort"":true}",2014-01-01,2024-12-31,2025-01-01,2026-04-20,2014-01-01,2026-04-20,214.0,214.0,86.0,127.0,40.19,138847.89,-77344.12,18.7,,72.45,746890.0,-599097.4760000004,211.82,0.48,0.54,0.0285,0.02,38.0,38.0,14.0,24.0,36.84,56971.13,-29717.85,11.95,,29.5,194144.92799999993,-75508.43200000002,8.44,0.31,0.45,0.0194,0.02,252.0,252.0,100.0,151.0,39.68,140495.22,-78785.05,17.76,,72.45,746890.0,-599097.4760000004,215.3,0.45,0.51,0.0275,0.02
AFKS,macd,1D,Bayesian_TPE,34,0.585,13,50,5,False,99.14,0.365,0.323,61.9,102,37.25,False,"{""sampler"":""TPESampler"",""seed"":42,""n_trials"":50,""direction"":""maximize"",""objective"":""composite = Sharpe * (Return% / MaxDD%)""}","{""macd_fast"":13,""macd_slow"":50,""macd_signal"":5,""allowshort"":false}",2014-01-01,2024-12-31,2025-01-01,2026-04-20,2014-01-01,2026-04-20,204.0,102.0,38.0,63.0,37.25,130860.81,-63194.78,20.73,,61.9,538389.176,-469951.38,99.14,0.37,0.32,0.0193,0.01,30.0,15.0,8.0,7.0,53.33,39986.12,-26728.36,14.33,,16.74,144997.3099999999,-79584.25499999996,13.28,0.45,0.43,0.0144,0.04,234.0,117.0,46.0,70.0,39.32,119041.8,-61927.09,20.09,,61.9,538389.176,-469951.38,114.1,0.36,0.32,0.0188,0.01
AFKS,macd,1D,Bayesian_TPE,35,-0.015,7,47,5,True,-5.41,0.237,0.268,85.51,300,37.33,True,"{""sampler"":""TPESampler"",""seed"":42,""n_trials"":50,""direction"":""maximize"",""objective"":""composite = Sharpe * (Return% / MaxDD%)""}","{""macd_fast"":7,""macd_slow"":47,""macd_signal"":5,""allowshort"":true}",2014-01-01,2024-12-31,2025-01-01,2026-04-20,2014-01-01,2026-04-20,300.0,300.0,112.0,188.0,37.33,41290.04,-24886.11,13.34,,85.51,272295.20499999996,-500937.0449999999,-5.41,0.24,0.27,0.0286,0.01,44.0,44.0,15.0,29.0,34.09,62047.98,-27226.31,10.32,,19.21,204689.70899999983,-71712.18000000005,14.12,0.41,0.58,0.0195,0.04,344.0,344.0,127.0,217.0,36.92,42374.24,-24769.59,13.01,,85.51,272295.20499999996,-500937.0449999999,0.65,0.24,0.27,0.0276,0.01
AFKS,macd,1D,Bayesian_TPE,36,0.789,14,48,6,True,150.86,0.443,0.505,84.71,192,36.98,True,"{""sampler"":""TPESampler"",""seed"":42,""n_trials"":50,""direction"":""maximize"",""objective"":""composite = Sharpe * (Return% / MaxDD%)""}","{""macd_fast"":14,""macd_slow"":48,""macd_signal"":6,""allowshort"":true}",2014-01-01,2024-12-31,2025-01-01,2026-04-20,2014-01-01,2026-04-20,192.0,192.0,71.0,120.0,36.98,130900.28,-64877.58,20.81,,84.71,783727.5,-817203.74,150.86,0.44,0.5,0.0286,0.01,30.0,30.0,11.0,19.0,36.67,82825.08,-38333.72,15.07,,31.84,214740.328,-86500.32500000008,18.27,0.49,0.64,0.0187,0.03,222.0,222.0,82.0,139.0,36.94,137298.69,-68274.19,20.14,,84.71,783727.5,-817203.74,176.84,0.43,0.5,0.0275,0.01
AFKS,macd,1D,Bayesian_TPE,37,-0.022,10,43,14,False,-24.21,0.069,0.058,76.84,82,32.93,False,"{""sampler"":""TPESampler"",""seed"":42,""n_trials"":50,""direction"":""maximize"",""objective"":""composite = Sharpe * (Return% / MaxDD%)""}","{""macd_fast"":10,""macd_slow"":43,""macd_signal"":14,""allowshort"":false}",2014-01-01,2024-12-31,2025-01-01,2026-04-20,2014-01-01,2026-04-20,164.0,82.0,27.0,55.0,32.93,88641.67,-47916.65,25.46,,76.84,297979.165,-459755.55,-24.21,0.07,0.06,0.0185,0.0,28.0,14.0,2.0,12.0,14.29,94910.67,-32314.5,16.36,,36.16,111895.78499999996,-125857.44699999984,-19.8,-0.55,-0.48,0.013,-0.02,192.0,96.0,29.0,67.0,30.21,85740.64,-43474.39,24.4,,76.84,297979.165,-459755.55,-42.63,-0.0,-0.0,0.018,-0.0
AFKS,macd,1D,Bayesian_TPE,38,1.289,8,50,7,True,199.17,0.469,0.531,72.45,218,38.99,True,"{""sampler"":""TPESampler"",""seed"":42,""n_trials"":50,""direction"":""maximize"",""objective"":""composite = Sharpe * (Return% / MaxDD%)""}","{""macd_fast"":8,""macd_slow"":50,""macd_signal"":7,""allowshort"":true}",2014-01-01,2024-12-31,2025-01-01,2026-04-20,2014-01-01,2026-04-20,218.0,218.0,85.0,132.0,38.99,136989.3,-73124.38,18.35,,72.45,738255.0,-579501.6270000003,199.17,0.47,0.53,0.0285,0.02,38.0,38.0,13.0,25.0,34.21,57791.97,-30942.11,11.95,,37.8,171310.10399999993,-75508.43200000002,-2.23,0.11,0.15,0.0194,0.01,256.0,256.0,98.0,157.0,38.28,138142.43,-75225.36,17.48,,72.45,738255.0,-579501.6270000003,172.76,0.42,0.48,0.0275,0.02
AFKS,macd,1D,Bayesian_TPE,39,2.848,13,48,5,True,383.57,0.562,0.672,75.69,200,40.0,True,"{""sampler"":""TPESampler"",""seed"":42,""n_trials"":50,""direction"":""maximize"",""objective"":""composite = Sharpe * (Return% / MaxDD%)""}","{""macd_fast"":13,""macd_slow"":48,""macd_signal"":5,""allowshort"":true}",2014-01-01,2024-12-31,2025-01-01,2026-04-20,2014-01-01,2026-04-20,200.0,200.0,80.0,119.0,40.0,226022.12,-119715.12,19.98,,75.69,1129909.48,-1161360.39,383.57,0.56,0.67,0.0279,0.02,30.0,30.0,13.0,17.0,43.33,71606.12,-35747.31,15.1,,32.13,239021.75399999996,-84968.89499999996,32.32,0.71,0.98,0.0191,0.04,230.0,230.0,93.0,136.0,40.43,237718.21,-125258.4,19.43,,75.69,1129909.48,-1161360.39,507.27,0.56,0.68,0.0269,0.02
AFKS,macd,1D,Bayesian_TPE,40,0.351,13,44,5,True,79.3,0.365,0.414,82.45,206,38.35,True,"{""sampler"":""TPESampler"",""seed"":42,""n_trials"":50,""direction"":""maximize"",""objective"":""composite = Sharpe * (Return% / MaxDD%)""}","{""macd_fast"":13,""macd_slow"":44,""macd_signal"":5,""allowshort"":true}",2014-01-01,2024-12-31,2025-01-01,2026-04-20,2014-01-01,2026-04-20,206.0,206.0,79.0,126.0,38.35,95330.23,-53477.09,19.42,,82.45,438959.852,-491203.2,79.3,0.37,0.41,0.0286,0.01,34.0,34.0,11.0,23.0,32.35,76807.2,-29530.35,13.32,,31.8,218289.98599999992,-80076.28499999996,16.57,0.46,0.64,0.0192,0.03,240.0,240.0,90.0,149.0,37.5,98639.09,-52979.15,18.65,,82.45,438959.852,-491203.2,98.36,0.36,0.41,0.0275,0.01
AFKS,macd,1D,Bayesian_TPE,41,1.725,12,48,6,True,275.42,0.524,0.595,83.64,192,41.15,True,"{""sampler"":""TPESampler"",""seed"":42,""n_trials"":50,""direction"":""maximize"",""objective"":""composite = Sharpe * (Return% / MaxDD%)""}","{""macd_fast"":12,""macd_slow"":48,""macd_signal"":6,""allowshort"":true}",2014-01-01,2024-12-31,2025-01-01,2026-04-20,2014-01-01,2026-04-20,192.0,192.0,79.0,112.0,41.15,167251.86,-93381.2,20.81,,83.64,840544.4519999999,-818936.58,275.42,0.52,0.6,0.0287,0.02,30.0,30.0,13.0,17.0,43.33,71211.74,-36488.97,15.1,,32.45,237880.66399999996,-84968.89499999996,30.54,0.69,0.95,0.0191,0.04,222.0,222.0,92.0,129.0,41.44,177394.24,-98208.59,20.14,,83.64,847588.7339999998,-818936.58,365.14,0.53,0.6,0.0277,0.02
AFKS,macd,1D,Bayesian_TPE,42,1.725,12,48,6,True,275.42,0.524,0.595,83.64,192,41.15,True,"{""sampler"":""TPESampler"",""seed"":42,""n_trials"":50,""direction"":""maximize"",""objective"":""composite = Sharpe * (Return% / MaxDD%)""}","{""macd_fast"":12,""macd_slow"":48,""macd_signal"":6,""allowshort"":true}",2014-01-01,2024-12-31,2025-01-01,2026-04-20,2014-01-01,2026-04-20,192.0,192.0,79.0,112.0,41.15,167251.86,-93381.2,20.81,,83.64,840544.4519999999,-818936.58,275.42,0.52,0.6,0.0287,0.02,30.0,30.0,13.0,17.0,43.33,71211.74,-36488.97,15.1,,32.45,237880.66399999996,-84968.89499999996,30.54,0.69,0.95,0.0191,0.04,222.0,222.0,92.0,129.0,41.44,177394.24,-98208.59,20.14,,83.64,847588.7339999998,-818936.58,365.14,0.53,0.6,0.0277,0.02
AFKS,macd,1D,Bayesian_TPE,43,1.725,12,48,6,True,275.42,0.524,0.595,83.64,192,41.15,True,"{""sampler"":""TPESampler"",""seed"":42,""n_trials"":50,""direction"":""maximize"",""objective"":""composite = Sharpe * (Return% / MaxDD%)""}","{""macd_fast"":12,""macd_slow"":48,""macd_signal"":6,""allowshort"":true}",2014-01-01,2024-12-31,2025-01-01,2026-04-20,2014-01-01,2026-04-20,192.0,192.0,79.0,112.0,41.15,167251.86,-93381.2,20.81,,83.64,840544.4519999999,-818936.58,275.42,0.52,0.6,0.0287,0.02,30.0,30.0,13.0,17.0,43.33,71211.74,-36488.97,15.1,,32.45,237880.66399999996,-84968.89499999996,30.54,0.69,0.95,0.0191,0.04,222.0,222.0,92.0,129.0,41.44,177394.24,-98208.59,20.14,,83.64,847588.7339999998,-818936.58,365.14,0.53,0.6,0.0277,0.02
AFKS,macd,1D,Bayesian_TPE,44,0.337,15,49,6,True,77.31,0.373,0.426,85.55,186,36.56,True,"{""sampler"":""TPESampler"",""seed"":42,""n_trials"":50,""direction"":""maximize"",""objective"":""composite = Sharpe * (Return% / MaxDD%)""}","{""macd_fast"":15,""macd_slow"":49,""macd_signal"":6,""allowshort"":true}",2014-01-01,2024-12-31,2025-01-01,2026-04-20,2014-01-01,2026-04-20,186.0,186.0,68.0,117.0,36.56,108492.21,-56447.73,21.48,,85.55,779693.7,-812984.72,77.31,0.37,0.43,0.0286,0.01,28.0,28.0,10.0,18.0,35.71,94128.5,-40387.77,16.14,,34.82,228073.6220000001,-85859.54500000009,21.43,0.55,0.72,0.0187,0.03,214.0,214.0,78.0,135.0,36.45,113025.74,-57830.27,20.89,,85.55,779693.7,-812984.72,100.89,0.37,0.43,0.0275,0.01
AFKS,macd,1D,Bayesian_TPE,45,1.375,12,48,7,True,231.96,0.499,0.569,84.19,188,38.83,True,"{""sampler"":""TPESampler"",""seed"":42,""n_trials"":50,""direction"":""maximize"",""objective"":""composite = Sharpe * (Return% / MaxDD%)""}","{""macd_fast"":12,""macd_slow"":48,""macd_signal"":7,""allowshort"":true}",2014-01-01,2024-12-31,2025-01-01,2026-04-20,2014-01-01,2026-04-20,188.0,188.0,73.0,114.0,38.83,166867.75,-86506.45,21.25,,84.19,882735.0,-759421.56,231.96,0.5,0.57,0.0286,0.02,28.0,28.0,12.0,16.0,42.86,85904.8,-40070.6,16.14,,33.46,253622.265,-90098.99999999996,38.97,0.81,1.12,0.0192,0.05,216.0,216.0,85.0,130.0,39.35,178259.45,-91135.04,20.69,,84.19,882735.0,-759421.56,330.45,0.51,0.59,0.0276,0.02
AFKS,macd,1D,Bayesian_TPE,46,0.965,14,46,6,True,176.11,0.462,0.528,84.28,194,38.14,True,"{""sampler"":""TPESampler"",""seed"":42,""n_trials"":50,""direction"":""maximize"",""objective"":""composite = Sharpe * (Return% / MaxDD%)""}","{""macd_fast"":14,""macd_slow"":46,""macd_signal"":6,""allowshort"":true}",2014-01-01,2024-12-31,2025-01-01,2026-04-20,2014-01-01,2026-04-20,194.0,194.0,74.0,119.0,38.14,143421.36,-74386.83,20.59,,84.28,826218.75,-710813.1,176.11,0.46,0.53,0.0286,0.02,28.0,28.0,12.0,16.0,42.86,86573.02,-40125.41,16.14,,33.46,256738.44299999988,-90098.99999999996,39.69,0.82,1.13,0.0192,0.05,222.0,222.0,86.0,135.0,38.74,152381.11,-77822.49,20.14,,84.28,826218.75,-710813.1,259.87,0.48,0.55,0.0276,0.02
AFKS,macd,1D,Bayesian_TPE,47,0.974,13,49,6,False,141.23,0.423,0.374,61.32,94,37.23,False,"{""sampler"":""TPESampler"",""seed"":42,""n_trials"":50,""direction"":""maximize"",""objective"":""composite = Sharpe * (Return% / MaxDD%)""}","{""macd_fast"":13,""macd_slow"":49,""macd_signal"":6,""allowshort"":false}",2014-01-01,2024-12-31,2025-01-01,2026-04-20,2014-01-01,2026-04-20,188.0,94.0,35.0,58.0,37.23,162965.68,-73992.1,22.34,,61.32,594306.7199999999,-493770.22,141.23,0.42,0.37,0.0192,0.01,28.0,14.0,6.0,8.0,42.86,55578.8,-34179.67,15.43,,22.53,199363.0439999999,-82637.60999999996,6.0,0.27,0.25,0.0135,0.02,216.0,108.0,41.0,66.0,37.96,153484.76,-74348.26,21.66,,61.32,594306.7199999999,-493770.22,138.59,0.39,0.34,0.0186,0.01
AFKS,macd,1D,Bayesian_TPE,48,0.793,14,42,7,True,150.16,0.442,0.505,83.7,184,36.41,True,"{""sampler"":""TPESampler"",""seed"":42,""n_trials"":50,""direction"":""maximize"",""objective"":""composite = Sharpe * (Return% / MaxDD%)""}","{""macd_fast"":14,""macd_slow"":42,""macd_signal"":7,""allowshort"":true}",2014-01-01,2024-12-31,2025-01-01,2026-04-20,2014-01-01,2026-04-20,184.0,184.0,67.0,116.0,36.41,162955.84,-81176.11,21.71,,83.7,842340.0,-730594.8,150.16,0.44,0.51,0.0287,0.02,28.0,28.0,11.0,17.0,39.29,76991.08,-37268.73,16.14,,32.33,223182.49499999997,-117249.96799999996,21.33,0.54,0.71,0.0192,0.03,212.0,212.0,78.0,133.0,36.79,163171.1,-81919.3,21.08,,83.7,842340.0,-730594.8,183.21,0.44,0.5,0.0277,0.01
AFKS,macd,1D,Bayesian_TPE,49,1.754,12,45,5,True,253.18,0.502,0.568,72.45,206,39.81,True,"{""sampler"":""TPESampler"",""seed"":42,""n_trials"":50,""direction"":""maximize"",""objective"":""composite = Sharpe * (Return% / MaxDD%)""}","{""macd_fast"":12,""macd_slow"":45,""macd_signal"":5,""allowshort"":true}",2014-01-01,2024-12-31,2025-01-01,2026-04-20,2014-01-01,2026-04-20,206.0,206.0,82.0,123.0,39.81,158119.23,-84829.38,19.42,,72.45,845945.0,-720666.4990000004,253.18,0.5,0.57,0.0285,0.02,38.0,38.0,12.0,26.0,31.58,64244.14,-29452.67,11.95,,36.04,197475.1499999999,-71408.24999999997,0.52,0.16,0.23,0.0193,0.01,244.0,244.0,94.0,149.0,38.52,162406.23,-86952.48,18.34,,72.45,845945.0,-720666.4990000004,231.03,0.46,0.52,0.0275,0.02
ROSN,macd,1D,Bayesian_TPE,0,-0.018,10,49,13,True,-20.56,0.06,0.098,70.2,195,33.33,True,"{""sampler"":""TPESampler"",""seed"":42,""n_trials"":50,""direction"":""maximize"",""objective"":""composite = Sharpe * (Return% / MaxDD%)""}","{""macd_fast"":10,""macd_slow"":49,""macd_signal"":13,""allowshort"":true}",2014-01-01,2024-12-31,2025-01-01,2026-04-20,2014-01-01,2026-04-20,195.0,195.0,65.0,130.0,33.33,51390.87,-27277.11,20.52,,70.2,267385.2000000002,-117429.60000000002,-20.56,0.06,0.1,0.0174,0.0,23.0,23.0,8.0,15.0,34.78,93817.11,-28875.03,20.0,,23.27,239955.9999999999,-86538.54999999997,31.74,0.78,1.25,0.0162,0.05,218.0,218.0,73.0,145.0,33.49,51861.33,-26570.67,20.54,,70.2,267385.2000000002,-117429.60000000002,-6.69,0.12,0.19,0.0173,0.0
ROSN,macd,1D,Bayesian_TPE,1,0.518,7,21,14,False,70.22,0.346,0.389,46.93,128,38.28,False,"{""sampler"":""TPESampler"",""seed"":42,""n_trials"":50,""direction"":""maximize"",""objective"":""composite = Sharpe * (Return% / MaxDD%)""}","{""macd_fast"":7,""macd_slow"":21,""macd_signal"":14,""allowshort"":false}",2014-01-01,2024-12-31,2025-01-01,2026-04-20,2014-01-01,2026-04-20,255.0,128.0,49.0,79.0,38.28,71488.94,-35452.43,15.62,,46.93,280519.19999999995,-230750.10000000003,70.22,0.35,0.39,0.0123,0.01,33.0,16.0,5.0,11.0,31.25,69358.11,-28063.21,13.38,,25.71,220338.90000000008,-47956.99999999993,3.81,0.21,0.27,0.0128,0.01,288.0,144.0,54.0,90.0,37.5,72785.28,-36543.12,15.45,,46.93,348532.2000000001,-230750.10000000003,64.15,0.3,0.34,0.0124,0.01
ROSN,macd,1D,Bayesian_TPE,2,-0.016,5,50,14,True,-19.53,0.065,0.106,80.99,245,29.8,True,"{""sampler"":""TPESampler"",""seed"":42,""n_trials"":50,""direction"":""maximize"",""objective"":""composite = Sharpe * (Return% / MaxDD%)""}","{""macd_fast"":5,""macd_slow"":50,""macd_signal"":14,""allowshort"":true}",2014-01-01,2024-12-31,2025-01-01,2026-04-20,2014-01-01,2026-04-20,245.0,245.0,73.0,172.0,29.8,49236.41,-22032.39,16.33,,80.99,411672.3999999999,-142646.80000000002,-19.53,0.06,0.11,0.0174,0.0,33.0,33.0,12.0,21.0,36.36,55643.48,-29594.8,14.06,,35.96,192654.89999999997,-75544.0,4.62,0.24,0.35,0.0164,0.01,278.0,278.0,85.0,193.0,30.58,47485.11,-22042.08,16.1,,80.99,411672.3999999999,-142646.80000000002,-21.79,0.06,0.1,0.0173,0.0
ROSN,macd,1D,Bayesian_TPE,3,-0.003,7,29,10,True,-32.7,0.007,0.011,83.67,259,33.59,True,"{""sampler"":""TPESampler"",""seed"":42,""n_trials"":50,""direction"":""maximize"",""objective"":""composite = Sharpe * (Return% / MaxDD%)""}","{""macd_fast"":7,""macd_slow"":29,""macd_signal"":10,""allowshort"":true}",2014-01-01,2024-12-31,2025-01-01,2026-04-20,2014-01-01,2026-04-20,259.0,259.0,87.0,171.0,33.59,35934.06,-20194.78,15.45,,83.67,164593.75,-119172.60000000002,-32.7,0.01,0.01,0.0175,0.0,35.0,35.0,15.0,20.0,42.86,65798.72,-28840.45,13.29,,26.43,268936.45,-91736.75,41.02,0.93,1.57,0.0165,0.06,294.0,294.0,102.0,191.0,34.69,36486.34,-20007.67,15.23,,83.67,171691.45,-119172.60000000002,-9.99,0.11,0.17,0.0174,0.0
ROSN,macd,1D,Bayesian_TPE,4,0.465,14,24,8,False,63.31,0.326,0.37,44.43,125,35.2,False,"{""sampler"":""TPESampler"",""seed"":42,""n_trials"":50,""direction"":""maximize"",""objective"":""composite = Sharpe * (Return% / MaxDD%)""}","{""macd_fast"":14,""macd_slow"":24,""macd_signal"":8,""allowshort"":false}",2014-01-01,2024-12-31,2025-01-01,2026-04-20,2014-01-01,2026-04-20,249.0,125.0,44.0,81.0,35.2,78912.53,-35049.63,16.11,,44.43,355338.5999999999,-263774.00000000006,63.31,0.33,0.37,0.0124,0.01,29.0,14.0,3.0,11.0,21.43,93899.62,-28390.75,14.93,,25.2,198501.20000000007,-55278.0,-3.06,-0.0,-0.0,0.0122,-0.0,278.0,139.0,47.0,92.0,33.81,80497.36,-36008.68,16.07,,44.43,347085.19999999984,-263774.00000000006,47.06,0.25,0.29,0.0124,0.01
ROSN,macd,1D,Bayesian_TPE,5,0.008,17,26,10,True,4.03,0.15,0.245,71.43,193,34.2,True,"{""sampler"":""TPESampler"",""seed"":42,""n_trials"":50,""direction"":""maximize"",""objective"":""composite = Sharpe * (Return% / MaxDD%)""}","{""macd_fast"":17,""macd_slow"":26,""macd_signal"":10,""allowshort"":true}",2014-01-01,2024-12-31,2025-01-01,2026-04-20,2014-01-01,2026-04-20,193.0,193.0,66.0,127.0,34.2,62668.5,-32250.5,20.74,,71.43,427627.95000000007,-163584.39999999997,4.03,0.15,0.24,0.0175,0.0,23.0,23.0,8.0,15.0,34.78,105803.17,-27780.71,20.04,,27.77,255638.39999999997,-69639.00000000003,42.97,0.97,1.47,0.0163,0.06,216.0,216.0,74.0,142.0,34.26,65203.48,-31591.74,20.73,,71.43,427627.95000000007,-163584.39999999997,33.9,0.22,0.36,0.0173,0.01
ROSN,macd,1D,Bayesian_TPE,6,0.589,14,25,5,False,75.58,0.362,0.409,46.48,137,39.42,False,"{""sampler"":""TPESampler"",""seed"":42,""n_trials"":50,""direction"":""maximize"",""objective"":""composite = Sharpe * (Return% / MaxDD%)""}","{""macd_fast"":14,""macd_slow"":25,""macd_signal"":5,""allowshort"":false}",2014-01-01,2024-12-31,2025-01-01,2026-04-20,2014-01-01,2026-04-20,273.0,137.0,54.0,83.0,39.42,65759.81,-33677.31,14.53,,46.48,289410.29999999993,-246958.20000000004,75.58,0.36,0.41,0.0122,0.01,35.0,17.0,6.0,11.0,35.29,67856.89,-26169.77,12.35,,19.14,240735.4,-51780.29999999992,11.93,0.44,0.57,0.0126,0.03,308.0,154.0,60.0,94.0,38.96,68975.24,-34836.96,14.36,,46.48,400865.50000000006,-246958.20000000004,86.38,0.35,0.4,0.0123,0.01
ROSN,macd,1D,Bayesian_TPE,7,-0.002,17,29,6,True,-33.0,0.005,0.008,82.71,239,29.71,True,"{""sampler"":""TPESampler"",""seed"":42,""n_trials"":50,""direction"":""maximize"",""objective"":""composite = Sharpe * (Return% / MaxDD%)""}","{""macd_fast"":17,""macd_slow"":29,""macd_signal"":6,""allowshort"":true}",2014-01-01,2024-12-31,2025-01-01,2026-04-20,2014-01-01,2026-04-20,239.0,239.0,71.0,168.0,29.71,45576.19,-21225.5,16.74,,82.71,424030.19999999984,-131206.00000000003,-33.0,0.0,0.01,0.0175,0.0,27.0,27.0,12.0,15.0,44.44,61458.93,-30265.13,17.19,,28.19,238003.2,-72717.75,28.35,0.71,1.1,0.0164,0.04,266.0,266.0,83.0,183.0,31.2,43943.13,-21029.54,16.83,,82.71,424030.19999999984,-131206.00000000003,-20.11,0.07,0.12,0.0173,0.0
ROSN,macd,1D,Bayesian_TPE,8,4.182,6,35,5,True,355.61,0.631,1.039,53.66,315,40.95,True,"{""sampler"":""TPESampler"",""seed"":42,""n_trials"":50,""direction"":""maximize"",""objective"":""composite = Sharpe * (Return% / MaxDD%)""}","{""macd_fast"":6,""macd_slow"":35,""macd_signal"":5,""allowshort"":true}",2014-01-01,2024-12-31,2025-01-01,2026-04-20,2014-01-01,2026-04-20,315.0,315.0,129.0,185.0,40.95,84580.3,-39755.58,12.7,,53.66,750948.2999999998,-269307.0,355.61,0.63,1.04,0.0177,0.02,45.0,45.0,19.0,26.0,42.22,77148.87,-27288.44,10.36,,18.67,323621.25,-78295.09999999992,75.63,1.45,2.28,0.0164,0.13,360.0,360.0,148.0,211.0,41.11,117276.54,-49860.81,12.44,,53.66,1444076.75,-349316.5999999996,683.63,0.72,1.19,0.0176,0.02
ROSN,macd,1D,Bayesian_TPE,9,-0.012,15,29,10,True,-8.08,0.109,0.179,72.38,201,32.84,True,"{""sampler"":""TPESampler"",""seed"":42,""n_trials"":50,""direction"":""maximize"",""objective"":""composite = Sharpe * (Return% / MaxDD%)""}","{""macd_fast"":15,""macd_slow"":29,""macd_signal"":10,""allowshort"":true}",2014-01-01,2024-12-31,2025-01-01,2026-04-20,2014-01-01,2026-04-20,201.0,201.0,66.0,135.0,32.84,58531.09,-29214.08,19.91,,72.38,415337.5499999999,-145583.8,-8.08,0.11,0.18,0.0175,0.0,23.0,23.0,8.0,15.0,34.78,104632.2,-28501.74,20.04,,27.77,252067.2,-68638.20000000003,40.95,0.94,1.42,0.0163,0.06,224.0,224.0,74.0,150.0,33.04,60321.28,-28650.73,19.99,,72.38,415337.5499999999,-145583.8,16.62,0.18,0.29,0.0174,0.0
ROSN,macd,1D,Bayesian_TPE,10,0.516,20,41,7,False,64.67,0.332,0.376,41.62,94,40.43,False,"{""sampler"":""TPESampler"",""seed"":42,""n_trials"":50,""direction"":""maximize"",""objective"":""composite = Sharpe * (Return% / MaxDD%)""}","{""macd_fast"":20,""macd_slow"":41,""macd_signal"":7,""allowshort"":false}",2014-01-01,2024-12-31,2025-01-01,2026-04-20,2014-01-01,2026-04-20,187.0,94.0,38.0,56.0,40.43,83888.61,-45375.78,21.39,,41.62,358372.29999999993,-293580.89999999997,64.67,0.33,0.38,0.0122,0.01,27.0,13.0,3.0,10.0,23.08,103342.33,-29907.4,16.92,,22.99,205117.19999999995,-70613.69999999995,1.1,0.13,0.16,0.0118,0.01,214.0,107.0,41.0,66.0,38.32,84947.19,-45217.78,20.98,,41.62,304111.5999999999,-293580.89999999997,49.85,0.26,0.3,0.0122,0.01
ROSN,macd,1D,Bayesian_TPE,11,0.349,11,37,5,False,55.61,0.305,0.346,48.53,140,34.29,False,"{""sampler"":""TPESampler"",""seed"":42,""n_trials"":50,""direction"":""maximize"",""objective"":""composite = Sharpe * (Return% / MaxDD%)""}","{""macd_fast"":11,""macd_slow"":37,""macd_signal"":5,""allowshort"":false}",2014-01-01,2024-12-31,2025-01-01,2026-04-20,2014-01-01,2026-04-20,279.0,140.0,48.0,91.0,34.29,67321.34,-29398.93,14.24,,48.53,303804.4499999999,-219083.4,55.61,0.31,0.35,0.0122,0.01,35.0,17.0,5.0,12.0,29.41,75189.1,-22603.46,12.71,,20.55,237601.95,-50432.19999999992,10.47,0.4,0.53,0.0127,0.02,314.0,157.0,53.0,103.0,33.76,69927.73,-29860.53,14.14,,48.53,350730.30000000005,-219083.4,63.05,0.3,0.34,0.0123,0.01
ROSN,macd,1D,Bayesian_TPE,12,0.419,11,36,5,False,61.82,0.324,0.367,47.77,139,35.25,False,"{""sampler"":""TPESampler"",""seed"":42,""n_trials"":50,""direction"":""maximize"",""objective"":""composite = Sharpe * (Return% / MaxDD%)""}","{""macd_fast"":11,""macd_slow"":36,""macd_signal"":5,""allowshort"":false}",2014-01-01,2024-12-31,2025-01-01,2026-04-20,2014-01-01,2026-04-20,277.0,139.0,49.0,89.0,35.25,66686.06,-29769.25,14.32,,47.77,315994.4999999999,-222137.10000000003,61.82,0.32,0.37,0.0122,0.01,35.0,17.0,5.0,12.0,29.41,79842.18,-23079.91,12.53,,18.88,241383.7,-51581.39999999992,12.23,0.45,0.59,0.0127,0.03,312.0,156.0,54.0,101.0,34.62,70311.62,-30441.22,14.19,,47.77,370395.4,-222137.10000000003,72.23,0.32,0.37,0.0123,0.01
ROSN,macd,1D,Bayesian_TPE,13,0.349,9,42,8,False,55.79,0.305,0.346,48.78,126,34.92,False,"{""sampler"":""TPESampler"",""seed"":42,""n_trials"":50,""direction"":""maximize"",""objective"":""composite = Sharpe * (Return% / MaxDD%)""}","{""macd_fast"":9,""macd_slow"":42,""macd_signal"":8,""allowshort"":false}",2014-01-01,2024-12-31,2025-01-01,2026-04-20,2014-01-01,2026-04-20,251.0,126.0,44.0,82.0,34.92,69900.03,-30704.05,15.82,,48.78,338982.99999999994,-247702.4,55.79,0.31,0.35,0.0123,0.01,33.0,16.0,4.0,12.0,25.0,74897.9,-27019.68,13.31,,24.99,202468.00000000003,-55416.75,-2.46,0.02,0.02,0.0122,0.0,284.0,142.0,48.0,94.0,33.8,70799.19,-31776.06,15.61,,48.78,292958.80000000005,-247702.4,41.14,0.24,0.27,0.0123,0.01
ROSN,macd,1D,Bayesian_TPE,14,-0.003,13,20,7,True,-2.07,0.13,0.21,81.09,253,35.97,True,"{""sampler"":""TPESampler"",""seed"":42,""n_trials"":50,""direction"":""maximize"",""objective"":""composite = Sharpe * (Return% / MaxDD%)""}","{""macd_fast"":13,""macd_slow"":20,""macd_signal"":7,""allowshort"":true}",2014-01-01,2024-12-31,2025-01-01,2026-04-20,2014-01-01,2026-04-20,253.0,253.0,91.0,162.0,35.97,41975.08,-23706.52,15.82,,81.09,198642.6000000001,-152371.80000000002,-2.07,0.13,0.21,0.0175,0.0,31.0,31.0,16.0,15.0,51.61,67279.05,-35627.41,15.0,,22.24,290301.3000000001,-93598.75,54.21,1.14,1.91,0.0165,0.08,284.0,284.0,107.0,177.0,37.68,44570.66,-24501.97,15.76,,81.09,269611.20000000007,-152371.80000000002,43.22,0.24,0.39,0.0174,0.01
ROSN,macd,1D,Bayesian_TPE,15,1.712,16,33,12,False,127.3,0.483,0.554,35.91,89,41.57,False,"{""sampler"":""TPESampler"",""seed"":42,""n_trials"":50,""direction"":""maximize"",""objective"":""composite = Sharpe * (Return% / MaxDD%)""}","{""macd_fast"":16,""macd_slow"":33,""macd_signal"":12,""allowshort"":false}",2014-01-01,2024-12-31,2025-01-01,2026-04-20,2014-01-01,2026-04-20,177.0,89.0,37.0,52.0,41.57,111554.96,-54894.82,22.97,,35.91,494624.99999999994,-237957.40000000005,127.3,0.48,0.55,0.0122,0.02,21.0,10.0,3.0,7.0,30.0,109338.9,-31389.12,21.0,,17.38,224895.9999999999,-77643.64999999998,10.83,0.42,0.53,0.0122,0.03,198.0,99.0,40.0,59.0,40.4,113651.23,-55929.15,22.92,,35.91,455916.3999999999,-237957.40000000005,124.62,0.43,0.5,0.0123,0.01
ROSN,macd,1D,Bayesian_TPE,16,0.161,20,33,12,True,37.0,0.24,0.389,55.22,159,36.48,True,"{""sampler"":""TPESampler"",""seed"":42,""n_trials"":50,""direction"":""maximize"",""objective"":""composite = Sharpe * (Return% / MaxDD%)""}","{""macd_fast"":20,""macd_slow"":33,""macd_signal"":12,""allowshort"":true}",2014-01-01,2024-12-31,2025-01-01,2026-04-20,2014-01-01,2026-04-20,159.0,159.0,58.0,101.0,36.48,79435.92,-41953.51,25.17,,55.22,298442.25,-164260.80000000008,37.0,0.24,0.39,0.0174,0.01,21.0,21.0,7.0,14.0,33.33,98053.66,-32239.97,21.86,,29.58,218854.99999999997,-115752.0,23.5,0.63,0.97,0.016,0.03,180.0,180.0,65.0,115.0,36.11,81920.4,-41704.87,24.87,,55.22,298442.25,-164260.80000000008,52.88,0.26,0.42,0.0172,0.01
ROSN,macd,1D,Bayesian_TPE,17,2.444,18,41,11,False,150.64,0.531,0.602,32.73,80,45.0,False,"{""sampler"":""TPESampler"",""seed"":42,""n_trials"":50,""direction"":""maximize"",""objective"":""composite = Sharpe * (Return% / MaxDD%)""}","{""macd_fast"":18,""macd_slow"":41,""macd_signal"":11,""allowshort"":false}",2014-01-01,2024-12-31,2025-01-01,2026-04-20,2014-01-01,2026-04-20,159.0,80.0,36.0,44.0,45.0,107659.75,-53848.12,25.38,,32.73,545406.4999999999,-234154.6000000001,150.64,0.53,0.6,0.0122,0.02,23.0,11.0,3.0,8.0,27.27,104796.17,-34410.06,20.0,,20.85,203751.6,-79014.0,3.91,0.22,0.27,0.0119,0.01,182.0,91.0,39.0,52.0,42.86,110432.65,-57394.94,24.89,,32.73,455506.99999999994,-234154.6000000001,132.23,0.44,0.51,0.0122,0.02
ROSN,macd,1D,Bayesian_TPE,18,1.338,18,44,11,False,108.63,0.442,0.493,35.89,81,41.98,False,"{""sampler"":""TPESampler"",""seed"":42,""n_trials"":50,""direction"":""maximize"",""objective"":""composite = Sharpe * (Return% / MaxDD%)""}","{""macd_fast"":18,""macd_slow"":44,""macd_signal"":11,""allowshort"":false}",2014-01-01,2024-12-31,2025-01-01,2026-04-20,2014-01-01,2026-04-20,161.0,81.0,34.0,47.0,41.98,104626.5,-52574.75,25.11,,35.89,453999.79999999993,-295612.19999999995,108.63,0.44,0.49,0.0123,0.02,23.0,11.0,3.0,8.0,27.27,98197.65,-33693.01,20.45,,20.29,201057.99999999997,-79560.0,2.5,0.17,0.22,0.012,0.01,184.0,92.0,37.0,55.0,40.22,105713.7,-54166.57,24.73,,35.89,378931.79999999993,-295612.19999999995,93.22,0.37,0.41,0.0123,0.01
ROSN,macd,1D,Bayesian_TPE,19,-0.015,5,45,15,True,-19.42,0.065,0.107,83.62,237,30.8,True,"{""sampler"":""TPESampler"",""seed"":42,""n_trials"":50,""direction"":""maximize"",""objective"":""composite = Sharpe * (Return% / MaxDD%)""}","{""macd_fast"":5,""macd_slow"":45,""macd_signal"":15,""allowshort"":true}",2014-01-01,2024-12-31,2025-01-01,2026-04-20,2014-01-01,2026-04-20,237.0,237.0,73.0,164.0,30.8,46650.82,-21949.15,16.89,,83.62,413940.1999999999,-146369.6,-19.42,0.07,0.11,0.0174,0.0,33.0,33.0,12.0,21.0,36.36,55641.99,-29908.25,14.06,,36.77,191429.09999999995,-75544.0,3.96,0.22,0.33,0.0164,0.01,270.0,270.0,85.0,185.0,31.48,45271.88,-21998.98,16.58,,83.62,413940.1999999999,-146369.6,-22.17,0.06,0.1,0.0173,0.0
ROSN,macd,1D,Bayesian_TPE,20,0.445,8,39,9,False,62.86,0.325,0.366,45.87,125,36.0,False,"{""sampler"":""TPESampler"",""seed"":42,""n_trials"":50,""direction"":""maximize"",""objective"":""composite = Sharpe * (Return% / MaxDD%)""}","{""macd_fast"":8,""macd_slow"":39,""macd_signal"":9,""allowshort"":false}",2014-01-01,2024-12-31,2025-01-01,2026-04-20,2014-01-01,2026-04-20,249.0,125.0,45.0,80.0,36.0,73223.01,-33330.24,15.99,,45.87,354415.29999999993,-258689.20000000004,62.86,0.33,0.37,0.0123,0.01,33.0,16.0,4.0,12.0,25.0,72601.19,-26986.51,13.25,,24.45,200608.60000000003,-55833.0,-3.34,-0.01,-0.01,0.0122,-0.0,282.0,141.0,49.0,92.0,34.75,73850.21,-34308.02,15.76,,45.87,318540.2499999998,-258689.20000000004,46.23,0.25,0.29,0.0123,0.01
ROSN,macd,1D,Bayesian_TPE,21,1.712,16,33,12,False,127.3,0.483,0.554,35.91,89,41.57,False,"{""sampler"":""TPESampler"",""seed"":42,""n_trials"":50,""direction"":""maximize"",""objective"":""composite = Sharpe * (Return% / MaxDD%)""}","{""macd_fast"":16,""macd_slow"":33,""macd_signal"":12,""allowshort"":false}",2014-01-01,2024-12-31,2025-01-01,2026-04-20,2014-01-01,2026-04-20,177.0,89.0,37.0,52.0,41.57,111554.96,-54894.82,22.97,,35.91,494624.99999999994,-237957.40000000005,127.3,0.48,0.55,0.0122,0.02,21.0,10.0,3.0,7.0,30.0,109338.9,-31389.12,21.0,,17.38,224895.9999999999,-77643.64999999998,10.83,0.42,0.53,0.0122,0.03,198.0,99.0,40.0,59.0,40.4,113651.23,-55929.15,22.92,,35.91,455916.3999999999,-237957.40000000005,124.62,0.43,0.5,0.0123,0.01
ROSN,macd,1D,Bayesian_TPE,22,2.26,18,33,12,False,145.86,0.521,0.596,33.63,83,44.58,False,"{""sampler"":""TPESampler"",""seed"":42,""n_trials"":50,""direction"":""maximize"",""objective"":""composite = Sharpe * (Return% / MaxDD%)""}","{""macd_fast"":18,""macd_slow"":33,""macd_signal"":12,""allowshort"":false}",2014-01-01,2024-12-31,2025-01-01,2026-04-20,2014-01-01,2026-04-20,165.0,83.0,37.0,46.0,44.58,110278.02,-56994.19,24.52,,33.63,534986.3999999999,-264038.4,145.86,0.52,0.6,0.0122,0.02,21.0,10.0,3.0,7.0,30.0,112757.65,-29734.51,21.1,,17.38,229313.59999999995,-78560.29999999997,13.01,0.48,0.6,0.0122,0.03,186.0,93.0,40.0,53.0,43.01,113887.63,-58077.4,24.31,,33.63,502803.1999999999,-264038.4,147.74,0.47,0.54,0.0122,0.02
ROSN,macd,1D,Bayesian_TPE,23,2.548,19,38,11,False,154.75,0.539,0.611,32.73,81,44.44,False,"{""sampler"":""TPESampler"",""seed"":42,""n_trials"":50,""direction"":""maximize"",""objective"":""composite = Sharpe * (Return% / MaxDD%)""}","{""macd_fast"":19,""macd_slow"":38,""macd_signal"":11,""allowshort"":false}",2014-01-01,2024-12-31,2025-01-01,2026-04-20,2014-01-01,2026-04-20,161.0,81.0,36.0,45.0,44.44,109387.59,-53121.19,25.07,,32.73,554375.7,-237576.7000000001,154.75,0.54,0.61,0.0122,0.02,23.0,11.0,3.0,8.0,27.27,106624.47,-32101.36,19.55,,20.29,208465.39999999997,-79560.0,6.31,0.29,0.36,0.0119,0.02,184.0,92.0,39.0,53.0,42.39,112526.3,-56110.23,24.58,,32.73,473592.5999999999,-237576.7000000001,141.47,0.46,0.53,0.0122,0.02
ROSN,macd,1D,Bayesian_TPE,24,2.121,19,39,11,False,137.46,0.505,0.572,32.73,80,42.5,False,"{""sampler"":""TPESampler"",""seed"":42,""n_trials"":50,""direction"":""maximize"",""objective"":""composite = Sharpe * (Return% / MaxDD%)""}","{""macd_fast"":19,""macd_slow"":39,""macd_signal"":11,""allowshort"":false}",2014-01-01,2024-12-31,2025-01-01,2026-04-20,2014-01-01,2026-04-20,159.0,80.0,34.0,46.0,42.5,109855.83,-51315.54,25.46,,32.73,516784.1999999999,-221866.1500000001,137.46,0.5,0.57,0.0122,0.02,23.0,11.0,3.0,8.0,27.27,106155.3,-33792.77,20.0,,20.29,205579.39999999997,-79560.0,4.81,0.25,0.3,0.0119,0.01,182.0,91.0,37.0,54.0,40.66,113228.27,-54456.76,24.98,,32.73,441076.99999999994,-221866.1500000001,124.88,0.43,0.49,0.0122,0.02
ROSN,macd,1D,Bayesian_TPE,25,0.39,12,46,9,False,54.2,0.3,0.341,41.73,106,36.79,False,"{""sampler"":""TPESampler"",""seed"":42,""n_trials"":50,""direction"":""maximize"",""objective"":""composite = Sharpe * (Return% / MaxDD%)""}","{""macd_fast"":12,""macd_slow"":46,""macd_signal"":9,""allowshort"":false}",2014-01-01,2024-12-31,2025-01-01,2026-04-20,2014-01-01,2026-04-20,211.0,106.0,39.0,67.0,36.79,78057.04,-37347.38,18.85,,41.73,335553.5999999999,-258354.89999999997,54.2,0.3,0.34,0.0123,0.01,25.0,12.0,3.0,9.0,25.0,107179.85,-30058.75,17.75,,22.33,216251.54999999996,-71664.59999999995,5.1,0.25,0.31,0.0117,0.01,236.0,118.0,42.0,76.0,35.59,79439.74,-37865.09,18.86,,41.73,323533.05000000005,-258354.89999999997,45.87,0.25,0.29,0.0122,0.01
ROSN,macd,1D,Bayesian_TPE,26,0.263,19,39,11,True,53.41,0.278,0.449,56.42,159,37.11,True,"{""sampler"":""TPESampler"",""seed"":42,""n_trials"":50,""direction"":""maximize"",""objective"":""composite = Sharpe * (Return% / MaxDD%)""}","{""macd_fast"":19,""macd_slow"":39,""macd_signal"":11,""allowshort"":true}",2014-01-01,2024-12-31,2025-01-01,2026-04-20,2014-01-01,2026-04-20,159.0,159.0,59.0,100.0,37.11,74990.33,-38902.83,25.17,,56.42,333838.89999999997,-165557.05000000008,53.41,0.28,0.45,0.0173,0.01,23.0,23.0,8.0,15.0,34.78,91662.91,-27913.5,19.96,,25.06,232996.39999999997,-87658.89999999997,31.46,0.78,1.22,0.016,0.05,182.0,182.0,67.0,115.0,36.81,78999.72,-38875.77,24.6,,56.42,322943.39999999997,-165557.05000000008,82.23,0.31,0.5,0.0172,0.01
ROSN,macd,1D,Bayesian_TPE,27,1.035,18,36,9,False,95.03,0.411,0.472,37.75,93,40.86,False,"{""sampler"":""TPESampler"",""seed"":42,""n_trials"":50,""direction"":""maximize"",""objective"":""composite = Sharpe * (Return% / MaxDD%)""}","{""macd_fast"":18,""macd_slow"":36,""macd_signal"":9,""allowshort"":false}",2014-01-01,2024-12-31,2025-01-01,2026-04-20,2014-01-01,2026-04-20,185.0,93.0,38.0,55.0,40.86,95578.59,-48758.4,21.74,,37.75,424454.1999999999,-248012.40000000005,95.03,0.41,0.47,0.0122,0.01,23.0,11.0,3.0,8.0,27.27,112139.05,-29737.94,19.55,,17.67,222887.9999999999,-75878.24999999997,9.85,0.39,0.5,0.0122,0.03,208.0,104.0,41.0,63.0,39.42,97697.42,-49133.33,21.65,,37.75,387644.3999999999,-248012.40000000005,91.02,0.36,0.42,0.0123,0.01
ROSN,macd,1D,Bayesian_TPE,28,0.417,15,42,13,True,72.19,0.316,0.512,54.73,159,37.74,True,"{""sampler"":""TPESampler"",""seed"":42,""n_trials"":50,""direction"":""maximize"",""objective"":""composite = Sharpe * (Return% / MaxDD%)""}","{""macd_fast"":15,""macd_slow"":42,""macd_signal"":13,""allowshort"":true}",2014-01-01,2024-12-31,2025-01-01,2026-04-20,2014-01-01,2026-04-20,159.0,159.0,60.0,99.0,37.74,79572.15,-40933.62,25.17,,54.73,374727.8999999999,-185778.55000000008,72.19,0.32,0.51,0.0173,0.01,23.0,23.0,8.0,15.0,34.78,89744.53,-28444.97,20.0,,25.05,228859.79999999996,-86097.19999999997,29.13,0.74,1.15,0.0161,0.05,182.0,182.0,68.0,114.0,37.36,83676.35,-41295.02,24.6,,54.73,351322.39999999997,-185778.55000000008,98.24,0.33,0.54,0.0172,0.01
ROSN,macd,1D,Bayesian_TPE,29,-0.016,10,47,13,True,-23.93,0.046,0.074,69.89,195,33.85,True,"{""sampler"":""TPESampler"",""seed"":42,""n_trials"":50,""direction"":""maximize"",""objective"":""composite = Sharpe * (Return% / MaxDD%)""}","{""macd_fast"":10,""macd_slow"":47,""macd_signal"":13,""allowshort"":true}",2014-01-01,2024-12-31,2025-01-01,2026-04-20,2014-01-01,2026-04-20,195.0,195.0,66.0,129.0,33.85,50250.63,-27564.88,20.52,,69.89,267385.2000000002,-157126.49999999997,-23.93,0.05,0.07,0.0174,0.0,25.0,25.0,8.0,17.0,32.0,97922.15,-29326.07,18.4,,23.27,237583.5000000001,-83652.79999999997,28.48,0.72,1.14,0.0163,0.05,220.0,220.0,74.0,146.0,33.64,50884.12,-26670.91,20.35,,69.89,267385.2000000002,-157126.49999999997,-12.85,0.1,0.15,0.0173,0.0
ROSN,macd,1D,Bayesian_TPE,30,1.578,20,38,11,False,120.72,0.469,0.521,35.89,78,42.31,False,"{""sampler"":""TPESampler"",""seed"":42,""n_trials"":50,""direction"":""maximize"",""objective"":""composite = Sharpe * (Return% / MaxDD%)""}","{""macd_fast"":20,""macd_slow"":38,""macd_signal"":11,""allowshort"":false}",2014-01-01,2024-12-31,2025-01-01,2026-04-20,2014-01-01,2026-04-20,155.0,78.0,33.0,45.0,42.31,111165.8,-54694.1,26.06,,35.89,480379.79999999993,-308318.39999999997,120.72,0.47,0.52,0.0123,0.02,23.0,11.0,3.0,8.0,27.27,98920.28,-33584.41,20.27,,20.29,201635.2,-79560.0,2.81,0.18,0.23,0.012,0.01,178.0,89.0,36.0,53.0,40.45,112430.3,-56550.39,25.53,,35.89,402115.99999999994,-308318.39999999997,105.03,0.39,0.44,0.0123,0.01
ROSN,macd,1D,Bayesian_TPE,31,2.273,18,32,12,False,146.46,0.522,0.598,33.63,85,43.53,False,"{""sampler"":""TPESampler"",""seed"":42,""n_trials"":50,""direction"":""maximize"",""objective"":""composite = Sharpe * (Return% / MaxDD%)""}","{""macd_fast"":18,""macd_slow"":32,""macd_signal"":12,""allowshort"":false}",2014-01-01,2024-12-31,2025-01-01,2026-04-20,2014-01-01,2026-04-20,169.0,85.0,37.0,48.0,43.53,112499.79,-56205.18,24.05,,33.63,536305.3999999999,-263178.9,146.46,0.52,0.6,0.0122,0.02,21.0,10.0,3.0,7.0,30.0,112222.18,-30681.31,21.2,,17.38,227707.19999999995,-78560.29999999997,12.19,0.46,0.58,0.0122,0.03,190.0,95.0,40.0,55.0,42.11,115881.18,-57634.75,23.91,,33.63,500393.59999999986,-263178.9,146.53,0.47,0.54,0.0122,0.02
ROSN,macd,1D,Bayesian_TPE,32,2.061,17,31,13,False,137.49,0.504,0.578,33.63,87,42.53,False,"{""sampler"":""TPESampler"",""seed"":42,""n_trials"":50,""direction"":""maximize"",""objective"":""composite = Sharpe * (Return% / MaxDD%)""}","{""macd_fast"":17,""macd_slow"":31,""macd_signal"":13,""allowshort"":false}",2014-01-01,2024-12-31,2025-01-01,2026-04-20,2014-01-01,2026-04-20,173.0,87.0,37.0,50.0,42.53,107892.39,-52343.36,23.51,,33.63,516784.1999999999,-251661.6000000001,137.49,0.5,0.58,0.0122,0.02,21.0,10.0,3.0,7.0,30.0,112222.18,-30681.31,21.2,,17.38,227707.19999999995,-78560.29999999997,12.19,0.46,0.58,0.0122,0.03,194.0,97.0,40.0,57.0,41.24,111188.01,-53895.03,23.42,,33.63,482120.7999999999,-251661.6000000001,137.55,0.45,0.52,0.0123,0.02
ROSN,macd,1D,Bayesian_TPE,33,1.108,19,35,14,False,96.25,0.414,0.464,35.96,74,43.24,False,"{""sampler"":""TPESampler"",""seed"":42,""n_trials"":50,""direction"":""maximize"",""objective"":""composite = Sharpe * (Return% / MaxDD%)""}","{""macd_fast"":19,""macd_slow"":35,""macd_signal"":14,""allowshort"":false}",2014-01-01,2024-12-31,2025-01-01,2026-04-20,2014-01-01,2026-04-20,147.0,74.0,32.0,42.0,43.24,105037.51,-57111.17,27.5,,35.96,427092.1999999999,-307616.39999999997,96.25,0.41,0.46,0.0122,0.01,23.0,11.0,3.0,8.0,27.27,99728.73,-35461.39,19.73,,23.35,210223.89999999997,-108212.0,1.55,0.14,0.18,0.012,0.01,170.0,85.0,35.0,50.0,41.18,105785.34,-58035.31,26.68,,35.96,372781.9499999999,-307616.39999999997,80.07,0.34,0.38,0.0122,0.01
ROSN,macd,1D,Bayesian_TPE,34,1.585,16,35,11,False,125.19,0.478,0.547,37.75,92,41.3,False,"{""sampler"":""TPESampler"",""seed"":42,""n_trials"":50,""direction"":""maximize"",""objective"":""composite = Sharpe * (Return% / MaxDD%)""}","{""macd_fast"":16,""macd_slow"":35,""macd_signal"":11,""allowshort"":false}",2014-01-01,2024-12-31,2025-01-01,2026-04-20,2014-01-01,2026-04-20,183.0,92.0,38.0,54.0,41.3,110155.12,-54334.03,22.12,,37.75,490008.49999999994,-288217.80000000005,125.19,0.48,0.55,0.0122,0.02,23.0,11.0,3.0,8.0,27.27,108098.77,-28924.46,19.27,,18.47,221783.59999999995,-76421.44999999997,9.29,0.38,0.48,0.0122,0.02,206.0,103.0,41.0,62.0,39.81,112025.2,-54817.71,21.96,,37.75,445374.3999999999,-288217.80000000005,119.43,0.42,0.48,0.0123,0.01
ROSN,macd,1D,Bayesian_TPE,35,0.42,6,31,14,False,58.34,0.312,0.353,43.3,125,34.4,False,"{""sampler"":""TPESampler"",""seed"":42,""n_trials"":50,""direction"":""maximize"",""objective"":""composite = Sharpe * (Return% / MaxDD%)""}","{""macd_fast"":6,""macd_slow"":31,""macd_signal"":14,""allowshort"":false}",2014-01-01,2024-12-31,2025-01-01,2026-04-20,2014-01-01,2026-04-20,249.0,125.0,43.0,82.0,34.4,76150.97,-32817.82,16.06,,43.3,344522.79999999993,-254058.4,58.34,0.31,0.35,0.0124,0.01,33.0,16.0,4.0,12.0,25.0,72200.56,-27416.65,13.12,,24.99,199265.7,-55416.75,-4.02,-0.03,-0.04,0.0122,-0.0,282.0,141.0,47.0,94.0,33.33,76312.61,-33776.52,15.8,,43.3,313125.39999999985,-254058.4,41.17,0.24,0.27,0.0123,0.01
ROSN,macd,1D,Bayesian_TPE,36,0.197,18,41,10,True,45.53,0.26,0.423,60.11,171,36.84,True,"{""sampler"":""TPESampler"",""seed"":42,""n_trials"":50,""direction"":""maximize"",""objective"":""composite = Sharpe * (Return% / MaxDD%)""}","{""macd_fast"":18,""macd_slow"":41,""macd_signal"":10,""allowshort"":true}",2014-01-01,2024-12-31,2025-01-01,2026-04-20,2014-01-01,2026-04-20,171.0,171.0,63.0,108.0,36.84,72462.97,-38054.48,23.4,,60.11,316691.89999999997,-164909.40000000002,45.53,0.26,0.42,0.0173,0.01,23.0,23.0,8.0,15.0,34.78,83716.38,-29203.37,20.0,,25.66,218277.8,-87871.85000000002,23.17,0.62,0.98,0.0161,0.04,194.0,194.0,71.0,123.0,36.6,74316.9,-38035.37,23.08,,60.11,302905.9000000002,-164909.40000000002,59.81,0.27,0.44,0.0172,0.01
ROSN,macd,1D,Bayesian_TPE,37,0.772,14,27,10,False,82.39,0.378,0.432,40.36,108,36.11,False,"{""sampler"":""TPESampler"",""seed"":42,""n_trials"":50,""direction"":""maximize"",""objective"":""composite = Sharpe * (Return% / MaxDD%)""}","{""macd_fast"":14,""macd_slow"":27,""macd_signal"":10,""allowshort"":false}",2014-01-01,2024-12-31,2025-01-01,2026-04-20,2014-01-01,2026-04-20,215.0,108.0,39.0,69.0,36.11,91592.88,-39829.51,18.65,,40.36,396887.0999999999,-242105.49999999988,82.39,0.38,0.43,0.0123,0.01,25.0,12.0,3.0,9.0,25.0,102092.42,-29164.47,17.75,,21.28,208518.39999999997,-58435.60000000002,4.38,0.23,0.28,0.0121,0.01,240.0,120.0,42.0,78.0,35.0,92688.17,-40758.9,18.68,,40.36,345972.89999999997,-242105.49999999988,71.37,0.32,0.37,0.0123,0.01
ROSN,macd,1D,Bayesian_TPE,38,0.416,6,48,13,False,64.1,0.329,0.379,50.74,117,34.19,False,"{""sampler"":""TPESampler"",""seed"":42,""n_trials"":50,""direction"":""maximize"",""objective"":""composite = Sharpe * (Return% / MaxDD%)""}","{""macd_fast"":6,""macd_slow"":48,""macd_signal"":13,""allowshort"":false}",2014-01-01,2024-12-31,2025-01-01,2026-04-20,2014-01-01,2026-04-20,233.0,117.0,40.0,77.0,34.19,80204.87,-33340.03,17.2,,50.74,357053.29999999993,-240946.65,64.1,0.33,0.38,0.0123,0.01,33.0,16.0,3.0,13.0,18.75,95885.5,-28493.62,13.81,,28.25,188671.04999999996,-64782.89999999996,-8.28,-0.19,-0.22,0.0119,-0.01,266.0,133.0,43.0,90.0,32.33,82094.58,-34798.15,16.87,,50.74,342637.89999999997,-240946.65,39.82,0.23,0.27,0.0123,0.01
ROSN,macd,1D,Bayesian_TPE,39,0.006,15,23,9,True,3.36,0.148,0.241,77.47,229,32.75,True,"{""sampler"":""TPESampler"",""seed"":42,""n_trials"":50,""direction"":""maximize"",""objective"":""composite = Sharpe * (Return% / MaxDD%)""}","{""macd_fast"":15,""macd_slow"":23,""macd_signal"":9,""allowshort"":true}",2014-01-01,2024-12-31,2025-01-01,2026-04-20,2014-01-01,2026-04-20,229.0,229.0,75.0,154.0,32.75,56825.15,-27456.69,17.48,,77.47,455893.34999999986,-157347.55000000002,3.36,0.15,0.24,0.0175,0.0,25.0,25.0,12.0,13.0,48.0,63234.15,-34434.28,18.56,,28.59,239872.6000000001,-72684.5,31.12,0.76,1.18,0.0164,0.04,254.0,254.0,87.0,167.0,34.25,56516.37,-27892.78,17.63,,77.47,455893.34999999986,-157347.55000000002,25.88,0.2,0.33,0.0174,0.0
ROSN,macd,1D,Bayesian_TPE,40,0.599,17,44,8,False,70.46,0.348,0.395,40.93,96,39.58,False,"{""sampler"":""TPESampler"",""seed"":42,""n_trials"":50,""direction"":""maximize"",""objective"":""composite = Sharpe * (Return% / MaxDD%)""}","{""macd_fast"":17,""macd_slow"":44,""macd_signal"":8,""allowshort"":false}",2014-01-01,2024-12-31,2025-01-01,2026-04-20,2014-01-01,2026-04-20,191.0,96.0,38.0,58.0,39.58,85879.68,-44118.27,20.97,,40.93,370902.79999999993,-291263.39999999997,70.46,0.35,0.39,0.0122,0.01,23.0,11.0,3.0,8.0,27.27,112245.58,-29847.99,20.18,,17.67,222787.59999999995,-76828.84999999998,9.8,0.39,0.5,0.0122,0.03,214.0,107.0,41.0,66.0,38.32,87573.33,-44269.16,21.03,,40.93,338649.1999999999,-291263.39999999997,66.87,0.31,0.35,0.0123,0.01
ROSN,macd,1D,Bayesian_TPE,41,1.809,18,31,12,False,126.5,0.481,0.551,33.63,89,41.57,False,"{""sampler"":""TPESampler"",""seed"":42,""n_trials"":50,""direction"":""maximize"",""objective"":""composite = Sharpe * (Return% / MaxDD%)""}","{""macd_fast"":18,""macd_slow"":31,""macd_signal"":12,""allowshort"":false}",2014-01-01,2024-12-31,2025-01-01,2026-04-20,2014-01-01,2026-04-20,177.0,89.0,37.0,52.0,41.57,106460.62,-51423.43,22.97,,33.63,492910.29999999993,-252922.20000000004,126.5,0.48,0.55,0.0122,0.02,21.0,10.0,3.0,7.0,30.0,112222.18,-30681.31,21.2,,17.38,227707.19999999995,-78560.29999999997,12.19,0.46,0.58,0.0122,0.03,198.0,99.0,40.0,59.0,40.4,109336.35,-52674.58,22.94,,33.63,459831.9999999999,-252922.20000000004,126.57,0.43,0.5,0.0123,0.02
ROSN,macd,1D,Bayesian_TPE,42,1.939,19,34,12,False,129.8,0.489,0.558,32.73,80,43.75,False,"{""sampler"":""TPESampler"",""seed"":42,""n_trials"":50,""direction"":""maximize"",""objective"":""composite = Sharpe * (Return% / MaxDD%)""}","{""macd_fast"":19,""macd_slow"":34,""macd_signal"":12,""allowshort"":false}",2014-01-01,2024-12-31,2025-01-01,2026-04-20,2014-01-01,2026-04-20,159.0,80.0,35.0,45.0,43.75,108931.23,-55879.72,25.5,,32.73,500032.8999999999,-225547.5000000001,129.8,0.49,0.56,0.0122,0.02,21.0,10.0,3.0,7.0,30.0,107566.23,-36109.97,21.2,,20.29,209812.2,-79560.0,6.99,0.31,0.38,0.0119,0.02,180.0,90.0,38.0,52.0,42.22,111181.41,-58318.77,25.19,,32.73,430013.99999999994,-225547.5000000001,119.23,0.42,0.48,0.0122,0.02
ROSN,macd,1D,Bayesian_TPE,43,1.525,17,37,10,False,121.97,0.472,0.539,37.75,89,42.7,False,"{""sampler"":""TPESampler"",""seed"":42,""n_trials"":50,""direction"":""maximize"",""objective"":""composite = Sharpe * (Return% / MaxDD%)""}","{""macd_fast"":17,""macd_slow"":37,""macd_signal"":10,""allowshort"":false}",2014-01-01,2024-12-31,2025-01-01,2026-04-20,2014-01-01,2026-04-20,177.0,89.0,38.0,51.0,42.7,108631.65,-57026.0,22.81,,37.75,483017.79999999993,-295472.4,121.97,0.47,0.54,0.0122,0.02,21.0,10.0,3.0,7.0,30.0,109077.3,-31584.86,21.0,,17.67,224494.3999999999,-77338.09999999998,10.61,0.41,0.52,0.0122,0.03,198.0,99.0,41.0,58.0,41.41,110610.4,-57689.63,22.78,,37.75,444269.9999999999,-295472.4,118.9,0.42,0.48,0.0123,0.01
ROSN,macd,1D,Bayesian_TPE,44,1.549,20,30,11,False,118.76,0.465,0.533,35.66,88,42.05,False,"{""sampler"":""TPESampler"",""seed"":42,""n_trials"":50,""direction"":""maximize"",""objective"":""composite = Sharpe * (Return% / MaxDD%)""}","{""macd_fast"":20,""macd_slow"":30,""macd_signal"":11,""allowshort"":false}",2014-01-01,2024-12-31,2025-01-01,2026-04-20,2014-01-01,2026-04-20,175.0,88.0,37.0,51.0,42.05,106627.66,-54071.58,23.24,,35.66,476027.0999999999,-235697.80000000005,118.76,0.47,0.53,0.0122,0.02,21.0,10.0,3.0,7.0,30.0,110104.63,-30604.64,21.1,,17.38,226502.3999999999,-78186.84999999998,11.61,0.44,0.56,0.0122,0.03,196.0,98.0,40.0,58.0,40.82,108812.38,-54750.24,23.17,,35.66,441860.3999999999,-235697.80000000005,117.7,0.41,0.48,0.0123,0.01
ROSN,macd,1D,Bayesian_TPE,45,1.583,18,27,12,False,125.75,0.479,0.55,38.05,92,41.3,False,"{""sampler"":""TPESampler"",""seed"":42,""n_trials"":50,""direction"":""maximize"",""objective"":""composite = Sharpe * (Return% / MaxDD%)""}","{""macd_fast"":18,""macd_slow"":27,""macd_signal"":12,""allowshort"":false}",2014-01-01,2024-12-31,2025-01-01,2026-04-20,2014-01-01,2026-04-20,183.0,92.0,38.0,54.0,41.3,109792.86,-53973.88,22.23,,38.05,491327.49999999994,-291472.20000000007,125.75,0.48,0.55,0.0123,0.02,21.0,10.0,4.0,6.0,40.0,93976.59,-29703.08,21.7,,17.38,243068.3999999999,-52395.75,19.77,0.65,0.85,0.0125,0.05,204.0,102.0,42.0,60.0,41.18,111524.38,-54555.57,22.32,,38.05,489249.1999999999,-291472.20000000007,141.07,0.45,0.53,0.0123,0.01
ROSN,macd,1D,Bayesian_TPE,46,-0.002,13,34,11,True,-1.26,0.133,0.217,68.5,193,33.68,True,"{""sampler"":""TPESampler"",""seed"":42,""n_trials"":50,""direction"":""maximize"",""objective"":""composite = Sharpe * (Return% / MaxDD%)""}","{""macd_fast"":13,""macd_slow"":34,""macd_signal"":11,""allowshort"":true}",2014-01-01,2024-12-31,2025-01-01,2026-04-20,2014-01-01,2026-04-20,193.0,193.0,65.0,128.0,33.68,62995.59,-32088.44,20.74,,68.5,409262.00000000006,-195967.8,-1.26,0.13,0.22,0.0175,0.0,23.0,23.0,8.0,15.0,34.78,109225.61,-26628.62,20.04,,28.55,264834.9000000001,-64989.0,47.44,1.05,1.59,0.0162,0.06,216.0,216.0,73.0,143.0,33.8,65378.89,-31205.1,20.73,,68.5,409262.00000000006,-195967.8,31.03,0.21,0.35,0.0174,0.01
ROSN,macd,1D,Bayesian_TPE,47,0.437,8,40,6,False,62.87,0.327,0.369,47.03,142,36.62,False,"{""sampler"":""TPESampler"",""seed"":42,""n_trials"":50,""direction"":""maximize"",""objective"":""composite = Sharpe * (Return% / MaxDD%)""}","{""macd_fast"":8,""macd_slow"":40,""macd_signal"":6,""allowshort"":false}",2014-01-01,2024-12-31,2025-01-01,2026-04-20,2014-01-01,2026-04-20,283.0,142.0,52.0,89.0,36.62,64273.46,-30488.51,13.94,,47.03,268431.29999999993,-233177.4,62.87,0.33,0.37,0.0121,0.01,37.0,18.0,6.0,12.0,33.33,67385.88,-25075.21,12.17,,20.24,237277.8,-52178.09999999992,10.34,0.4,0.52,0.0127,0.02,320.0,160.0,58.0,101.0,36.25,66946.85,-31468.72,13.8,,47.03,366613.65,-233177.4,70.46,0.31,0.36,0.0122,0.01
ROSN,macd,1D,Bayesian_TPE,48,1.07,16,50,12,False,94.18,0.408,0.456,35.92,78,42.31,False,"{""sampler"":""TPESampler"",""seed"":42,""n_trials"":50,""direction"":""maximize"",""objective"":""composite = Sharpe * (Return% / MaxDD%)""}","{""macd_fast"":16,""macd_slow"":50,""macd_signal"":12,""allowshort"":false}",2014-01-01,2024-12-31,2025-01-01,2026-04-20,2014-01-01,2026-04-20,155.0,78.0,33.0,45.0,42.31,102227.78,-54038.32,26.01,,35.92,422607.5999999999,-279115.19999999995,94.18,0.41,0.46,0.0123,0.01,23.0,11.0,3.0,8.0,27.27,96740.13,-34908.04,20.45,,21.65,198268.2,-79560.0,1.1,0.13,0.16,0.0119,0.01,178.0,89.0,36.0,53.0,40.45,102651.08,-55126.18,25.51,,35.92,347859.19999999995,-279115.19999999995,77.38,0.33,0.37,0.0123,0.01
ROSN,macd,1D,Bayesian_TPE,49,0.241,19,37,10,True,49.86,0.27,0.437,55.75,171,36.84,True,"{""sampler"":""TPESampler"",""seed"":42,""n_trials"":50,""direction"":""maximize"",""objective"":""composite = Sharpe * (Return% / MaxDD%)""}","{""macd_fast"":19,""macd_slow"":37,""macd_signal"":10,""allowshort"":true}",2014-01-01,2024-12-31,2025-01-01,2026-04-20,2014-01-01,2026-04-20,171.0,171.0,63.0,108.0,36.84,82405.93,-43453.83,23.4,,55.75,326056.79999999993,-197856.90000000005,49.86,0.27,0.44,0.0174,0.01,21.0,21.0,8.0,13.0,38.1,102421.31,-28592.13,21.9,,19.91,263650.39999999997,-92581.64999999997,44.77,1.01,1.6,0.0162,0.08,192.0,192.0,71.0,121.0,36.98,86257.28,-42890.06,23.32,,55.75,352403.99999999994,-197856.90000000005,93.46,0.33,0.53,0.0172,0.01
VTBR,macd,1D,Bayesian_TPE,0,5.895,10,49,13,True,415.25,0.634,1.03,44.66,161,37.27,True,"{""sampler"":""TPESampler"",""seed"":42,""n_trials"":50,""direction"":""maximize"",""objective"":""composite = Sharpe * (Return% / MaxDD%)""}","{""macd_fast"":10,""macd_slow"":49,""macd_signal"":13,""allowshort"":true}",2014-01-01,2024-12-31,2025-01-01,2026-04-20,2014-01-01,2026-04-20,161.0,161.0,60.0,101.0,37.27,281753.05,-126264.6,24.87,,44.66,1500336.6,-871226.1999999998,415.25,0.63,1.03,0.0196,0.03,20.0,20.0,10.0,10.0,50.0,120328.73,-56192.09,22.0,,27.22,297542.45000000007,-111492.91999999995,64.14,1.09,1.92,0.0205,0.08,181.0,181.0,70.0,111.0,38.67,333987.12,-141602.71,24.75,,44.66,1570122.0300000005,-871226.1999999998,766.12,0.7,1.15,0.0198,0.03
VTBR,macd,1D,Bayesian_TPE,1,0.751,7,21,14,False,105.28,0.401,0.436,56.19,114,35.09,False,"{""sampler"":""TPESampler"",""seed"":42,""n_trials"":50,""direction"":""maximize"",""objective"":""composite = Sharpe * (Return% / MaxDD%)""}","{""macd_fast"":7,""macd_slow"":21,""macd_signal"":14,""allowshort"":false}",2014-01-01,2024-12-31,2025-01-01,2026-04-20,2014-01-01,2026-04-20,227.0,114.0,40.0,74.0,35.09,160266.69,-72403.83,17.3,,56.19,772112.9249999998,-683786.8500000001,105.28,0.4,0.44,0.0145,0.01,24.0,12.0,5.0,7.0,41.67,141325.75,-30500.48,17.83,,19.66,267918.0,-93649.98000000008,49.31,1.16,1.46,0.0147,0.09,251.0,126.0,45.0,81.0,35.71,179199.02,-71870.59,17.58,,56.19,772112.9249999998,-683786.8500000001,224.24,0.52,0.58,0.0146,0.01
VTBR,macd,1D,Bayesian_TPE,2,5.293,5,50,14,True,390.45,0.62,1.044,45.74,231,33.77,True,"{""sampler"":""TPESampler"",""seed"":42,""n_trials"":50,""direction"":""maximize"",""objective"":""composite = Sharpe * (Return% / MaxDD%)""}","{""macd_fast"":5,""macd_slow"":50,""macd_signal"":14,""allowshort"":true}",2014-01-01,2024-12-31,2025-01-01,2026-04-20,2014-01-01,2026-04-20,231.0,231.0,78.0,153.0,33.77,268614.5,-111420.91,17.33,,45.74,1689730.3999999994,-1368630.9000000013,390.45,0.62,1.04,0.0195,0.03,26.0,26.0,12.0,14.0,46.15,105771.48,-40616.87,17.08,,27.86,276015.07999999984,-87220.80000000015,70.06,1.16,1.97,0.0204,0.08,257.0,257.0,90.0,167.0,35.02,307871.95,-119577.76,17.43,,45.74,1689730.3999999994,-1368630.9000000013,773.9,0.7,1.19,0.0197,0.03
VTBR,macd,1D,Bayesian_TPE,3,7.929,7,29,10,True,534.91,0.671,1.092,45.27,237,36.71,True,"{""sampler"":""TPESampler"",""seed"":42,""n_trials"":50,""direction"":""maximize"",""objective"":""composite = Sharpe * (Return% / MaxDD%)""}","{""macd_fast"":7,""macd_slow"":29,""macd_signal"":10,""allowshort"":true}",2014-01-01,2024-12-31,2025-01-01,2026-04-20,2014-01-01,2026-04-20,237.0,237.0,87.0,150.0,36.71,268173.91,-119880.4,16.89,,45.27,1478209.2249999996,-1637155.6499999994,534.91,0.67,1.09,0.0207,0.03,28.0,28.0,12.0,16.0,42.86,122133.9,-35663.67,15.93,,25.52,323736.015,-130800.37999999998,89.5,1.37,2.32,0.0203,0.11,265.0,265.0,99.0,166.0,37.36,338810.95,-131413.86,16.9,,45.27,2174360.4450000003,-1637155.6499999994,1172.76,0.77,1.26,0.0207,0.04
VTBR,macd,1D,Bayesian_TPE,4,0.901,14,24,8,False,115.14,0.423,0.461,54.08,104,32.69,False,"{""sampler"":""TPESampler"",""seed"":42,""n_trials"":50,""direction"":""maximize"",""objective"":""composite = Sharpe * (Return% / MaxDD%)""}","{""macd_fast"":14,""macd_slow"":24,""macd_signal"":8,""allowshort"":false}",2014-01-01,2024-12-31,2025-01-01,2026-04-20,2014-01-01,2026-04-20,207.0,104.0,34.0,69.0,32.69,176141.55,-70106.98,19.22,,54.08,726245.4499999998,-601572.8249999998,115.14,0.42,0.46,0.0142,0.01,20.0,10.0,5.0,5.0,50.0,143385.45,-42630.49,22.8,,20.91,256529.66000000003,-108785.39999999986,50.38,1.18,1.53,0.0148,0.08,227.0,114.0,39.0,74.0,34.21,197748.24,-71870.81,19.8,,54.08,726245.4499999998,-601572.8249999998,239.37,0.54,0.6,0.0144,0.01
VTBR,macd,1D,Bayesian_TPE,5,14.484,17,26,10,True,804.21,0.771,1.273,42.81,159,42.77,True,"{""sampler"":""TPESampler"",""seed"":42,""n_trials"":50,""direction"":""maximize"",""objective"":""composite = Sharpe * (Return% / MaxDD%)""}","{""macd_fast"":17,""macd_slow"":26,""macd_signal"":10,""allowshort"":true}",2014-01-01,2024-12-31,2025-01-01,2026-04-20,2014-01-01,2026-04-20,159.0,159.0,68.0,91.0,42.77,436268.55,-237628.6,25.18,,42.81,2146449.8000000007,-2015186.5249999992,804.21,0.77,1.27,0.0207,0.04,20.0,20.0,10.0,10.0,50.0,126764.55,-49529.36,22.2,,24.88,287248.0399999999,-167678.00000000012,77.24,1.23,2.15,0.0205,0.1,179.0,179.0,78.0,101.0,43.58,539842.66,-260560.93,25.02,,42.81,2721438.4199999995,-2015186.5249999992,1579.11,0.84,1.4,0.0207,0.04
VTBR,macd,1D,Bayesian_TPE,6,1.735,14,25,5,False,158.01,0.503,0.601,45.8,125,32.0,False,"{""sampler"":""TPESampler"",""seed"":42,""n_trials"":50,""direction"":""maximize"",""objective"":""composite = Sharpe * (Return% / MaxDD%)""}","{""macd_fast"":14,""macd_slow"":25,""macd_signal"":5,""allowshort"":false}",2014-01-01,2024-12-31,2025-01-01,2026-04-20,2014-01-01,2026-04-20,249.0,125.0,40.0,85.0,32.0,158416.23,-55959.34,15.61,,45.8,686760.6249999999,-698123.3999999998,158.01,0.5,0.6,0.0139,0.02,32.0,16.0,6.0,10.0,37.5,123315.42,-24652.35,13.5,,19.05,295005.23999999993,-100253.11999999997,49.34,1.17,1.47,0.0146,0.09,281.0,141.0,46.0,95.0,32.62,183752.85,-57073.08,15.57,,45.8,796249.7099999998,-698123.3999999998,303.07,0.61,0.73,0.0141,0.02
VTBR,macd,1D,Bayesian_TPE,7,13.908,17,29,6,True,688.79,0.76,1.281,37.64,213,37.09,True,"{""sampler"":""TPESampler"",""seed"":42,""n_trials"":50,""direction"":""maximize"",""objective"":""composite = Sharpe * (Return% / MaxDD%)""}","{""macd_fast"":17,""macd_slow"":29,""macd_signal"":6,""allowshort"":true}",2014-01-01,2024-12-31,2025-01-01,2026-04-20,2014-01-01,2026-04-20,213.0,213.0,79.0,133.0,37.09,338339.09,-149179.47,18.8,,37.64,2259998.1999999993,-1786962.4500000025,688.79,0.76,1.28,0.0195,0.04,24.0,24.0,9.0,15.0,37.5,132608.59,-38031.93,18.54,,29.17,263416.1199999999,-114560.5,62.3,1.07,1.83,0.0204,0.07,237.0,237.0,88.0,148.0,37.13,420347.21,-165954.88,18.9,,37.64,2259998.1999999993,-1786962.4500000025,1242.92,0.81,1.37,0.0197,0.04
VTBR,macd,1D,Bayesian_TPE,8,15.184,6,35,5,True,770.79,0.785,1.31,39.85,335,37.91,True,"{""sampler"":""TPESampler"",""seed"":42,""n_trials"":50,""direction"":""maximize"",""objective"":""composite = Sharpe * (Return% / MaxDD%)""}","{""macd_fast"":6,""macd_slow"":35,""macd_signal"":5,""allowshort"":true}",2014-01-01,2024-12-31,2025-01-01,2026-04-20,2014-01-01,2026-04-20,335.0,335.0,127.0,208.0,37.91,212249.59,-92537.63,11.95,,39.85,2060468.8,-1555374.3749999998,770.79,0.79,1.31,0.0197,0.04,36.0,36.0,15.0,21.0,41.67,97637.51,-34685.69,12.42,,15.66,310931.24999999994,-87250.50000000001,73.62,1.2,1.95,0.0203,0.16,371.0,371.0,142.0,229.0,38.27,286611.95,-113027.43,12.07,,39.85,2832471.1599999997,-1555374.3749999998,1481.56,0.85,1.42,0.0199,0.04
VTBR,macd,1D,Bayesian_TPE,9,13.193,15,29,10,True,726.22,0.745,1.214,41.01,165,41.82,True,"{""sampler"":""TPESampler"",""seed"":42,""n_trials"":50,""direction"":""maximize"",""objective"":""composite = Sharpe * (Return% / MaxDD%)""}","{""macd_fast"":15,""macd_slow"":29,""macd_signal"":10,""allowshort"":true}",2014-01-01,2024-12-31,2025-01-01,2026-04-20,2014-01-01,2026-04-20,165.0,165.0,69.0,96.0,41.82,386632.87,-202244.59,24.27,,41.01,1648325.2500000005,-1679529.1999999993,726.22,0.75,1.21,0.0207,0.04,20.0,20.0,10.0,10.0,50.0,126149.51,-49859.9,22.2,,25.37,285723.3999999999,-173247.35999999996,76.29,1.22,2.13,0.0205,0.1,185.0,185.0,79.0,106.0,42.7,480919.54,-223884.36,24.21,,41.01,2473435.1999999993,-1679529.1999999993,1426.09,0.82,1.34,0.0207,0.04
VTBR,macd,1D,Bayesian_TPE,10,0.834,20,41,7,False,97.24,0.391,0.451,45.6,80,32.5,False,"{""sampler"":""TPESampler"",""seed"":42,""n_trials"":50,""direction"":""maximize"",""objective"":""composite = Sharpe * (Return% / MaxDD%)""}","{""macd_fast"":20,""macd_slow"":41,""macd_signal"":7,""allowshort"":false}",2014-01-01,2024-12-31,2025-01-01,2026-04-20,2014-01-01,2026-04-20,159.0,80.0,26.0,54.0,32.5,197879.36,-77267.97,25.25,,45.6,629883.9,-394968.65,97.24,0.39,0.45,0.0139,0.01,20.0,10.0,6.0,4.0,60.0,113473.35,-68881.93,23.9,,26.47,264012.69000000006,-119285.03999999994,40.53,1.0,1.34,0.0149,0.06,179.0,90.0,32.0,58.0,35.56,205240.47,-81535.29,25.49,,45.6,629883.9,-394968.65,183.86,0.48,0.57,0.0141,0.01
VTBR,macd,1D,Bayesian_TPE,11,7.723,11,37,12,True,496.57,0.679,1.123,43.66,163,39.88,True,"{""sampler"":""TPESampler"",""seed"":42,""n_trials"":50,""direction"":""maximize"",""objective"":""composite = Sharpe * (Return% / MaxDD%)""}","{""macd_fast"":11,""macd_slow"":37,""macd_signal"":12,""allowshort"":true}",2014-01-01,2024-12-31,2025-01-01,2026-04-20,2014-01-01,2026-04-20,163.0,163.0,65.0,98.0,39.88,322238.48,-163058.91,24.56,,43.66,1802088.0,-1387572.4499999995,496.57,0.68,1.12,0.0195,0.03,20.0,20.0,9.0,11.0,45.0,133355.58,-49373.27,22.15,,29.13,277055.3199999999,-110245.47999999994,65.71,1.1,1.92,0.0205,0.08,183.0,183.0,74.0,109.0,40.44,388363.35,-177762.94,24.48,,43.66,1802088.0,-1387572.4499999995,936.27,0.75,1.25,0.0197,0.03
VTBR,macd,1D,Bayesian_TPE,12,10.948,19,36,8,True,654.55,0.747,1.225,44.66,155,40.0,True,"{""sampler"":""TPESampler"",""seed"":42,""n_trials"":50,""direction"":""maximize"",""objective"":""composite = Sharpe * (Return% / MaxDD%)""}","{""macd_fast"":19,""macd_slow"":36,""macd_signal"":8,""allowshort"":true}",2014-01-01,2024-12-31,2025-01-01,2026-04-20,2014-01-01,2026-04-20,155.0,155.0,62.0,93.0,40.0,352660.2,-164724.84,25.83,,44.66,1995200.5,-1404509.4,654.55,0.75,1.23,0.0196,0.03,18.0,18.0,9.0,9.0,50.0,141714.95,-56140.54,24.44,,23.54,296676.82,-132151.4999999999,77.02,1.23,2.15,0.0204,0.11,173.0,173.0,71.0,102.0,41.04,449338.96,-188470.05,25.89,,44.66,2292672.46,-1404509.4,1267.91,0.82,1.35,0.0198,0.04
VTBR,macd,1D,Bayesian_TPE,13,17.159,17,41,11,True,797.7,0.8,1.321,37.19,131,41.22,True,"{""sampler"":""TPESampler"",""seed"":42,""n_trials"":50,""direction"":""maximize"",""objective"":""composite = Sharpe * (Return% / MaxDD%)""}","{""macd_fast"":17,""macd_slow"":41,""macd_signal"":11,""allowshort"":true}",2014-01-01,2024-12-31,2025-01-01,2026-04-20,2014-01-01,2026-04-20,131.0,131.0,54.0,77.0,41.22,392411.81,-171600.56,30.56,,37.19,1919171.6999999995,-1057595.1999999995,797.7,0.8,1.32,0.0195,0.04,18.0,18.0,9.0,9.0,50.0,106701.03,-58620.85,24.39,,22.71,236797.35,-126379.04999999992,43.27,0.83,1.45,0.0206,0.08,149.0,149.0,63.0,86.0,42.28,474313.56,-208936.69,30.06,,37.19,2134343.865,-1139113.0799999994,1191.32,0.8,1.34,0.0197,0.04
VTBR,macd,1D,Bayesian_TPE,14,8.349,11,43,12,True,526.76,0.692,1.137,43.66,157,39.49,True,"{""sampler"":""TPESampler"",""seed"":42,""n_trials"":50,""direction"":""maximize"",""objective"":""composite = Sharpe * (Return% / MaxDD%)""}","{""macd_fast"":11,""macd_slow"":43,""macd_signal"":12,""allowshort"":true}",2014-01-01,2024-12-31,2025-01-01,2026-04-20,2014-01-01,2026-04-20,157.0,157.0,62.0,95.0,39.49,313384.46,-149076.36,25.5,,43.66,1741194.4,-1331639.599999999,526.76,0.69,1.14,0.0196,0.03,22.0,22.0,9.0,13.0,40.91,139016.25,-50747.52,20.0,,31.39,314331.48,-135638.91999999975,59.14,1.03,1.78,0.0205,0.07,179.0,179.0,71.0,108.0,39.66,388903.14,-170342.12,25.02,,43.66,2017712.25,-1331639.599999999,921.52,0.74,1.23,0.0198,0.03
VTBR,macd,1D,Bayesian_TPE,15,9.906,9,41,8,True,581.49,0.716,1.198,42.03,225,36.0,True,"{""sampler"":""TPESampler"",""seed"":42,""n_trials"":50,""direction"":""maximize"",""objective"":""composite = Sharpe * (Return% / MaxDD%)""}","{""macd_fast"":9,""macd_slow"":41,""macd_signal"":8,""allowshort"":true}",2014-01-01,2024-12-31,2025-01-01,2026-04-20,2014-01-01,2026-04-20,225.0,225.0,81.0,143.0,36.0,304862.92,-132020.72,17.8,,42.03,1949918.8499999996,-2152006.500000001,581.49,0.72,1.2,0.0196,0.03,28.0,28.0,10.0,18.0,35.71,116817.41,-33957.81,15.89,,31.44,268545.23999999993,-105429.20999999982,55.69,0.99,1.7,0.0204,0.06,253.0,253.0,91.0,161.0,35.97,366800.14,-144401.87,17.7,,42.03,1949918.8499999996,-2152006.500000001,1013.01,0.76,1.28,0.0198,0.04
VTBR,macd,1D,Bayesian_TPE,16,18.165,17,33,11,True,799.23,0.798,1.341,35.11,147,42.86,True,"{""sampler"":""TPESampler"",""seed"":42,""n_trials"":50,""direction"":""maximize"",""objective"":""composite = Sharpe * (Return% / MaxDD%)""}","{""macd_fast"":17,""macd_slow"":33,""macd_signal"":11,""allowshort"":true}",2014-01-01,2024-12-31,2025-01-01,2026-04-20,2014-01-01,2026-04-20,147.0,147.0,63.0,84.0,42.86,365697.61,-179126.75,27.24,,35.11,2120821.0999999996,-1492957.8000000005,799.23,0.8,1.34,0.0196,0.04,16.0,16.0,9.0,7.0,56.25,150418.73,-65835.07,27.5,,25.71,318025.0500000001,-139659.43999999974,89.29,1.36,2.38,0.0204,0.11,163.0,163.0,72.0,91.0,44.17,496159.62,-211986.9,27.48,,35.11,2928924.640000001,-1492957.8000000005,1643.27,0.88,1.49,0.0198,0.05
VTBR,macd,1D,Bayesian_TPE,17,9.488,18,33,12,True,547.01,0.703,1.164,40.53,143,40.56,True,"{""sampler"":""TPESampler"",""seed"":42,""n_trials"":50,""direction"":""maximize"",""objective"":""composite = Sharpe * (Return% / MaxDD%)""}","{""macd_fast"":18,""macd_slow"":33,""macd_signal"":12,""allowshort"":true}",2014-01-01,2024-12-31,2025-01-01,2026-04-20,2014-01-01,2026-04-20,143.0,143.0,58.0,85.0,40.56,311764.4,-148379.46,28.0,,40.53,1633477.7999999998,-937295.6499999996,547.01,0.7,1.16,0.0195,0.03,16.0,16.0,9.0,7.0,56.25,115340.86,-65797.77,27.44,,23.38,263610.0,-118286.99999999993,57.75,1.01,1.77,0.0206,0.09,159.0,159.0,67.0,92.0,42.14,370921.8,-169611.84,28.17,,40.53,1712464.5,-937295.6499999996,924.75,0.74,1.24,0.0197,0.04
VTBR,macd,1D,Bayesian_TPE,18,1.588,16,44,11,False,138.79,0.473,0.557,41.34,66,34.85,False,"{""sampler"":""TPESampler"",""seed"":42,""n_trials"":50,""direction"":""maximize"",""objective"":""composite = Sharpe * (Return% / MaxDD%)""}","{""macd_fast"":16,""macd_slow"":44,""macd_signal"":11,""allowshort"":false}",2014-01-01,2024-12-31,2025-01-01,2026-04-20,2014-01-01,2026-04-20,131.0,66.0,23.0,43.0,34.85,223033.65,-87021.04,30.3,,41.34,615848.4,-384872.7999999998,138.79,0.47,0.56,0.0137,0.02,18.0,9.0,6.0,3.0,66.67,93163.45,-69941.68,26.22,,23.15,218516.9999999999,-113605.16999999994,34.92,0.9,1.24,0.0146,0.06,149.0,75.0,29.0,46.0,38.67,223429.59,-92281.63,30.29,,41.34,615848.4,-384872.7999999998,223.45,0.53,0.64,0.0139,0.02
VTBR,macd,1D,Bayesian_TPE,19,12.023,13,39,15,True,652.31,0.747,1.231,40.53,133,40.6,True,"{""sampler"":""TPESampler"",""seed"":42,""n_trials"":50,""direction"":""maximize"",""objective"":""composite = Sharpe * (Return% / MaxDD%)""}","{""macd_fast"":13,""macd_slow"":39,""macd_signal"":15,""allowshort"":true}",2014-01-01,2024-12-31,2025-01-01,2026-04-20,2014-01-01,2026-04-20,133.0,133.0,54.0,79.0,40.6,359812.94,-163377.68,30.11,,40.53,1810000.8,-997427.1999999996,652.31,0.75,1.23,0.0195,0.04,18.0,18.0,9.0,9.0,50.0,105772.56,-60300.95,24.39,,23.76,231279.68500000008,-124661.87999999992,40.92,0.8,1.4,0.0206,0.07,151.0,151.0,63.0,88.0,41.72,423024.15,-193251.58,29.66,,40.53,1810000.8,-997427.1999999996,964.44,0.75,1.25,0.0197,0.04
VTBR,macd,1D,Bayesian_TPE,20,22.261,20,32,9,True,927.63,0.838,1.41,34.92,151,43.71,True,"{""sampler"":""TPESampler"",""seed"":42,""n_trials"":50,""direction"":""maximize"",""objective"":""composite = Sharpe * (Return% / MaxDD%)""}","{""macd_fast"":20,""macd_slow"":32,""macd_signal"":9,""allowshort"":true}",2014-01-01,2024-12-31,2025-01-01,2026-04-20,2014-01-01,2026-04-20,151.0,151.0,66.0,85.0,43.71,388286.54,-192360.09,26.52,,34.92,2381881.6999999997,-1676727.6,927.63,0.84,1.41,0.0196,0.05,16.0,16.0,10.0,6.0,62.5,130298.78,-77747.02,27.5,,25.71,304645.9900000001,-135500.51999999976,83.65,1.3,2.28,0.0204,0.1,167.0,167.0,76.0,91.0,45.51,520898.65,-233627.02,26.82,,34.92,3206289.5500000007,-1676727.6,1832.82,0.9,1.53,0.0197,0.05
VTBR,macd,1D,Bayesian_TPE,21,21.095,20,31,9,True,890.73,0.827,1.393,34.92,151,43.71,True,"{""sampler"":""TPESampler"",""seed"":42,""n_trials"":50,""direction"":""maximize"",""objective"":""composite = Sharpe * (Return% / MaxDD%)""}","{""macd_fast"":20,""macd_slow"":31,""macd_signal"":9,""allowshort"":true}",2014-01-01,2024-12-31,2025-01-01,2026-04-20,2014-01-01,2026-04-20,151.0,151.0,66.0,85.0,43.71,376579.26,-187611.51,26.52,,34.92,2308066.9,-1624777.2000000002,890.73,0.83,1.39,0.0196,0.05,16.0,16.0,9.0,7.0,56.25,142314.74,-66485.67,27.5,,25.71,296676.82,-133943.51999999976,81.54,1.28,2.24,0.0204,0.1,167.0,167.0,75.0,92.0,44.91,507855.51,-224664.62,26.82,,34.92,3010290.42,-1624777.2000000002,1742.0,0.89,1.51,0.0197,0.05
VTBR,macd,1D,Bayesian_TPE,22,22.261,20,32,9,True,927.63,0.838,1.41,34.92,151,43.71,True,"{""sampler"":""TPESampler"",""seed"":42,""n_trials"":50,""direction"":""maximize"",""objective"":""composite = Sharpe * (Return% / MaxDD%)""}","{""macd_fast"":20,""macd_slow"":32,""macd_signal"":9,""allowshort"":true}",2014-01-01,2024-12-31,2025-01-01,2026-04-20,2014-01-01,2026-04-20,151.0,151.0,66.0,85.0,43.71,388286.54,-192360.09,26.52,,34.92,2381881.6999999997,-1676727.6,927.63,0.84,1.41,0.0196,0.05,16.0,16.0,10.0,6.0,62.5,130298.78,-77747.02,27.5,,25.71,304645.9900000001,-135500.51999999976,83.65,1.3,2.28,0.0204,0.1,167.0,167.0,76.0,91.0,45.51,520898.65,-233627.02,26.82,,34.92,3206289.5500000007,-1676727.6,1832.82,0.9,1.53,0.0197,0.05
VTBR,macd,1D,Bayesian_TPE,23,22.261,20,32,9,True,927.63,0.838,1.41,34.92,151,43.71,True,"{""sampler"":""TPESampler"",""seed"":42,""n_trials"":50,""direction"":""maximize"",""objective"":""composite = Sharpe * (Return% / MaxDD%)""}","{""macd_fast"":20,""macd_slow"":32,""macd_signal"":9,""allowshort"":true}",2014-01-01,2024-12-31,2025-01-01,2026-04-20,2014-01-01,2026-04-20,151.0,151.0,66.0,85.0,43.71,388286.54,-192360.09,26.52,,34.92,2381881.6999999997,-1676727.6,927.63,0.84,1.41,0.0196,0.05,16.0,16.0,10.0,6.0,62.5,130298.78,-77747.02,27.5,,25.71,304645.9900000001,-135500.51999999976,83.65,1.3,2.28,0.0204,0.1,167.0,167.0,76.0,91.0,45.51,520898.65,-233627.02,26.82,,34.92,3206289.5500000007,-1676727.6,1832.82,0.9,1.53,0.0197,0.05
VTBR,macd,1D,Bayesian_TPE,24,22.261,20,32,9,True,927.63,0.838,1.41,34.92,151,43.71,True,"{""sampler"":""TPESampler"",""seed"":42,""n_trials"":50,""direction"":""maximize"",""objective"":""composite = Sharpe * (Return% / MaxDD%)""}","{""macd_fast"":20,""macd_slow"":32,""macd_signal"":9,""allowshort"":true}",2014-01-01,2024-12-31,2025-01-01,2026-04-20,2014-01-01,2026-04-20,151.0,151.0,66.0,85.0,43.71,388286.54,-192360.09,26.52,,34.92,2381881.6999999997,-1676727.6,927.63,0.84,1.41,0.0196,0.05,16.0,16.0,10.0,6.0,62.5,130298.78,-77747.02,27.5,,25.71,304645.9900000001,-135500.51999999976,83.65,1.3,2.28,0.0204,0.1,167.0,167.0,76.0,91.0,45.51,520898.65,-233627.02,26.82,,34.92,3206289.5500000007,-1676727.6,1832.82,0.9,1.53,0.0197,0.05
VTBR,macd,1D,Bayesian_TPE,25,12.185,19,30,9,True,717.05,0.772,1.301,45.43,157,40.76,True,"{""sampler"":""TPESampler"",""seed"":42,""n_trials"":50,""direction"":""maximize"",""objective"":""composite = Sharpe * (Return% / MaxDD%)""}","{""macd_fast"":19,""macd_slow"":30,""macd_signal"":9,""allowshort"":true}",2014-01-01,2024-12-31,2025-01-01,2026-04-20,2014-01-01,2026-04-20,157.0,157.0,64.0,93.0,40.76,390596.14,-191694.72,25.5,,45.43,2232545.6,-1611385.299999999,717.05,0.77,1.3,0.0195,0.03,16.0,16.0,9.0,7.0,56.25,160009.4,-66179.37,27.69,,25.83,336672.18,-146531.13999999978,97.68,1.44,2.54,0.0204,0.11,173.0,173.0,73.0,100.0,42.2,516799.18,-217953.62,25.89,,45.43,2883511.9799999995,-1611385.299999999,1593.1,0.87,1.48,0.0197,0.04
VTBR,macd,1D,Bayesian_TPE,26,1.076,19,34,7,False,110.05,0.42,0.493,42.94,86,36.05,False,"{""sampler"":""TPESampler"",""seed"":42,""n_trials"":50,""direction"":""maximize"",""objective"":""composite = Sharpe * (Return% / MaxDD%)""}","{""macd_fast"":19,""macd_slow"":34,""macd_signal"":7,""allowshort"":false}",2014-01-01,2024-12-31,2025-01-01,2026-04-20,2014-01-01,2026-04-20,171.0,86.0,31.0,55.0,36.05,177701.2,-80150.25,23.14,,42.94,647545.8,-556108.4999999998,110.05,0.42,0.49,0.0137,0.01,22.0,11.0,6.0,5.0,54.55,110309.91,-55649.55,21.45,,26.87,248843.0,-87858.3999999999,38.36,0.95,1.26,0.015,0.05,193.0,97.0,37.0,60.0,38.14,191010.26,-83681.99,23.28,,42.94,647545.8,-556108.4999999998,204.65,0.51,0.61,0.014,0.02
VTBR,macd,1D,Bayesian_TPE,27,11.747,18,27,7,True,649.71,0.718,1.168,39.71,201,38.81,True,"{""sampler"":""TPESampler"",""seed"":42,""n_trials"":50,""direction"":""maximize"",""objective"":""composite = Sharpe * (Return% / MaxDD%)""}","{""macd_fast"":18,""macd_slow"":27,""macd_signal"":7,""allowshort"":true}",2014-01-01,2024-12-31,2025-01-01,2026-04-20,2014-01-01,2026-04-20,201.0,201.0,78.0,121.0,38.81,333735.02,-161440.34,19.92,,39.71,1565088.0,-1665957.8249999995,649.71,0.72,1.17,0.0207,0.04,20.0,20.0,9.0,11.0,45.0,123139.86,-41054.64,22.25,,22.08,283333.05,-138493.8,65.67,1.1,1.91,0.0206,0.1,221.0,221.0,87.0,132.0,39.37,403617.22,-174893.43,20.27,,39.71,2228329.74,-1665957.8249999995,1202.88,0.78,1.28,0.0208,0.04
VTBR,macd,1D,Bayesian_TPE,28,20.559,20,22,9,True,964.65,0.815,1.33,38.24,173,40.46,True,"{""sampler"":""TPESampler"",""seed"":42,""n_trials"":50,""direction"":""maximize"",""objective"":""composite = Sharpe * (Return% / MaxDD%)""}","{""macd_fast"":20,""macd_slow"":22,""macd_signal"":9,""allowshort"":true}",2014-01-01,2024-12-31,2025-01-01,2026-04-20,2014-01-01,2026-04-20,173.0,173.0,70.0,102.0,40.46,421525.38,-194708.4,23.14,,38.24,1968858.7999999996,-1715075.7749999997,964.65,0.81,1.33,0.0207,0.04,20.0,20.0,10.0,10.0,50.0,114323.91,-46882.62,22.2,,23.8,271371.25999999995,-150498.69999999978,67.44,1.12,1.95,0.0206,0.1,193.0,193.0,80.0,112.0,41.45,534600.14,-224018.72,23.21,,38.24,3027246.019999999,-1715075.7749999997,1767.79,0.86,1.42,0.0208,0.05
VTBR,macd,1D,Bayesian_TPE,29,10.738,18,38,8,True,645.46,0.743,1.22,44.66,155,40.0,True,"{""sampler"":""TPESampler"",""seed"":42,""n_trials"":50,""direction"":""maximize"",""objective"":""composite = Sharpe * (Return% / MaxDD%)""}","{""macd_fast"":18,""macd_slow"":38,""macd_signal"":8,""allowshort"":true}",2014-01-01,2024-12-31,2025-01-01,2026-04-20,2014-01-01,2026-04-20,155.0,155.0,62.0,93.0,40.0,351046.56,-164627.07,25.83,,44.66,1995200.5,-1404509.4,645.46,0.74,1.22,0.0196,0.03,20.0,20.0,9.0,11.0,45.0,135759.93,-53201.34,22.0,,27.24,296676.82,-132151.4999999999,63.66,1.08,1.87,0.0205,0.08,175.0,175.0,71.0,104.0,40.57,440463.82,-190175.05,25.59,,44.66,2265044.02,-1404509.4,1149.47,0.79,1.31,0.0198,0.04
VTBR,macd,1D,Bayesian_TPE,30,15.274,15,46,6,True,776.23,0.792,1.341,40.25,199,36.18,True,"{""sampler"":""TPESampler"",""seed"":42,""n_trials"":50,""direction"":""maximize"",""objective"":""composite = Sharpe * (Return% / MaxDD%)""}","{""macd_fast"":15,""macd_slow"":46,""macd_signal"":6,""allowshort"":true}",2014-01-01,2024-12-31,2025-01-01,2026-04-20,2014-01-01,2026-04-20,199.0,199.0,72.0,127.0,36.18,394341.05,-162443.2,20.12,,40.25,2511959.0999999996,-1618337.5000000005,776.23,0.79,1.34,0.0195,0.04,24.0,24.0,8.0,16.0,33.33,136130.77,-35701.7,18.5,,28.13,259586.6,-81496.79999999993,51.78,0.94,1.61,0.0206,0.07,223.0,223.0,80.0,143.0,35.87,485115.97,-180941.6,20.09,,40.25,2511959.0999999996,-1618337.5000000005,1293.46,0.82,1.4,0.0197,0.04
VTBR,macd,1D,Bayesian_TPE,31,22.261,20,32,9,True,927.63,0.838,1.41,34.92,151,43.71,True,"{""sampler"":""TPESampler"",""seed"":42,""n_trials"":50,""direction"":""maximize"",""objective"":""composite = Sharpe * (Return% / MaxDD%)""}","{""macd_fast"":20,""macd_slow"":32,""macd_signal"":9,""allowshort"":true}",2014-01-01,2024-12-31,2025-01-01,2026-04-20,2014-01-01,2026-04-20,151.0,151.0,66.0,85.0,43.71,388286.54,-192360.09,26.52,,34.92,2381881.6999999997,-1676727.6,927.63,0.84,1.41,0.0196,0.05,16.0,16.0,10.0,6.0,62.5,130298.78,-77747.02,27.5,,25.71,304645.9900000001,-135500.51999999976,83.65,1.3,2.28,0.0204,0.1,167.0,167.0,76.0,91.0,45.51,520898.65,-233627.02,26.82,,34.92,3206289.5500000007,-1676727.6,1832.82,0.9,1.53,0.0197,0.05
VTBR,macd,1D,Bayesian_TPE,32,15.294,19,35,9,True,750.98,0.781,1.308,38.35,149,41.61,True,"{""sampler"":""TPESampler"",""seed"":42,""n_trials"":50,""direction"":""maximize"",""objective"":""composite = Sharpe * (Return% / MaxDD%)""}","{""macd_fast"":19,""macd_slow"":35,""macd_signal"":9,""allowshort"":true}",2014-01-01,2024-12-31,2025-01-01,2026-04-20,2014-01-01,2026-04-20,149.0,149.0,62.0,87.0,41.61,358475.97,-169145.71,26.87,,38.35,2046837.0,-1440865.2000000002,750.98,0.78,1.31,0.0196,0.04,18.0,18.0,10.0,8.0,55.56,129796.24,-63157.62,24.44,,23.54,304645.9900000001,-133688.87999999992,79.27,1.26,2.19,0.0204,0.11,167.0,167.0,72.0,95.0,43.11,468654.81,-201254.84,26.82,,38.35,2655133.290000001,-1440865.2000000002,1462.39,0.85,1.43,0.0198,0.04
VTBR,macd,1D,Bayesian_TPE,33,19.424,20,27,10,True,856.0,0.816,1.376,35.96,151,43.05,True,"{""sampler"":""TPESampler"",""seed"":42,""n_trials"":50,""direction"":""maximize"",""objective"":""composite = Sharpe * (Return% / MaxDD%)""}","{""macd_fast"":20,""macd_slow"":27,""macd_signal"":10,""allowshort"":true}",2014-01-01,2024-12-31,2025-01-01,2026-04-20,2014-01-01,2026-04-20,151.0,151.0,65.0,86.0,43.05,375946.24,-184610.34,26.52,,35.96,2120143.9,-1390151.0500000005,856.0,0.82,1.38,0.0196,0.04,14.0,14.0,9.0,5.0,64.29,154844.71,-75372.91,31.43,,21.39,337191.1199999999,-237824.6199999999,101.67,1.48,2.6,0.0204,0.14,165.0,165.0,74.0,91.0,44.85,517728.41,-215014.62,27.15,,35.96,3301440.039999999,-2328529.7199999993,1874.56,0.91,1.54,0.0197,0.05
VTBR,macd,1D,Bayesian_TPE,34,15.407,18,31,8,True,751.49,0.784,1.319,38.24,163,40.49,True,"{""sampler"":""TPESampler"",""seed"":42,""n_trials"":50,""direction"":""maximize"",""objective"":""composite = Sharpe * (Return% / MaxDD%)""}","{""macd_fast"":18,""macd_slow"":31,""macd_signal"":8,""allowshort"":true}",2014-01-01,2024-12-31,2025-01-01,2026-04-20,2014-01-01,2026-04-20,163.0,163.0,66.0,97.0,40.49,391554.93,-188946.08,24.56,,38.24,2270284.8000000003,-1638653.6249999993,751.49,0.78,1.32,0.0195,0.04,20.0,20.0,9.0,11.0,45.0,133355.58,-49373.27,22.15,,29.13,277055.3199999999,-110245.47999999994,65.71,1.1,1.92,0.0205,0.08,183.0,183.0,75.0,108.0,40.98,492880.87,-214587.18,24.48,,38.24,2472980.9599999995,-1638653.6249999993,1379.07,0.84,1.42,0.0197,0.04
VTBR,macd,1D,Bayesian_TPE,35,1.6,19,28,10,False,146.67,0.487,0.581,44.63,76,36.84,False,"{""sampler"":""TPESampler"",""seed"":42,""n_trials"":50,""direction"":""maximize"",""objective"":""composite = Sharpe * (Return% / MaxDD%)""}","{""macd_fast"":19,""macd_slow"":28,""macd_signal"":10,""allowshort"":false}",2014-01-01,2024-12-31,2025-01-01,2026-04-20,2014-01-01,2026-04-20,151.0,76.0,28.0,48.0,36.84,198614.29,-85302.89,25.99,,44.63,671401.5750000002,-475098.1500000001,146.67,0.49,0.58,0.0137,0.01,14.0,7.0,6.0,1.0,85.71,128918.65,-190167.89,33.71,,22.13,287467.33999999997,-190167.88999999993,58.33,1.32,1.8,0.0147,0.09,165.0,83.0,34.0,49.0,40.96,225889.64,-93597.26,27.02,,44.63,743315.38,-491727.0599999998,309.4,0.62,0.75,0.0139,0.02
VTBR,macd,1D,Bayesian_TPE,36,21.978,16,23,11,True,1016.23,0.827,1.373,38.24,169,42.6,True,"{""sampler"":""TPESampler"",""seed"":42,""n_trials"":50,""direction"":""maximize"",""objective"":""composite = Sharpe * (Return% / MaxDD%)""}","{""macd_fast"":16,""macd_slow"":23,""macd_signal"":11,""allowshort"":true}",2014-01-01,2024-12-31,2025-01-01,2026-04-20,2014-01-01,2026-04-20,169.0,169.0,72.0,97.0,42.6,428706.21,-213448.78,23.69,,38.24,2064244.7999999996,-1875514.7249999996,1016.23,0.83,1.37,0.0207,0.04,20.0,20.0,10.0,10.0,50.0,124687.61,-48063.63,22.2,,23.28,286265.81999999995,-152651.51999999976,76.62,1.22,2.14,0.0205,0.11,189.0,189.0,82.0,107.0,43.39,560763.13,-246035.68,23.7,,38.24,3347977.499999999,-1875514.7249999996,1965.68,0.89,1.48,0.0208,0.05
VTBR,macd,1D,Bayesian_TPE,37,12.597,8,32,9,True,749.45,0.752,1.25,44.74,225,38.22,True,"{""sampler"":""TPESampler"",""seed"":42,""n_trials"":50,""direction"":""maximize"",""objective"":""composite = Sharpe * (Return% / MaxDD%)""}","{""macd_fast"":8,""macd_slow"":32,""macd_signal"":9,""allowshort"":true}",2014-01-01,2024-12-31,2025-01-01,2026-04-20,2014-01-01,2026-04-20,225.0,225.0,86.0,139.0,38.22,350131.25,-162710.65,17.8,,44.74,1948648.0749999995,-2250755.3249999993,749.45,0.75,1.25,0.0207,0.03,28.0,28.0,13.0,15.0,46.43,106236.18,-34784.79,15.93,,24.39,316608.10000000015,-126664.07999999996,85.93,1.33,2.26,0.0203,0.11,253.0,253.0,99.0,154.0,39.13,434478.09,-177308.76,17.7,,44.74,2845111.0000000014,-2250755.3249999993,1570.78,0.84,1.4,0.0207,0.04
VTBR,macd,1D,Bayesian_TPE,38,1.566,20,25,7,False,155.59,0.49,0.528,48.69,95,35.79,False,"{""sampler"":""TPESampler"",""seed"":42,""n_trials"":50,""direction"":""maximize"",""objective"":""composite = Sharpe * (Return% / MaxDD%)""}","{""macd_fast"":20,""macd_slow"":25,""macd_signal"":7,""allowshort"":false}",2014-01-01,2024-12-31,2025-01-01,2026-04-20,2014-01-01,2026-04-20,189.0,95.0,34.0,61.0,35.79,196476.34,-84004.8,20.93,,48.69,733768.0,-721731.1499999998,155.59,0.49,0.53,0.0144,0.01,22.0,11.0,6.0,5.0,54.55,101474.99,-44090.25,21.45,,23.42,243110.3,-113880.14999999998,38.84,0.96,1.28,0.0149,0.06,211.0,106.0,40.0,66.0,37.74,210815.8,-86585.68,21.27,,48.69,733768.0,-721731.1499999998,271.8,0.57,0.63,0.0145,0.02
VTBR,macd,1D,Bayesian_TPE,39,12.212,18,20,13,True,736.81,0.748,1.234,45.13,155,41.29,True,"{""sampler"":""TPESampler"",""seed"":42,""n_trials"":50,""direction"":""maximize"",""objective"":""composite = Sharpe * (Return% / MaxDD%)""}","{""macd_fast"":18,""macd_slow"":20,""macd_signal"":13,""allowshort"":true}",2014-01-01,2024-12-31,2025-01-01,2026-04-20,2014-01-01,2026-04-20,155.0,155.0,64.0,91.0,41.29,421244.78,-215291.58,25.83,,45.13,2072651.3500000008,-1866833.8749999993,736.81,0.75,1.23,0.0207,0.03,16.0,16.0,8.0,8.0,50.0,138295.55,-65089.93,27.75,,28.92,258045.92999999996,-177816.66000000012,58.56,1.02,1.42,0.0207,0.07,171.0,171.0,72.0,99.0,42.11,514716.39,-244010.81,26.19,,45.13,2262548.9699999997,-1866833.8749999993,1290.25,0.79,1.28,0.0208,0.04
VTBR,macd,1D,Bayesian_TPE,40,15.142,16,34,10,True,846.11,0.813,1.363,45.43,155,42.58,True,"{""sampler"":""TPESampler"",""seed"":42,""n_trials"":50,""direction"":""maximize"",""objective"":""composite = Sharpe * (Return% / MaxDD%)""}","{""macd_fast"":16,""macd_slow"":34,""macd_signal"":10,""allowshort"":true}",2014-01-01,2024-12-31,2025-01-01,2026-04-20,2014-01-01,2026-04-20,155.0,155.0,66.0,89.0,42.58,408280.96,-207701.42,25.83,,45.43,2537722.3499999996,-1786458.6000000003,846.11,0.81,1.36,0.0196,0.04,16.0,16.0,9.0,7.0,56.25,154894.25,-62979.95,27.69,,25.83,326563.5399999999,-144779.1599999998,95.32,1.42,2.51,0.0204,0.11,171.0,171.0,75.0,96.0,43.86,549713.72,-238101.9,26.19,,45.43,3238766.539999999,-1786458.6000000003,1837.07,0.9,1.53,0.0197,0.04
VTBR,macd,1D,Bayesian_TPE,41,21.095,20,31,9,True,890.73,0.827,1.393,34.92,151,43.71,True,"{""sampler"":""TPESampler"",""seed"":42,""n_trials"":50,""direction"":""maximize"",""objective"":""composite = Sharpe * (Return% / MaxDD%)""}","{""macd_fast"":20,""macd_slow"":31,""macd_signal"":9,""allowshort"":true}",2014-01-01,2024-12-31,2025-01-01,2026-04-20,2014-01-01,2026-04-20,151.0,151.0,66.0,85.0,43.71,376579.26,-187611.51,26.52,,34.92,2308066.9,-1624777.2000000002,890.73,0.83,1.39,0.0196,0.05,16.0,16.0,9.0,7.0,56.25,142314.74,-66485.67,27.5,,25.71,296676.82,-133943.51999999976,81.54,1.28,2.24,0.0204,0.1,167.0,167.0,75.0,92.0,44.91,507855.51,-224664.62,26.82,,34.92,3010290.42,-1624777.2000000002,1742.0,0.89,1.51,0.0197,0.05
VTBR,macd,1D,Bayesian_TPE,42,11.678,19,33,8,True,674.42,0.756,1.255,43.66,161,40.37,True,"{""sampler"":""TPESampler"",""seed"":42,""n_trials"":50,""direction"":""maximize"",""objective"":""composite = Sharpe * (Return% / MaxDD%)""}","{""macd_fast"":19,""macd_slow"":33,""macd_signal"":8,""allowshort"":true}",2014-01-01,2024-12-31,2025-01-01,2026-04-20,2014-01-01,2026-04-20,161.0,161.0,65.0,96.0,40.37,371178.27,-181066.45,24.87,,43.66,2185248.0,-1682597.9999999993,674.42,0.76,1.25,0.0195,0.03,20.0,20.0,9.0,11.0,45.0,142988.54,-56546.26,22.15,,29.3,322855.64999999997,-139320.35999999975,66.49,1.11,1.94,0.0205,0.08,181.0,181.0,74.0,107.0,40.88,472259.84,-209643.7,24.75,,43.66,2620997.9099999997,-1682597.9999999993,1251.54,0.82,1.36,0.0197,0.04
VTBR,macd,1D,Bayesian_TPE,43,23.141,20,29,10,True,955.19,0.846,1.424,34.92,149,44.3,True,"{""sampler"":""TPESampler"",""seed"":42,""n_trials"":50,""direction"":""maximize"",""objective"":""composite = Sharpe * (Return% / MaxDD%)""}","{""macd_fast"":20,""macd_slow"":29,""macd_signal"":10,""allowshort"":true}",2014-01-01,2024-12-31,2025-01-01,2026-04-20,2014-01-01,2026-04-20,149.0,149.0,66.0,83.0,44.3,403707.02,-205936.96,26.87,,34.92,2498698.6999999997,-1758942.9,955.19,0.85,1.42,0.0196,0.05,16.0,16.0,9.0,7.0,56.25,150418.73,-65835.07,27.5,,25.71,318025.0500000001,-139659.43999999974,89.29,1.36,2.38,0.0204,0.11,165.0,165.0,75.0,90.0,45.45,553722.32,-245255.84,27.15,,34.92,3436914.910000001,-1758942.9,1945.61,0.92,1.56,0.0197,0.05
VTBR,macd,1D,Bayesian_TPE,44,24.598,5,29,10,True,1118.86,0.884,1.502,40.21,275,40.0,True,"{""sampler"":""TPESampler"",""seed"":42,""n_trials"":50,""direction"":""maximize"",""objective"":""composite = Sharpe * (Return% / MaxDD%)""}","{""macd_fast"":5,""macd_slow"":29,""macd_signal"":10,""allowshort"":true}",2014-01-01,2024-12-31,2025-01-01,2026-04-20,2014-01-01,2026-04-20,275.0,275.0,110.0,164.0,40.0,309146.43,-139131.16,14.56,,40.21,2648538.55,-2079869.3000000005,1118.86,0.88,1.5,0.0197,0.04,36.0,36.0,14.0,22.0,38.89,105521.43,-38053.51,12.42,,22.05,311016.1599999999,-105912.7500000002,64.01,1.1,1.79,0.0202,0.1,311.0,311.0,124.0,186.0,39.87,430685.4,-180066.06,14.4,,40.21,3965690.559999998,-2079869.3000000005,1991.27,0.92,1.56,0.0198,0.05
VTBR,macd,1D,Bayesian_TPE,45,24.598,5,29,10,True,1118.86,0.884,1.502,40.21,275,40.0,True,"{""sampler"":""TPESampler"",""seed"":42,""n_trials"":50,""direction"":""maximize"",""objective"":""composite = Sharpe * (Return% / MaxDD%)""}","{""macd_fast"":5,""macd_slow"":29,""macd_signal"":10,""allowshort"":true}",2014-01-01,2024-12-31,2025-01-01,2026-04-20,2014-01-01,2026-04-20,275.0,275.0,110.0,164.0,40.0,309146.43,-139131.16,14.56,,40.21,2648538.55,-2079869.3000000005,1118.86,0.88,1.5,0.0197,0.04,36.0,36.0,14.0,22.0,38.89,105521.43,-38053.51,12.42,,22.05,311016.1599999999,-105912.7500000002,64.01,1.1,1.79,0.0202,0.1,311.0,311.0,124.0,186.0,39.87,430685.4,-180066.06,14.4,,40.21,3965690.559999998,-2079869.3000000005,1991.27,0.92,1.56,0.0198,0.05
VTBR,macd,1D,Bayesian_TPE,46,24.598,5,29,10,True,1118.86,0.884,1.502,40.21,275,40.0,True,"{""sampler"":""TPESampler"",""seed"":42,""n_trials"":50,""direction"":""maximize"",""objective"":""composite = Sharpe * (Return% / MaxDD%)""}","{""macd_fast"":5,""macd_slow"":29,""macd_signal"":10,""allowshort"":true}",2014-01-01,2024-12-31,2025-01-01,2026-04-20,2014-01-01,2026-04-20,275.0,275.0,110.0,164.0,40.0,309146.43,-139131.16,14.56,,40.21,2648538.55,-2079869.3000000005,1118.86,0.88,1.5,0.0197,0.04,36.0,36.0,14.0,22.0,38.89,105521.43,-38053.51,12.42,,22.05,311016.1599999999,-105912.7500000002,64.01,1.1,1.79,0.0202,0.1,311.0,311.0,124.0,186.0,39.87,430685.4,-180066.06,14.4,,40.21,3965690.559999998,-2079869.3000000005,1991.27,0.92,1.56,0.0198,0.05
VTBR,macd,1D,Bayesian_TPE,47,1.541,5,29,11,False,152.7,0.495,0.592,49.06,136,31.62,False,"{""sampler"":""TPESampler"",""seed"":42,""n_trials"":50,""direction"":""maximize"",""objective"":""composite = Sharpe * (Return% / MaxDD%)""}","{""macd_fast"":5,""macd_slow"":29,""macd_signal"":11,""allowshort"":false}",2014-01-01,2024-12-31,2025-01-01,2026-04-20,2014-01-01,2026-04-20,271.0,136.0,43.0,92.0,31.62,158678.77,-57567.54,14.38,,49.06,772175.4999999999,-852001.65,152.7,0.49,0.59,0.0138,0.01,32.0,16.0,8.0,8.0,50.0,98819.13,-31154.71,13.0,,16.68,298351.62999999983,-103846.39999999997,54.13,1.26,1.54,0.0145,0.11,303.0,152.0,51.0,100.0,33.55,177049.73,-59550.94,14.41,,49.06,788703.1199999995,-852001.65,307.44,0.61,0.74,0.014,0.02
VTBR,macd,1D,Bayesian_TPE,48,7.692,6,26,10,True,565.55,0.684,1.116,50.29,267,37.45,True,"{""sampler"":""TPESampler"",""seed"":42,""n_trials"":50,""direction"":""maximize"",""objective"":""composite = Sharpe * (Return% / MaxDD%)""}","{""macd_fast"":6,""macd_slow"":26,""macd_signal"":10,""allowshort"":true}",2014-01-01,2024-12-31,2025-01-01,2026-04-20,2014-01-01,2026-04-20,267.0,267.0,100.0,167.0,37.45,221412.44,-98716.79,15.0,,50.29,1365323.9249999998,-1643723.7000000002,565.55,0.68,1.12,0.0208,0.03,34.0,34.0,14.0,20.0,41.18,102108.79,-38356.22,13.15,,22.23,309081.41999999987,-131109.11999999997,66.24,1.12,1.85,0.0202,0.1,301.0,301.0,114.0,187.0,37.87,284224.91,-116721.82,14.88,,50.29,2152122.479999999,-1643723.7000000002,1057.47,0.75,1.23,0.0207,0.03
VTBR,macd,1D,Bayesian_TPE,49,14.699,5,28,12,True,867.98,0.82,1.378,48.42,259,38.22,True,"{""sampler"":""TPESampler"",""seed"":42,""n_trials"":50,""direction"":""maximize"",""objective"":""composite = Sharpe * (Return% / MaxDD%)""}","{""macd_fast"":5,""macd_slow"":28,""macd_signal"":12,""allowshort"":true}",2014-01-01,2024-12-31,2025-01-01,2026-04-20,2014-01-01,2026-04-20,259.0,259.0,99.0,160.0,38.22,283481.83,-121155.41,15.46,,48.42,2071740.0,-2362690.5749999997,867.98,0.82,1.38,0.0196,0.03,32.0,32.0,15.0,17.0,46.88,102317.61,-36951.45,13.97,,22.39,326917.07999999996,-133960.63999999996,90.66,1.38,2.3,0.0203,0.12,291.0,291.0,114.0,177.0,39.18,386426.95,-145457.92,15.39,,48.42,3310450.0199999996,-2362690.5749999997,1830.66,0.9,1.52,0.0197,0.04
SBER,macd,1D,Bayesian_TPE,0,0.597,10,49,13,True,84.85,0.331,0.515,47.08,167,40.12,True,"{""sampler"":""TPESampler"",""seed"":42,""n_trials"":50,""direction"":""maximize"",""objective"":""composite = Sharpe * (Return% / MaxDD%)""}","{""macd_fast"":10,""macd_slow"":49,""macd_signal"":13,""allowshort"":true}",2014-01-01,2024-12-31,2025-01-01,2026-04-20,2014-01-01,2026-04-20,167.0,167.0,67.0,100.0,40.12,101063.96,-59228.29,23.98,,47.08,502551.35,-428856.5600000001,84.85,0.33,0.51,0.0206,0.01,36.0,36.0,10.0,26.0,27.78,15706.08,-16011.07,12.42,,31.48,49325.75999999998,-68409.38999999994,-25.92,-0.93,-1.28,0.0113,-0.03,203.0,203.0,77.0,126.0,37.93,91291.43,-53021.9,22.06,,47.08,502551.35,-428856.5600000001,34.87,0.23,0.35,0.0196,0.01
SBER,macd,1D,Bayesian_TPE,1,6.084,7,21,14,False,434.02,0.79,0.727,56.36,108,49.07,False,"{""sampler"":""TPESampler"",""seed"":42,""n_trials"":50,""direction"":""maximize"",""objective"":""composite = Sharpe * (Return% / MaxDD%)""}","{""macd_fast"":7,""macd_slow"":21,""macd_signal"":14,""allowshort"":false}",2014-01-01,2024-12-31,2025-01-01,2026-04-20,2014-01-01,2026-04-20,215.0,108.0,53.0,55.0,49.07,195151.95,-109142.45,18.06,,56.36,985745.8400000002,-905994.9,434.02,0.79,0.73,0.0143,0.02,38.0,19.0,6.0,13.0,31.58,21048.66,-9974.81,9.74,,13.44,54944.00000000009,-24261.849999999977,-0.34,0.05,0.05,0.0084,0.0,253.0,127.0,59.0,68.0,46.46,186286.15,-98416.85,16.98,,56.36,985745.8400000002,-905994.9,429.85,0.72,0.66,0.0137,0.02
SBER,macd,1D,Bayesian_TPE,2,3.79,5,50,14,True,297.92,0.545,0.863,42.84,205,37.07,True,"{""sampler"":""TPESampler"",""seed"":42,""n_trials"":50,""direction"":""maximize"",""objective"":""composite = Sharpe * (Return% / MaxDD%)""}","{""macd_fast"":5,""macd_slow"":50,""macd_signal"":14,""allowshort"":true}",2014-01-01,2024-12-31,2025-01-01,2026-04-20,2014-01-01,2026-04-20,205.0,205.0,76.0,129.0,37.07,167892.84,-75819.38,19.53,,42.84,916672.8000000004,-810310.0199999999,297.92,0.54,0.86,0.0206,0.03,38.0,38.0,11.0,27.0,28.95,20386.12,-14600.29,11.87,,25.5,66468.64999999998,-63041.439999999864,-17.0,-0.55,-0.75,0.0112,-0.02,243.0,243.0,87.0,156.0,35.8,157135.87,-72791.54,18.43,,42.84,916672.8000000004,-810310.0199999999,231.53,0.46,0.71,0.0197,0.02
SBER,macd,1D,Bayesian_TPE,3,9.175,7,29,10,True,584.12,0.693,1.059,44.12,223,43.05,True,"{""sampler"":""TPESampler"",""seed"":42,""n_trials"":50,""direction"":""maximize"",""objective"":""composite = Sharpe * (Return% / MaxDD%)""}","{""macd_fast"":7,""macd_slow"":29,""macd_signal"":10,""allowshort"":true}",2014-01-01,2024-12-31,2025-01-01,2026-04-20,2014-01-01,2026-04-20,223.0,223.0,96.0,127.0,43.05,199493.6,-104804.8,17.96,,44.12,1300515.1000000003,-979463.16,584.12,0.69,1.06,0.0208,0.03,40.0,40.0,11.0,29.0,27.5,23661.46,-14331.01,11.35,,24.3,72307.92000000003,-52187.39999999985,-15.53,-0.49,-0.66,0.0113,-0.02,263.0,263.0,107.0,156.0,40.68,195269.8,-103468.73,17.03,,44.12,1300515.1000000003,-979463.16,475.27,0.6,0.9,0.0199,0.03
SBER,macd,1D,Bayesian_TPE,4,8.172,14,24,8,False,477.6,0.847,0.82,49.5,92,54.35,False,"{""sampler"":""TPESampler"",""seed"":42,""n_trials"":50,""direction"":""maximize"",""objective"":""composite = Sharpe * (Return% / MaxDD%)""}","{""macd_fast"":14,""macd_slow"":24,""macd_signal"":8,""allowshort"":false}",2014-01-01,2024-12-31,2025-01-01,2026-04-20,2014-01-01,2026-04-20,183.0,92.0,50.0,42.0,54.35,178077.24,-98282.6,21.15,,49.5,1018557.75,-902585.6999999998,477.6,0.85,0.82,0.0137,0.02,32.0,16.0,5.0,11.0,31.25,20735.84,-11851.85,11.81,,16.98,54944.00000000009,-35836.959999999905,-2.67,-0.06,-0.05,0.0085,-0.0,215.0,108.0,55.0,53.0,50.93,172264.33,-92030.67,19.96,,49.5,1018557.75,-902585.6999999998,459.69,0.76,0.73,0.0132,0.02
SBER,macd,1D,Bayesian_TPE,5,2.402,17,26,10,True,222.97,0.487,0.759,45.2,161,43.48,True,"{""sampler"":""TPESampler"",""seed"":42,""n_trials"":50,""direction"":""maximize"",""objective"":""composite = Sharpe * (Return% / MaxDD%)""}","{""macd_fast"":17,""macd_slow"":26,""macd_signal"":10,""allowshort"":true}",2014-01-01,2024-12-31,2025-01-01,2026-04-20,2014-01-01,2026-04-20,161.0,161.0,70.0,90.0,43.48,141055.85,-84935.23,24.87,,45.2,828388.6000000001,-774035.4600000002,222.97,0.49,0.76,0.0206,0.02,34.0,34.0,9.0,25.0,26.47,12225.86,-16097.71,13.26,,31.36,31040.560000000063,-119463.14999999997,-29.24,-1.07,-1.3,0.0115,-0.04,195.0,195.0,79.0,115.0,40.51,129657.64,-77817.19,22.97,,45.2,828388.6000000001,-774035.4600000002,129.4,0.36,0.56,0.0197,0.02
SBER,macd,1D,Bayesian_TPE,6,4.761,14,25,5,False,368.83,0.736,0.679,57.02,116,46.55,False,"{""sampler"":""TPESampler"",""seed"":42,""n_trials"":50,""direction"":""maximize"",""objective"":""composite = Sharpe * (Return% / MaxDD%)""}","{""macd_fast"":14,""macd_slow"":25,""macd_signal"":5,""allowshort"":false}",2014-01-01,2024-12-31,2025-01-01,2026-04-20,2014-01-01,2026-04-20,231.0,116.0,54.0,62.0,46.55,174692.11,-92662.1,16.91,,57.02,868593.1500000004,-764910.8399999999,368.83,0.74,0.68,0.0143,0.02,42.0,21.0,8.0,13.0,38.1,17712.2,-11430.53,9.05,,14.51,69925.4400000001,-24738.759999999977,-0.69,0.03,0.03,0.0084,0.0,273.0,137.0,62.0,75.0,45.26,162485.02,-85849.7,15.86,,57.02,868593.1500000004,-764910.8399999999,363.53,0.67,0.61,0.0137,0.02
SBER,macd,1D,Bayesian_TPE,7,7.469,17,29,6,True,472.82,0.645,1.022,40.83,185,41.62,True,"{""sampler"":""TPESampler"",""seed"":42,""n_trials"":50,""direction"":""maximize"",""objective"":""composite = Sharpe * (Return% / MaxDD%)""}","{""macd_fast"":17,""macd_slow"":29,""macd_signal"":6,""allowshort"":true}",2014-01-01,2024-12-31,2025-01-01,2026-04-20,2014-01-01,2026-04-20,185.0,185.0,77.0,108.0,41.62,213212.67,-108233.28,21.64,,40.83,1279219.4400000006,-1073443.44,472.82,0.65,1.02,0.0207,0.03,38.0,38.0,9.0,29.0,23.68,19189.01,-13545.5,11.89,,29.59,52261.44000000008,-48854.19999999996,-22.01,-0.75,-1.03,0.0114,-0.03,223.0,223.0,86.0,137.0,38.57,202664.45,-101803.76,20.09,,40.83,1279219.4400000006,-1073443.44,348.2,0.53,0.83,0.0197,0.03
SBER,macd,1D,Bayesian_TPE,8,3.17,6,35,5,True,377.09,0.604,0.955,71.84,309,39.16,True,"{""sampler"":""TPESampler"",""seed"":42,""n_trials"":50,""direction"":""maximize"",""objective"":""composite = Sharpe * (Return% / MaxDD%)""}","{""macd_fast"":6,""macd_slow"":35,""macd_signal"":5,""allowshort"":true}",2014-01-01,2024-12-31,2025-01-01,2026-04-20,2014-01-01,2026-04-20,309.0,309.0,121.0,188.0,39.16,105350.28,-47747.14,12.97,,71.84,841357.4400000001,-327883.1699999999,377.09,0.6,0.95,0.0201,0.02,52.0,52.0,18.0,34.0,34.62,25912.37,-12777.58,8.94,,17.2,99308.9600000001,-31628.220000000096,3.2,0.2,0.27,0.0114,0.01,361.0,361.0,139.0,222.0,38.5,106344.19,-49517.15,12.42,,71.84,761052.6,-327883.1699999999,378.9,0.56,0.87,0.0192,0.01
SBER,macd,1D,Bayesian_TPE,9,3.481,15,29,10,True,292.64,0.542,0.846,45.57,161,42.86,True,"{""sampler"":""TPESampler"",""seed"":42,""n_trials"":50,""direction"":""maximize"",""objective"":""composite = Sharpe * (Return% / MaxDD%)""}","{""macd_fast"":15,""macd_slow"":29,""macd_signal"":10,""allowshort"":true}",2014-01-01,2024-12-31,2025-01-01,2026-04-20,2014-01-01,2026-04-20,161.0,161.0,69.0,90.0,42.86,170448.06,-98161.6,24.87,,45.57,943161.3,-892402.0600000002,292.64,0.54,0.85,0.0206,0.02,34.0,34.0,9.0,25.0,26.47,13262.26,-17956.19,13.26,,34.97,31344.620000000064,-119463.14999999997,-32.95,-1.25,-1.51,0.0115,-0.04,195.0,195.0,78.0,115.0,40.0,157004.16,-92208.42,22.97,,45.57,943161.3,-892402.0600000002,164.24,0.4,0.61,0.0196,0.02
SBER,macd,1D,Bayesian_TPE,10,3.064,10,41,12,False,246.48,0.638,0.604,51.32,88,45.45,False,"{""sampler"":""TPESampler"",""seed"":42,""n_trials"":50,""direction"":""maximize"",""objective"":""composite = Sharpe * (Return% / MaxDD%)""}","{""macd_fast"":10,""macd_slow"":41,""macd_signal"":12,""allowshort"":false}",2014-01-01,2024-12-31,2025-01-01,2026-04-20,2014-01-01,2026-04-20,175.0,88.0,40.0,46.0,45.45,155922.34,-82001.66,22.23,,51.32,745643.6000000001,-781766.9200000002,246.48,0.64,0.6,0.0135,0.02,38.0,19.0,7.0,12.0,36.84,15199.56,-14506.17,10.47,,19.68,44336.00000000007,-34389.75999999991,-6.77,-0.25,-0.24,0.0086,-0.01,213.0,107.0,47.0,58.0,43.93,140926.95,-75484.96,20.37,,51.32,745643.6000000001,-781766.9200000002,224.54,0.56,0.53,0.013,0.01
SBER,macd,1D,Bayesian_TPE,11,7.605,11,34,8,False,457.42,0.823,0.789,49.5,92,51.09,False,"{""sampler"":""TPESampler"",""seed"":42,""n_trials"":50,""direction"":""maximize"",""objective"":""composite = Sharpe * (Return% / MaxDD%)""}","{""macd_fast"":11,""macd_slow"":34,""macd_signal"":8,""allowshort"":false}",2014-01-01,2024-12-31,2025-01-01,2026-04-20,2014-01-01,2026-04-20,183.0,92.0,47.0,45.0,51.09,202739.85,-110101.97,21.24,,49.5,1041273.6000000004,-999406.98,457.42,0.82,0.79,0.0139,0.02,36.0,18.0,5.0,13.0,27.78,20625.82,-11110.55,10.78,,16.98,54944.00000000009,-35836.959999999905,-4.13,-0.12,-0.12,0.0085,-0.01,219.0,110.0,52.0,58.0,47.27,195326.05,-99427.04,19.73,,49.5,1041273.6000000004,-999406.98,439.02,0.74,0.7,0.0133,0.02
SBER,macd,1D,Bayesian_TPE,13,4.765,8,31,8,False,364.58,0.732,0.675,56.01,113,47.79,False,"{""sampler"":""TPESampler"",""seed"":42,""n_trials"":50,""direction"":""maximize"",""objective"":""composite = Sharpe * (Return% / MaxDD%)""}","{""macd_fast"":8,""macd_slow"":31,""macd_signal"":8,""allowshort"":false}",2014-01-01,2024-12-31,2025-01-01,2026-04-20,2014-01-01,2026-04-20,225.0,113.0,54.0,59.0,47.79,172232.93,-95843.57,17.49,,56.01,858428.1000000004,-773717.94,364.58,0.73,0.67,0.0143,0.02,42.0,21.0,8.0,13.0,38.1,18935.4,-11617.75,9.0,,13.55,69925.4400000001,-24647.919999999976,0.05,0.07,0.06,0.0084,0.0,267.0,134.0,62.0,72.0,46.27,160979.84,-88241.73,16.31,,56.01,858428.1000000004,-773717.94,362.73,0.67,0.61,0.0137,0.02
SBER,macd,1D,Bayesian_TPE,14,5.907,12,39,8,False,386.03,0.775,0.748,50.65,92,48.91,False,"{""sampler"":""TPESampler"",""seed"":42,""n_trials"":50,""direction"":""maximize"",""objective"":""composite = Sharpe * (Return% / MaxDD%)""}","{""macd_fast"":12,""macd_slow"":39,""macd_signal"":8,""allowshort"":false}",2014-01-01,2024-12-31,2025-01-01,2026-04-20,2014-01-01,2026-04-20,183.0,92.0,45.0,47.0,48.91,182672.03,-92764.38,21.29,,50.65,935210.16,-1000437.2400000002,386.03,0.78,0.75,0.0137,0.02,38.0,19.0,6.0,13.0,31.58,15242.52,-12332.99,10.26,,17.84,44336.00000000007,-34775.679999999906,-6.89,-0.26,-0.24,0.0085,-0.01,221.0,111.0,51.0,60.0,45.95,170244.31,-85697.39,19.61,,50.65,935210.16,-1000437.2400000002,354.06,0.68,0.65,0.0131,0.02
SBER,macd,1D,Bayesian_TPE,15,1.883,14,24,11,True,206.4,0.472,0.739,51.74,163,42.94,True,"{""sampler"":""TPESampler"",""seed"":42,""n_trials"":50,""direction"":""maximize"",""objective"":""composite = Sharpe * (Return% / MaxDD%)""}","{""macd_fast"":14,""macd_slow"":24,""macd_signal"":11,""allowshort"":true}",2014-01-01,2024-12-31,2025-01-01,2026-04-20,2014-01-01,2026-04-20,163.0,163.0,70.0,92.0,42.94,131221.33,-77407.37,24.56,,51.74,721895.22,-714304.8000000002,206.4,0.47,0.74,0.0206,0.02,32.0,32.0,7.0,25.0,21.88,10461.93,-18242.99,14.12,,40.11,30101.94000000006,-119960.23999999996,-38.28,-1.52,-1.85,0.0115,-0.04,195.0,195.0,77.0,117.0,39.49,122348.42,-72852.26,22.97,,51.74,721895.22,-714304.8000000002,89.71,0.31,0.48,0.0197,0.01
SBER,macd,1D,Bayesian_TPE,16,6.584,9,40,9,False,419.4,0.795,0.763,50.64,93,48.39,False,"{""sampler"":""TPESampler"",""seed"":42,""n_trials"":50,""direction"":""maximize"",""objective"":""composite = Sharpe * (Return% / MaxDD%)""}","{""macd_fast"":9,""macd_slow"":40,""macd_signal"":9,""allowshort"":false}",2014-01-01,2024-12-31,2025-01-01,2026-04-20,2014-01-01,2026-04-20,185.0,93.0,45.0,48.0,48.39,196366.84,-96719.28,20.97,,50.64,967439.5200000004,-952473.66,419.4,0.8,0.76,0.0138,0.02,36.0,18.0,5.0,13.0,27.78,18419.33,-10894.11,10.89,,16.98,44336.00000000007,-35472.4799999999,-4.95,-0.16,-0.15,0.0085,-0.01,221.0,111.0,50.0,61.0,45.05,186676.44,-88207.74,19.54,,50.64,967439.5200000004,-952473.66,395.31,0.71,0.68,0.0133,0.02
SBER,macd,1D,Bayesian_TPE,17,3.414,17,32,7,True,278.57,0.531,0.83,43.33,177,41.81,True,"{""sampler"":""TPESampler"",""seed"":42,""n_trials"":50,""direction"":""maximize"",""objective"":""composite = Sharpe * (Return% / MaxDD%)""}","{""macd_fast"":17,""macd_slow"":32,""macd_signal"":7,""allowshort"":true}",2014-01-01,2024-12-31,2025-01-01,2026-04-20,2014-01-01,2026-04-20,177.0,177.0,74.0,102.0,41.81,146409.69,-78907.58,22.62,,43.33,832235.5800000001,-766851.3600000002,278.57,0.53,0.83,0.0206,0.03,38.0,38.0,9.0,29.0,23.68,15105.59,-14480.42,11.87,,34.18,42197.44000000007,-48377.049999999974,-28.4,-1.04,-1.44,0.0114,-0.03,215.0,215.0,83.0,131.0,38.6,136931.94,-73622.56,20.83,,43.33,832235.5800000001,-766851.3600000002,172.08,0.41,0.63,0.0196,0.02
SBER,macd,1D,Bayesian_TPE,18,3.837,20,23,11,False,280.88,0.677,0.642,49.56,77,53.25,False,"{""sampler"":""TPESampler"",""seed"":42,""n_trials"":50,""direction"":""maximize"",""objective"":""composite = Sharpe * (Return% / MaxDD%)""}","{""macd_fast"":20,""macd_slow"":23,""macd_signal"":11,""allowshort"":false}",2014-01-01,2024-12-31,2025-01-01,2026-04-20,2014-01-01,2026-04-20,153.0,77.0,41.0,36.0,53.25,155975.46,-99616.27,25.32,,49.56,776321.0000000001,-859355.2000000002,280.88,0.68,0.64,0.0135,0.02,30.0,15.0,6.0,9.0,40.0,12149.23,-18506.01,13.07,,19.95,39415.520000000055,-35981.99000000003,-9.37,-0.42,-0.37,0.0079,-0.02,183.0,92.0,47.0,45.0,51.09,142379.39,-93857.91,23.6,,49.56,776321.0000000001,-859355.2000000002,246.82,0.58,0.55,0.013,0.02
SBER,macd,1D,Bayesian_TPE,19,6.856,13,26,9,False,442.04,0.812,0.774,52.35,84,54.76,False,"{""sampler"":""TPESampler"",""seed"":42,""n_trials"":50,""direction"":""maximize"",""objective"":""composite = Sharpe * (Return% / MaxDD%)""}","{""macd_fast"":13,""macd_slow"":26,""macd_signal"":9,""allowshort"":false}",2014-01-01,2024-12-31,2025-01-01,2026-04-20,2014-01-01,2026-04-20,167.0,84.0,46.0,38.0,54.76,192530.37,-116736.38,23.19,,52.35,980712.6899999998,-958610.22,442.04,0.81,0.77,0.0139,0.02,32.0,16.0,5.0,11.0,31.25,16160.4,-11958.34,12.06,,17.19,44336.00000000007,-35386.7199999999,-5.07,-0.17,-0.16,0.0085,-0.01,199.0,100.0,51.0,49.0,51.0,183238.49,-105209.13,21.63,,52.35,980712.6899999998,-958610.22,418.99,0.72,0.69,0.0133,0.02
SBER,macd,1D,Bayesian_TPE,20,2.727,16,28,15,True,227.9,0.492,0.765,41.11,141,43.97,True,"{""sampler"":""TPESampler"",""seed"":42,""n_trials"":50,""direction"":""maximize"",""objective"":""composite = Sharpe * (Return% / MaxDD%)""}","{""macd_fast"":16,""macd_slow"":28,""macd_signal"":15,""allowshort"":true}",2014-01-01,2024-12-31,2025-01-01,2026-04-20,2014-01-01,2026-04-20,141.0,141.0,62.0,79.0,43.97,136439.2,-78231.37,28.4,,41.11,677533.9800000001,-609211.6800000002,227.9,0.49,0.77,0.0205,0.02,30.0,30.0,7.0,23.0,23.33,14830.04,-19415.88,14.9,,35.62,42370.41999999997,-140851.40999999997,-34.28,-1.32,-1.62,0.0114,-0.04,171.0,171.0,69.0,102.0,40.35,126742.66,-74731.86,26.19,,41.11,677533.9800000001,-609211.6800000002,112.26,0.34,0.53,0.0196,0.02
SBER,macd,1D,Bayesian_TPE,21,8.182,11,35,7,False,518.85,0.868,0.845,55.04,99,52.53,False,"{""sampler"":""TPESampler"",""seed"":42,""n_trials"":50,""direction"":""maximize"",""objective"":""composite = Sharpe * (Return% / MaxDD%)""}","{""macd_fast"":11,""macd_slow"":35,""macd_signal"":7,""allowshort"":false}",2014-01-01,2024-12-31,2025-01-01,2026-04-20,2014-01-01,2026-04-20,197.0,99.0,52.0,47.0,52.53,215009.03,-127489.18,19.76,,55.04,1150102.8000000005,-1069238.7599999998,518.85,0.87,0.84,0.0138,0.02,40.0,20.0,5.0,15.0,25.0,22026.84,-8572.24,9.55,,14.28,54944.00000000009,-24261.849999999977,-1.84,-0.02,-0.02,0.0085,-0.0,237.0,119.0,57.0,62.0,47.9,209151.49,-109592.38,18.23,,55.04,1150102.8000000005,-1069238.7599999998,512.69,0.79,0.76,0.0133,0.02
SBER,macd,1D,Bayesian_TPE,22,6.614,12,37,7,False,420.22,0.797,0.764,50.64,94,47.87,False,"{""sampler"":""TPESampler"",""seed"":42,""n_trials"":50,""direction"":""maximize"",""objective"":""composite = Sharpe * (Return% / MaxDD%)""}","{""macd_fast"":12,""macd_slow"":37,""macd_signal"":7,""allowshort"":false}",2014-01-01,2024-12-31,2025-01-01,2026-04-20,2014-01-01,2026-04-20,187.0,94.0,45.0,49.0,47.87,195103.49,-93416.72,20.77,,50.64,968968.0800000004,-915995.22,420.22,0.8,0.76,0.0138,0.02,38.0,19.0,5.0,14.0,26.32,18393.35,-10305.46,10.37,,17.22,44336.00000000007,-35365.279999999904,-5.23,-0.18,-0.17,0.0085,-0.01,225.0,113.0,50.0,63.0,44.25,185541.31,-84612.84,19.22,,50.64,968968.0800000004,-915995.22,394.65,0.71,0.68,0.0133,0.02
SBER,macd,1D,Bayesian_TPE,23,9.205,8,46,7,False,569.14,0.898,0.878,55.52,108,47.22,False,"{""sampler"":""TPESampler"",""seed"":42,""n_trials"":50,""direction"":""maximize"",""objective"":""composite = Sharpe * (Return% / MaxDD%)""}","{""macd_fast"":8,""macd_slow"":46,""macd_signal"":7,""allowshort"":false}",2014-01-01,2024-12-31,2025-01-01,2026-04-20,2014-01-01,2026-04-20,215.0,108.0,51.0,57.0,47.22,233118.51,-108730.95,18.23,,55.52,1206998.1,-1063727.22,569.14,0.9,0.88,0.0139,0.02,46.0,23.0,7.0,16.0,30.43,20060.96,-9124.8,8.57,,13.74,69925.4400000001,-24481.37999999998,-0.56,0.04,0.04,0.0085,0.0,261.0,131.0,58.0,73.0,44.27,220603.81,-98224.22,16.69,,55.52,1206998.1,-1063727.22,562.47,0.82,0.79,0.0133,0.02
SBER,macd,1D,Bayesian_TPE,24,11.621,8,44,6,False,584.75,0.912,0.917,45.89,116,46.55,False,"{""sampler"":""TPESampler"",""seed"":42,""n_trials"":50,""direction"":""maximize"",""objective"":""composite = Sharpe * (Return% / MaxDD%)""}","{""macd_fast"":8,""macd_slow"":44,""macd_signal"":6,""allowshort"":false}",2014-01-01,2024-12-31,2025-01-01,2026-04-20,2014-01-01,2026-04-20,231.0,116.0,54.0,62.0,46.55,214077.89,-92141.16,17.0,,45.89,1207606.4,-905010.4,584.75,0.91,0.92,0.0138,0.03,46.0,23.0,10.0,13.0,43.48,17754.52,-11740.64,8.52,,11.61,69925.4400000001,-25177.819999999974,2.49,0.18,0.17,0.0083,0.01,277.0,139.0,64.0,75.0,46.04,199067.92,-90045.9,15.75,,45.89,1177220.1999999995,-905010.4,598.69,0.84,0.83,0.0132,0.02
SBER,macd,1D,Bayesian_TPE,25,12.41,7,45,6,False,575.01,0.9,0.907,41.7,124,50.0,False,"{""sampler"":""TPESampler"",""seed"":42,""n_trials"":50,""direction"":""maximize"",""objective"":""composite = Sharpe * (Return% / MaxDD%)""}","{""macd_fast"":7,""macd_slow"":45,""macd_signal"":6,""allowshort"":false}",2014-01-01,2024-12-31,2025-01-01,2026-04-20,2014-01-01,2026-04-20,247.0,124.0,62.0,62.0,50.0,185079.7,-92336.02,15.84,,41.7,1190407.68,-600881.2400000001,575.01,0.9,0.91,0.0139,0.03,42.0,21.0,11.0,10.0,52.38,18497.41,-14084.31,9.43,,10.32,85386.18000000008,-25541.17999999998,6.26,0.34,0.32,0.0084,0.03,289.0,145.0,73.0,72.0,50.34,175513.94,-92659.7,15.06,,41.7,1160454.2399999998,-600881.2400000001,614.1,0.84,0.84,0.0134,0.03
SBER,macd,1D,Bayesian_TPE,26,8.865,5,45,6,False,449.48,0.814,0.815,41.27,150,47.33,False,"{""sampler"":""TPESampler"",""seed"":42,""n_trials"":50,""direction"":""maximize"",""objective"":""composite = Sharpe * (Return% / MaxDD%)""}","{""macd_fast"":5,""macd_slow"":45,""macd_signal"":6,""allowshort"":false}",2014-01-01,2024-12-31,2025-01-01,2026-04-20,2014-01-01,2026-04-20,299.0,150.0,71.0,79.0,47.33,136566.68,-65841.48,13.13,,41.27,969041.92,-560157.3999999999,449.48,0.81,0.82,0.0139,0.03,50.0,25.0,10.0,15.0,40.0,22076.75,-9667.43,7.96,,10.46,103833.24000000018,-31592.340000000095,7.58,0.4,0.38,0.0083,0.03,349.0,175.0,81.0,94.0,46.29,134317.07,-63775.12,12.51,,41.27,944658.5599999998,-560157.3999999999,488.48,0.77,0.76,0.0134,0.02
SBER,macd,1D,Bayesian_TPE,27,10.722,8,45,6,False,552.24,0.891,0.898,45.89,116,46.55,False,"{""sampler"":""TPESampler"",""seed"":42,""n_trials"":50,""direction"":""maximize"",""objective"":""composite = Sharpe * (Return% / MaxDD%)""}","{""macd_fast"":8,""macd_slow"":45,""macd_signal"":6,""allowshort"":false}",2014-01-01,2024-12-31,2025-01-01,2026-04-20,2014-01-01,2026-04-20,231.0,116.0,54.0,62.0,46.55,205586.12,-89988.67,17.08,,45.89,1150244.48,-860087.2000000001,552.24,0.89,0.9,0.0138,0.03,44.0,22.0,10.0,12.0,45.45,17317.7,-12723.73,9.0,,12.89,69925.4400000001,-25177.819999999974,2.05,0.16,0.15,0.0084,0.01,275.0,138.0,64.0,74.0,46.38,190583.94,-88796.24,15.94,,45.89,1121301.64,-860087.2000000001,562.65,0.82,0.82,0.0133,0.02
SBER,macd,1D,Bayesian_TPE,28,11.651,7,43,6,False,550.83,0.882,0.887,41.7,125,50.4,False,"{""sampler"":""TPESampler"",""seed"":42,""n_trials"":50,""direction"":""maximize"",""objective"":""composite = Sharpe * (Return% / MaxDD%)""}","{""macd_fast"":7,""macd_slow"":43,""macd_signal"":6,""allowshort"":false}",2014-01-01,2024-12-31,2025-01-01,2026-04-20,2014-01-01,2026-04-20,249.0,125.0,63.0,62.0,50.4,172268.76,-86204.49,15.78,,41.7,1147780.48,-565717.54,550.83,0.88,0.89,0.014,0.03,42.0,21.0,11.0,10.0,52.38,18497.41,-14084.31,9.43,,10.32,85386.18000000008,-25541.17999999998,6.26,0.34,0.32,0.0084,0.03,291.0,146.0,74.0,72.0,50.68,164089.1,-86908.69,15.01,,41.7,1118899.64,-565717.54,588.52,0.83,0.82,0.0134,0.03
SBER,macd,1D,Bayesian_TPE,29,7.546,6,47,5,False,400.72,0.777,0.776,41.26,151,46.36,False,"{""sampler"":""TPESampler"",""seed"":42,""n_trials"":50,""direction"":""maximize"",""objective"":""composite = Sharpe * (Return% / MaxDD%)""}","{""macd_fast"":6,""macd_slow"":47,""macd_signal"":5,""allowshort"":false}",2014-01-01,2024-12-31,2025-01-01,2026-04-20,2014-01-01,2026-04-20,301.0,151.0,70.0,81.0,46.36,128409.81,-61500.21,13.0,,41.26,883048.3200000001,-509673.49999999994,400.72,0.78,0.78,0.0139,0.03,52.0,26.0,10.0,16.0,38.46,22001.81,-9531.06,7.73,,11.14,103833.24000000018,-31529.550000000097,6.75,0.37,0.35,0.0083,0.03,353.0,177.0,80.0,97.0,45.2,125792.23,-59193.54,12.34,,41.26,860828.7599999999,-509673.49999999994,432.16,0.73,0.72,0.0133,0.02
SBER,macd,1D,Bayesian_TPE,30,6.924,9,42,6,False,470.5,0.817,0.754,55.52,113,48.67,False,"{""sampler"":""TPESampler"",""seed"":42,""n_trials"":50,""direction"":""maximize"",""objective"":""composite = Sharpe * (Return% / MaxDD%)""}","{""macd_fast"":9,""macd_slow"":42,""macd_signal"":6,""allowshort"":false}",2014-01-01,2024-12-31,2025-01-01,2026-04-20,2014-01-01,2026-04-20,225.0,113.0,55.0,58.0,48.67,193681.58,-102542.56,17.46,,55.52,1015938.0,-904403.94,470.5,0.82,0.75,0.0143,0.02,46.0,23.0,8.0,15.0,34.78,17568.27,-10434.74,8.48,,14.97,69925.4400000001,-24572.21999999998,-1.6,-0.01,-0.01,0.0084,-0.0,271.0,136.0,63.0,73.0,46.32,181358.47,-93652.0,16.1,,55.52,1015938.0,-904403.94,458.9,0.74,0.68,0.0137,0.02
SBER,macd,1D,Bayesian_TPE,31,10.953,8,43,6,False,561.0,0.896,0.899,45.89,115,47.83,False,"{""sampler"":""TPESampler"",""seed"":42,""n_trials"":50,""direction"":""maximize"",""objective"":""composite = Sharpe * (Return% / MaxDD%)""}","{""macd_fast"":8,""macd_slow"":43,""macd_signal"":6,""allowshort"":false}",2014-01-01,2024-12-31,2025-01-01,2026-04-20,2014-01-01,2026-04-20,229.0,115.0,55.0,60.0,47.83,208002.9,-97169.02,17.19,,45.89,1165718.4,-888820.8,561.0,0.9,0.9,0.0138,0.03,44.0,22.0,10.0,12.0,45.45,17462.54,-12332.23,8.82,,11.19,69925.4400000001,-25177.819999999974,2.66,0.19,0.17,0.0083,0.01,273.0,137.0,65.0,72.0,47.45,193232.77,-94502.52,16.0,,45.89,1136386.1999999995,-888820.8,575.59,0.83,0.82,0.0133,0.02
SBER,macd,1D,Bayesian_TPE,32,8.186,7,43,5,False,424.31,0.796,0.802,41.26,142,47.18,False,"{""sampler"":""TPESampler"",""seed"":42,""n_trials"":50,""direction"":""maximize"",""objective"":""composite = Sharpe * (Return% / MaxDD%)""}","{""macd_fast"":7,""macd_slow"":43,""macd_signal"":5,""allowshort"":false}",2014-01-01,2024-12-31,2025-01-01,2026-04-20,2014-01-01,2026-04-20,283.0,142.0,67.0,75.0,47.18,137395.68,-66165.19,13.87,,41.26,924640.64,-534695.7,424.31,0.8,0.8,0.0139,0.03,46.0,23.0,10.0,13.0,43.48,22422.07,-10671.03,8.78,,9.41,103833.24000000018,-31547.490000000096,8.55,0.44,0.42,0.0083,0.04,329.0,165.0,77.0,88.0,46.67,134452.07,-64620.54,13.29,,41.26,901374.52,-534695.7,466.62,0.76,0.75,0.0133,0.02
SBER,macd,1D,Bayesian_TPE,33,9.569,6,48,6,False,477.88,0.835,0.844,41.7,138,48.55,False,"{""sampler"":""TPESampler"",""seed"":42,""n_trials"":50,""direction"":""maximize"",""objective"":""composite = Sharpe * (Return% / MaxDD%)""}","{""macd_fast"":6,""macd_slow"":48,""macd_signal"":6,""allowshort"":false}",2014-01-01,2024-12-31,2025-01-01,2026-04-20,2014-01-01,2026-04-20,275.0,138.0,67.0,71.0,48.55,148366.25,-72700.85,14.2,,41.7,1019110.4,-496840.95000000007,477.88,0.83,0.84,0.0139,0.03,44.0,22.0,11.0,11.0,50.0,18214.5,-10913.52,9.36,,8.83,80329.74000000018,-25889.399999999976,8.03,0.42,0.4,0.0084,0.04,319.0,160.0,78.0,82.0,48.75,141894.08,-71372.09,13.66,,41.7,993467.1999999998,-496840.95000000007,521.52,0.79,0.79,0.0134,0.03
SBER,macd,1D,Bayesian_TPE,34,5.522,9,50,7,False,386.55,0.764,0.731,53.48,103,48.54,False,"{""sampler"":""TPESampler"",""seed"":42,""n_trials"":50,""direction"":""maximize"",""objective"":""composite = Sharpe * (Return% / MaxDD%)""}","{""macd_fast"":9,""macd_slow"":50,""macd_signal"":7,""allowshort"":false}",2014-01-01,2024-12-31,2025-01-01,2026-04-20,2014-01-01,2026-04-20,205.0,103.0,50.0,52.0,48.54,185472.73,-104002.98,18.99,,53.48,921837.1200000006,-973269.78,386.55,0.76,0.73,0.014,0.02,40.0,20.0,5.0,15.0,25.0,26104.22,-8739.34,9.9,,16.16,69925.4400000001,-24360.259999999977,-0.06,0.06,0.06,0.0086,0.0,245.0,123.0,55.0,67.0,44.72,180492.72,-90271.38,17.7,,53.48,921837.1200000006,-973269.78,387.89,0.7,0.66,0.0134,0.02
SBER,macd,1D,Bayesian_TPE,35,7.385,5,44,5,False,370.64,0.744,0.752,37.34,164,43.9,False,"{""sampler"":""TPESampler"",""seed"":42,""n_trials"":50,""direction"":""maximize"",""objective"":""composite = Sharpe * (Return% / MaxDD%)""}","{""macd_fast"":5,""macd_slow"":44,""macd_signal"":5,""allowshort"":false}",2014-01-01,2024-12-31,2025-01-01,2026-04-20,2014-01-01,2026-04-20,327.0,164.0,72.0,92.0,43.9,116889.33,-51192.04,12.07,,37.34,829973.76,-358729.0,370.64,0.74,0.75,0.0141,0.03,56.0,28.0,11.0,17.0,39.29,24366.51,-9362.82,7.82,,9.32,100358.0,-32731.5300000001,10.89,0.53,0.52,0.0085,0.05,383.0,192.0,83.0,109.0,43.23,114633.91,-49893.59,11.5,,37.34,701469.3,-358729.0,407.62,0.71,0.71,0.0135,0.03
SBER,macd,1D,Bayesian_TPE,36,6.987,7,38,9,False,473.68,0.819,0.753,55.52,108,50.0,False,"{""sampler"":""TPESampler"",""seed"":42,""n_trials"":50,""direction"":""maximize"",""objective"":""composite = Sharpe * (Return% / MaxDD%)""}","{""macd_fast"":7,""macd_slow"":38,""macd_signal"":9,""allowshort"":false}",2014-01-01,2024-12-31,2025-01-01,2026-04-20,2014-01-01,2026-04-20,215.0,108.0,54.0,54.0,50.0,193507.11,-105787.94,18.25,,55.52,1011718.4,-910199.5799999998,473.68,0.82,0.75,0.0143,0.02,42.0,21.0,6.0,15.0,28.57,21957.43,-8284.07,9.19,,13.88,69925.4400000001,-24572.21999999998,0.75,0.1,0.09,0.0085,0.01,257.0,129.0,60.0,69.0,46.51,186275.02,-93077.79,16.94,,55.52,997434.9,-910199.5799999998,475.41,0.75,0.69,0.0137,0.02
SBER,macd,1D,Bayesian_TPE,37,6.377,10,48,6,False,429.0,0.795,0.764,53.48,105,47.62,False,"{""sampler"":""TPESampler"",""seed"":42,""n_trials"":50,""direction"":""maximize"",""objective"":""composite = Sharpe * (Return% / MaxDD%)""}","{""macd_fast"":10,""macd_slow"":48,""macd_signal"":6,""allowshort"":false}",2014-01-01,2024-12-31,2025-01-01,2026-04-20,2014-01-01,2026-04-20,209.0,105.0,50.0,55.0,47.62,197600.29,-101637.3,18.67,,53.48,932919.68,-971451.54,429.0,0.8,0.76,0.014,0.02,42.0,21.0,4.0,17.0,19.05,28942.64,-8517.33,9.48,,16.52,69925.4400000001,-24148.299999999977,-2.9,-0.07,-0.06,0.0085,-0.0,251.0,126.0,54.0,72.0,42.86,194670.8,-88314.91,17.32,,53.48,950525.51,-971451.54,415.35,0.72,0.68,0.0135,0.02
SBER,macd,1D,Bayesian_TPE,38,7.589,7,42,8,False,502.19,0.839,0.772,55.52,110,49.09,False,"{""sampler"":""TPESampler"",""seed"":42,""n_trials"":50,""direction"":""maximize"",""objective"":""composite = Sharpe * (Return% / MaxDD%)""}","{""macd_fast"":7,""macd_slow"":42,""macd_signal"":8,""allowshort"":false}",2014-01-01,2024-12-31,2025-01-01,2026-04-20,2014-01-01,2026-04-20,219.0,110.0,54.0,56.0,49.09,203399.62,-106458.85,17.9,,55.52,1061984.0,-946109.8199999998,502.19,0.84,0.77,0.0143,0.02,46.0,23.0,7.0,16.0,30.43,19963.88,-9965.8,8.43,,14.97,69925.4400000001,-24481.37999999998,-1.97,-0.02,-0.02,0.0084,-0.0,265.0,133.0,61.0,72.0,45.86,193357.82,-96080.19,16.42,,55.52,1045737.0,-946109.8199999998,487.71,0.76,0.69,0.0137,0.02
SBER,macd,1D,Bayesian_TPE,39,9.205,8,46,7,False,569.14,0.898,0.878,55.52,108,47.22,False,"{""sampler"":""TPESampler"",""seed"":42,""n_trials"":50,""direction"":""maximize"",""objective"":""composite = Sharpe * (Return% / MaxDD%)""}","{""macd_fast"":8,""macd_slow"":46,""macd_signal"":7,""allowshort"":false}",2014-01-01,2024-12-31,2025-01-01,2026-04-20,2014-01-01,2026-04-20,215.0,108.0,51.0,57.0,47.22,233118.51,-108730.95,18.23,,55.52,1206998.1,-1063727.22,569.14,0.9,0.88,0.0139,0.02,46.0,23.0,7.0,16.0,30.43,20060.96,-9124.8,8.57,,13.74,69925.4400000001,-24481.37999999998,-0.56,0.04,0.04,0.0085,0.0,261.0,131.0,58.0,73.0,44.27,220603.81,-98224.22,16.69,,55.52,1206998.1,-1063727.22,562.47,0.82,0.79,0.0133,0.02
SBER,macd,1D,Bayesian_TPE,40,7.969,6,43,5,False,417.26,0.788,0.787,41.26,150,47.33,False,"{""sampler"":""TPESampler"",""seed"":42,""n_trials"":50,""direction"":""maximize"",""objective"":""composite = Sharpe * (Return% / MaxDD%)""}","{""macd_fast"":6,""macd_slow"":43,""macd_signal"":5,""allowshort"":false}",2014-01-01,2024-12-31,2025-01-01,2026-04-20,2014-01-01,2026-04-20,299.0,150.0,71.0,79.0,47.33,129684.09,-63734.15,13.13,,41.26,912222.08,-531677.7999999999,417.26,0.79,0.79,0.014,0.03,50.0,25.0,10.0,15.0,40.0,22076.75,-9667.43,7.96,,10.46,103833.24000000018,-31592.340000000095,7.58,0.4,0.38,0.0083,0.03,349.0,175.0,81.0,94.0,46.29,127427.48,-61509.19,12.51,,41.26,889268.4399999998,-531677.7999999999,453.98,0.75,0.74,0.0134,0.02
SBER,macd,1D,Bayesian_TPE,41,10.722,8,45,6,False,552.24,0.891,0.898,45.89,116,46.55,False,"{""sampler"":""TPESampler"",""seed"":42,""n_trials"":50,""direction"":""maximize"",""objective"":""composite = Sharpe * (Return% / MaxDD%)""}","{""macd_fast"":8,""macd_slow"":45,""macd_signal"":6,""allowshort"":false}",2014-01-01,2024-12-31,2025-01-01,2026-04-20,2014-01-01,2026-04-20,231.0,116.0,54.0,62.0,46.55,205586.12,-89988.67,17.08,,45.89,1150244.48,-860087.2000000001,552.24,0.89,0.9,0.0138,0.03,44.0,22.0,10.0,12.0,45.45,17317.7,-12723.73,9.0,,12.89,69925.4400000001,-25177.819999999974,2.05,0.16,0.15,0.0084,0.01,275.0,138.0,64.0,74.0,46.38,190583.94,-88796.24,15.94,,45.89,1121301.64,-860087.2000000001,562.65,0.82,0.82,0.0133,0.02
SBER,macd,1D,Bayesian_TPE,42,7.16,9,49,6,False,478.4,0.831,0.801,55.52,112,43.75,False,"{""sampler"":""TPESampler"",""seed"":42,""n_trials"":50,""direction"":""maximize"",""objective"":""composite = Sharpe * (Return% / MaxDD%)""}","{""macd_fast"":9,""macd_slow"":49,""macd_signal"":6,""allowshort"":false}",2014-01-01,2024-12-31,2025-01-01,2026-04-20,2014-01-01,2026-04-20,223.0,112.0,49.0,63.0,43.75,225072.14,-99119.96,17.63,,55.52,1188148.5000000002,-1047135.78,478.4,0.83,0.8,0.0141,0.02,44.0,22.0,8.0,14.0,36.36,17586.87,-10206.09,9.09,,14.51,69925.4400000001,-24261.849999999977,-0.22,0.06,0.05,0.0085,0.0,267.0,134.0,57.0,77.0,42.54,208765.22,-91925.56,16.4,,55.52,1188148.5000000002,-1047135.78,482.13,0.76,0.73,0.0135,0.02
SBER,macd,1D,Bayesian_TPE,43,8.063,5,41,6,False,420.6,0.791,0.791,41.26,150,47.33,False,"{""sampler"":""TPESampler"",""seed"":42,""n_trials"":50,""direction"":""maximize"",""objective"":""composite = Sharpe * (Return% / MaxDD%)""}","{""macd_fast"":5,""macd_slow"":41,""macd_signal"":6,""allowshort"":false}",2014-01-01,2024-12-31,2025-01-01,2026-04-20,2014-01-01,2026-04-20,299.0,150.0,71.0,79.0,47.33,128948.51,-62650.05,13.1,,41.26,918086.4,-540028.2999999999,420.6,0.79,0.79,0.014,0.03,50.0,25.0,10.0,15.0,40.0,22447.15,-9773.71,7.88,,10.02,100560.16,-31664.100000000097,7.79,0.41,0.38,0.0083,0.03,349.0,175.0,81.0,94.0,46.29,127108.64,-60737.06,12.47,,41.26,894985.1999999998,-540028.2999999999,458.65,0.75,0.74,0.0134,0.02
SBER,macd,1D,Bayesian_TPE,44,8.129,7,46,5,False,422.52,0.794,0.797,41.27,141,48.94,False,"{""sampler"":""TPESampler"",""seed"":42,""n_trials"":50,""direction"":""maximize"",""objective"":""composite = Sharpe * (Return% / MaxDD%)""}","{""macd_fast"":7,""macd_slow"":46,""macd_signal"":5,""allowshort"":false}",2014-01-01,2024-12-31,2025-01-01,2026-04-20,2014-01-01,2026-04-20,281.0,141.0,69.0,72.0,48.94,130557.73,-66434.98,13.89,,41.27,921486.72,-536805.2999999999,422.52,0.79,0.8,0.0139,0.03,44.0,22.0,11.0,11.0,50.0,18620.26,-11345.91,9.32,,8.85,80329.74000000018,-30874.740000000093,8.0,0.42,0.4,0.0084,0.04,325.0,163.0,80.0,83.0,49.08,125636.07,-65453.16,13.4,,41.27,898299.9599999998,-536805.2999999999,461.83,0.75,0.75,0.0134,0.02
SBER,macd,1D,Bayesian_TPE,45,6.153,11,44,7,False,399.99,0.779,0.751,50.64,93,47.31,False,"{""sampler"":""TPESampler"",""seed"":42,""n_trials"":50,""direction"":""maximize"",""objective"":""composite = Sharpe * (Return% / MaxDD%)""}","{""macd_fast"":11,""macd_slow"":44,""macd_signal"":7,""allowshort"":false}",2014-01-01,2024-12-31,2025-01-01,2026-04-20,2014-01-01,2026-04-20,185.0,93.0,44.0,49.0,47.31,193150.69,-91811.3,21.06,,50.64,931263.6000000004,-910710.9599999998,399.99,0.78,0.75,0.0138,0.02,40.0,20.0,6.0,14.0,30.0,20248.08,-10622.67,10.05,,16.58,59167.68000000009,-35590.3999999999,-2.72,-0.06,-0.05,0.0086,-0.0,225.0,113.0,50.0,63.0,44.25,182496.75,-83252.38,19.32,,50.64,931263.6000000004,-910710.9599999998,387.99,0.7,0.67,0.0133,0.02
SBER,macd,1D,Bayesian_TPE,46,7.072,10,40,6,False,477.63,0.822,0.755,55.52,107,48.6,False,"{""sampler"":""TPESampler"",""seed"":42,""n_trials"":50,""direction"":""maximize"",""objective"":""composite = Sharpe * (Return% / MaxDD%)""}","{""macd_fast"":10,""macd_slow"":40,""macd_signal"":6,""allowshort"":false}",2014-01-01,2024-12-31,2025-01-01,2026-04-20,2014-01-01,2026-04-20,213.0,107.0,52.0,55.0,48.6,200086.94,-102331.45,18.33,,55.52,1018666.88,-906676.74,477.63,0.82,0.75,0.0143,0.02,44.0,22.0,6.0,16.0,27.27,21914.65,-8052.11,8.86,,14.18,69925.4400000001,-24572.21999999998,0.27,0.08,0.07,0.0085,0.0,257.0,129.0,58.0,71.0,44.96,191986.28,-89707.25,16.88,,55.52,993554.1000000002,-906676.74,476.6,0.75,0.69,0.0137,0.02
SBER,macd,1D,Bayesian_TPE,47,3.394,8,44,13,False,260.98,0.656,0.623,50.45,90,46.67,False,"{""sampler"":""TPESampler"",""seed"":42,""n_trials"":50,""direction"":""maximize"",""objective"":""composite = Sharpe * (Return% / MaxDD%)""}","{""macd_fast"":8,""macd_slow"":44,""macd_signal"":13,""allowshort"":false}",2014-01-01,2024-12-31,2025-01-01,2026-04-20,2014-01-01,2026-04-20,179.0,90.0,42.0,47.0,46.67,152118.13,-80407.9,21.84,,50.45,758141.8,-833424.0200000003,260.98,0.66,0.62,0.0135,0.02,36.0,18.0,7.0,11.0,38.89,14846.91,-15274.83,11.0,,19.53,44336.00000000007,-34454.07999999991,-6.41,-0.23,-0.22,0.0085,-0.01,215.0,108.0,49.0,58.0,45.37,138425.69,-75665.9,20.27,,50.45,758141.8,-833424.0200000003,239.42,0.58,0.54,0.013,0.01
SBER,macd,1D,Bayesian_TPE,48,17.118,6,37,8,True,875.27,0.813,1.284,41.57,241,42.32,True,"{""sampler"":""TPESampler"",""seed"":42,""n_trials"":50,""direction"":""maximize"",""objective"":""composite = Sharpe * (Return% / MaxDD%)""}","{""macd_fast"":6,""macd_slow"":37,""macd_signal"":8,""allowshort"":true}",2014-01-01,2024-12-31,2025-01-01,2026-04-20,2014-01-01,2026-04-20,241.0,241.0,102.0,139.0,42.32,247447.13,-118610.73,16.61,,41.57,1719970.56,-1431473.7600000002,875.27,0.81,1.28,0.02,0.04,44.0,44.0,14.0,30.0,31.82,23504.79,-14091.99,10.32,,19.48,72307.92000000003,-52187.39999999985,-9.37,-0.25,-0.34,0.0112,-0.01,285.0,285.0,116.0,169.0,40.7,244755.86,-121846.72,15.72,,41.57,1676692.0799999996,-1431473.7600000002,779.96,0.72,1.12,0.0191,0.03
SBER,macd,1D,Bayesian_TPE,49,17.118,6,37,8,True,875.27,0.813,1.284,41.57,241,42.32,True,"{""sampler"":""TPESampler"",""seed"":42,""n_trials"":50,""direction"":""maximize"",""objective"":""composite = Sharpe * (Return% / MaxDD%)""}","{""macd_fast"":6,""macd_slow"":37,""macd_signal"":8,""allowshort"":true}",2014-01-01,2024-12-31,2025-01-01,2026-04-20,2014-01-01,2026-04-20,241.0,241.0,102.0,139.0,42.32,247447.13,-118610.73,16.61,,41.57,1719970.56,-1431473.7600000002,875.27,0.81,1.28,0.02,0.04,44.0,44.0,14.0,30.0,31.82,23504.79,-14091.99,10.32,,19.48,72307.92000000003,-52187.39999999985,-9.37,-0.25,-0.34,0.0112,-0.01,285.0,285.0,116.0,169.0,40.7,244755.86,-121846.72,15.72,,41.57,1676692.0799999996,-1431473.7600000002,779.96,0.72,1.12,0.0191,0.03
PLZL,macd,1D,Bayesian_TPE,0,1.277,10,49,13,True,161.93,0.425,0.564,53.89,163,36.2,True,"{""sampler"":""TPESampler"",""seed"":42,""n_trials"":50,""direction"":""maximize"",""objective"":""composite = Sharpe * (Return% / MaxDD%)""}","{""macd_fast"":10,""macd_slow"":49,""macd_signal"":13,""allowshort"":true}",2014-01-01,2024-12-31,2025-01-01,2026-04-20,2014-01-01,2026-04-20,163.0,163.0,59.0,104.0,36.2,257852.92,-130711.57,24.48,,53.89,1544437.35,-1008990.3000000002,161.93,0.42,0.56,0.0227,0.02,15.0,15.0,10.0,5.0,66.67,152142.08,-59339.0,31.2,,14.47,392182.0,-85226.39999999997,122.47,2.07,3.32,0.0161,0.23,178.0,178.0,69.0,109.0,38.76,277911.13,-131962.65,25.08,,53.89,1544437.35,-1008990.3000000002,479.19,0.58,0.77,0.0219,0.02
PLZL,macd,1D,Bayesian_TPE,1,56.24,7,21,14,False,1828.05,1.126,1.208,36.6,104,45.19,False,"{""sampler"":""TPESampler"",""seed"":42,""n_trials"":50,""direction"":""maximize"",""objective"":""composite = Sharpe * (Return% / MaxDD%)""}","{""macd_fast"":7,""macd_slow"":21,""macd_signal"":14,""allowshort"":false}",2014-01-01,2024-12-31,2025-01-01,2026-04-20,2014-01-01,2026-04-20,208.0,104.0,47.0,57.0,45.19,730431.13,-281574.96,19.55,,36.6,4273772.800000001,-2303750.0,1828.05,1.13,1.21,0.0172,0.05,28.0,14.0,9.0,5.0,64.29,52065.53,-28031.12,14.64,,10.78,262788.60000000003,-53454.599999999904,32.84,1.15,1.25,0.0104,0.11,236.0,118.0,57.0,61.0,48.31,928852.13,-322033.49,19.39,,36.6,6794348.200000001,-2303750.0,3330.05,1.2,1.29,0.0166,0.05
PLZL,macd,1D,Bayesian_TPE,2,7.475,5,50,14,True,556.94,0.661,0.889,49.25,198,38.38,True,"{""sampler"":""TPESampler"",""seed"":42,""n_trials"":50,""direction"":""maximize"",""objective"":""composite = Sharpe * (Return% / MaxDD%)""}","{""macd_fast"":5,""macd_slow"":50,""macd_signal"":14,""allowshort"":true}",2014-01-01,2024-12-31,2025-01-01,2026-04-20,2014-01-01,2026-04-20,198.0,198.0,76.0,121.0,38.38,321324.18,-155794.97,20.17,,49.25,2228599.1999999993,-1349404.2000000002,556.94,0.66,0.89,0.0224,0.03,20.0,20.0,11.0,9.0,55.0,80072.24,-32941.51,20.95,,12.68,279724.79999999993,-57954.39999999985,58.43,1.29,1.88,0.0154,0.16,218.0,218.0,88.0,129.0,40.37,390047.88,-165785.09,20.5,,49.25,2463532.1999999993,-1349404.2000000002,1293.79,0.78,1.06,0.0217,0.03
PLZL,macd,1D,Bayesian_TPE,3,10.139,7,29,10,True,705.03,0.715,0.982,49.72,226,35.4,True,"{""sampler"":""TPESampler"",""seed"":42,""n_trials"":50,""direction"":""maximize"",""objective"":""composite = Sharpe * (Return% / MaxDD%)""}","{""macd_fast"":7,""macd_slow"":29,""macd_signal"":10,""allowshort"":true}",2014-01-01,2024-12-31,2025-01-01,2026-04-20,2014-01-01,2026-04-20,226.0,226.0,80.0,146.0,35.4,348186.58,-142497.19,17.67,,49.72,2535376.0,-1511589.4,705.03,0.71,0.98,0.0223,0.03,28.0,28.0,15.0,13.0,53.57,62059.78,-30976.52,15.14,,20.99,254727.60000000003,-55836.00000000009,52.82,1.19,1.85,0.0155,0.09,254.0,254.0,96.0,158.0,37.8,425975.66,-159472.26,17.59,,49.72,2863165.5,-1511589.4,1569.7,0.82,1.14,0.0216,0.04
PLZL,macd,1D,Bayesian_TPE,4,49.494,14,24,8,False,1707.23,1.106,1.186,38.15,96,48.96,False,"{""sampler"":""TPESampler"",""seed"":42,""n_trials"":50,""direction"":""maximize"",""objective"":""composite = Sharpe * (Return% / MaxDD%)""}","{""macd_fast"":14,""macd_slow"":24,""macd_signal"":8,""allowshort"":false}",2014-01-01,2024-12-31,2025-01-01,2026-04-20,2014-01-01,2026-04-20,192.0,96.0,47.0,48.0,48.96,683464.73,-313553.11,21.04,,38.15,4570145.4,-2361500.0,1707.23,1.11,1.19,0.0172,0.05,22.0,11.0,7.0,4.0,63.64,70899.49,-33763.1,18.91,,8.64,305421.5999999999,-55017.599999999904,36.12,1.26,1.37,0.0103,0.15,214.0,107.0,55.0,51.0,51.4,920498.59,-356208.91,21.31,,38.15,7515314.399999998,-2361500.0,3246.08,1.2,1.29,0.0165,0.05
PLZL,macd,1D,Bayesian_TPE,5,1.371,17,26,10,True,166.55,0.43,0.567,52.23,171,37.43,True,"{""sampler"":""TPESampler"",""seed"":42,""n_trials"":50,""direction"":""maximize"",""objective"":""composite = Sharpe * (Return% / MaxDD%)""}","{""macd_fast"":17,""macd_slow"":26,""macd_signal"":10,""allowshort"":true}",2014-01-01,2024-12-31,2025-01-01,2026-04-20,2014-01-01,2026-04-20,171.0,171.0,64.0,106.0,37.43,200272.18,-105206.51,23.33,,52.23,1153850.25,-763087.2000000001,166.55,0.43,0.57,0.0225,0.02,21.0,21.0,12.0,9.0,57.14,120007.3,-47008.84,22.43,,15.75,355613.1999999998,-85351.0,101.7,1.81,2.84,0.0163,0.19,192.0,192.0,76.0,115.0,39.58,218742.03,-106896.4,23.26,,52.23,1153850.25,-763087.2000000001,433.13,0.56,0.74,0.0218,0.02
PLZL,macd,1D,Bayesian_TPE,6,39.41,14,25,5,False,1521.52,1.07,1.152,41.31,116,40.52,False,"{""sampler"":""TPESampler"",""seed"":42,""n_trials"":50,""direction"":""maximize"",""objective"":""composite = Sharpe * (Return% / MaxDD%)""}","{""macd_fast"":14,""macd_slow"":25,""macd_signal"":5,""allowshort"":false}",2014-01-01,2024-12-31,2025-01-01,2026-04-20,2014-01-01,2026-04-20,232.0,116.0,47.0,69.0,40.52,707536.07,-261435.27,17.49,,41.31,4514928.000000001,-2561750.0,1521.52,1.07,1.15,0.0172,0.04,32.0,16.0,10.0,6.0,62.5,46118.76,-25758.1,12.69,,10.78,123404.4000000001,-43486.799999999865,30.66,1.11,1.15,0.0102,0.1,264.0,132.0,58.0,74.0,43.94,840411.93,-288850.7,17.29,,41.31,5469145.200000001,-2561750.0,2736.89,1.15,1.23,0.0165,0.05
PLZL,macd,1D,Bayesian_TPE,7,8.351,17,29,6,True,612.23,0.682,0.924,50.0,194,36.6,True,"{""sampler"":""TPESampler"",""seed"":42,""n_trials"":50,""direction"":""maximize"",""objective"":""composite = Sharpe * (Return% / MaxDD%)""}","{""macd_fast"":17,""macd_slow"":29,""macd_signal"":6,""allowshort"":true}",2014-01-01,2024-12-31,2025-01-01,2026-04-20,2014-01-01,2026-04-20,194.0,194.0,71.0,122.0,36.6,345142.26,-150678.6,20.59,,50.0,2200016.6999999993,-1528508.0000000002,612.23,0.68,0.92,0.0224,0.03,24.0,24.0,12.0,11.0,50.0,63560.12,-35008.26,17.58,,22.84,261095.9999999999,-55759.0,37.76,0.94,1.4,0.0154,0.06,218.0,218.0,84.0,132.0,38.53,407550.4,-166692.59,20.5,,50.0,2508343.1999999993,-1528508.0000000002,1223.08,0.77,1.05,0.0217,0.03
PLZL,macd,1D,Bayesian_TPE,8,13.516,6,35,5,True,936.42,0.782,1.075,54.18,308,38.64,True,"{""sampler"":""TPESampler"",""seed"":42,""n_trials"":50,""direction"":""maximize"",""objective"":""composite = Sharpe * (Return% / MaxDD%)""}","{""macd_fast"":6,""macd_slow"":35,""macd_signal"":5,""allowshort"":true}",2014-01-01,2024-12-31,2025-01-01,2026-04-20,2014-01-01,2026-04-20,308.0,308.0,119.0,188.0,38.64,350238.06,-171883.89,12.97,,54.18,2843136.4000000004,-2325500.0,936.42,0.78,1.08,0.0222,0.03,48.0,48.0,16.0,32.0,33.33,45049.0,-22553.89,8.88,,30.37,120441.60000000003,-57375.0,-0.09,0.12,0.18,0.0155,0.01,356.0,356.0,135.0,220.0,37.92,406765.99,-191904.04,12.56,,54.18,3355494.4500000007,-2325500.0,1269.45,0.78,1.08,0.0216,0.03
PLZL,macd,1D,Bayesian_TPE,9,0.924,15,29,10,True,127.21,0.389,0.512,53.55,173,37.57,True,"{""sampler"":""TPESampler"",""seed"":42,""n_trials"":50,""direction"":""maximize"",""objective"":""composite = Sharpe * (Return% / MaxDD%)""}","{""macd_fast"":15,""macd_slow"":29,""macd_signal"":10,""allowshort"":true}",2014-01-01,2024-12-31,2025-01-01,2026-04-20,2014-01-01,2026-04-20,173.0,173.0,65.0,107.0,37.57,182766.71,-99137.92,23.06,,53.55,1095458.25,-700955.1000000001,127.21,0.39,0.51,0.0225,0.02,21.0,21.0,12.0,9.0,57.14,114645.52,-50757.48,22.43,,16.55,348215.59999999974,-83570.0,91.89,1.69,2.67,0.0163,0.17,194.0,194.0,77.0,116.0,39.69,194563.41,-100490.45,23.02,,53.55,1095458.25,-700955.1000000001,332.45,0.51,0.68,0.0218,0.02
PLZL,macd,1D,Bayesian_TPE,10,33.521,10,20,15,False,1349.28,1.034,1.107,41.62,89,46.07,False,"{""sampler"":""TPESampler"",""seed"":42,""n_trials"":50,""direction"":""maximize"",""objective"":""composite = Sharpe * (Return% / MaxDD%)""}","{""macd_fast"":10,""macd_slow"":20,""macd_signal"":15,""allowshort"":false}",2014-01-01,2024-12-31,2025-01-01,2026-04-20,2014-01-01,2026-04-20,178.0,89.0,41.0,48.0,46.07,688495.15,-306989.45,22.87,,41.62,4735969.800000001,-2352000.0,1349.28,1.03,1.11,0.0171,0.04,20.0,10.0,6.0,3.0,60.0,81669.93,-35614.93,21.0,,8.64,310279.1999999999,-55851.1999999999,38.32,1.29,1.38,0.0105,0.16,198.0,99.0,48.0,50.0,48.48,889561.11,-333251.08,23.21,,41.62,6072607.199999998,-2352000.0,2603.64,1.13,1.22,0.0165,0.04
PLZL,macd,1D,Bayesian_TPE,11,47.595,11,21,8,False,1666.89,1.105,1.193,38.7,110,43.64,False,"{""sampler"":""TPESampler"",""seed"":42,""n_trials"":50,""direction"":""maximize"",""objective"":""composite = Sharpe * (Return% / MaxDD%)""}","{""macd_fast"":11,""macd_slow"":21,""macd_signal"":8,""allowshort"":false}",2014-01-01,2024-12-31,2025-01-01,2026-04-20,2014-01-01,2026-04-20,220.0,110.0,48.0,62.0,43.64,685152.64,-261587.1,18.36,,38.7,4475433.600000001,-2366250.0,1666.89,1.11,1.19,0.017,0.05,30.0,15.0,10.0,5.0,66.67,41250.5,-28283.36,13.2,,10.78,120926.40000000008,-51162.19999999991,27.11,1.02,1.05,0.01,0.09,250.0,125.0,59.0,66.0,47.2,823912.99,-296081.68,18.14,,38.7,5959609.200000002,-2366250.0,2906.95,1.17,1.26,0.0164,0.05
PLZL,macd,1D,Bayesian_TPE,12,23.803,20,37,12,False,1065.62,0.952,0.987,42.62,66,43.94,False,"{""sampler"":""TPESampler"",""seed"":42,""n_trials"":50,""direction"":""maximize"",""objective"":""composite = Sharpe * (Return% / MaxDD%)""}","{""macd_fast"":20,""macd_slow"":37,""macd_signal"":12,""allowshort"":false}",2014-01-01,2024-12-31,2025-01-01,2026-04-20,2014-01-01,2026-04-20,133.0,66.0,29.0,37.0,43.94,750445.1,-300182.65,30.09,,42.62,4192263.6,-2130810.0,1065.62,0.95,0.99,0.0173,0.04,15.0,8.0,5.0,3.0,62.5,171473.62,-32247.4,32.12,,10.78,329105.70000000007,-48438.00000000003,76.06,2.02,2.38,0.0114,0.21,148.0,74.0,34.0,40.0,45.95,934351.83,-305888.02,30.31,,42.62,4192263.6,-2130810.0,1953.24,1.04,1.08,0.0167,0.04
PLZL,macd,1D,Bayesian_TPE,13,50.826,8,36,8,False,1652.31,1.092,1.176,35.5,111,44.14,False,"{""sampler"":""TPESampler"",""seed"":42,""n_trials"":50,""direction"":""maximize"",""objective"":""composite = Sharpe * (Return% / MaxDD%)""}","{""macd_fast"":8,""macd_slow"":36,""macd_signal"":8,""allowshort"":false}",2014-01-01,2024-12-31,2025-01-01,2026-04-20,2014-01-01,2026-04-20,222.0,111.0,49.0,62.0,44.14,625802.69,-228084.23,18.44,,35.5,3819587.2000000007,-2178750.0,1652.31,1.09,1.18,0.0172,0.05,26.0,13.0,9.0,4.0,69.23,57675.07,-26351.45,16.15,,10.78,292415.19999999995,-47045.59999999985,41.37,1.37,1.49,0.0105,0.13,248.0,124.0,59.0,65.0,47.58,835972.08,-255863.1,18.62,,35.5,6974979.199999999,-2178750.0,3269.13,1.19,1.29,0.0166,0.06
PLZL,macd,1D,Bayesian_TPE,14,47.76,8,39,8,False,1597.01,1.082,1.163,36.18,111,42.34,False,"{""sampler"":""TPESampler"",""seed"":42,""n_trials"":50,""direction"":""maximize"",""objective"":""composite = Sharpe * (Return% / MaxDD%)""}","{""macd_fast"":8,""macd_slow"":39,""macd_signal"":8,""allowshort"":false}",2014-01-01,2024-12-31,2025-01-01,2026-04-20,2014-01-01,2026-04-20,222.0,111.0,47.0,64.0,42.34,660778.53,-235726.69,18.27,,36.18,3731502.15,-2132750.0,1597.01,1.08,1.16,0.0172,0.05,24.0,12.0,9.0,3.0,75.0,59871.38,-26880.33,17.42,,8.3,302595.99999999994,-48694.79999999985,45.82,1.5,1.64,0.0104,0.19,246.0,123.0,57.0,66.0,46.34,861679.9,-253667.52,18.62,,36.18,6933690.3999999985,-2132750.0,3237.37,1.19,1.28,0.0166,0.05
PLZL,macd,1D,Bayesian_TPE,15,30.983,8,42,12,False,1199.48,0.995,1.047,38.52,94,39.36,False,"{""sampler"":""TPESampler"",""seed"":42,""n_trials"":50,""direction"":""maximize"",""objective"":""composite = Sharpe * (Return% / MaxDD%)""}","{""macd_fast"":8,""macd_slow"":42,""macd_signal"":12,""allowshort"":false}",2014-01-01,2024-12-31,2025-01-01,2026-04-20,2014-01-01,2026-04-20,188.0,94.0,37.0,54.0,39.36,642329.73,-217988.91,21.2,,38.52,3678998.7999999993,-1900236.8000000007,1199.48,1.0,1.05,0.0172,0.04,20.0,10.0,5.0,4.0,50.0,91777.56,-31583.8,20.8,,10.84,266355.5999999999,-54705.59999999986,33.26,1.14,1.17,0.0106,0.11,208.0,104.0,43.0,58.0,41.35,840963.92,-240886.34,21.7,,38.52,4639626.599999999,-1900236.8000000007,2219.0,1.08,1.14,0.0166,0.05
PLZL,macd,1D,Bayesian_TPE,16,61.715,9,33,7,False,1869.92,1.136,1.234,34.42,113,43.36,False,"{""sampler"":""TPESampler"",""seed"":42,""n_trials"":50,""direction"":""maximize"",""objective"":""composite = Sharpe * (Return% / MaxDD%)""}","{""macd_fast"":9,""macd_slow"":33,""macd_signal"":7,""allowshort"":false}",2014-01-01,2024-12-31,2025-01-01,2026-04-20,2014-01-01,2026-04-20,226.0,113.0,49.0,64.0,43.36,724345.24,-262402.15,18.07,,34.42,4464662.4,-2551000.0,1869.92,1.14,1.23,0.0171,0.06,28.0,14.0,9.0,5.0,64.29,57228.36,-26731.28,14.86,,10.78,271387.00000000006,-46003.999999999854,38.14,1.29,1.4,0.0105,0.13,254.0,127.0,59.0,68.0,46.46,954050.94,-299160.76,18.12,,34.42,7267260.200000001,-2551000.0,3594.61,1.22,1.34,0.0165,0.06
PLZL,macd,1D,Bayesian_TPE,17,17.526,12,44,15,False,849.71,0.884,0.911,42.86,74,43.24,False,"{""sampler"":""TPESampler"",""seed"":42,""n_trials"":50,""direction"":""maximize"",""objective"":""composite = Sharpe * (Return% / MaxDD%)""}","{""macd_fast"":12,""macd_slow"":44,""macd_signal"":15,""allowshort"":false}",2014-01-01,2024-12-31,2025-01-01,2026-04-20,2014-01-01,2026-04-20,149.0,74.0,32.0,42.0,43.24,642107.68,-286914.15,26.8,,42.86,3974343.500000001,-1974962.0,849.71,0.88,0.91,0.0173,0.04,13.0,7.0,5.0,2.0,71.43,188449.9,-35826.5,36.43,,10.68,345460.5,-52425.0,87.06,2.19,2.61,0.0117,0.24,162.0,81.0,37.0,44.0,45.68,797461.79,-289345.94,27.63,,42.86,3974343.500000001,-1974962.0,1677.49,1.0,1.03,0.0167,0.04
PLZL,macd,1D,Bayesian_TPE,18,37.323,5,32,7,False,1545.53,1.078,1.149,44.64,141,41.84,False,"{""sampler"":""TPESampler"",""seed"":42,""n_trials"":50,""direction"":""maximize"",""objective"":""composite = Sharpe * (Return% / MaxDD%)""}","{""macd_fast"":5,""macd_slow"":32,""macd_signal"":7,""allowshort"":false}",2014-01-01,2024-12-31,2025-01-01,2026-04-20,2014-01-01,2026-04-20,282.0,141.0,59.0,82.0,41.84,554468.7,-210467.9,14.35,,44.64,4637230.4,-2733750.0,1545.53,1.08,1.15,0.0171,0.04,44.0,22.0,10.0,12.0,45.45,40168.3,-19395.6,9.41,,10.68,112278.60000000003,-53476.00000000003,16.89,0.69,0.72,0.0101,0.06,326.0,163.0,69.0,94.0,42.33,678090.6,-237558.38,13.98,,44.64,5327237.8500000015,-2733750.0,2445.78,1.12,1.2,0.0165,0.04
PLZL,macd,1D,Bayesian_TPE,19,29.746,9,31,11,False,1224.53,1.003,1.063,41.29,97,44.33,False,"{""sampler"":""TPESampler"",""seed"":42,""n_trials"":50,""direction"":""maximize"",""objective"":""composite = Sharpe * (Return% / MaxDD%)""}","{""macd_fast"":9,""macd_slow"":31,""macd_signal"":11,""allowshort"":false}",2014-01-01,2024-12-31,2025-01-01,2026-04-20,2014-01-01,2026-04-20,194.0,97.0,43.0,53.0,44.33,585967.55,-244363.81,20.86,,41.29,4029034.2000000007,-2019250.0,1224.53,1.0,1.06,0.0171,0.04,18.0,9.0,4.0,4.0,44.44,119765.1,-19206.2,23.33,,9.35,312707.9999999999,-46871.999999999854,40.22,1.35,1.43,0.0105,0.15,212.0,106.0,48.0,56.0,45.28,796195.97,-253117.26,21.57,,41.29,5585632.799999998,-2019250.0,2404.28,1.11,1.18,0.0165,0.04
PLZL,macd,1D,Bayesian_TPE,20,19.62,11,46,9,False,964.91,0.928,0.972,45.64,91,39.56,False,"{""sampler"":""TPESampler"",""seed"":42,""n_trials"":50,""direction"":""maximize"",""objective"":""composite = Sharpe * (Return% / MaxDD%)""}","{""macd_fast"":11,""macd_slow"":46,""macd_signal"":9,""allowshort"":false}",2014-01-01,2024-12-31,2025-01-01,2026-04-20,2014-01-01,2026-04-20,183.0,91.0,36.0,54.0,39.56,574140.14,-204072.53,21.75,,45.64,3550405.2999999993,-1668128.0000000007,964.91,0.93,0.97,0.0172,0.03,21.0,11.0,7.0,4.0,63.64,138405.2,-43366.1,24.0,,12.48,368823.1999999997,-73674.3999999998,79.54,2.01,2.39,0.012,0.19,204.0,102.0,43.0,58.0,42.16,720799.08,-221879.07,21.99,,45.64,3931824.399999997,-1668128.0000000007,1812.54,1.02,1.08,0.0166,0.04
PLZL,macd,1D,Bayesian_TPE,21,46.897,7,40,7,False,1760.62,1.115,1.202,41.86,116,43.1,False,"{""sampler"":""TPESampler"",""seed"":42,""n_trials"":50,""direction"":""maximize"",""objective"":""composite = Sharpe * (Return% / MaxDD%)""}","{""macd_fast"":7,""macd_slow"":40,""macd_signal"":7,""allowshort"":false}",2014-01-01,2024-12-31,2025-01-01,2026-04-20,2014-01-01,2026-04-20,232.0,116.0,50.0,66.0,43.1,720912.24,-279384.34,17.6,,41.86,5030748.800000001,-2899250.0,1760.62,1.11,1.2,0.0172,0.05,34.0,17.0,9.0,8.0,52.94,59827.6,-20648.09,12.65,,10.78,285738.3999999999,-45743.59999999985,37.33,1.24,1.38,0.0107,0.12,266.0,133.0,60.0,73.0,45.11,939156.14,-309549.22,17.36,,41.86,7240223.999999998,-2899250.0,3375.23,1.2,1.31,0.0166,0.05
PLZL,macd,1D,Bayesian_TPE,22,55.016,9,34,7,False,1715.25,1.104,1.185,34.42,113,43.36,False,"{""sampler"":""TPESampler"",""seed"":42,""n_trials"":50,""direction"":""maximize"",""objective"":""composite = Sharpe * (Return% / MaxDD%)""}","{""macd_fast"":9,""macd_slow"":34,""macd_signal"":7,""allowshort"":false}",2014-01-01,2024-12-31,2025-01-01,2026-04-20,2014-01-01,2026-04-20,226.0,113.0,49.0,64.0,43.36,681212.05,-253544.45,18.11,,34.42,4024838.400000001,-2299500.0,1715.25,1.1,1.19,0.0172,0.06,28.0,14.0,9.0,5.0,64.29,59625.09,-26870.16,14.93,,10.78,291999.5999999999,-46698.399999999856,40.23,1.34,1.46,0.0105,0.13,254.0,127.0,59.0,68.0,46.46,900635.1,-287064.68,18.17,,34.42,7212333.199999997,-2299500.0,3361.71,1.2,1.29,0.0166,0.06
PLZL,macd,1D,Bayesian_TPE,23,41.142,9,33,6,False,1588.37,1.084,1.167,41.85,115,41.74,False,"{""sampler"":""TPESampler"",""seed"":42,""n_trials"":50,""direction"":""maximize"",""objective"":""composite = Sharpe * (Return% / MaxDD%)""}","{""macd_fast"":9,""macd_slow"":33,""macd_signal"":6,""allowshort"":false}",2014-01-01,2024-12-31,2025-01-01,2026-04-20,2014-01-01,2026-04-20,230.0,115.0,48.0,67.0,41.74,688919.07,-256483.7,17.67,,41.85,4555020.800000001,-2599750.0,1588.37,1.08,1.17,0.0172,0.04,34.0,17.0,10.0,7.0,58.82,46456.84,-23838.94,12.12,,10.78,122413.20000000008,-43226.39999999986,29.77,1.08,1.14,0.0102,0.1,264.0,132.0,59.0,73.0,44.7,835202.29,-286788.13,17.33,,41.85,5695041.6000000015,-2599750.0,2834.14,1.16,1.25,0.0165,0.05
PLZL,macd,1D,Bayesian_TPE,24,19.799,6,23,6,False,1010.33,0.953,1.014,48.63,153,41.83,False,"{""sampler"":""TPESampler"",""seed"":42,""n_trials"":50,""direction"":""maximize"",""objective"":""composite = Sharpe * (Return% / MaxDD%)""}","{""macd_fast"":6,""macd_slow"":23,""macd_signal"":6,""allowshort"":false}",2014-01-01,2024-12-31,2025-01-01,2026-04-20,2014-01-01,2026-04-20,306.0,153.0,64.0,89.0,41.83,422787.19,-190506.0,12.97,,48.63,2250737.5999999996,-1894644.0,1010.33,0.95,1.01,0.0169,0.03,52.0,26.0,12.0,14.0,46.15,25975.83,-21532.42,8.04,,12.1,52362.60000000012,-67932.80000000008,1.03,0.12,0.13,0.0104,0.01,358.0,179.0,76.0,103.0,42.46,454386.98,-206101.66,12.47,,48.63,3062446.650000001,-1894644.0,1330.49,0.95,1.01,0.0163,0.03
PLZL,macd,1D,Bayesian_TPE,25,30.369,12,33,9,False,1224.75,1.004,1.054,40.49,92,44.57,False,"{""sampler"":""TPESampler"",""seed"":42,""n_trials"":50,""direction"":""maximize"",""objective"":""composite = Sharpe * (Return% / MaxDD%)""}","{""macd_fast"":12,""macd_slow"":33,""macd_signal"":9,""allowshort"":false}",2014-01-01,2024-12-31,2025-01-01,2026-04-20,2014-01-01,2026-04-20,184.0,92.0,41.0,50.0,44.57,603229.23,-249697.64,21.76,,40.49,4129555.0,-1977606.4000000008,1224.75,1.0,1.05,0.0171,0.04,18.0,9.0,5.0,3.0,55.56,92671.96,-39555.73,23.11,,11.24,268926.5999999999,-55229.59999999985,34.47,1.18,1.21,0.0106,0.11,202.0,101.0,46.0,53.0,45.54,817909.41,-275575.85,22.41,,40.49,4805198.999999998,-1977606.4000000008,2301.83,1.09,1.15,0.0165,0.04
PLZL,macd,1D,Bayesian_TPE,26,44.718,10,27,7,False,1659.2,1.098,1.178,40.74,113,41.59,False,"{""sampler"":""TPESampler"",""seed"":42,""n_trials"":50,""direction"":""maximize"",""objective"":""composite = Sharpe * (Return% / MaxDD%)""}","{""macd_fast"":10,""macd_slow"":27,""macd_signal"":7,""allowshort"":false}",2014-01-01,2024-12-31,2025-01-01,2026-04-20,2014-01-01,2026-04-20,226.0,113.0,47.0,66.0,41.59,732847.97,-270483.36,17.94,,40.74,4555020.800000001,-2619250.0,1659.2,1.1,1.18,0.0171,0.05,32.0,16.0,10.0,6.0,62.5,40722.14,-26489.37,12.56,,10.78,118696.20000000008,-50224.399999999914,24.83,0.94,0.98,0.0101,0.09,258.0,129.0,58.0,71.0,44.96,861694.48,-303864.1,17.66,,40.74,5933671.200000002,-2619250.0,2840.39,1.16,1.24,0.0165,0.05
PLZL,macd,1D,Bayesian_TPE,27,29.274,7,39,13,False,1239.21,1.008,1.066,42.67,95,42.11,False,"{""sampler"":""TPESampler"",""seed"":42,""n_trials"":50,""direction"":""maximize"",""objective"":""composite = Sharpe * (Return% / MaxDD%)""}","{""macd_fast"":7,""macd_slow"":39,""macd_signal"":13,""allowshort"":false}",2014-01-01,2024-12-31,2025-01-01,2026-04-20,2014-01-01,2026-04-20,190.0,95.0,40.0,54.0,42.11,676253.39,-271445.07,21.03,,42.67,4315230.449999999,-2078137.6000000008,1239.21,1.01,1.07,0.0171,0.04,20.0,10.0,5.0,4.0,50.0,91067.8,-33284.49,20.8,,10.91,264298.79999999993,-54286.399999999856,32.22,1.11,1.14,0.0107,0.11,210.0,105.0,46.0,57.0,43.81,861058.56,-296412.31,21.54,,42.67,4744009.199999998,-2078137.6000000008,2271.32,1.09,1.16,0.0165,0.04
PLZL,macd,1D,Bayesian_TPE,28,45.477,9,22,9,False,1694.71,1.108,1.186,41.29,111,44.14,False,"{""sampler"":""TPESampler"",""seed"":42,""n_trials"":50,""direction"":""maximize"",""objective"":""composite = Sharpe * (Return% / MaxDD%)""}","{""macd_fast"":9,""macd_slow"":22,""macd_signal"":9,""allowshort"":false}",2014-01-01,2024-12-31,2025-01-01,2026-04-20,2014-01-01,2026-04-20,222.0,111.0,49.0,62.0,44.14,687848.22,-270281.59,18.29,,41.29,4669913.600000001,-2630500.0,1694.71,1.11,1.19,0.0171,0.05,32.0,16.0,10.0,6.0,62.5,41562.64,-26659.23,12.31,,10.78,119439.6000000001,-50536.99999999991,25.57,0.97,1.0,0.01,0.09,254.0,127.0,60.0,67.0,47.24,829208.99,-307146.58,17.93,,41.29,6053457.6000000015,-2630500.0,2917.37,1.17,1.25,0.0164,0.05
PLZL,macd,1D,Bayesian_TPE,29,21.553,10,46,11,False,1026.22,0.947,0.989,45.09,91,40.66,False,"{""sampler"":""TPESampler"",""seed"":42,""n_trials"":50,""direction"":""maximize"",""objective"":""composite = Sharpe * (Return% / MaxDD%)""}","{""macd_fast"":10,""macd_slow"":46,""macd_signal"":11,""allowshort"":false}",2014-01-01,2024-12-31,2025-01-01,2026-04-20,2014-01-01,2026-04-20,183.0,91.0,37.0,54.0,40.66,574602.74,-203668.9,21.74,,45.09,3605706.0,-1749686.4000000006,1026.22,0.95,0.99,0.0172,0.04,19.0,10.0,6.0,4.0,60.0,154716.67,-29100.8,25.9,,13.02,372840.79999999976,-49217.399999999936,81.19,2.09,2.46,0.0117,0.19,202.0,101.0,43.0,58.0,42.57,737774.31,-212240.06,22.15,,45.09,4204528.799999997,-1749686.4000000006,1941.44,1.04,1.09,0.0166,0.04
PLZL,macd,1D,Bayesian_TPE,30,30.566,6,35,14,False,1257.42,1.011,1.069,41.59,102,41.18,False,"{""sampler"":""TPESampler"",""seed"":42,""n_trials"":50,""direction"":""maximize"",""objective"":""composite = Sharpe * (Return% / MaxDD%)""}","{""macd_fast"":6,""macd_slow"":35,""macd_signal"":14,""allowshort"":false}",2014-01-01,2024-12-31,2025-01-01,2026-04-20,2014-01-01,2026-04-20,204.0,102.0,42.0,59.0,41.18,649777.16,-249430.38,19.65,,41.59,4426140.000000001,-2207000.0,1257.42,1.01,1.07,0.0171,0.04,26.0,13.0,9.0,4.0,69.23,55049.44,-33282.49,16.08,,10.91,305421.5999999999,-54278.399999999856,36.23,1.27,1.37,0.0102,0.12,230.0,115.0,52.0,62.0,45.22,787389.25,-274213.67,19.7,,41.59,5598991.199999998,-2207000.0,2394.3,1.11,1.18,0.0165,0.04
PLZL,macd,1D,Bayesian_TPE,31,56.522,8,35,7,False,1977.54,1.151,1.238,40.27,112,44.64,False,"{""sampler"":""TPESampler"",""seed"":42,""n_trials"":50,""direction"":""maximize"",""objective"":""composite = Sharpe * (Return% / MaxDD%)""}","{""macd_fast"":8,""macd_slow"":35,""macd_signal"":7,""allowshort"":false}",2014-01-01,2024-12-31,2025-01-01,2026-04-20,2014-01-01,2026-04-20,224.0,112.0,50.0,62.0,44.64,780762.2,-310688.35,18.2,,40.27,5170176.000000001,-2966250.0,1977.54,1.15,1.24,0.0172,0.05,30.0,15.0,9.0,6.0,60.0,58151.44,-26062.93,14.0,,10.78,268700.00000000006,-45483.19999999986,36.7,1.24,1.36,0.0105,0.12,254.0,127.0,60.0,67.0,47.24,1019958.4,-352957.61,18.1,,40.27,7582714.000000001,-2966250.0,3754.93,1.23,1.33,0.0166,0.05
PLZL,macd,1D,Bayesian_TPE,32,50.287,5,37,7,False,1752.17,1.117,1.2,38.92,138,43.48,False,"{""sampler"":""TPESampler"",""seed"":42,""n_trials"":50,""direction"":""maximize"",""objective"":""composite = Sharpe * (Return% / MaxDD%)""}","{""macd_fast"":5,""macd_slow"":37,""macd_signal"":7,""allowshort"":false}",2014-01-01,2024-12-31,2025-01-01,2026-04-20,2014-01-01,2026-04-20,276.0,138.0,60.0,78.0,43.48,588367.93,-227953.89,14.63,,38.92,4864462.0,-2811750.0,1752.17,1.12,1.2,0.0171,0.05,46.0,23.0,10.0,13.0,43.48,48222.38,-20861.78,9.13,,10.52,122908.80000000008,-50063.59999999987,21.1,0.82,0.87,0.0101,0.08,322.0,161.0,70.0,91.0,43.48,764944.05,-269347.12,14.16,,38.92,6283714.450000002,-2811750.0,2903.55,1.17,1.26,0.0165,0.05
PLZL,macd,1D,Bayesian_TPE,33,40.017,8,31,6,False,1554.75,1.08,1.162,41.96,127,42.52,False,"{""sampler"":""TPESampler"",""seed"":42,""n_trials"":50,""direction"":""maximize"",""objective"":""composite = Sharpe * (Return% / MaxDD%)""}","{""macd_fast"":8,""macd_slow"":31,""macd_signal"":6,""allowshort"":false}",2014-01-01,2024-12-31,2025-01-01,2026-04-20,2014-01-01,2026-04-20,254.0,127.0,54.0,73.0,42.52,599954.57,-230823.11,15.99,,41.96,4464217.600000001,-2576000.0,1554.75,1.08,1.16,0.0171,0.04,34.0,17.0,10.0,7.0,58.82,47183.08,-25429.46,12.24,,7.92,122165.4000000001,-43052.799999999865,29.38,1.08,1.15,0.0101,0.14,288.0,144.0,64.0,80.0,44.44,757278.9,-259965.16,15.9,,41.96,5613932.250000002,-2576000.0,2766.86,1.15,1.24,0.0165,0.05
PLZL,macd,1D,Bayesian_TPE,34,14.932,11,34,5,True,970.13,0.789,1.082,51.26,230,37.39,True,"{""sampler"":""TPESampler"",""seed"":42,""n_trials"":50,""direction"":""maximize"",""objective"":""composite = Sharpe * (Return% / MaxDD%)""}","{""macd_fast"":11,""macd_slow"":34,""macd_signal"":5,""allowshort"":true}",2014-01-01,2024-12-31,2025-01-01,2026-04-20,2014-01-01,2026-04-20,230.0,230.0,86.0,144.0,37.39,425992.56,-187041.92,17.37,,51.26,3432556.7999999993,-2146912.0000000005,970.13,0.79,1.08,0.0223,0.03,30.0,30.0,15.0,15.0,50.0,66221.94,-25037.81,14.13,,19.7,281753.9999999999,-47219.19999999985,61.78,1.34,2.07,0.0154,0.11,260.0,260.0,102.0,158.0,39.23,538077.74,-204916.01,17.19,,51.26,4098809.199999999,-2146912.0000000005,2250.72,0.9,1.25,0.0216,0.04
PLZL,macd,1D,Bayesian_TPE,35,42.685,7,29,8,False,1591.56,1.087,1.166,40.53,122,42.62,False,"{""sampler"":""TPESampler"",""seed"":42,""n_trials"":50,""direction"":""maximize"",""objective"":""composite = Sharpe * (Return% / MaxDD%)""}","{""macd_fast"":7,""macd_slow"":29,""macd_signal"":8,""allowshort"":false}",2014-01-01,2024-12-31,2025-01-01,2026-04-20,2014-01-01,2026-04-20,244.0,122.0,52.0,70.0,42.62,622293.26,-234909.18,16.61,,40.53,4367964.0,-2607000.0,1591.56,1.09,1.17,0.0171,0.05,34.0,17.0,10.0,7.0,58.82,42963.94,-23975.6,12.0,,10.78,118944.00000000007,-42011.199999999866,26.18,0.98,1.02,0.0101,0.09,278.0,139.0,63.0,76.0,45.32,758813.08,-266086.72,16.41,,40.53,5705416.800000002,-2607000.0,2758.26,1.15,1.24,0.0165,0.05
PLZL,macd,1D,Bayesian_TPE,36,2.63,13,27,9,True,282.07,0.522,0.693,55.98,186,39.25,True,"{""sampler"":""TPESampler"",""seed"":42,""n_trials"":50,""direction"":""maximize"",""objective"":""composite = Sharpe * (Return% / MaxDD%)""}","{""macd_fast"":13,""macd_slow"":27,""macd_signal"":9,""allowshort"":true}",2014-01-01,2024-12-31,2025-01-01,2026-04-20,2014-01-01,2026-04-20,186.0,186.0,73.0,112.0,39.25,230869.97,-125292.88,21.47,,55.98,1416364.8000000005,-1000531.0,282.07,0.52,0.69,0.0225,0.02,18.0,18.0,9.0,8.0,50.0,97023.4,-34415.52,23.44,,16.47,298742.3999999999,-63842.0,59.79,1.31,1.97,0.0154,0.12,204.0,204.0,83.0,119.0,40.69,272796.8,-129484.25,21.9,,55.98,1541073.5999999996,-1000531.0,723.35,0.66,0.88,0.0218,0.03
PLZL,macd,1D,Bayesian_TPE,37,16.869,9,50,11,False,863.41,0.896,0.935,45.86,92,41.3,False,"{""sampler"":""TPESampler"",""seed"":42,""n_trials"":50,""direction"":""maximize"",""objective"":""composite = Sharpe * (Return% / MaxDD%)""}","{""macd_fast"":9,""macd_slow"":50,""macd_signal"":11,""allowshort"":false}",2014-01-01,2024-12-31,2025-01-01,2026-04-20,2014-01-01,2026-04-20,185.0,92.0,38.0,54.0,41.3,528764.56,-212202.32,21.49,,45.86,3527850.0,-1664432.0000000007,863.41,0.9,0.94,0.0171,0.03,19.0,10.0,6.0,4.0,60.0,161611.67,-35172.65,26.1,,14.3,382135.9999999997,-78180.7999999998,82.9,2.11,2.5,0.0117,0.17,204.0,102.0,44.0,58.0,43.14,669177.37,-220953.22,21.94,,45.86,3685030.3999999976,-1664432.0000000007,1662.85,1.0,1.05,0.0165,0.04
PLZL,macd,1D,Bayesian_TPE,38,55.137,6,42,7,False,1914.16,1.145,1.225,39.75,121,41.32,False,"{""sampler"":""TPESampler"",""seed"":42,""n_trials"":50,""direction"":""maximize"",""objective"":""composite = Sharpe * (Return% / MaxDD%)""}","{""macd_fast"":6,""macd_slow"":42,""macd_signal"":7,""allowshort"":false}",2014-01-01,2024-12-31,2025-01-01,2026-04-20,2014-01-01,2026-04-20,242.0,121.0,50.0,71.0,41.32,761621.42,-266752.78,16.63,,39.75,5128886.4,-2981250.0,1914.16,1.14,1.23,0.0171,0.05,38.0,19.0,10.0,9.0,52.63,49561.06,-23722.51,11.11,,10.39,123156.6000000001,-50885.99999999986,28.21,1.03,1.11,0.0102,0.1,280.0,140.0,61.0,79.0,43.57,955046.86,-312316.32,16.24,,39.75,6793869.600000002,-2981250.0,3358.49,1.21,1.3,0.0165,0.05
PLZL,macd,1D,Bayesian_TPE,39,5.044,6,42,14,True,414.66,0.599,0.802,49.24,192,37.5,True,"{""sampler"":""TPESampler"",""seed"":42,""n_trials"":50,""direction"":""maximize"",""objective"":""composite = Sharpe * (Return% / MaxDD%)""}","{""macd_fast"":6,""macd_slow"":42,""macd_signal"":14,""allowshort"":true}",2014-01-01,2024-12-31,2025-01-01,2026-04-20,2014-01-01,2026-04-20,192.0,192.0,72.0,118.0,37.5,305408.02,-151210.31,20.8,,49.24,1845771.85,-1259268.9,414.66,0.6,0.8,0.0224,0.03,20.0,20.0,11.0,9.0,55.0,76932.71,-34995.38,20.95,,14.32,270469.1999999999,-55963.19999999985,53.13,1.2,1.76,0.0154,0.13,212.0,212.0,84.0,126.0,39.62,351317.78,-158387.79,21.08,,49.24,1865517.5999999992,-1259268.9,955.38,0.72,0.97,0.0217,0.03
PLZL,macd,1D,Bayesian_TPE,40,29.147,5,47,6,False,1392.54,1.039,1.106,49.64,148,41.89,False,"{""sampler"":""TPESampler"",""seed"":42,""n_trials"":50,""direction"":""maximize"",""objective"":""composite = Sharpe * (Return% / MaxDD%)""}","{""macd_fast"":5,""macd_slow"":47,""macd_signal"":6,""allowshort"":false}",2014-01-01,2024-12-31,2025-01-01,2026-04-20,2014-01-01,2026-04-20,296.0,148.0,62.0,86.0,41.89,517820.06,-211388.59,13.68,,49.64,4915025.600000001,-2700500.0,1392.54,1.04,1.11,0.0172,0.04,50.0,25.0,10.0,15.0,40.0,44799.52,-18292.72,8.28,,13.91,115474.80000000008,-48315.99999999987,17.36,0.7,0.73,0.0101,0.05,346.0,173.0,72.0,101.0,41.62,640594.27,-234320.11,13.18,,49.64,5063686.250000002,-2700500.0,2245.65,1.08,1.16,0.0166,0.04
PLZL,macd,1D,Bayesian_TPE,41,46.249,7,41,7,False,1650.65,1.093,1.18,39.01,117,41.88,False,"{""sampler"":""TPESampler"",""seed"":42,""n_trials"":50,""direction"":""maximize"",""objective"":""composite = Sharpe * (Return% / MaxDD%)""}","{""macd_fast"":7,""macd_slow"":41,""macd_signal"":7,""allowshort"":false}",2014-01-01,2024-12-31,2025-01-01,2026-04-20,2014-01-01,2026-04-20,234.0,117.0,49.0,68.0,41.88,702022.5,-263125.89,17.43,,39.01,4654953.600000001,-2699750.0,1650.65,1.09,1.18,0.0172,0.05,36.0,18.0,9.0,9.0,50.0,58698.24,-21324.46,11.94,,12.64,278338.79999999993,-44528.39999999986,33.64,1.15,1.28,0.0106,0.1,270.0,135.0,59.0,76.0,43.7,902619.36,-295259.99,17.08,,39.01,6628333.999999998,-2699750.0,3081.48,1.18,1.28,0.0166,0.05
PLZL,macd,1D,Bayesian_TPE,42,56.947,8,37,5,False,1906.84,1.145,1.223,38.34,131,43.51,False,"{""sampler"":""TPESampler"",""seed"":42,""n_trials"":50,""direction"":""maximize"",""objective"":""composite = Sharpe * (Return% / MaxDD%)""}","{""macd_fast"":8,""macd_slow"":37,""macd_signal"":5,""allowshort"":false}",2014-01-01,2024-12-31,2025-01-01,2026-04-20,2014-01-01,2026-04-20,262.0,131.0,57.0,74.0,43.51,627764.88,-225867.18,15.42,,38.34,4627483.2,-2757000.0,1906.84,1.14,1.22,0.0171,0.05,44.0,22.0,10.0,12.0,45.45,51298.86,-19094.86,9.45,,11.07,121174.20000000008,-42705.59999999987,28.39,1.04,1.11,0.0102,0.1,306.0,153.0,67.0,86.0,43.79,841375.93,-266015.41,14.89,,38.34,6808819.900000002,-2757000.0,3349.49,1.21,1.3,0.0165,0.05
PLZL,macd,1D,Bayesian_TPE,43,32.096,6,38,5,False,1496.39,1.06,1.128,49.42,153,41.83,False,"{""sampler"":""TPESampler"",""seed"":42,""n_trials"":50,""direction"":""maximize"",""objective"":""composite = Sharpe * (Return% / MaxDD%)""}","{""macd_fast"":6,""macd_slow"":38,""macd_signal"":5,""allowshort"":false}",2014-01-01,2024-12-31,2025-01-01,2026-04-20,2014-01-01,2026-04-20,306.0,153.0,64.0,89.0,41.83,557931.04,-233075.69,13.25,,49.42,5039302.4,-2883750.0,1496.39,1.06,1.13,0.0173,0.04,50.0,25.0,10.0,15.0,40.0,43919.8,-18108.41,8.36,,12.54,112996.80000000005,-52369.60000000003,16.76,0.67,0.72,0.0102,0.05,356.0,178.0,74.0,104.0,41.57,677806.59,-254689.58,12.84,,49.42,5168357.700000001,-2883750.0,2367.0,1.1,1.17,0.0166,0.04
PLZL,macd,1D,Bayesian_TPE,44,43.195,7,36,5,False,1646.28,1.097,1.175,41.81,140,43.57,False,"{""sampler"":""TPESampler"",""seed"":42,""n_trials"":50,""direction"":""maximize"",""objective"":""composite = Sharpe * (Return% / MaxDD%)""}","{""macd_fast"":7,""macd_slow"":36,""macd_signal"":5,""allowshort"":false}",2014-01-01,2024-12-31,2025-01-01,2026-04-20,2014-01-01,2026-04-20,280.0,140.0,61.0,79.0,43.57,562116.08,-225648.52,14.39,,41.81,4813289.2,-2782500.0,1646.28,1.1,1.18,0.0171,0.04,46.0,23.0,10.0,13.0,43.48,48222.38,-20875.53,9.09,,10.52,122908.80000000008,-49960.799999999865,21.08,0.82,0.87,0.0101,0.08,326.0,163.0,71.0,92.0,43.56,719525.17,-262000.45,13.94,,41.81,5653598.500000001,-2782500.0,2698.22,1.14,1.23,0.0165,0.05
PLZL,macd,1D,Bayesian_TPE,45,11.05,8,43,6,True,748.5,0.729,1.002,49.38,238,35.71,True,"{""sampler"":""TPESampler"",""seed"":42,""n_trials"":50,""direction"":""maximize"",""objective"":""composite = Sharpe * (Return% / MaxDD%)""}","{""macd_fast"":8,""macd_slow"":43,""macd_signal"":6,""allowshort"":true}",2014-01-01,2024-12-31,2025-01-01,2026-04-20,2014-01-01,2026-04-20,238.0,238.0,85.0,152.0,35.71,377580.26,-161903.12,16.79,,49.38,2746283.25,-1913843.7,748.5,0.73,1.0,0.0223,0.03,36.0,36.0,15.0,21.0,41.67,61163.4,-23425.55,11.75,,23.1,251017.19999999992,-49857.99999999987,42.55,1.02,1.59,0.0154,0.07,274.0,274.0,101.0,172.0,36.86,452773.85,-176024.72,16.31,,49.38,3038854.4000000013,-1913843.7,1545.39,0.82,1.14,0.0216,0.04
PLZL,macd,1D,Bayesian_TPE,46,25.843,16,25,8,False,1100.18,0.972,1.024,41.38,92,43.48,False,"{""sampler"":""TPESampler"",""seed"":42,""n_trials"":50,""direction"":""maximize"",""objective"":""composite = Sharpe * (Return% / MaxDD%)""}","{""macd_fast"":16,""macd_slow"":25,""macd_signal"":8,""allowshort"":false}",2014-01-01,2024-12-31,2025-01-01,2026-04-20,2014-01-01,2026-04-20,184.0,92.0,40.0,52.0,43.48,588093.38,-240806.39,21.87,,41.38,4038385.2000000007,-2020750.0,1100.18,0.97,1.02,0.0171,0.04,18.0,9.0,5.0,3.0,55.56,103110.0,-25884.67,23.22,,9.35,326832.0,-49195.19999999985,43.79,1.44,1.52,0.0105,0.16,202.0,101.0,46.0,54.0,45.54,780883.85,-252660.0,22.51,,41.38,5296783.0,-2020750.0,2227.7,1.09,1.15,0.0165,0.04
PLZL,macd,1D,Bayesian_TPE,47,17.935,19,38,10,False,860.81,0.888,0.914,42.62,75,41.33,False,"{""sampler"":""TPESampler"",""seed"":42,""n_trials"":50,""direction"":""maximize"",""objective"":""composite = Sharpe * (Return% / MaxDD%)""}","{""macd_fast"":19,""macd_slow"":38,""macd_signal"":10,""allowshort"":false}",2014-01-01,2024-12-31,2025-01-01,2026-04-20,2014-01-01,2026-04-20,151.0,75.0,31.0,44.0,41.33,683679.72,-286045.2,26.45,,42.62,4206462.4,-2099350.0,860.81,0.89,0.91,0.0174,0.04,13.0,7.0,5.0,2.0,71.43,191456.42,-39336.5,36.43,,10.68,345460.5,-59353.000000000065,87.86,2.21,2.63,0.0116,0.24,164.0,82.0,36.0,46.0,43.9,844511.24,-290051.73,27.3,,42.62,4206462.4,-2099350.0,1706.0,1.0,1.03,0.0167,0.04
PLZL,macd,1D,Bayesian_TPE,48,49.514,10,30,5,False,1783.82,1.125,1.205,40.53,121,44.63,False,"{""sampler"":""TPESampler"",""seed"":42,""n_trials"":50,""direction"":""maximize"",""objective"":""composite = Sharpe * (Return% / MaxDD%)""}","{""macd_fast"":10,""macd_slow"":30,""macd_signal"":5,""allowshort"":false}",2014-01-01,2024-12-31,2025-01-01,2026-04-20,2014-01-01,2026-04-20,242.0,121.0,54.0,67.0,44.63,662490.24,-267706.1,16.69,,40.53,4848622.800000001,-2929250.0,1783.82,1.12,1.21,0.0171,0.05,34.0,17.0,10.0,7.0,58.82,43247.26,-24929.14,12.18,,10.78,118696.20000000008,-41837.59999999987,25.8,0.97,1.02,0.0101,0.09,276.0,138.0,64.0,74.0,46.38,829324.97,-301919.79,16.5,,40.53,6391391.900000002,-2929250.0,3073.47,1.18,1.27,0.0164,0.05
PLZL,macd,1D,Bayesian_TPE,49,16.968,6,48,6,True,1070.04,0.81,1.117,51.08,262,38.17,True,"{""sampler"":""TPESampler"",""seed"":42,""n_trials"":50,""direction"":""maximize"",""objective"":""composite = Sharpe * (Return% / MaxDD%)""}","{""macd_fast"":6,""macd_slow"":48,""macd_signal"":6,""allowshort"":true}",2014-01-01,2024-12-31,2025-01-01,2026-04-20,2014-01-01,2026-04-20,262.0,262.0,100.0,161.0,38.17,416827.46,-192436.75,15.25,,51.08,3195456.0000000005,-2516787.600000001,1070.04,0.81,1.12,0.0224,0.04,44.0,44.0,16.0,28.0,36.36,55302.64,-24170.3,9.66,,23.59,148264.20000000013,-58508.79999999996,20.81,0.6,0.89,0.0154,0.04,306.0,306.0,116.0,189.0,37.91,513058.84,-220050.46,14.61,,51.08,3969360.800000001,-2516787.600000001,1792.53,0.85,1.18,0.0217,0.04
GMKN,macd,1D,Bayesian_TPE,0,0.203,10,49,13,True,-68.43,-0.228,-0.334,76.83,173,36.99,True,"{""sampler"":""TPESampler"",""seed"":42,""n_trials"":50,""direction"":""maximize"",""objective"":""composite = Sharpe * (Return% / MaxDD%)""}","{""macd_fast"":10,""macd_slow"":49,""macd_signal"":13,""allowshort"":true}",2014-01-01,2024-12-31,2025-01-01,2026-04-20,2014-01-01,2026-04-20,173.0,173.0,64.0,108.0,36.99,25429.43,-21405.43,23.14,,76.83,147999.24000000002,-60710.0,-68.43,-0.23,-0.33,0.0179,-0.01,28.0,28.0,6.0,22.0,21.43,102170.66,-31755.45,15.71,,43.07,161971.19999999987,-82839.39999999998,-8.56,-0.03,-0.05,0.019,-0.0,201.0,201.0,70.0,130.0,34.83,26190.76,-19520.56,22.28,,78.71,147999.24000000002,-60710.0,-70.43,-0.19,-0.28,0.0182,-0.0
GMKN,macd,1D,Bayesian_TPE,1,0.481,7,21,14,False,49.88,0.287,0.269,29.77,112,37.5,False,"{""sampler"":""TPESampler"",""seed"":42,""n_trials"":50,""direction"":""maximize"",""objective"":""composite = Sharpe * (Return% / MaxDD%)""}","{""macd_fast"":7,""macd_slow"":21,""macd_signal"":14,""allowshort"":false}",2014-01-01,2024-12-31,2025-01-01,2026-04-20,2014-01-01,2026-04-20,223.0,112.0,42.0,70.0,37.5,78983.42,-40264.88,17.83,,29.77,281805.24,-172311.16,49.88,0.29,0.27,0.0124,0.01,34.0,17.0,6.0,11.0,35.29,67234.97,-24176.62,12.82,,17.58,144342.0,-75548.69999999995,13.75,0.46,0.52,0.0142,0.04,257.0,129.0,48.0,81.0,37.21,83209.16,-39886.44,17.39,,29.77,281805.24,-172311.16,76.32,0.32,0.31,0.0128,0.01
GMKN,macd,1D,Bayesian_TPE,2,0.102,5,50,14,True,24.87,0.214,0.305,52.18,221,33.94,True,"{""sampler"":""TPESampler"",""seed"":42,""n_trials"":50,""direction"":""maximize"",""objective"":""composite = Sharpe * (Return% / MaxDD%)""}","{""macd_fast"":5,""macd_slow"":50,""macd_signal"":14,""allowshort"":true}",2014-01-01,2024-12-31,2025-01-01,2026-04-20,2014-01-01,2026-04-20,221.0,221.0,75.0,146.0,33.94,57276.94,-27719.42,18.12,,52.18,243223.6,-140869.19999999995,24.87,0.21,0.31,0.0179,0.01,32.0,32.0,10.0,22.0,31.25,59102.2,-28555.53,13.91,,39.77,133295.7600000001,-91248.63999999996,-3.72,0.07,0.11,0.019,0.0,253.0,253.0,85.0,168.0,33.6,60491.97,-29012.9,17.7,,52.18,243223.6,-140869.19999999995,26.76,0.21,0.3,0.0181,0.01
GMKN,macd,1D,Bayesian_TPE,3,-0.02,7,29,10,True,-20.32,0.071,0.096,72.72,233,36.91,True,"{""sampler"":""TPESampler"",""seed"":42,""n_trials"":50,""direction"":""maximize"",""objective"":""composite = Sharpe * (Return% / MaxDD%)""}","{""macd_fast"":7,""macd_slow"":29,""macd_signal"":10,""allowshort"":true}",2014-01-01,2024-12-31,2025-01-01,2026-04-20,2014-01-01,2026-04-20,233.0,233.0,86.0,147.0,36.91,33479.08,-20968.87,17.18,,72.72,210295.02,-134129.5799999999,-20.32,0.07,0.1,0.018,0.0,36.0,36.0,11.0,24.0,30.56,62404.1,-26277.31,12.42,,28.22,170527.68,-83081.69999999994,5.58,0.26,0.38,0.0189,0.02,269.0,269.0,97.0,171.0,36.06,35795.84,-21065.08,16.65,,72.72,210295.02,-134129.5799999999,-12.99,0.11,0.15,0.0182,0.0
GMKN,macd,1D,Bayesian_TPE,4,0.31,14,24,8,False,40.58,0.257,0.244,33.67,102,40.2,False,"{""sampler"":""TPESampler"",""seed"":42,""n_trials"":50,""direction"":""maximize"",""objective"":""composite = Sharpe * (Return% / MaxDD%)""}","{""macd_fast"":14,""macd_slow"":24,""macd_signal"":8,""allowshort"":false}",2014-01-01,2024-12-31,2025-01-01,2026-04-20,2014-01-01,2026-04-20,203.0,102.0,41.0,61.0,40.2,76264.61,-44606.68,19.85,,33.67,298477.44,-182512.54,40.58,0.26,0.24,0.0124,0.01,34.0,17.0,6.0,11.0,35.29,57832.24,-28981.44,13.18,,22.58,134821.5,-72661.1199999999,2.82,0.19,0.21,0.0143,0.01,237.0,119.0,47.0,72.0,39.5,78896.09,-44323.68,19.14,,33.67,298477.44,-182512.54,51.68,0.27,0.26,0.0128,0.01
GMKN,macd,1D,Bayesian_TPE,5,0.019,17,26,10,True,-41.11,-0.027,-0.039,57.85,169,38.46,True,"{""sampler"":""TPESampler"",""seed"":42,""n_trials"":50,""direction"":""maximize"",""objective"":""composite = Sharpe * (Return% / MaxDD%)""}","{""macd_fast"":17,""macd_slow"":26,""macd_signal"":10,""allowshort"":true}",2014-01-01,2024-12-31,2025-01-01,2026-04-20,2014-01-01,2026-04-20,169.0,169.0,65.0,103.0,38.46,41816.76,-30380.5,23.69,,57.85,194416.75999999995,-115300.19999999995,-41.11,-0.03,-0.04,0.018,-0.0,26.0,26.0,8.0,18.0,30.77,75175.29,-31060.94,17.04,,33.62,133481.60000000012,-85678.1799999999,4.23,0.23,0.34,0.019,0.01,195.0,195.0,73.0,121.0,37.44,42720.51,-28715.83,22.97,,57.85,194416.75999999995,-115300.19999999995,-35.6,0.02,0.03,0.0182,0.0
GMKN,macd,1D,Bayesian_TPE,6,0.647,14,25,5,False,63.51,0.327,0.307,32.1,123,37.4,False,"{""sampler"":""TPESampler"",""seed"":42,""n_trials"":50,""direction"":""maximize"",""objective"":""composite = Sharpe * (Return% / MaxDD%)""}","{""macd_fast"":14,""macd_slow"":25,""macd_signal"":5,""allowshort"":false}",2014-01-01,2024-12-31,2025-01-01,2026-04-20,2014-01-01,2026-04-20,245.0,123.0,46.0,77.0,37.4,81258.54,-40295.9,16.44,,32.1,327347.57999999996,-190092.07,63.51,0.33,0.31,0.0125,0.01,36.0,18.0,7.0,11.0,38.89,39558.47,-19571.2,11.94,,18.87,112434.08,-49825.800000000054,6.16,0.28,0.3,0.0138,0.02,281.0,141.0,53.0,88.0,37.59,80419.98,-39396.25,16.06,,32.1,327347.57999999996,-190092.07,79.54,0.33,0.32,0.0127,0.01
GMKN,macd,1D,Bayesian_TPE,7,0.057,17,29,6,True,17.55,0.194,0.278,59.69,199,35.68,True,"{""sampler"":""TPESampler"",""seed"":42,""n_trials"":50,""direction"":""maximize"",""objective"":""composite = Sharpe * (Return% / MaxDD%)""}","{""macd_fast"":17,""macd_slow"":29,""macd_signal"":6,""allowshort"":true}",2014-01-01,2024-12-31,2025-01-01,2026-04-20,2014-01-01,2026-04-20,199.0,199.0,71.0,127.0,35.68,51197.26,-27239.82,20.12,,59.69,212545.44,-138641.7599999999,17.55,0.19,0.28,0.0179,0.01,36.0,36.0,10.0,26.0,27.78,64361.77,-27033.07,12.39,,37.34,161522.27999999997,-81971.99999999994,-5.92,0.03,0.04,0.019,0.0,235.0,235.0,81.0,153.0,34.47,55394.25,-28277.54,19.06,,59.69,212545.44,-138641.7599999999,16.05,0.18,0.27,0.0181,0.01
GMKN,macd,1D,Bayesian_TPE,8,0.685,6,35,5,True,111.19,0.383,0.525,62.15,309,40.13,True,"{""sampler"":""TPESampler"",""seed"":42,""n_trials"":50,""direction"":""maximize"",""objective"":""composite = Sharpe * (Return% / MaxDD%)""}","{""macd_fast"":6,""macd_slow"":35,""macd_signal"":5,""allowshort"":true}",2014-01-01,2024-12-31,2025-01-01,2026-04-20,2014-01-01,2026-04-20,309.0,309.0,124.0,185.0,40.13,55817.87,-31402.64,12.96,,62.15,258308.6999999999,-170791.39999999997,111.19,0.38,0.52,0.0181,0.01,46.0,46.0,19.0,27.0,41.3,38441.81,-24181.96,9.72,,21.31,134101.44000000003,-85083.64000000012,7.75,0.3,0.43,0.0191,0.03,355.0,355.0,143.0,212.0,40.28,60065.3,-34130.73,12.62,,62.15,292945.1800000001,-185848.80000000025,135.36,0.38,0.53,0.0183,0.01
GMKN,macd,1D,Bayesian_TPE,9,0.064,15,29,10,True,-49.81,-0.078,-0.112,61.07,171,37.43,True,"{""sampler"":""TPESampler"",""seed"":42,""n_trials"":50,""direction"":""maximize"",""objective"":""composite = Sharpe * (Return% / MaxDD%)""}","{""macd_fast"":15,""macd_slow"":29,""macd_signal"":10,""allowshort"":true}",2014-01-01,2024-12-31,2025-01-01,2026-04-20,2014-01-01,2026-04-20,171.0,171.0,64.0,106.0,37.43,38591.18,-27999.13,23.42,,61.07,194416.75999999995,-115300.19999999995,-49.81,-0.08,-0.11,0.018,-0.0,26.0,26.0,8.0,18.0,30.77,76123.52,-30800.16,17.08,,33.79,135062.80000000013,-88272.47999999991,5.46,0.26,0.38,0.019,0.01,197.0,197.0,72.0,124.0,36.55,39253.3,-26319.81,22.74,,61.07,194416.75999999995,-115300.19999999995,-43.74,-0.01,-0.02,0.0182,-0.0
GMKN,macd,1D,Bayesian_TPE,10,0.021,20,41,7,False,6.91,0.13,0.132,42.47,87,39.08,False,"{""sampler"":""TPESampler"",""seed"":42,""n_trials"":50,""direction"":""maximize"",""objective"":""composite = Sharpe * (Return% / MaxDD%)""}","{""macd_fast"":20,""macd_slow"":41,""macd_signal"":7,""allowshort"":false}",2014-01-01,2024-12-31,2025-01-01,2026-04-20,2014-01-01,2026-04-20,173.0,87.0,34.0,53.0,39.08,72254.76,-45048.43,23.13,,42.47,236002.5000000001,-132481.60000000006,6.91,0.13,0.13,0.0125,0.0,32.0,16.0,4.0,12.0,25.0,91131.16,-32701.66,13.44,,31.88,190048.59999999992,-59833.67999999994,-2.79,0.04,0.04,0.0143,0.0,205.0,103.0,38.0,65.0,36.89,75835.32,-43342.57,21.96,,48.89,236002.5000000001,-132481.60000000006,6.45,0.13,0.13,0.0128,0.0
GMKN,macd,1D,Bayesian_TPE,11,0.219,11,37,5,False,33.02,0.232,0.217,35.0,128,36.72,False,"{""sampler"":""TPESampler"",""seed"":42,""n_trials"":50,""direction"":""maximize"",""objective"":""composite = Sharpe * (Return% / MaxDD%)""}","{""macd_fast"":11,""macd_slow"":37,""macd_signal"":5,""allowshort"":false}",2014-01-01,2024-12-31,2025-01-01,2026-04-20,2014-01-01,2026-04-20,255.0,128.0,47.0,81.0,36.72,74396.94,-39092.12,15.86,,35.0,313076.88,-191442.72,33.02,0.23,0.22,0.0124,0.01,38.0,19.0,10.0,9.0,52.63,37290.54,-29077.77,11.37,,20.92,114842.72,-73013.39999999995,11.12,0.4,0.44,0.014,0.03,293.0,147.0,57.0,90.0,38.78,71145.77,-39183.43,15.47,,35.0,313076.88,-191442.72,52.88,0.27,0.26,0.0127,0.01
GMKN,macd,1D,Bayesian_TPE,12,0.249,11,36,5,False,36.05,0.243,0.227,35.21,128,36.72,False,"{""sampler"":""TPESampler"",""seed"":42,""n_trials"":50,""direction"":""maximize"",""objective"":""composite = Sharpe * (Return% / MaxDD%)""}","{""macd_fast"":11,""macd_slow"":36,""macd_signal"":5,""allowshort"":false}",2014-01-01,2024-12-31,2025-01-01,2026-04-20,2014-01-01,2026-04-20,255.0,128.0,47.0,81.0,36.72,76072.73,-39690.0,15.87,,35.21,312896.64,-191331.49,36.05,0.24,0.23,0.0124,0.01,38.0,19.0,9.0,10.0,47.37,40358.12,-27451.4,11.26,,20.92,114842.72,-73013.39999999995,8.87,0.34,0.38,0.014,0.02,293.0,147.0,56.0,91.0,38.1,73806.98,-39573.49,15.46,,35.21,312896.64,-191331.49,53.2,0.27,0.26,0.0127,0.01
GMKN,macd,1D,Bayesian_TPE,13,0.805,9,42,8,False,75.25,0.362,0.367,33.82,107,36.45,False,"{""sampler"":""TPESampler"",""seed"":42,""n_trials"":50,""direction"":""maximize"",""objective"":""composite = Sharpe * (Return% / MaxDD%)""}","{""macd_fast"":9,""macd_slow"":42,""macd_signal"":8,""allowshort"":false}",2014-01-01,2024-12-31,2025-01-01,2026-04-20,2014-01-01,2026-04-20,213.0,107.0,39.0,68.0,36.45,99357.11,-45917.88,19.13,,33.82,318505.4400000002,-178762.5,75.25,0.36,0.37,0.0122,0.01,34.0,17.0,6.0,11.0,35.29,69348.89,-26752.48,12.94,,19.78,155441.2800000001,-75572.99999999994,12.18,0.42,0.47,0.0143,0.03,247.0,124.0,45.0,79.0,36.29,105036.61,-46374.67,18.52,,33.82,318505.4400000002,-178762.5,106.3,0.39,0.4,0.0126,0.01
GMKN,macd,1D,Bayesian_TPE,14,0.017,7,43,8,True,5.88,0.16,0.226,55.63,239,36.82,True,"{""sampler"":""TPESampler"",""seed"":42,""n_trials"":50,""direction"":""maximize"",""objective"":""composite = Sharpe * (Return% / MaxDD%)""}","{""macd_fast"":7,""macd_slow"":43,""macd_signal"":8,""allowshort"":true}",2014-01-01,2024-12-31,2025-01-01,2026-04-20,2014-01-01,2026-04-20,239.0,239.0,88.0,151.0,36.82,42603.93,-24439.19,16.75,,55.63,234785.13,-149749.7699999999,5.88,0.16,0.23,0.0179,0.01,38.0,38.0,14.0,23.0,36.84,50229.38,-28130.77,11.76,,29.99,167590.07999999996,-82676.69999999994,5.62,0.26,0.38,0.0189,0.02,277.0,277.0,102.0,174.0,36.82,44662.49,-25280.95,16.17,,55.63,234785.13,-149749.7699999999,15.67,0.18,0.26,0.0181,0.01
GMKN,macd,1D,Bayesian_TPE,15,0.045,9,44,12,False,12.68,0.155,0.154,43.44,95,36.84,False,"{""sampler"":""TPESampler"",""seed"":42,""n_trials"":50,""direction"":""maximize"",""objective"":""composite = Sharpe * (Return% / MaxDD%)""}","{""macd_fast"":9,""macd_slow"":44,""macd_signal"":12,""allowshort"":false}",2014-01-01,2024-12-31,2025-01-01,2026-04-20,2014-01-01,2026-04-20,189.0,95.0,35.0,60.0,36.84,83307.21,-46481.78,21.31,,43.44,326000.6999999999,-193230.4399999999,12.68,0.15,0.15,0.0125,0.0,30.0,15.0,5.0,10.0,33.33,74415.72,-30044.48,14.87,,27.98,174040.01999999993,-81742.55999999991,7.16,0.3,0.34,0.0144,0.02,219.0,110.0,40.0,70.0,36.36,85276.84,-44915.86,20.72,,46.05,326000.6999999999,-193230.4399999999,26.7,0.19,0.2,0.0128,0.01
GMKN,macd,1D,Bayesian_TPE,16,0.056,5,33,8,True,18.84,0.199,0.272,66.45,279,37.63,True,"{""sampler"":""TPESampler"",""seed"":42,""n_trials"":50,""direction"":""maximize"",""objective"":""composite = Sharpe * (Return% / MaxDD%)""}","{""macd_fast"":5,""macd_slow"":33,""macd_signal"":8,""allowshort"":true}",2014-01-01,2024-12-31,2025-01-01,2026-04-20,2014-01-01,2026-04-20,279.0,279.0,105.0,174.0,37.63,43977.46,-25455.12,14.35,,66.45,152118.9000000001,-139406.79999999996,18.84,0.2,0.27,0.0181,0.01,36.0,36.0,18.0,18.0,50.0,38870.61,-29290.91,12.42,,20.92,146475.4,-77175.3600000001,17.24,0.47,0.65,0.0191,0.04,315.0,315.0,123.0,192.0,39.05,44865.57,-26444.15,14.22,,66.45,180053.12,-139406.79999999996,44.12,0.25,0.34,0.0183,0.01
GMKN,macd,1D,Bayesian_TPE,17,0.46,8,39,7,False,51.74,0.294,0.276,33.04,126,38.1,False,"{""sampler"":""TPESampler"",""seed"":42,""n_trials"":50,""direction"":""maximize"",""objective"":""composite = Sharpe * (Return% / MaxDD%)""}","{""macd_fast"":8,""macd_slow"":39,""macd_signal"":7,""allowshort"":false}",2014-01-01,2024-12-31,2025-01-01,2026-04-20,2014-01-01,2026-04-20,251.0,126.0,48.0,78.0,38.1,82658.57,-44232.91,15.98,,33.04,313076.88,-191442.72,51.74,0.29,0.28,0.0123,0.01,38.0,19.0,10.0,9.0,52.63,35555.13,-28779.8,11.26,,20.74,113314.16,-73013.39999999995,9.65,0.36,0.4,0.014,0.02,289.0,145.0,58.0,87.0,40.0,78925.58,-44329.85,15.56,,33.04,313076.88,-191442.72,72.1,0.32,0.31,0.0126,0.01
GMKN,macd,1D,Bayesian_TPE,18,0.04,12,45,9,False,11.47,0.149,0.149,42.33,94,37.23,False,"{""sampler"":""TPESampler"",""seed"":42,""n_trials"":50,""direction"":""maximize"",""objective"":""composite = Sharpe * (Return% / MaxDD%)""}","{""macd_fast"":12,""macd_slow"":45,""macd_signal"":9,""allowshort"":false}",2014-01-01,2024-12-31,2025-01-01,2026-04-20,2014-01-01,2026-04-20,187.0,94.0,35.0,59.0,37.23,79860.82,-45430.65,21.52,,42.33,267981.5399999999,-184573.99999999988,11.47,0.15,0.15,0.0124,0.0,28.0,14.0,5.0,9.0,35.71,74972.56,-31849.36,15.79,,28.09,176741.93999999994,-83225.69999999997,8.82,0.34,0.39,0.0144,0.02,215.0,108.0,40.0,68.0,37.04,82208.48,-44347.8,21.07,,45.07,267981.5399999999,-184573.99999999988,27.27,0.2,0.2,0.0128,0.01
GMKN,macd,1D,Bayesian_TPE,19,0.7,5,33,6,True,113.02,0.385,0.528,62.15,313,39.94,True,"{""sampler"":""TPESampler"",""seed"":42,""n_trials"":50,""direction"":""maximize"",""objective"":""composite = Sharpe * (Return% / MaxDD%)""}","{""macd_fast"":5,""macd_slow"":33,""macd_signal"":6,""allowshort"":true}",2014-01-01,2024-12-31,2025-01-01,2026-04-20,2014-01-01,2026-04-20,313.0,313.0,125.0,188.0,39.94,60415.76,-34158.44,12.79,,62.15,294965.8799999999,-190416.6,113.02,0.39,0.53,0.018,0.01,44.0,44.0,18.0,26.0,40.91,40358.22,-25881.12,10.16,,23.06,134101.44000000003,-82865.81999999999,5.35,0.26,0.36,0.0191,0.02,357.0,357.0,143.0,214.0,40.06,64515.03,-36936.53,12.55,,62.15,295483.32000000007,-190416.6,132.12,0.38,0.52,0.0182,0.01
GMKN,macd,1D,Bayesian_TPE,20,0.737,9,32,11,False,67.79,0.341,0.346,31.37,102,40.2,False,"{""sampler"":""TPESampler"",""seed"":42,""n_trials"":50,""direction"":""maximize"",""objective"":""composite = Sharpe * (Return% / MaxDD%)""}","{""macd_fast"":9,""macd_slow"":32,""macd_signal"":11,""allowshort"":false}",2014-01-01,2024-12-31,2025-01-01,2026-04-20,2014-01-01,2026-04-20,203.0,102.0,41.0,61.0,40.2,86538.43,-47051.53,19.81,,31.37,306011.8,-184880.15,67.79,0.34,0.35,0.0122,0.01,36.0,18.0,7.0,11.0,38.89,56978.96,-30047.62,12.56,,22.58,149039.04000000007,-72661.1199999999,6.83,0.29,0.33,0.0144,0.02,239.0,120.0,48.0,72.0,40.0,90274.1,-47946.27,18.97,,31.37,306011.8,-184880.15,88.1,0.35,0.37,0.0126,0.01
GMKN,macd,1D,Bayesian_TPE,21,0.485,9,31,12,False,55.44,0.305,0.31,34.84,98,39.8,False,"{""sampler"":""TPESampler"",""seed"":42,""n_trials"":50,""direction"":""maximize"",""objective"":""composite = Sharpe * (Return% / MaxDD%)""}","{""macd_fast"":9,""macd_slow"":31,""macd_signal"":12,""allowshort"":false}",2014-01-01,2024-12-31,2025-01-01,2026-04-20,2014-01-01,2026-04-20,195.0,98.0,39.0,59.0,39.8,90205.04,-50229.97,20.64,,34.84,323737.24999999994,-195605.9,55.44,0.3,0.31,0.0123,0.01,36.0,18.0,7.0,11.0,38.89,56975.48,-30431.71,12.44,,23.42,147433.92000000007,-83612.15999999992,6.41,0.28,0.32,0.0143,0.02,231.0,116.0,46.0,70.0,39.66,92525.74,-50174.46,19.63,,34.84,323737.24999999994,-195605.9,74.4,0.32,0.33,0.0127,0.01
GMKN,macd,1D,Bayesian_TPE,22,0.737,9,32,11,False,67.79,0.341,0.346,31.37,102,40.2,False,"{""sampler"":""TPESampler"",""seed"":42,""n_trials"":50,""direction"":""maximize"",""objective"":""composite = Sharpe * (Return% / MaxDD%)""}","{""macd_fast"":9,""macd_slow"":32,""macd_signal"":11,""allowshort"":false}",2014-01-01,2024-12-31,2025-01-01,2026-04-20,2014-01-01,2026-04-20,203.0,102.0,41.0,61.0,40.2,86538.43,-47051.53,19.81,,31.37,306011.8,-184880.15,67.79,0.34,0.35,0.0122,0.01,36.0,18.0,7.0,11.0,38.89,56978.96,-30047.62,12.56,,22.58,149039.04000000007,-72661.1199999999,6.83,0.29,0.33,0.0144,0.02,239.0,120.0,48.0,72.0,40.0,90274.1,-47946.27,18.97,,31.37,306011.8,-184880.15,88.1,0.35,0.37,0.0126,0.01
GMKN,macd,1D,Bayesian_TPE,23,0.334,9,39,11,False,45.25,0.273,0.279,36.95,100,38.0,False,"{""sampler"":""TPESampler"",""seed"":42,""n_trials"":50,""direction"":""maximize"",""objective"":""composite = Sharpe * (Return% / MaxDD%)""}","{""macd_fast"":9,""macd_slow"":39,""macd_signal"":11,""allowshort"":false}",2014-01-01,2024-12-31,2025-01-01,2026-04-20,2014-01-01,2026-04-20,199.0,100.0,38.0,62.0,38.0,91483.09,-48771.73,20.18,,36.95,323207.1,-195272.21,45.25,0.27,0.28,0.0123,0.01,32.0,16.0,6.0,10.0,37.5,60483.41,-30585.21,13.94,,25.56,143293.44000000006,-81742.55999999991,5.7,0.26,0.3,0.0143,0.01,231.0,116.0,44.0,72.0,37.93,93433.94,-48503.41,19.58,,36.95,323207.1,-195272.21,61.88,0.29,0.3,0.0127,0.01
GMKN,macd,1D,Bayesian_TPE,24,0.27,11,33,11,False,41.9,0.262,0.272,40.67,91,40.66,False,"{""sampler"":""TPESampler"",""seed"":42,""n_trials"":50,""direction"":""maximize"",""objective"":""composite = Sharpe * (Return% / MaxDD%)""}","{""macd_fast"":11,""macd_slow"":33,""macd_signal"":11,""allowshort"":false}",2014-01-01,2024-12-31,2025-01-01,2026-04-20,2014-01-01,2026-04-20,181.0,91.0,37.0,54.0,40.66,92942.5,-55924.36,22.29,,40.67,331021.04999999993,-200007.43,41.9,0.26,0.27,0.0122,0.01,34.0,17.0,6.0,11.0,35.29,58147.44,-29451.95,13.12,,27.24,140525.69999999998,-81742.55999999991,2.49,0.18,0.2,0.0143,0.01,215.0,108.0,43.0,65.0,39.81,93906.35,-53916.97,21.12,,42.55,331021.04999999993,-200007.43,53.34,0.27,0.29,0.0126,0.01
GMKN,macd,1D,Bayesian_TPE,25,0.052,13,46,9,False,13.92,0.16,0.163,43.2,92,38.04,False,"{""sampler"":""TPESampler"",""seed"":42,""n_trials"":50,""direction"":""maximize"",""objective"":""composite = Sharpe * (Return% / MaxDD%)""}","{""macd_fast"":13,""macd_slow"":46,""macd_signal"":9,""allowshort"":false}",2014-01-01,2024-12-31,2025-01-01,2026-04-20,2014-01-01,2026-04-20,183.0,92.0,35.0,57.0,38.04,79886.2,-46609.97,21.98,,43.2,288213.95999999996,-145377.60000000006,13.92,0.16,0.16,0.0126,0.0,24.0,12.0,5.0,7.0,41.67,79120.24,-40769.17,18.5,,27.82,212668.3999999999,-83225.69999999997,11.02,0.39,0.45,0.0146,0.02,207.0,104.0,40.0,64.0,38.46,83122.26,-46841.72,21.88,,47.23,288213.95999999996,-145377.60000000006,32.7,0.21,0.22,0.0129,0.01
GMKN,macd,1D,Bayesian_TPE,26,0.018,10,39,15,False,6.35,0.128,0.13,45.17,84,39.29,False,"{""sampler"":""TPESampler"",""seed"":42,""n_trials"":50,""direction"":""maximize"",""objective"":""composite = Sharpe * (Return% / MaxDD%)""}","{""macd_fast"":10,""macd_slow"":39,""macd_signal"":15,""allowshort"":false}",2014-01-01,2024-12-31,2025-01-01,2026-04-20,2014-01-01,2026-04-20,167.0,84.0,33.0,51.0,39.29,77969.62,-49205.83,23.98,,45.17,259288.08000000007,-136796.80000000008,6.35,0.13,0.13,0.0125,0.0,26.0,13.0,4.0,9.0,30.77,96380.78,-39706.86,16.85,,27.27,202913.79999999993,-61561.199999999946,2.82,0.19,0.21,0.0142,0.01,193.0,97.0,37.0,60.0,38.14,81587.01,-48312.72,23.38,,49.89,259288.08000000007,-136796.80000000008,12.0,0.15,0.15,0.0128,0.0
GMKN,macd,1D,Bayesian_TPE,27,0.266,8,31,11,False,37.52,0.247,0.235,34.88,105,38.1,False,"{""sampler"":""TPESampler"",""seed"":42,""n_trials"":50,""direction"":""maximize"",""objective"":""composite = Sharpe * (Return% / MaxDD%)""}","{""macd_fast"":8,""macd_slow"":31,""macd_signal"":11,""allowshort"":false}",2014-01-01,2024-12-31,2025-01-01,2026-04-20,2014-01-01,2026-04-20,209.0,105.0,40.0,65.0,38.1,77944.67,-42193.53,19.32,,34.88,294985.29000000004,-180383.28,37.52,0.25,0.23,0.0125,0.01,34.0,17.0,6.0,11.0,35.29,58406.7,-27360.59,12.94,,21.46,136768.5,-75070.79999999994,4.95,0.24,0.27,0.0142,0.02,243.0,122.0,46.0,76.0,37.7,80247.19,-41801.4,18.67,,34.88,294985.29000000004,-180383.28,51.45,0.26,0.26,0.0128,0.01
GMKN,macd,1D,Bayesian_TPE,28,-0.008,12,47,12,False,-4.95,0.075,0.076,45.98,85,38.82,False,"{""sampler"":""TPESampler"",""seed"":42,""n_trials"":50,""direction"":""maximize"",""objective"":""composite = Sharpe * (Return% / MaxDD%)""}","{""macd_fast"":12,""macd_slow"":47,""macd_signal"":12,""allowshort"":false}",2014-01-01,2024-12-31,2025-01-01,2026-04-20,2014-01-01,2026-04-20,169.0,85.0,33.0,52.0,38.82,68576.1,-44472.2,23.54,,45.98,226636.4400000001,-117775.20000000006,-4.95,0.08,0.08,0.0124,0.0,22.0,11.0,4.0,7.0,36.36,96987.48,-38255.45,19.64,,21.72,220156.79999999984,-64232.99999999994,12.02,0.42,0.48,0.0142,0.03,191.0,96.0,37.0,59.0,38.54,71992.36,-43614.46,23.46,,45.98,226636.4400000001,-117775.20000000006,9.05,0.14,0.14,0.0128,0.0
GMKN,macd,1D,Bayesian_TPE,29,0.102,10,41,13,False,21.86,0.191,0.194,40.88,90,37.78,False,"{""sampler"":""TPESampler"",""seed"":42,""n_trials"":50,""direction"":""maximize"",""objective"":""composite = Sharpe * (Return% / MaxDD%)""}","{""macd_fast"":10,""macd_slow"":41,""macd_signal"":13,""allowshort"":false}",2014-01-01,2024-12-31,2025-01-01,2026-04-20,2014-01-01,2026-04-20,179.0,90.0,34.0,56.0,37.78,85018.56,-47715.65,22.34,,40.88,296162.1599999999,-155496.00000000006,21.86,0.19,0.19,0.0125,0.01,24.0,12.0,5.0,7.0,41.67,79240.16,-42266.07,18.67,,27.78,212758.9999999999,-83225.69999999997,10.03,0.37,0.43,0.0146,0.02,203.0,102.0,39.0,63.0,38.24,88644.4,-48417.99,22.23,,45.05,296162.1599999999,-155496.00000000006,40.68,0.23,0.25,0.0129,0.01
GMKN,macd,1D,Bayesian_TPE,30,0.722,8,27,9,False,63.59,0.328,0.306,28.87,116,37.93,False,"{""sampler"":""TPESampler"",""seed"":42,""n_trials"":50,""direction"":""maximize"",""objective"":""composite = Sharpe * (Return% / MaxDD%)""}","{""macd_fast"":8,""macd_slow"":27,""macd_signal"":9,""allowshort"":false}",2014-01-01,2024-12-31,2025-01-01,2026-04-20,2014-01-01,2026-04-20,231.0,116.0,44.0,72.0,37.93,82552.91,-41617.7,17.38,,28.87,287505.33,-175806.96,63.59,0.33,0.31,0.0124,0.01,36.0,18.0,7.0,11.0,38.89,45672.42,-22136.08,11.89,,17.22,113978.08,-75767.39999999995,7.62,0.31,0.34,0.0139,0.03,267.0,134.0,51.0,83.0,38.06,82928.31,-41065.78,16.85,,28.87,287505.33,-175806.96,82.09,0.34,0.32,0.0127,0.01
GMKN,macd,1D,Bayesian_TPE,31,0.722,8,27,9,False,63.59,0.328,0.306,28.87,116,37.93,False,"{""sampler"":""TPESampler"",""seed"":42,""n_trials"":50,""direction"":""maximize"",""objective"":""composite = Sharpe * (Return% / MaxDD%)""}","{""macd_fast"":8,""macd_slow"":27,""macd_signal"":9,""allowshort"":false}",2014-01-01,2024-12-31,2025-01-01,2026-04-20,2014-01-01,2026-04-20,231.0,116.0,44.0,72.0,37.93,82552.91,-41617.7,17.38,,28.87,287505.33,-175806.96,63.59,0.33,0.31,0.0124,0.01,36.0,18.0,7.0,11.0,38.89,45672.42,-22136.08,11.89,,17.22,113978.08,-75767.39999999995,7.62,0.31,0.34,0.0139,0.03,267.0,134.0,51.0,83.0,38.06,82928.31,-41065.78,16.85,,28.87,287505.33,-175806.96,82.09,0.34,0.32,0.0127,0.01
GMKN,macd,1D,Bayesian_TPE,32,0.42,9,22,9,False,46.37,0.276,0.262,30.48,122,38.52,False,"{""sampler"":""TPESampler"",""seed"":42,""n_trials"":50,""direction"":""maximize"",""objective"":""composite = Sharpe * (Return% / MaxDD%)""}","{""macd_fast"":9,""macd_slow"":22,""macd_signal"":9,""allowshort"":false}",2014-01-01,2024-12-31,2025-01-01,2026-04-20,2014-01-01,2026-04-20,243.0,122.0,47.0,75.0,38.52,76314.38,-41640.48,16.58,,30.48,286897.02,-175827.19999999995,46.37,0.28,0.26,0.0124,0.01,38.0,19.0,8.0,11.0,42.11,44975.64,-18473.05,11.42,,15.26,129728.99999999996,-51705.00000000005,15.66,0.51,0.56,0.0141,0.05,281.0,141.0,55.0,86.0,39.01,76030.9,-39891.53,16.09,,30.48,286897.02,-175827.19999999995,75.1,0.32,0.31,0.0127,0.01
GMKN,macd,1D,Bayesian_TPE,33,0.402,7,31,11,False,47.05,0.279,0.263,32.64,111,38.74,False,"{""sampler"":""TPESampler"",""seed"":42,""n_trials"":50,""direction"":""maximize"",""objective"":""composite = Sharpe * (Return% / MaxDD%)""}","{""macd_fast"":7,""macd_slow"":31,""macd_signal"":11,""allowshort"":false}",2014-01-01,2024-12-31,2025-01-01,2026-04-20,2014-01-01,2026-04-20,221.0,111.0,43.0,68.0,38.74,76510.77,-41462.62,18.13,,32.64,297463.59,-181892.83,47.05,0.28,0.26,0.0124,0.01,34.0,17.0,7.0,10.0,41.18,52326.13,-27975.22,12.65,,19.29,140547.0,-75548.69999999995,8.65,0.34,0.37,0.0142,0.02,255.0,128.0,50.0,78.0,39.06,77949.36,-41601.82,17.62,,32.64,297463.59,-181892.83,65.25,0.3,0.29,0.0127,0.01
GMKN,macd,1D,Bayesian_TPE,34,0.706,6,20,10,False,69.43,0.343,0.327,33.74,136,41.18,False,"{""sampler"":""TPESampler"",""seed"":42,""n_trials"":50,""direction"":""maximize"",""objective"":""composite = Sharpe * (Return% / MaxDD%)""}","{""macd_fast"":6,""macd_slow"":20,""macd_signal"":10,""allowshort"":false}",2014-01-01,2024-12-31,2025-01-01,2026-04-20,2014-01-01,2026-04-20,271.0,136.0,56.0,80.0,41.18,81153.48,-48128.27,14.99,,33.74,276311.2,-205917.89999999997,69.43,0.34,0.33,0.0126,0.01,36.0,18.0,8.0,10.0,44.44,45270.11,-18543.59,11.72,,18.87,119999.67999999998,-49825.800000000054,17.67,0.56,0.61,0.0139,0.04,307.0,154.0,64.0,90.0,41.56,81834.0,-46391.5,14.79,,33.74,276311.2,-205917.89999999997,106.21,0.39,0.38,0.0128,0.01
GMKN,macd,1D,Bayesian_TPE,35,0.381,10,27,13,False,49.22,0.285,0.292,36.77,93,40.86,False,"{""sampler"":""TPESampler"",""seed"":42,""n_trials"":50,""direction"":""maximize"",""objective"":""composite = Sharpe * (Return% / MaxDD%)""}","{""macd_fast"":10,""macd_slow"":27,""macd_signal"":13,""allowshort"":false}",2014-01-01,2024-12-31,2025-01-01,2026-04-20,2014-01-01,2026-04-20,185.0,93.0,38.0,55.0,40.86,92121.37,-54698.14,21.8,,36.77,330122.1,-199467.17,49.22,0.29,0.29,0.0123,0.01,40.0,20.0,7.0,13.0,35.0,50124.5,-28135.94,11.25,,27.24,140525.69999999998,-81742.55999999991,-1.49,0.07,0.08,0.0143,0.0,225.0,113.0,45.0,68.0,39.82,91861.78,-52704.09,20.19,,36.77,330122.1,-199467.17,54.99,0.27,0.29,0.0127,0.01
GMKN,macd,1D,Bayesian_TPE,36,0.781,6,23,7,False,75.34,0.357,0.345,34.45,155,40.0,False,"{""sampler"":""TPESampler"",""seed"":42,""n_trials"":50,""direction"":""maximize"",""objective"":""composite = Sharpe * (Return% / MaxDD%)""}","{""macd_fast"":6,""macd_slow"":23,""macd_signal"":7,""allowshort"":false}",2014-01-01,2024-12-31,2025-01-01,2026-04-20,2014-01-01,2026-04-20,309.0,155.0,62.0,93.0,40.0,78762.66,-44407.05,13.34,,34.45,302689.98000000016,-202820.89999999997,75.34,0.36,0.34,0.0126,0.01,40.0,20.0,9.0,11.0,45.0,42066.02,-23867.91,10.6,,18.32,121018.72,-64378.43999999999,11.6,0.41,0.46,0.014,0.03,349.0,175.0,71.0,104.0,40.57,79295.76,-44288.61,13.19,,34.45,302689.98000000016,-202820.89999999997,102.4,0.38,0.37,0.0129,0.01
GMKN,macd,1D,Bayesian_TPE,37,0.781,6,23,7,False,75.34,0.357,0.345,34.45,155,40.0,False,"{""sampler"":""TPESampler"",""seed"":42,""n_trials"":50,""direction"":""maximize"",""objective"":""composite = Sharpe * (Return% / MaxDD%)""}","{""macd_fast"":6,""macd_slow"":23,""macd_signal"":7,""allowshort"":false}",2014-01-01,2024-12-31,2025-01-01,2026-04-20,2014-01-01,2026-04-20,309.0,155.0,62.0,93.0,40.0,78762.66,-44407.05,13.34,,34.45,302689.98000000016,-202820.89999999997,75.34,0.36,0.34,0.0126,0.01,40.0,20.0,9.0,11.0,45.0,42066.02,-23867.91,10.6,,18.32,121018.72,-64378.43999999999,11.6,0.41,0.46,0.014,0.03,349.0,175.0,71.0,104.0,40.57,79295.76,-44288.61,13.19,,34.45,302689.98000000016,-202820.89999999997,102.4,0.38,0.37,0.0129,0.01
GMKN,macd,1D,Bayesian_TPE,38,0.781,6,23,7,False,75.34,0.357,0.345,34.45,155,40.0,False,"{""sampler"":""TPESampler"",""seed"":42,""n_trials"":50,""direction"":""maximize"",""objective"":""composite = Sharpe * (Return% / MaxDD%)""}","{""macd_fast"":6,""macd_slow"":23,""macd_signal"":7,""allowshort"":false}",2014-01-01,2024-12-31,2025-01-01,2026-04-20,2014-01-01,2026-04-20,309.0,155.0,62.0,93.0,40.0,78762.66,-44407.05,13.34,,34.45,302689.98000000016,-202820.89999999997,75.34,0.36,0.34,0.0126,0.01,40.0,20.0,9.0,11.0,45.0,42066.02,-23867.91,10.6,,18.32,121018.72,-64378.43999999999,11.6,0.41,0.46,0.014,0.03,349.0,175.0,71.0,104.0,40.57,79295.76,-44288.61,13.19,,34.45,302689.98000000016,-202820.89999999997,102.4,0.38,0.37,0.0129,0.01
GMKN,macd,1D,Bayesian_TPE,39,0.781,6,23,7,False,75.34,0.357,0.345,34.45,155,40.0,False,"{""sampler"":""TPESampler"",""seed"":42,""n_trials"":50,""direction"":""maximize"",""objective"":""composite = Sharpe * (Return% / MaxDD%)""}","{""macd_fast"":6,""macd_slow"":23,""macd_signal"":7,""allowshort"":false}",2014-01-01,2024-12-31,2025-01-01,2026-04-20,2014-01-01,2026-04-20,309.0,155.0,62.0,93.0,40.0,78762.66,-44407.05,13.34,,34.45,302689.98000000016,-202820.89999999997,75.34,0.36,0.34,0.0126,0.01,40.0,20.0,9.0,11.0,45.0,42066.02,-23867.91,10.6,,18.32,121018.72,-64378.43999999999,11.6,0.41,0.46,0.014,0.03,349.0,175.0,71.0,104.0,40.57,79295.76,-44288.61,13.19,,34.45,302689.98000000016,-202820.89999999997,102.4,0.38,0.37,0.0129,0.01
GMKN,macd,1D,Bayesian_TPE,40,1.011,6,24,6,False,90.41,0.395,0.381,35.34,167,39.52,False,"{""sampler"":""TPESampler"",""seed"":42,""n_trials"":50,""direction"":""maximize"",""objective"":""composite = Sharpe * (Return% / MaxDD%)""}","{""macd_fast"":6,""macd_slow"":24,""macd_signal"":6,""allowshort"":false}",2014-01-01,2024-12-31,2025-01-01,2026-04-20,2014-01-01,2026-04-20,333.0,167.0,66.0,101.0,39.52,83320.03,-45495.36,12.42,,35.34,324241.42,-225999.49999999997,90.41,0.39,0.38,0.0126,0.01,46.0,23.0,9.0,14.0,39.13,40204.6,-17562.15,9.13,,14.29,121018.72,-50314.88000000014,11.6,0.41,0.47,0.0138,0.04,379.0,190.0,75.0,115.0,39.47,85094.91,-44332.49,12.15,,35.34,324241.42,-225999.49999999997,128.39,0.42,0.42,0.0129,0.02
GMKN,macd,1D,Bayesian_TPE,41,1.17,5,24,6,False,97.73,0.413,0.396,34.51,175,40.0,False,"{""sampler"":""TPESampler"",""seed"":42,""n_trials"":50,""direction"":""maximize"",""objective"":""composite = Sharpe * (Return% / MaxDD%)""}","{""macd_fast"":5,""macd_slow"":24,""macd_signal"":6,""allowshort"":false}",2014-01-01,2024-12-31,2025-01-01,2026-04-20,2014-01-01,2026-04-20,349.0,175.0,70.0,105.0,40.0,82853.91,-45928.64,11.67,,34.51,333848.4599999999,-226830.79999999996,97.73,0.41,0.4,0.0126,0.02,42.0,21.0,9.0,12.0,42.86,35775.6,-21960.13,9.95,,14.29,109336.63999999984,-50016.260000000024,5.85,0.27,0.29,0.0134,0.03,391.0,196.0,79.0,117.0,40.31,83948.98,-46004.74,11.62,,34.51,333848.4599999999,-226830.79999999996,124.94,0.42,0.41,0.0128,0.02
GMKN,macd,1D,Bayesian_TPE,42,1.071,5,25,6,False,93.06,0.402,0.385,34.92,175,39.43,False,"{""sampler"":""TPESampler"",""seed"":42,""n_trials"":50,""direction"":""maximize"",""objective"":""composite = Sharpe * (Return% / MaxDD%)""}","{""macd_fast"":5,""macd_slow"":25,""macd_signal"":6,""allowshort"":false}",2014-01-01,2024-12-31,2025-01-01,2026-04-20,2014-01-01,2026-04-20,349.0,175.0,69.0,106.0,39.43,83438.32,-45534.07,11.65,,34.92,332168.33999999985,-225200.79999999996,93.06,0.4,0.39,0.0126,0.01,44.0,22.0,9.0,13.0,40.91,39495.63,-18232.52,9.55,,14.29,121296.63999999998,-50427.52000000015,11.84,0.42,0.47,0.0138,0.04,393.0,197.0,78.0,119.0,39.59,85118.72,-44692.98,11.54,,34.92,332168.33999999985,-225200.79999999996,132.08,0.43,0.42,0.0128,0.02
GMKN,macd,1D,Bayesian_TPE,43,1.071,5,25,6,False,93.06,0.402,0.385,34.92,175,39.43,False,"{""sampler"":""TPESampler"",""seed"":42,""n_trials"":50,""direction"":""maximize"",""objective"":""composite = Sharpe * (Return% / MaxDD%)""}","{""macd_fast"":5,""macd_slow"":25,""macd_signal"":6,""allowshort"":false}",2014-01-01,2024-12-31,2025-01-01,2026-04-20,2014-01-01,2026-04-20,349.0,175.0,69.0,106.0,39.43,83438.32,-45534.07,11.65,,34.92,332168.33999999985,-225200.79999999996,93.06,0.4,0.39,0.0126,0.01,44.0,22.0,9.0,13.0,40.91,39495.63,-18232.52,9.55,,14.29,121296.63999999998,-50427.52000000015,11.84,0.42,0.47,0.0138,0.04,393.0,197.0,78.0,119.0,39.59,85118.72,-44692.98,11.54,,34.92,332168.33999999985,-225200.79999999996,132.08,0.43,0.42,0.0128,0.02
GMKN,macd,1D,Bayesian_TPE,44,1.383,5,20,6,False,106.49,0.432,0.419,33.26,183,40.44,False,"{""sampler"":""TPESampler"",""seed"":42,""n_trials"":50,""direction"":""maximize"",""objective"":""composite = Sharpe * (Return% / MaxDD%)""}","{""macd_fast"":5,""macd_slow"":20,""macd_signal"":6,""allowshort"":false}",2014-01-01,2024-12-31,2025-01-01,2026-04-20,2014-01-01,2026-04-20,365.0,183.0,74.0,109.0,40.44,83951.32,-47224.35,11.17,,33.26,330380.5199999999,-240913.99999999997,106.49,0.43,0.42,0.0126,0.02,50.0,25.0,10.0,15.0,40.0,34657.58,-24495.73,8.2,,18.28,84541.32000000004,-67927.64000000007,-2.09,0.04,0.05,0.0133,0.0,415.0,208.0,84.0,124.0,40.38,84953.43,-48088.58,10.93,,33.26,340754.68000000005,-240913.99999999997,117.31,0.41,0.4,0.0128,0.02
GMKN,macd,1D,Bayesian_TPE,45,1.383,5,20,6,False,106.49,0.432,0.419,33.26,183,40.44,False,"{""sampler"":""TPESampler"",""seed"":42,""n_trials"":50,""direction"":""maximize"",""objective"":""composite = Sharpe * (Return% / MaxDD%)""}","{""macd_fast"":5,""macd_slow"":20,""macd_signal"":6,""allowshort"":false}",2014-01-01,2024-12-31,2025-01-01,2026-04-20,2014-01-01,2026-04-20,365.0,183.0,74.0,109.0,40.44,83951.32,-47224.35,11.17,,33.26,330380.5199999999,-240913.99999999997,106.49,0.43,0.42,0.0126,0.02,50.0,25.0,10.0,15.0,40.0,34657.58,-24495.73,8.2,,18.28,84541.32000000004,-67927.64000000007,-2.09,0.04,0.05,0.0133,0.0,415.0,208.0,84.0,124.0,40.38,84953.43,-48088.58,10.93,,33.26,340754.68000000005,-240913.99999999997,117.31,0.41,0.4,0.0128,0.02
GMKN,macd,1D,Bayesian_TPE,46,0.161,5,20,6,True,35.13,0.24,0.33,52.41,365,37.81,True,"{""sampler"":""TPESampler"",""seed"":42,""n_trials"":50,""direction"":""maximize"",""objective"":""composite = Sharpe * (Return% / MaxDD%)""}","{""macd_fast"":5,""macd_slow"":20,""macd_signal"":6,""allowshort"":true}",2014-01-01,2024-12-31,2025-01-01,2026-04-20,2014-01-01,2026-04-20,365.0,365.0,138.0,227.0,37.81,46948.09,-26993.7,10.97,,52.41,222568.2799999999,-166194.79999999996,35.13,0.24,0.33,0.0181,0.01,50.0,50.0,17.0,33.0,34.0,38727.93,-25350.07,9.0,,43.39,168060.40000000008,-88233.47999999998,-17.82,-0.24,-0.34,0.0191,-0.01,415.0,415.0,155.0,260.0,37.35,48620.08,-28240.6,10.79,,52.41,244082.50000000015,-166194.79999999996,19.36,0.19,0.27,0.0183,0.01
GMKN,macd,1D,Bayesian_TPE,47,1.512,5,21,5,False,114.6,0.448,0.436,33.96,192,40.1,False,"{""sampler"":""TPESampler"",""seed"":42,""n_trials"":50,""direction"":""maximize"",""objective"":""composite = Sharpe * (Return% / MaxDD%)""}","{""macd_fast"":5,""macd_slow"":21,""macd_signal"":5,""allowshort"":false}",2014-01-01,2024-12-31,2025-01-01,2026-04-20,2014-01-01,2026-04-20,383.0,192.0,77.0,115.0,40.1,84390.46,-46539.29,10.65,,33.96,328204.97999999986,-239215.49999999988,114.6,0.45,0.44,0.0127,0.02,62.0,31.0,13.0,18.0,41.94,33682.6,-26615.51,6.9,,24.68,90276.40000000004,-66854.60000000006,-4.12,-0.01,-0.01,0.0136,-0.0,445.0,223.0,90.0,133.0,40.36,81543.8,-47723.62,10.17,,33.96,328204.97999999986,-239215.49999999988,99.17,0.37,0.37,0.0128,0.01
GMKN,macd,1D,Bayesian_TPE,48,0.599,7,21,5,False,64.55,0.329,0.316,35.43,172,39.53,False,"{""sampler"":""TPESampler"",""seed"":42,""n_trials"":50,""direction"":""maximize"",""objective"":""composite = Sharpe * (Return% / MaxDD%)""}","{""macd_fast"":7,""macd_slow"":21,""macd_signal"":5,""allowshort"":false}",2014-01-01,2024-12-31,2025-01-01,2026-04-20,2014-01-01,2026-04-20,343.0,172.0,68.0,104.0,39.53,72373.37,-41114.03,11.95,,35.43,285685.0199999999,-203407.69999999995,64.55,0.33,0.32,0.0126,0.01,40.0,20.0,9.0,11.0,45.0,40288.57,-20050.49,10.55,,14.29,123473.67999999998,-51328.64000000015,14.2,0.48,0.54,0.0138,0.05,383.0,192.0,77.0,115.0,40.1,73841.28,-40573.45,11.93,,35.43,285685.0199999999,-203407.69999999995,101.98,0.38,0.37,0.0128,0.01
GMKN,macd,1D,Bayesian_TPE,49,0.276,5,21,5,True,47.7,0.269,0.369,46.53,383,37.86,True,"{""sampler"":""TPESampler"",""seed"":42,""n_trials"":50,""direction"":""maximize"",""objective"":""composite = Sharpe * (Return% / MaxDD%)""}","{""macd_fast"":5,""macd_slow"":21,""macd_signal"":5,""allowshort"":true}",2014-01-01,2024-12-31,2025-01-01,2026-04-20,2014-01-01,2026-04-20,383.0,383.0,145.0,238.0,37.86,46815.54,-26517.67,10.45,,46.53,222707.31999999995,-167156.69999999992,47.7,0.27,0.37,0.0181,0.01,62.0,62.0,21.0,41.0,33.87,32020.93,-23376.67,7.5,,49.35,140725.76000000013,-79413.41999999998,-28.6,-0.5,-0.71,0.0197,-0.02,445.0,445.0,166.0,279.0,37.3,46399.85,-27532.46,10.07,,49.35,222707.31999999995,-167156.69999999992,2.08,0.15,0.21,0.0183,0.01
VKCO,macd,1h,Bayesian_TPE,0,17.778,10,49,13,True,1595.98,0.479,0.592,43.0,584,41.95,True,"{""sampler"":""TPESampler"",""seed"":42,""n_trials"":50,""direction"":""maximize"",""objective"":""composite = Sharpe * (Return% / MaxDD%)""}","{""macd_fast"":10,""macd_slow"":49,""macd_signal"":13,""allowshort"":true}",2014-01-01,2024-12-31,2025-01-01,2026-04-20,2014-01-01,2026-04-20,584.0,584.0,245.0,336.0,41.95,201381.11,-99341.1,1.9,45.63,43.0,2887897.799999998,-770313.6000000006,1595.98,1.22,1.51,0.0108,0.03,417.0,417.0,151.0,263.0,36.21,19057.03,-10038.53,1.13,27.12,37.2,97036.79999999992,-68929.90000000007,23.75,0.35,0.46,0.0054,0.01,1001.0,1001.0,396.0,599.0,39.56,244769.33,-129098.25,1.58,38.0,43.0,2887897.799999998,-1147608.8000000012,1959.88,0.96,1.2,0.0091,0.02
VKCO,macd,1h,Bayesian_TPE,1,0.866,7,21,14,False,184.54,0.253,0.231,53.91,400,35.5,False,"{""sampler"":""TPESampler"",""seed"":42,""n_trials"":50,""direction"":""maximize"",""objective"":""composite = Sharpe * (Return% / MaxDD%)""}","{""macd_fast"":7,""macd_slow"":21,""macd_signal"":14,""allowshort"":false}",2014-01-01,2024-12-31,2025-01-01,2026-04-20,2014-01-01,2026-04-20,800.0,400.0,142.0,254.0,35.5,55978.34,-24029.81,1.48,35.41,53.91,389755.60000000015,-232362.19999999995,184.54,0.65,0.59,0.0083,0.01,562.0,281.0,89.0,190.0,31.67,20026.38,-9398.09,0.79,18.91,26.45,96520.19999999992,-70143.00000000007,-0.33,0.07,0.07,0.004,0.0,1362.0,681.0,231.0,444.0,33.92,55884.84,-25030.04,1.2,28.72,53.91,389755.60000000015,-232362.19999999995,179.61,0.48,0.44,0.007,0.01
VKCO,macd,1h,Bayesian_TPE,2,11.718,5,50,14,True,1404.85,0.462,0.563,55.39,748,38.9,True,"{""sampler"":""TPESampler"",""seed"":42,""n_trials"":50,""direction"":""maximize"",""objective"":""composite = Sharpe * (Return% / MaxDD%)""}","{""macd_fast"":5,""macd_slow"":50,""macd_signal"":14,""allowshort"":true}",2014-01-01,2024-12-31,2025-01-01,2026-04-20,2014-01-01,2026-04-20,748.0,748.0,291.0,453.0,38.9,143367.77,-61084.95,1.49,35.65,55.39,2651184.0,-485069.0,1404.85,1.18,1.43,0.0108,0.02,549.0,549.0,172.0,371.0,31.33,16441.73,-7852.39,0.86,20.6,28.99,79705.20000000011,-63257.80000000007,-8.53,0.01,0.01,0.0054,0.0,1297.0,1297.0,463.0,824.0,35.7,180282.02,-86042.83,1.22,29.35,55.39,2651184.0,-938612.400000001,1257.13,0.85,1.05,0.0091,0.01
VKCO,macd,1h,Bayesian_TPE,3,12.135,7,29,10,True,1453.55,0.465,0.574,55.7,852,37.44,True,"{""sampler"":""TPESampler"",""seed"":42,""n_trials"":50,""direction"":""maximize"",""objective"":""composite = Sharpe * (Return% / MaxDD%)""}","{""macd_fast"":7,""macd_slow"":29,""macd_signal"":10,""allowshort"":true}",2014-01-01,2024-12-31,2025-01-01,2026-04-20,2014-01-01,2026-04-20,852.0,852.0,319.0,520.0,37.44,154043.06,-66546.56,1.3,31.3,55.7,2073908.200000001,-563571.2000000005,1453.55,1.19,1.46,0.0109,0.02,584.0,584.0,201.0,377.0,34.42,16920.73,-9008.46,0.81,19.37,35.16,101079.99999999993,-69195.40000000008,0.49,0.11,0.15,0.0054,0.0,1436.0,1436.0,520.0,897.0,36.21,194862.66,-96840.77,1.1,26.51,55.7,2073908.200000001,-1064752.2000000011,1446.24,0.89,1.1,0.0091,0.01
VKCO,macd,1h,Bayesian_TPE,4,0.722,14,24,8,False,162.94,0.239,0.217,53.9,367,38.69,False,"{""sampler"":""TPESampler"",""seed"":42,""n_trials"":50,""direction"":""maximize"",""objective"":""composite = Sharpe * (Return% / MaxDD%)""}","{""macd_fast"":14,""macd_slow"":24,""macd_signal"":8,""allowshort"":false}",2014-01-01,2024-12-31,2025-01-01,2026-04-20,2014-01-01,2026-04-20,734.0,367.0,142.0,223.0,38.69,51551.01,-25519.4,1.59,38.16,53.9,363145.7999999999,-232362.19999999995,162.94,0.61,0.55,0.0083,0.01,508.0,254.0,77.0,175.0,30.31,22559.79,-9253.58,0.85,20.36,27.13,95514.89999999997,-66558.60000000008,11.77,0.25,0.23,0.0039,0.0,1242.0,621.0,219.0,398.0,35.27,53822.22,-24847.54,1.29,31.01,53.9,363145.7999999999,-232362.19999999995,189.77,0.5,0.45,0.0069,0.01
VKCO,macd,1h,Bayesian_TPE,5,64.343,17,26,10,True,4681.67,0.623,0.773,45.33,572,43.71,True,"{""sampler"":""TPESampler"",""seed"":42,""n_trials"":50,""direction"":""maximize"",""objective"":""composite = Sharpe * (Return% / MaxDD%)""}","{""macd_fast"":17,""macd_slow"":26,""macd_signal"":10,""allowshort"":true}",2014-01-01,2024-12-31,2025-01-01,2026-04-20,2014-01-01,2026-04-20,572.0,572.0,250.0,319.0,43.71,415267.04,-178683.7,1.94,46.62,45.33,8490777.0,-1537861.0,4681.67,1.59,1.97,0.0108,0.04,426.0,426.0,155.0,267.0,36.38,15225.77,-8984.43,1.11,26.55,42.29,81868.79999999989,-58962.80000000006,-3.88,0.06,0.08,0.0054,0.0,998.0,998.0,405.0,586.0,40.58,527656.52,-289408.76,1.59,38.14,45.33,8490777.0,-2767494.600000003,4410.74,1.16,1.46,0.0091,0.02
VKCO,macd,1h,Bayesian_TPE,6,1.703,14,25,5,False,242.28,0.292,0.297,41.53,444,34.46,False,"{""sampler"":""TPESampler"",""seed"":42,""n_trials"":50,""direction"":""maximize"",""objective"":""composite = Sharpe * (Return% / MaxDD%)""}","{""macd_fast"":14,""macd_slow"":25,""macd_signal"":5,""allowshort"":false}",2014-01-01,2024-12-31,2025-01-01,2026-04-20,2014-01-01,2026-04-20,888.0,444.0,153.0,287.0,34.46,67691.71,-27644.55,1.35,32.37,41.53,470155.4000000002,-188140.4000000001,242.28,0.74,0.76,0.008,0.01,624.0,312.0,93.0,217.0,29.81,18821.19,-8285.31,0.69,16.52,31.97,90500.40000000008,-68639.20000000007,-4.75,0.01,0.01,0.004,0.0,1512.0,756.0,246.0,504.0,32.54,66090.01,-27836.21,1.08,25.94,41.53,470155.4000000002,-232697.60000000027,222.87,0.54,0.54,0.0067,0.01
VKCO,macd,1h,Bayesian_TPE,7,18.799,17,29,6,True,2049.08,0.511,0.627,55.7,724,39.78,True,"{""sampler"":""TPESampler"",""seed"":42,""n_trials"":50,""direction"":""maximize"",""objective"":""composite = Sharpe * (Return% / MaxDD%)""}","{""macd_fast"":17,""macd_slow"":29,""macd_signal"":6,""allowshort"":true}",2014-01-01,2024-12-31,2025-01-01,2026-04-20,2014-01-01,2026-04-20,724.0,724.0,288.0,431.0,39.78,215596.31,-96521.9,1.53,36.83,55.7,3058890.399999999,-724802.0,2049.08,1.3,1.6,0.0109,0.03,512.0,512.0,178.0,330.0,34.77,18435.44,-9436.05,0.92,22.09,24.85,98244.29999999996,-66654.90000000007,16.76,0.28,0.38,0.0054,0.01,1236.0,1236.0,466.0,761.0,37.7,281817.55,-141376.69,1.28,30.8,55.7,3058890.399999999,-1412708.3000000014,2373.93,1.01,1.25,0.0091,0.02
VKCO,macd,1h,Bayesian_TPE,8,4.648,6,35,5,True,685.8,0.372,0.519,54.89,1282,34.56,True,"{""sampler"":""TPESampler"",""seed"":42,""n_trials"":50,""direction"":""maximize"",""objective"":""composite = Sharpe * (Return% / MaxDD%)""}","{""macd_fast"":6,""macd_slow"":35,""macd_signal"":5,""allowshort"":true}",2014-01-01,2024-12-31,2025-01-01,2026-04-20,2014-01-01,2026-04-20,1282.0,1282.0,443.0,828.0,34.56,121176.53,-56549.77,0.87,20.82,54.89,1432505.2,-991848.0,685.8,0.95,1.32,0.0107,0.02,864.0,864.0,271.0,585.0,31.37,10710.01,-5798.7,0.55,13.09,61.67,57983.89999999992,-60256.4000000001,-48.98,-0.64,-0.86,0.0054,-0.01,2146.0,2146.0,714.0,1413.0,33.27,106717.7,-51823.43,0.74,17.75,62.5,1432505.2,-991848.0,296.99,0.54,0.74,0.009,0.01
VKCO,macd,1h,Bayesian_TPE,9,50.803,15,29,10,True,3863.1,0.596,0.739,45.32,584,43.49,True,"{""sampler"":""TPESampler"",""seed"":42,""n_trials"":50,""direction"":""maximize"",""objective"":""composite = Sharpe * (Return% / MaxDD%)""}","{""macd_fast"":15,""macd_slow"":29,""macd_signal"":10,""allowshort"":true}",2014-01-01,2024-12-31,2025-01-01,2026-04-20,2014-01-01,2026-04-20,584.0,584.0,254.0,327.0,43.49,352910.0,-155988.25,1.9,45.66,45.32,7037277.0,-1262859.0,3863.1,1.52,1.89,0.0108,0.04,440.0,440.0,156.0,281.0,35.45,14853.25,-8652.88,1.07,25.7,43.61,81868.79999999989,-58476.60000000006,-11.44,-0.03,-0.04,0.0054,-0.0,1024.0,1024.0,410.0,608.0,40.04,436678.75,-239461.12,1.55,37.17,45.32,7037277.0,-2274399.4000000022,3344.59,1.09,1.37,0.0091,0.02
VKCO,macd,1h,Bayesian_TPE,10,0.211,20,41,12,False,74.64,0.168,0.134,59.54,249,38.96,False,"{""sampler"":""TPESampler"",""seed"":42,""n_trials"":50,""direction"":""maximize"",""objective"":""composite = Sharpe * (Return% / MaxDD%)""}","{""macd_fast"":20,""macd_slow"":41,""macd_signal"":12,""allowshort"":false}",2014-01-01,2024-12-31,2025-01-01,2026-04-20,2014-01-01,2026-04-20,498.0,249.0,97.0,150.0,38.96,47731.27,-25890.14,2.26,54.17,59.54,338565.60000000003,-477035.0,74.64,0.43,0.34,0.0081,0.01,325.0,162.0,56.0,106.0,34.57,22880.1,-11325.53,1.35,32.48,33.5,100293.00000000004,-62496.0,8.08,0.2,0.18,0.0039,0.0,823.0,411.0,153.0,256.0,37.23,44437.03,-23218.72,1.91,45.83,59.54,338565.60000000003,-477035.0,85.49,0.35,0.28,0.0068,0.0
VKCO,macd,1h,Bayesian_TPE,11,19.289,17,34,10,True,1703.1,0.487,0.604,43.0,568,42.78,True,"{""sampler"":""TPESampler"",""seed"":42,""n_trials"":50,""direction"":""maximize"",""objective"":""composite = Sharpe * (Return% / MaxDD%)""}","{""macd_fast"":17,""macd_slow"":34,""macd_signal"":10,""allowshort"":true}",2014-01-01,2024-12-31,2025-01-01,2026-04-20,2014-01-01,2026-04-20,568.0,568.0,243.0,322.0,42.78,191328.44,-91496.39,1.95,46.91,43.0,3023973.999999998,-583479.0,1703.1,1.24,1.54,0.0108,0.03,409.0,409.0,150.0,257.0,36.67,16817.83,-9359.37,1.15,27.65,42.4,88099.19999999997,-59316.40000000006,11.73,0.23,0.31,0.0054,0.0,977.0,977.0,393.0,579.0,40.23,231059.12,-124409.87,1.62,38.94,43.0,3023973.999999998,-1049948.900000001,1877.29,0.95,1.19,0.0091,0.02
VKCO,macd,1h,Bayesian_TPE,12,32.01,17,30,8,True,3121.51,0.568,0.698,55.39,610,42.46,True,"{""sampler"":""TPESampler"",""seed"":42,""n_trials"":50,""direction"":""maximize"",""objective"":""composite = Sharpe * (Return% / MaxDD%)""}","{""macd_fast"":17,""macd_slow"":30,""macd_signal"":8,""allowshort"":true}",2014-01-01,2024-12-31,2025-01-01,2026-04-20,2014-01-01,2026-04-20,610.0,610.0,259.0,349.0,42.46,300623.54,-133657.28,1.82,43.71,55.39,5767944.0,-1022450.0,3121.51,1.45,1.78,0.0108,0.03,464.0,464.0,163.0,297.0,35.13,15191.93,-8573.02,1.02,24.38,40.11,81459.1999999999,-57413.100000000064,-6.99,0.03,0.04,0.0054,0.0,1074.0,1074.0,422.0,646.0,39.29,368643.73,-196841.87,1.48,35.44,55.39,5767944.0,-1815401.800000002,2840.78,1.05,1.31,0.0091,0.02
VKCO,macd,1h,Bayesian_TPE,13,10.047,11,25,11,True,1254.75,0.446,0.547,55.7,696,40.09,True,"{""sampler"":""TPESampler"",""seed"":42,""n_trials"":50,""direction"":""maximize"",""objective"":""composite = Sharpe * (Return% / MaxDD%)""}","{""macd_fast"":11,""macd_slow"":25,""macd_signal"":11,""allowshort"":true}",2014-01-01,2024-12-31,2025-01-01,2026-04-20,2014-01-01,2026-04-20,696.0,696.0,279.0,413.0,40.09,140172.78,-64311.6,1.6,38.32,55.7,1806487.1999999993,-475175.9999999989,1254.75,1.14,1.39,0.0109,0.02,476.0,476.0,174.0,300.0,36.55,18433.1,-10036.07,0.99,23.76,35.87,98023.19999999995,-66422.80000000008,19.65,0.31,0.41,0.0054,0.0,1172.0,1172.0,453.0,713.0,38.65,180490.64,-93661.06,1.35,32.48,55.7,1806487.1999999993,-887381.6000000009,1498.19,0.89,1.11,0.0091,0.01
VKCO,macd,1h,Bayesian_TPE,14,13.48,20,39,8,True,1346.85,0.457,0.565,45.66,584,41.27,True,"{""sampler"":""TPESampler"",""seed"":42,""n_trials"":50,""direction"":""maximize"",""objective"":""composite = Sharpe * (Return% / MaxDD%)""}","{""macd_fast"":20,""macd_slow"":39,""macd_signal"":8,""allowshort"":true}",2014-01-01,2024-12-31,2025-01-01,2026-04-20,2014-01-01,2026-04-20,584.0,584.0,241.0,342.0,41.27,184542.18,-90661.3,1.9,45.63,45.66,2393063.999999998,-682432.8000000005,1346.85,1.16,1.44,0.0108,0.03,389.0,389.0,148.0,239.0,38.05,19139.84,-10353.81,1.21,29.07,33.6,107047.20000000008,-71065.8000000001,35.81,0.45,0.6,0.0054,0.01,973.0,973.0,389.0,581.0,39.98,217055.74,-113853.87,1.63,39.1,45.66,2393063.999999998,-1009171.8000000014,1828.56,0.95,1.18,0.0091,0.02
VKCO,macd,1h,Bayesian_TPE,15,10.466,15,20,9,True,1295.24,0.45,0.552,55.69,724,39.92,True,"{""sampler"":""TPESampler"",""seed"":42,""n_trials"":50,""direction"":""maximize"",""objective"":""composite = Sharpe * (Return% / MaxDD%)""}","{""macd_fast"":15,""macd_slow"":20,""macd_signal"":9,""allowshort"":true}",2014-01-01,2024-12-31,2025-01-01,2026-04-20,2014-01-01,2026-04-20,724.0,724.0,289.0,429.0,39.92,140727.05,-64610.01,1.53,36.83,55.69,1860492.5999999992,-486107.9999999989,1295.24,1.15,1.41,0.0109,0.02,490.0,490.0,181.0,306.0,36.94,20181.22,-10728.94,0.96,23.08,31.01,111471.09999999996,-68309.60000000008,36.97,0.46,0.62,0.0054,0.01,1214.0,1214.0,470.0,735.0,38.71,193041.51,-99164.52,1.31,31.35,55.69,1860492.5999999992,-939813.200000001,1784.36,0.94,1.16,0.0091,0.02
VKCO,macd,1h,Bayesian_TPE,16,25.001,18,32,11,True,2072.58,0.514,0.636,42.61,544,44.12,True,"{""sampler"":""TPESampler"",""seed"":42,""n_trials"":50,""direction"":""maximize"",""objective"":""composite = Sharpe * (Return% / MaxDD%)""}","{""macd_fast"":18,""macd_slow"":32,""macd_signal"":11,""allowshort"":true}",2014-01-01,2024-12-31,2025-01-01,2026-04-20,2014-01-01,2026-04-20,544.0,544.0,240.0,299.0,44.12,235541.06,-119746.09,2.04,48.98,42.61,3563060.3999999976,-949183.2000000008,2072.58,1.31,1.62,0.0108,0.03,389.0,389.0,146.0,242.0,37.53,19674.91,-10547.2,1.21,29.07,34.5,96824.20000000008,-68187.6000000001,32.01,0.42,0.56,0.0054,0.01,933.0,933.0,386.0,541.0,41.37,305079.45,-167252.69,1.7,40.77,42.61,3563060.3999999976,-1460651.4000000022,2727.7,1.04,1.31,0.0091,0.02
VKCO,macd,1h,Bayesian_TPE,17,23.453,12,40,12,True,1985.65,0.508,0.628,43.01,572,42.48,True,"{""sampler"":""TPESampler"",""seed"":42,""n_trials"":50,""direction"":""maximize"",""objective"":""composite = Sharpe * (Return% / MaxDD%)""}","{""macd_fast"":12,""macd_slow"":40,""macd_signal"":12,""allowshort"":true}",2014-01-01,2024-12-31,2025-01-01,2026-04-20,2014-01-01,2026-04-20,572.0,572.0,243.0,325.0,42.48,211574.53,-97095.65,1.94,46.59,43.01,3512680.5999999978,-673478.0,1985.65,1.29,1.6,0.0108,0.03,419.0,419.0,153.0,265.0,36.52,16507.35,-9140.79,1.12,26.99,42.67,87519.59999999996,-58078.80000000006,10.33,0.22,0.29,0.0054,0.0,991.0,991.0,396.0,590.0,39.96,259421.36,-137536.06,1.6,38.39,43.01,3512680.5999999978,-1189134.7000000011,2158.46,0.99,1.23,0.0091,0.02
VKCO,macd,1h,Bayesian_TPE,18,0.903,15,27,7,False,190.28,0.257,0.233,54.18,364,36.81,False,"{""sampler"":""TPESampler"",""seed"":42,""n_trials"":50,""direction"":""maximize"",""objective"":""composite = Sharpe * (Return% / MaxDD%)""}","{""macd_fast"":15,""macd_slow"":27,""macd_signal"":7,""allowshort"":false}",2014-01-01,2024-12-31,2025-01-01,2026-04-20,2014-01-01,2026-04-20,728.0,364.0,134.0,230.0,36.81,60314.08,-26866.31,1.6,38.5,54.18,400901.39999999985,-235940.79999999996,190.28,0.66,0.59,0.0083,0.01,500.0,250.0,78.0,170.0,31.2,22013.49,-9523.06,0.84,20.14,27.49,94112.69999999995,-68598.00000000007,9.81,0.22,0.21,0.0039,0.0,1228.0,614.0,212.0,400.0,34.53,61112.07,-27032.37,1.3,31.16,54.18,400901.39999999985,-235940.79999999996,214.28,0.52,0.47,0.0069,0.01
VKCO,macd,1h,Bayesian_TPE,19,35.231,10,35,15,True,2749.4,0.551,0.685,43.0,586,41.81,True,"{""sampler"":""TPESampler"",""seed"":42,""n_trials"":50,""direction"":""maximize"",""objective"":""composite = Sharpe * (Return% / MaxDD%)""}","{""macd_fast"":10,""macd_slow"":35,""macd_signal"":15,""allowshort"":true}",2014-01-01,2024-12-31,2025-01-01,2026-04-20,2014-01-01,2026-04-20,586.0,586.0,245.0,336.0,41.81,283856.51,-125151.41,1.9,45.5,43.0,4816442.399999997,-891228.0,2749.4,1.4,1.75,0.0108,0.04,427.0,427.0,156.0,269.0,36.53,17077.86,-9468.87,1.1,26.49,37.77,82079.99999999987,-60752.90000000006,11.7,0.23,0.31,0.0054,0.0,1013.0,1013.0,401.0,605.0,39.59,357923.06,-187257.62,1.57,37.57,43.0,4816442.399999997,-1699114.3000000017,3023.63,1.07,1.34,0.0091,0.02
VKCO,macd,1h,Bayesian_TPE,20,59.8,19,22,10,True,4414.9,0.614,0.762,45.33,576,44.27,True,"{""sampler"":""TPESampler"",""seed"":42,""n_trials"":50,""direction"":""maximize"",""objective"":""composite = Sharpe * (Return% / MaxDD%)""}","{""macd_fast"":19,""macd_slow"":22,""macd_signal"":10,""allowshort"":true}",2014-01-01,2024-12-31,2025-01-01,2026-04-20,2014-01-01,2026-04-20,576.0,576.0,255.0,319.0,44.27,377704.63,-163528.68,1.93,46.3,45.33,8017107.0,-1438346.0,4414.9,1.57,1.94,0.0108,0.04,422.0,422.0,155.0,263.0,36.73,16409.26,-9524.7,1.12,26.8,39.87,81100.0,-58805.70000000006,3.84,0.15,0.2,0.0054,0.0,998.0,998.0,410.0,582.0,41.08,507798.52,-280380.83,1.59,38.14,45.33,8017107.0,-2605976.600000003,4501.58,1.17,1.46,0.0091,0.02
VKCO,macd,1h,Bayesian_TPE,21,59.8,19,22,10,True,4414.9,0.614,0.762,45.33,576,44.27,True,"{""sampler"":""TPESampler"",""seed"":42,""n_trials"":50,""direction"":""maximize"",""objective"":""composite = Sharpe * (Return% / MaxDD%)""}","{""macd_fast"":19,""macd_slow"":22,""macd_signal"":10,""allowshort"":true}",2014-01-01,2024-12-31,2025-01-01,2026-04-20,2014-01-01,2026-04-20,576.0,576.0,255.0,319.0,44.27,377704.63,-163528.68,1.93,46.3,45.33,8017107.0,-1438346.0,4414.9,1.57,1.94,0.0108,0.04,422.0,422.0,155.0,263.0,36.73,16409.26,-9524.7,1.12,26.8,39.87,81100.0,-58805.70000000006,3.84,0.15,0.2,0.0054,0.0,998.0,998.0,410.0,582.0,41.08,507798.52,-280380.83,1.59,38.14,45.33,8017107.0,-2605976.600000003,4501.58,1.17,1.46,0.0091,0.02
VKCO,macd,1h,Bayesian_TPE,22,44.562,19,23,9,True,4086.55,0.604,0.743,55.39,592,43.92,True,"{""sampler"":""TPESampler"",""seed"":42,""n_trials"":50,""direction"":""maximize"",""objective"":""composite = Sharpe * (Return% / MaxDD%)""}","{""macd_fast"":19,""macd_slow"":23,""macd_signal"":9,""allowshort"":true}",2014-01-01,2024-12-31,2025-01-01,2026-04-20,2014-01-01,2026-04-20,592.0,592.0,260.0,329.0,43.92,337695.57,-142660.69,1.88,45.04,55.39,7434054.0,-1365858.0,4086.55,1.54,1.9,0.0108,0.03,440.0,440.0,157.0,279.0,35.68,17293.99,-9717.33,1.07,25.7,40.14,83775.99999999991,-62498.20000000007,0.4,0.11,0.15,0.0054,0.0,1032.0,1032.0,417.0,608.0,40.41,476260.48,-260439.27,1.54,36.88,55.39,7434054.0,-2568228.700000003,4025.35,1.14,1.42,0.0091,0.02
VKCO,macd,1h,Bayesian_TPE,23,59.62,18,22,11,True,4401.58,0.614,0.762,45.33,568,44.19,True,"{""sampler"":""TPESampler"",""seed"":42,""n_trials"":50,""direction"":""maximize"",""objective"":""composite = Sharpe * (Return% / MaxDD%)""}","{""macd_fast"":18,""macd_slow"":22,""macd_signal"":11,""allowshort"":true}",2014-01-01,2024-12-31,2025-01-01,2026-04-20,2014-01-01,2026-04-20,568.0,568.0,251.0,315.0,44.19,388701.44,-169994.35,1.96,46.95,45.33,8113893.0,-1436578.0,4401.58,1.57,1.94,0.0108,0.04,418.0,418.0,155.0,260.0,37.08,16128.22,-9388.76,1.13,27.06,41.44,81100.0,-60134.100000000064,5.88,0.17,0.23,0.0054,0.0,986.0,986.0,406.0,575.0,41.18,510326.69,-280719.0,1.61,38.6,45.33,8113893.0,-2657547.100000003,4577.92,1.17,1.47,0.0091,0.02
VKCO,macd,1h,Bayesian_TPE,24,14.93,19,20,9,True,1707.34,0.487,0.596,55.69,658,41.79,True,"{""sampler"":""TPESampler"",""seed"":42,""n_trials"":50,""direction"":""maximize"",""objective"":""composite = Sharpe * (Return% / MaxDD%)""}","{""macd_fast"":19,""macd_slow"":20,""macd_signal"":9,""allowshort"":true}",2014-01-01,2024-12-31,2025-01-01,2026-04-20,2014-01-01,2026-04-20,658.0,658.0,275.0,379.0,41.79,164899.78,-74601.56,1.69,40.53,55.69,2390165.999999999,-598234.0,1707.34,1.24,1.52,0.0109,0.02,458.0,458.0,167.0,291.0,36.46,18289.77,-10105.25,1.03,24.7,35.41,93567.59999999996,-66064.10000000006,11.38,0.23,0.3,0.0054,0.0,1116.0,1116.0,442.0,670.0,39.61,225173.17,-120417.73,1.42,34.11,55.69,2390165.999999999,-1177548.8000000012,1884.67,0.95,1.18,0.0091,0.02
VKCO,macd,1h,Bayesian_TPE,25,51.658,16,26,12,True,3745.88,0.593,0.736,43.0,554,44.4,True,"{""sampler"":""TPESampler"",""seed"":42,""n_trials"":50,""direction"":""maximize"",""objective"":""composite = Sharpe * (Return% / MaxDD%)""}","{""macd_fast"":16,""macd_slow"":26,""macd_signal"":12,""allowshort"":true}",2014-01-01,2024-12-31,2025-01-01,2026-04-20,2014-01-01,2026-04-20,554.0,554.0,246.0,304.0,44.4,363596.71,-171006.67,2.01,48.13,43.0,6544399.1999999955,-1253070.0,3745.88,1.51,1.88,0.0108,0.04,408.0,408.0,151.0,256.0,37.01,16686.19,-9478.91,1.16,27.72,39.16,80486.39999999989,-59758.40000000006,9.3,0.21,0.27,0.0054,0.0,962.0,962.0,397.0,560.0,41.27,463096.7,-256413.95,1.65,39.56,43.0,6544399.1999999955,-2255879.6000000024,4025.76,1.14,1.43,0.0091,0.02
VKCO,macd,1h,Bayesian_TPE,26,3.074,20,23,9,False,385.84,0.354,0.327,44.44,293,42.66,False,"{""sampler"":""TPESampler"",""seed"":42,""n_trials"":50,""direction"":""maximize"",""objective"":""composite = Sharpe * (Return% / MaxDD%)""}","{""macd_fast"":20,""macd_slow"":23,""macd_signal"":9,""allowshort"":false}",2014-01-01,2024-12-31,2025-01-01,2026-04-20,2014-01-01,2026-04-20,586.0,293.0,125.0,168.0,42.66,90285.59,-44210.04,1.97,47.31,44.44,874437.0,-274935.19999999995,385.84,0.9,0.83,0.0082,0.02,438.0,219.0,67.0,150.0,30.59,19983.34,-9230.44,0.97,23.35,32.03,85651.19999999987,-64397.20000000007,-4.57,0.01,0.01,0.0039,0.0,1024.0,512.0,192.0,318.0,37.5,91565.34,-44119.44,1.55,37.23,44.44,874437.0,-307047.2000000003,355.06,0.65,0.6,0.0068,0.01
VKCO,macd,1h,Bayesian_TPE,27,35.424,18,27,11,True,2759.51,0.552,0.684,43.0,550,44.0,True,"{""sampler"":""TPESampler"",""seed"":42,""n_trials"":50,""direction"":""maximize"",""objective"":""composite = Sharpe * (Return% / MaxDD%)""}","{""macd_fast"":18,""macd_slow"":27,""macd_signal"":11,""allowshort"":true}",2014-01-01,2024-12-31,2025-01-01,2026-04-20,2014-01-01,2026-04-20,550.0,550.0,242.0,303.0,44.0,266445.89,-121732.04,2.02,48.45,43.0,4775133.199999996,-883766.0,2759.51,1.41,1.74,0.0108,0.04,412.0,412.0,151.0,259.0,36.65,17366.97,-9661.37,1.14,27.45,38.27,80668.79999999987,-59051.20000000006,12.01,0.24,0.31,0.0054,0.0,962.0,962.0,393.0,562.0,40.85,350012.63,-190603.34,1.65,39.54,43.0,4775133.199999996,-1657256.9000000018,3043.59,1.07,1.34,0.0091,0.02
VKCO,macd,1h,Bayesian_TPE,28,17.921,19,44,7,True,1605.44,0.48,0.594,43.0,604,40.23,True,"{""sampler"":""TPESampler"",""seed"":42,""n_trials"":50,""direction"":""maximize"",""objective"":""composite = Sharpe * (Return% / MaxDD%)""}","{""macd_fast"":19,""macd_slow"":44,""macd_signal"":7,""allowshort"":true}",2014-01-01,2024-12-31,2025-01-01,2026-04-20,2014-01-01,2026-04-20,604.0,604.0,243.0,359.0,40.23,203401.4,-92958.56,1.84,44.12,43.0,2915723.1999999983,-601809.0,1605.44,1.22,1.51,0.0108,0.03,431.0,431.0,151.0,277.0,35.03,18934.91,-9556.89,1.09,26.24,30.56,98951.99999999993,-66852.50000000007,21.19,0.32,0.43,0.0054,0.01,1035.0,1035.0,394.0,636.0,38.07,246116.04,-122147.57,1.53,36.76,43.0,2915723.1999999983,-1119099.8000000012,1928.39,0.96,1.2,0.0091,0.02
VKCO,macd,1h,Bayesian_TPE,29,25.435,16,32,13,True,2078.72,0.515,0.639,42.09,524,44.08,True,"{""sampler"":""TPESampler"",""seed"":42,""n_trials"":50,""direction"":""maximize"",""objective"":""composite = Sharpe * (Return% / MaxDD%)""}","{""macd_fast"":16,""macd_slow"":32,""macd_signal"":13,""allowshort"":true}",2014-01-01,2024-12-31,2025-01-01,2026-04-20,2014-01-01,2026-04-20,524.0,524.0,231.0,287.0,44.08,255238.82,-133007.02,2.12,50.85,42.09,3573120.5999999973,-959565.6000000008,2078.72,1.31,1.63,0.0108,0.03,377.0,377.0,141.0,234.0,37.4,18906.31,-10122.84,1.25,30.0,38.23,89999.80000000006,-64771.20000000009,29.7,0.4,0.53,0.0054,0.01,901.0,901.0,372.0,521.0,41.29,311612.71,-170940.08,1.76,42.22,42.09,3573120.5999999973,-1391504.400000002,2686.01,1.04,1.3,0.0091,0.02
VKCO,macd,1h,Bayesian_TPE,30,11.324,13,22,10,True,1377.17,0.458,0.56,55.7,710,40.28,True,"{""sampler"":""TPESampler"",""seed"":42,""n_trials"":50,""direction"":""maximize"",""objective"":""composite = Sharpe * (Return% / MaxDD%)""}","{""macd_fast"":13,""macd_slow"":22,""macd_signal"":10,""allowshort"":true}",2014-01-01,2024-12-31,2025-01-01,2026-04-20,2014-01-01,2026-04-20,710.0,710.0,286.0,419.0,40.28,151919.78,-70828.94,1.57,37.56,55.7,1969729.799999999,-510587.9999999988,1377.17,1.17,1.43,0.0109,0.02,482.0,482.0,182.0,298.0,37.76,19527.24,-10665.84,0.98,23.47,32.76,111396.99999999994,-65714.00000000007,37.55,0.47,0.62,0.0054,0.01,1192.0,1192.0,468.0,717.0,39.26,203006.62,-105960.06,1.33,31.93,55.7,1969729.799999999,-957096.600000001,1903.37,0.95,1.18,0.0091,0.02
VKCO,macd,1h,Bayesian_TPE,31,59.62,18,22,11,True,4401.58,0.614,0.762,45.33,568,44.19,True,"{""sampler"":""TPESampler"",""seed"":42,""n_trials"":50,""direction"":""maximize"",""objective"":""composite = Sharpe * (Return% / MaxDD%)""}","{""macd_fast"":18,""macd_slow"":22,""macd_signal"":11,""allowshort"":true}",2014-01-01,2024-12-31,2025-01-01,2026-04-20,2014-01-01,2026-04-20,568.0,568.0,251.0,315.0,44.19,388701.44,-169994.35,1.96,46.95,45.33,8113893.0,-1436578.0,4401.58,1.57,1.94,0.0108,0.04,418.0,418.0,155.0,260.0,37.08,16128.22,-9388.76,1.13,27.06,41.44,81100.0,-60134.100000000064,5.88,0.17,0.23,0.0054,0.0,986.0,986.0,406.0,575.0,41.18,510326.69,-280719.0,1.61,38.6,45.33,8113893.0,-2657547.100000003,4577.92,1.17,1.47,0.0091,0.02
VKCO,macd,1h,Bayesian_TPE,32,61.964,18,20,13,True,4346.57,0.613,0.763,43.0,562,43.77,True,"{""sampler"":""TPESampler"",""seed"":42,""n_trials"":50,""direction"":""maximize"",""objective"":""composite = Sharpe * (Return% / MaxDD%)""}","{""macd_fast"":18,""macd_slow"":20,""macd_signal"":13,""allowshort"":true}",2014-01-01,2024-12-31,2025-01-01,2026-04-20,2014-01-01,2026-04-20,562.0,562.0,246.0,312.0,43.77,411928.39,-185476.48,1.98,47.45,43.0,7713415.1999999955,-1473121.0,4346.57,1.56,1.94,0.0108,0.04,406.0,406.0,151.0,254.0,37.19,16917.74,-9729.14,1.16,27.86,38.45,79295.99999999991,-61084.40000000006,8.34,0.2,0.26,0.0054,0.0,968.0,968.0,397.0,566.0,41.01,534012.77,-292801.83,1.64,39.32,43.0,7713415.1999999955,-2666077.7000000025,4627.72,1.18,1.48,0.0091,0.02
VKCO,macd,1h,Bayesian_TPE,33,64.924,19,20,13,True,4517.38,0.618,0.769,43.0,552,44.93,True,"{""sampler"":""TPESampler"",""seed"":42,""n_trials"":50,""direction"":""maximize"",""objective"":""composite = Sharpe * (Return% / MaxDD%)""}","{""macd_fast"":19,""macd_slow"":20,""macd_signal"":13,""allowshort"":true}",2014-01-01,2024-12-31,2025-01-01,2026-04-20,2014-01-01,2026-04-20,552.0,552.0,248.0,302.0,44.93,421200.04,-196303.95,2.01,48.31,43.0,7857223.999999995,-1478087.0,4517.38,1.58,1.96,0.0108,0.04,404.0,404.0,151.0,251.0,37.38,17371.12,-9896.1,1.17,28.0,36.38,82342.39999999992,-60973.90000000006,13.91,0.26,0.34,0.0054,0.0,956.0,956.0,399.0,553.0,41.74,557590.51,-310776.23,1.66,39.81,43.0,7857223.999999995,-2763826.000000003,5061.94,1.2,1.51,0.0091,0.03
VKCO,macd,1h,Bayesian_TPE,34,43.319,16,20,14,True,3391.46,0.579,0.718,45.33,568,43.31,True,"{""sampler"":""TPESampler"",""seed"":42,""n_trials"":50,""direction"":""maximize"",""objective"":""composite = Sharpe * (Return% / MaxDD%)""}","{""macd_fast"":16,""macd_slow"":20,""macd_signal"":14,""allowshort"":true}",2014-01-01,2024-12-31,2025-01-01,2026-04-20,2014-01-01,2026-04-20,568.0,568.0,246.0,318.0,43.31,325036.9,-144794.1,1.96,46.95,45.33,4879989.400000002,-1160406.0,3391.46,1.47,1.83,0.0108,0.04,406.0,406.0,155.0,249.0,38.18,17886.62,-10364.98,1.16,27.86,35.9,89084.79999999992,-61747.40000000007,19.15,0.31,0.4,0.0054,0.0,974.0,974.0,401.0,567.0,41.17,434704.8,-237195.3,1.63,39.08,45.33,4879989.400000002,-2116472.800000002,3982.69,1.14,1.42,0.0091,0.02
VKCO,macd,1h,Bayesian_TPE,35,0.422,20,24,13,False,118.19,0.205,0.169,57.38,268,42.54,False,"{""sampler"":""TPESampler"",""seed"":42,""n_trials"":50,""direction"":""maximize"",""objective"":""composite = Sharpe * (Return% / MaxDD%)""}","{""macd_fast"":20,""macd_slow"":24,""macd_signal"":13,""allowshort"":false}",2014-01-01,2024-12-31,2025-01-01,2026-04-20,2014-01-01,2026-04-20,536.0,268.0,114.0,153.0,42.54,48417.12,-28350.66,2.15,51.7,57.38,368648.0,-446842.0,118.19,0.52,0.43,0.0085,0.01,370.0,185.0,64.0,120.0,34.59,24062.2,-11433.03,1.14,27.44,29.09,104849.59999999992,-74599.20000000011,16.8,0.32,0.29,0.0039,0.0,906.0,453.0,178.0,273.0,39.29,49448.23,-26700.34,1.75,41.98,57.38,368648.0,-446842.0,151.26,0.45,0.37,0.0071,0.01
VKCO,macd,1h,Bayesian_TPE,36,57.654,17,20,15,True,4097.69,0.605,0.751,43.0,548,45.07,True,"{""sampler"":""TPESampler"",""seed"":42,""n_trials"":50,""direction"":""maximize"",""objective"":""composite = Sharpe * (Return% / MaxDD%)""}","{""macd_fast"":17,""macd_slow"":20,""macd_signal"":15,""allowshort"":true}",2014-01-01,2024-12-31,2025-01-01,2026-04-20,2014-01-01,2026-04-20,548.0,548.0,247.0,300.0,45.07,387406.24,-182374.71,2.03,48.66,43.0,7143057.599999996,-1360996.0,4097.69,1.54,1.92,0.0108,0.04,398.0,398.0,151.0,246.0,37.94,18160.23,-10235.46,1.18,28.42,33.75,86844.79999999992,-62962.90000000007,22.43,0.34,0.44,0.0054,0.01,946.0,946.0,398.0,546.0,42.07,522354.98,-290219.04,1.68,40.23,43.0,7143057.599999996,-2594164.3000000026,4943.77,1.19,1.5,0.0091,0.03
VKCO,macd,1h,Bayesian_TPE,37,12.495,8,27,13,True,1486.89,0.468,0.572,55.69,730,39.18,True,"{""sampler"":""TPESampler"",""seed"":42,""n_trials"":50,""direction"":""maximize"",""objective"":""composite = Sharpe * (Return% / MaxDD%)""}","{""macd_fast"":8,""macd_slow"":27,""macd_signal"":13,""allowshort"":true}",2014-01-01,2024-12-31,2025-01-01,2026-04-20,2014-01-01,2026-04-20,730.0,730.0,286.0,440.0,39.18,156092.32,-67666.99,1.52,36.53,55.69,2160040.7999999993,-569855.9999999986,1486.89,1.19,1.46,0.0109,0.02,502.0,502.0,179.0,319.0,35.66,19706.68,-9953.04,0.94,22.53,33.07,106531.09999999996,-67279.60000000008,35.25,0.45,0.6,0.0054,0.01,1232.0,1232.0,465.0,759.0,37.74,214227.6,-104683.5,1.29,30.9,55.69,2160040.7999999993,-1052660.0000000012,2016.11,0.97,1.19,0.0091,0.02
VKCO,macd,1h,Bayesian_TPE,38,0.384,19,24,14,False,111.35,0.199,0.164,57.66,268,41.42,False,"{""sampler"":""TPESampler"",""seed"":42,""n_trials"":50,""direction"":""maximize"",""objective"":""composite = Sharpe * (Return% / MaxDD%)""}","{""macd_fast"":19,""macd_slow"":24,""macd_signal"":14,""allowshort"":false}",2014-01-01,2024-12-31,2025-01-01,2026-04-20,2014-01-01,2026-04-20,536.0,268.0,111.0,156.0,41.42,48348.91,-27264.6,2.15,51.67,57.66,359136.0,-435296.8000000001,111.35,0.51,0.42,0.0085,0.01,362.0,181.0,64.0,116.0,35.36,23210.96,-11527.39,1.16,27.82,31.84,100502.39999999992,-72610.2000000001,14.83,0.29,0.27,0.0039,0.0,898.0,449.0,175.0,272.0,38.98,48186.23,-25881.62,1.76,42.24,57.66,359136.0,-435296.8000000001,139.28,0.43,0.36,0.0071,0.01
VKCO,macd,1h,Bayesian_TPE,39,60.303,14,26,12,True,4444.76,0.615,0.763,45.33,570,44.04,True,"{""sampler"":""TPESampler"",""seed"":42,""n_trials"":50,""direction"":""maximize"",""objective"":""composite = Sharpe * (Return% / MaxDD%)""}","{""macd_fast"":14,""macd_slow"":26,""macd_signal"":12,""allowshort"":true}",2014-01-01,2024-12-31,2025-01-01,2026-04-20,2014-01-01,2026-04-20,570.0,570.0,251.0,317.0,44.04,392631.39,-170671.64,1.95,46.78,45.33,8191698.0,-1450358.0,4444.76,1.57,1.95,0.0108,0.04,426.0,426.0,154.0,269.0,36.15,16183.87,-9156.36,1.11,26.55,42.09,81100.0,-59007.00000000006,2.93,0.14,0.19,0.0054,0.0,996.0,996.0,405.0,586.0,40.66,515789.59,-279835.55,1.59,38.21,45.33,8191698.0,-2632640.4000000027,4491.12,1.17,1.46,0.0091,0.02
VKCO,macd,1h,Bayesian_TPE,40,11.917,14,47,13,True,1291.82,0.457,0.544,49.54,534,41.57,True,"{""sampler"":""TPESampler"",""seed"":42,""n_trials"":50,""direction"":""maximize"",""objective"":""composite = Sharpe * (Return% / MaxDD%)""}","{""macd_fast"":14,""macd_slow"":47,""macd_signal"":13,""allowshort"":true}",2014-01-01,2024-12-31,2025-01-01,2026-04-20,2014-01-01,2026-04-20,534.0,534.0,222.0,307.0,41.57,169605.29,-80567.39,2.08,49.9,49.54,2302036.1999999983,-628152.0000000005,1291.82,1.16,1.39,0.0106,0.03,349.0,349.0,133.0,215.0,38.11,19878.18,-10476.19,1.35,32.4,40.62,100195.19999999995,-66807.0000000001,39.14,0.48,0.63,0.0054,0.01,883.0,883.0,355.0,522.0,40.2,207719.25,-106602.14,1.8,43.08,49.54,2302036.1999999983,-916788.6000000014,1809.4,0.95,1.15,0.009,0.02
VKCO,macd,1h,Bayesian_TPE,41,48.03,13,25,12,True,3720.26,0.59,0.733,45.7,598,44.15,True,"{""sampler"":""TPESampler"",""seed"":42,""n_trials"":50,""direction"":""maximize"",""objective"":""composite = Sharpe * (Return% / MaxDD%)""}","{""macd_fast"":13,""macd_slow"":25,""macd_signal"":12,""allowshort"":true}",2014-01-01,2024-12-31,2025-01-01,2026-04-20,2014-01-01,2026-04-20,598.0,598.0,264.0,331.0,44.15,318228.55,-141418.99,1.86,44.59,45.7,5260286.200000002,-1303718.0,3720.26,1.5,1.87,0.0109,0.04,430.0,430.0,159.0,268.0,36.98,18477.37,-10457.08,1.1,26.3,38.37,94207.49999999996,-64312.80000000007,13.54,0.25,0.33,0.0054,0.0,1028.0,1028.0,423.0,599.0,41.15,457376.28,-253588.69,1.54,37.02,45.7,5260286.200000002,-2411455.7000000025,4157.05,1.15,1.44,0.0091,0.02
VKCO,macd,1h,Bayesian_TPE,42,64.336,17,21,14,True,4483.74,0.617,0.767,43.0,552,44.93,True,"{""sampler"":""TPESampler"",""seed"":42,""n_trials"":50,""direction"":""maximize"",""objective"":""composite = Sharpe * (Return% / MaxDD%)""}","{""macd_fast"":17,""macd_slow"":21,""macd_signal"":14,""allowshort"":true}",2014-01-01,2024-12-31,2025-01-01,2026-04-20,2014-01-01,2026-04-20,552.0,552.0,248.0,303.0,44.93,417398.28,-193654.86,2.01,48.31,43.0,7799979.199999995,-1467323.0,4483.74,1.57,1.96,0.0108,0.04,402.0,402.0,151.0,249.0,37.56,17068.59,-9910.17,1.17,28.13,37.2,81199.99999999991,-60200.40000000006,10.97,0.23,0.3,0.0054,0.0,954.0,954.0,399.0,552.0,41.82,547928.45,-307430.6,1.66,39.9,43.0,7799979.199999995,-2708443.4000000027,4892.18,1.19,1.49,0.0091,0.03
VKCO,macd,1h,Bayesian_TPE,43,1.643,17,28,15,True,434.89,0.309,0.313,81.77,510,45.29,True,"{""sampler"":""TPESampler"",""seed"":42,""n_trials"":50,""direction"":""maximize"",""objective"":""composite = Sharpe * (Return% / MaxDD%)""}","{""macd_fast"":17,""macd_slow"":28,""macd_signal"":15,""allowshort"":true}",2014-01-01,2024-12-31,2025-01-01,2026-04-20,2014-01-01,2026-04-20,510.0,510.0,231.0,276.0,45.29,72398.75,-44837.58,2.18,52.25,81.77,877229.9999999994,-963169.0,434.89,0.79,0.8,0.0124,0.01,349.0,349.0,134.0,213.0,38.4,19402.66,-10562.42,1.35,32.4,38.66,101681.40000000002,-64794.60000000009,35.02,0.45,0.59,0.0054,0.01,859.0,859.0,365.0,489.0,42.49,83183.62,-49573.3,1.85,44.29,81.77,877229.9999999994,-963169.0,612.07,0.67,0.7,0.0102,0.01
VKCO,macd,1h,Bayesian_TPE,44,3.625,16,31,14,True,767.54,0.367,0.386,77.7,520,44.04,True,"{""sampler"":""TPESampler"",""seed"":42,""n_trials"":50,""direction"":""maximize"",""objective"":""composite = Sharpe * (Return% / MaxDD%)""}","{""macd_fast"":16,""macd_slow"":31,""macd_signal"":14,""allowshort"":true}",2014-01-01,2024-12-31,2025-01-01,2026-04-20,2014-01-01,2026-04-20,520.0,520.0,229.0,286.0,44.04,113067.23,-63695.85,2.14,51.24,77.7,1422764.999999999,-895394.4,767.54,0.93,0.99,0.0124,0.01,365.0,365.0,136.0,227.0,37.26,17373.59,-9578.42,1.29,30.98,44.99,89461.00000000001,-59272.20000000008,18.85,0.3,0.4,0.0054,0.0,885.0,885.0,365.0,513.0,41.24,125981.61,-71768.29,1.79,42.99,77.7,1422764.999999999,-895394.4,916.62,0.75,0.81,0.0102,0.01
VKCO,macd,1h,Bayesian_TPE,45,72.063,14,24,12,True,5144.26,0.635,0.79,45.33,582,44.33,True,"{""sampler"":""TPESampler"",""seed"":42,""n_trials"":50,""direction"":""maximize"",""objective"":""composite = Sharpe * (Return% / MaxDD%)""}","{""macd_fast"":14,""macd_slow"":24,""macd_signal"":12,""allowshort"":true}",2014-01-01,2024-12-31,2025-01-01,2026-04-20,2014-01-01,2026-04-20,582.0,582.0,258.0,320.0,44.33,412547.69,-171858.3,1.91,45.82,45.33,7329862.800000003,-1733849.0,5144.26,1.62,2.01,0.0108,0.04,422.0,422.0,158.0,261.0,37.44,18649.69,-10649.51,1.12,26.8,38.49,90966.3999999999,-64587.10000000007,16.71,0.28,0.37,0.0054,0.0,1004.0,1004.0,416.0,581.0,41.43,618149.21,-340923.65,1.58,37.91,45.33,7329862.800000003,-3325106.8000000035,5907.34,1.24,1.55,0.0091,0.02
VKCO,macd,1h,Bayesian_TPE,46,2.705,15,21,14,False,352.48,0.341,0.315,44.44,284,42.96,False,"{""sampler"":""TPESampler"",""seed"":42,""n_trials"":50,""direction"":""maximize"",""objective"":""composite = Sharpe * (Return% / MaxDD%)""}","{""macd_fast"":15,""macd_slow"":21,""macd_signal"":14,""allowshort"":false}",2014-01-01,2024-12-31,2025-01-01,2026-04-20,2014-01-01,2026-04-20,568.0,284.0,122.0,161.0,42.96,85929.21,-43220.59,2.04,49.04,44.44,636259.0000000002,-271726.79999999993,352.48,0.87,0.8,0.0082,0.02,412.0,206.0,68.0,138.0,33.01,21034.65,-10182.52,1.06,25.51,30.79,89999.99999999985,-66830.40000000007,2.52,0.12,0.11,0.0039,0.0,980.0,490.0,190.0,299.0,38.78,88167.96,-44144.86,1.64,39.32,44.44,636259.0000000002,-296847.2000000003,355.26,0.65,0.6,0.0068,0.01
VKCO,macd,1h,Bayesian_TPE,47,1.751,18,37,13,True,446.05,0.31,0.311,78.98,504,44.05,True,"{""sampler"":""TPESampler"",""seed"":42,""n_trials"":50,""direction"":""maximize"",""objective"":""composite = Sharpe * (Return% / MaxDD%)""}","{""macd_fast"":18,""macd_slow"":37,""macd_signal"":13,""allowshort"":true}",2014-01-01,2024-12-31,2025-01-01,2026-04-20,2014-01-01,2026-04-20,504.0,504.0,222.0,277.0,44.05,73484.84,-42791.16,2.2,52.87,78.98,913145.3999999992,-933450.8,446.05,0.79,0.79,0.0127,0.01,335.0,335.0,129.0,206.0,38.51,18619.15,-10354.53,1.41,33.76,40.4,94635.0,-59052.0,26.88,0.38,0.49,0.0054,0.01,839.0,839.0,351.0,483.0,41.84,82933.19,-48241.44,1.89,45.34,78.98,913145.3999999992,-933450.8,580.89,0.66,0.67,0.0105,0.01
VKCO,macd,1h,Bayesian_TPE,48,46.624,17,24,13,True,3444.73,0.582,0.723,43.0,540,44.81,True,"{""sampler"":""TPESampler"",""seed"":42,""n_trials"":50,""direction"":""maximize"",""objective"":""composite = Sharpe * (Return% / MaxDD%)""}","{""macd_fast"":17,""macd_slow"":24,""macd_signal"":13,""allowshort"":true}",2014-01-01,2024-12-31,2025-01-01,2026-04-20,2014-01-01,2026-04-20,540.0,540.0,242.0,295.0,44.81,339716.64,-161912.15,2.06,49.35,43.0,5919393.599999996,-1148030.0,3444.73,1.48,1.84,0.0108,0.04,400.0,400.0,153.0,244.0,38.25,17983.55,-10293.67,1.18,28.27,35.93,85366.3999999999,-60266.70000000006,23.98,0.35,0.46,0.0054,0.01,940.0,940.0,395.0,539.0,42.02,448830.43,-250751.53,1.69,40.47,43.0,5919393.599999996,-2096892.200000002,4213.29,1.15,1.45,0.0091,0.02
VKCO,macd,1h,Bayesian_TPE,49,15.702,12,21,14,True,1777.7,0.492,0.602,55.7,634,42.27,True,"{""sampler"":""TPESampler"",""seed"":42,""n_trials"":50,""direction"":""maximize"",""objective"":""composite = Sharpe * (Return% / MaxDD%)""}","{""macd_fast"":12,""macd_slow"":21,""macd_signal"":14,""allowshort"":true}",2014-01-01,2024-12-31,2025-01-01,2026-04-20,2014-01-01,2026-04-20,634.0,634.0,268.0,363.0,42.27,171129.02,-77370.78,1.75,42.06,55.7,2483197.1999999993,-614588.0,1777.7,1.25,1.54,0.0109,0.02,442.0,442.0,165.0,277.0,37.33,17653.9,-10310.21,1.07,25.59,39.96,93188.39999999997,-64861.40000000007,5.7,0.17,0.22,0.0054,0.0,1076.0,1076.0,433.0,640.0,40.24,229867.19,-126507.17,1.47,35.37,55.7,2483197.1999999993,-1200864.3000000012,1856.79,0.95,1.17,0.0091,0.02
GAZP,macd,1h,Bayesian_TPE,0,8.151,10,49,13,True,1403.91,0.268,0.352,46.16,1989,34.94,True,"{""sampler"":""TPESampler"",""seed"":42,""n_trials"":50,""direction"":""maximize"",""objective"":""composite = Sharpe * (Return% / MaxDD%)""}","{""macd_fast"":10,""macd_slow"":49,""macd_signal"":13,""allowshort"":true}",2014-01-01,2024-12-31,2025-01-01,2026-04-20,2014-01-01,2026-04-20,1989.0,1989.0,695.0,1292.0,34.94,90475.59,-37802.99,2.02,48.38,46.16,2498551.29,-1389902.950000001,1403.91,0.68,0.9,0.006,0.01,426.0,426.0,146.0,279.0,34.27,21971.66,-10829.48,1.11,26.55,19.15,189288.75,-68071.83999999998,18.64,0.32,0.41,0.0046,0.01,2415.0,2415.0,840.0,1572.0,34.78,130253.65,-59254.27,1.86,44.56,46.16,2754570.0,-1389902.950000001,1626.54,0.63,0.82,0.0058,0.01
GAZP,macd,1h,Bayesian_TPE,1,1.963,7,21,14,False,332.1,0.2,0.172,33.84,1331,35.31,False,"{""sampler"":""TPESampler"",""seed"":42,""n_trials"":50,""direction"":""maximize"",""objective"":""composite = Sharpe * (Return% / MaxDD%)""}","{""macd_fast"":7,""macd_slow"":21,""macd_signal"":14,""allowshort"":false}",2014-01-01,2024-12-31,2025-01-01,2026-04-20,2014-01-01,2026-04-20,2661.0,1331.0,470.0,857.0,35.31,39681.11,-17887.0,1.49,35.67,33.84,1115550.5399999998,-852165.2999999997,332.1,0.51,0.44,0.0043,0.01,570.0,285.0,88.0,197.0,30.88,18405.62,-8272.56,0.84,20.15,25.86,174719.16000000012,-41986.60000000009,-1.0,0.05,0.05,0.0033,0.0,3231.0,1616.0,557.0,1055.0,34.47,45462.91,-21027.14,1.37,32.99,33.84,1115550.5399999998,-852165.2999999997,313.92,0.44,0.38,0.0042,0.01
GAZP,macd,1h,Bayesian_TPE,2,10.71,5,50,14,True,1565.01,0.276,0.36,40.33,2607,34.06,True,"{""sampler"":""TPESampler"",""seed"":42,""n_trials"":50,""direction"":""maximize"",""objective"":""composite = Sharpe * (Return% / MaxDD%)""}","{""macd_fast"":5,""macd_slow"":50,""macd_signal"":14,""allowshort"":true}",2014-01-01,2024-12-31,2025-01-01,2026-04-20,2014-01-01,2026-04-20,2607.0,2607.0,888.0,1712.0,34.06,84298.33,-34583.45,1.54,36.91,40.33,2817001.830000001,-1657032.8499999996,1565.01,0.7,0.92,0.006,0.01,562.0,562.0,180.0,381.0,32.03,21395.43,-9641.32,0.84,20.13,26.92,196926.2400000001,-64474.35000000013,17.78,0.31,0.41,0.0046,0.01,3169.0,3169.0,1067.0,2094.0,33.67,128153.32,-56716.01,1.42,33.96,40.33,3173060.520000002,-1657032.8499999996,1797.63,0.64,0.84,0.0058,0.01
GAZP,macd,1h,Bayesian_TPE,3,6.589,7,29,10,True,1102.69,0.249,0.322,41.67,2803,35.68,True,"{""sampler"":""TPESampler"",""seed"":42,""n_trials"":50,""direction"":""maximize"",""objective"":""composite = Sharpe * (Return% / MaxDD%)""}","{""macd_fast"":7,""macd_slow"":29,""macd_signal"":10,""allowshort"":true}",2014-01-01,2024-12-31,2025-01-01,2026-04-20,2014-01-01,2026-04-20,2803.0,2803.0,1000.0,1794.0,35.68,59481.38,-27009.18,1.43,34.33,41.67,1914941.3399999996,-1204195.6499999997,1102.69,0.63,0.82,0.0061,0.01,604.0,604.0,207.0,393.0,34.27,16614.19,-8823.35,0.78,18.73,27.44,169539.2400000001,-51688.650000000074,-2.84,0.06,0.08,0.0047,0.0,3407.0,3407.0,1206.0,2188.0,35.4,82279.73,-40641.16,1.32,31.59,41.67,1973091.1200000013,-1204195.6499999997,1030.65,0.55,0.71,0.0058,0.01
GAZP,macd,1h,Bayesian_TPE,4,1.552,14,24,8,False,269.14,0.185,0.155,32.09,1230,35.53,False,"{""sampler"":""TPESampler"",""seed"":42,""n_trials"":50,""direction"":""maximize"",""objective"":""composite = Sharpe * (Return% / MaxDD%)""}","{""macd_fast"":14,""macd_slow"":24,""macd_signal"":8,""allowshort"":false}",2014-01-01,2024-12-31,2025-01-01,2026-04-20,2014-01-01,2026-04-20,2459.0,1230.0,437.0,791.0,35.53,34461.25,-15636.08,1.58,38.03,32.09,895653.9000000003,-691379.8499999999,269.14,0.47,0.4,0.0042,0.01,512.0,256.0,87.0,169.0,33.98,20176.43,-9398.39,0.93,22.42,18.47,181515.18,-50597.43999999998,16.7,0.35,0.35,0.0033,0.01,2971.0,1486.0,523.0,961.0,35.2,40620.78,-18809.75,1.47,35.4,32.09,895653.9000000003,-691379.8499999999,316.85,0.45,0.38,0.0041,0.01
GAZP,macd,1h,Bayesian_TPE,5,6.892,17,26,10,True,1331.5,0.264,0.346,51.0,2073,36.23,True,"{""sampler"":""TPESampler"",""seed"":42,""n_trials"":50,""direction"":""maximize"",""objective"":""composite = Sharpe * (Return% / MaxDD%)""}","{""macd_fast"":17,""macd_slow"":26,""macd_signal"":10,""allowshort"":true}",2014-01-01,2024-12-31,2025-01-01,2026-04-20,2014-01-01,2026-04-20,2073.0,2073.0,751.0,1318.0,36.23,73547.6,-31805.19,1.93,46.42,51.0,1997777.200000001,-1268333.36,1331.5,0.67,0.88,0.006,0.01,426.0,426.0,157.0,269.0,36.85,22843.69,-12183.84,1.11,26.55,20.71,189977.40000000008,-92408.75999999997,30.9,0.44,0.57,0.0046,0.01,2499.0,2499.0,907.0,1588.0,36.29,115308.48,-55071.04,1.79,43.07,51.0,2631519.9000000013,-1280023.2599999993,1713.2,0.63,0.83,0.0058,0.01
GAZP,macd,1h,Bayesian_TPE,6,2.246,14,25,5,False,360.11,0.208,0.178,33.35,1476,34.62,False,"{""sampler"":""TPESampler"",""seed"":42,""n_trials"":50,""direction"":""maximize"",""objective"":""composite = Sharpe * (Return% / MaxDD%)""}","{""macd_fast"":14,""macd_slow"":25,""macd_signal"":5,""allowshort"":false}",2014-01-01,2024-12-31,2025-01-01,2026-04-20,2014-01-01,2026-04-20,2951.0,1476.0,511.0,962.0,34.62,41214.18,-18149.06,1.34,32.15,33.35,1321631.4900000002,-985923.0499999996,360.11,0.53,0.45,0.0043,0.01,622.0,311.0,98.0,212.0,31.51,16818.76,-7779.01,0.79,19.05,24.39,172631.7000000001,-45310.23999999996,-0.09,0.07,0.07,0.0033,0.0,3573.0,1787.0,608.0,1175.0,34.02,46534.14,-21144.48,1.25,29.92,33.35,1321631.4900000002,-985923.0499999996,344.8,0.46,0.4,0.0041,0.01
GAZP,macd,1h,Bayesian_TPE,7,2.651,17,29,6,True,688.94,0.215,0.274,55.87,2505,34.77,True,"{""sampler"":""TPESampler"",""seed"":42,""n_trials"":50,""direction"":""maximize"",""objective"":""composite = Sharpe * (Return% / MaxDD%)""}","{""macd_fast"":17,""macd_slow"":29,""macd_signal"":6,""allowshort"":true}",2014-01-01,2024-12-31,2025-01-01,2026-04-20,2014-01-01,2026-04-20,2505.0,2505.0,871.0,1629.0,34.77,43777.06,-19177.64,1.6,38.41,55.87,1274086.0400000005,-783349.7999999998,688.94,0.55,0.7,0.006,0.01,518.0,518.0,189.0,328.0,36.49,22862.26,-11705.44,0.91,21.84,22.28,202943.16000000012,-72399.75000000015,48.16,0.61,0.81,0.0046,0.01,3023.0,3023.0,1059.0,1958.0,35.03,66984.19,-30962.99,1.48,35.6,55.87,1549417.800000001,-783349.7999999998,1031.07,0.55,0.7,0.0058,0.01
GAZP,macd,1h,Bayesian_TPE,8,3.226,6,35,5,True,677.4,0.213,0.266,44.72,3875,34.97,True,"{""sampler"":""TPESampler"",""seed"":42,""n_trials"":50,""direction"":""maximize"",""objective"":""composite = Sharpe * (Return% / MaxDD%)""}","{""macd_fast"":6,""macd_slow"":35,""macd_signal"":5,""allowshort"":true}",2014-01-01,2024-12-31,2025-01-01,2026-04-20,2014-01-01,2026-04-20,3875.0,3875.0,1355.0,2510.0,34.97,44081.13,-21097.97,1.03,24.83,44.72,2041821.87,-1013864.9499999996,677.4,0.54,0.68,0.0061,0.01,806.0,806.0,265.0,537.0,32.88,18617.37,-8393.46,0.58,14.03,21.55,166201.65000000005,-56021.70000000006,42.63,0.55,0.78,0.0047,0.01,4681.0,4681.0,1619.0,3048.0,34.59,59792.94,-28568.03,0.96,22.99,44.72,2041821.87,-1013864.9499999996,972.94,0.54,0.68,0.0059,0.01
GAZP,macd,1h,Bayesian_TPE,9,9.716,15,29,10,True,1523.0,0.274,0.36,42.95,2109,36.23,True,"{""sampler"":""TPESampler"",""seed"":42,""n_trials"":50,""direction"":""maximize"",""objective"":""composite = Sharpe * (Return% / MaxDD%)""}","{""macd_fast"":15,""macd_slow"":29,""macd_signal"":10,""allowshort"":true}",2014-01-01,2024-12-31,2025-01-01,2026-04-20,2014-01-01,2026-04-20,2109.0,2109.0,764.0,1342.0,36.23,84911.0,-36991.08,1.9,45.63,42.95,2394051.140000001,-1543213.7600000002,1523.0,0.7,0.92,0.006,0.01,428.0,428.0,163.0,264.0,38.08,23117.27,-12554.41,1.1,26.43,19.36,192553.2000000001,-93661.67999999996,45.37,0.58,0.75,0.0046,0.01,2537.0,2537.0,926.0,1607.0,36.5,133561.19,-63377.08,1.77,42.42,42.95,3024232.2000000016,-1543213.7600000002,2183.07,0.67,0.88,0.0058,0.01
GAZP,macd,1h,Bayesian_TPE,10,1.285,20,48,15,False,283.7,0.185,0.143,40.84,714,38.38,False,"{""sampler"":""TPESampler"",""seed"":42,""n_trials"":50,""direction"":""maximize"",""objective"":""composite = Sharpe * (Return% / MaxDD%)""}","{""macd_fast"":20,""macd_slow"":48,""macd_signal"":15,""allowshort"":false}",2014-01-01,2024-12-31,2025-01-01,2026-04-20,2014-01-01,2026-04-20,1427.0,714.0,274.0,440.0,38.38,48719.51,-23891.27,2.69,64.55,40.84,857279.66,-1172915.0999999996,283.7,0.47,0.37,0.0044,0.01,306.0,153.0,49.0,104.0,32.03,26248.96,-11841.68,1.51,36.24,21.88,144860.70000000016,-46177.55999999998,5.47,0.16,0.16,0.0033,0.0,1733.0,867.0,322.0,545.0,37.14,56161.01,-27831.34,2.49,59.65,40.84,857279.66,-1172915.0999999996,291.58,0.42,0.33,0.0043,0.0
GAZP,macd,1h,Bayesian_TPE,11,9.065,11,41,12,True,1530.55,0.275,0.359,46.43,2035,35.97,True,"{""sampler"":""TPESampler"",""seed"":42,""n_trials"":50,""direction"":""maximize"",""objective"":""composite = Sharpe * (Return% / MaxDD%)""}","{""macd_fast"":11,""macd_slow"":41,""macd_signal"":12,""allowshort"":true}",2014-01-01,2024-12-31,2025-01-01,2026-04-20,2014-01-01,2026-04-20,2035.0,2035.0,732.0,1300.0,35.97,92681.74,-40413.46,1.97,47.29,46.43,2664629.0400000005,-1470397.7600000002,1530.55,0.7,0.92,0.006,0.01,418.0,418.0,148.0,269.0,35.41,21185.1,-11084.77,1.13,27.06,20.4,177425.71000000002,-87858.05999999995,15.36,0.28,0.36,0.0046,0.01,2453.0,2453.0,879.0,1570.0,35.83,133276.2,-63661.8,1.83,43.87,46.43,2799378.1200000006,-1470397.7600000002,1720.07,0.63,0.83,0.0058,0.01
GAZP,macd,1h,Bayesian_TPE,12,9.115,10,36,12,True,1427.95,0.269,0.353,42.14,2159,35.62,True,"{""sampler"":""TPESampler"",""seed"":42,""n_trials"":50,""direction"":""maximize"",""objective"":""composite = Sharpe * (Return% / MaxDD%)""}","{""macd_fast"":10,""macd_slow"":36,""macd_signal"":12,""allowshort"":true}",2014-01-01,2024-12-31,2025-01-01,2026-04-20,2014-01-01,2026-04-20,2159.0,2159.0,769.0,1386.0,35.62,83761.17,-36170.86,1.86,44.57,42.14,2468606.8200000008,-1519063.12,1427.95,0.69,0.9,0.006,0.01,456.0,456.0,162.0,293.0,35.53,21888.01,-11194.64,1.03,24.81,20.22,193841.1000000001,-62994.360000000146,26.58,0.4,0.52,0.0046,0.01,2615.0,2615.0,930.0,1680.0,35.56,125468.5,-58911.23,1.71,41.15,42.14,2866136.4000000013,-1519063.12,1771.48,0.64,0.84,0.0058,0.01
GAZP,macd,1h,Bayesian_TPE,13,8.62,17,43,8,True,1482.75,0.273,0.357,46.96,2005,34.91,True,"{""sampler"":""TPESampler"",""seed"":42,""n_trials"":50,""direction"":""maximize"",""objective"":""composite = Sharpe * (Return% / MaxDD%)""}","{""macd_fast"":17,""macd_slow"":43,""macd_signal"":8,""allowshort"":true}",2014-01-01,2024-12-31,2025-01-01,2026-04-20,2014-01-01,2026-04-20,2005.0,2005.0,700.0,1300.0,34.91,91358.92,-37787.47,2.0,47.99,46.96,2477501.01,-1368012.8100000003,1482.75,0.69,0.91,0.006,0.01,418.0,418.0,146.0,271.0,34.93,21747.05,-11050.21,1.13,27.06,18.53,189288.75,-68071.83999999998,18.05,0.31,0.4,0.0046,0.01,2423.0,2423.0,845.0,1572.0,34.87,133042.79,-60650.21,1.85,44.42,46.96,2898971.25,-1368012.8100000003,1707.9,0.63,0.83,0.0058,0.01
GAZP,macd,1h,Bayesian_TPE,14,7.953,5,35,11,True,1351.97,0.264,0.341,44.88,3027,34.23,True,"{""sampler"":""TPESampler"",""seed"":42,""n_trials"":50,""direction"":""maximize"",""objective"":""composite = Sharpe * (Return% / MaxDD%)""}","{""macd_fast"":5,""macd_slow"":35,""macd_signal"":11,""allowshort"":true}",2014-01-01,2024-12-31,2025-01-01,2026-04-20,2014-01-01,2026-04-20,3027.0,3027.0,1036.0,1983.0,34.23,73112.08,-31378.94,1.32,31.79,44.88,2616991.5000000005,-1583318.3999999997,1351.97,0.67,0.87,0.0061,0.01,634.0,634.0,215.0,413.0,33.91,17591.84,-8952.42,0.74,17.84,26.43,167545.20000000013,-56956.380000000085,8.49,0.2,0.27,0.0047,0.0,3661.0,3661.0,1250.0,2397.0,34.14,102841.15,-47688.37,1.22,29.4,44.88,2616991.5000000005,-1583318.3999999997,1424.24,0.6,0.78,0.0058,0.01
GAZP,macd,1h,Bayesian_TPE,15,7.286,13,41,8,True,1236.04,0.258,0.338,43.77,2255,35.12,True,"{""sampler"":""TPESampler"",""seed"":42,""n_trials"":50,""direction"":""maximize"",""objective"":""composite = Sharpe * (Return% / MaxDD%)""}","{""macd_fast"":13,""macd_slow"":41,""macd_signal"":8,""allowshort"":true}",2014-01-01,2024-12-31,2025-01-01,2026-04-20,2014-01-01,2026-04-20,2255.0,2255.0,792.0,1460.0,35.12,73705.08,-31516.42,1.78,42.67,43.77,2201479.960000001,-1331258.5200000005,1236.04,0.66,0.86,0.006,0.01,482.0,482.0,166.0,316.0,34.44,24241.86,-11572.91,0.98,23.47,19.73,200207.7000000001,-70127.20000000016,36.71,0.5,0.67,0.0046,0.01,2737.0,2737.0,957.0,1777.0,34.97,115222.26,-52669.32,1.64,39.32,43.77,2588581.800000001,-1331258.5200000005,1667.43,0.63,0.82,0.0058,0.01
GAZP,macd,1h,Bayesian_TPE,16,2.118,20,32,15,True,568.45,0.198,0.228,53.13,1591,36.58,True,"{""sampler"":""TPESampler"",""seed"":42,""n_trials"":50,""direction"":""maximize"",""objective"":""composite = Sharpe * (Return% / MaxDD%)""}","{""macd_fast"":20,""macd_slow"":32,""macd_signal"":15,""allowshort"":true}",2014-01-01,2024-12-31,2025-01-01,2026-04-20,2014-01-01,2026-04-20,1591.0,1591.0,582.0,1008.0,36.58,54686.52,-25935.56,2.52,60.48,53.13,1016001.3800000004,-1298160.4999999995,568.45,0.51,0.58,0.0063,0.01,328.0,328.0,121.0,206.0,36.89,24885.21,-12809.27,1.44,34.49,15.46,166471.92000000013,-78108.0,37.24,0.51,0.66,0.0046,0.02,1919.0,1919.0,702.0,1215.0,36.58,72987.92,-35687.76,2.34,56.08,53.13,1076895.8700000008,-1298160.4999999995,787.69,0.5,0.58,0.0061,0.01
GAZP,macd,1h,Bayesian_TPE,17,9.28,15,45,9,True,1575.61,0.277,0.364,47.03,1989,35.14,True,"{""sampler"":""TPESampler"",""seed"":42,""n_trials"":50,""direction"":""maximize"",""objective"":""composite = Sharpe * (Return% / MaxDD%)""}","{""macd_fast"":15,""macd_slow"":45,""macd_signal"":9,""allowshort"":true}",2014-01-01,2024-12-31,2025-01-01,2026-04-20,2014-01-01,2026-04-20,1989.0,1989.0,699.0,1287.0,35.14,94832.21,-39263.07,2.02,48.38,47.03,2600424.25,-1449889.1900000006,1575.61,0.71,0.93,0.006,0.01,412.0,412.0,145.0,267.0,35.19,22007.16,-11199.79,1.14,27.46,17.56,189945.0,-68307.83999999998,20.07,0.33,0.43,0.0046,0.01,2401.0,2401.0,843.0,1555.0,35.11,139811.32,-63918.39,1.87,44.82,47.03,3079886.25,-1449889.1900000006,1846.78,0.65,0.85,0.0058,0.01
GAZP,macd,1h,Bayesian_TPE,18,1.541,9,31,13,False,262.93,0.183,0.154,31.22,1143,35.17,False,"{""sampler"":""TPESampler"",""seed"":42,""n_trials"":50,""direction"":""maximize"",""objective"":""composite = Sharpe * (Return% / MaxDD%)""}","{""macd_fast"":9,""macd_slow"":31,""macd_signal"":13,""allowshort"":false}",2014-01-01,2024-12-31,2025-01-01,2026-04-20,2014-01-01,2026-04-20,2285.0,1143.0,402.0,740.0,35.17,37193.08,-16651.82,1.71,41.14,31.22,958505.6800000004,-740229.0499999998,262.93,0.47,0.39,0.0042,0.01,464.0,232.0,78.0,154.0,33.62,24383.94,-10440.11,1.04,24.84,13.77,195976.2000000001,-59471.32999999986,29.42,0.53,0.53,0.0033,0.01,2749.0,1375.0,479.0,895.0,34.84,44984.38,-20114.63,1.6,38.45,31.22,958505.6800000004,-740229.0499999998,354.49,0.46,0.4,0.0041,0.01
GAZP,macd,1h,Bayesian_TPE,19,9.455,12,38,11,True,1505.87,0.273,0.358,43.48,2077,35.92,True,"{""sampler"":""TPESampler"",""seed"":42,""n_trials"":50,""direction"":""maximize"",""objective"":""composite = Sharpe * (Return% / MaxDD%)""}","{""macd_fast"":12,""macd_slow"":38,""macd_signal"":11,""allowshort"":true}",2014-01-01,2024-12-31,2025-01-01,2026-04-20,2014-01-01,2026-04-20,2077.0,2077.0,746.0,1328.0,35.92,90035.39,-39237.71,1.93,46.33,43.48,2565641.5500000007,-1498674.64,1505.87,0.7,0.91,0.006,0.01,430.0,430.0,155.0,274.0,36.05,20143.34,-10924.96,1.1,26.31,18.39,181030.08000000005,-89642.87999999995,12.88,0.25,0.33,0.0046,0.01,2507.0,2507.0,900.0,1603.0,35.9,128359.47,-61748.84,1.79,42.93,43.48,2813198.850000001,-1498674.64,1654.01,0.63,0.82,0.0058,0.01
GAZP,macd,1h,Bayesian_TPE,20,7.116,8,21,7,True,1162.54,0.253,0.324,41.33,3241,37.09,True,"{""sampler"":""TPESampler"",""seed"":42,""n_trials"":50,""direction"":""maximize"",""objective"":""composite = Sharpe * (Return% / MaxDD%)""}","{""macd_fast"":8,""macd_slow"":21,""macd_signal"":7,""allowshort"":true}",2014-01-01,2024-12-31,2025-01-01,2026-04-20,2014-01-01,2026-04-20,3241.0,3241.0,1202.0,2034.0,37.09,56502.38,-27674.77,1.24,29.69,41.33,1940693.37,-1048512.0,1162.54,0.64,0.83,0.006,0.01,638.0,638.0,236.0,399.0,36.99,18361.27,-9706.61,0.74,17.73,36.66,180712.55000000008,-51534.33999999992,46.03,0.59,0.79,0.0047,0.01,3879.0,3879.0,1437.0,2434.0,37.05,83901.38,-42615.32,1.16,27.74,41.33,2207904.250000001,-1048512.0,1684.06,0.63,0.81,0.0058,0.01
GAZP,macd,1h,Bayesian_TPE,21,11.57,12,37,11,True,1697.88,0.283,0.37,41.53,2085,35.83,True,"{""sampler"":""TPESampler"",""seed"":42,""n_trials"":50,""direction"":""maximize"",""objective"":""composite = Sharpe * (Return% / MaxDD%)""}","{""macd_fast"":12,""macd_slow"":37,""macd_signal"":11,""allowshort"":true}",2014-01-01,2024-12-31,2025-01-01,2026-04-20,2014-01-01,2026-04-20,2085.0,2085.0,747.0,1335.0,35.83,99802.83,-43126.52,1.92,46.15,41.53,2847201.5400000005,-1686600.6,1697.88,0.72,0.94,0.006,0.01,432.0,432.0,159.0,272.0,36.81,19783.18,-11085.81,1.09,26.19,19.77,185190.30000000008,-90080.21999999994,13.02,0.25,0.33,0.0046,0.01,2517.0,2517.0,905.0,1608.0,35.96,142649.32,-68678.93,1.78,42.76,41.53,3222058.5000000014,-1686600.6,1866.19,0.65,0.85,0.0058,0.01
GAZP,macd,1h,Bayesian_TPE,22,2.722,16,46,11,True,679.29,0.21,0.242,52.4,1779,34.85,True,"{""sampler"":""TPESampler"",""seed"":42,""n_trials"":50,""direction"":""maximize"",""objective"":""composite = Sharpe * (Return% / MaxDD%)""}","{""macd_fast"":16,""macd_slow"":46,""macd_signal"":11,""allowshort"":true}",2014-01-01,2024-12-31,2025-01-01,2026-04-20,2014-01-01,2026-04-20,1779.0,1779.0,620.0,1151.0,34.85,62651.24,-27846.08,2.25,54.09,52.4,1461249.65,-1584988.0499999996,679.29,0.54,0.62,0.0063,0.01,374.0,374.0,131.0,242.0,35.03,21264.84,-10948.51,1.26,30.25,17.05,174580.14000000007,-74051.59999999996,13.62,0.26,0.34,0.0046,0.01,2153.0,2153.0,750.0,1394.0,34.84,79696.93,-37449.89,2.08,49.99,52.4,1461249.65,-1584988.0499999996,756.75,0.49,0.57,0.0061,0.01
GAZP,macd,1h,Bayesian_TPE,23,11.165,12,39,13,True,1869.51,0.29,0.381,48.56,1907,36.23,True,"{""sampler"":""TPESampler"",""seed"":42,""n_trials"":50,""direction"":""maximize"",""objective"":""composite = Sharpe * (Return% / MaxDD%)""}","{""macd_fast"":12,""macd_slow"":39,""macd_signal"":13,""allowshort"":true}",2014-01-01,2024-12-31,2025-01-01,2026-04-20,2014-01-01,2026-04-20,1907.0,1907.0,691.0,1213.0,36.23,105495.12,-44684.28,2.1,50.46,48.56,2731988.5,-1513080.3400000008,1869.51,0.74,0.97,0.006,0.01,392.0,392.0,145.0,247.0,36.99,22417.35,-11971.73,1.2,28.86,14.8,176614.13000000003,-87456.17999999995,29.35,0.43,0.56,0.0046,0.01,2299.0,2299.0,835.0,1461.0,36.32,161256.44,-75974.01,1.95,46.81,48.56,3366242.880000001,-1666903.679999999,2365.11,0.69,0.9,0.0058,0.01
GAZP,macd,1h,Bayesian_TPE,24,2.267,12,39,14,True,592.58,0.201,0.231,52.55,1869,36.12,True,"{""sampler"":""TPESampler"",""seed"":42,""n_trials"":50,""direction"":""maximize"",""objective"":""composite = Sharpe * (Return% / MaxDD%)""}","{""macd_fast"":12,""macd_slow"":39,""macd_signal"":14,""allowshort"":true}",2014-01-01,2024-12-31,2025-01-01,2026-04-20,2014-01-01,2026-04-20,1869.0,1869.0,675.0,1189.0,36.12,53301.71,-25275.71,2.15,51.48,52.55,1152762.71,-1361482.84,592.58,0.51,0.59,0.0063,0.01,390.0,390.0,140.0,250.0,35.9,22125.72,-11534.16,1.21,29.01,16.06,185272.5,-66627.51999999999,21.41,0.35,0.45,0.0046,0.01,2259.0,2259.0,814.0,1440.0,36.03,69618.22,-34397.83,1.99,47.64,52.55,1241677.5,-1361482.84,713.64,0.48,0.56,0.0061,0.01
GAZP,macd,1h,Bayesian_TPE,25,9.863,5,50,13,True,1436.36,0.27,0.351,39.32,2687,33.46,True,"{""sampler"":""TPESampler"",""seed"":42,""n_trials"":50,""direction"":""maximize"",""objective"":""composite = Sharpe * (Return% / MaxDD%)""}","{""macd_fast"":5,""macd_slow"":50,""macd_signal"":13,""allowshort"":true}",2014-01-01,2024-12-31,2025-01-01,2026-04-20,2014-01-01,2026-04-20,2687.0,2687.0,899.0,1780.0,33.46,82732.2,-33714.99,1.49,35.81,39.32,2744735.0500000007,-1613471.4499999995,1436.36,0.69,0.9,0.006,0.01,564.0,564.0,186.0,376.0,32.98,20011.31,-9507.93,0.84,20.06,25.18,192858.1200000001,-62826.00000000013,14.71,0.27,0.37,0.0046,0.01,3251.0,3251.0,1084.0,2157.0,33.34,119518.1,-52621.43,1.38,33.1,39.32,2867074.5600000015,-1613471.4499999995,1605.32,0.62,0.81,0.0058,0.01
GAZP,macd,1h,Bayesian_TPE,26,2.6,10,38,14,False,373.93,0.215,0.186,30.92,1008,35.32,False,"{""sampler"":""TPESampler"",""seed"":42,""n_trials"":50,""direction"":""maximize"",""objective"":""composite = Sharpe * (Return% / MaxDD%)""}","{""macd_fast"":10,""macd_slow"":38,""macd_signal"":14,""allowshort"":false}",2014-01-01,2024-12-31,2025-01-01,2026-04-20,2014-01-01,2026-04-20,2015.0,1008.0,356.0,651.0,35.32,50312.0,-21769.19,1.95,46.92,30.92,1237921.62,-904314.0400000002,373.93,0.55,0.47,0.0042,0.01,412.0,206.0,68.0,138.0,33.01,21023.69,-9794.53,1.17,28.18,20.63,181435.87,-45710.40000000003,7.8,0.21,0.2,0.0032,0.0,2427.0,1214.0,423.0,790.0,34.84,57729.59,-25919.28,1.83,43.81,30.92,1237921.62,-904314.0400000002,394.34,0.49,0.43,0.004,0.01
GAZP,macd,1h,Bayesian_TPE,27,5.858,8,44,12,True,1039.18,0.245,0.318,43.46,2303,34.95,True,"{""sampler"":""TPESampler"",""seed"":42,""n_trials"":50,""direction"":""maximize"",""objective"":""composite = Sharpe * (Return% / MaxDD%)""}","{""macd_fast"":8,""macd_slow"":44,""macd_signal"":12,""allowshort"":true}",2014-01-01,2024-12-31,2025-01-01,2026-04-20,2014-01-01,2026-04-20,2303.0,2303.0,805.0,1495.0,34.95,64775.76,-27928.24,1.74,41.78,43.46,1829025.3200000003,-1102555.6,1039.18,0.63,0.81,0.006,0.01,502.0,502.0,165.0,336.0,32.87,24757.7,-11253.41,0.94,22.53,25.98,199478.7000000001,-72163.52000000016,30.39,0.44,0.59,0.0046,0.01,2805.0,2805.0,969.0,1832.0,34.55,100166.44,-45681.54,1.6,38.37,43.46,2198931.300000001,-1102555.6,1337.27,0.59,0.77,0.0058,0.01
GAZP,macd,1h,Bayesian_TPE,28,5.169,11,32,15,True,1088.41,0.249,0.325,52.43,1983,36.01,True,"{""sampler"":""TPESampler"",""seed"":42,""n_trials"":50,""direction"":""maximize"",""objective"":""composite = Sharpe * (Return% / MaxDD%)""}","{""macd_fast"":11,""macd_slow"":32,""macd_signal"":15,""allowshort"":true}",2014-01-01,2024-12-31,2025-01-01,2026-04-20,2014-01-01,2026-04-20,1983.0,1983.0,714.0,1267.0,36.01,70229.48,-30986.35,2.02,48.52,52.43,1862352.96,-1142240.32,1088.41,0.63,0.83,0.006,0.01,406.0,406.0,150.0,256.0,36.95,21384.44,-11540.54,1.16,27.86,16.77,178356.64000000004,-88319.03999999995,25.33,0.39,0.5,0.0046,0.01,2389.0,2389.0,863.0,1524.0,36.12,100709.52,-48228.48,1.88,45.05,52.43,2051077.4900000005,-1142240.32,1341.21,0.59,0.77,0.0058,0.01
GAZP,macd,1h,Bayesian_TPE,29,12.941,9,48,13,True,1841.7,0.289,0.379,41.13,2071,35.78,True,"{""sampler"":""TPESampler"",""seed"":42,""n_trials"":50,""direction"":""maximize"",""objective"":""composite = Sharpe * (Return% / MaxDD%)""}","{""macd_fast"":9,""macd_slow"":48,""macd_signal"":13,""allowshort"":true}",2014-01-01,2024-12-31,2025-01-01,2026-04-20,2014-01-01,2026-04-20,2071.0,2071.0,741.0,1326.0,35.78,106932.5,-45867.24,1.94,46.46,41.13,3199466.880000001,-1694124.9200000002,1841.7,0.74,0.97,0.006,0.01,434.0,434.0,147.0,286.0,33.87,20620.65,-10263.4,1.09,26.06,22.77,176303.82000000004,-57514.60000000013,9.59,0.21,0.28,0.0046,0.0,2505.0,2505.0,887.0,1613.0,35.41,153322.98,-72167.96,1.79,42.96,41.13,3312630.860000001,-1694124.9200000002,1959.06,0.66,0.86,0.0058,0.01
GAZP,macd,1h,Bayesian_TPE,30,8.741,11,47,13,True,1538.46,0.275,0.363,48.4,1929,35.2,True,"{""sampler"":""TPESampler"",""seed"":42,""n_trials"":50,""direction"":""maximize"",""objective"":""composite = Sharpe * (Return% / MaxDD%)""}","{""macd_fast"":11,""macd_slow"":47,""macd_signal"":13,""allowshort"":true}",2014-01-01,2024-12-31,2025-01-01,2026-04-20,2014-01-01,2026-04-20,1929.0,1929.0,679.0,1245.0,35.2,96997.19,-40543.34,2.08,49.88,48.4,2694305.9,-1475528.470000001,1538.46,0.7,0.93,0.006,0.01,408.0,408.0,146.0,262.0,35.78,22347.23,-11477.4,1.16,27.73,16.38,191283.75,-68789.27999999998,25.56,0.39,0.51,0.0046,0.01,2337.0,2337.0,824.0,1508.0,35.26,142508.32,-65331.51,1.92,46.05,48.4,3032872.5,-1475528.470000001,1890.69,0.65,0.86,0.0058,0.01
GAZP,macd,1h,Bayesian_TPE,31,8.678,9,50,14,True,1469.92,0.272,0.357,46.07,2011,34.76,True,"{""sampler"":""TPESampler"",""seed"":42,""n_trials"":50,""direction"":""maximize"",""objective"":""composite = Sharpe * (Return% / MaxDD%)""}","{""macd_fast"":9,""macd_slow"":50,""macd_signal"":14,""allowshort"":true}",2014-01-01,2024-12-31,2025-01-01,2026-04-20,2014-01-01,2026-04-20,2011.0,2011.0,699.0,1309.0,34.76,93224.37,-38552.03,1.99,47.85,46.07,2577424.87,-1437190.4900000007,1469.92,0.69,0.91,0.006,0.01,428.0,428.0,146.0,281.0,34.11,21636.32,-10617.87,1.1,26.43,18.79,189288.75,-55744.560000000165,17.53,0.3,0.4,0.0046,0.01,2439.0,2439.0,844.0,1591.0,34.6,133881.1,-60428.48,1.84,44.12,46.07,2875477.5,-1437190.4900000007,1685.39,0.63,0.83,0.0058,0.01
GAZP,macd,1h,Bayesian_TPE,32,2.677,13,42,13,True,671.29,0.209,0.242,52.4,1849,35.1,True,"{""sampler"":""TPESampler"",""seed"":42,""n_trials"":50,""direction"":""maximize"",""objective"":""composite = Sharpe * (Return% / MaxDD%)""}","{""macd_fast"":13,""macd_slow"":42,""macd_signal"":13,""allowshort"":true}",2014-01-01,2024-12-31,2025-01-01,2026-04-20,2014-01-01,2026-04-20,1849.0,1849.0,649.0,1192.0,35.1,57957.35,-25923.99,2.17,52.04,52.4,1284846.72,-1404837.7499999998,671.29,0.53,0.62,0.0063,0.01,384.0,384.0,137.0,247.0,35.68,22066.8,-11492.44,1.23,29.46,17.73,186585.0,-67099.51999999999,18.45,0.31,0.41,0.0046,0.01,2233.0,2233.0,785.0,1440.0,35.15,76560.9,-36291.63,2.01,48.2,52.4,1392588.75,-1404837.7499999998,784.04,0.5,0.58,0.0061,0.01
GAZP,macd,1h,Bayesian_TPE,33,8.636,7,48,12,True,1270.82,0.26,0.338,38.26,2407,34.48,True,"{""sampler"":""TPESampler"",""seed"":42,""n_trials"":50,""direction"":""maximize"",""objective"":""composite = Sharpe * (Return% / MaxDD%)""}","{""macd_fast"":7,""macd_slow"":48,""macd_signal"":12,""allowshort"":true}",2014-01-01,2024-12-31,2025-01-01,2026-04-20,2014-01-01,2026-04-20,2407.0,2407.0,830.0,1572.0,34.48,75088.29,-31561.78,1.67,39.98,38.26,2295018.2000000007,-1343151.8,1270.82,0.66,0.86,0.006,0.01,516.0,516.0,173.0,341.0,33.53,22833.84,-10882.91,0.91,21.92,26.49,204161.16000000012,-67856.36000000016,23.92,0.37,0.5,0.0046,0.01,2923.0,2923.0,1002.0,1914.0,34.28,114356.92,-51801.84,1.53,36.82,38.26,2708369.1600000015,-1343151.8,1543.69,0.62,0.8,0.0058,0.01
GAZP,macd,1h,Bayesian_TPE,34,3.276,9,46,14,False,450.31,0.233,0.202,32.03,1017,35.4,False,"{""sampler"":""TPESampler"",""seed"":42,""n_trials"":50,""direction"":""maximize"",""objective"":""composite = Sharpe * (Return% / MaxDD%)""}","{""macd_fast"":9,""macd_slow"":46,""macd_signal"":14,""allowshort"":false}",2014-01-01,2024-12-31,2025-01-01,2026-04-20,2014-01-01,2026-04-20,2033.0,1017.0,360.0,655.0,35.4,54979.46,-23342.83,1.92,46.02,32.03,1414099.0499999998,-964205.2,450.31,0.59,0.51,0.0042,0.01,420.0,210.0,67.0,143.0,31.9,21834.63,-9814.67,1.14,27.43,19.7,181316.52000000005,-46249.74000000003,5.94,0.17,0.17,0.0032,0.0,2453.0,1227.0,426.0,799.0,34.72,64618.88,-28643.61,1.79,42.9,32.03,1414099.0499999998,-964205.2,464.14,0.53,0.46,0.004,0.01
GAZP,macd,1h,Bayesian_TPE,35,5.211,6,40,11,True,1125.38,0.25,0.325,53.99,2725,34.13,True,"{""sampler"":""TPESampler"",""seed"":42,""n_trials"":50,""direction"":""maximize"",""objective"":""composite = Sharpe * (Return% / MaxDD%)""}","{""macd_fast"":6,""macd_slow"":40,""macd_signal"":11,""allowshort"":true}",2014-01-01,2024-12-31,2025-01-01,2026-04-20,2014-01-01,2026-04-20,2725.0,2725.0,930.0,1789.0,34.13,55231.47,-22421.18,1.47,35.31,53.99,1733483.6999999995,-1058315.4,1125.38,0.64,0.83,0.0061,0.01,574.0,574.0,197.0,375.0,34.32,18114.84,-9263.85,0.82,19.71,27.59,173696.28000000003,-60766.95000000013,9.47,0.21,0.28,0.0046,0.0,3299.0,3299.0,1126.0,2165.0,34.13,82946.77,-37606.71,1.36,32.62,53.99,2059544.9400000004,-1058315.4,1197.95,0.57,0.74,0.0058,0.01
GAZP,macd,1h,Bayesian_TPE,36,2.52,14,37,13,True,641.72,0.206,0.238,52.46,1829,35.76,True,"{""sampler"":""TPESampler"",""seed"":42,""n_trials"":50,""direction"":""maximize"",""objective"":""composite = Sharpe * (Return% / MaxDD%)""}","{""macd_fast"":14,""macd_slow"":37,""macd_signal"":13,""allowshort"":true}",2014-01-01,2024-12-31,2025-01-01,2026-04-20,2014-01-01,2026-04-20,1829.0,1829.0,654.0,1168.0,35.76,57804.96,-26872.64,2.19,52.61,52.46,1287445.52,-1505831.0999999996,641.72,0.53,0.61,0.0063,0.01,384.0,384.0,136.0,248.0,35.42,21663.92,-11443.08,1.23,29.46,20.07,185062.5,-66551.99999999999,10.84,0.23,0.29,0.0046,0.01,2213.0,2213.0,789.0,1417.0,35.65,74622.34,-36641.97,2.03,48.63,52.46,1328276.25,-1505831.0999999996,695.54,0.48,0.56,0.0061,0.01
GAZP,macd,1h,Bayesian_TPE,37,3.388,10,34,14,False,425.95,0.227,0.196,28.54,1041,34.97,False,"{""sampler"":""TPESampler"",""seed"":42,""n_trials"":50,""direction"":""maximize"",""objective"":""composite = Sharpe * (Return% / MaxDD%)""}","{""macd_fast"":10,""macd_slow"":34,""macd_signal"":14,""allowshort"":false}",2014-01-01,2024-12-31,2025-01-01,2026-04-20,2014-01-01,2026-04-20,2081.0,1041.0,364.0,676.0,34.97,54659.88,-23131.22,1.88,45.2,28.54,1386289.5900000003,-1014508.9200000002,425.95,0.58,0.5,0.0042,0.01,432.0,216.0,75.0,141.0,34.72,20186.24,-9954.44,1.12,26.78,20.15,188689.5000000001,-51843.77999999988,11.04,0.26,0.25,0.0032,0.0,2513.0,1257.0,438.0,818.0,34.84,62896.21,-27992.06,1.75,42.1,28.54,1386289.5900000003,-1014508.9200000002,465.1,0.52,0.46,0.004,0.01
GAZP,macd,1h,Bayesian_TPE,38,7.04,8,44,9,True,1141.21,0.252,0.329,40.85,2597,35.08,True,"{""sampler"":""TPESampler"",""seed"":42,""n_trials"":50,""direction"":""maximize"",""objective"":""composite = Sharpe * (Return% / MaxDD%)""}","{""macd_fast"":8,""macd_slow"":44,""macd_signal"":9,""allowshort"":true}",2014-01-01,2024-12-31,2025-01-01,2026-04-20,2014-01-01,2026-04-20,2597.0,2597.0,911.0,1680.0,35.08,65211.49,-28568.77,1.54,37.05,40.85,2122586.2000000007,-1339135.35,1141.21,0.64,0.84,0.006,0.01,540.0,540.0,191.0,348.0,35.37,19775.01,-10222.14,0.87,20.95,24.64,184426.90000000017,-65090.40000000013,21.97,0.35,0.47,0.0046,0.01,3137.0,3137.0,1101.0,2029.0,35.1,94901.88,-44769.67,1.43,34.31,40.85,2215241.250000002,-1339135.35,1364.93,0.59,0.78,0.0058,0.01
GAZP,macd,1h,Bayesian_TPE,39,12.014,6,49,12,True,1691.32,0.282,0.369,39.7,2577,34.15,True,"{""sampler"":""TPESampler"",""seed"":42,""n_trials"":50,""direction"":""maximize"",""objective"":""composite = Sharpe * (Return% / MaxDD%)""}","{""macd_fast"":6,""macd_slow"":49,""macd_signal"":12,""allowshort"":true}",2014-01-01,2024-12-31,2025-01-01,2026-04-20,2014-01-01,2026-04-20,2577.0,2577.0,880.0,1690.0,34.15,92112.94,-37956.32,1.56,37.34,39.7,2997802.360000001,-1759704.2999999996,1691.32,0.72,0.94,0.006,0.01,536.0,536.0,181.0,353.0,33.77,20651.01,-10027.43,0.88,21.1,25.41,194563.32000000012,-63458.70000000013,19.81,0.33,0.44,0.0046,0.01,3113.0,3113.0,1060.0,2044.0,34.05,137426.77,-61597.0,1.44,34.57,39.7,3372836.8800000018,-1759704.2999999996,1976.81,0.66,0.86,0.0058,0.01
GAZP,macd,1h,Bayesian_TPE,40,9.693,6,48,12,True,1487.41,0.272,0.356,41.74,2593,33.94,True,"{""sampler"":""TPESampler"",""seed"":42,""n_trials"":50,""direction"":""maximize"",""objective"":""composite = Sharpe * (Return% / MaxDD%)""}","{""macd_fast"":6,""macd_slow"":48,""macd_signal"":12,""allowshort"":true}",2014-01-01,2024-12-31,2025-01-01,2026-04-20,2014-01-01,2026-04-20,2593.0,2593.0,880.0,1706.0,33.94,83051.86,-34121.67,1.55,37.11,41.74,2682486.770000001,-1650423.0999999996,1487.41,0.69,0.91,0.006,0.01,534.0,534.0,182.0,350.0,34.08,20809.56,-10237.49,0.88,21.18,25.43,194563.32000000012,-63591.90000000013,20.42,0.34,0.45,0.0046,0.01,3127.0,3127.0,1061.0,2057.0,33.93,123566.05,-55229.17,1.43,34.42,41.74,2988898.920000002,-1650423.0999999996,1749.72,0.64,0.83,0.0058,0.01
GAZP,macd,1h,Bayesian_TPE,41,7.706,7,50,12,True,1275.19,0.261,0.338,43.19,2389,34.83,True,"{""sampler"":""TPESampler"",""seed"":42,""n_trials"":50,""direction"":""maximize"",""objective"":""composite = Sharpe * (Return% / MaxDD%)""}","{""macd_fast"":7,""macd_slow"":50,""macd_signal"":12,""allowshort"":true}",2014-01-01,2024-12-31,2025-01-01,2026-04-20,2014-01-01,2026-04-20,2389.0,2389.0,832.0,1553.0,34.83,72469.06,-30613.23,1.68,40.28,43.19,2155364.0400000005,-1281258.2000000002,1275.19,0.66,0.86,0.006,0.01,512.0,512.0,171.0,340.0,33.4,22642.41,-10712.45,0.92,22.09,25.8,203162.4000000001,-65831.48000000016,22.96,0.36,0.49,0.0046,0.01,2901.0,2901.0,1002.0,1894.0,34.54,111457.87,-50854.48,1.55,37.1,43.19,2703692.0400000014,-1281258.2000000002,1536.24,0.61,0.8,0.0058,0.01
GAZP,macd,1h,Bayesian_TPE,42,7.395,5,49,10,True,1237.6,0.257,0.339,43.01,3021,33.17,True,"{""sampler"":""TPESampler"",""seed"":42,""n_trials"":50,""direction"":""maximize"",""objective"":""composite = Sharpe * (Return% / MaxDD%)""}","{""macd_fast"":5,""macd_slow"":49,""macd_signal"":10,""allowshort"":true}",2014-01-01,2024-12-31,2025-01-01,2026-04-20,2014-01-01,2026-04-20,3021.0,3021.0,1002.0,2009.0,33.17,76180.49,-31835.16,1.33,31.85,43.01,2815104.2399999993,-1705378.4499999995,1237.6,0.66,0.86,0.0061,0.01,626.0,626.0,209.0,415.0,33.39,17861.25,-8861.88,0.75,18.07,28.52,170335.32000000004,-62276.55000000013,5.53,0.16,0.22,0.0046,0.0,3647.0,3647.0,1210.0,2425.0,33.18,102763.27,-46055.47,1.23,29.51,43.01,2815104.2399999993,-1705378.4499999995,1265.9,0.58,0.77,0.0058,0.01
GAZP,macd,1h,Bayesian_TPE,43,10.118,6,46,11,True,1573.7,0.275,0.366,42.77,2701,34.1,True,"{""sampler"":""TPESampler"",""seed"":42,""n_trials"":50,""direction"":""maximize"",""objective"":""composite = Sharpe * (Return% / MaxDD%)""}","{""macd_fast"":6,""macd_slow"":46,""macd_signal"":11,""allowshort"":true}",2014-01-01,2024-12-31,2025-01-01,2026-04-20,2014-01-01,2026-04-20,2701.0,2701.0,921.0,1773.0,34.1,83505.66,-34501.83,1.48,35.63,42.77,2825283.790000001,-1767069.4499999995,1573.7,0.7,0.93,0.0061,0.01,558.0,558.0,192.0,364.0,34.41,19052.01,-9656.43,0.84,20.27,25.7,184232.10000000015,-62692.80000000013,14.3,0.27,0.36,0.0046,0.0,3259.0,3259.0,1112.0,2138.0,34.12,122093.51,-55311.54,1.38,33.02,42.77,2983824.6500000027,-1767069.4499999995,1751.19,0.63,0.84,0.0058,0.01
GAZP,macd,1h,Bayesian_TPE,44,3.393,12,23,13,True,769.39,0.223,0.287,50.57,2149,36.81,True,"{""sampler"":""TPESampler"",""seed"":42,""n_trials"":50,""direction"":""maximize"",""objective"":""composite = Sharpe * (Return% / MaxDD%)""}","{""macd_fast"":12,""macd_slow"":23,""macd_signal"":13,""allowshort"":true}",2014-01-01,2024-12-31,2025-01-01,2026-04-20,2014-01-01,2026-04-20,2149.0,2149.0,791.0,1353.0,36.81,46312.96,-21389.24,1.87,44.78,50.57,1227950.6800000004,-792540.4999999999,769.39,0.57,0.73,0.006,0.01,436.0,436.0,177.0,258.0,40.6,27243.04,-15564.05,1.08,25.94,20.82,202285.44000000012,-85425.60000000018,80.65,0.86,1.16,0.0046,0.02,2585.0,2585.0,967.0,1612.0,37.41,79628.56,-38959.85,1.73,41.63,50.57,1701887.040000001,-792540.4999999999,1419.75,0.6,0.77,0.0058,0.01
GAZP,macd,1h,Bayesian_TPE,45,3.725,7,27,15,True,868.57,0.232,0.295,54.1,2431,36.53,True,"{""sampler"":""TPESampler"",""seed"":42,""n_trials"":50,""direction"":""maximize"",""objective"":""composite = Sharpe * (Return% / MaxDD%)""}","{""macd_fast"":7,""macd_slow"":27,""macd_signal"":15,""allowshort"":true}",2014-01-01,2024-12-31,2025-01-01,2026-04-20,2014-01-01,2026-04-20,2431.0,2431.0,888.0,1538.0,36.53,49585.31,-22981.86,1.65,39.58,54.1,1479665.6600000004,-935625.85,868.57,0.59,0.75,0.006,0.01,502.0,502.0,190.0,311.0,37.85,19936.05,-11249.8,0.94,22.53,22.11,189759.55000000016,-63492.00000000013,28.92,0.42,0.56,0.0046,0.01,2933.0,2933.0,1077.0,1850.0,36.72,73640.07,-36880.05,1.53,36.69,54.1,1778475.3000000017,-935625.85,1108.23,0.56,0.71,0.0058,0.01
GAZP,macd,1h,Bayesian_TPE,46,3.652,11,43,13,False,469.39,0.237,0.206,30.46,968,35.85,False,"{""sampler"":""TPESampler"",""seed"":42,""n_trials"":50,""direction"":""maximize"",""objective"":""composite = Sharpe * (Return% / MaxDD%)""}","{""macd_fast"":11,""macd_slow"":43,""macd_signal"":13,""allowshort"":false}",2014-01-01,2024-12-31,2025-01-01,2026-04-20,2014-01-01,2026-04-20,1935.0,968.0,347.0,620.0,35.85,57852.98,-24808.18,2.03,48.67,30.46,1442723.82,-1012509.6800000004,469.39,0.6,0.52,0.0042,0.01,404.0,202.0,63.0,139.0,31.19,24471.26,-10118.0,1.19,28.51,19.86,198266.25,-46441.98000000003,13.53,0.3,0.29,0.0033,0.0,2339.0,1170.0,409.0,760.0,34.96,69712.08,-30601.64,1.89,45.26,30.46,1442723.82,-1012509.6800000004,525.5,0.55,0.48,0.004,0.01
GAZP,macd,1h,Bayesian_TPE,47,10.085,5,48,12,True,1562.3,0.275,0.365,42.6,2803,33.29,True,"{""sampler"":""TPESampler"",""seed"":42,""n_trials"":50,""direction"":""maximize"",""objective"":""composite = Sharpe * (Return% / MaxDD%)""}","{""macd_fast"":5,""macd_slow"":48,""macd_signal"":12,""allowshort"":true}",2014-01-01,2024-12-31,2025-01-01,2026-04-20,2014-01-01,2026-04-20,2803.0,2803.0,933.0,1863.0,33.29,88329.69,-35850.03,1.43,34.33,42.6,3104332.410000001,-1960451.8499999996,1562.3,0.7,0.93,0.006,0.01,594.0,594.0,194.0,398.0,32.66,17963.95,-8727.1,0.79,19.04,29.99,183939.90000000017,-59529.30000000012,1.16,0.11,0.15,0.0046,0.0,3397.0,3397.0,1126.0,2262.0,33.15,122635.28,-54295.12,1.32,31.68,42.6,3104332.410000001,-1960451.8499999996,1527.18,0.61,0.81,0.0058,0.01
GAZP,macd,1h,Bayesian_TPE,48,11.117,13,34,10,True,1605.14,0.278,0.365,40.14,2127,35.97,True,"{""sampler"":""TPESampler"",""seed"":42,""n_trials"":50,""direction"":""maximize"",""objective"":""composite = Sharpe * (Return% / MaxDD%)""}","{""macd_fast"":13,""macd_slow"":34,""macd_signal"":10,""allowshort"":true}",2014-01-01,2024-12-31,2025-01-01,2026-04-20,2014-01-01,2026-04-20,2127.0,2127.0,765.0,1360.0,35.97,89273.03,-38413.6,1.88,45.24,40.14,2563901.580000001,-1611114.6800000002,1605.14,0.71,0.93,0.006,0.01,448.0,448.0,168.0,280.0,37.5,21728.54,-11663.13,1.05,25.25,18.49,192869.1000000001,-63703.640000000145,38.47,0.52,0.67,0.0046,0.01,2575.0,2575.0,932.0,1641.0,36.19,137480.69,-64768.5,1.74,41.79,40.14,3182376.6000000015,-1611114.6800000002,2184.69,0.67,0.88,0.0058,0.01
GAZP,macd,1h,Bayesian_TPE,49,5.574,13,33,9,True,1033.12,0.245,0.321,45.41,2245,35.32,True,"{""sampler"":""TPESampler"",""seed"":42,""n_trials"":50,""direction"":""maximize"",""objective"":""composite = Sharpe * (Return% / MaxDD%)""}","{""macd_fast"":13,""macd_slow"":33,""macd_signal"":9,""allowshort"":true}",2014-01-01,2024-12-31,2025-01-01,2026-04-20,2014-01-01,2026-04-20,2245.0,2245.0,793.0,1450.0,35.32,62735.31,-27184.79,1.79,42.86,45.41,1752600.9200000006,-1093574.9600000002,1033.12,0.62,0.82,0.006,0.01,464.0,464.0,174.0,289.0,37.5,24466.83,-12835.97,1.02,24.38,20.27,201408.48000000013,-75561.20000000017,54.76,0.66,0.89,0.0046,0.02,2709.0,2709.0,966.0,1740.0,35.66,99553.25,-46091.48,1.66,39.73,45.41,2208404.5200000014,-1093574.9600000002,1596.93,0.62,0.82,0.0058,0.01
AFKS,macd,1h,Bayesian_TPE,0,1.011,10,49,13,True,420.73,0.162,0.207,67.39,2013,33.13,True,"{""sampler"":""TPESampler"",""seed"":42,""n_trials"":50,""direction"":""maximize"",""objective"":""composite = Sharpe * (Return% / MaxDD%)""}","{""macd_fast"":10,""macd_slow"":49,""macd_signal"":13,""allowshort"":true}",2014-01-01,2024-12-31,2025-01-01,2026-04-20,2014-01-01,2026-04-20,2013.0,2013.0,667.0,1337.0,33.13,127461.5,-60440.9,1.99,47.83,67.39,2085786.9599999997,-1423535.0399999996,420.73,0.41,0.53,0.0087,0.01,408.0,408.0,140.0,267.0,34.31,15029.81,-8850.99,1.16,27.72,40.17,68756.303,-54669.384000000005,-25.9,-0.23,-0.3,0.0053,-0.0,2421.0,2421.0,807.0,1604.0,33.33,118271.83,-57801.21,1.85,44.47,67.39,2085786.9599999997,-1423535.0399999996,273.22,0.33,0.42,0.0082,0.0
AFKS,macd,1h,Bayesian_TPE,1,0.101,7,21,14,False,64.06,0.089,0.079,56.71,1382,33.94,False,"{""sampler"":""TPESampler"",""seed"":42,""n_trials"":50,""direction"":""maximize"",""objective"":""composite = Sharpe * (Return% / MaxDD%)""}","{""macd_fast"":7,""macd_slow"":21,""macd_signal"":14,""allowshort"":false}",2014-01-01,2024-12-31,2025-01-01,2026-04-20,2014-01-01,2026-04-20,2763.0,1382.0,469.0,909.0,33.94,32337.79,-15980.02,1.5,35.99,56.71,644329.5599999999,-199018.0680000001,64.06,0.23,0.2,0.0068,0.0,584.0,292.0,93.0,199.0,31.85,12997.21,-7596.85,0.78,18.7,38.38,63629.097000000074,-33906.44,-30.3,-0.49,-0.45,0.0038,-0.0,3347.0,1674.0,562.0,1108.0,33.57,30305.86,-15275.78,1.38,33.03,56.71,644329.5599999999,-199018.0680000001,10.63,0.14,0.13,0.0064,0.0
AFKS,macd,1h,Bayesian_TPE,2,0.571,5,50,14,True,306.5,0.148,0.193,79.49,2627,31.52,True,"{""sampler"":""TPESampler"",""seed"":42,""n_trials"":50,""direction"":""maximize"",""objective"":""composite = Sharpe * (Return% / MaxDD%)""}","{""macd_fast"":5,""macd_slow"":50,""macd_signal"":14,""allowshort"":true}",2014-01-01,2024-12-31,2025-01-01,2026-04-20,2014-01-01,2026-04-20,2627.0,2627.0,828.0,1783.0,31.52,79452.69,-35177.7,1.53,36.65,79.49,1986762.2400000002,-658199.0399999999,306.5,0.38,0.49,0.0088,0.0,568.0,568.0,176.0,390.0,30.99,12784.91,-6675.22,0.83,19.91,46.64,67939.81999999999,-41139.01599999987,-35.32,-0.39,-0.53,0.0053,-0.0,3195.0,3195.0,1004.0,2173.0,31.42,74204.78,-33574.93,1.4,33.7,79.49,1986762.2400000002,-658199.0399999999,154.33,0.28,0.37,0.0083,0.0
AFKS,macd,1h,Bayesian_TPE,3,0.041,7,29,10,True,42.16,0.089,0.115,91.89,2981,32.27,True,"{""sampler"":""TPESampler"",""seed"":42,""n_trials"":50,""direction"":""maximize"",""objective"":""composite = Sharpe * (Return% / MaxDD%)""}","{""macd_fast"":7,""macd_slow"":29,""macd_signal"":10,""allowshort"":true}",2014-01-01,2024-12-31,2025-01-01,2026-04-20,2014-01-01,2026-04-20,2981.0,2981.0,962.0,2007.0,32.27,39283.8,-18619.54,1.35,32.3,91.89,1501354.1199999999,-608740.9999999995,42.16,0.23,0.29,0.0089,0.0,636.0,636.0,197.0,438.0,30.97,10672.38,-5819.12,0.74,17.79,50.94,53863.08999999998,-47369.760000000104,-44.63,-0.56,-0.75,0.0053,-0.01,3617.0,3617.0,1159.0,2445.0,32.04,35061.9,-16717.86,1.24,29.77,91.89,1501354.1199999999,-608740.9999999995,-23.84,0.13,0.17,0.0084,0.0
AFKS,macd,1h,Bayesian_TPE,4,0.523,14,24,8,False,208.53,0.135,0.12,53.8,1240,35.81,False,"{""sampler"":""TPESampler"",""seed"":42,""n_trials"":50,""direction"":""maximize"",""objective"":""composite = Sharpe * (Return% / MaxDD%)""}","{""macd_fast"":14,""macd_slow"":24,""macd_signal"":8,""allowshort"":false}",2014-01-01,2024-12-31,2025-01-01,2026-04-20,2014-01-01,2026-04-20,2479.0,1240.0,444.0,795.0,35.81,42889.19,-21330.14,1.64,39.37,53.8,578301.65,-200846.95800000007,208.53,0.34,0.31,0.0067,0.0,516.0,258.0,84.0,174.0,32.56,14061.8,-8126.33,0.89,21.43,33.85,71733.97500000003,-35953.010999999875,-23.28,-0.34,-0.32,0.0038,-0.0,2995.0,1498.0,528.0,969.0,35.25,42551.33,-21854.92,1.51,36.33,53.8,578301.65,-200846.95800000007,128.97,0.26,0.23,0.0063,0.0
AFKS,macd,1h,Bayesian_TPE,5,1.874,17,26,10,True,668.37,0.184,0.235,65.61,2063,34.56,True,"{""sampler"":""TPESampler"",""seed"":42,""n_trials"":50,""direction"":""maximize"",""objective"":""composite = Sharpe * (Return% / MaxDD%)""}","{""macd_fast"":17,""macd_slow"":26,""macd_signal"":10,""allowshort"":true}",2014-01-01,2024-12-31,2025-01-01,2026-04-20,2014-01-01,2026-04-20,2063.0,2063.0,713.0,1341.0,34.56,107044.49,-51930.63,1.94,46.67,65.61,1696165.2300000002,-1009741.8399999997,668.37,0.47,0.6,0.0088,0.01,442.0,442.0,154.0,288.0,34.84,14673.08,-8554.84,1.07,25.59,35.72,84994.06200000002,-48721.17599999986,-20.41,-0.15,-0.2,0.0053,-0.0,2505.0,2505.0,867.0,1629.0,34.61,107112.28,-53990.88,1.79,42.98,65.61,1696165.2300000002,-1009741.8399999997,491.52,0.39,0.5,0.0083,0.0
AFKS,macd,1h,Bayesian_TPE,6,0.009,14,25,5,False,10.8,0.061,0.054,74.94,1557,31.6,False,"{""sampler"":""TPESampler"",""seed"":42,""n_trials"":50,""direction"":""maximize"",""objective"":""composite = Sharpe * (Return% / MaxDD%)""}","{""macd_fast"":14,""macd_slow"":25,""macd_signal"":5,""allowshort"":false}",2014-01-01,2024-12-31,2025-01-01,2026-04-20,2014-01-01,2026-04-20,3113.0,1557.0,492.0,1062.0,31.6,29503.39,-13566.5,1.32,31.77,74.94,754807.0599999999,-214981.66500000007,10.8,0.15,0.14,0.0068,0.0,654.0,327.0,98.0,229.0,29.97,13532.55,-6974.87,0.7,16.69,34.18,66509.54100000008,-33736.65999999997,-27.11,-0.42,-0.39,0.0038,-0.0,3767.0,1884.0,590.0,1291.0,31.32,26951.71,-12486.46,1.22,29.2,74.94,754807.0599999999,-214981.66500000007,-21.85,0.09,0.08,0.0064,0.0
AFKS,macd,1h,Bayesian_TPE,7,4.573,17,29,6,True,1345.6,0.218,0.286,64.14,2459,34.2,True,"{""sampler"":""TPESampler"",""seed"":42,""n_trials"":50,""direction"":""maximize"",""objective"":""composite = Sharpe * (Return% / MaxDD%)""}","{""macd_fast"":17,""macd_slow"":29,""macd_signal"":6,""allowshort"":true}",2014-01-01,2024-12-31,2025-01-01,2026-04-20,2014-01-01,2026-04-20,2459.0,2459.0,841.0,1606.0,34.2,166838.21,-78988.16,1.63,39.15,64.14,2783752.920000001,-1065988.7839999995,1345.6,0.56,0.73,0.0088,0.01,522.0,522.0,176.0,345.0,33.72,12519.6,-7207.36,0.9,21.67,42.85,72083.34300000005,-38790.098999999886,-28.31,-0.27,-0.36,0.0053,-0.0,2981.0,2981.0,1017.0,1951.0,34.12,167796.99,-82842.1,1.5,36.12,64.14,2783752.920000001,-1065988.7839999995,902.46,0.45,0.6,0.0083,0.01
AFKS,macd,1h,Bayesian_TPE,8,0.072,6,35,5,True,-92.88,-0.077,-0.101,98.98,4149,30.9,True,"{""sampler"":""TPESampler"",""seed"":42,""n_trials"":50,""direction"":""maximize"",""objective"":""composite = Sharpe * (Return% / MaxDD%)""}","{""macd_fast"":6,""macd_slow"":35,""macd_signal"":5,""allowshort"":true}",2014-01-01,2024-12-31,2025-01-01,2026-04-20,2014-01-01,2026-04-20,4149.0,4149.0,1282.0,2846.0,30.9,23558.35,-10938.38,0.97,23.2,98.98,1624542.5,-290702.8799999998,-92.88,-0.2,-0.26,0.0089,-0.0,876.0,876.0,257.0,617.0,29.34,8615.14,-4378.16,0.54,12.91,54.05,64346.77900000004,-57641.92200000001,-48.72,-0.65,-0.86,0.0054,-0.01,5025.0,5025.0,1538.0,3464.0,30.61,19735.37,-9040.9,0.89,21.43,99.43,1624542.5,-290702.8799999998,-96.47,-0.25,-0.32,0.0084,-0.0
AFKS,macd,1h,Bayesian_TPE,9,1.135,15,29,10,True,489.54,0.169,0.215,72.87,2095,34.61,True,"{""sampler"":""TPESampler"",""seed"":42,""n_trials"":50,""direction"":""maximize"",""objective"":""composite = Sharpe * (Return% / MaxDD%)""}","{""macd_fast"":15,""macd_slow"":29,""macd_signal"":10,""allowshort"":true}",2014-01-01,2024-12-31,2025-01-01,2026-04-20,2014-01-01,2026-04-20,2095.0,2095.0,725.0,1361.0,34.61,104138.19,-51877.12,1.91,45.95,72.87,1761914.85,-960179.5999999997,489.54,0.43,0.55,0.0088,0.01,452.0,452.0,156.0,296.0,34.51,15393.14,-8671.17,1.04,25.02,32.59,88962.39500000002,-49386.88799999986,-16.53,-0.1,-0.13,0.0053,-0.0,2547.0,2547.0,881.0,1657.0,34.59,101023.12,-51443.33,1.76,42.27,72.87,1761914.85,-960179.5999999997,375.98,0.36,0.46,0.0083,0.0
AFKS,macd,1h,Bayesian_TPE,10,0.287,20,41,7,False,134.89,0.116,0.101,54.55,1025,33.07,False,"{""sampler"":""TPESampler"",""seed"":42,""n_trials"":50,""direction"":""maximize"",""objective"":""composite = Sharpe * (Return% / MaxDD%)""}","{""macd_fast"":20,""macd_slow"":41,""macd_signal"":7,""allowshort"":false}",2014-01-01,2024-12-31,2025-01-01,2026-04-20,2014-01-01,2026-04-20,2049.0,1025.0,339.0,683.0,33.07,54623.86,-25136.96,1.95,46.75,54.55,661677.1799999999,-493772.39999999985,134.89,0.29,0.26,0.0067,0.0,412.0,206.0,69.0,137.0,33.5,17109.48,-9893.71,1.08,26.01,31.89,77100.705,-39709.76000000006,-17.49,-0.23,-0.21,0.0038,-0.0,2461.0,1231.0,408.0,820.0,33.14,51772.18,-24693.02,1.81,43.34,54.55,661677.1799999999,-493772.39999999985,87.48,0.23,0.2,0.0063,0.0
AFKS,macd,1h,Bayesian_TPE,11,2.103,18,34,12,True,720.93,0.188,0.24,64.45,1767,33.96,True,"{""sampler"":""TPESampler"",""seed"":42,""n_trials"":50,""direction"":""maximize"",""objective"":""composite = Sharpe * (Return% / MaxDD%)""}","{""macd_fast"":18,""macd_slow"":34,""macd_signal"":12,""allowshort"":true}",2014-01-01,2024-12-31,2025-01-01,2026-04-20,2014-01-01,2026-04-20,1767.0,1767.0,600.0,1156.0,33.96,171210.22,-82627.01,2.27,54.49,64.45,1943900.1400000004,-2073060.4800000002,720.93,0.48,0.61,0.0087,0.01,372.0,372.0,129.0,241.0,34.68,13054.13,-8851.51,1.27,30.4,54.41,56580.943,-53060.616,-44.92,-0.57,-0.73,0.0053,-0.01,2139.0,2139.0,729.0,1397.0,34.08,158704.72,-80422.16,2.1,50.34,70.98,1943900.1400000004,-2073060.4800000002,334.6,0.35,0.45,0.0082,0.0
AFKS,macd,1h,Bayesian_TPE,12,1.864,20,36,12,True,625.47,0.181,0.231,60.75,1685,33.59,True,"{""sampler"":""TPESampler"",""seed"":42,""n_trials"":50,""direction"":""maximize"",""objective"":""composite = Sharpe * (Return% / MaxDD%)""}","{""macd_fast"":20,""macd_slow"":36,""macd_signal"":12,""allowshort"":true}",2014-01-01,2024-12-31,2025-01-01,2026-04-20,2014-01-01,2026-04-20,1685.0,1685.0,566.0,1110.0,33.59,128625.28,-59952.44,2.38,57.14,60.75,2105769.43,-819204.0519999994,625.47,0.46,0.59,0.0087,0.01,362.0,362.0,127.0,233.0,35.08,15128.74,-9926.5,1.3,31.24,51.26,69815.32800000011,-55438.656,-39.15,-0.46,-0.59,0.0053,-0.0,2047.0,2047.0,693.0,1343.0,33.85,123980.55,-61560.32,2.19,52.6,60.75,2105769.43,-819204.0519999994,324.3,0.35,0.44,0.0082,0.0
AFKS,macd,1h,Bayesian_TPE,13,2.0,17,35,12,True,674.58,0.184,0.236,62.06,1807,33.98,True,"{""sampler"":""TPESampler"",""seed"":42,""n_trials"":50,""direction"":""maximize"",""objective"":""composite = Sharpe * (Return% / MaxDD%)""}","{""macd_fast"":17,""macd_slow"":35,""macd_signal"":12,""allowshort"":true}",2014-01-01,2024-12-31,2025-01-01,2026-04-20,2014-01-01,2026-04-20,1807.0,1807.0,614.0,1178.0,33.98,156872.67,-76039.05,2.22,53.28,62.06,1965136.6000000003,-1719157.0200000003,674.58,0.47,0.6,0.0087,0.01,374.0,374.0,128.0,244.0,34.22,14395.31,-9210.91,1.26,30.24,52.46,61600.901000000005,-55461.798,-40.49,-0.48,-0.62,0.0053,-0.0,2181.0,2181.0,742.0,1422.0,34.02,147895.02,-74758.89,2.06,49.37,64.01,1965136.6000000003,-1719157.0200000003,343.1,0.35,0.45,0.0082,0.0
AFKS,macd,1h,Bayesian_TPE,14,1.371,17,39,8,True,545.77,0.174,0.223,69.25,2059,34.09,True,"{""sampler"":""TPESampler"",""seed"":42,""n_trials"":50,""direction"":""maximize"",""objective"":""composite = Sharpe * (Return% / MaxDD%)""}","{""macd_fast"":17,""macd_slow"":39,""macd_signal"":8,""allowshort"":true}",2014-01-01,2024-12-31,2025-01-01,2026-04-20,2014-01-01,2026-04-20,2059.0,2059.0,702.0,1350.0,34.09,129977.89,-63545.74,1.95,46.76,69.25,2091827.33,-1410916.5599999996,545.77,0.44,0.57,0.0087,0.01,426.0,426.0,145.0,279.0,34.04,13877.39,-8230.62,1.11,26.55,43.78,70078.07999999999,-53197.074,-28.41,-0.27,-0.35,0.0053,-0.0,2485.0,2485.0,847.0,1629.0,34.08,122317.29,-61467.78,1.81,43.33,69.25,2091827.33,-1410916.5599999996,347.17,0.35,0.45,0.0083,0.0
AFKS,macd,1h,Bayesian_TPE,15,0.495,11,31,7,True,274.42,0.143,0.185,79.28,2783,32.95,True,"{""sampler"":""TPESampler"",""seed"":42,""n_trials"":50,""direction"":""maximize"",""objective"":""composite = Sharpe * (Return% / MaxDD%)""}","{""macd_fast"":11,""macd_slow"":31,""macd_signal"":7,""allowshort"":true}",2014-01-01,2024-12-31,2025-01-01,2026-04-20,2014-01-01,2026-04-20,2783.0,2783.0,917.0,1850.0,32.95,56965.48,-26753.04,1.44,34.59,79.28,1404530.4,-561417.6999999996,274.42,0.36,0.47,0.0089,0.0,610.0,610.0,197.0,412.0,32.3,9905.43,-5850.95,0.77,18.54,51.52,51850.86000000002,-49465.680000000044,-45.92,-0.59,-0.78,0.0053,-0.01,3393.0,3393.0,1114.0,2262.0,32.83,53128.52,-25740.97,1.32,31.73,79.28,1404530.4,-561417.6999999996,95.91,0.25,0.32,0.0084,0.0
AFKS,macd,1h,Bayesian_TPE,16,2.331,18,43,12,True,714.72,0.187,0.24,57.34,1679,34.13,True,"{""sampler"":""TPESampler"",""seed"":42,""n_trials"":50,""direction"":""maximize"",""objective"":""composite = Sharpe * (Return% / MaxDD%)""}","{""macd_fast"":18,""macd_slow"":43,""macd_signal"":12,""allowshort"":true}",2014-01-01,2024-12-31,2025-01-01,2026-04-20,2014-01-01,2026-04-20,1679.0,1679.0,573.0,1100.0,34.13,144215.79,-68625.86,2.39,57.34,57.34,2098302.06,-1068152.3199999994,714.72,0.48,0.61,0.0087,0.01,366.0,366.0,128.0,238.0,34.97,15072.04,-9554.15,1.29,30.9,47.14,80163.16000000002,-55446.636000000006,-34.47,-0.37,-0.48,0.0053,-0.0,2045.0,2045.0,701.0,1338.0,34.28,138983.75,-69727.68,2.19,52.65,57.34,2098302.06,-1068152.3199999994,413.2,0.37,0.48,0.0082,0.01
AFKS,macd,1h,Bayesian_TPE,17,1.146,19,44,15,True,412.1,0.161,0.206,57.91,1557,34.36,True,"{""sampler"":""TPESampler"",""seed"":42,""n_trials"":50,""direction"":""maximize"",""objective"":""composite = Sharpe * (Return% / MaxDD%)""}","{""macd_fast"":19,""macd_slow"":44,""macd_signal"":15,""allowshort"":true}",2014-01-01,2024-12-31,2025-01-01,2026-04-20,2014-01-01,2026-04-20,1557.0,1557.0,535.0,1019.0,34.36,122779.47,-60418.12,2.58,61.83,57.91,1350885.7,-713801.3639999995,412.1,0.41,0.53,0.0087,0.01,320.0,320.0,116.0,204.0,36.25,18051.65,-11270.77,1.47,35.34,32.23,101131.07199999999,-65966.614,-20.52,-0.15,-0.2,0.0053,-0.0,1877.0,1877.0,651.0,1223.0,34.68,116287.44,-59537.92,2.39,57.36,57.91,1350885.7,-713801.3639999995,288.82,0.34,0.43,0.0082,0.0
AFKS,macd,1h,Bayesian_TPE,18,0.397,15,45,11,False,163.35,0.124,0.108,51.08,931,34.26,False,"{""sampler"":""TPESampler"",""seed"":42,""n_trials"":50,""direction"":""maximize"",""objective"":""composite = Sharpe * (Return% / MaxDD%)""}","{""macd_fast"":15,""macd_slow"":45,""macd_signal"":11,""allowshort"":false}",2014-01-01,2024-12-31,2025-01-01,2026-04-20,2014-01-01,2026-04-20,1861.0,931.0,319.0,605.0,34.26,59126.55,-28475.81,2.13,51.06,51.08,683427.6,-536663.63,163.35,0.32,0.28,0.0067,0.0,384.0,192.0,65.0,127.0,33.85,16563.02,-10528.72,1.14,27.4,36.76,72449.337,-44615.30899999998,-26.06,-0.4,-0.35,0.0039,-0.0,2245.0,1123.0,384.0,732.0,34.19,55949.03,-28159.35,1.96,47.09,51.08,683427.6,-536663.63,87.18,0.23,0.2,0.0063,0.0
AFKS,macd,1h,Bayesian_TPE,19,1.587,12,45,9,True,617.32,0.18,0.228,70.03,2157,34.08,True,"{""sampler"":""TPESampler"",""seed"":42,""n_trials"":50,""direction"":""maximize"",""objective"":""composite = Sharpe * (Return% / MaxDD%)""}","{""macd_fast"":12,""macd_slow"":45,""macd_signal"":9,""allowshort"":true}",2014-01-01,2024-12-31,2025-01-01,2026-04-20,2014-01-01,2026-04-20,2157.0,2157.0,735.0,1414.0,34.08,133075.0,-64806.85,1.86,44.63,70.03,2253563.6100000003,-1624632.278,617.32,0.46,0.58,0.0088,0.01,456.0,456.0,154.0,300.0,33.77,14499.72,-8143.71,1.03,24.8,38.07,78644.04,-52139.724,-21.02,-0.16,-0.22,0.0053,-0.0,2613.0,2613.0,889.0,1714.0,34.02,127187.08,-63354.06,1.72,41.21,70.03,2253563.6100000003,-1624632.278,448.04,0.38,0.48,0.0083,0.0
AFKS,macd,1h,Bayesian_TPE,20,0.908,16,40,6,True,421.3,0.162,0.211,75.15,2367,32.49,True,"{""sampler"":""TPESampler"",""seed"":42,""n_trials"":50,""direction"":""maximize"",""objective"":""composite = Sharpe * (Return% / MaxDD%)""}","{""macd_fast"":16,""macd_slow"":40,""macd_signal"":6,""allowshort"":true}",2014-01-01,2024-12-31,2025-01-01,2026-04-20,2014-01-01,2026-04-20,2367.0,2367.0,769.0,1586.0,32.49,106918.22,-49184.84,1.69,40.67,75.15,2257380.06,-785494.1999999994,421.3,0.41,0.54,0.0088,0.0,488.0,488.0,162.0,325.0,33.2,14227.35,-7807.08,0.97,23.18,40.78,76779.684,-42639.25999999987,-23.25,-0.19,-0.26,0.0053,-0.0,2855.0,2855.0,931.0,1911.0,32.61,100614.08,-47515.17,1.57,37.71,75.15,2257380.06,-785494.1999999994,287.02,0.34,0.44,0.0083,0.0
AFKS,macd,1h,Bayesian_TPE,21,1.625,18,32,12,True,577.8,0.177,0.226,62.93,1821,34.1,True,"{""sampler"":""TPESampler"",""seed"":42,""n_trials"":50,""direction"":""maximize"",""objective"":""composite = Sharpe * (Return% / MaxDD%)""}","{""macd_fast"":18,""macd_slow"":32,""macd_signal"":12,""allowshort"":true}",2014-01-01,2024-12-31,2025-01-01,2026-04-20,2014-01-01,2026-04-20,1821.0,1821.0,621.0,1186.0,34.1,148020.41,-72632.94,2.2,52.87,62.93,1905623.3000000003,-1652320.05,577.8,0.45,0.58,0.0087,0.01,384.0,384.0,130.0,252.0,33.85,14495.19,-9099.06,1.23,29.45,53.27,66477.17599999996,-54886.44,-40.86,-0.49,-0.63,0.0053,-0.0,2205.0,2205.0,751.0,1438.0,34.06,138394.87,-70293.11,2.03,48.83,67.75,1905623.3000000003,-1652320.05,285.31,0.34,0.43,0.0082,0.0
AFKS,macd,1h,Bayesian_TPE,22,1.643,19,32,11,True,576.05,0.177,0.226,62.05,1833,34.7,True,"{""sampler"":""TPESampler"",""seed"":42,""n_trials"":50,""direction"":""maximize"",""objective"":""composite = Sharpe * (Return% / MaxDD%)""}","{""macd_fast"":19,""macd_slow"":32,""macd_signal"":11,""allowshort"":true}",2014-01-01,2024-12-31,2025-01-01,2026-04-20,2014-01-01,2026-04-20,1833.0,1833.0,636.0,1185.0,34.7,148426.22,-74800.51,2.19,52.52,62.05,1927004.3100000003,-1686209.7800000003,576.05,0.45,0.58,0.0087,0.01,388.0,388.0,135.0,251.0,34.79,13147.97,-8715.05,1.21,29.15,52.65,64385.44099999997,-53159.568,-41.25,-0.5,-0.63,0.0053,-0.01,2221.0,2221.0,771.0,1436.0,34.71,137057.05,-71624.87,2.02,48.48,69.43,1927004.3100000003,-1686209.7800000003,281.77,0.33,0.43,0.0082,0.0
AFKS,macd,1h,Bayesian_TPE,23,1.657,18,38,13,True,543.07,0.174,0.222,57.04,1679,33.53,True,"{""sampler"":""TPESampler"",""seed"":42,""n_trials"":50,""direction"":""maximize"",""objective"":""composite = Sharpe * (Return% / MaxDD%)""}","{""macd_fast"":18,""macd_slow"":38,""macd_signal"":13,""allowshort"":true}",2014-01-01,2024-12-31,2025-01-01,2026-04-20,2014-01-01,2026-04-20,1679.0,1679.0,563.0,1106.0,33.53,127724.42,-60106.81,2.39,57.34,57.04,2069832.11,-808673.0319999994,543.07,0.44,0.57,0.0087,0.01,358.0,358.0,127.0,230.0,35.47,15339.77,-10065.11,1.32,31.59,49.29,69176.045,-55255.116,-36.68,-0.41,-0.53,0.0053,-0.0,2037.0,2037.0,690.0,1336.0,33.87,121306.4,-60469.78,2.2,52.86,57.04,2069832.11,-808673.0319999994,291.38,0.34,0.43,0.0082,0.0
AFKS,macd,1h,Bayesian_TPE,24,2.646,13,28,11,True,803.76,0.192,0.251,58.32,2119,35.02,True,"{""sampler"":""TPESampler"",""seed"":42,""n_trials"":50,""direction"":""maximize"",""objective"":""composite = Sharpe * (Return% / MaxDD%)""}","{""macd_fast"":13,""macd_slow"":28,""macd_signal"":11,""allowshort"":true}",2014-01-01,2024-12-31,2025-01-01,2026-04-20,2014-01-01,2026-04-20,2119.0,2119.0,742.0,1365.0,35.02,119893.5,-59284.56,1.89,45.43,58.32,2053349.76,-693617.28,803.76,0.49,0.64,0.0088,0.01,450.0,450.0,158.0,292.0,35.11,14721.91,-8504.92,1.05,25.14,33.68,81075.04000000007,-47735.85599999986,-15.74,-0.09,-0.12,0.0053,-0.0,2569.0,2569.0,900.0,1657.0,35.03,121110.98,-61939.47,1.75,41.91,58.32,2053349.76,-693617.28,636.62,0.42,0.54,0.0083,0.01
AFKS,macd,1h,Bayesian_TPE,25,0.104,9,20,9,True,89.1,0.105,0.136,89.77,3023,33.51,True,"{""sampler"":""TPESampler"",""seed"":42,""n_trials"":50,""direction"":""maximize"",""objective"":""composite = Sharpe * (Return% / MaxDD%)""}","{""macd_fast"":9,""macd_slow"":20,""macd_signal"":9,""allowshort"":true}",2014-01-01,2024-12-31,2025-01-01,2026-04-20,2014-01-01,2026-04-20,3023.0,3023.0,1013.0,1994.0,33.51,56875.07,-28447.05,1.33,31.85,89.77,1919780.94,-396736.6000000002,89.1,0.27,0.35,0.0089,0.0,616.0,616.0,202.0,413.0,32.79,11389.38,-6353.97,0.77,18.36,42.44,61882.66499999998,-46406.9600000001,-32.35,-0.33,-0.44,0.0053,-0.0,3639.0,3639.0,1214.0,2408.0,33.36,50915.4,-25570.43,1.23,29.59,89.77,1919780.94,-396736.6000000002,23.77,0.19,0.25,0.0084,0.0
AFKS,macd,1h,Bayesian_TPE,26,0.775,13,28,11,False,254.55,0.145,0.13,47.65,1060,36.13,False,"{""sampler"":""TPESampler"",""seed"":42,""n_trials"":50,""direction"":""maximize"",""objective"":""composite = Sharpe * (Return% / MaxDD%)""}","{""macd_fast"":13,""macd_slow"":28,""macd_signal"":11,""allowshort"":false}",2014-01-01,2024-12-31,2025-01-01,2026-04-20,2014-01-01,2026-04-20,2119.0,1060.0,383.0,672.0,36.13,56494.19,-28410.35,1.88,45.03,47.65,700420.7100000001,-228051.84,254.55,0.37,0.33,0.0067,0.01,450.0,225.0,71.0,154.0,31.56,17355.35,-8895.01,1.01,24.27,30.92,88038.24000000008,-39069.920000000064,-13.76,-0.15,-0.14,0.0039,-0.0,2569.0,1285.0,454.0,826.0,35.33,56712.23,-28801.09,1.73,41.46,47.65,700420.7100000001,-228051.84,195.76,0.3,0.27,0.0063,0.0
AFKS,macd,1h,Bayesian_TPE,27,2.01,13,22,9,True,683.63,0.184,0.237,62.59,2499,35.21,True,"{""sampler"":""TPESampler"",""seed"":42,""n_trials"":50,""direction"":""maximize"",""objective"":""composite = Sharpe * (Return% / MaxDD%)""}","{""macd_fast"":13,""macd_slow"":22,""macd_signal"":9,""allowshort"":true}",2014-01-01,2024-12-31,2025-01-01,2026-04-20,2014-01-01,2026-04-20,2499.0,2499.0,880.0,1612.0,35.21,81649.92,-40332.29,1.61,38.53,62.59,1478022.6499999997,-447127.68,683.63,0.47,0.6,0.0089,0.01,514.0,514.0,182.0,332.0,35.41,11745.48,-7460.52,0.92,22.01,43.03,63159.315000000024,-50223.360000000044,-33.92,-0.36,-0.48,0.0053,-0.0,3013.0,3013.0,1062.0,1944.0,35.25,82673.5,-43102.14,1.49,35.74,62.59,1478022.6499999997,-447127.68,400.87,0.37,0.47,0.0084,0.0
AFKS,macd,1h,Bayesian_TPE,28,1.02,16,27,13,True,435.21,0.163,0.208,69.52,1911,34.38,True,"{""sampler"":""TPESampler"",""seed"":42,""n_trials"":50,""direction"":""maximize"",""objective"":""composite = Sharpe * (Return% / MaxDD%)""}","{""macd_fast"":16,""macd_slow"":27,""macd_signal"":13,""allowshort"":true}",2014-01-01,2024-12-31,2025-01-01,2026-04-20,2014-01-01,2026-04-20,1911.0,1911.0,657.0,1238.0,34.38,112003.78,-55924.36,2.1,50.38,69.52,1670793.2999999996,-1311469.4399999995,435.21,0.42,0.53,0.0087,0.01,408.0,408.0,150.0,258.0,36.76,12414.8,-8722.59,1.16,27.72,52.25,65070.79499999997,-53726.148,-38.82,-0.45,-0.57,0.0053,-0.0,2319.0,2319.0,807.0,1496.0,34.8,102914.97,-54067.58,1.93,46.43,69.52,1670793.2999999996,-1311469.4399999995,216.73,0.31,0.4,0.0083,0.0
AFKS,macd,1h,Bayesian_TPE,29,0.87,9,48,14,True,376.13,0.157,0.2,67.91,2039,33.3,True,"{""sampler"":""TPESampler"",""seed"":42,""n_trials"":50,""direction"":""maximize"",""objective"":""composite = Sharpe * (Return% / MaxDD%)""}","{""macd_fast"":9,""macd_slow"":48,""macd_signal"":14,""allowshort"":true}",2014-01-01,2024-12-31,2025-01-01,2026-04-20,2014-01-01,2026-04-20,2039.0,2039.0,679.0,1354.0,33.3,103416.42,-49083.06,1.97,47.22,67.91,1730463.6899999997,-1155068.9599999997,376.13,0.4,0.51,0.0087,0.01,412.0,412.0,147.0,264.0,35.68,16002.93,-9464.9,1.14,27.45,32.73,77072.16900000001,-55310.976,-14.63,-0.07,-0.09,0.0053,-0.0,2451.0,2451.0,826.0,1618.0,33.7,97939.91,-48187.03,1.83,43.93,67.91,1730463.6899999997,-1155068.9599999997,293.17,0.34,0.43,0.0082,0.0
AFKS,macd,1h,Bayesian_TPE,30,2.661,11,42,11,True,825.4,0.194,0.249,60.17,2085,34.82,True,"{""sampler"":""TPESampler"",""seed"":42,""n_trials"":50,""direction"":""maximize"",""objective"":""composite = Sharpe * (Return% / MaxDD%)""}","{""macd_fast"":11,""macd_slow"":42,""macd_signal"":11,""allowshort"":true}",2014-01-01,2024-12-31,2025-01-01,2026-04-20,2014-01-01,2026-04-20,2085.0,2085.0,726.0,1352.0,34.82,136831.16,-67370.84,1.92,46.18,60.17,2136532.69,-1431790.4799999995,825.4,0.5,0.64,0.0087,0.01,442.0,442.0,154.0,286.0,34.84,15847.64,-8922.11,1.07,25.59,33.8,85023.93599999999,-52976.826,-11.12,-0.03,-0.04,0.0053,-0.0,2527.0,2527.0,880.0,1638.0,34.82,137367.24,-69552.53,1.78,42.61,60.17,2136532.69,-1431790.4799999995,695.61,0.43,0.55,0.0083,0.01
AFKS,macd,1h,Bayesian_TPE,31,2.009,11,43,11,True,719.27,0.187,0.24,66.94,2079,34.82,True,"{""sampler"":""TPESampler"",""seed"":42,""n_trials"":50,""direction"":""maximize"",""objective"":""composite = Sharpe * (Return% / MaxDD%)""}","{""macd_fast"":11,""macd_slow"":43,""macd_signal"":11,""allowshort"":true}",2014-01-01,2024-12-31,2025-01-01,2026-04-20,2014-01-01,2026-04-20,2079.0,2079.0,724.0,1348.0,34.82,135165.72,-67260.61,1.93,46.31,66.94,2226807.56,-1316761.9199999997,719.27,0.48,0.61,0.0087,0.01,444.0,444.0,150.0,292.0,33.78,14652.66,-8257.98,1.06,25.48,40.28,76620.76799999998,-52918.572,-21.34,-0.17,-0.22,0.0053,-0.0,2523.0,2523.0,874.0,1640.0,34.64,131590.33,-66936.94,1.78,42.68,66.94,2226807.56,-1316761.9199999997,523.34,0.4,0.51,0.0083,0.0
AFKS,macd,1h,Bayesian_TPE,32,4.07,10,42,11,True,1071.18,0.207,0.271,54.48,2145,34.69,True,"{""sampler"":""TPESampler"",""seed"":42,""n_trials"":50,""direction"":""maximize"",""objective"":""composite = Sharpe * (Return% / MaxDD%)""}","{""macd_fast"":10,""macd_slow"":42,""macd_signal"":11,""allowshort"":true}",2014-01-01,2024-12-31,2025-01-01,2026-04-20,2014-01-01,2026-04-20,2145.0,2145.0,744.0,1394.0,34.69,155430.09,-75271.3,1.87,44.88,54.48,2397108.39,-749535.0999999997,1071.18,0.53,0.69,0.0088,0.01,458.0,458.0,153.0,303.0,33.41,15337.56,-8381.65,1.03,24.7,34.64,83004.54,-52898.622,-19.3,-0.14,-0.18,0.0053,-0.0,2603.0,2603.0,897.0,1697.0,34.46,158129.07,-78785.74,1.72,41.36,54.48,2397108.39,-749535.0999999997,814.24,0.44,0.58,0.0083,0.01
AFKS,macd,1h,Bayesian_TPE,33,2.272,9,48,11,True,794.91,0.192,0.25,67.17,2213,33.8,True,"{""sampler"":""TPESampler"",""seed"":42,""n_trials"":50,""direction"":""maximize"",""objective"":""composite = Sharpe * (Return% / MaxDD%)""}","{""macd_fast"":9,""macd_slow"":48,""macd_signal"":11,""allowshort"":true}",2014-01-01,2024-12-31,2025-01-01,2026-04-20,2014-01-01,2026-04-20,2213.0,2213.0,748.0,1456.0,33.8,147719.41,-70429.29,1.81,43.5,67.17,2475218.4000000004,-808276.8999999997,794.91,0.49,0.64,0.0088,0.01,466.0,466.0,157.0,307.0,33.69,14870.32,-8284.85,1.01,24.27,36.71,80335.26799999998,-53234.58,-20.88,-0.16,-0.21,0.0053,-0.0,2679.0,2679.0,905.0,1763.0,33.78,144100.72,-70653.59,1.67,40.19,67.17,2475218.4000000004,-808276.8999999997,584.89,0.41,0.53,0.0083,0.01
AFKS,macd,1h,Bayesian_TPE,34,4.079,10,37,10,True,1155.79,0.211,0.276,59.79,2329,34.09,True,"{""sampler"":""TPESampler"",""seed"":42,""n_trials"":50,""direction"":""maximize"",""objective"":""composite = Sharpe * (Return% / MaxDD%)""}","{""macd_fast"":10,""macd_slow"":37,""macd_signal"":10,""allowshort"":true}",2014-01-01,2024-12-31,2025-01-01,2026-04-20,2014-01-01,2026-04-20,2329.0,2329.0,794.0,1524.0,34.09,173074.77,-82587.56,1.72,41.34,59.79,2891664.72,-930230.4999999993,1155.79,0.54,0.7,0.0088,0.01,492.0,492.0,168.0,323.0,34.15,14101.08,-7937.02,0.96,22.99,35.42,81802.64000000007,-41328.31899999987,-19.47,-0.14,-0.19,0.0053,-0.0,2821.0,2821.0,962.0,1847.0,34.1,172336.22,-85005.41,1.59,38.17,59.79,2891664.72,-930230.4999999993,878.25,0.45,0.59,0.0083,0.01
AFKS,macd,1h,Bayesian_TPE,35,0.155,8,38,8,False,92.67,0.101,0.09,60.27,1450,32.28,False,"{""sampler"":""TPESampler"",""seed"":42,""n_trials"":50,""direction"":""maximize"",""objective"":""composite = Sharpe * (Return% / MaxDD%)""}","{""macd_fast"":8,""macd_slow"":38,""macd_signal"":8,""allowshort"":false}",2014-01-01,2024-12-31,2025-01-01,2026-04-20,2014-01-01,2026-04-20,2899.0,1450.0,468.0,976.0,32.28,37810.19,-17180.86,1.42,34.08,60.27,767461.38,-210522.65700000006,92.67,0.26,0.23,0.0068,0.0,634.0,317.0,96.0,221.0,30.28,12514.72,-6739.27,0.72,17.34,35.82,67779.63000000003,-34076.42999999997,-28.8,-0.46,-0.43,0.0038,-0.0,3533.0,1767.0,564.0,1197.0,31.92,35234.51,-16328.26,1.3,31.13,60.27,767461.38,-210522.65700000006,32.73,0.17,0.16,0.0064,0.0
AFKS,macd,1h,Bayesian_TPE,36,0.627,11,41,13,True,316.66,0.149,0.191,75.28,2005,33.42,True,"{""sampler"":""TPESampler"",""seed"":42,""n_trials"":50,""direction"":""maximize"",""objective"":""composite = Sharpe * (Return% / MaxDD%)""}","{""macd_fast"":11,""macd_slow"":41,""macd_signal"":13,""allowshort"":true}",2014-01-01,2024-12-31,2025-01-01,2026-04-20,2014-01-01,2026-04-20,2005.0,2005.0,670.0,1325.0,33.42,103437.28,-49914.23,2.0,48.02,75.28,1932050.0999999999,-1026051.4399999997,316.66,0.38,0.49,0.0087,0.0,414.0,414.0,143.0,270.0,34.54,14609.9,-8695.62,1.14,27.32,41.2,74535.48,-54648.636000000006,-25.86,-0.23,-0.3,0.0053,-0.0,2419.0,2419.0,813.0,1595.0,33.61,95433.0,-47397.45,1.85,44.51,75.28,1932050.0999999999,-1026051.4399999997,198.81,0.3,0.39,0.0083,0.0
AFKS,macd,1h,Bayesian_TPE,37,2.488,10,42,10,True,809.33,0.193,0.252,62.79,2247,34.18,True,"{""sampler"":""TPESampler"",""seed"":42,""n_trials"":50,""direction"":""maximize"",""objective"":""composite = Sharpe * (Return% / MaxDD%)""}","{""macd_fast"":10,""macd_slow"":42,""macd_signal"":10,""allowshort"":true}",2014-01-01,2024-12-31,2025-01-01,2026-04-20,2014-01-01,2026-04-20,2247.0,2247.0,768.0,1469.0,34.18,140995.38,-68203.68,1.79,42.85,62.79,2230086.66,-824620.8999999994,809.33,0.49,0.64,0.0088,0.01,468.0,468.0,160.0,307.0,34.19,14901.96,-8426.47,1.01,24.17,37.57,82479.98799999998,-50007.88799999985,-20.26,-0.15,-0.2,0.0053,-0.0,2715.0,2715.0,928.0,1776.0,34.18,138964.71,-69226.12,1.65,39.66,62.79,2230086.66,-824620.8999999994,601.37,0.41,0.54,0.0083,0.01
AFKS,macd,1h,Bayesian_TPE,38,0.514,10,46,9,False,196.7,0.132,0.118,50.47,1167,33.93,False,"{""sampler"":""TPESampler"",""seed"":42,""n_trials"":50,""direction"":""maximize"",""objective"":""composite = Sharpe * (Return% / MaxDD%)""}","{""macd_fast"":10,""macd_slow"":46,""macd_signal"":9,""allowshort"":false}",2014-01-01,2024-12-31,2025-01-01,2026-04-20,2014-01-01,2026-04-20,2333.0,1167.0,396.0,764.0,33.93,57991.63,-27483.9,1.72,41.3,50.47,863666.4900000001,-243916.8,196.7,0.34,0.3,0.0068,0.0,488.0,244.0,75.0,169.0,30.74,17372.23,-8592.41,0.93,22.34,32.29,88567.89199999999,-39455.91199999986,-14.92,-0.17,-0.16,0.0039,-0.0,2821.0,1411.0,471.0,933.0,33.38,56490.38,-26972.37,1.59,38.08,50.47,863666.4900000001,-243916.8,144.17,0.27,0.24,0.0064,0.0
AFKS,macd,1h,Bayesian_TPE,39,-0.014,7,37,6,True,-55.99,0.024,0.031,97.57,3569,31.33,True,"{""sampler"":""TPESampler"",""seed"":42,""n_trials"":50,""direction"":""maximize"",""objective"":""composite = Sharpe * (Return% / MaxDD%)""}","{""macd_fast"":7,""macd_slow"":37,""macd_signal"":6,""allowshort"":true}",2014-01-01,2024-12-31,2025-01-01,2026-04-20,2014-01-01,2026-04-20,3569.0,3569.0,1118.0,2434.0,31.33,41395.54,-19244.1,1.12,26.98,97.57,2009262.5,-400574.7199999997,-55.99,0.06,0.08,0.0089,0.0,752.0,752.0,222.0,529.0,29.52,8985.96,-4665.13,0.63,15.04,53.08,53939.53499999998,-52875.40200000001,-47.3,-0.62,-0.82,0.0053,-0.01,4321.0,4321.0,1339.0,2964.0,30.99,35191.75,-16159.7,1.04,24.92,97.57,2009262.5,-400574.7199999997,-77.56,-0.02,-0.02,0.0084,-0.0
AFKS,macd,1h,Bayesian_TPE,40,2.004,12,33,10,True,697.4,0.185,0.241,64.37,2193,34.38,True,"{""sampler"":""TPESampler"",""seed"":42,""n_trials"":50,""direction"":""maximize"",""objective"":""composite = Sharpe * (Return% / MaxDD%)""}","{""macd_fast"":12,""macd_slow"":33,""macd_signal"":10,""allowshort"":true}",2014-01-01,2024-12-31,2025-01-01,2026-04-20,2014-01-01,2026-04-20,2193.0,2193.0,754.0,1424.0,34.38,115710.41,-56370.51,1.83,43.9,64.37,2083629.87,-647844.8999999996,697.4,0.47,0.61,0.0088,0.01,462.0,462.0,160.0,301.0,34.63,13796.95,-8135.4,1.02,24.48,39.5,74770.08000000006,-46584.10799999987,-24.12,-0.21,-0.28,0.0053,-0.0,2655.0,2655.0,914.0,1725.0,34.43,113798.77,-57483.83,1.69,40.55,64.37,2083629.87,-647844.8999999996,485.25,0.39,0.5,0.0083,0.01
AFKS,macd,1h,Bayesian_TPE,41,0.609,8,30,10,True,309.44,0.148,0.191,75.25,2741,33.42,True,"{""sampler"":""TPESampler"",""seed"":42,""n_trials"":50,""direction"":""maximize"",""objective"":""composite = Sharpe * (Return% / MaxDD%)""}","{""macd_fast"":8,""macd_slow"":30,""macd_signal"":10,""allowshort"":true}",2014-01-01,2024-12-31,2025-01-01,2026-04-20,2014-01-01,2026-04-20,2741.0,2741.0,916.0,1814.0,33.42,58599.26,-27884.55,1.46,35.12,75.25,1385672.82,-544171.3999999996,309.44,0.38,0.49,0.0089,0.0,604.0,604.0,196.0,407.0,32.45,9639.46,-5859.25,0.78,18.73,54.71,50351.83500000002,-49465.680000000044,-49.54,-0.67,-0.89,0.0053,-0.01,3345.0,3345.0,1112.0,2221.0,33.24,54881.89,-27028.2,1.34,32.19,75.25,1385672.82,-544171.3999999996,99.9,0.25,0.33,0.0084,0.0
AFKS,macd,1h,Bayesian_TPE,42,2.908,14,23,11,True,814.19,0.193,0.248,54.04,2217,35.41,True,"{""sampler"":""TPESampler"",""seed"":42,""n_trials"":50,""direction"":""maximize"",""objective"":""composite = Sharpe * (Return% / MaxDD%)""}","{""macd_fast"":14,""macd_slow"":23,""macd_signal"":11,""allowshort"":true}",2014-01-01,2024-12-31,2025-01-01,2026-04-20,2014-01-01,2026-04-20,2217.0,2217.0,785.0,1416.0,35.41,106909.98,-53518.64,1.81,43.43,54.04,1890741.3,-486750.72,814.19,0.49,0.63,0.0088,0.01,460.0,460.0,163.0,297.0,35.43,13134.64,-8039.03,1.02,24.59,39.37,75922.22399999997,-44360.927999999876,-24.66,-0.21,-0.29,0.0053,-0.0,2677.0,2677.0,948.0,1713.0,35.41,108183.29,-56565.03,1.68,40.22,54.04,1890741.3,-486750.72,566.19,0.4,0.52,0.0083,0.01
AFKS,macd,1h,Bayesian_TPE,43,4.3,14,24,14,True,1190.94,0.213,0.273,58.99,1979,34.82,True,"{""sampler"":""TPESampler"",""seed"":42,""n_trials"":50,""direction"":""maximize"",""objective"":""composite = Sharpe * (Return% / MaxDD%)""}","{""macd_fast"":14,""macd_slow"":24,""macd_signal"":14,""allowshort"":true}",2014-01-01,2024-12-31,2025-01-01,2026-04-20,2014-01-01,2026-04-20,1979.0,1979.0,689.0,1280.0,34.82,146749.35,-69688.19,2.03,48.65,58.99,1716656.0,-1566751.6799999995,1190.94,0.54,0.69,0.0087,0.01,420.0,420.0,150.0,270.0,35.71,14161.14,-8839.98,1.12,26.93,41.13,75421.79199999999,-48085.23400000002,-26.26,-0.24,-0.31,0.0053,-0.0,2399.0,2399.0,839.0,1550.0,34.97,151624.85,-76777.76,1.87,44.88,58.99,1716656.0,-1566751.6799999995,820.77,0.45,0.57,0.0083,0.01
AFKS,macd,1h,Bayesian_TPE,44,3.351,14,23,15,True,1029.36,0.206,0.263,63.28,1955,34.37,True,"{""sampler"":""TPESampler"",""seed"":42,""n_trials"":50,""direction"":""maximize"",""objective"":""composite = Sharpe * (Return% / MaxDD%)""}","{""macd_fast"":14,""macd_slow"":23,""macd_signal"":15,""allowshort"":true}",2014-01-01,2024-12-31,2025-01-01,2026-04-20,2014-01-01,2026-04-20,1955.0,1955.0,672.0,1273.0,34.37,143368.09,-67596.0,2.05,49.25,63.28,1668338.7000000002,-1618545.7599999995,1029.36,0.52,0.67,0.0087,0.01,420.0,420.0,147.0,273.0,35.0,13740.52,-8728.88,1.12,26.93,48.83,70247.332,-48085.23400000002,-36.31,-0.4,-0.52,0.0053,-0.0,2375.0,2375.0,819.0,1546.0,34.48,144126.5,-72498.25,1.89,45.33,63.28,1668338.7000000002,-1618545.7599999995,595.73,0.41,0.52,0.0083,0.01
AFKS,macd,1h,Bayesian_TPE,45,2.992,15,24,15,True,967.01,0.202,0.26,65.28,1915,34.83,True,"{""sampler"":""TPESampler"",""seed"":42,""n_trials"":50,""direction"":""maximize"",""objective"":""composite = Sharpe * (Return% / MaxDD%)""}","{""macd_fast"":15,""macd_slow"":24,""macd_signal"":15,""allowshort"":true}",2014-01-01,2024-12-31,2025-01-01,2026-04-20,2014-01-01,2026-04-20,1915.0,1915.0,667.0,1235.0,34.83,168981.0,-83433.38,2.09,50.27,65.28,2077542.5,-2126443.2799999993,967.01,0.52,0.66,0.0087,0.01,408.0,408.0,145.0,263.0,35.54,12749.58,-8562.09,1.16,27.72,53.36,64575.69699999997,-53316.774000000005,-40.31,-0.48,-0.61,0.0053,-0.0,2323.0,2323.0,812.0,1498.0,34.95,161874.48,-84300.29,1.93,46.35,65.28,2077542.5,-2126443.2799999993,516.02,0.39,0.51,0.0082,0.0
AFKS,macd,1h,Bayesian_TPE,46,0.754,14,25,14,False,269.25,0.149,0.131,53.2,985,34.52,False,"{""sampler"":""TPESampler"",""seed"":42,""n_trials"":50,""direction"":""maximize"",""objective"":""composite = Sharpe * (Return% / MaxDD%)""}","{""macd_fast"":14,""macd_slow"":25,""macd_signal"":14,""allowshort"":false}",2014-01-01,2024-12-31,2025-01-01,2026-04-20,2014-01-01,2026-04-20,1969.0,985.0,340.0,643.0,34.52,66750.19,-31108.17,2.01,48.36,53.2,746883.0,-578523.1199999998,269.25,0.38,0.33,0.0066,0.0,424.0,212.0,67.0,145.0,31.6,17188.72,-9687.28,1.07,25.63,40.16,80264.20799999998,-39554.76000000006,-25.3,-0.38,-0.34,0.0039,-0.0,2393.0,1197.0,407.0,788.0,34.0,65571.77,-31750.83,1.85,44.4,53.2,746883.0,-578523.1199999998,166.81,0.29,0.25,0.0063,0.0
AFKS,macd,1h,Bayesian_TPE,47,2.448,16,22,15,True,828.87,0.195,0.248,66.03,1919,34.55,True,"{""sampler"":""TPESampler"",""seed"":42,""n_trials"":50,""direction"":""maximize"",""objective"":""composite = Sharpe * (Return% / MaxDD%)""}","{""macd_fast"":16,""macd_slow"":22,""macd_signal"":15,""allowshort"":true}",2014-01-01,2024-12-31,2025-01-01,2026-04-20,2014-01-01,2026-04-20,1919.0,1919.0,663.0,1243.0,34.55,139228.32,-67594.3,2.09,50.17,66.03,1625885.0999999996,-1719375.1999999995,828.87,0.5,0.63,0.0087,0.01,410.0,410.0,144.0,266.0,35.12,14093.29,-8878.47,1.15,27.59,47.62,71956.64799999999,-47549.43500000002,-33.22,-0.35,-0.45,0.0053,-0.0,2329.0,2329.0,807.0,1509.0,34.65,136603.36,-69741.01,1.93,46.23,66.03,1625885.0999999996,-1719375.1999999995,499.97,0.39,0.5,0.0083,0.0
AFKS,macd,1h,Bayesian_TPE,48,2.637,12,26,14,True,834.41,0.195,0.249,61.7,2041,35.18,True,"{""sampler"":""TPESampler"",""seed"":42,""n_trials"":50,""direction"":""maximize"",""objective"":""composite = Sharpe * (Return% / MaxDD%)""}","{""macd_fast"":12,""macd_slow"":26,""macd_signal"":14,""allowshort"":true}",2014-01-01,2024-12-31,2025-01-01,2026-04-20,2014-01-01,2026-04-20,2041.0,2041.0,718.0,1314.0,35.18,121384.73,-59977.29,1.97,47.17,61.7,1798513.11,-1049980.0799999996,834.41,0.5,0.64,0.0088,0.01,432.0,432.0,154.0,278.0,35.65,15589.84,-9100.5,1.09,26.18,29.49,91911.85100000002,-47246.27600000002,-12.91,-0.05,-0.07,0.0053,-0.0,2473.0,2473.0,872.0,1592.0,35.26,124482.44,-63867.54,1.81,43.54,61.7,1798513.11,-1049980.0799999996,687.16,0.43,0.55,0.0083,0.01
AFKS,macd,1h,Bayesian_TPE,49,2.226,15,20,14,True,724.78,0.188,0.24,61.2,2045,35.26,True,"{""sampler"":""TPESampler"",""seed"":42,""n_trials"":50,""direction"":""maximize"",""objective"":""composite = Sharpe * (Return% / MaxDD%)""}","{""macd_fast"":15,""macd_slow"":20,""macd_signal"":14,""allowshort"":true}",2014-01-01,2024-12-31,2025-01-01,2026-04-20,2014-01-01,2026-04-20,2045.0,2045.0,721.0,1314.0,35.26,96144.07,-47239.04,1.96,47.08,61.2,1525436.01,-831268.6399999998,724.78,0.48,0.61,0.0088,0.01,422.0,422.0,151.0,271.0,35.78,13747.13,-8536.89,1.12,26.8,37.03,80059.12000000007,-46427.67400000002,-23.77,-0.2,-0.26,0.0053,-0.0,2467.0,2467.0,872.0,1585.0,35.35,98177.92,-50807.17,1.82,43.64,61.2,1525436.01,-831268.6399999998,508.18,0.39,0.5,0.0083,0.01
