begin,open,close,high,low,value,volume,end
2014-01-06,53.51,52.8,53.59,52.37,1108626689.0,209958,2014-01-06 23:59:59
2014-01-08,52.76,51.5,52.83,51.44,996882423.0,191811,2014-01-08 23:59:59
2014-01-09,51.5,51.4,51.66,51.35,1157358843.0,224856,2014-01-09 23:59:59
2014-01-10,51.3,52.15,52.19,51.23,1304032255.0,251942,2014-01-10 23:59:59
2014-01-13,52.57,54.69,54.73,52.24,3611982749.0,672144,2014-01-13 23:59:59
2014-01-14,54.16,53.91,54.38,53.62,2259801687.0,418464,2014-01-14 23:59:59
2014-01-15,54.1,54.38,54.45,53.82,1766008491.0,326033,2014-01-15 23:59:59
2014-01-16,54.45,54.7,54.94,54.15,1751284833.0,321418,2014-01-16 23:59:59
2014-01-17,54.75,55.28,55.6,54.41,2240121560.0,406645,2014-01-17 23:59:59
2014-01-20,55.05,55.43,55.6,54.97,1070878798.0,193607,2014-01-20 23:59:59
2014-01-21,55.84,55.96,56.1,55.52,1564520708.0,279811,2014-01-21 23:59:59
2014-01-22,56.92,55.47,56.92,55.25,1998279967.0,359296,2014-01-22 23:59:59
2014-01-23,55.46,55.2,55.66,54.67,1955489018.0,353875,2014-01-23 23:59:59
2014-01-24,54.85,55.05,55.36,54.7,2228551808.0,405397,2014-01-24 23:59:59
2014-01-27,54.7,54.59,55.08,54.35,1848598207.0,338057,2014-01-27 23:59:59
2014-01-28,54.6,53.41,55.0,53.4,2239368788.0,413977,2014-01-28 23:59:59
2014-01-29,53.89,53.32,54.49,53.12,2553463983.0,473094,2014-01-29 23:59:59
2014-01-30,53.34,53.71,53.95,52.75,2889148780.0,540541,2014-01-30 23:59:59
2014-01-31,53.74,53.78,54.98,53.58,3490019258.0,643609,2014-01-31 23:59:59
2014-02-03,54.02,53.2,54.23,53.05,1522988768.0,283450,2014-02-03 23:59:59
2014-02-04,52.89,53.3,53.58,52.33,2418984888.0,455956,2014-02-04 23:59:59
2014-02-05,53.4,54.39,54.43,53.3,1905223034.0,354431,2014-02-05 23:59:59
2014-02-06,54.5,55.14,55.19,54.1,2099309876.0,384229,2014-02-06 23:59:59
2014-02-07,55.34,56.03,56.07,55.13,2520536745.0,452832,2014-02-07 23:59:59
2014-02-10,56.0,55.79,56.64,55.61,1567586062.0,279876,2014-02-10 23:59:59
2014-02-11,55.81,55.61,55.95,55.36,1979650534.0,355938,2014-02-11 23:59:59
2014-02-12,55.81,55.93,56.18,55.8,1020001922.0,182216,2014-02-12 23:59:59
2014-02-13,55.75,55.78,56.19,55.56,1533120130.0,274423,2014-02-13 23:59:59
2014-02-14,56.0,56.94,56.95,55.9,2051497065.0,363614,2014-02-14 23:59:59
2014-02-17,57.03,57.6,57.85,57.01,1546629803.0,268808,2014-02-17 23:59:59
2014-02-18,57.81,58.14,58.37,57.6,1983516893.0,342306,2014-02-18 23:59:59
2014-02-19,58.01,58.35,58.37,57.86,2689796603.0,462585,2014-02-19 23:59:59
2014-02-20,58.1,58.32,58.5,57.5,2560521793.0,440981,2014-02-20 23:59:59
2014-02-21,58.53,58.99,59.06,58.44,1921047446.0,326821,2014-02-21 23:59:59
2014-02-24,58.91,59.46,59.62,58.66,1817272482.0,306658,2014-02-24 23:59:59
2014-02-25,59.56,59.1,59.72,58.77,2192783724.0,370519,2014-02-25 23:59:59
2014-02-26,59.08,58.65,59.27,58.03,2516414767.0,429532,2014-02-26 23:59:59
2014-02-27,58.5,58.7,58.97,58.3,3189940953.0,543768,2014-02-27 23:59:59
2014-02-28,58.89,59.8,59.97,58.51,3054327607.0,513862,2014-02-28 23:59:59
2014-03-03,58.5,56.99,58.87,55.66,8675854779.0,1528760,2014-03-03 23:59:59
2014-03-04,56.3,59.36,59.47,56.23,3922511838.0,670924,2014-03-04 23:59:59
2014-03-05,59.35,59.9,60.27,58.15,2870306664.0,485302,2014-03-05 23:59:59
2014-03-06,60.02,61.86,61.97,59.86,5263476668.0,865043,2014-03-06 23:59:59
2014-03-07,61.71,62.67,63.95,61.61,3933327136.0,624263,2014-03-07 23:59:59
2014-03-11,62.3,61.92,62.51,61.26,3256859372.0,526493,2014-03-11 23:59:59
2014-03-12,61.48,59.09,61.5,58.98,3896591406.0,647977,2014-03-12 23:59:59
2014-03-13,59.6,58.1,60.0,58.02,3863288665.0,655125,2014-03-13 23:59:59
2014-03-14,57.5,57.68,57.7,55.75,3883154412.0,686896,2014-03-14 23:59:59
2014-03-17,58.78,58.92,59.11,57.17,3829664377.0,658496,2014-03-17 23:59:59
2014-03-18,59.4,61.15,61.35,58.24,2826489065.0,474079,2014-03-18 23:59:59
2014-03-19,61.36,60.16,62.0,59.85,3017920581.0,494021,2014-03-19 23:59:59
2014-03-20,59.82,58.41,59.83,58.31,2221906427.0,376006,2014-03-20 23:59:59
2014-03-21,57.1,58.92,59.2,56.68,3351988615.0,578822,2014-03-21 23:59:59
2014-03-24,59.02,58.96,60.21,58.9,1705633764.0,287403,2014-03-24 23:59:59
2014-03-25,59.34,60.15,60.72,58.49,1971938041.0,329290,2014-03-25 23:59:59
2014-03-26,60.2,58.51,60.67,58.4,2515754329.0,422260,2014-03-26 23:59:59
2014-03-27,58.25,58.75,58.88,57.56,1649901590.0,283442,2014-03-27 23:59:59
2014-03-28,58.84,58.16,59.68,58.01,2269899820.0,386755,2014-03-28 23:59:59
2014-03-31,58.2,58.65,59.0,58.0,1551639964.0,264726,2014-03-31 23:59:59
2014-04-01,59.0,59.63,60.05,58.74,1897436432.0,319079,2014-04-01 23:59:59
2014-04-02,59.7,60.9,60.9,59.4,2227881799.0,369814,2014-04-02 23:59:59
2014-04-03,60.9,60.51,61.35,60.04,1439242445.0,236972,2014-04-03 23:59:59
2014-04-04,60.71,61.35,61.5,60.28,1329249067.0,217988,2014-04-04 23:59:59
2014-04-07,60.79,61.18,61.45,60.22,2485731677.0,409236,2014-04-07 23:59:59
2014-04-08,61.12,62.4,62.65,60.6,2521209213.0,409013,2014-04-08 23:59:59
2014-04-09,62.5,62.09,63.77,62.09,2796345216.0,443344,2014-04-09 23:59:59
2014-04-10,62.96,63.76,63.79,62.29,2136996627.0,337916,2014-04-10 23:59:59
2014-04-11,63.03,64.71,65.07,62.93,2179154925.0,339696,2014-04-11 23:59:59
2014-04-14,64.74,64.99,65.6,64.2,1840099968.0,283710,2014-04-14 23:59:59
2014-04-15,64.7,64.15,64.94,64.01,2007854532.0,311644,2014-04-15 23:59:59
2014-04-16,64.25,64.48,64.76,63.42,1551759423.0,241962,2014-04-16 23:59:59
2014-04-17,64.5,64.4,64.96,64.06,871300305.0,134930,2014-04-17 23:59:59
2014-04-18,65.0,64.4,65.2,64.33,884017137.0,136343,2014-04-18 23:59:59
2014-04-21,64.45,63.93,64.55,63.55,748896186.0,117034,2014-04-21 23:59:59
2014-04-22,63.95,64.24,64.34,63.64,1634333307.0,255226,2014-04-22 23:59:59
2014-04-23,64.07,64.28,64.43,63.63,1285760669.0,200814,2014-04-23 23:59:59
2014-04-24,64.48,64.2,64.64,63.8,1469561766.0,228970,2014-04-24 23:59:59
2014-04-25,64.16,64.91,65.14,63.82,2463569993.0,380709,2014-04-25 23:59:59
2014-04-28,64.6,64.6,65.42,64.37,1431240574.0,220650,2014-04-28 23:59:59
2014-04-29,64.8,64.25,64.97,64.18,1738681200.0,269702,2014-04-29 23:59:59
2014-04-30,64.25,64.05,64.44,64.02,723822700.0,112738,2014-04-30 23:59:59
2014-05-02,63.79,64.09,64.11,63.35,659650016.0,103471,2014-05-02 23:59:59
2014-05-05,64.09,63.9,64.39,63.51,567155756.0,88852,2014-05-05 23:59:59
2014-05-06,63.9,64.15,64.45,63.72,1382808052.0,215606,2014-05-06 23:59:59
2014-05-07,64.15,66.82,68.04,63.84,3323227185.0,503176,2014-05-07 23:59:59
2014-05-08,67.1,67.84,69.43,66.83,2712825425.0,398244,2014-05-08 23:59:59
2014-05-12,68.2,67.5,68.78,66.4,2897825302.0,430248,2014-05-12 23:59:59
2014-05-13,67.82,67.57,68.0,67.11,1421008192.0,210197,2014-05-13 23:59:59
2014-05-14,67.47,66.89,67.57,66.5,1160215367.0,173372,2014-05-14 23:59:59
2014-05-15,66.52,66.17,66.65,65.92,1392476025.0,210198,2014-05-15 23:59:59
2014-05-16,65.39,66.25,66.43,65.06,1750736385.0,266901,2014-05-16 23:59:59
2014-05-19,66.25,66.43,67.0,66.23,1440648882.0,216029,2014-05-19 23:59:59
2014-05-20,66.69,66.75,66.95,66.08,1268122590.0,190438,2014-05-20 23:59:59
2014-05-21,66.56,65.73,66.95,65.56,1338870683.0,202374,2014-05-21 23:59:59
2014-05-22,65.81,65.55,66.0,65.28,1031209884.0,157260,2014-05-22 23:59:59
2014-05-23,65.51,64.94,65.78,64.72,849986721.0,130153,2014-05-23 23:59:59
2014-05-26,64.99,65.12,65.39,64.74,603011494.0,92500,2014-05-26 23:59:59
2014-05-27,65.2,65.34,65.75,64.51,1891371015.0,289852,2014-05-27 23:59:59
2014-05-28,65.35,65.8,66.06,65.35,1322373422.0,200866,2014-05-28 23:59:59
2014-05-29,65.8,66.19,66.4,65.76,1031041227.0,156009,2014-05-29 23:59:59
2014-05-30,66.29,66.56,67.3,66.11,1262669348.0,189164,2014-05-30 23:59:59
2014-06-02,66.98,67.98,68.47,66.81,2390233809.0,352192,2014-06-02 23:59:59
2014-06-03,67.85,68.7,68.7,67.61,1165189577.0,170728,2014-06-03 23:59:59
2014-06-04,67.21,68.98,69.4,67.21,1291746252.0,187389,2014-06-04 23:59:59
2014-06-05,69.0,68.82,69.4,68.72,1515770613.0,219400,2014-06-05 23:59:59
2014-06-06,69.45,69.75,69.75,68.68,1171500755.0,169441,2014-06-06 23:59:59
2014-06-09,69.74,70.29,70.76,69.71,1496171686.0,212826,2014-06-09 23:59:59
2014-06-10,70.69,69.0,70.69,69.0,1441391215.0,207612,2014-06-10 23:59:59
2014-06-11,68.95,69.4,69.4,68.61,1434679352.0,207715,2014-06-11 23:59:59
2014-06-16,67.0,66.49,67.0,65.48,3453075583.0,520423,2014-06-16 23:59:59
2014-06-17,66.4,66.22,66.82,65.5,1448175391.0,219261,2014-06-17 23:59:59
2014-06-18,66.14,67.8,68.01,65.86,1860722819.0,276596,2014-06-18 23:59:59
2014-06-19,68.45,68.39,68.95,67.97,1286147858.0,188079,2014-06-19 23:59:59
2014-06-20,68.55,68.65,69.24,68.05,1701756230.0,247349,2014-06-20 23:59:59
2014-06-23,68.87,68.99,69.4,68.21,1347070053.0,195573,2014-06-23 23:59:59
2014-06-24,69.09,68.95,69.25,68.48,1318492778.0,191568,2014-06-24 23:59:59
2014-06-25,68.63,67.66,69.06,67.63,1310537864.0,191597,2014-06-25 23:59:59
2014-06-26,67.73,67.2,68.19,66.78,1546798963.0,228827,2014-06-26 23:59:59
2014-06-27,68.05,67.15,68.05,66.55,806243206.0,120365,2014-06-27 23:59:59
2014-06-30,67.17,67.19,67.58,66.6,1101391860.0,163975,2014-06-30 23:59:59
2014-07-01,67.21,67.98,67.99,66.69,890349424.0,132268,2014-07-01 23:59:59
2014-07-02,67.91,69.2,69.2,67.91,1405499989.0,204711,2014-07-02 23:59:59
2014-07-03,69.48,70.05,70.2,69.08,1618559514.0,231628,2014-07-03 23:59:59
2014-07-04,69.95,69.71,70.32,69.41,1036597865.0,148269,2014-07-04 23:59:59
2014-07-07,69.77,71.49,71.49,69.48,1307286671.0,184810,2014-07-07 23:59:59
2014-07-08,71.06,72.8,73.19,71.06,2763281445.0,381218,2014-07-08 23:59:59
2014-07-09,72.54,73.16,73.25,72.15,1215212877.0,167278,2014-07-09 23:59:59
2014-07-10,73.2,72.1,74.02,71.84,2314324593.0,317565,2014-07-10 23:59:59
2014-07-11,72.18,72.6,72.75,71.62,1148790406.0,158768,2014-07-11 23:59:59
2014-07-14,72.65,72.63,73.05,72.32,908573636.0,124991,2014-07-14 23:59:59
2014-07-15,72.67,73.0,73.19,72.2,1490406293.0,204730,2014-07-15 23:59:59
2014-07-16,73.1,71.6,73.9,71.42,1995179623.0,274249,2014-07-16 23:59:59
2014-07-17,70.25,71.35,71.48,69.77,2412232759.0,342601,2014-07-17 23:59:59
2014-07-18,70.6,70.1,71.32,69.68,1978222636.0,280507,2014-07-18 23:59:59
2014-07-21,70.1,68.19,70.1,68.18,1760920065.0,254739,2014-07-21 23:59:59
2014-07-22,68.71,70.09,70.29,68.5,1533052715.0,220574,2014-07-22 23:59:59
2014-07-23,69.99,71.45,71.93,69.94,1465660684.0,206070,2014-07-23 23:59:59
2014-07-24,71.43,72.19,72.2,70.92,940638215.0,130980,2014-07-24 23:59:59
2014-07-25,71.86,70.39,72.0,69.8,1950073560.0,275582,2014-07-25 23:59:59
2014-07-28,69.88,69.81,70.38,69.01,1354161128.0,194139,2014-07-28 23:59:59
2014-07-29,70.0,70.3,71.16,69.9,1314570666.0,186122,2014-07-29 23:59:59
2014-07-30,70.0,70.83,72.0,69.91,1478206628.0,207320,2014-07-30 23:59:59
2014-07-31,70.91,70.6,71.8,70.17,1163009932.0,163860,2014-07-31 23:59:59
2014-08-01,70.21,69.53,70.72,68.76,1404940173.0,202172,2014-08-01 23:59:59
2014-08-04,69.65,70.0,70.29,69.1,1243598408.0,178477,2014-08-04 23:59:59
2014-08-05,70.24,68.56,70.67,68.51,1512105983.0,217880,2014-08-05 23:59:59
2014-08-06,68.4,67.33,69.37,67.09,1858975156.0,273368,2014-08-06 23:59:59
2014-08-07,66.64,68.0,68.58,66.31,1478878576.0,220177,2014-08-07 23:59:59
2014-08-08,67.66,68.83,69.5,67.5,1301354879.0,189087,2014-08-08 23:59:59
2014-08-11,69.4,69.95,70.28,69.4,1064256117.0,152380,2014-08-11 20:30:02
2014-08-12,69.95,69.43,70.1,68.98,962908289.0,138671,2014-08-12 20:30:02
2014-08-13,69.17,70.1,70.14,68.89,1622135034.0,233434,2014-08-13 20:29:41
2014-08-14,70.08,69.95,70.44,69.33,1252840466.0,179525,2014-08-14 20:29:56
2014-08-15,69.67,70.34,70.76,69.32,1035069845.0,147880,2014-08-15 20:29:46
2014-08-18,70.33,70.59,70.64,69.96,634888697.0,90299,2014-08-18 20:29:46
2014-08-19,70.71,72.97,73.13,70.7,1662317282.0,230589,2014-08-19 20:29:47
2014-08-20,73.06,74.11,74.29,72.79,1622500287.0,220564,2014-08-20 20:29:42
2014-08-21,74.49,73.92,75.35,73.82,1813269908.0,243054,2014-08-21 20:29:56
2014-08-22,74.29,73.02,74.38,72.87,1263761104.0,171859,2014-08-22 20:29:56
2014-08-25,72.9,73.42,73.84,72.9,500301309.0,68174,2014-08-25 20:29:51
2014-08-26,73.43,72.51,73.76,72.25,1072825014.0,147246,2014-08-26 20:29:51
2014-08-27,72.76,73.0,73.2,72.43,835466177.0,114514,2014-08-27 23:59:59
2014-08-28,72.95,72.8,72.95,71.53,1624634678.0,225254,2014-08-28 23:59:59
2014-08-29,72.6,72.3,73.5,72.3,1614132858.0,221671,2014-08-29 23:59:59
2014-09-01,72.81,72.4,73.57,72.13,1404376084.0,192938,2014-09-01 23:59:59
2014-09-02,72.75,71.77,73.0,71.55,1082709230.0,150051,2014-09-02 23:59:59
2014-09-03,71.82,73.31,73.65,70.86,2824488292.0,392697,2014-09-03 23:59:59
2014-09-04,73.0,73.09,74.0,72.8,1592580186.0,217143,2014-09-04 23:59:59
2014-09-05,73.04,75.21,75.35,72.15,3206041741.0,433199,2014-09-05 23:59:59
2014-09-08,74.71,75.1,75.8,74.71,1747415315.0,232197,2014-09-08 23:59:59
2014-09-09,74.95,73.93,75.33,73.84,1236468619.0,165841,2014-09-09 23:59:59
2014-09-10,73.75,73.8,74.53,73.44,1295067296.0,174874,2014-09-10 23:59:59
2014-09-11,74.0,73.34,74.49,73.3,1329713547.0,180003,2014-09-11 23:59:59
2014-09-12,73.39,74.0,74.95,73.1,1289155099.0,173654,2014-09-12 23:59:59
2014-09-15,74.0,74.6,74.65,73.3,1997868889.0,270268,2014-09-15 23:59:59
2014-09-16,74.59,76.25,76.7,74.4,2227916390.0,294756,2014-09-16 23:59:59
2014-09-17,76.0,76.47,77.06,75.31,2112397183.0,276647,2014-09-17 23:59:59
2014-09-18,76.43,76.47,76.94,75.88,1077145255.0,140846,2014-09-18 23:59:59
2014-09-19,76.43,74.85,76.46,74.04,2043940282.0,270483,2014-09-19 23:59:59
2014-09-22,74.44,71.6,74.5,71.5,2815875507.0,384981,2014-09-22 23:59:59
2014-09-23,71.63,72.79,72.98,71.63,1283455932.0,177359,2014-09-23 23:59:59
2014-09-24,73.01,73.25,73.95,72.83,1069231362.0,145576,2014-09-24 23:59:59
2014-09-25,73.57,74.25,74.69,73.51,1804516292.0,242803,2014-09-25 23:59:59
2014-09-26,74.01,74.98,75.3,73.96,1438885978.0,192481,2014-09-26 23:59:59
2014-09-29,74.95,73.2,75.39,73.2,1580141260.0,212698,2014-09-29 23:59:59
2014-09-30,73.5,73.2,74.28,72.39,2031466950.0,276646,2014-09-30 23:59:59
2014-10-01,73.03,72.6,74.19,72.58,1952107179.0,266081,2014-10-01 23:59:59
2014-10-02,72.5,69.96,72.9,69.5,3256859581.0,460432,2014-10-02 23:59:59
2014-10-03,70.85,69.37,70.99,68.93,1477166588.0,211614,2014-10-03 23:59:59
2014-10-06,69.8,70.48,70.97,69.75,1662489988.0,236392,2014-10-06 23:59:59
2014-10-07,70.25,70.15,70.9,69.14,2192265291.0,312758,2014-10-07 23:59:59
2014-10-08,69.68,68.11,69.77,68.11,2095065607.0,304818,2014-10-08 23:59:59
2014-10-09,68.98,69.11,69.89,68.57,2216487273.0,320325,2014-10-09 23:59:59
2014-10-10,68.5,68.0,69.28,67.8,1747758128.0,255162,2014-10-10 23:59:59
2014-10-13,67.99,69.47,70.83,67.66,1935169712.0,278355,2014-10-13 23:59:59
2014-10-14,69.46,69.56,70.84,69.46,1872555757.0,266850,2014-10-14 23:59:59
2014-10-15,69.85,70.3,70.8,68.66,1739509544.0,248460,2014-10-15 23:59:59
2014-10-16,70.4,69.9,71.26,69.57,2647380281.0,375968,2014-10-16 23:59:59
2014-10-17,70.58,71.15,71.66,70.23,1856438155.0,261141,2014-10-17 23:59:59
2014-10-20,71.28,71.65,71.88,70.84,1635353209.0,229162,2014-10-20 23:59:59
2014-10-21,71.29,75.01,75.5,70.9,4866890029.0,661987,2014-10-21 23:59:59
2014-10-22,75.18,76.3,76.75,75.11,4525108523.0,594555,2014-10-22 23:59:59
2014-10-23,76.15,77.6,78.86,75.98,4631462193.0,596971,2014-10-23 23:59:59
2014-10-24,77.5,77.4,78.05,76.55,2019803778.0,261652,2014-10-24 23:59:59
2014-10-27,78.0,75.9,78.9,75.05,3149137216.0,410515,2014-10-27 23:59:59
2014-10-28,76.11,75.8,77.49,75.1,2354924433.0,307982,2014-10-28 23:59:59
2014-10-29,76.24,77.6,78.06,76.11,3028126179.0,392153,2014-10-29 23:59:59
2014-10-30,77.45,76.89,78.4,76.0,3097601360.0,400597,2014-10-30 23:59:59
2014-10-31,77.4,80.33,80.33,76.95,4199317875.0,531951,2014-10-31 23:59:59
2014-11-03,80.32,79.96,81.38,79.78,1366907358.0,169555,2014-11-03 23:59:59
2014-11-05,79.19,79.54,79.97,78.76,1894235945.0,238669,2014-11-05 23:59:59
2014-11-06,79.8,80.41,81.87,79.8,2465231924.0,304794,2014-11-06 23:59:59
2014-11-07,80.66,80.0,82.17,79.2,4219634219.0,523243,2014-11-07 23:59:59
2014-11-10,80.5,80.48,80.9,79.12,2241023174.0,280324,2014-11-10 23:59:59
2014-11-11,80.48,80.84,81.27,80.2,1735354031.0,214554,2014-11-11 23:59:59
2014-11-12,80.83,81.03,81.4,80.23,1334712290.0,164723,2014-11-12 23:59:59
2014-11-13,81.1,80.3,81.63,80.25,1864360874.0,230497,2014-11-13 23:59:59
2014-11-14,80.24,81.52,81.55,79.82,1600223923.0,197362,2014-11-14 23:59:59
2014-11-17,81.11,82.8,83.0,81.11,1860416334.0,225287,2014-11-17 23:59:59
2014-11-18,83.0,83.95,84.13,82.16,2472967363.0,297264,2014-11-18 23:59:59
2014-11-19,83.95,84.83,84.93,83.6,1432075537.0,169193,2014-11-19 23:59:59
2014-11-20,84.8,85.1,86.25,84.16,1662136216.0,195057,2014-11-20 23:59:59
2014-11-21,85.23,84.22,85.7,82.66,2370597705.0,282497,2014-11-21 23:59:59
2014-11-24,84.23,84.3,84.56,83.06,1597503814.0,190143,2014-11-24 23:59:59
2014-11-25,84.2,85.02,85.62,83.65,1513478580.0,178720,2014-11-25 23:59:59
2014-11-26,84.99,85.61,85.75,84.84,2082155747.0,243859,2014-11-26 23:59:59
2014-11-27,85.5,86.05,86.95,85.0,2401080274.0,279672,2014-11-27 23:59:59
2014-11-28,85.89,88.2,88.73,85.88,3087038252.0,351972,2014-11-28 23:59:59
2014-12-01,88.5,96.4,97.02,88.32,7685129061.0,816016,2014-12-01 23:59:59
2014-12-02,96.45,98.14,99.75,95.8,5575875724.0,569154,2014-12-02 23:59:59
2014-12-03,98.78,99.0,100.27,97.1,3949775384.0,399438,2014-12-03 23:59:59
2014-12-04,99.01,98.35,100.35,98.15,3888855559.0,390661,2014-12-04 23:59:59
2014-12-05,98.35,98.51,99.85,97.77,2483950652.0,251072,2014-12-05 23:59:59
2014-12-08,98.67,95.96,99.39,95.12,3141653742.0,323060,2014-12-08 23:59:59
2014-12-09,95.92,94.63,96.9,94.5,2439732316.0,255282,2014-12-09 23:59:59
2014-12-10,95.49,95.28,97.59,94.89,2392475618.0,248449,2014-12-10 23:59:59
2014-12-11,95.21,93.68,96.31,93.29,2792076814.0,294431,2014-12-11 23:59:59
2014-12-12,93.68,94.7,96.5,92.55,3162379241.0,332776,2014-12-12 23:59:59
2014-12-15,95.0,95.75,97.66,93.53,6191263118.0,647229,2014-12-15 23:59:59
2014-12-16,95.0,108.05,113.19,89.0,8047817679.0,789005,2014-12-16 23:59:59
2014-12-17,108.71,92.16,112.95,92.01,6248155584.0,618678,2014-12-17 23:59:59
2014-12-18,92.5,91.93,97.36,89.11,4067537618.0,435792,2014-12-18 23:59:59
2014-12-19,87.5,88.6,92.2,86.0,2624351927.0,297031,2014-12-19 23:59:59
2014-12-22,88.68,87.99,91.0,86.1,2330133676.0,265270,2014-12-22 23:59:59
2014-12-23,87.32,80.49,87.87,79.93,2400549999.0,289189,2014-12-23 23:59:59
2014-12-24,80.0,81.68,82.75,79.62,1170076223.0,143963,2014-12-24 23:59:59
2014-12-25,81.0,80.05,81.75,79.89,508618016.0,63199,2014-12-25 23:59:59
2014-12-26,80.19,79.9,80.95,79.89,695217130.0,86546,2014-12-26 23:59:59
2014-12-29,79.93,83.6,86.0,79.75,1821195656.0,217699,2014-12-29 23:59:59
2014-12-30,84.05,80.8,85.53,80.11,1267121942.0,155255,2014-12-30 23:59:59
2015-01-05,81.11,85.9,85.9,80.5,1112591155.0,132143,2015-01-05 23:59:59
2015-01-06,85.11,91.01,92.7,85.11,2410156009.0,267759,2015-01-06 23:59:59
2015-01-08,92.0,95.5,95.65,91.51,2188881970.0,233721,2015-01-08 23:59:59
2015-01-09,96.0,97.4,97.98,95.05,1608055638.0,166479,2015-01-09 23:59:59
2015-01-12,97.78,98.39,99.27,96.51,1218116496.0,124626,2015-01-12 23:59:59
2015-01-13,98.5,100.25,101.77,97.55,1878194625.0,188403,2015-01-13 23:59:59
2015-01-14,100.11,96.0,101.25,94.82,3614102082.0,369929,2015-01-14 23:59:59
2015-01-15,96.31,92.9,97.77,92.2,2544988774.0,268153,2015-01-15 23:59:59
2015-01-16,92.7,95.61,96.2,91.77,1625149996.0,171825,2015-01-16 23:59:59
2015-01-19,95.7,94.17,97.0,94.15,1921046471.0,200594,2015-01-19 23:59:59
2015-01-20,94.19,94.7,96.4,93.01,2220586369.0,235269,2015-01-20 23:59:59
2015-01-21,95.0,96.75,97.17,94.56,1513915770.0,157702,2015-01-21 23:59:59
2015-01-22,96.99,103.86,104.5,96.85,4026170166.0,398201,2015-01-22 23:59:59
2015-01-23,104.85,104.0,106.48,102.61,2775982502.0,265557,2015-01-23 23:59:59
2015-01-26,103.0,107.55,107.55,101.47,2568363892.0,246195,2015-01-26 23:59:59
2015-01-27,106.5,111.79,114.0,106.5,4097925823.0,369558,2015-01-27 23:59:59
2015-01-28,111.8,115.34,116.42,111.8,3249372520.0,283878,2015-01-28 23:59:59
2015-01-29,116.2,114.5,117.8,113.19,2933351584.0,253431,2015-01-29 23:59:59
2015-01-30,114.99,116.1,117.0,113.72,2838303517.0,245536,2015-01-30 23:59:59
2015-02-02,116.63,112.8,116.8,112.52,1860606629.0,162507,2015-02-02 23:59:59
2015-02-03,112.82,109.9,114.32,109.77,1681458415.0,150645,2015-02-03 23:59:59
2015-02-04,109.9,107.5,110.79,107.0,1584861872.0,145151,2015-02-04 23:59:59
2015-02-05,109.01,111.0,112.15,107.96,3660669029.0,331036,2015-02-05 23:59:59
2015-02-06,111.78,113.94,114.58,110.61,2970098634.0,262558,2015-02-06 23:59:59
2015-02-09,114.48,113.52,120.0,112.71,3421201895.0,295663,2015-02-09 23:59:59
2015-02-10,113.0,113.45,116.39,112.01,2114451756.0,184783,2015-02-10 23:59:59
2015-02-11,115.0,116.97,117.78,113.8,2414180065.0,208227,2015-02-11 23:59:59
2015-02-12,117.45,120.37,121.34,114.21,4684414120.0,396436,2015-02-12 23:59:59
2015-02-13,121.04,121.06,122.47,119.6,2901692429.0,239534,2015-02-13 23:59:59
2015-02-16,120.74,119.0,121.68,116.77,1686475975.0,142184,2015-02-16 23:59:59
2015-02-17,119.0,113.75,121.21,113.5,2696777621.0,229229,2015-02-17 23:59:59
2015-02-18,114.98,111.4,116.0,110.72,2540414799.0,224242,2015-02-18 23:59:59
2015-02-19,111.5,113.55,113.6,108.9,2334074202.0,209931,2015-02-19 23:59:59
2015-02-20,114.2,113.3,114.79,111.52,1352618918.0,119680,2015-02-20 23:59:59
2015-02-24,111.36,113.48,114.47,111.36,1248840750.0,110812,2015-02-24 23:59:59
2015-02-25,113.5,110.61,114.17,109.06,1711795638.0,154312,2015-02-25 23:59:59
2015-02-26,111.0,110.93,111.7,107.55,1936823574.0,176454,2015-02-26 23:59:59
2015-02-27,110.3,111.82,112.74,108.95,1656563750.0,149551,2015-02-27 23:59:59
2015-03-02,112.21,112.69,113.4,111.3,1341642321.0,119146,2015-03-02 23:59:59
2015-03-03,112.42,114.8,116.32,110.81,2338127443.0,205261,2015-03-03 23:59:59
2015-03-04,115.0,111.4,115.03,110.5,1593825888.0,141874,2015-03-04 23:59:59
2015-03-05,111.42,111.8,112.79,108.8,2432658968.0,219284,2015-03-05 23:59:59
2015-03-06,111.54,109.9,112.38,108.53,1421078985.0,128945,2015-03-06 23:59:59
2015-03-10,108.49,104.25,109.27,103.33,2379411366.0,223751,2015-03-10 23:59:59
2015-03-11,104.0,105.88,107.5,103.82,1849294116.0,175233,2015-03-11 23:59:59
2015-03-12,106.0,107.3,109.18,104.1,2276540344.0,213017,2015-03-12 23:59:59
2015-03-13,107.31,103.8,107.31,102.8,2351795680.0,224814,2015-03-13 23:59:59
2015-03-16,103.98,102.98,104.55,102.3,1795669185.0,173739,2015-03-16 23:59:59
2015-03-17,103.52,105.95,107.11,102.93,2105710337.0,200705,2015-03-17 23:59:59
2015-03-18,106.0,106.92,107.99,105.63,1585136067.0,148046,2015-03-18 23:59:59
2015-03-19,107.5,104.1,108.7,104.1,3040410111.0,285067,2015-03-19 23:59:59
2015-03-20,104.05,105.01,106.17,103.07,1743254697.0,166255,2015-03-20 23:59:59
2015-03-23,105.55,104.2,106.37,103.6,1456265893.0,138655,2015-03-23 23:59:59
2015-03-24,103.6,103.3,105.0,102.76,1500911926.0,144495,2015-03-24 23:59:59
2015-03-25,103.46,105.0,105.3,102.94,1500568510.0,143884,2015-03-25 23:59:59
2015-03-26,105.18,103.1,105.6,103.0,1585085633.0,151642,2015-03-26 23:59:59
2015-03-27,103.08,99.05,103.39,97.6,2366572927.0,232803,2015-03-27 23:59:59
2015-03-30,99.5,105.3,105.49,99.5,2857478660.0,276497,2015-03-30 23:59:59
2015-03-31,105.4,103.99,107.89,103.0,3793312632.0,361265,2015-03-31 23:59:59
2015-04-01,103.83,105.39,106.94,102.23,2457555928.0,234662,2015-04-01 23:59:59
2015-04-02,105.0,100.9,105.0,100.81,3735335328.0,364940,2015-04-02 23:59:59
2015-04-03,102.69,102.37,102.97,101.02,1397674313.0,136662,2015-04-03 23:59:59
2015-04-06,102.45,102.0,103.85,101.51,1519276038.0,148006,2015-04-06 23:59:59
2015-04-07,102.3,101.25,102.42,100.35,1846700204.0,182283,2015-04-07 23:59:59
2015-04-08,101.0,99.86,101.0,98.76,1896062396.0,190501,2015-04-08 23:59:59
2015-04-09,99.7,97.4,99.7,95.1,4477669806.0,463092,2015-04-09 23:59:59
2015-04-10,97.0,99.36,99.77,95.25,4313662583.0,443117,2015-04-10 23:59:59
2015-04-13,99.92,98.39,100.97,98.02,3690772497.0,371322,2015-04-13 23:59:59
2015-04-14,98.13,95.2,98.18,93.52,3785585547.0,396720,2015-04-14 23:59:59
2015-04-15,94.01,96.32,97.12,92.75,4856551636.0,509307,2015-04-15 23:59:59
2015-04-16,97.0,94.8,97.33,93.3,3722989331.0,393509,2015-04-16 23:59:59
2015-04-17,94.05,94.6,95.9,93.77,3369362493.0,353862,2015-04-17 23:59:59
2015-04-20,95.01,95.9,97.14,94.45,2654586871.0,276138,2015-04-20 23:59:59
2015-04-21,94.37,97.0,97.6,94.37,2338169082.0,241349,2015-04-21 23:59:59
2015-04-22,97.2,96.0,98.87,95.19,3576275389.0,369069,2015-04-22 23:59:59
2015-04-23,96.0,95.3,96.1,93.22,3771969952.0,400008,2015-04-23 23:59:59
2015-04-24,95.3,97.19,97.64,94.22,2613847447.0,271073,2015-04-24 23:59:59
2015-04-27,96.63,96.65,98.43,96.63,2385841823.0,244327,2015-04-27 23:59:59
2015-04-28,96.71,96.73,97.39,96.24,1734769182.0,178911,2015-04-28 23:59:59
2015-04-29,96.82,95.52,97.42,95.51,1006358952.0,104444,2015-04-29 23:59:59
2015-04-30,95.61,96.4,97.33,95.3,1552895828.0,160761,2015-04-30 23:59:59
2015-05-05,98.67,101.7,102.33,98.11,5059089279.0,502485,2015-05-05 23:59:59
2015-05-06,102.28,105.0,105.33,101.24,3903007558.0,376904,2015-05-06 23:59:59
2015-05-07,105.0,102.01,105.0,101.56,2396492249.0,232788,2015-05-07 23:59:59
2015-05-08,102.1,105.4,106.2,102.1,2230288562.0,213072,2015-05-08 23:59:59
2015-05-12,106.53,106.8,107.9,105.1,2990806226.0,279781,2015-05-12 23:59:59
2015-05-13,106.95,104.35,107.5,104.06,2232815232.0,211361,2015-05-13 23:59:59
2015-05-14,104.53,102.45,105.3,102.45,2190503507.0,211905,2015-05-14 23:59:59
2015-05-15,102.6,102.88,103.36,101.66,1586832412.0,154760,2015-05-15 23:59:59
2015-05-18,103.01,102.48,103.4,101.41,1401904946.0,136781,2015-05-18 23:59:59
2015-05-19,102.29,100.39,103.0,99.61,1967951348.0,195075,2015-05-19 23:59:59
2015-05-20,100.39,101.8,102.5,98.45,2223040709.0,221352,2015-05-20 23:59:59
2015-05-21,101.9,102.1,102.7,101.06,3856022984.0,377967,2015-05-21 23:59:59
2015-05-22,97.0,95.34,98.2,94.55,3337747297.0,347332,2015-05-22 23:59:59
2015-05-25,95.34,95.15,95.76,93.25,1080562998.0,114308,2015-05-25 23:59:59
2015-05-26,95.15,92.5,96.46,92.5,2300136831.0,243382,2015-05-26 23:59:59
2015-05-27,92.88,93.8,94.36,90.9,2254303833.0,242869,2015-05-27 23:59:59
2015-05-28,94.0,93.97,95.29,93.29,1318427815.0,139475,2015-05-28 23:59:59
2015-05-29,94.09,90.05,95.75,90.05,2143396141.0,228910,2015-05-29 23:59:59
2015-06-01,90.76,93.03,94.37,90.62,1814691478.0,195015,2015-06-01 23:59:59
2015-06-02,93.9,96.19,96.4,93.51,2474394206.0,259105,2015-06-02 23:59:59
2015-06-03,96.5,97.04,97.87,95.8,3283079470.0,338782,2015-06-03 23:59:59
2015-06-04,97.35,97.42,98.4,96.0,2473677923.0,253811,2015-06-04 23:59:59
2015-06-05,97.82,99.86,99.98,97.36,3209447553.0,324237,2015-06-05 23:59:59
2015-06-08,99.99,99.54,100.98,99.3,1736426516.0,173376,2015-06-08 23:59:59
2015-06-09,99.5,97.01,100.24,96.99,2098444421.0,213760,2015-06-09 23:59:59
2015-06-10,96.97,95.95,97.01,95.56,1489827835.0,155098,2015-06-10 23:59:59
2015-06-11,95.9,96.55,97.04,95.5,1434664324.0,149045,2015-06-11 23:59:59
2015-06-15,95.8,97.58,97.67,95.8,1552435376.0,160054,2015-06-15 23:59:59
2015-06-16,97.5,96.95,98.2,96.67,1097319457.0,112721,2015-06-16 23:59:59
2015-06-17,97.05,96.8,97.5,96.13,1136513455.0,117303,2015-06-17 23:59:59
2015-06-18,97.0,95.79,97.0,95.14,1289343806.0,134578,2015-06-18 23:59:59
2015-06-19,95.79,96.85,96.99,95.5,1212267167.0,125880,2015-06-19 23:59:59
2015-06-22,96.73,96.7,97.5,96.23,1230408546.0,126734,2015-06-22 23:59:59
2015-06-23,96.71,95.03,96.81,94.61,1891797997.0,198467,2015-06-23 23:59:59
2015-06-24,95.38,94.5,95.67,93.26,1924501261.0,204470,2015-06-24 23:59:59
2015-06-25,94.42,94.0,94.95,93.58,1067625275.0,113282,2015-06-25 23:59:59
2015-06-26,94.2,95.75,96.34,93.94,1296136120.0,135945,2015-06-26 23:59:59
2015-06-29,94.97,95.4,96.2,94.52,775657133.0,81297,2015-06-29 23:59:59
2015-06-30,95.73,95.0,95.8,93.68,1709151845.0,180425,2015-06-30 23:59:59
2015-07-01,94.98,92.15,94.98,92.0,3076068858.0,331069,2015-07-01 23:59:59
2015-07-02,92.25,92.5,93.49,92.2,1667641226.0,179563,2015-07-02 23:59:59
2015-07-03,92.7,92.63,93.14,92.6,659902615.0,71100,2015-07-03 23:59:59
2015-07-06,92.45,92.77,92.99,91.27,1513086081.0,163889,2015-07-06 23:59:59
2015-07-07,92.51,93.4,94.14,92.51,2147161243.0,229635,2015-07-07 23:59:59
2015-07-08,93.0,91.0,93.1,89.77,3107145345.0,341656,2015-07-08 23:59:59
2015-07-09,91.64,91.01,91.64,90.06,1796243890.0,197824,2015-07-09 23:59:59
2015-07-10,91.5,91.47,91.96,90.21,1382002590.0,151578,2015-07-10 23:59:59
2015-07-13,91.35,93.66,93.92,91.17,2270087354.0,244149,2015-07-13 23:59:59
2015-07-14,93.9,94.5,95.09,93.75,1985669700.0,210123,2015-07-14 23:59:59
2015-07-15,94.6,94.88,95.63,94.35,1519678792.0,159726,2015-07-15 23:59:59
2015-07-16,95.1,96.0,96.0,94.88,1101072380.0,115116,2015-07-16 23:59:59
2015-07-17,95.98,95.36,96.8,95.02,1296806361.0,134981,2015-07-17 23:59:59
2015-07-20,95.4,93.93,95.4,93.4,1399655855.0,148473,2015-07-20 23:59:59
2015-07-21,93.6,94.28,94.65,93.6,1110743819.0,117927,2015-07-21 23:59:59
2015-07-22,94.15,93.2,94.15,92.33,1566378449.0,168551,2015-07-22 23:59:59
2015-07-23,93.04,91.19,93.16,90.75,2139633018.0,233729,2015-07-23 23:59:59
2015-07-24,91.0,90.25,91.63,90.21,2158522537.0,237591,2015-07-24 23:59:59
2015-07-27,90.09,90.22,90.99,89.55,2682254677.0,297298,2015-07-27 23:59:59
2015-07-28,90.49,92.31,92.95,90.31,2811492730.0,305743,2015-07-28 23:59:59
2015-07-29,92.9,93.59,93.75,92.5,2524906982.0,271246,2015-07-29 23:59:59
2015-07-30,93.24,93.65,93.85,92.38,1869976110.0,200307,2015-07-30 23:59:59
2015-07-31,93.67,94.27,94.46,92.31,2157524420.0,230481,2015-07-31 23:59:59
2015-08-03,94.17,95.14,95.92,94.07,2251023164.0,236751,2015-08-03 23:59:59
2015-08-04,95.18,98.89,98.95,95.0,3747991108.0,384431,2015-08-04 23:59:59
2015-08-05,99.15,100.9,101.07,97.62,2911346423.0,292005,2015-08-05 23:59:59
2015-08-06,101.0,101.25,102.49,100.5,2616891123.0,257521,2015-08-06 23:59:59
2015-08-07,101.6,101.12,101.81,100.52,1443565137.0,142649,2015-08-07 23:59:59
2015-08-10,101.97,102.22,102.4,100.75,1668525770.0,163907,2015-08-10 23:59:59
2015-08-11,101.99,101.66,104.5,101.4,2689107816.0,261083,2015-08-11 23:59:59
2015-08-12,101.0,98.5,101.26,97.9,3885550355.0,390380,2015-08-12 23:59:59
2015-08-13,98.9,98.7,99.79,97.6,2270885314.0,230268,2015-08-13 23:59:59
2015-08-14,98.71,100.61,101.14,98.41,2687592478.0,268481,2015-08-14 23:59:59
2015-08-17,100.6,100.0,101.91,99.29,2606635389.0,259344,2015-08-17 23:59:59
2015-08-18,100.0,98.1,100.0,98.0,2078102159.0,210517,2015-08-18 23:59:59
2015-08-19,98.49,97.25,98.6,96.83,2011037049.0,205965,2015-08-19 23:59:59
2015-08-20,97.44,100.47,100.47,97.2,3192395444.0,321159,2015-08-20 23:59:59
2015-08-21,99.99,100.6,101.5,99.3,3081097828.0,306897,2015-08-21 23:59:59
2015-08-24,99.1,102.15,103.21,98.6,4443414139.0,440007,2015-08-24 23:59:59
2015-08-25,102.1,100.71,103.88,100.65,2308811236.0,225649,2015-08-25 23:59:59
2015-08-26,101.0,102.9,103.5,100.03,2037925620.0,199544,2015-08-26 23:59:59
2015-08-27,103.1,103.71,104.76,103.0,2298126725.0,221430,2015-08-27 23:59:59
2015-08-28,104.1,104.3,105.4,103.34,1663832999.0,159214,2015-08-28 23:59:59
2015-08-31,104.5,105.69,105.75,103.7,1696436887.0,161662,2015-08-31 23:59:59
2015-09-01,105.48,103.29,105.5,102.52,2172380748.0,209669,2015-09-01 23:59:59
2015-09-02,103.19,103.5,105.05,102.5,1824265084.0,175476,2015-09-02 23:59:59
2015-09-03,103.71,106.0,106.5,103.61,2210771141.0,210005,2015-09-03 23:59:59
2015-09-04,105.66,105.7,106.7,104.72,1677568635.0,158831,2015-09-04 23:59:59
2015-09-07,106.0,107.16,107.3,106.0,1159971055.0,108669,2015-09-07 23:59:59
2015-09-08,107.39,107.46,108.89,106.83,1933128932.0,179182,2015-09-08 23:59:59
2015-09-09,108.0,110.99,112.05,107.84,3174699230.0,288091,2015-09-09 23:59:59
2015-09-10,110.42,109.31,111.0,109.03,1905810491.0,173363,2015-09-10 23:59:59
2015-09-11,109.4,108.7,110.5,108.0,2082860999.0,190998,2015-09-11 23:59:59
2015-09-14,108.4,109.24,110.35,108.4,1183742331.0,108177,2015-09-14 23:59:59
2015-09-15,109.47,110.09,110.38,109.2,1438474834.0,130899,2015-09-15 23:59:59
2015-09-16,110.39,111.19,111.57,110.11,1871908879.0,168699,2015-09-16 23:59:59
2015-09-17,111.19,112.06,112.12,110.41,1129898515.0,101362,2015-09-17 23:59:59
2015-09-18,112.4,111.0,112.84,110.12,2216855328.0,198955,2015-09-18 23:59:59
2015-09-21,111.49,110.8,111.9,110.11,1379579302.0,124399,2015-09-21 23:59:59
2015-09-22,111.0,106.93,111.21,106.14,3136227069.0,290896,2015-09-22 23:59:59
2015-09-23,106.25,102.0,106.53,100.7,5039593353.0,491661,2015-09-23 23:59:59
2015-09-24,99.4,96.62,99.84,96.01,5314145736.0,545136,2015-09-24 23:59:59
2015-09-25,97.2,95.65,98.15,95.15,2652446428.0,274145,2015-09-25 23:59:59
2015-09-28,95.89,93.82,96.69,93.4,2478759275.0,260933,2015-09-28 23:59:59
2015-09-29,92.74,93.25,94.94,92.14,2309516974.0,246301,2015-09-29 23:59:59
2015-09-30,93.93,95.0,95.0,93.0,2330614188.0,248002,2015-09-30 23:59:59
2015-10-01,95.0,93.94,95.44,93.25,2232033809.0,237317,2015-10-01 23:59:59
2015-10-02,93.97,94.7,94.75,93.01,1523877036.0,162207,2015-10-02 23:59:59
2015-10-05,95.25,94.5,96.03,93.9,2630400245.0,276512,2015-10-05 23:59:59
2015-10-06,94.78,93.46,95.3,92.41,3194886550.0,340485,2015-10-06 23:59:59
2015-10-07,93.3,92.1,93.48,90.46,5048152128.0,551922,2015-10-07 23:59:59
2015-10-08,92.25,91.49,92.26,90.25,3501246413.0,384739,2015-10-08 23:59:59
2015-10-09,91.6,95.6,96.25,91.01,5678750749.0,603133,2015-10-09 23:59:59
2015-10-12,96.0,96.2,97.6,95.0,3509028539.0,364708,2015-10-12 23:59:59
2015-10-13,96.01,97.15,97.15,95.03,2216121477.0,230631,2015-10-13 23:59:59
2015-10-14,96.97,97.0,99.2,96.55,3986179952.0,406961,2015-10-14 23:59:59
2015-10-15,97.44,97.83,98.89,96.86,2444451861.0,248952,2015-10-15 23:59:59
2015-10-16,98.17,96.01,98.87,95.91,2350671605.0,240822,2015-10-16 23:59:59
2015-10-19,96.1,97.61,97.84,95.96,1777594121.0,183044,2015-10-19 23:59:59
2015-10-20,97.6,96.58,98.32,96.06,1955048627.0,202091,2015-10-20 23:59:59
2015-10-21,96.9,93.9,96.9,93.12,2571419265.0,270598,2015-10-21 23:59:59
2015-10-22,94.07,95.45,95.5,92.32,2720774512.0,288138,2015-10-22 23:59:59
2015-10-23,95.8,97.35,98.14,94.87,3093924905.0,320133,2015-10-23 23:59:59
2015-10-26,97.3,97.0,97.79,95.71,2193574070.0,226019,2015-10-26 23:59:59
2015-10-27,96.9,97.1,97.1,95.25,1878143072.0,195339,2015-10-27 23:59:59
2015-10-28,97.39,96.7,97.39,95.39,2288173928.0,237681,2015-10-28 23:59:59
2015-10-29,96.8,95.03,96.8,95.02,1648691156.0,172612,2015-10-29 23:59:59
2015-10-30,95.2,94.87,96.11,94.65,1131863429.0,118637,2015-10-30 23:59:59
2015-11-02,94.75,95.85,95.9,94.55,856968458.0,89803,2015-11-02 23:59:59
2015-11-03,95.89,95.46,97.4,95.4,2080546098.0,216300,2015-11-03 23:59:59
2015-11-05,95.47,95.8,96.54,95.34,1704468734.0,177461,2015-11-05 23:59:59
2015-11-06,96.25,95.13,97.25,93.89,2597473456.0,271005,2015-11-06 23:59:59
2015-11-09,95.5,94.99,95.93,94.0,1312505073.0,138208,2015-11-09 23:59:59
2015-11-10,95.0,94.74,95.4,94.4,1629184910.0,171694,2015-11-10 23:59:59
2015-11-11,94.75,93.71,94.98,93.28,1350441918.0,143117,2015-11-11 23:59:59
2015-11-12,93.75,94.75,94.77,93.4,1676436907.0,178182,2015-11-12 23:59:59
2015-11-13,94.7,94.69,95.37,93.51,1901394723.0,201289,2015-11-13 23:59:59
2015-11-16,94.79,93.35,94.99,93.3,2021670407.0,215008,2015-11-16 23:59:59
2015-11-17,93.59,93.64,94.85,93.35,2238961048.0,237973,2015-11-17 23:59:59
2015-11-18,94.0,96.4,96.5,93.45,3298690571.0,346105,2015-11-18 23:59:59
2015-11-19,96.5,96.7,97.63,95.6,3049233450.0,314360,2015-11-19 23:59:59
2015-11-20,97.03,96.5,97.45,95.68,1301939249.0,135060,2015-11-20 23:59:59
2015-11-23,95.72,94.92,95.98,94.4,2382786079.0,250504,2015-11-23 23:59:59
2015-11-24,94.99,93.44,95.24,92.2,3356534681.0,358995,2015-11-24 23:59:59
2015-11-25,93.6,94.27,94.59,93.52,1340900958.0,142363,2015-11-25 23:59:59
2015-11-26,94.54,93.9,95.9,93.8,2340529043.0,246435,2015-11-26 23:59:59
2015-11-27,93.8,92.2,94.46,92.2,2277699060.0,244912,2015-11-27 23:59:59
2015-11-30,92.31,89.2,93.37,89.2,4347227742.0,479024,2015-11-30 23:59:59
2015-12-01,89.75,90.54,91.75,89.75,2887850627.0,318415,2015-12-01 23:59:59
2015-12-02,91.0,89.39,91.6,88.63,2837265316.0,315454,2015-12-02 23:59:59
2015-12-03,89.37,91.13,91.75,89.03,3127481149.0,345356,2015-12-03 23:59:59
2015-12-04,91.5,88.51,92.2,88.22,3262044824.0,364262,2015-12-04 23:59:59
2015-12-07,88.98,89.25,89.7,87.34,2237505754.0,252046,2015-12-07 23:59:59
2015-12-08,89.18,89.7,90.19,88.11,2149867013.0,240337,2015-12-08 23:59:59
2015-12-09,89.98,89.35,90.75,89.33,1705740557.0,189847,2015-12-09 23:59:59
2015-12-10,89.3,89.25,90.5,88.82,1830958581.0,204236,2015-12-10 23:59:59
2015-12-11,89.35,89.0,89.8,88.43,1595406434.0,179232,2015-12-11 23:59:59
2015-12-14,88.84,87.8,89.19,87.77,1852883971.0,209934,2015-12-14 23:59:59
2015-12-15,88.0,89.65,90.55,88.0,2560399532.0,286441,2015-12-15 23:59:59
2015-12-16,89.99,91.08,91.75,89.63,2110598685.0,232048,2015-12-16 23:59:59
2015-12-17,91.4,94.5,94.5,91.01,3514606291.0,377720,2015-12-17 23:59:59
2015-12-18,94.03,92.29,94.89,92.25,2703183545.0,289906,2015-12-18 23:59:59
2015-12-21,92.49,90.48,93.45,89.8,2378552197.0,260833,2015-12-21 23:59:59
2015-12-22,90.51,92.2,92.24,90.42,1359818867.0,148817,2015-12-22 23:59:59
2015-12-23,92.1,94.1,94.43,92.1,1946407611.0,207861,2015-12-23 23:59:59
2015-12-24,94.15,93.44,94.5,92.35,1621585412.0,173300,2015-12-24 23:59:59
2015-12-25,93.6,93.44,93.75,92.92,691041426.0,74062,2015-12-25 23:59:59
2015-12-28,93.03,93.5,93.74,92.99,1234671766.0,132303,2015-12-28 23:59:59
2015-12-29,90.55,91.89,91.99,90.51,1513746878.0,165960,2015-12-29 23:59:59
2015-12-30,92.1,91.5,92.31,91.24,923167800.0,100636,2015-12-30 23:59:59
2016-01-04,90.9,89.22,91.4,88.92,1055613390.0,117655,2016-01-04 23:59:59
2016-01-05,89.42,90.85,91.2,88.91,1240997796.0,137855,2016-01-05 23:59:59
2016-01-06,91.0,89.9,91.48,89.9,1257107181.0,139221,2016-01-06 23:59:59
2016-01-11,88.0,86.0,88.0,85.07,3023616304.0,351544,2016-01-11 23:59:59
2016-01-12,85.5,85.53,87.18,85.0,1978825454.0,229716,2016-01-12 23:59:59
2016-01-13,85.9,86.14,87.88,85.44,2488675978.0,285791,2016-01-13 23:59:59
2016-01-14,85.75,84.64,87.33,84.0,2605422414.0,305353,2016-01-14 23:59:59
2016-01-15,84.7,80.5,84.73,80.4,3700539158.0,452033,2016-01-15 23:59:59
2016-01-18,80.51,82.9,83.85,78.4,3133415367.0,382879,2016-01-18 23:59:59
2016-01-19,83.99,85.4,86.22,83.7,3109447170.0,364563,2016-01-19 23:59:59
2016-01-20,84.75,86.49,87.09,83.25,3406563623.0,399239,2016-01-20 23:59:59
2016-01-21,86.5,91.3,92.16,86.5,5217122903.0,579900,2016-01-21 23:59:59
2016-01-22,92.5,91.0,93.0,89.51,4667626188.0,513792,2016-01-22 23:59:59
2016-01-25,91.39,90.5,91.39,89.8,2607325139.0,288149,2016-01-25 23:59:59
2016-01-26,89.5,88.8,91.65,88.33,2839897119.0,315883,2016-01-26 23:59:59
2016-01-27,89.01,89.91,90.49,89.0,1705972822.0,189513,2016-01-27 23:59:59
2016-01-28,90.15,89.7,90.47,88.63,2158003928.0,241141,2016-01-28 23:59:59
2016-01-29,89.6,88.5,89.84,87.3,3416188124.0,386637,2016-01-29 23:59:59
2016-02-01,88.45,86.98,89.06,86.25,1757199133.0,200585,2016-02-01 23:59:59
2016-02-02,87.02,89.24,89.24,86.47,2546163358.0,288525,2016-02-02 23:59:59
2016-02-03,89.25,87.7,89.5,87.7,1102883979.0,124768,2016-02-03 23:59:59
2016-02-04,88.5,89.99,90.14,87.95,2464768574.0,276021,2016-02-04 23:59:59
2016-02-05,89.44,90.05,90.79,89.13,1498880917.0,166548,2016-02-05 23:59:59
2016-02-08,89.68,88.7,89.95,88.12,1384355150.0,155959,2016-02-08 23:59:59
2016-02-09,88.5,86.5,89.0,86.2,2038165327.0,232888,2016-02-09 23:59:59
2016-02-10,86.15,85.1,86.83,85.1,1890077308.0,220355,2016-02-10 23:59:59
2016-02-11,85.0,83.76,85.37,82.51,2703051670.0,322844,2016-02-11 23:59:59
2016-02-12,84.25,83.5,84.6,83.29,1379358888.0,164454,2016-02-12 23:59:59
2016-02-15,84.65,83.45,85.09,82.8,2090195215.0,249334,2016-02-15 23:59:59
2016-02-16,83.8,84.86,84.86,83.25,1860328863.0,221273,2016-02-16 23:59:59
2016-02-17,85.0,86.33,86.56,85.0,2031410210.0,236409,2016-02-17 23:59:59
2016-02-18,86.5,88.8,88.88,86.44,2681948549.0,305310,2016-02-18 23:59:59
2016-02-19,88.01,87.45,88.35,86.6,1867109520.0,213865,2016-02-19 23:59:59
2016-02-20,87.47,87.2,88.2,87.1,334102448.0,38125,2016-02-20 23:59:59
2016-02-22,87.5,87.5,88.0,86.8,782367866.0,89465,2016-02-22 23:59:59
2016-02-24,86.9,87.5,87.8,86.25,1759189186.0,202066,2016-02-24 23:59:59
2016-02-25,87.5,87.5,88.7,86.71,1535707847.0,174842,2016-02-25 23:59:59
2016-02-26,88.0,89.35,90.09,87.7,2465472945.0,276916,2016-02-26 23:59:59
2016-02-29,89.29,91.42,91.7,88.6,2611789672.0,288073,2016-02-29 23:59:59
2016-03-01,91.02,91.05,91.97,90.43,1666286336.0,182576,2016-03-01 23:59:59
2016-03-02,91.6,90.93,91.66,90.42,1052464634.0,115691,2016-03-02 23:59:59
2016-03-03,90.8,91.9,92.48,90.75,2178479134.0,237028,2016-03-03 23:59:59
2016-03-04,92.31,93.0,93.12,91.81,2895182791.0,312266,2016-03-04 23:59:59
2016-03-07,93.3,94.94,94.94,93.2,2052844728.0,217966,2016-03-07 23:59:59
2016-03-09,93.79,93.0,94.12,92.77,1923207581.0,206262,2016-03-09 23:59:59
2016-03-10,92.97,92.81,93.5,92.28,1553771856.0,167321,2016-03-10 23:59:59
2016-03-11,92.85,92.21,93.26,90.8,2291321618.0,248826,2016-03-11 23:59:59
2016-03-14,92.26,91.5,92.62,91.14,1474519938.0,160747,2016-03-14 23:59:59
2016-03-15,91.86,92.02,92.56,91.12,2694567709.0,293831,2016-03-15 23:59:59
2016-03-16,92.02,91.19,92.29,90.21,2271396489.0,249577,2016-03-16 23:59:59
2016-03-17,91.5,92.43,92.48,91.13,2709038491.0,294714,2016-03-17 23:59:59
2016-03-18,92.52,94.9,94.9,92.12,3417608129.0,366142,2016-03-18 23:59:59
2016-03-21,94.1,93.9,94.7,93.03,2205781223.0,234918,2016-03-21 23:59:59
2016-03-22,93.85,94.4,94.55,93.2,1720601763.0,183055,2016-03-22 23:59:59
2016-03-23,94.27,92.4,94.5,91.78,1829108397.0,196922,2016-03-23 23:59:59
2016-03-24,92.0,90.2,92.68,89.43,2694786729.0,297323,2016-03-24 23:59:59
2016-03-25,90.45,90.46,90.76,90.01,519643043.0,57492,2016-03-25 23:59:59
2016-03-28,90.96,89.95,91.19,89.23,1186713715.0,131811,2016-03-28 23:59:59
2016-03-29,90.08,89.35,90.3,87.87,2393235634.0,269849,2016-03-29 23:59:59
2016-03-30,89.63,89.5,90.8,89.05,1878484698.0,209004,2016-03-30 23:59:59
2016-03-31,89.51,87.0,90.1,86.6,4180280774.0,475477,2016-03-31 23:59:59
2016-04-01,86.4,84.6,86.5,83.96,3922070050.0,463312,2016-04-01 23:59:59
2016-04-04,84.5,84.59,85.41,83.3,3390106693.0,402596,2016-04-04 23:59:59
2016-04-05,84.75,87.0,87.19,84.51,3749520414.0,435472,2016-04-05 23:59:59
2016-04-06,87.4,87.99,88.43,87.18,3130691414.0,356608,2016-04-06 23:59:59
2016-04-07,88.37,86.88,88.49,86.05,2459541846.0,282850,2016-04-07 23:59:59
2016-04-08,86.99,86.29,87.0,85.5,1885310261.0,219081,2016-04-08 23:59:59
2016-04-11,86.16,87.83,87.88,85.82,2233515027.0,256254,2016-04-11 23:59:59
2016-04-12,87.9,87.3,88.4,86.52,2486890912.0,284795,2016-04-12 23:59:59
2016-04-13,87.84,91.21,91.83,87.51,6001786553.0,664689,2016-04-13 23:59:59
2016-04-14,91.2,91.5,92.4,91.07,3845994621.0,418710,2016-04-14 23:59:59
2016-04-15,91.32,91.2,91.9,90.0,1881596730.0,207340,2016-04-15 23:59:59
2016-04-18,89.91,92.7,92.7,89.91,2712959795.0,296338,2016-04-18 23:59:59
2016-04-19,92.6,92.41,93.3,91.51,2462478538.0,266485,2016-04-19 23:59:59
2016-04-20,92.0,92.59,93.64,91.56,3124416763.0,336016,2016-04-20 23:59:59
2016-04-21,93.09,93.68,93.78,92.1,3313238614.0,355278,2016-04-21 23:59:59
2016-04-22,93.68,97.5,97.5,93.36,6148656164.0,640550,2016-04-22 23:59:59
2016-04-25,97.42,96.31,97.76,95.83,2454822494.0,253652,2016-04-25 23:59:59
2016-04-26,96.19,97.5,97.5,95.9,1953414167.0,201917,2016-04-26 23:59:59
2016-04-27,97.5,97.0,98.41,96.05,1870567164.0,192929,2016-04-27 23:59:59
2016-04-28,96.49,97.09,97.09,94.11,3241989725.0,338967,2016-04-28 23:59:59
2016-04-29,97.0,94.09,97.0,93.26,2343874428.0,247396,2016-04-29 23:59:59
2016-05-04,93.5,91.0,94.79,90.1,2762909533.0,302247,2016-05-04 23:59:59
2016-05-05,90.71,88.09,90.75,88.09,2804187902.0,315704,2016-05-05 23:59:59
2016-05-06,88.0,87.6,89.0,87.2,2182667519.0,248576,2016-05-06 23:59:59
2016-05-10,87.3,88.15,88.68,86.34,1805932356.0,206973,2016-05-10 23:59:59
2016-05-11,88.2,88.5,89.91,88.2,1752924122.0,196444,2016-05-11 23:59:59
2016-05-12,88.87,89.11,90.7,88.65,2159436527.0,240392,2016-05-12 23:59:59
2016-05-13,89.0,89.86,89.86,88.11,1759442185.0,197165,2016-05-13 23:59:59
2016-05-16,90.0,89.3,91.14,89.29,1362322895.0,150736,2016-05-16 23:59:59
2016-05-17,89.55,89.3,89.94,88.28,1043725257.0,117256,2016-05-17 23:59:59
2016-05-18,89.12,90.95,91.65,88.8,1851897888.0,204083,2016-05-18 23:59:59
2016-05-19,90.7,91.9,92.45,90.52,2417602172.0,263775,2016-05-19 23:59:59
2016-05-20,92.2,91.2,93.04,90.84,1621703566.0,176586,2016-05-20 23:59:59
2016-05-23,91.2,90.31,91.33,89.8,1073484365.0,118604,2016-05-23 23:59:59
2016-05-24,90.2,90.85,91.45,89.82,804072701.0,88587,2016-05-24 23:59:59
2016-05-25,91.17,90.79,91.94,90.65,1271988871.0,139208,2016-05-25 23:59:59
2016-05-26,91.0,91.52,92.3,90.54,1511223316.0,164819,2016-05-26 23:59:59
2016-05-27,91.7,91.4,92.29,91.23,855827166.0,93228,2016-05-27 23:59:59
2016-05-30,91.9,92.0,92.0,91.33,343177877.0,37433,2016-05-30 23:59:59
2016-05-31,92.0,89.9,92.84,89.9,1912730505.0,209379,2016-05-31 23:59:59
2016-06-01,90.01,90.29,91.06,88.89,1335230646.0,148344,2016-06-01 23:59:59
2016-06-02,90.28,89.25,90.73,88.99,767874122.0,85848,2016-06-02 23:59:59
2016-06-03,89.78,88.59,91.0,88.29,1326638536.0,148400,2016-06-03 23:59:59
2016-06-06,88.51,89.68,90.67,88.51,1172501835.0,130633,2016-06-06 23:59:59
2016-06-07,89.81,89.74,90.48,89.2,1246550730.0,138837,2016-06-07 23:59:59
2016-06-08,89.8,88.73,89.89,87.55,1532448201.0,173306,2016-06-08 23:59:59
2016-06-09,88.7,86.99,88.97,86.2,1769690745.0,203212,2016-06-09 23:59:59
2016-06-10,86.89,86.96,88.46,86.75,1025427203.0,117210,2016-06-10 23:59:59
2016-06-14,87.01,86.7,87.49,86.11,1439209519.0,165917,2016-06-14 23:59:59
2016-06-15,86.7,85.53,86.73,85.02,1947576053.0,227509,2016-06-15 23:59:59
2016-06-16,85.5,84.98,85.5,83.55,1940737115.0,230085,2016-06-16 23:59:59
2016-06-17,85.18,84.48,86.05,84.25,2702834546.0,317544,2016-06-17 23:59:59
2016-06-20,83.02,83.0,84.3,82.75,1975974625.0,236568,2016-06-20 23:59:59
2016-06-21,83.28,84.13,84.24,81.97,1822083328.0,219254,2016-06-21 23:59:59
2016-06-22,84.4,83.49,84.65,82.91,1311564488.0,156594,2016-06-22 23:59:59
2016-06-23,83.05,84.07,84.07,82.26,1023096294.0,122829,2016-06-23 23:59:59
2016-06-24,80.64,83.8,83.8,80.64,2111031773.0,255505,2016-06-24 23:59:59
2016-06-27,83.53,82.85,83.98,82.32,1177553179.0,142053,2016-06-27 23:59:59
2016-06-28,83.0,84.8,84.8,82.85,1526465503.0,181207,2016-06-28 23:59:59
2016-06-29,84.88,84.85,85.79,84.24,1470960109.0,172811,2016-06-29 23:59:59
2016-06-30,84.62,85.4,85.45,84.25,915620050.0,107868,2016-06-30 23:59:59
2016-07-01,85.41,84.96,85.56,83.77,1062224787.0,125541,2016-07-01 23:59:59
2016-07-04,85.4,88.61,88.87,85.07,3066339799.0,350901,2016-07-04 23:59:59
2016-07-05,88.65,88.09,89.79,87.59,2193179661.0,247559,2016-07-05 23:59:59
2016-07-06,87.51,87.72,88.29,87.24,1070767572.0,122039,2016-07-06 23:59:59
2016-07-07,88.47,87.2,88.88,86.53,1353759211.0,153952,2016-07-07 23:59:59
2016-07-08,86.9,86.72,86.94,85.19,1369082761.0,158932,2016-07-08 23:59:59
2016-07-11,87.19,88.55,88.75,87.15,1190315353.0,135158,2016-07-11 23:59:59
2016-07-12,88.8,90.25,90.4,88.52,2009822734.0,223930,2016-07-12 23:59:59
2016-07-13,90.49,93.0,93.0,89.61,3836611276.0,417127,2016-07-13 23:59:59
2016-07-14,93.0,92.97,93.3,90.9,1935436015.0,210343,2016-07-14 23:59:59
2016-07-15,92.0,92.9,93.0,91.93,1117374437.0,120553,2016-07-15 23:59:59
2016-07-18,92.62,93.08,93.75,92.44,1345210382.0,144390,2016-07-18 23:59:59
2016-07-19,93.19,93.1,93.39,92.2,1078363860.0,116093,2016-07-19 23:59:59
2016-07-20,92.95,92.97,93.15,90.41,1511044319.0,164828,2016-07-20 23:59:59
2016-07-21,92.52,93.9,94.0,91.55,1316001043.0,141189,2016-07-21 23:59:59
2016-07-22,93.49,94.0,94.57,93.22,1360038583.0,144405,2016-07-22 23:59:59
2016-07-25,94.44,93.06,94.5,92.73,1104023359.0,117792,2016-07-25 23:59:59
2016-07-26,93.08,93.39,93.56,91.75,1046728976.0,113113,2016-07-26 23:59:59
2016-07-27,93.45,94.45,94.45,92.51,1070915026.0,114158,2016-07-27 23:59:59
2016-07-28,94.22,95.35,95.35,93.21,1728794081.0,182633,2016-07-28 23:59:59
2016-07-29,95.2,94.44,96.0,94.44,1420613853.0,148807,2016-07-29 23:59:59
2016-08-01,94.97,96.37,96.74,94.97,1434176156.0,149355,2016-08-01 23:59:59
2016-08-02,96.37,95.81,97.0,95.63,1870931403.0,194069,2016-08-02 20:29:55
2016-08-03,95.8,96.6,97.17,95.8,1119310721.0,115788,2016-08-03 23:59:59
2016-08-04,96.82,97.34,97.75,96.1,1220784081.0,125603,2016-08-04 20:30:00
2016-08-05,97.32,97.78,97.92,96.88,1120847021.0,114885,2016-08-05 23:59:59
2016-08-08,97.9,98.3,98.5,97.57,718226380.0,73244,2016-08-08 23:59:59
2016-08-09,98.2,98.5,98.89,97.91,948845881.0,96258,2016-08-09 23:59:59
2016-08-10,98.95,99.27,99.35,97.84,1440800411.0,145964,2016-08-10 23:59:59
2016-08-11,99.22,99.89,100.67,99.0,2014701333.0,202058,2016-08-11 23:59:59
2016-08-12,99.89,98.6,100.07,97.9,1436241964.0,145454,2016-08-12 23:59:59
2016-08-15,98.75,99.67,100.3,97.3,1356450451.0,136529,2016-08-15 23:59:59
2016-08-16,99.7,99.75,100.15,98.1,1204183668.0,121293,2016-08-16 23:59:59
2016-08-17,99.28,97.7,99.47,97.1,867020751.0,88392,2016-08-17 23:59:59
2016-08-18,97.7,96.01,98.46,95.55,1410705161.0,146014,2016-08-18 23:59:59
2016-08-19,96.08,97.88,98.62,96.05,1365454981.0,139985,2016-08-19 23:59:59
2016-08-22,97.87,98.9,98.9,97.36,1266778125.0,128831,2016-08-22 23:59:59
2016-08-23,99.14,98.79,99.45,98.37,685856509.0,69367,2016-08-23 23:59:59
2016-08-24,98.63,98.53,99.2,97.4,771920346.0,78650,2016-08-24 23:59:59
2016-08-25,98.22,97.6,98.47,96.49,986005107.0,101494,2016-08-25 23:59:59
2016-08-26,97.39,95.97,97.55,95.42,1410915629.0,146965,2016-08-26 23:59:59
2016-08-29,95.56,96.4,96.5,94.54,1031509974.0,107959,2016-08-29 23:59:59
2016-08-30,96.52,96.28,97.49,96.05,872714406.0,90201,2016-08-30 23:59:59
2016-08-31,96.59,95.71,96.59,95.0,798877302.0,83316,2016-08-31 23:59:59
2016-09-01,96.4,96.31,96.89,95.82,1108088841.0,114787,2016-09-01 23:59:59
2016-09-02,96.5,97.17,97.54,96.22,948292179.0,97744,2016-09-02 23:59:59
2016-09-05,97.64,97.1,98.09,96.71,1003926545.0,103040,2016-09-05 23:59:59
2016-09-06,97.19,99.26,99.26,97.06,1114466325.0,113354,2016-09-06 20:30:00
2016-09-07,99.47,98.71,99.47,98.45,765504485.0,77304,2016-09-07 23:59:59
2016-09-08,98.95,97.8,99.1,97.6,781524575.0,79606,2016-09-08 23:59:59
2016-09-09,97.8,97.2,98.75,97.2,891809909.0,90956,2016-09-09 23:59:59
2016-09-12,96.6,96.9,97.35,96.25,927178323.0,95812,2016-09-12 23:59:59
2016-09-13,97.15,97.5,98.4,96.27,851276031.0,87158,2016-09-13 23:59:59
2016-09-14,97.5,95.46,97.57,95.46,1168861124.0,121448,2016-09-14 23:59:59
2016-09-15,95.5,95.2,95.84,94.05,1887096453.0,199516,2016-09-15 23:59:59
2016-09-16,95.2,94.7,95.72,93.6,1141582495.0,120670,2016-09-16 23:59:59
2016-09-19,95.0,95.05,95.78,94.36,1203377170.0,126637,2016-09-19 23:59:59
2016-09-20,95.26,95.62,95.98,94.64,870878443.0,91289,2016-09-20 23:59:59
2016-09-21,95.79,94.2,95.95,94.04,708436111.0,74578,2016-09-21 23:59:59
2016-09-22,94.83,97.15,97.15,94.32,2221502767.0,230999,2016-09-22 23:59:59
2016-09-23,97.0,97.3,97.36,95.26,1433415080.0,148558,2016-09-23 23:59:59
2016-09-26,96.79,96.67,97.35,96.07,787497850.0,81463,2016-09-26 23:59:59
2016-09-27,96.79,97.8,98.67,96.67,1611463821.0,164399,2016-09-27 23:59:59
2016-09-28,98.0,99.52,100.35,98.0,2320215765.0,233262,2016-09-28 23:59:59
2016-09-29,100.06,99.18,100.6,98.77,1105135981.0,111084,2016-09-29 23:59:59
2016-09-30,99.0,98.12,99.97,97.65,1340735318.0,135575,2016-09-30 23:59:59
2016-10-03,97.88,96.48,98.35,96.05,991841691.0,102362,2016-10-03 23:59:59
2016-10-04,96.49,96.39,97.27,95.19,930737850.0,96634,2016-10-04 23:59:59
2016-10-05,96.28,95.3,96.32,94.2,1384958711.0,146116,2016-10-05 23:59:59
2016-10-06,94.78,94.75,96.11,94.3,1186052568.0,124652,2016-10-06 23:59:59
2016-10-07,94.77,94.01,95.58,93.67,1404556099.0,148758,2016-10-07 23:59:59
2016-10-10,94.35,94.06,94.9,93.97,1098523964.0,116308,2016-10-10 23:59:59
2016-10-11,94.07,94.5,94.7,93.84,938711207.0,99602,2016-10-11 20:30:00
2016-10-12,94.55,94.32,94.98,93.7,1124401390.0,119412,2016-10-12 20:29:55
2016-10-13,94.25,94.0,94.42,93.05,1211008063.0,129183,2016-10-13 23:59:59
2016-10-14,94.29,93.9,94.58,93.5,534197258.0,56938,2016-10-14 23:59:59
2016-10-17,93.9,92.5,94.16,92.06,1384106059.0,148919,2016-10-17 23:59:59
2016-10-18,93.0,93.64,94.04,92.63,957673614.0,102454,2016-10-18 23:59:59
2016-10-19,93.99,92.69,93.99,92.2,967688923.0,104303,2016-10-19 23:59:59
2016-10-20,92.63,92.0,92.97,92.0,569932017.0,61777,2016-10-20 23:59:59
2016-10-21,91.85,93.76,93.8,91.54,822678911.0,88954,2016-10-21 23:59:59
2016-10-24,93.87,92.5,93.96,92.1,835063805.0,89931,2016-10-24 23:59:59
2016-10-25,92.5,93.04,94.06,92.31,899827784.0,96267,2016-10-25 23:59:59
2016-10-26,93.02,93.07,93.77,92.5,831263349.0,89174,2016-10-26 23:59:59
2016-10-27,93.47,94.51,95.09,93.19,1261225457.0,133695,2016-10-27 23:59:59
2016-10-28,94.21,93.45,94.59,93.11,756041441.0,80713,2016-10-28 23:59:59
2016-10-31,93.89,93.44,93.89,92.0,1573147395.0,169413,2016-10-31 23:59:59
2016-11-01,93.5,93.1,94.22,93.1,1072473283.0,114459,2016-11-01 23:59:59
2016-11-02,92.99,92.0,93.09,92.0,895753901.0,96932,2016-11-02 23:59:59
2016-11-03,91.9,91.57,92.49,91.37,948809908.0,103409,2016-11-03 23:59:59
2016-11-07,92.3,92.3,93.88,92.17,1565394074.0,168331,2016-11-07 23:59:59
2016-11-08,93.2,94.0,94.42,93.09,1229954407.0,131010,2016-11-08 23:59:59
2016-11-09,92.9,95.9,96.21,92.9,1992494395.0,209454,2016-11-09 23:59:59
2016-11-10,96.4,100.46,104.25,96.4,5598726884.0,557404,2016-11-10 23:59:59
2016-11-11,102.0,101.5,103.79,100.52,4556130629.0,444078,2016-11-11 23:59:59
2016-11-14,102.0,103.8,104.18,101.24,2334461266.0,226656,2016-11-14 23:59:59
2016-11-15,103.79,103.67,105.35,102.29,2585403730.0,248042,2016-11-15 23:59:59
2016-11-16,104.17,102.7,105.4,102.12,2262117454.0,217581,2016-11-16 23:59:59
2016-11-17,102.51,102.89,103.48,101.5,1422895857.0,138841,2016-11-17 23:59:59
2016-11-18,103.0,101.44,103.4,100.72,1494705358.0,146996,2016-11-18 23:59:59
2016-11-21,102.27,101.37,102.45,100.55,934453655.0,92165,2016-11-21 23:59:59
2016-11-22,101.75,102.77,103.27,101.15,1391615729.0,135931,2016-11-22 23:59:59
2016-11-23,103.0,104.9,104.99,102.94,1471312726.0,141062,2016-11-23 23:59:59
2016-11-24,105.29,104.98,105.91,104.0,1167526803.0,111211,2016-11-24 23:59:59
2016-11-25,104.78,104.5,105.47,103.7,751334541.0,71964,2016-11-25 23:59:59
2016-11-28,105.1,105.5,105.95,104.7,1335064739.0,126652,2016-11-28 23:59:59
2016-11-29,105.0,104.68,105.89,104.19,1420358556.0,135039,2016-11-29 23:59:59
2016-11-30,104.01,103.71,105.09,102.8,2250831785.0,216540,2016-11-30 23:59:59
2016-12-01,104.15,106.2,106.31,103.9,1917883110.0,182307,2016-12-01 23:59:59
2016-12-02,106.0,106.8,107.05,105.32,1041808563.0,98071,2016-12-02 23:59:59
2016-12-05,106.58,108.3,109.17,106.54,1393987055.0,128758,2016-12-05 23:59:59
2016-12-06,108.34,109.0,109.66,108.08,981922883.0,90388,2016-12-06 23:59:59
2016-12-07,109.1,109.9,111.11,108.6,1390341012.0,126732,2016-12-07 23:59:59
2016-12-08,110.0,110.7,110.9,109.01,1483162151.0,134676,2016-12-08 23:59:59
2016-12-09,110.87,109.96,111.99,109.03,1236412246.0,112004,2016-12-09 23:59:59
2016-12-12,110.28,109.09,110.53,107.16,2544859312.0,233932,2016-12-12 23:59:59
2016-12-13,109.0,108.04,109.27,107.2,1802507793.0,166882,2016-12-13 23:59:59
2016-12-14,108.25,105.9,108.88,105.07,2245174079.0,210673,2016-12-14 23:59:59
2016-12-15,105.1,105.12,106.08,102.14,4202449529.0,403588,2016-12-15 23:59:59
2016-12-16,105.55,105.25,105.88,103.63,1748623813.0,167041,2016-12-16 23:59:59
2016-12-19,105.45,102.6,105.45,102.37,1400008004.0,135562,2016-12-19 23:59:59
2016-12-20,103.0,102.49,104.0,101.7,2576716489.0,251355,2016-12-20 23:59:59
2016-12-21,102.88,101.94,103.3,101.5,2335692085.0,228257,2016-12-21 23:59:59
2016-12-22,101.97,101.9,102.8,101.65,2086980988.0,204236,2016-12-22 23:59:59
2016-12-23,101.9,101.7,102.48,101.05,2155354996.0,211435,2016-12-23 23:59:59
2016-12-26,101.99,102.02,102.96,101.33,1726842073.0,168795,2016-12-26 23:59:59
2016-12-27,98.1,98.96,99.25,98.0,1818519295.0,184247,2016-12-27 23:59:59
2016-12-28,98.9,97.9,99.98,97.74,1367518988.0,138251,2016-12-28 23:59:59
2016-12-29,97.81,99.51,99.67,96.65,1390908470.0,141386,2016-12-29 23:59:59
2016-12-30,99.6,101.22,101.27,99.35,1155600401.0,115066,2016-12-30 23:59:59
2017-01-03,101.23,102.45,103.5,101.23,1920952007.0,187145,2017-01-03 23:59:59
2017-01-04,102.45,101.95,102.86,99.9,1521139681.0,150167,2017-01-04 23:59:59
2017-01-05,102.05,100.25,102.5,99.18,1142305696.0,113456,2017-01-05 23:59:59
2017-01-06,100.25,100.4,100.6,99.37,770294919.0,76996,2017-01-06 23:59:59
2017-01-09,100.63,101.15,101.31,100.38,599650263.0,59446,2017-01-09 23:59:59
2017-01-10,101.34,103.97,103.98,101.16,1598682327.0,155362,2017-01-10 23:59:59
2017-01-11,103.25,104.39,104.57,102.81,1319292973.0,127176,2017-01-11 23:59:59
2017-01-12,103.99,99.94,104.35,98.32,6118589424.0,611509,2017-01-12 23:59:59
2017-01-13,100.19,97.56,100.9,96.42,3398368008.0,346521,2017-01-13 23:59:59
2017-01-16,97.79,97.61,98.54,97.02,1340093517.0,136911,2017-01-16 23:59:59
2017-01-17,97.49,96.15,97.8,96.0,1636979330.0,169780,2017-01-17 23:59:59
2017-01-18,96.25,95.49,96.5,95.1,1511998998.0,157984,2017-01-18 23:59:59
2017-01-19,95.5,95.9,96.38,95.15,1295298149.0,135387,2017-01-19 23:59:59
2017-01-20,95.65,93.6,95.7,93.41,1958696977.0,207962,2017-01-20 23:59:59
2017-01-23,93.9,94.24,94.82,93.26,1275250839.0,135490,2017-01-23 23:59:59
2017-01-24,94.4,94.86,95.19,93.55,2371185178.0,251091,2017-01-24 23:59:59
2017-01-25,94.98,95.35,95.45,94.42,1736268384.0,182688,2017-01-25 23:59:59
2017-01-26,95.55,97.9,98.39,95.4,2673680684.0,275406,2017-01-26 23:59:59
2017-01-27,97.1,97.92,98.37,97.0,1445750337.0,148086,2017-01-27 23:59:59
2017-01-30,97.91,97.72,98.89,97.1,1097076593.0,112137,2017-01-30 23:59:59
2017-01-31,97.6,96.29,98.27,96.22,1336813635.0,137944,2017-01-31 23:59:59
2017-02-01,96.62,98.48,98.6,96.46,1598673488.0,163459,2017-02-01 23:59:59
2017-02-02,98.62,102.55,102.88,98.23,5093935823.0,503321,2017-02-02 23:59:59
2017-02-03,102.11,100.89,102.35,100.0,2547382665.0,252133,2017-02-03 23:59:59
2017-02-06,101.0,99.22,101.55,98.8,1744104214.0,174682,2017-02-06 23:59:59
2017-02-07,99.3,101.36,101.43,98.8,1714953687.0,170697,2017-02-07 23:59:59
2017-02-08,101.55,101.35,102.38,100.51,1841445079.0,181642,2017-02-08 23:59:59
2017-02-09,101.37,99.99,101.64,99.4,1187521020.0,118463,2017-02-09 23:59:59
2017-02-10,100.19,100.72,100.72,99.02,1186559670.0,118992,2017-02-10 23:59:59
2017-02-13,101.11,98.9,101.35,98.05,1757969395.0,176477,2017-02-13 23:59:59
2017-02-14,98.7,97.4,99.0,96.83,1381322903.0,141314,2017-02-14 23:59:59
2017-02-15,97.43,99.4,99.96,95.74,2445347510.0,248021,2017-02-15 23:59:59
2017-02-16,99.65,99.57,100.45,98.3,1678154850.0,168824,2017-02-16 23:59:59
2017-02-17,99.57,97.2,99.57,96.8,2600066674.0,266672,2017-02-17 23:59:59
2017-02-20,97.85,95.85,97.85,95.2,1883217178.0,196375,2017-02-20 23:59:59
2017-02-21,95.49,96.77,96.98,95.05,1007338014.0,104620,2017-02-21 23:59:59
2017-02-22,96.93,96.0,96.93,95.23,768366433.0,79924,2017-02-22 23:59:59
2017-02-24,95.78,94.98,95.8,93.5,1731767032.0,183937,2017-02-24 23:59:59
2017-02-27,95.19,93.41,95.36,93.0,1641662829.0,175139,2017-02-27 23:59:59
2017-02-28,93.5,93.11,93.76,86.97,2298130233.0,248696,2017-02-28 23:59:59
2017-03-01,93.25,93.71,94.64,92.81,1457661243.0,155841,2017-03-01 23:59:59
2017-03-02,93.99,93.06,95.05,92.65,1507792891.0,160221,2017-03-02 23:59:59
2017-03-03,92.85,93.36,93.78,92.03,902335169.0,97166,2017-03-03 23:59:59
2017-03-06,93.15,93.24,94.15,92.32,775299061.0,83142,2017-03-06 23:59:59
2017-03-07,93.24,90.61,93.24,89.8,3096684446.0,341783,2017-03-07 23:59:59
2017-03-09,88.98,88.07,89.95,88.0,2571114585.0,290185,2017-03-09 23:59:59
2017-03-10,88.4,88.55,89.0,87.01,1481843135.0,168332,2017-03-10 23:59:59
2017-03-13,88.55,89.65,90.73,88.18,1199160556.0,133556,2017-03-13 23:59:59
2017-03-14,89.95,90.97,91.08,89.67,1029303044.0,113755,2017-03-14 23:59:59
2017-03-15,91.14,90.57,91.89,90.05,1642019099.0,180248,2017-03-15 23:59:59
2017-03-16,91.45,90.54,92.19,90.01,2491842605.0,274194,2017-03-16 23:59:59
2017-03-17,90.46,91.69,92.72,90.27,2212035419.0,241489,2017-03-17 23:59:59
2017-03-20,91.63,90.11,92.0,89.89,1778555207.0,196243,2017-03-20 23:59:59
2017-03-21,90.4,91.09,91.5,90.0,1471338494.0,162165,2017-03-21 23:59:59
2017-03-22,90.9,91.8,91.8,89.2,1712569737.0,188896,2017-03-22 23:59:59
2017-03-23,91.85,91.82,92.35,91.08,925671353.0,100883,2017-03-23 23:59:59
2017-03-24,91.66,91.65,92.07,90.5,722480917.0,78961,2017-03-24 23:59:59
2017-03-27,91.17,88.91,91.17,88.65,1723014226.0,193036,2017-03-27 23:59:59
2017-03-28,89.3,90.11,90.11,88.85,924480470.0,103265,2017-03-28 23:59:59
2017-03-29,90.11,89.85,90.49,89.31,724411391.0,80644,2017-03-29 23:59:59
2017-03-30,89.74,89.89,90.09,88.85,804374464.0,89989,2017-03-30 23:59:59
2017-03-31,89.8,89.29,89.98,88.39,845980536.0,95153,2017-03-31 23:59:59
2017-04-03,89.36,89.74,90.5,88.65,1030715663.0,114662,2017-04-03 23:59:59
2017-04-04,89.59,90.0,90.5,89.46,948354847.0,105121,2017-04-04 23:59:59
2017-04-05,90.44,91.86,91.91,90.21,1136827648.0,124549,2017-04-05 23:59:59
2017-04-06,91.8,91.33,91.81,90.91,1126630731.0,123348,2017-04-06 23:59:59
2017-04-07,90.99,90.25,91.41,89.35,1772148554.0,196681,2017-04-07 23:59:59
2017-04-10,90.04,89.56,90.39,88.85,1389609944.0,155514,2017-04-10 23:59:59
2017-04-11,89.52,89.64,90.65,89.39,988356621.0,109699,2017-04-11 23:59:59
2017-04-12,90.11,89.24,90.15,88.75,1000737621.0,111974,2017-04-12 23:59:59
2017-04-13,89.48,87.75,89.48,86.84,1824110785.0,208100,2017-04-13 23:59:59
2017-04-14,87.5,87.1,88.27,87.08,376519642.0,42964,2017-04-14 23:59:59
2017-04-17,87.42,88.41,88.66,86.5,674990636.0,77081,2017-04-17 23:59:59
2017-04-18,88.47,85.56,88.58,85.51,1643689349.0,190006,2017-04-18 23:59:59
2017-04-19,85.94,85.53,86.5,84.92,1166193936.0,135979,2017-04-19 23:59:59
2017-04-20,85.5,86.2,86.2,84.71,1117806139.0,130915,2017-04-20 23:59:59
2017-04-21,86.12,85.38,86.45,84.62,1244951819.0,145299,2017-04-21 23:59:59
2017-04-24,85.63,86.85,87.05,84.67,1518381035.0,176727,2017-04-24 23:59:59
2017-04-25,87.21,88.73,89.04,86.15,1313449062.0,149714,2017-04-25 23:59:59
2017-04-26,88.97,88.9,89.4,87.21,1517321950.0,171795,2017-04-26 23:59:59
2017-04-27,88.18,87.5,89.78,86.77,1705319013.0,193810,2017-04-27 23:59:59
2017-04-28,87.8,87.47,88.93,87.4,1415059919.0,160861,2017-04-28 23:59:59
2017-05-02,87.86,88.09,89.4,87.7,1364443603.0,153926,2017-05-02 23:59:59
2017-05-03,88.0,86.88,88.0,86.75,1330501203.0,152566,2017-05-03 23:59:59
2017-05-04,86.69,87.01,87.42,85.76,1436902206.0,165870,2017-05-04 23:59:59
2017-05-05,86.53,87.65,87.69,85.66,1139003278.0,131504,2017-05-05 23:59:59
2017-05-10,88.0,86.58,88.15,85.71,1731712304.0,200296,2017-05-10 23:59:59
2017-05-11,86.36,85.0,86.59,84.78,1778824720.0,207810,2017-05-11 23:59:59
2017-05-12,85.04,84.05,85.11,83.52,1288380779.0,153250,2017-05-12 23:59:59
2017-05-15,84.23,85.3,85.3,83.51,1388450325.0,164624,2017-05-15 23:59:59
2017-05-16,85.19,84.02,85.2,83.65,958907293.0,113969,2017-05-16 23:59:59
2017-05-17,83.88,83.72,84.51,83.6,1138715004.0,135495,2017-05-17 23:59:59
2017-05-18,83.53,84.2,84.44,82.48,2011363751.0,241348,2017-05-18 23:59:59
2017-05-19,84.25,83.05,84.95,83.05,1027986439.0,122602,2017-05-19 23:59:59
2017-05-22,83.05,82.75,83.75,82.51,934224380.0,112447,2017-05-22 23:59:59
2017-05-23,82.61,83.59,83.89,82.09,911907748.0,109666,2017-05-23 23:59:59
2017-05-24,83.07,83.99,83.99,82.92,687374443.0,82265,2017-05-24 23:59:59
2017-05-25,84.08,82.27,84.48,82.27,1202903543.0,144919,2017-05-25 23:59:59
2017-05-26,82.5,82.0,82.64,81.65,1034627413.0,126080,2017-05-26 23:59:59
2017-05-29,82.2,81.43,82.47,81.43,577263552.0,70486,2017-05-29 23:59:59
2017-05-30,81.5,80.5,81.6,80.35,1247017354.0,154345,2017-05-30 23:59:59
2017-05-31,80.38,79.02,80.67,79.02,2509554616.0,314631,2017-05-31 23:59:59
2017-06-01,79.49,77.91,79.58,77.5,2216516647.0,283785,2017-06-01 23:59:59
2017-06-02,78.0,78.29,78.9,76.77,1807526477.0,233230,2017-06-02 23:59:59
2017-06-05,78.53,78.87,79.75,77.91,1261966554.0,159842,2017-06-05 23:59:59
2017-06-06,79.29,78.98,79.55,78.0,980101733.0,124799,2017-06-06 23:59:59
2017-06-07,78.75,78.65,79.54,78.54,968481366.0,122570,2017-06-07 23:59:59
2017-06-08,78.71,80.13,80.2,78.71,1188363602.0,149621,2017-06-08 23:59:59
2017-06-09,79.91,81.0,81.41,79.89,1563551134.0,193627,2017-06-09 23:59:59
2017-06-13,80.57,80.58,81.45,80.22,1283371575.0,158695,2017-06-13 23:59:59
2017-06-14,80.6,81.13,81.46,80.59,1237529028.0,152743,2017-06-14 23:59:59
2017-06-15,80.75,80.11,81.09,78.62,3763138442.0,473032,2017-06-15 23:59:59
2017-06-16,80.3,81.54,81.94,80.3,2019892814.0,248522,2017-06-16 23:59:59
2017-06-19,81.9,82.5,82.73,81.62,1407830352.0,171048,2017-06-19 23:59:59
2017-06-20,82.67,83.11,83.76,82.31,1770517694.0,212940,2017-06-20 23:59:59
2017-06-21,83.0,82.9,83.59,81.73,2055665480.0,248295,2017-06-21 23:59:59
2017-06-22,79.21,78.5,79.49,77.91,3487593438.0,444514,2017-06-22 23:59:59
2017-06-23,78.75,80.15,80.95,78.26,3024398720.0,379595,2017-06-23 23:59:59
2017-06-26,80.54,79.99,81.23,79.91,1077256876.0,133668,2017-06-26 23:59:59
2017-06-27,79.77,81.26,81.45,79.67,1318391218.0,163095,2017-06-27 23:59:59
2017-06-28,81.05,81.75,82.46,80.75,1312094277.0,160350,2017-06-28 23:59:59
2017-06-29,82.01,81.8,82.38,81.31,1042644277.0,127313,2017-06-29 23:59:59
2017-06-30,81.7,80.68,82.88,80.68,1598331545.0,195603,2017-06-30 23:59:59
2017-07-03,81.07,82.46,82.47,80.9,989204721.0,120868,2017-07-03 23:59:59
2017-07-04,82.25,81.97,82.45,81.61,794246855.0,96847,2017-07-04 23:59:59
2017-07-05,82.17,82.88,82.98,81.65,1251679687.0,151838,2017-07-05 23:59:59
2017-07-06,82.75,83.43,83.86,82.75,1141665478.0,136882,2017-07-06 23:59:59
2017-07-07,82.58,83.73,84.05,82.4,1267637709.0,151915,2017-07-07 23:59:59
2017-07-10,83.99,85.15,85.15,83.82,1637758827.0,193488,2017-07-10 23:59:59
2017-07-11,85.5,85.91,85.99,85.1,1025024336.0,119772,2017-07-11 23:59:59
2017-07-12,85.96,86.0,86.4,85.12,1708233713.0,198692,2017-07-12 23:59:59
2017-07-13,86.0,84.96,86.2,84.2,1518710141.0,178759,2017-07-13 23:59:59
2017-07-14,84.78,84.8,84.91,83.91,1139307464.0,135168,2017-07-14 23:59:59
2017-07-17,85.08,85.93,85.93,84.5,1523437843.0,178398,2017-07-17 23:59:59
2017-07-18,85.75,85.74,86.15,85.32,1312077033.0,153118,2017-07-18 23:59:59
2017-07-19,85.65,86.93,86.93,85.58,1090999325.0,126311,2017-07-19 23:59:59
2017-07-20,86.89,84.1,87.46,82.6,2514415010.0,294050,2017-07-20 23:59:59
2017-07-21,83.99,83.88,84.51,82.91,3515003947.0,420458,2017-07-21 23:59:59
2017-07-24,83.7,85.85,85.85,83.7,2963321913.0,348803,2017-07-24 23:59:59
2017-07-25,85.95,86.75,87.13,85.73,6837786186.0,790335,2017-07-25 23:59:59
2017-07-26,86.61,86.46,87.24,86.12,2528859747.0,291899,2017-07-26 23:59:59
2017-07-27,86.75,88.65,88.67,86.55,2228107514.0,253874,2017-07-27 23:59:59
2017-07-28,88.4,88.31,88.96,87.18,2453501353.0,278590,2017-07-28 23:59:59
2017-07-31,88.26,89.3,89.6,88.26,1798337787.0,201926,2017-07-31 23:59:59
2017-08-01,89.6,90.55,90.9,89.11,2038744929.0,226209,2017-08-01 23:59:59
2017-08-02,90.2,91.42,91.77,90.2,2164447108.0,236716,2017-08-02 23:59:59
2017-08-03,91.6,90.95,91.97,90.44,2067078554.0,226345,2017-08-03 23:59:59
2017-08-04,90.83,90.99,91.15,90.1,1050858295.0,115889,2017-08-04 23:59:59
2017-08-07,91.0,92.7,92.7,90.99,1931076184.0,209361,2017-08-07 23:59:59
2017-08-08,92.6,92.0,92.8,91.31,1551870706.0,168632,2017-08-08 23:59:59
2017-08-09,92.48,92.69,92.95,92.1,1438747343.0,155444,2017-08-09 23:59:59
2017-08-10,92.53,91.8,92.88,91.33,1366678768.0,148627,2017-08-10 23:59:59
2017-08-11,90.65,90.0,90.99,89.2,2245132869.0,249329,2017-08-11 23:59:59
2017-08-14,90.36,90.5,91.15,89.84,1047734189.0,115590,2017-08-14 23:59:59
2017-08-15,90.5,89.19,90.86,88.4,2659129266.0,298141,2017-08-15 23:59:59
2017-08-16,88.9,87.25,88.94,86.16,5246488615.0,602613,2017-08-16 23:59:59
2017-08-17,87.2,87.68,88.44,87.02,1468795133.0,166826,2017-08-17 23:59:59
2017-08-18,87.33,88.99,89.19,87.01,2309811164.0,261692,2017-08-18 23:59:59
2017-08-21,89.24,90.05,90.28,89.1,1782426790.0,198361,2017-08-21 23:59:59
2017-08-22,90.59,90.71,90.98,90.25,1475011430.0,162598,2017-08-22 23:59:59
2017-08-23,90.7,91.3,91.3,90.54,2275306876.0,250141,2017-08-23 23:59:59
2017-08-24,91.43,92.2,92.2,90.97,1968262630.0,214775,2017-08-24 23:59:59
2017-08-25,90.84,91.5,92.09,89.23,3277697507.0,358990,2017-08-25 23:59:59
2017-08-28,91.5,92.89,92.89,91.05,1252707148.0,135800,2017-08-28 23:59:59
2017-08-29,92.95,94.73,94.73,92.21,2861269591.0,305359,2017-08-29 23:59:59
2017-08-30,94.92,95.0,96.2,94.1,2662668968.0,279574,2017-08-30 23:59:59
2017-08-31,94.99,97.9,98.16,94.71,5419611876.0,556145,2017-08-31 23:59:59
2017-09-01,98.2,98.03,99.2,97.07,3509109776.0,357581,2017-09-01 23:59:59
2017-09-04,98.0,97.46,98.5,96.74,1273533522.0,130404,2017-09-04 23:59:59
2017-09-05,97.59,96.92,97.87,96.5,1417653830.0,146196,2017-09-05 23:59:59
2017-09-06,96.82,98.25,98.6,96.81,2567174928.0,262020,2017-09-06 23:59:59
2017-09-07,98.6,96.6,98.68,96.6,2234266146.0,228305,2017-09-07 23:59:59
2017-09-08,96.63,96.75,98.15,96.12,1682993696.0,172956,2017-09-08 23:59:59
2017-09-11,96.9,96.67,97.98,96.01,2218852238.0,229219,2017-09-11 23:59:59
2017-09-12,96.5,98.67,98.67,96.44,1820506513.0,186130,2017-09-12 23:59:59
2017-09-13,98.55,96.5,98.74,96.5,1904503932.0,195287,2017-09-13 23:59:59
2017-09-14,96.29,95.6,96.5,94.7,2386455136.0,249580,2017-09-14 23:59:59
2017-09-15,95.67,95.35,95.78,94.27,1982571769.0,208815,2017-09-15 23:59:59
2017-09-18,95.69,95.47,96.91,95.35,1619064730.0,168612,2017-09-18 23:59:59
2017-09-19,95.29,96.13,96.29,95.25,1375387283.0,143530,2017-09-19 23:59:59
2017-09-20,96.41,96.73,96.79,95.32,1912772012.0,199277,2017-09-20 23:59:59
2017-09-21,96.39,97.1,97.32,95.71,2352081638.0,243144,2017-09-21 23:59:59
2017-09-22,96.3,95.93,96.4,95.03,2534386772.0,264969,2017-09-22 23:59:59
2017-09-25,95.91,96.5,96.85,95.24,1804666888.0,187771,2017-09-25 23:59:59
2017-09-26,96.73,96.07,97.73,95.94,1579726605.0,163477,2017-09-26 23:59:59
2017-09-27,96.07,96.49,97.15,96.0,1527734050.0,158356,2017-09-27 23:59:59
2017-09-28,96.5,96.48,96.63,95.82,1058298717.0,109981,2017-09-28 23:59:59
2017-09-29,96.5,99.2,99.45,96.45,3904396259.0,397140,2017-09-29 23:59:59
2017-10-02,99.2,101.34,101.4,99.04,3471215856.0,344316,2017-10-02 23:59:59
2017-10-03,101.68,102.53,102.91,101.45,2985322154.0,291371,2017-10-03 23:59:59
2017-10-04,102.9,102.13,103.06,101.35,2247344295.0,219816,2017-10-04 23:59:59
2017-10-05,102.03,103.28,103.58,101.71,1929118520.0,187774,2017-10-05 23:59:59
2017-10-06,103.8,103.13,104.0,102.86,1223980707.0,118414,2017-10-06 23:59:59
2017-10-09,103.32,104.38,104.38,103.32,1448410487.0,139197,2017-10-09 23:59:59
2017-10-10,104.47,102.54,104.47,101.8,1976243054.0,192315,2017-10-10 23:59:59
2017-10-11,102.54,102.75,103.06,101.52,1808280630.0,176748,2017-10-11 23:59:59
2017-10-12,102.78,101.55,102.92,100.68,2833297717.0,279010,2017-10-12 23:59:59
2017-10-13,101.55,104.9,104.96,101.55,5080256046.0,492230,2017-10-13 23:59:59
2017-10-16,105.0,107.8,108.34,104.9,6281677202.0,587617,2017-10-16 23:59:59
2017-10-17,107.49,107.3,107.74,106.5,2890090433.0,269508,2017-10-17 23:59:59
2017-10-18,105.7,107.56,109.18,105.3,4346739902.0,406090,2017-10-18 23:59:59
2017-10-19,107.59,105.27,108.2,105.27,2928113578.0,274876,2017-10-19 23:59:59
2017-10-20,106.11,106.96,107.42,106.04,2243956637.0,209763,2017-10-20 23:59:59
2017-10-23,107.25,106.73,107.5,106.0,1373186835.0,128935,2017-10-23 23:59:59
2017-10-24,106.75,106.66,107.34,104.92,1428156320.0,133852,2017-10-24 23:59:59
2017-10-25,106.69,103.9,106.85,103.5,2511026463.0,239577,2017-10-25 23:59:59
2017-10-26,103.9,104.25,105.65,102.89,2204269017.0,210995,2017-10-26 23:59:59
2017-10-27,104.0,105.32,105.57,103.83,1586524653.0,151263,2017-10-27 23:59:59
2017-10-30,104.83,105.9,106.56,104.2,1515559419.0,143267,2017-10-30 20:30:00
2017-10-31,106.5,105.92,107.89,105.92,1941144160.0,181392,2017-10-31 23:59:59
2017-11-01,107.5,110.5,110.7,107.4,4549262447.0,416048,2017-11-01 23:59:59
2017-11-02,110.7,113.5,114.6,109.22,5671506111.0,505046,2017-11-02 23:59:59
2017-11-03,113.99,115.51,117.87,113.47,5980785316.0,516509,2017-11-03 23:59:59
2017-11-07,116.76,116.1,119.38,113.18,4933614563.0,424677,2017-11-07 23:59:59
2017-11-08,115.38,114.55,115.38,113.54,2535839199.0,221535,2017-11-08 23:59:59
2017-11-09,113.2,114.65,115.27,112.2,2773415781.0,243940,2017-11-09 23:59:59
2017-11-10,114.01,114.0,115.89,113.64,1680974610.0,146370,2017-11-10 23:59:59
2017-11-13,114.41,114.7,115.5,113.6,1539978137.0,134447,2017-11-13 23:59:59
2017-11-14,114.24,111.51,115.03,110.8,1964129264.0,173877,2017-11-14 23:59:59
2017-11-15,110.59,108.03,111.5,108.03,2369511594.0,216146,2017-11-15 23:59:59
2017-11-16,108.03,110.44,111.77,108.03,1941099243.0,176537,2017-11-16 23:59:59
2017-11-17,110.44,108.13,110.99,108.0,1226087451.0,112440,2017-11-17 23:59:59
2017-11-20,108.35,105.44,110.0,104.1,3348478634.0,313993,2017-11-20 23:59:59
2017-11-21,104.0,105.15,107.0,102.12,4930998303.0,472976,2017-11-21 23:59:59
2017-11-22,105.45,107.68,107.84,104.31,1773618712.0,166614,2017-11-22 23:59:59
2017-11-23,107.5,106.09,107.51,104.85,1204553027.0,113933,2017-11-23 23:59:59
2017-11-24,106.5,107.5,107.69,106.16,1116734209.0,104314,2017-11-24 23:59:59
2017-11-27,106.5,105.5,106.59,104.5,1067363083.0,101322,2017-11-27 23:59:59
2017-11-28,104.3,102.2,104.31,101.25,2190665130.0,213459,2017-11-28 23:59:59
2017-11-29,102.7,101.07,103.76,100.82,1600746782.0,157080,2017-11-29 23:59:59
2017-11-30,100.71,98.76,101.47,98.76,2672310412.0,267827,2017-11-30 23:59:59
2017-12-01,99.25,100.8,100.8,98.9,1374075651.0,137706,2017-12-01 23:59:59
2017-12-04,101.24,101.66,102.8,100.3,1192267249.0,117134,2017-12-04 23:59:59
2017-12-05,101.25,100.77,101.28,99.31,1361340905.0,135953,2017-12-05 23:59:59
2017-12-06,100.22,101.66,101.87,99.36,1326897077.0,131809,2017-12-06 23:59:59
2017-12-07,100.0,100.63,101.5,99.69,1098220681.0,109272,2017-12-07 23:59:59
2017-12-08,100.88,100.77,101.84,100.24,987719486.0,97607,2017-12-08 23:59:59
2017-12-11,100.55,104.23,104.23,100.35,1373229990.0,134271,2017-12-11 23:59:59
2017-12-12,104.01,107.87,107.87,103.8,2848594561.0,269204,2017-12-12 20:30:00
2017-12-13,107.7,105.12,107.7,104.4,1503337719.0,142050,2017-12-13 23:59:59
2017-12-14,105.1,106.69,106.89,104.77,1373445696.0,129846,2017-12-14 23:59:59
2017-12-15,106.5,105.95,107.39,104.42,1826263564.0,173166,2017-12-15 23:59:59
2017-12-18,106.2,106.8,107.59,105.12,1465395111.0,137850,2017-12-18 23:59:59
2017-12-19,106.8,106.53,106.99,105.3,989762339.0,93132,2017-12-19 23:59:59
2017-12-20,105.6,106.13,107.0,105.6,1152516848.0,108259,2017-12-20 23:59:59
2017-12-21,106.22,105.31,107.17,104.51,1457482895.0,137375,2017-12-21 23:59:59
2017-12-22,105.3,107.1,107.29,104.03,1122417512.0,105756,2017-12-22 23:59:59
2017-12-25,107.1,106.55,107.1,106.2,287198267.0,26935,2017-12-25 23:59:59
2017-12-26,106.38,106.29,106.84,105.3,373562758.0,35289,2017-12-26 23:59:59
2017-12-27,105.64,106.21,107.0,105.0,1324637628.0,124848,2017-12-27 23:59:59
2017-12-28,106.48,106.94,107.18,105.86,744972476.0,69933,2017-12-28 23:59:59
2017-12-29,106.88,108.5,108.55,106.08,998957451.0,92951,2017-12-29 23:59:59
2018-01-03,108.8,113.02,113.02,108.8,1697344891.0,152990,2018-01-03 23:59:59
2018-01-04,113.1,115.85,116.0,112.69,2313208233.0,200891,2018-01-04 23:59:59
2018-01-05,116.06,115.65,116.39,114.56,2208975336.0,191238,2018-01-05 23:59:59
2018-01-09,116.1,116.75,117.94,115.9,2866064107.0,244866,2018-01-09 23:59:59
2018-01-10,116.7,116.55,116.97,114.82,2684281888.0,231328,2018-01-10 23:59:59
2018-01-11,116.14,116.62,118.5,115.4,2632418258.0,225195,2018-01-11 23:59:59
2018-01-12,116.6,116.0,117.22,114.81,1495566416.0,129018,2018-01-12 23:59:59
2018-01-15,116.61,117.5,117.5,115.8,1588585468.0,136249,2018-01-15 23:59:59
2018-01-16,116.95,113.75,117.0,113.2,2459093284.0,214015,2018-01-16 23:59:59
2018-01-17,113.28,114.98,114.98,111.35,2992301162.0,263552,2018-01-17 23:59:59
2018-01-18,114.98,115.6,116.3,114.16,2298822273.0,199705,2018-01-18 23:59:59
2018-01-19,115.67,114.7,116.0,113.84,1789517427.0,155913,2018-01-19 23:59:59
2018-01-22,114.5,114.88,115.69,113.9,1803305989.0,157334,2018-01-22 23:59:59
2018-01-23,115.35,111.98,115.35,111.06,3139363760.0,279554,2018-01-23 23:59:59
2018-01-24,111.9,113.25,113.78,109.65,2764512513.0,247870,2018-01-24 23:59:59
2018-01-25,114.2,115.37,115.37,113.5,3008464050.0,262730,2018-01-25 23:59:59
2018-01-26,115.25,114.2,115.25,112.21,1979645642.0,174245,2018-01-26 23:59:59
2018-01-29,115.0,115.39,117.09,114.21,2403368458.0,208116,2018-01-29 23:59:59
2018-01-30,114.17,114.83,115.19,113.66,1909050827.0,166658,2018-01-30 23:59:59
2018-01-31,114.5,116.08,116.64,114.04,2022983236.0,174668,2018-01-31 23:59:59
2018-02-01,116.07,116.39,117.5,115.47,2013120823.0,172681,2018-02-01 23:59:59
2018-02-02,116.48,114.96,116.95,114.0,2241878770.0,193577,2018-02-02 23:59:59
2018-02-05,114.5,115.81,116.7,112.5,1947014798.0,169438,2018-02-05 23:59:59
2018-02-06,112.9,113.08,114.91,112.65,3489337071.0,305995,2018-02-06 23:59:59
2018-02-07,114.7,112.68,115.12,112.05,2152907688.0,190000,2018-02-07 23:59:59
2018-02-08,112.39,111.1,112.5,110.2,1818040192.0,163176,2018-02-08 23:59:59
2018-02-09,109.41,111.01,113.49,109.06,2368106288.0,213171,2018-02-09 23:59:59
2018-02-12,112.55,111.47,112.91,111.22,1496585611.0,133347,2018-02-12 23:59:59
2018-02-13,111.96,115.0,115.0,111.22,2428368811.0,213964,2018-02-13 23:59:59
2018-02-14,115.01,117.61,117.61,114.6,3069133370.0,264873,2018-02-14 23:59:59
2018-02-15,118.0,117.85,119.7,117.6,3738580820.0,315490,2018-02-15 23:59:59
2018-02-16,117.9,108.1,117.99,104.22,12551196693.0,1140685,2018-02-16 23:59:59
2018-02-19,108.1,111.71,112.81,105.1,6372820731.0,580491,2018-02-19 23:59:59
2018-02-20,111.9,110.6,112.44,109.5,4025869822.0,362250,2018-02-20 23:59:59
2018-02-21,110.0,113.0,116.4,109.99,5803572619.0,516332,2018-02-21 23:59:59
2018-02-22,112.51,113.8,114.0,111.07,2932033828.0,260419,2018-02-22 20:30:00
2018-02-26,115.7,118.74,119.26,114.37,4719070875.0,402976,2018-02-26 23:59:59
2018-02-27,118.9,115.5,118.98,115.05,3094841470.0,265654,2018-02-27 23:59:59
2018-02-28,115.0,111.59,115.0,111.35,3910308400.0,347007,2018-02-28 23:59:59
2018-03-01,110.98,111.73,112.78,110.21,2195769417.0,196345,2018-03-01 23:59:59
2018-03-02,111.51,112.48,112.49,110.37,1539114904.0,138150,2018-03-02 23:59:59
2018-03-05,112.7,111.99,113.94,111.31,1784562094.0,158462,2018-03-05 23:59:59
2018-03-06,112.1,111.61,113.96,107.6,5941883035.0,534687,2018-03-06 23:59:59
2018-03-07,111.36,111.6,111.76,110.11,1727450762.0,155791,2018-03-07 23:59:59
2018-03-09,111.3,110.77,112.87,109.13,1841676878.0,166640,2018-03-09 23:59:59
2018-03-12,111.46,111.57,112.09,110.25,1226137939.0,110478,2018-03-12 23:59:59
2018-03-13,110.93,111.01,111.47,110.35,1097748966.0,99039,2018-03-13 23:59:59
2018-03-14,110.64,108.81,110.79,108.0,2315967484.0,212369,2018-03-14 23:59:59
2018-03-15,108.4,108.9,109.33,107.25,1975311989.0,182542,2018-03-15 23:59:59
2018-03-16,108.3,109.27,109.93,107.62,2314843458.0,211891,2018-03-16 23:59:59
2018-03-19,109.4,109.11,110.21,108.93,898466728.0,82011,2018-03-19 23:59:59
2018-03-20,109.41,109.5,109.66,107.6,1602649162.0,147443,2018-03-20 23:59:59
2018-03-21,109.36,109.32,110.44,108.6,1210119947.0,110234,2018-03-21 23:59:59
2018-03-22,109.43,110.03,110.67,108.75,1028805292.0,93711,2018-03-22 23:59:59
2018-03-23,109.3,109.98,109.98,107.6,1508619061.0,138654,2018-03-23 23:59:59
2018-03-26,109.53,107.5,109.53,107.5,1159389849.0,106859,2018-03-26 23:59:59
2018-03-27,108.0,107.28,108.45,106.69,1321941880.0,122646,2018-03-27 20:30:00
2018-03-28,106.99,106.95,107.82,106.28,1033215662.0,96600,2018-03-28 23:59:59
2018-03-29,107.29,107.95,107.95,106.6,1295909455.0,120855,2018-03-29 23:59:59
2018-03-30,107.79,107.6,108.0,107.4,304820545.0,28302,2018-03-30 23:59:59
2018-04-02,107.86,108.0,110.11,107.61,1043695485.0,95784,2018-04-02 23:59:59
2018-04-03,108.1,108.3,108.74,107.18,1289826604.0,119362,2018-04-03 23:59:59
2018-04-04,108.29,107.35,108.87,106.8,1754645183.0,163314,2018-04-04 23:59:59
2018-04-05,107.75,107.44,108.19,106.62,1528845771.0,142517,2018-04-05 23:59:59
2018-04-06,106.9,107.33,107.53,106.2,1385052473.0,129463,2018-04-06 23:59:59
2018-04-09,106.23,91.7,106.25,88.24,12216738370.0,1298445,2018-04-09 23:59:59
2018-04-10,92.41,98.1,99.98,91.0,6717097524.0,704827,2018-04-10 23:59:59
2018-04-11,98.1,98.88,103.43,96.61,4129601360.0,412500,2018-04-11 23:59:59
2018-04-12,99.04,103.76,103.76,96.59,4244985031.0,421598,2018-04-12 23:59:59
2018-04-13,103.66,104.9,105.7,102.5,3327687025.0,319193,2018-04-13 23:59:59
2018-04-16,102.57,99.0,106.78,97.78,5880717290.0,579958,2018-04-16 23:59:59
2018-04-17,102.9,102.29,103.7,100.61,2856364497.0,280568,2018-04-17 23:59:59
2018-04-18,102.55,106.72,106.72,102.1,3864365110.0,369132,2018-04-18 23:59:59
2018-04-19,107.5,106.85,110.75,105.2,4531991318.0,419353,2018-04-19 23:59:59
2018-04-20,106.8,106.15,107.3,105.25,1380297239.0,130200,2018-04-20 23:59:59
2018-04-23,106.06,108.75,108.9,104.05,3572168997.0,333633,2018-04-23 23:59:59
2018-04-24,109.1,108.6,109.32,107.27,1386027501.0,127826,2018-04-24 23:59:59
2018-04-25,108.0,108.03,108.88,107.2,1370279011.0,126880,2018-04-25 23:59:59
2018-04-26,108.0,109.88,109.88,107.57,1937364726.0,177613,2018-04-26 23:59:59
2018-04-27,109.8,109.89,110.0,107.77,1526286730.0,140218,2018-04-27 20:29:56
2018-04-28,109.15,109.49,109.5,108.81,249165535.0,22800,2018-04-28 23:59:59
2018-04-30,109.64,108.14,109.85,108.06,859599761.0,78840,2018-04-30 23:59:59
2018-05-02,108.34,110.4,111.15,108.01,1646883895.0,149927,2018-05-02 20:30:01
2018-05-03,110.1,108.56,110.98,108.56,1415353182.0,129166,2018-05-03 23:59:59
2018-05-04,109.04,109.96,110.3,108.75,1179221046.0,107509,2018-05-04 23:59:59
2018-05-07,110.45,111.5,112.1,110.35,1109817134.0,99572,2018-05-07 23:59:59
2018-05-08,111.52,110.94,111.54,108.73,2483398647.0,226038,2018-05-08 23:59:59
2018-05-10,110.52,107.3,110.65,106.65,3739415857.0,346173,2018-05-10 23:59:59
2018-05-11,107.6,107.29,108.28,106.64,1224797572.0,113787,2018-05-11 23:59:59
2018-05-14,107.53,107.78,107.89,106.28,1257144081.0,117470,2018-05-14 23:59:59
2018-05-15,107.78,109.15,109.35,106.65,2241495892.0,207128,2018-05-15 23:59:59
2018-05-16,109.0,108.0,110.1,107.8,1852256248.0,170440,2018-05-16 23:59:59
2018-05-17,108.34,107.9,108.39,107.32,2111447805.0,195561,2018-05-17 23:59:59
2018-05-18,107.96,107.32,108.46,107.06,1408328003.0,130733,2018-05-18 23:59:59
2018-05-21,107.54,109.22,110.47,107.54,1863292794.0,170146,2018-05-21 23:59:59
2018-05-22,109.2,109.98,110.75,108.32,1518458293.0,138432,2018-05-22 23:59:59
2018-05-23,109.34,108.5,110.19,108.5,1361710186.0,124678,2018-05-23 23:59:59
2018-05-24,108.86,108.8,109.77,108.21,987948547.0,90659,2018-05-24 23:59:59
2018-05-25,110.0,110.9,111.09,109.41,2123067759.0,191996,2018-05-25 23:59:59
2018-05-28,110.52,111.7,111.74,110.52,574958030.0,51596,2018-05-28 23:59:59
2018-05-29,111.68,111.44,111.97,110.43,1170466212.0,105257,2018-05-29 23:59:59
2018-05-30,111.43,110.66,112.59,110.12,1910857543.0,171748,2018-05-30 23:59:59
2018-05-31,111.0,111.11,111.82,110.23,2733691066.0,246035,2018-05-31 23:59:59
2018-06-01,111.42,111.5,113.63,110.75,1864558457.0,166033,2018-06-01 23:59:59
2018-06-04,111.97,114.74,114.74,111.97,1319159107.0,116148,2018-06-04 23:59:59
2018-06-05,114.8,115.51,115.9,114.18,1125713581.0,97779,2018-06-05 23:59:59
2018-06-06,115.44,116.4,116.4,114.21,1516176707.0,131771,2018-06-06 23:59:59
2018-06-07,116.14,116.44,117.39,115.2,1205963642.0,103493,2018-06-07 23:59:59
2018-06-08,116.4,113.55,117.35,113.55,2107323295.0,182587,2018-06-08 23:59:59
2018-06-09,114.0,114.84,114.9,113.91,201152134.0,17569,2018-06-09 23:59:59
2018-06-11,114.58,115.0,115.9,113.8,630012707.0,54759,2018-06-11 23:59:59
2018-06-13,114.9,112.75,115.65,112.73,1592836692.0,140290,2018-06-13 23:59:59
2018-06-14,112.68,111.61,112.95,110.85,1513577157.0,135422,2018-06-14 23:59:59
2018-06-15,111.73,110.66,112.52,110.58,2093911092.0,188707,2018-06-15 23:59:59
2018-06-18,110.5,110.51,111.65,110.11,1105569150.0,99711,2018-06-18 23:59:59
2018-06-19,110.28,111.26,112.0,108.61,2043703827.0,185359,2018-06-19 23:59:59
2018-06-20,111.47,112.43,113.5,111.47,1992935255.0,176729,2018-06-20 23:59:59
2018-06-21,112.5,112.24,113.42,112.1,1283018696.0,113834,2018-06-21 23:59:59
2018-06-22,112.7,112.22,113.83,112.0,1372396626.0,121710,2018-06-22 23:59:59
2018-06-25,112.02,112.85,114.87,112.01,1437106648.0,126424,2018-06-25 23:59:59
2018-06-26,113.05,112.22,114.0,112.07,679186798.0,60294,2018-06-26 23:59:59
2018-06-27,112.07,111.0,112.7,110.53,2554980079.0,229682,2018-06-27 23:59:59
2018-06-28,112.6,111.15,113.0,110.8,1787684984.0,160038,2018-06-28 23:59:59
2018-06-29,111.71,113.99,113.99,111.51,1815962896.0,160841,2018-06-29 23:59:59
2018-07-02,113.49,116.0,116.24,113.04,1833669922.0,159066,2018-07-02 23:59:59
2018-07-03,116.23,115.4,116.45,114.64,1225375279.0,106325,2018-07-03 23:59:59
2018-07-04,115.5,114.58,116.02,114.38,1272218180.0,110518,2018-07-04 23:59:59
2018-07-05,114.79,115.66,116.0,113.81,2769923824.0,241193,2018-07-05 23:59:59
2018-07-06,115.6,116.98,117.47,115.31,1743623518.0,149735,2018-07-06 23:59:59
2018-07-09,117.5,117.99,118.84,116.5,2139625006.0,181814,2018-07-09 23:59:59
2018-07-10,118.07,117.25,118.68,116.5,2050222707.0,174576,2018-07-10 23:59:59
2018-07-11,116.48,112.6,116.48,112.6,4045365903.0,355172,2018-07-11 23:59:59
2018-07-12,113.5,113.59,113.89,112.01,2340598947.0,207277,2018-07-12 23:59:59
2018-07-13,113.49,113.98,114.8,113.01,3395057381.0,298366,2018-07-13 23:59:59
2018-07-16,109.28,106.8,109.69,106.31,3059943218.0,283577,2018-07-16 23:59:59
2018-07-17,106.76,106.1,106.76,104.7,1929827933.0,183005,2018-07-17 23:59:59
2018-07-18,106.21,105.74,106.67,104.75,2032398312.0,192873,2018-07-18 23:59:59
2018-07-19,105.6,103.5,105.9,102.8,1698804926.0,162950,2018-07-19 23:59:59
2018-07-20,103.5,102.55,104.47,101.74,1836296712.0,178627,2018-07-20 23:59:59
2018-07-23,102.78,103.14,104.34,102.2,1027388789.0,99215,2018-07-23 23:59:59
2018-07-24,103.53,107.6,107.9,103.39,2991935761.0,281521,2018-07-24 23:59:59
2018-07-25,106.99,108.45,108.82,105.69,1609240143.0,149453,2018-07-25 23:59:59
2018-07-26,108.7,108.27,109.39,107.37,1584910930.0,146296,2018-07-26 23:59:59
2018-07-27,108.0,108.48,108.71,106.69,1155264519.0,107176,2018-07-27 23:59:59
2018-07-30,108.15,108.66,109.35,107.4,1067418600.0,98438,2018-07-30 23:59:59
2018-07-31,108.5,108.82,109.39,107.25,1475888402.0,136221,2018-07-31 23:59:59
2018-08-01,108.79,107.82,109.03,107.6,875713524.0,80940,2018-08-01 23:59:59
2018-08-02,107.46,107.0,107.81,105.92,1341200197.0,125542,2018-08-02 23:59:59
2018-08-03,106.69,108.14,108.14,105.17,1177511980.0,110346,2018-08-03 23:59:59
2018-08-06,107.81,107.7,108.4,106.52,834631566.0,77641,2018-08-06 23:59:59
2018-08-07,107.8,108.3,108.47,107.15,909633251.0,84244,2018-08-07 23:59:59
2018-08-08,108.3,108.3,108.5,106.5,1971316192.0,183061,2018-08-08 23:59:59
2018-08-09,108.2,109.99,109.99,107.35,3007375198.0,276646,2018-08-09 20:30:04
2018-08-10,106.0,108.0,108.0,104.86,4673484939.0,438241,2018-08-10 23:59:59
2018-08-13,107.5,110.05,111.0,107.37,3251474823.0,295847,2018-08-13 23:59:59
2018-08-14,111.05,109.9,111.91,109.26,2721134859.0,246374,2018-08-14 23:59:59
2018-08-15,109.72,110.0,110.0,108.61,2753088366.0,251786,2018-08-15 23:59:59
2018-08-16,110.0,109.01,110.67,108.44,1571174009.0,143735,2018-08-16 23:59:59
2018-08-17,109.28,108.21,109.78,107.8,1661963816.0,152735,2018-08-17 23:59:59
2018-08-20,108.61,109.5,110.0,108.39,1684916341.0,154134,2018-08-20 23:59:59
2018-08-21,109.74,109.3,110.15,108.91,1325255820.0,120879,2018-08-21 23:59:59
2018-08-22,109.46,110.74,110.74,108.96,2193948348.0,199744,2018-08-22 23:59:59
2018-08-23,110.33,109.5,111.37,109.21,1644685860.0,149341,2018-08-23 23:59:59
2018-08-24,109.32,110.15,110.35,109.1,1024681173.0,93237,2018-08-24 23:59:59
2018-08-27,110.3,110.72,110.72,109.86,728503919.0,66020,2018-08-27 23:59:59
2018-08-28,110.62,112.5,113.37,110.6,3137247965.0,279584,2018-08-28 23:59:59
2018-08-29,112.5,113.38,113.82,112.3,1436593155.0,127005,2018-08-29 23:59:59
2018-08-30,113.79,112.62,113.85,112.14,1538482397.0,136298,2018-08-30 23:59:59
2018-08-31,112.4,112.2,113.09,111.82,1400591577.0,124634,2018-08-31 23:59:59
2018-09-03,112.23,112.87,113.23,112.0,713397063.0,63303,2018-09-03 23:59:59
2018-09-04,112.7,112.5,113.24,111.57,1044008510.0,92994,2018-09-04 23:59:59
2018-09-05,112.35,111.36,112.39,111.36,1054013925.0,94281,2018-09-05 23:59:59
2018-09-06,111.55,112.06,113.05,111.25,1141949467.0,101802,2018-09-06 23:59:59
2018-09-07,112.09,112.0,112.98,111.18,1125481387.0,100714,2018-09-07 23:59:59
2018-09-10,112.2,113.65,113.68,112.11,1279673978.0,113217,2018-09-10 23:59:59
2018-09-11,113.33,114.56,114.8,112.9,2008484852.0,176167,2018-09-11 23:59:59
2018-09-12,114.49,115.65,115.68,114.21,1325883482.0,115130,2018-09-12 23:59:59
2018-09-13,115.61,116.37,116.7,115.26,1158307268.0,99802,2018-09-13 23:59:59
2018-09-14,116.5,115.25,116.5,115.05,1064944595.0,92199,2018-09-14 23:59:59
2018-09-17,115.2,115.4,115.4,113.53,1339226474.0,116783,2018-09-17 23:59:59
2018-09-18,115.2,115.87,116.3,115.1,1231369585.0,106280,2018-09-18 23:59:59
2018-09-19,116.0,116.51,117.9,115.4,2636888038.0,225489,2018-09-19 23:59:59
2018-09-20,116.6,117.05,118.38,115.94,3259742502.0,277405,2018-09-20 23:59:59
2018-09-21,117.4,120.73,120.73,117.3,3972284319.0,331882,2018-09-21 23:59:59
2018-09-24,120.65,119.16,121.44,117.57,2605777997.0,218705,2018-09-24 23:59:59
2018-09-25,119.0,119.57,119.79,118.01,1983961478.0,166883,2018-09-25 23:59:59
2018-09-26,119.57,118.86,119.97,118.8,1255614324.0,105311,2018-09-26 23:59:59
2018-09-27,118.75,118.3,119.3,117.57,3849869024.0,325272,2018-09-27 23:59:59
2018-09-28,111.7,113.88,114.59,111.01,3611134484.0,319711,2018-09-28 23:59:59
2018-10-01,114.3,113.07,115.29,112.51,1792551390.0,157040,2018-10-01 23:59:59
2018-10-02,113.39,112.29,113.93,111.56,1404396558.0,124820,2018-10-02 23:59:59
2018-10-03,112.01,113.65,115.06,112.01,1918928975.0,168263,2018-10-03 23:59:59
2018-10-04,114.1,114.16,114.44,113.07,1141095942.0,100227,2018-10-04 23:59:59
2018-10-05,114.09,112.92,114.1,112.47,1006814392.0,89003,2018-10-05 23:59:59
2018-10-08,113.28,113.21,113.99,112.9,888004999.0,78365,2018-10-08 23:59:59
2018-10-09,113.42,114.03,115.09,113.26,1027785749.0,89928,2018-10-09 23:59:59
2018-10-10,114.2,113.76,116.5,113.51,2107092717.0,183574,2018-10-10 23:59:59
2018-10-11,112.2,112.53,112.85,111.14,2023888288.0,180587,2018-10-11 23:59:59
2018-10-12,112.9,111.7,113.26,111.43,1690251174.0,150419,2018-10-12 23:59:59
2018-10-15,111.5,110.88,111.76,110.11,1882301369.0,169603,2018-10-15 23:59:59
2018-10-16,110.99,112.64,112.64,110.55,1515722148.0,135591,2018-10-16 23:59:59
2018-10-17,112.66,114.3,114.7,112.54,1262902944.0,110894,2018-10-17 23:59:59
2018-10-18,114.23,113.6,114.23,112.57,1217944022.0,107482,2018-10-18 23:59:59
2018-10-19,113.67,113.78,114.86,112.85,1604914652.0,140920,2018-10-19 23:59:59
2018-10-22,114.0,112.91,115.8,112.8,1564796835.0,136901,2018-10-22 23:59:59
2018-10-23,112.75,110.61,112.89,110.61,1448369275.0,129644,2018-10-23 23:59:59
2018-10-24,111.11,110.25,112.3,110.25,1879226967.0,168742,2018-10-24 23:59:59
2018-10-25,109.98,109.02,110.75,108.7,2093031385.0,191301,2018-10-25 23:59:59
2018-10-26,108.71,106.5,109.14,105.7,2173137228.0,203007,2018-10-26 23:59:59
2018-10-29,106.39,106.79,107.7,105.55,1044306243.0,97835,2018-10-29 23:59:59
2018-10-30,106.57,107.02,107.67,106.11,1176706702.0,110161,2018-10-30 23:59:59
2018-10-31,107.49,110.0,110.0,107.4,1684252988.0,154248,2018-10-31 23:59:59
2018-11-01,109.5,112.5,112.5,109.1,2086847607.0,188803,2018-11-01 23:59:59
2018-11-02,112.61,114.7,114.7,112.35,3240307178.0,284532,2018-11-02 23:59:59
2018-11-06,114.3,115.65,115.88,113.22,1550752508.0,134997,2018-11-06 23:59:59
2018-11-07,115.42,116.95,116.95,114.61,1733986613.0,149226,2018-11-07 23:59:59
2018-11-08,116.63,116.98,117.5,115.71,1417968388.0,121490,2018-11-08 23:59:59
2018-11-09,116.33,116.89,116.93,115.3,1966025818.0,169263,2018-11-09 23:59:59
2018-11-12,117.0,116.08,117.05,115.95,872455709.0,74889,2018-11-12 23:59:59
2018-11-13,116.1,116.08,117.17,115.6,1123241062.0,96614,2018-11-13 23:59:59
2018-11-14,115.73,116.83,116.85,115.21,1086807866.0,93587,2018-11-14 23:59:59
2018-11-15,116.92,117.01,118.69,116.33,1595039185.0,135387,2018-11-15 23:59:59
2018-11-16,117.44,117.14,118.12,115.78,1370860660.0,117392,2018-11-16 23:59:59
2018-11-19,117.2,117.46,118.49,116.91,1251188508.0,106234,2018-11-19 23:59:59
2018-11-20,117.1,117.42,117.6,115.95,1211487180.0,103815,2018-11-20 23:59:59
2018-11-21,116.89,118.2,118.4,116.61,1307404474.0,111062,2018-11-21 23:59:59
2018-11-22,118.2,118.76,119.0,117.5,1249076121.0,105446,2018-11-22 23:59:59
2018-11-23,118.49,119.54,119.84,117.88,1546126620.0,129948,2018-11-23 23:59:59
2018-11-26,119.54,119.59,120.26,116.17,2559148328.0,214972,2018-11-26 23:59:59
2018-11-27,119.55,123.79,123.79,119.47,3177217221.0,260687,2018-11-27 23:59:59
2018-11-28,123.51,127.7,127.95,123.21,3122540424.0,247852,2018-11-28 20:30:02
2018-11-29,127.81,126.91,129.7,126.51,2821700557.0,219933,2018-11-29 23:59:59
2018-11-30,126.7,127.38,127.89,125.53,2965576774.0,233490,2018-11-30 23:59:59
2018-12-03,127.88,128.17,129.92,127.02,1699246444.0,132646,2018-12-03 23:59:59
2018-12-04,127.97,126.66,128.87,124.72,2595700073.0,205111,2018-12-04 23:59:59
2018-12-05,125.71,128.2,128.2,124.79,1814642631.0,143467,2018-12-05 23:59:59
2018-12-06,127.11,126.99,127.74,125.72,1166097828.0,92203,2018-12-06 23:59:59
2018-12-07,127.2,127.45,127.54,126.5,1232199094.0,96898,2018-12-07 23:59:59
2018-12-10,127.0,126.3,128.11,126.22,1284255820.0,101237,2018-12-10 23:59:59
2018-12-11,126.3,127.38,127.83,125.31,1528048884.0,120684,2018-12-11 23:59:59
2018-12-12,127.99,128.9,129.34,127.03,1672348167.0,130243,2018-12-12 23:59:59
2018-12-13,129.02,132.2,132.32,128.75,2667943586.0,203228,2018-12-13 23:59:59
2018-12-14,132.19,131.6,132.2,130.54,1330993361.0,101435,2018-12-14 23:59:59
2018-12-17,131.11,133.49,134.9,131.11,1928309361.0,144401,2018-12-17 23:59:59
2018-12-18,132.1,132.12,133.24,131.33,1795939727.0,135896,2018-12-18 23:59:59
2018-12-19,132.29,131.25,132.29,129.41,2016988924.0,154270,2018-12-19 23:59:59
2018-12-20,131.0,132.17,132.17,129.05,2223427400.0,169667,2018-12-20 23:59:59
2018-12-21,131.6,130.14,131.77,129.13,2044995205.0,157198,2018-12-21 23:59:59
2018-12-24,129.97,127.83,130.1,127.21,790968473.0,61743,2018-12-24 23:59:59
2018-12-25,127.01,125.55,127.02,124.61,736788449.0,58631,2018-12-25 23:59:59
2018-12-26,125.62,128.67,128.93,125.62,881221142.0,69071,2018-12-26 23:59:59
2018-12-27,129.96,128.89,129.96,128.16,1280434715.0,99165,2018-12-27 23:59:59
2018-12-28,129.53,130.73,131.55,128.94,1092065381.0,83656,2018-12-28 23:59:59
2018-12-29,131.31,130.39,131.31,129.51,242818869.0,18666,2018-12-29 23:59:59
2019-01-03,129.78,129.93,130.43,128.51,823238868.0,63500,2019-01-03 23:59:59
2019-01-04,130.21,130.7,130.75,129.34,752858512.0,57889,2019-01-04 23:59:59
2019-01-08,130.94,131.28,131.28,130.3,1043469533.0,79771,2019-01-08 23:59:59
2019-01-09,131.75,132.29,133.17,131.63,1197818561.0,90514,2019-01-09 23:59:59
2019-01-10,132.35,133.43,133.43,131.37,1412106190.0,106387,2019-01-10 23:59:59
2019-01-11,133.53,134.37,135.45,133.08,1732246431.0,129198,2019-01-11 23:59:59
2019-01-14,133.55,133.89,134.35,132.77,1150008371.0,86132,2019-01-14 23:59:59
2019-01-15,134.0,133.89,134.61,132.23,1869112733.0,140167,2019-01-15 23:59:59
2019-01-16,133.87,131.8,133.87,131.42,1099494735.0,83212,2019-01-16 23:59:59
2019-01-17,132.0,132.82,133.09,130.69,1902548832.0,144099,2019-01-17 23:59:59
2019-01-18,133.34,133.59,133.79,132.11,1157127770.0,86962,2019-01-18 23:59:59
2019-01-21,133.75,133.53,133.75,133.09,624306867.0,46764,2019-01-21 23:59:59
2019-01-22,133.17,133.06,133.38,132.33,1401025805.0,105402,2019-01-22 23:59:59
2019-01-23,133.19,133.78,134.02,132.56,1451930852.0,108996,2019-01-23 23:59:59
2019-01-24,133.65,133.69,134.44,132.85,1529561925.0,114448,2019-01-24 23:59:59
2019-01-25,133.75,133.12,134.72,132.72,1647779248.0,123274,2019-01-25 23:59:59
2019-01-28,133.15,130.89,133.36,130.61,1374905973.0,104404,2019-01-28 23:59:59
2019-01-29,131.0,132.6,132.6,130.01,1548194273.0,117525,2019-01-29 23:59:59
2019-01-30,132.59,136.39,136.39,131.92,3185553779.0,236099,2019-01-30 23:59:59
2019-01-31,136.65,135.96,139.0,135.96,3119205155.0,227174,2019-01-31 23:59:59
2019-02-01,136.0,135.34,137.58,135.0,1811604908.0,133178,2019-02-01 23:59:59
2019-02-04,135.34,135.0,136.26,134.8,1035546944.0,76455,2019-02-04 23:59:59
2019-02-05,135.7,135.88,136.94,135.0,1212716132.0,89284,2019-02-05 23:59:59
2019-02-06,135.9,136.9,137.88,135.86,1610601072.0,117511,2019-02-06 23:59:59
2019-02-07,136.8,136.5,137.16,135.64,1250722694.0,91653,2019-02-07 23:59:59
2019-02-08,136.08,137.32,137.38,135.84,903602252.0,66037,2019-02-08 23:59:59
2019-02-11,137.2,137.02,137.88,136.84,1251659620.0,91234,2019-02-11 23:59:59
2019-02-12,137.54,137.8,137.9,137.2,1177708420.0,85666,2019-02-12 23:59:59
2019-02-13,137.98,135.52,137.98,135.42,1326882706.0,97090,2019-02-13 23:59:59
2019-02-14,134.68,137.4,137.58,134.68,1754883018.0,128354,2019-02-14 23:59:59
2019-02-15,137.52,137.5,138.88,136.76,1867087282.0,135615,2019-02-15 23:59:59
2019-02-18,137.5,136.6,137.5,135.56,1328202984.0,97459,2019-02-18 23:59:59
2019-02-19,136.68,138.0,138.0,135.84,1459045364.0,106316,2019-02-19 23:59:59
2019-02-20,138.2,142.5,142.58,138.04,3071698138.0,218195,2019-02-20 23:59:59
2019-02-21,142.6,140.52,142.6,139.64,1862559522.0,132272,2019-02-21 23:59:59
2019-02-22,140.5,141.22,141.82,139.96,1338155444.0,94813,2019-02-22 23:59:59
2019-02-25,141.4,145.94,146.06,141.4,3537443024.0,245286,2019-02-25 23:59:59
2019-02-26,145.78,144.2,146.58,143.7,2934890180.0,202346,2019-02-26 23:59:59
2019-02-27,144.4,143.02,145.3,141.82,1820275444.0,127092,2019-02-27 23:59:59
2019-02-28,143.0,141.14,143.22,140.9,2509149336.0,177201,2019-02-28 23:59:59
2019-03-01,141.74,141.0,142.4,140.66,1441547894.0,102022,2019-03-01 23:59:59
2019-03-04,141.16,137.94,141.16,137.88,2256492788.0,162320,2019-03-04 23:59:59
2019-03-05,137.2,137.7,138.04,136.32,1570370794.0,114161,2019-03-05 23:59:59
2019-03-06,138.32,144.42,145.26,138.32,4556151306.0,318763,2019-03-06 23:59:59
2019-03-07,144.5,144.42,145.96,143.5,3492079134.0,241602,2019-03-07 23:59:59
2019-03-11,143.7,141.0,144.34,140.46,4864406902.0,342661,2019-03-11 23:59:59
2019-03-12,142.26,143.8,144.68,141.76,3766647002.0,262723,2019-03-12 23:59:59
2019-03-13,137.8,138.5,140.02,137.56,19050648364.0,1373068,2019-03-13 23:59:59
2019-03-14,138.72,139.52,140.0,138.5,5120340322.0,367362,2019-03-14 23:59:59
2019-03-15,139.9,142.26,142.26,139.9,4211077648.0,297592,2019-03-15 23:59:59
2019-03-18,142.26,142.84,143.0,141.04,3551037572.0,249663,2019-03-18 23:59:59
2019-03-19,143.1,143.5,144.2,142.5,3346309330.0,233372,2019-03-19 23:59:59
2019-03-20,143.92,143.16,144.34,142.26,3490582250.0,244040,2019-03-20 23:59:59
2019-03-21,143.16,142.9,143.5,141.56,3152160332.0,220577,2019-03-21 23:59:59
2019-03-22,143.0,142.8,143.28,141.76,2218972244.0,155512,2019-03-22 23:59:59
2019-03-25,142.24,142.8,143.36,141.06,2466106078.0,173100,2019-03-25 23:59:59
2019-03-26,143.34,143.0,144.0,142.4,3520215930.0,245623,2019-03-26 23:59:59
2019-03-27,141.0,138.74,141.54,137.76,6160785076.0,442842,2019-03-27 23:59:59
2019-03-28,138.46,134.36,138.98,134.02,5125142714.0,375900,2019-03-28 23:59:59
2019-03-29,134.56,137.2,137.3,134.2,2970829216.0,217769,2019-03-29 23:59:59
2019-04-01,137.2,139.94,140.64,137.12,2349424090.0,168977,2019-04-01 23:59:59
2019-04-02,139.98,141.6,141.94,139.9,2611591518.0,185077,2019-04-02 23:59:59
2019-04-03,142.0,141.86,142.9,140.7,3317055064.0,233583,2019-04-03 23:59:59
2019-04-04,141.72,142.88,142.88,141.24,1862192886.0,130839,2019-04-04 23:59:59
2019-04-05,142.8,143.32,144.0,142.66,2301719452.0,160356,2019-04-05 23:59:59
2019-04-08,143.4,143.48,144.2,142.58,1356047122.0,94575,2019-04-08 23:59:59
2019-04-09,143.48,144.0,144.16,142.58,1888222554.0,131574,2019-04-09 23:59:59
2019-04-10,143.92,144.4,145.28,143.32,1392603426.0,96599,2019-04-10 23:59:59
2019-04-11,144.48,142.3,144.48,141.52,1538958416.0,107842,2019-04-11 23:59:59
2019-04-12,142.3,144.18,144.58,141.72,1660434478.0,115388,2019-04-12 23:59:59
2019-04-15,144.18,143.92,144.38,143.26,817447536.0,56811,2019-04-15 23:59:59
2019-04-16,144.06,145.58,146.0,143.54,2103572340.0,144893,2019-04-16 23:59:59
2019-04-17,145.3,146.0,146.3,144.76,1313106812.0,90210,2019-04-17 23:59:59
2019-04-18,146.0,145.1,146.0,143.82,1650345222.0,113999,2019-04-18 23:59:59
2019-04-19,144.84,145.1,145.48,144.74,344903584.0,23758,2019-04-19 23:59:59
2019-04-22,145.5,145.28,145.88,145.24,344145936.0,23662,2019-04-22 23:59:59
2019-04-23,145.28,144.3,145.44,143.34,1218458674.0,84440,2019-04-23 23:59:59
2019-04-24,144.28,143.16,144.44,141.98,1508880964.0,105596,2019-04-24 23:59:59
2019-04-25,142.88,144.7,144.8,141.82,1756058200.0,122181,2019-04-25 23:59:59
2019-04-26,144.48,147.2,147.26,143.82,2012079164.0,137838,2019-04-26 23:59:59
2019-04-29,146.8,144.9,147.96,144.5,1162563082.0,79816,2019-04-29 23:59:59
2019-04-30,145.4,143.42,145.4,142.12,2237391520.0,155974,2019-04-30 23:59:59
2019-05-02,143.16,142.8,143.2,142.0,898967422.0,63089,2019-05-02 23:59:59
2019-05-03,143.0,142.38,143.8,142.0,1440555412.0,100897,2019-05-03 23:59:59
2019-05-06,141.9,144.0,144.0,140.8,1204589072.0,84374,2019-05-06 20:30:00
2019-05-07,143.6,141.52,144.38,141.52,1692507336.0,118566,2019-05-07 23:59:59
2019-05-08,141.6,141.08,142.0,140.9,2050163640.0,144960,2019-05-08 23:59:59
2019-05-10,140.98,139.22,141.34,138.68,1722405520.0,123254,2019-05-10 23:59:59
2019-05-13,139.0,139.7,140.64,138.96,1612418464.0,115260,2019-05-13 23:59:59
2019-05-14,140.6,139.54,141.64,139.3,1782811248.0,127003,2019-05-14 23:59:59
2019-05-15,139.8,138.0,140.14,138.0,1867704114.0,134528,2019-05-15 23:59:59
2019-05-16,138.3,135.6,138.98,135.6,1811295142.0,132025,2019-05-16 23:59:59
2019-05-17,135.98,135.9,137.8,135.68,1619209378.0,118662,2019-05-17 23:59:59
2019-05-20,136.1,133.58,136.34,133.52,2108344478.0,156682,2019-05-20 23:59:59
2019-05-21,134.0,135.48,135.98,134.0,2281471654.0,168817,2019-05-21 23:59:59
2019-05-22,135.5,137.82,138.84,135.24,2198995744.0,159960,2019-05-22 23:59:59
2019-05-23,137.52,135.2,137.52,134.66,1911191202.0,140682,2019-05-23 23:59:59
2019-05-24,135.64,136.02,137.24,135.64,1463844512.0,107275,2019-05-24 23:59:59
2019-05-27,136.48,137.1,137.26,136.42,504158214.0,36823,2019-05-27 23:59:59
2019-05-28,137.58,136.4,138.46,136.38,3853003784.0,281547,2019-05-28 20:30:10
2019-05-29,136.6,137.08,137.66,136.5,1622118494.0,118416,2019-05-29 23:59:59
2019-05-30,137.5,137.0,137.62,136.36,1659356316.0,121323,2019-05-30 23:59:59
2019-05-31,136.7,137.18,137.18,136.1,1999069800.0,146326,2019-05-31 23:59:59
2019-06-03,137.04,137.7,138.08,136.76,1761985102.0,128218,2019-06-03 23:59:59
2019-06-04,137.56,137.96,138.18,137.0,2623447754.0,190569,2019-06-04 23:59:59
2019-06-05,138.0,137.72,138.18,136.94,2150650692.0,156504,2019-06-05 23:59:59
2019-06-06,137.72,138.5,138.5,137.28,2081903614.0,150923,2019-06-06 23:59:59
2019-06-07,138.9,138.02,139.4,137.7,2692566916.0,194939,2019-06-07 23:59:59
2019-06-10,138.3,138.52,138.52,135.16,5569626322.0,404887,2019-06-10 23:59:59
2019-06-11,138.66,143.04,143.92,138.08,4631117304.0,326304,2019-06-11 23:59:59
2019-06-13,143.54,146.76,146.76,143.42,3262578968.0,224066,2019-06-13 23:59:59
2019-06-14,146.0,146.02,147.36,145.64,1884090408.0,128458,2019-06-14 23:59:59
2019-06-17,145.96,145.06,147.0,144.58,1766987456.0,121266,2019-06-17 23:59:59
2019-06-18,145.06,147.5,147.5,145.04,2156291212.0,147049,2019-06-18 23:59:59
2019-06-19,147.7,148.68,148.68,146.54,2727194936.0,184590,2019-06-19 23:59:59
2019-06-20,143.0,142.24,143.1,141.12,4729627922.0,332840,2019-06-20 23:59:59
2019-06-21,142.38,141.8,144.26,141.8,3821768926.0,268112,2019-06-21 23:59:59
2019-06-24,142.18,142.72,143.32,141.8,1153469488.0,80951,2019-06-24 23:59:59
2019-06-25,142.44,140.6,142.56,138.7,2141597866.0,152956,2019-06-25 23:59:59
2019-06-26,140.2,141.48,141.98,140.2,1630770900.0,115469,2019-06-26 23:59:59
2019-06-27,141.48,141.68,141.9,140.16,1133816060.0,80314,2019-06-27 23:59:59
2019-06-28,141.72,143.08,143.74,141.14,1502909288.0,105438,2019-06-28 23:59:59
2019-07-01,143.5,142.36,144.52,142.08,1460950982.0,102008,2019-07-01 23:59:59
2019-07-02,142.3,144.2,144.2,141.4,1560621262.0,109210,2019-07-02 23:59:59
2019-07-03,143.62,144.32,145.24,143.24,1672911608.0,115920,2019-07-03 23:59:59
2019-07-04,143.7,142.8,144.56,142.62,1291871174.0,90254,2019-07-04 23:59:59
2019-07-05,142.92,144.5,144.5,142.4,1453735750.0,101201,2019-07-05 23:59:59
2019-07-08,143.88,143.66,144.3,143.12,921350454.0,64111,2019-07-08 23:59:59
2019-07-09,143.56,142.92,144.0,142.54,1212490872.0,84789,2019-07-09 23:59:59
2019-07-10,143.08,142.7,144.14,141.06,1946560802.0,136616,2019-07-10 23:59:59
2019-07-11,143.14,141.46,143.18,140.86,1038154448.0,73271,2019-07-11 23:59:59
2019-07-12,141.22,141.94,141.98,140.3,731893356.0,51841,2019-07-12 23:59:59
2019-07-15,142.64,142.66,142.84,141.34,751866244.0,52839,2019-07-15 23:59:59
2019-07-16,142.1,144.4,144.46,141.9,1819770456.0,127211,2019-07-16 23:59:59
2019-07-17,144.04,144.8,146.88,143.54,1962742800.0,135347,2019-07-17 23:59:59
2019-07-18,144.52,147.7,147.7,144.32,2763056926.0,188174,2019-07-18 23:59:59
2019-07-19,147.7,149.02,152.18,147.42,3463040006.0,230709,2019-07-19 23:59:59
2019-07-22,149.5,146.52,149.64,146.52,1478097368.0,99953,2019-07-22 23:59:59
2019-07-23,146.8,146.68,147.98,145.74,1250202172.0,85032,2019-07-23 23:59:59
2019-07-24,147.38,146.48,147.38,145.34,1149813706.0,78683,2019-07-24 23:59:59
2019-07-25,146.42,145.9,146.42,145.08,1532802394.0,105295,2019-07-25 23:59:59
2019-07-26,145.9,143.92,145.9,143.4,2690666000.0,186563,2019-07-26 23:59:59
2019-07-29,143.96,144.16,145.44,143.8,945913702.0,65460,2019-07-29 23:59:59
2019-07-30,144.5,145.1,145.1,143.26,1400983882.0,97139,2019-07-30 23:59:59
2019-07-31,145.02,146.46,146.96,144.24,1586263036.0,109089,2019-07-31 23:59:59
2019-08-01,145.82,144.48,146.28,143.82,1327373694.0,91505,2019-08-01 23:59:59
2019-08-02,143.4,143.2,145.32,142.62,1841620018.0,127956,2019-08-02 23:59:59
2019-08-05,143.3,141.92,143.66,140.72,2392316024.0,168590,2019-08-05 23:59:59
2019-08-06,142.06,144.82,145.3,141.96,2382667218.0,165452,2019-08-06 23:59:59
2019-08-07,144.54,147.0,148.2,144.22,2813339908.0,191697,2019-08-07 23:59:59
2019-08-08,148.42,150.84,151.36,148.42,4875509052.0,325201,2019-08-08 23:59:59
2019-08-09,150.4,148.0,151.8,147.9,2695515856.0,179733,2019-08-09 20:29:59
2019-08-12,148.0,150.24,150.8,147.18,2727909564.0,182642,2019-08-12 23:59:59
2019-08-13,149.82,148.58,151.4,148.5,2421053886.0,161466,2019-08-13 23:59:59
2019-08-14,148.88,148.04,149.84,147.32,2099014868.0,141560,2019-08-14 23:59:59
2019-08-15,148.48,149.24,149.56,147.52,2246545150.0,151243,2019-08-15 23:59:59
2019-08-16,149.78,146.52,150.14,146.52,1928534948.0,130367,2019-08-16 23:59:59
2019-08-19,147.2,147.58,148.84,147.04,1631942134.0,110333,2019-08-19 23:59:59
2019-08-20,148.38,151.5,151.9,147.8,3467725108.0,230916,2019-08-20 23:59:59
2019-08-21,151.88,151.2,151.88,150.52,1924800090.0,127368,2019-08-21 23:59:59
2019-08-22,151.44,154.6,155.0,150.56,3656144108.0,238959,2019-08-22 23:59:59
2019-08-23,154.72,153.82,155.58,153.82,2429579284.0,157237,2019-08-23 23:59:59
2019-08-26,152.6,153.4,154.66,152.32,1804809406.0,117676,2019-08-26 23:59:59
2019-08-27,153.8,153.86,154.44,152.68,3816243698.0,248236,2019-08-27 23:59:59
2019-08-28,154.5,154.3,154.68,153.5,3974041802.0,257618,2019-08-28 23:59:59
2019-08-29,154.8,155.58,155.86,154.34,2941597268.0,189931,2019-08-29 23:59:59
2019-08-30,155.48,160.88,162.5,155.22,12059435570.0,757684,2019-08-30 23:59:59
2019-09-02,162.5,165.0,165.88,162.5,6043427782.0,366664,2019-09-02 23:59:59
2019-09-03,165.0,163.4,165.88,162.6,4102956882.0,250675,2019-09-03 23:59:59
2019-09-04,164.48,165.0,165.44,164.0,2681261702.0,162851,2019-09-04 23:59:59
2019-09-05,165.5,163.9,165.72,161.9,3625712728.0,221273,2019-09-05 23:59:59
2019-09-06,164.0,161.98,164.0,161.14,2515008448.0,155239,2019-09-06 23:59:59
2019-09-09,162.18,159.4,162.3,159.34,2798968658.0,174599,2019-09-09 23:59:59
2019-09-10,159.6,159.44,160.0,158.06,2951326378.0,185697,2019-09-10 23:59:59
2019-09-11,159.54,160.04,160.5,158.58,3054651752.0,191094,2019-09-11 23:59:59
2019-09-12,160.1,159.5,160.62,158.02,3308958164.0,207615,2019-09-12 23:59:59
2019-09-13,159.64,156.5,159.64,156.5,2753994436.0,175111,2019-09-13 23:59:59
2019-09-16,156.86,158.46,158.66,154.98,3059288430.0,195133,2019-09-16 23:59:59
2019-09-17,158.02,158.3,159.38,157.36,2096647094.0,132418,2019-09-17 23:59:59
2019-09-18,158.26,161.0,161.0,157.88,2399010986.0,149903,2019-09-18 23:59:59
2019-09-19,161.0,159.54,161.48,159.08,2556973730.0,159671,2019-09-19 23:59:59
2019-09-20,159.88,161.28,161.28,159.08,2111121722.0,131404,2019-09-20 23:59:59
2019-09-23,161.1,163.08,163.5,160.94,2615819710.0,161246,2019-09-23 23:59:59
2019-09-24,163.2,160.96,163.28,160.76,2121284158.0,131085,2019-09-24 23:59:59
2019-09-25,160.9,162.72,162.72,160.22,2023800758.0,125095,2019-09-25 23:59:59
2019-09-26,163.0,163.88,164.26,162.46,1809858084.0,110627,2019-09-26 23:59:59
2019-09-27,164.0,164.68,165.64,163.46,1911154346.0,116188,2019-09-27 23:59:59
2019-09-30,165.3,166.86,166.96,164.56,3008578400.0,181392,2019-09-30 23:59:59
2019-10-01,167.38,167.2,167.5,164.92,2525759204.0,151765,2019-10-01 23:59:59
2019-10-02,167.2,166.7,167.22,165.7,2718299828.0,163279,2019-10-02 23:59:59
2019-10-03,166.5,166.02,167.16,165.02,3132097192.0,188585,2019-10-03 23:59:59
2019-10-04,158.26,158.94,159.4,157.84,2768745518.0,174522,2019-10-04 23:59:59
2019-10-07,158.94,160.48,161.74,158.22,2550451042.0,159249,2019-10-07 23:59:59
2019-10-08,160.02,160.3,160.62,159.02,1635683856.0,102244,2019-10-08 23:59:59
2019-10-09,160.34,161.04,162.64,160.06,2712030738.0,167833,2019-10-09 23:59:59
2019-10-10,161.06,161.4,161.88,160.02,1850996170.0,115085,2019-10-10 23:59:59
2019-10-11,161.42,160.78,161.62,160.26,1458043264.0,90645,2019-10-11 23:59:59
2019-10-14,160.3,159.4,160.8,159.08,1611151190.0,100874,2019-10-14 23:59:59
2019-10-15,159.0,160.22,160.34,158.34,2033237482.0,127726,2019-10-15 23:59:59
2019-10-16,160.88,161.56,161.92,160.24,1818578662.0,112887,2019-10-16 23:59:59
2019-10-17,161.52,161.7,161.9,160.52,1399102134.0,86758,2019-10-17 23:59:59
2019-10-18,161.6,162.5,162.74,160.9,1363379592.0,84205,2019-10-18 23:59:59
2019-10-21,162.5,163.06,163.44,161.52,1340791288.0,82409,2019-10-21 23:59:59
2019-10-22,162.84,164.62,165.3,160.82,5009015862.0,306316,2019-10-22 23:59:59
2019-10-23,165.0,165.44,165.44,163.72,1533115126.0,92973,2019-10-23 23:59:59
2019-10-24,165.42,171.3,171.3,164.9,3350267232.0,199042,2019-10-24 23:59:59
2019-10-25,171.5,172.0,172.9,169.52,3172968158.0,185156,2019-10-25 23:59:59
2019-10-28,172.0,177.14,184.0,172.0,8434239394.0,473057,2019-10-28 23:59:59
2019-10-29,177.56,179.48,179.5,175.04,3477252490.0,195041,2019-10-29 23:59:59
2019-10-30,179.0,181.92,181.92,178.3,3481797936.0,193096,2019-10-30 23:59:59
2019-10-31,182.42,178.88,183.36,177.8,4398471152.0,244270,2019-10-31 23:59:59
2019-11-01,178.98,181.86,182.2,177.2,3545451272.0,196446,2019-11-01 23:59:59
2019-11-05,182.0,181.4,182.44,179.8,2061880792.0,114110,2019-11-05 23:59:59
2019-11-06,181.02,183.04,183.04,180.04,3242898182.0,178622,2019-11-06 23:59:59
2019-11-07,185.0,187.06,187.36,183.04,5458495922.0,294082,2019-11-07 23:59:59
2019-11-08,187.76,185.2,187.98,184.02,3426878522.0,185053,2019-11-08 23:59:59
2019-11-11,185.02,181.12,186.38,179.94,5807723006.0,318654,2019-11-11 23:59:59
2019-11-12,180.22,176.42,180.88,175.3,5870282734.0,330909,2019-11-12 23:59:59
2019-11-13,176.0,174.22,176.12,173.64,3210781146.0,183983,2019-11-13 23:59:59
2019-11-14,173.9,174.26,177.7,172.3,4127434984.0,235993,2019-11-14 23:59:59
2019-11-15,174.5,176.8,177.26,174.5,2416768374.0,137495,2019-11-15 23:59:59
2019-11-18,176.92,173.58,178.38,173.18,4132378788.0,236018,2019-11-18 23:59:59
2019-11-19,172.52,175.92,176.36,172.12,3335038078.0,190906,2019-11-19 23:59:59
2019-11-20,175.4,176.46,176.46,173.82,1950251974.0,111228,2019-11-20 23:59:59
2019-11-21,176.34,176.58,177.44,175.02,2225733946.0,126398,2019-11-21 23:59:59
2019-11-22,176.0,174.76,177.58,174.14,2530246838.0,144022,2019-11-22 23:59:59
2019-11-25,175.0,173.44,175.68,172.6,2609973094.0,150323,2019-11-25 23:59:59
2019-11-26,173.56,172.4,174.82,172.2,5092538272.0,294792,2019-11-26 23:59:59
2019-11-27,172.3,172.12,173.2,171.06,1755729300.0,101906,2019-11-27 23:59:59
2019-11-28,171.88,171.72,172.7,165.08,2589243406.0,151293,2019-11-28 23:59:59
2019-11-29,171.04,170.46,171.52,170.0,1832498116.0,107488,2019-11-29 23:59:59
2019-12-02,170.2,170.94,172.4,169.1,3667994992.0,214750,2019-12-02 23:59:59
2019-12-03,171.22,173.04,174.6,170.66,3847047198.0,222003,2019-12-03 23:59:59
2019-12-04,173.04,172.46,174.46,172.0,2081391188.0,120291,2019-12-04 23:59:59
2019-12-05,173.18,176.22,176.32,172.62,2968579448.0,169577,2019-12-05 23:59:59
2019-12-06,176.48,180.48,180.48,176.36,3955951812.0,221275,2019-12-06 23:59:59
2019-12-09,180.56,184.2,184.68,180.06,3674594432.0,201556,2019-12-09 23:59:59
2019-12-10,184.4,184.78,184.78,180.24,3801092326.0,207787,2019-12-10 23:59:59
2019-12-11,184.82,186.78,187.12,183.76,3647922536.0,196400,2019-12-11 23:59:59
2019-12-12,187.2,189.28,191.58,186.64,5156761258.0,272946,2019-12-12 23:59:59
2019-12-13,189.88,194.74,194.94,189.4,5318233506.0,276159,2019-12-13 23:59:59
2019-12-16,195.0,197.22,199.78,194.18,6318827714.0,319268,2019-12-16 23:59:59
2019-12-17,197.5,195.04,197.96,194.12,5687095198.0,290111,2019-12-17 23:59:59
2019-12-18,195.0,196.26,196.26,192.22,5350999132.0,275874,2019-12-18 23:59:59
2019-12-19,196.1,197.96,198.5,196.0,4146845472.0,209622,2019-12-19 23:59:59
2019-12-20,198.14,197.76,199.26,197.58,3125310866.0,157717,2019-12-20 23:59:59
2019-12-23,196.76,196.76,197.48,194.9,3670843510.0,187227,2019-12-23 23:59:59
2019-12-24,196.28,196.3,196.8,195.24,1741351296.0,88870,2019-12-24 23:59:59
2019-12-25,196.8,198.9,198.9,193.78,2258070320.0,114177,2019-12-25 23:59:59
2019-12-26,193.46,192.2,193.56,191.06,3731874702.0,193910,2019-12-26 23:59:59
2019-12-27,192.02,192.92,193.5,192.02,2142954020.0,110995,2019-12-27 23:59:59
2019-12-30,193.24,191.02,193.88,191.02,2400410854.0,124532,2019-12-30 23:59:59
2020-01-03,192.4,194.48,194.72,191.4,2542720200.0,131051,2020-01-03 23:59:59
2020-01-06,194.62,195.88,196.2,193.72,1889145148.0,96811,2020-01-06 23:59:59
2020-01-08,195.84,198.5,198.5,194.68,2748807152.0,139570,2020-01-08 23:59:59
2020-01-09,198.6,198.38,199.06,196.42,3439903012.0,173503,2020-01-09 23:59:59
2020-01-10,198.3,198.78,199.06,196.68,2079573020.0,104750,2020-01-10 23:59:59
2020-01-13,199.2,203.62,203.8,198.5,4738156070.0,234749,2020-01-13 23:59:59
2020-01-14,204.02,200.0,205.46,199.18,5829085916.0,288599,2020-01-14 23:59:59
2020-01-15,200.4,203.96,204.58,200.12,4674209432.0,230589,2020-01-15 23:59:59
2020-01-16,205.24,209.0,209.0,204.24,4315458350.0,208562,2020-01-16 23:59:59
2020-01-17,209.0,215.24,215.38,208.38,7453226192.0,350024,2020-01-17 23:59:59
2020-01-20,217.96,218.5,221.0,216.5,5922123190.0,270709,2020-01-20 23:59:59
2020-01-21,217.5,214.5,217.68,214.5,3884875644.0,180180,2020-01-21 23:59:59
2020-01-22,216.0,213.1,216.86,211.76,4239111492.0,198071,2020-01-22 23:59:59
2020-01-23,213.1,211.46,216.22,210.1,4329217198.0,203209,2020-01-23 23:59:59
2020-01-24,212.06,211.88,215.52,211.5,3291509986.0,154267,2020-01-24 23:59:59
2020-01-27,209.38,211.0,211.68,208.2,4674796156.0,222224,2020-01-27 23:59:59
2020-01-28,211.42,212.82,214.16,210.04,4187322602.0,197248,2020-01-28 23:59:59
2020-01-29,213.74,212.3,214.68,212.0,4066299662.0,190616,2020-01-29 23:59:59
2020-01-30,211.28,208.8,212.4,208.7,3492183806.0,165825,2020-01-30 23:59:59
2020-01-31,210.84,208.0,211.86,205.84,4061495160.0,195058,2020-01-31 23:59:59
2020-02-03,207.18,204.1,207.78,203.66,4619507638.0,225292,2020-02-03 23:59:59
2020-02-04,205.4,208.98,211.24,205.4,8337485214.0,398839,2020-02-04 23:59:59
2020-02-05,210.68,213.16,214.0,208.7,6458079110.0,304157,2020-02-05 23:59:59
2020-02-06,215.02,212.4,216.66,212.3,4534050934.0,211770,2020-02-06 23:59:59
2020-02-07,211.18,212.0,213.62,210.54,4232063332.0,199490,2020-02-07 23:59:59
2020-02-10,213.34,214.42,214.56,211.62,3928180978.0,184448,2020-02-10 23:59:59
2020-02-11,215.58,219.1,219.42,214.8,4055015984.0,186679,2020-02-11 23:59:59
2020-02-12,219.6,219.66,219.94,217.54,3537233704.0,161456,2020-02-12 23:59:59
2020-02-13,219.16,215.1,220.0,214.7,5083882220.0,234826,2020-02-13 23:59:59
2020-02-14,215.5,215.3,216.28,212.04,3241506630.0,151091,2020-02-14 23:59:59
2020-02-17,216.12,217.9,218.18,215.62,2091015700.0,96350,2020-02-17 23:59:59
2020-02-18,217.8,218.18,219.46,217.02,3141788396.0,143826,2020-02-18 23:59:59
2020-02-19,221.3,225.2,226.98,221.3,7012191558.0,312185,2020-02-19 23:59:59
2020-02-20,226.0,223.42,226.22,221.8,5256319842.0,235282,2020-02-20 23:59:59
2020-02-21,222.0,222.2,224.34,221.84,2666210562.0,119480,2020-02-21 23:59:59
2020-02-25,217.02,215.54,220.88,215.5,6083937492.0,278760,2020-02-25 23:59:59
2020-02-26,215.02,218.26,222.0,213.22,8592588490.0,394548,2020-02-26 23:59:59
2020-02-27,217.0,212.38,220.28,211.6,7436136832.0,344212,2020-02-27 23:59:59
2020-02-28,207.1,202.5,211.18,199.6,13081448554.0,641310,2020-02-28 23:59:59
2020-03-02,206.5,201.6,209.94,196.6,10743625978.0,526810,2020-03-02 23:59:59
2020-03-03,205.68,207.14,209.4,203.0,7510629054.0,363884,2020-03-03 23:59:59
2020-03-04,206.7,207.56,208.98,205.02,5042670750.0,243363,2020-03-04 23:59:59
2020-03-05,208.7,207.8,209.98,205.24,5334197174.0,257397,2020-03-05 23:59:59
2020-03-06,204.76,217.62,218.86,197.14,16861576204.0,812696,2020-03-06 23:59:59
2020-03-10,211.0,212.3,236.56,205.0,19769284722.0,898046,2020-03-10 23:59:59
2020-03-11,217.18,202.38,224.74,200.66,12368853464.0,597040,2020-03-11 23:59:59
2020-03-12,197.7,185.0,200.0,177.76,15922757894.0,850059,2020-03-12 23:59:59
2020-03-13,181.94,180.38,195.88,176.52,14456456644.0,776903,2020-03-13 23:59:59
2020-03-16,182.0,170.9,182.18,160.14,11856239784.0,706409,2020-03-16 23:59:59
2020-03-17,168.9,171.8,174.18,162.24,10299446092.0,616208,2020-03-17 23:59:59
2020-03-18,168.52,155.0,169.16,155.0,9638901062.0,590262,2020-03-18 23:59:59
2020-03-19,156.0,162.52,162.98,142.0,12315136068.0,789106,2020-03-19 23:59:59
2020-03-20,168.38,163.58,177.32,163.12,12036489972.0,715550,2020-03-20 23:59:59
2020-03-23,157.2,162.4,165.8,152.78,7194859354.0,450423,2020-03-23 23:59:59
2020-03-24,173.36,190.28,199.84,171.0,22814618424.0,1223350,2020-03-24 23:59:59
2020-03-25,196.0,199.3,203.5,185.22,16835601120.0,865514,2020-03-25 23:59:59
2020-03-26,203.0,201.0,203.0,190.0,9870735116.0,499255,2020-03-26 23:59:59
2020-03-27,201.0,193.06,202.74,190.2,9041211374.0,459509,2020-03-27 23:59:59
2020-03-30,191.0,194.62,195.2,187.96,5505722590.0,286741,2020-03-30 23:59:59
2020-03-31,197.88,195.18,199.0,191.62,8384802678.0,430178,2020-03-31 20:30:07
2020-04-01,191.28,189.52,192.44,188.3,5201673024.0,273411,2020-04-01 23:59:59
2020-04-02,194.2,189.98,194.92,185.66,8814841362.0,466083,2020-04-02 23:59:59
2020-04-03,189.0,190.32,192.6,187.56,4689910018.0,246728,2020-04-03 23:59:59
2020-04-06,192.02,195.9,195.9,190.8,4788130126.0,248124,2020-04-06 23:59:59
2020-04-07,198.3,197.8,201.32,196.16,7509248446.0,378180,2020-04-07 23:59:59
2020-04-08,195.92,201.64,201.64,195.04,5943280524.0,299632,2020-04-08 23:59:59
2020-04-09,203.5,211.38,212.54,202.84,7332981236.0,354186,2020-04-09 23:59:59
2020-04-10,209.1,206.5,209.98,205.3,2831998198.0,136845,2020-04-10 23:59:59
2020-04-13,206.5,201.0,208.98,199.8,3828914234.0,188661,2020-04-13 23:59:59
2020-04-14,203.02,207.02,208.72,202.46,5382332256.0,262152,2020-04-14 23:59:59
2020-04-15,205.66,196.46,207.32,193.8,6812656038.0,341963,2020-04-15 23:59:59
2020-04-16,198.0,195.2,200.34,193.0,6861314622.0,348517,2020-04-16 23:59:59
2020-04-17,199.1,197.18,199.36,196.06,3954184486.0,199965,2020-04-17 23:59:59
2020-04-20,197.42,200.36,201.12,196.08,3005092134.0,151454,2020-04-20 23:59:59
2020-04-21,197.36,192.4,199.24,185.2,8233618570.0,427040,2020-04-21 23:59:59
2020-04-22,190.0,196.14,197.9,189.38,6115952104.0,313052,2020-04-22 23:59:59
2020-04-23,199.0,202.16,204.86,195.16,6359149612.0,317503,2020-04-23 23:59:59
2020-04-24,200.7,201.5,205.2,198.7,5491881484.0,272259,2020-04-24 23:59:59
2020-04-27,203.0,200.34,204.7,199.12,3890677284.0,192937,2020-04-27 23:59:59
2020-04-28,200.66,200.54,203.3,198.74,5204964348.0,259085,2020-04-28 23:59:59
2020-04-29,201.8,205.96,208.48,200.3,4777455722.0,234624,2020-04-29 23:59:59
2020-04-30,207.9,204.78,208.76,203.06,4670062032.0,227644,2020-04-30 23:59:59
2020-05-04,202.36,201.26,202.92,198.66,3870120908.0,192882,2020-05-04 23:59:59
2020-05-05,203.0,200.34,204.52,199.58,2928710122.0,145273,2020-05-05 23:59:59
2020-05-06,201.28,199.4,203.34,199.2,4163308354.0,207039,2020-05-06 23:59:59
2020-05-07,199.86,202.24,203.24,199.62,5083068176.0,251864,2020-05-07 23:59:59
2020-05-08,203.2,201.44,203.7,201.3,2599919304.0,128791,2020-05-08 23:59:59
2020-05-12,203.5,210.16,211.26,202.76,8629924802.0,416096,2020-05-12 23:59:59
2020-05-13,209.12,207.62,209.74,206.5,4759569710.0,228747,2020-05-13 23:59:59
2020-05-14,206.98,201.04,208.62,200.0,5820236462.0,285821,2020-05-14 23:59:59
2020-05-15,203.76,202.06,207.54,202.06,4891660900.0,239403,2020-05-15 23:59:59
2020-05-18,206.5,214.74,215.0,205.5,7482187740.0,354714,2020-05-18 23:59:59
2020-05-19,215.52,219.2,219.7,213.6,7577091148.0,349061,2020-05-19 23:59:59
2020-05-20,219.2,229.52,231.58,218.02,9497692774.0,419784,2020-05-20 23:59:59
2020-05-21,229.52,225.36,231.5,224.52,8486829710.0,373584,2020-05-21 23:59:59
2020-05-22,218.0,220.02,223.88,215.24,7569105196.0,344113,2020-05-22 23:59:59
2020-05-25,220.0,223.94,224.18,217.86,4137680658.0,187051,2020-05-25 23:59:59
2020-05-26,226.2,221.18,228.4,220.34,5077794960.0,226211,2020-05-26 23:59:59
2020-05-27,220.98,221.1,226.8,217.24,6970287000.0,313626,2020-05-27 23:59:59
2020-05-28,222.72,225.44,226.14,221.88,5469022620.0,243647,2020-05-28 23:59:59
2020-05-29,224.76,221.1,224.78,220.12,7382048898.0,333257,2020-05-29 23:59:59
2020-06-01,223.78,220.26,224.12,218.26,5186011454.0,235072,2020-06-01 23:59:59
2020-06-02,221.2,222.2,223.6,219.12,6499398428.0,293054,2020-06-02 23:59:59
2020-06-03,223.98,218.24,223.98,217.0,8309109154.0,377419,2020-06-03 23:59:59
2020-06-04,215.1,200.0,216.14,197.38,34743786084.0,1704387,2020-06-04 23:59:59
2020-06-05,201.0,204.0,208.16,199.5,24631862016.0,1205826,2020-06-05 23:59:59
2020-06-08,205.0,205.02,208.44,201.5,10254615446.0,498469,2020-06-08 23:59:59
2020-06-09,205.2,202.48,206.42,201.02,5756258406.0,283853,2020-06-09 23:59:59
2020-06-10,203.04,202.4,203.6,198.7,8392653308.0,416696,2020-06-10 23:59:59
2020-06-11,199.48,194.82,200.0,191.34,15943273932.0,817247,2020-06-11 23:59:59
2020-06-15,191.88,190.58,191.88,187.12,8867546882.0,468993,2020-06-15 23:59:59
2020-06-16,193.6,194.72,199.12,193.0,8703705682.0,443775,2020-06-16 23:59:59
2020-06-17,195.46,192.56,196.32,191.74,5541761634.0,285786,2020-06-17 23:59:59
2020-06-18,192.56,189.26,192.56,187.8,7045761210.0,371562,2020-06-18 23:59:59
2020-06-19,190.5,190.04,194.14,189.2,7529103042.0,393392,2020-06-19 23:59:59
2020-06-22,189.8,191.22,191.5,186.44,4656618770.0,245623,2020-06-22 23:59:59
2020-06-23,190.12,196.36,197.5,190.12,7202229050.0,369226,2020-06-23 23:59:59
2020-06-25,194.02,198.5,198.92,192.34,6907447628.0,352108,2020-06-25 23:59:59
2020-06-26,198.94,196.78,201.42,195.46,5409038282.0,272371,2020-06-26 23:59:59
2020-06-29,196.0,191.96,196.0,189.86,8685328970.0,451927,2020-06-29 23:59:59
2020-06-30,191.9,187.84,192.38,186.5,8581306972.0,454814,2020-06-30 23:59:59
2020-07-02,187.0,187.54,188.98,185.3,6927701580.0,370186,2020-07-02 23:59:59
2020-07-03,187.54,190.0,191.18,187.26,4520588770.0,238636,2020-07-03 23:59:59
2020-07-06,192.02,182.6,193.78,178.96,16223500652.0,872985,2020-07-06 23:59:59
2020-07-07,179.52,185.74,187.1,179.26,9740857336.0,526365,2020-07-07 23:59:59
2020-07-08,186.18,189.7,190.36,185.7,6620175938.0,350906,2020-07-08 23:59:59
2020-07-09,190.02,185.96,190.78,184.22,7790409402.0,417504,2020-07-09 23:59:59
2020-07-10,184.66,185.5,187.12,184.02,4339567260.0,234251,2020-07-10 23:59:59
2020-07-13,184.5,179.46,185.22,179.02,9229282516.0,508191,2020-07-13 23:59:59
2020-07-14,178.72,178.26,178.9,173.5,9607564788.0,545214,2020-07-14 23:59:59
2020-07-15,178.62,179.78,181.94,176.92,6181246866.0,344271,2020-07-15 23:59:59
2020-07-16,178.38,181.12,182.22,177.28,4599222760.0,255040,2020-07-16 23:59:59
2020-07-17,181.2,183.5,183.78,181.02,3587829054.0,196249,2020-07-17 23:59:59
2020-07-20,183.5,183.94,184.64,181.42,4181191840.0,227940,2020-07-20 23:59:59
2020-07-21,184.3,183.8,186.86,183.2,6630328098.0,358249,2020-07-21 23:59:59
2020-07-22,184.0,182.34,184.0,180.78,5176504040.0,283860,2020-07-22 23:59:59
2020-07-23,182.94,187.24,189.78,182.36,8761074410.0,468996,2020-07-23 23:59:59
2020-07-24,187.0,190.6,190.94,184.88,6803243136.0,360960,2020-07-24 23:59:59
2020-07-27,191.96,197.9,197.96,191.28,8238580598.0,421498,2020-07-27 23:59:59
2020-07-28,198.0,196.18,198.26,195.1,5051865330.0,257074,2020-07-28 23:59:59
2020-07-29,196.18,198.08,199.32,194.02,6134550206.0,310938,2020-07-29 23:59:59
2020-07-30,197.0,196.2,198.08,195.1,5139650794.0,261390,2020-07-30 23:59:59
2020-07-31,196.82,196.5,199.24,195.3,3982555612.0,202215,2020-07-31 23:59:59
2020-08-03,196.06,200.18,201.28,194.56,5649147494.0,284199,2020-08-03 23:59:59
2020-08-04,200.7,203.98,204.14,199.36,5363394282.0,265632,2020-08-04 23:59:59
2020-08-05,204.5,208.86,209.44,203.9,7324249834.0,352402,2020-08-05 23:59:59
2020-08-06,209.2,208.42,210.0,207.12,4695215850.0,225282,2020-08-06 23:59:59
2020-08-07,207.8,204.38,208.0,202.32,6001504894.0,292938,2020-08-07 23:59:59
2020-08-10,204.0,206.12,206.98,202.96,4333752394.0,211014,2020-08-10 23:59:59
2020-08-11,205.7,204.26,208.34,203.52,8730391506.0,423761,2020-08-11 23:59:59
2020-08-12,204.18,207.7,208.22,203.08,6909680948.0,335358,2020-08-12 23:59:59
2020-08-13,207.9,209.3,211.36,206.78,8076326904.0,385986,2020-08-13 23:59:59
2020-08-14,208.64,207.86,209.3,206.1,3607743760.0,173887,2020-08-14 23:59:59
2020-08-17,208.5,207.1,210.98,205.4,6025122950.0,289274,2020-08-17 23:59:59
2020-08-18,206.9,207.98,209.18,205.04,4452665300.0,214398,2020-08-18 23:59:59
2020-08-19,207.52,205.0,208.2,204.5,5907345686.0,286291,2020-08-19 23:59:59
2020-08-20,204.4,199.88,204.4,198.08,8791935822.0,439094,2020-08-20 23:59:59
2020-08-21,200.48,199.42,201.34,195.7,6159133726.0,310171,2020-08-21 23:59:59
2020-08-24,200.48,200.0,201.72,198.18,4280973580.0,214052,2020-08-24 23:59:59
2020-08-25,200.5,198.3,201.3,196.92,3770341750.0,189389,2020-08-25 23:59:59
2020-08-26,198.04,199.76,200.7,196.0,5346537902.0,269592,2020-08-26 23:59:59
2020-08-27,200.0,196.7,200.2,196.02,4915215310.0,249050,2020-08-27 23:59:59
2020-08-28,197.12,193.64,197.7,193.0,5539037846.0,285183,2020-08-28 23:59:59
2020-08-31,194.42,193.94,196.72,192.5,7812444362.0,402696,2020-08-31 23:59:59
2020-09-01,194.5,199.3,199.44,193.32,7505083822.0,379657,2020-09-01 23:59:59
2020-09-02,199.68,199.16,202.38,195.26,12864769212.0,642620,2020-09-02 23:59:59
2020-09-03,199.16,198.38,201.42,197.86,5537708844.0,276757,2020-09-03 23:59:59
2020-09-04,198.12,199.24,200.04,196.28,5338341048.0,269139,2020-09-04 23:59:59
2020-09-07,199.1,200.06,200.52,198.14,2331127726.0,116644,2020-09-07 23:59:59
2020-09-08,200.5,198.9,201.78,196.8,5698981548.0,285593,2020-09-08 23:59:59
2020-09-09,198.42,197.08,199.0,196.02,3390437766.0,172050,2020-09-09 23:59:59
2020-09-10,197.04,195.28,198.04,193.78,4905895074.0,250528,2020-09-10 23:59:59
2020-09-11,195.0,193.54,195.2,191.74,5979003404.0,309456,2020-09-11 23:59:59
2020-09-14,194.46,194.92,196.2,194.1,4782346930.0,245148,2020-09-14 23:59:59
2020-09-15,195.02,196.34,197.76,194.5,9251925844.0,470620,2020-09-15 23:59:59
2020-09-16,195.7,192.7,195.88,190.86,13251699290.0,687266,2020-09-16 23:59:59
2020-09-17,191.68,193.7,194.98,190.54,7191494968.0,373103,2020-09-17 23:59:59
2020-09-18,194.32,193.0,195.12,192.52,5090015590.0,263142,2020-09-18 23:59:59
2020-09-21,192.76,186.94,193.36,185.42,8486600986.0,449898,2020-09-21 23:59:59
2020-09-22,186.9,187.58,188.68,184.9,5437315530.0,291365,2020-09-22 23:59:59
2020-09-23,187.5,188.6,192.86,186.82,6243998482.0,328750,2020-09-23 23:59:59
2020-09-24,187.8,187.8,188.8,185.92,4830242928.0,258004,2020-09-24 23:59:59
2020-09-25,188.5,188.88,189.3,185.56,4215506932.0,224679,2020-09-25 23:59:59
2020-09-28,189.0,188.26,190.1,187.16,3356457054.0,178182,2020-09-28 23:59:59
2020-09-29,188.0,188.0,188.68,185.7,3216470020.0,171856,2020-09-29 23:59:59
2020-09-30,187.16,187.62,189.16,186.48,2971145954.0,158029,2020-09-30 23:59:59
2020-10-01,188.5,187.26,189.42,187.08,2814787144.0,149732,2020-10-01 23:59:59
2020-10-02,186.98,188.4,189.16,184.2,5358754384.0,286641,2020-10-02 23:59:59
2020-10-05,189.04,192.82,192.88,187.68,6113257624.0,320850,2020-10-05 23:59:59
2020-10-06,193.0,187.82,194.8,187.46,6939990822.0,363433,2020-10-06 23:59:59
2020-10-07,188.08,186.54,189.0,185.54,4885021824.0,261206,2020-10-07 23:59:59
2020-10-08,186.64,189.24,189.96,185.62,3824836128.0,203877,2020-10-08 23:59:59
2020-10-09,189.88,194.5,194.88,188.2,7916168452.0,410354,2020-10-09 23:59:59
2020-10-12,194.0,195.34,198.22,192.84,6356849966.0,323827,2020-10-12 23:59:59
2020-10-13,195.68,196.04,198.18,194.4,4935423364.0,250932,2020-10-13 23:59:59
2020-10-14,196.58,197.92,198.8,195.8,3272093458.0,165700,2020-10-14 23:59:59
2020-10-15,197.32,196.8,197.86,195.0,4049175270.0,206074,2020-10-15 23:59:59
2020-10-16,196.74,196.82,198.26,196.04,4321838670.0,219166,2020-10-16 23:59:59
2020-10-19,197.02,198.58,199.88,196.72,4453026864.0,224030,2020-10-19 23:59:59
2020-10-20,199.2,201.92,202.76,198.32,6419399064.0,318773,2020-10-20 23:59:59
2020-10-21,202.0,198.28,203.68,197.54,5796977444.0,289889,2020-10-21 23:59:59
2020-10-22,197.88,196.72,198.5,195.04,4942884348.0,251576,2020-10-22 23:59:59
2020-10-23,197.16,198.38,199.66,195.4,3938619632.0,198873,2020-10-23 23:59:59
2020-10-26,197.8,195.14,198.38,194.2,5505760076.0,280464,2020-10-26 23:59:59
2020-10-27,195.02,191.5,195.26,191.0,5642583442.0,293322,2020-10-27 23:59:59
2020-10-28,191.04,185.48,192.1,184.0,7072059588.0,377209,2020-10-28 23:59:59
2020-10-29,187.0,189.98,190.82,184.86,4754080832.0,253387,2020-10-29 23:59:59
2020-10-30,188.98,188.64,191.12,186.54,4432295812.0,234711,2020-10-30 23:59:59
2020-11-02,188.92,193.34,193.74,187.34,4324239944.0,225672,2020-11-02 23:59:59
2020-11-03,193.6,195.12,195.98,191.5,6725987590.0,347173,2020-11-03 23:59:59
2020-11-05,196.12,196.84,198.18,195.26,5266164250.0,267176,2020-11-05 23:59:59
2020-11-06,196.7,201.38,202.0,195.84,6811803000.0,341673,2020-11-06 23:59:59
2020-11-09,203.48,205.9,208.88,202.72,11544595936.0,558981,2020-11-09 23:59:59
2020-11-10,206.2,206.26,207.88,203.12,7442491258.0,361480,2020-11-10 23:59:59
2020-11-11,206.6,205.1,207.58,203.82,6748756100.0,328004,2020-11-11 23:59:59
2020-11-12,205.0,204.48,206.1,204.02,3163223146.0,154165,2020-11-12 23:59:59
2020-11-13,205.3,204.86,205.38,201.56,5024536110.0,247144,2020-11-13 23:59:59
2020-11-16,206.0,207.8,208.32,205.8,5022491640.0,242439,2020-11-16 23:59:59
2020-11-17,207.72,206.02,207.9,204.2,4410258800.0,214306,2020-11-17 23:59:59
2020-11-18,205.7,207.2,208.5,204.8,3995073072.0,193063,2020-11-18 23:59:59
2020-11-19,207.0,206.6,207.88,206.06,3514055210.0,169828,2020-11-19 23:59:59
2020-11-20,206.4,207.34,207.84,205.68,2375393904.0,114727,2020-11-20 23:59:59
2020-11-23,207.64,210.28,210.94,207.64,7182579028.0,342647,2020-11-23 23:59:59
2020-11-24,211.0,215.78,215.92,210.5,5967520722.0,279916,2020-11-24 23:59:59
2020-11-25,215.5,214.6,216.3,212.48,5595916998.0,260985,2020-11-25 23:59:59
2020-11-26,215.0,215.7,216.6,214.5,4383959136.0,203314,2020-11-26 23:59:59
2020-11-27,216.04,217.2,218.52,214.58,4660397694.0,215054,2020-11-27 23:59:59
2020-11-30,216.38,214.76,218.4,213.18,8793260232.0,407664,2020-11-30 23:59:59
2020-12-01,215.76,219.08,220.64,215.52,8152698036.0,372752,2020-12-01 23:59:59
2020-12-02,219.02,229.06,229.96,218.64,12791030842.0,566725,2020-12-02 23:59:59
2020-12-03,229.38,231.36,232.2,227.2,8561050280.0,372246,2020-12-03 23:59:59
2020-12-04,231.5,231.88,234.0,228.1,7041971460.0,304778,2020-12-04 23:59:59
2020-12-07,231.46,230.84,233.48,229.52,4302195672.0,185994,2020-12-07 23:59:59
2020-12-08,230.92,228.42,230.92,225.52,6025278056.0,263926,2020-12-08 23:59:59
2020-12-09,228.0,231.7,234.26,227.86,5937722164.0,256129,2020-12-09 23:59:59
2020-12-10,231.86,240.48,240.5,231.0,9349886772.0,392713,2020-12-10 23:59:59
2020-12-11,240.84,240.56,244.88,238.28,9677321446.0,401829,2020-12-11 23:59:59
2020-12-14,241.22,239.44,244.68,238.12,6677771004.0,277172,2020-12-14 23:59:59
2020-12-15,239.0,236.92,240.0,233.82,5757642040.0,243395,2020-12-15 23:59:59
2020-12-16,235.96,233.78,237.72,232.6,5318110140.0,227105,2020-12-16 23:59:59
2020-12-17,234.3,234.72,239.8,233.12,8798902202.0,372410,2020-12-17 23:59:59
2020-12-18,234.98,234.38,235.74,230.1,7963912392.0,341673,2020-12-18 23:59:59
2020-12-21,233.54,234.0,236.42,229.38,7788592078.0,335995,2020-12-21 23:59:59
2020-12-22,232.8,237.6,239.48,231.86,6282272778.0,264654,2020-12-22 23:59:59
2020-12-23,232.0,233.86,235.96,231.42,5174190198.0,221917,2020-12-23 23:59:59
2020-12-24,233.8,232.2,234.42,231.26,2533533870.0,108829,2020-12-24 23:59:59
2020-12-25,232.18,233.4,233.72,231.52,1128379162.0,48444,2020-12-25 23:59:59
2020-12-28,233.88,236.2,237.3,233.72,3215819606.0,136335,2020-12-28 23:59:59
2020-12-29,237.0,235.28,238.48,235.08,3688537268.0,155817,2020-12-29 23:59:59
2020-12-30,236.4,236.82,237.94,233.52,2891404320.0,122370,2020-12-30 23:59:59
2021-01-04,238.2,243.14,245.84,238.12,6488472356.0,267047,2021-01-04 23:59:59
2021-01-05,243.04,246.76,246.98,241.16,5184018582.0,211539,2021-01-05 23:59:59
2021-01-06,246.6,250.24,250.88,245.9,5951987902.0,239292,2021-01-06 23:59:59
2021-01-08,256.08,265.44,267.08,255.52,16351970566.0,621784,2021-01-08 23:59:59
2021-01-11,263.0,262.9,271.44,260.08,15909978686.0,597993,2021-01-11 23:59:59
2021-01-12,264.6,259.34,266.2,256.36,10194461394.0,390870,2021-01-12 23:59:59
2021-01-13,259.34,259.76,261.42,254.3,6598172546.0,256299,2021-01-13 23:59:59
2021-01-14,259.04,264.32,265.4,257.28,8362087602.0,318172,2021-01-14 23:59:59
2021-01-15,261.54,257.96,263.32,256.12,6072443948.0,233413,2021-01-15 23:59:59
2021-01-18,257.0,258.74,259.8,254.58,5581860266.0,216668,2021-01-18 23:59:59
2021-01-19,260.0,258.26,261.9,257.28,5018724494.0,193506,2021-01-19 23:59:59
2021-01-20,259.5,265.5,266.54,258.14,6413899650.0,242917,2021-01-20 23:59:59
2021-01-21,267.82,265.38,269.36,260.6,8711580522.0,329399,2021-01-21 23:59:59
2021-01-22,263.78,261.72,263.78,256.7,8820266886.0,338659,2021-01-22 23:59:59
2021-01-25,263.0,259.82,264.24,257.4,6808257604.0,261504,2021-01-25 23:59:59
2021-01-26,257.52,257.68,260.24,256.14,4627269304.0,179508,2021-01-26 23:59:59
2021-01-27,259.0,249.96,259.18,248.26,10690662230.0,423721,2021-01-27 23:59:59
2021-01-28,248.82,252.3,252.8,247.76,7007889834.0,280564,2021-01-28 23:59:59
2021-01-29,250.5,243.64,251.12,242.5,8747655746.0,354521,2021-01-29 23:59:59
2021-02-01,245.88,248.66,249.48,244.38,7124878616.0,288509,2021-02-01 23:59:59
2021-02-02,249.94,247.7,251.94,246.82,5555274260.0,222485,2021-02-02 23:59:59
2021-02-03,248.2,253.12,254.88,245.64,7999736382.0,318413,2021-02-03 23:59:59
2021-02-04,253.5,257.66,258.62,252.4,7346532638.0,285893,2021-02-04 23:59:59
2021-02-05,258.2,254.78,259.4,248.28,15201814738.0,601830,2021-02-05 23:59:59
2021-02-08,254.78,258.04,258.2,254.66,5334169972.0,207758,2021-02-08 23:59:59
2021-02-09,258.34,254.58,259.9,252.26,7287117896.0,285889,2021-02-09 23:59:59
2021-02-10,253.76,253.42,257.4,250.28,7824050420.0,308827,2021-02-10 23:59:59
2021-02-11,253.66,254.32,256.94,251.0,5397765954.0,212661,2021-02-11 23:59:59
2021-02-12,253.88,253.9,254.44,248.78,5731230460.0,227908,2021-02-12 23:59:59
2021-02-15,254.36,263.28,263.7,254.36,7871940574.0,303494,2021-02-15 23:59:59
2021-02-16,263.7,262.08,265.2,259.72,7461270160.0,284086,2021-02-16 23:59:59
2021-02-17,261.82,264.88,266.82,261.3,7952401746.0,300735,2021-02-17 23:59:59
2021-02-18,265.28,267.02,268.24,263.32,8574182060.0,321684,2021-02-18 23:59:59
2021-02-19,266.42,281.3,282.24,265.3,15789311062.0,576662,2021-02-19 23:59:59
2021-02-20,278.68,270.88,280.0,267.3,13502866436.0,495926,2021-02-20 23:59:59
2021-02-22,269.0,261.56,270.38,258.0,26956171220.0,1026319,2021-02-22 23:59:59
2021-02-24,258.02,248.46,263.08,242.24,26033034782.0,1030385,2021-02-24 23:59:59
2021-02-25,248.0,232.04,251.32,232.0,41062854038.0,1718063,2021-02-25 23:59:59
2021-02-26,230.82,235.02,238.7,227.6,25378544504.0,1087035,2021-02-26 23:59:59
2021-03-01,237.78,242.68,243.92,233.28,17704407368.0,740109,2021-03-01 23:59:59
2021-03-02,241.88,237.74,243.78,235.5,13890504236.0,579228,2021-03-02 23:59:59
2021-03-03,238.12,233.04,239.32,231.56,17106614106.0,727473,2021-03-03 23:59:59
2021-03-04,231.52,221.72,231.8,221.32,24738017194.0,1096690,2021-03-04 23:59:59
2021-03-05,223.16,223.48,224.5,218.66,17194530830.0,777434,2021-03-05 23:59:59
2021-03-09,223.42,229.54,232.48,222.7,18279855604.0,802826,2021-03-09 23:59:59
2021-03-10,228.46,231.64,235.58,227.14,13682585920.0,590705,2021-03-10 23:59:59
2021-03-11,233.28,233.96,234.56,230.92,9504871900.0,408840,2021-03-11 23:59:59
2021-03-12,234.48,237.46,237.5,232.24,9590308920.0,407833,2021-03-12 23:59:59
2021-03-15,237.3,241.14,244.98,237.3,14942287756.0,618546,2021-03-15 23:59:59
2021-03-16,240.84,228.46,241.38,222.76,37559394034.0,1627466,2021-03-16 23:59:59
2021-03-17,228.2,228.78,231.0,223.04,18296334836.0,809215,2021-03-17 23:59:59
2021-03-18,229.6,225.96,232.4,225.02,14510432504.0,634176,2021-03-18 23:59:59
2021-03-19,226.0,226.86,229.0,224.32,8271467190.0,364317,2021-03-19 23:59:59
2021-03-22,226.9,227.66,227.94,224.92,4583733282.0,202295,2021-03-22 23:59:59
2021-03-23,226.98,222.38,227.7,222.1,8636134178.0,385657,2021-03-23 23:59:59
2021-03-24,222.0,213.26,222.56,212.14,21489967070.0,994648,2021-03-24 23:59:59
2021-03-25,212.6,212.52,214.74,209.74,11012383482.0,519680,2021-03-25 23:59:59
2021-03-26,213.6,222.06,222.36,213.14,13048823770.0,600725,2021-03-26 23:59:59
2021-03-29,222.22,231.16,235.4,222.22,28596213298.0,1240474,2021-03-29 23:59:59
2021-03-30,232.5,231.72,234.98,227.84,12311328736.0,532021,2021-03-30 23:59:59
2021-03-31,232.84,237.04,238.44,231.82,15375086642.0,652244,2021-03-31 23:59:59
2021-04-01,238.04,237.76,241.36,236.5,11611697704.0,486770,2021-04-01 23:59:59
2021-04-02,238.94,238.6,239.44,237.4,3266406398.0,136955,2021-04-02 23:59:59
2021-04-05,239.0,237.36,239.12,233.62,6886248614.0,291564,2021-04-05 23:59:59
2021-04-06,238.0,231.8,238.78,231.72,8919714900.0,380921,2021-04-06 23:59:59
2021-04-07,230.3,236.02,238.2,228.52,12786068038.0,545222,2021-04-07 23:59:59
2021-04-08,236.7,239.24,239.8,235.8,9005866848.0,378770,2021-04-08 23:59:59
2021-04-09,239.24,244.1,245.68,238.02,24681496546.0,1018068,2021-04-09 23:59:59
2021-04-12,244.0,254.32,255.78,242.46,24058779514.0,958864,2021-04-12 23:59:59
2021-04-13,255.38,253.84,256.78,251.2,12625019014.0,497190,2021-04-13 23:59:59
2021-04-14,254.7,248.86,255.24,247.9,9903367032.0,395273,2021-04-14 23:59:59
2021-04-15,247.5,251.12,251.98,245.62,11128538786.0,447158,2021-04-15 23:59:59
2021-04-16,251.9,254.8,255.36,251.24,8711403638.0,343326,2021-04-16 23:59:59
2021-04-19,255.46,252.4,256.5,251.86,6871748574.0,270607,2021-04-19 23:59:59
2021-04-20,252.62,252.02,254.58,250.22,8775828126.0,347344,2021-04-20 23:59:59
2021-04-21,253.26,253.08,254.3,250.38,7566901414.0,299617,2021-04-21 23:59:59
2021-04-22,253.3,256.9,259.0,252.62,12253311272.0,478523,2021-04-22 23:59:59
2021-04-23,257.5,257.7,259.32,255.9,8290832574.0,321638,2021-04-23 23:59:59
2021-04-26,258.0,264.44,264.76,257.64,11324987894.0,432685,2021-04-26 23:59:59
2021-04-27,264.98,269.52,270.38,259.0,25370819638.0,953978,2021-04-27 23:59:59
2021-04-28,269.98,263.26,271.8,260.78,16109391784.0,605894,2021-04-28 23:59:59
2021-04-29,264.44,263.34,266.5,260.8,8769641694.0,332875,2021-04-29 23:59:59
2021-04-30,262.38,257.32,264.58,255.9,12164956636.0,470031,2021-04-30 23:59:59
2021-05-04,258.28,262.02,263.98,258.0,8357338422.0,319208,2021-05-04 23:59:59
2021-05-05,263.0,266.46,266.86,262.32,6417301588.0,242275,2021-05-05 23:59:59
2021-05-06,266.98,268.24,269.08,264.9,7609968228.0,284179,2021-05-06 23:59:59
2021-05-07,268.68,270.0,271.74,268.28,7914018560.0,292769,2021-05-07 23:59:59
2021-05-10,270.9,270.46,273.5,269.46,6488807698.0,238636,2021-05-10 23:59:59
2021-05-11,270.0,273.38,273.5,268.24,9155835392.0,338030,2021-05-11 23:59:59
2021-05-12,273.9,272.66,275.8,272.04,8347286658.0,304199,2021-05-12 23:59:59
2021-05-13,273.22,273.88,274.18,269.3,8561349348.0,314425,2021-05-13 23:59:59
2021-05-14,274.86,273.9,275.4,271.2,4535289030.0,166036,2021-05-14 23:59:59
2021-05-17,274.02,273.52,274.86,270.64,6051942554.0,221781,2021-05-17 23:59:59
2021-05-18,274.0,273.52,275.7,273.04,5188973344.0,189074,2021-05-18 23:59:59
2021-05-19,273.5,271.1,273.74,268.08,8404315660.0,310746,2021-05-19 23:59:59
2021-05-20,271.6,271.56,272.18,269.02,4745458904.0,175291,2021-05-20 23:59:59
2021-05-21,271.34,270.64,272.36,269.4,4858893368.0,179407,2021-05-21 23:59:59
2021-05-24,271.4,269.82,272.2,268.1,5331360822.0,197803,2021-05-24 23:59:59
2021-05-25,270.2,267.3,270.64,266.16,7255601128.0,271163,2021-05-25 23:59:59
2021-05-26,267.8,269.86,269.98,266.6,5981205552.0,222691,2021-05-26 23:59:59
2021-05-27,269.86,269.94,270.32,266.72,10100158102.0,375453,2021-05-27 23:59:59
2021-05-28,270.64,271.34,272.98,268.66,9654989326.0,355211,2021-05-28 23:59:59
2021-05-31,262.58,264.04,266.0,262.2,6797357518.0,257224,2021-05-31 23:59:59
2021-06-01,265.2,267.5,268.46,264.56,5312216308.0,198936,2021-06-01 23:59:59
2021-06-02,267.0,269.44,269.48,266.46,4984891534.0,185952,2021-06-02 23:59:59
2021-06-03,269.72,266.3,270.3,264.38,6644351230.0,249236,2021-06-03 23:59:59
2021-06-04,266.2,264.0,266.32,263.0,5771955150.0,218620,2021-06-04 23:59:59
2021-06-07,263.1,262.46,264.24,262.02,4962540040.0,188756,2021-06-07 23:59:59
2021-06-08,262.0,260.72,262.9,259.6,5436640062.0,208488,2021-06-08 23:59:59
2021-06-09,260.72,265.02,265.6,259.22,6823588142.0,259612,2021-06-09 23:59:59
2021-06-10,264.98,261.92,265.18,261.2,4520045130.0,172210,2021-06-10 23:59:59
2021-06-11,262.24,261.78,263.46,260.42,3890465264.0,148672,2021-06-11 23:59:59
2021-06-14,262.0,263.14,264.56,261.8,2513625962.0,95555,2021-06-14 23:59:59
2021-06-15,263.08,260.54,264.48,260.18,3577235488.0,136476,2021-06-15 23:59:59
2021-06-16,260.22,256.64,260.22,256.52,7299520028.0,282828,2021-06-16 23:59:59
2021-06-17,255.5,249.7,256.14,248.2,13333023920.0,530860,2021-06-17 23:59:59
2021-06-18,249.0,250.0,251.18,246.78,9227915972.0,370346,2021-06-18 23:59:59
2021-06-21,249.76,253.72,253.88,247.54,6316284290.0,252143,2021-06-21 23:59:59
2021-06-22,254.4,250.78,254.82,249.14,5316499222.0,211658,2021-06-22 23:59:59
2021-06-23,251.64,253.36,254.66,249.5,6574642074.0,260549,2021-06-23 23:59:59
2021-06-24,253.88,243.58,253.88,237.86,16817699282.0,690867,2021-06-24 23:59:59
2021-06-25,244.02,247.34,247.96,241.82,5683027530.0,231782,2021-06-25 23:59:59
2021-06-28,247.52,249.48,250.84,247.0,4294940890.0,172389,2021-06-28 23:59:59
2021-06-29,248.9,247.02,249.06,244.0,5330450896.0,216145,2021-06-29 23:59:59
2021-06-30,247.08,248.12,250.18,244.8,6456488744.0,260692,2021-06-30 23:59:59
2021-07-01,248.12,246.12,249.48,245.1,4332499488.0,175388,2021-07-01 23:59:59
2021-07-02,246.12,250.14,250.8,244.94,4928521834.0,198160,2021-07-02 23:59:59
2021-07-05,250.9,249.24,252.24,247.38,4189568190.0,167698,2021-07-05 23:59:59
2021-07-06,249.48,244.62,249.5,244.0,5942150268.0,241787,2021-07-06 23:59:59
2021-07-07,244.98,246.58,249.5,244.62,4387993476.0,177381,2021-07-07 23:59:59
2021-07-08,247.38,245.14,247.6,243.12,5767675990.0,235460,2021-07-08 23:59:59
2021-07-09,244.8,247.8,249.4,244.28,5268954844.0,212555,2021-07-09 23:59:59
2021-07-12,248.1,251.12,251.9,246.24,5497830776.0,220349,2021-07-12 23:59:59
2021-07-13,251.32,256.62,257.28,249.88,8199847510.0,321867,2021-07-13 23:59:59
2021-07-14,256.5,257.34,258.48,253.0,6386233192.0,248944,2021-07-14 23:59:59
2021-07-15,257.12,256.24,259.5,255.24,5422153374.0,210519,2021-07-15 23:59:59
2021-07-16,257.62,252.48,257.62,251.14,4914026432.0,193730,2021-07-16 23:59:59
2021-07-19,251.26,250.46,252.5,247.8,6022311958.0,240667,2021-07-19 23:59:59
2021-07-20,251.5,251.38,253.9,249.16,4238274954.0,168463,2021-07-20 23:59:59
2021-07-21,251.08,250.5,252.82,249.12,2924059004.0,116640,2021-07-21 23:59:59
2021-07-22,251.4,250.8,251.74,248.48,2813605826.0,112322,2021-07-22 23:59:59
2021-07-23,251.32,249.9,252.0,249.0,3254889540.0,129976,2021-07-23 23:59:59
2021-07-26,248.5,251.8,251.84,248.06,3097220650.0,123652,2021-07-26 23:59:59
2021-07-27,251.26,254.32,256.26,249.72,7386226306.0,290674,2021-07-27 23:59:59
2021-07-28,254.52,256.9,257.78,253.8,4706463478.0,183816,2021-07-28 23:59:59
2021-07-29,257.64,251.78,258.1,248.86,13727263546.0,542880,2021-07-29 23:59:59
2021-07-30,250.9,253.18,253.32,249.5,6279964842.0,248990,2021-07-30 23:59:59
2021-08-02,254.0,252.9,255.8,252.22,3736889732.0,146846,2021-08-02 23:59:59
2021-08-03,253.38,255.82,256.0,252.34,3933993020.0,154292,2021-08-03 23:59:59
2021-08-04,255.82,254.46,257.46,253.32,3812339488.0,149437,2021-08-04 23:59:59
2021-08-05,254.08,254.96,256.0,253.14,3748056638.0,147324,2021-08-05 23:59:59
2021-08-06,255.8,251.02,255.86,250.8,3456042302.0,136641,2021-08-06 23:59:59
2021-08-09,250.98,248.7,251.28,246.84,6081813912.0,244563,2021-08-09 23:59:59
2021-08-10,249.02,246.5,250.4,245.04,6096323818.0,246776,2021-08-10 23:59:59
2021-08-11,246.5,245.28,247.36,244.72,4387698554.0,178658,2021-08-11 23:59:59
2021-08-12,246.46,247.0,248.14,245.3,4034724514.0,163428,2021-08-12 23:59:59
2021-08-13,246.8,244.6,247.38,244.14,2615789072.0,106597,2021-08-13 23:59:59
2021-08-16,244.04,244.26,245.54,242.1,4385207358.0,180039,2021-08-16 23:59:59
2021-08-17,244.0,245.72,247.86,243.62,4844528300.0,196306,2021-08-17 23:59:59
2021-08-18,247.0,241.46,247.0,241.22,4162569708.0,170794,2021-08-18 23:59:59
2021-08-19,240.84,237.36,241.9,236.0,6982815688.0,293138,2021-08-19 23:59:59
2021-08-20,237.3,235.5,238.78,234.8,5475339276.0,232002,2021-08-20 23:59:59
2021-08-23,237.66,238.58,238.96,235.9,4211490792.0,177105,2021-08-23 23:59:59
2021-08-24,239.92,240.66,240.92,236.6,4283631548.0,178841,2021-08-24 23:59:59
2021-08-25,240.6,239.32,240.72,237.98,2979097164.0,124541,2021-08-25 23:59:59
2021-08-26,238.5,237.12,240.14,236.8,3500164620.0,146891,2021-08-26 23:59:59
2021-08-27,237.46,239.86,239.9,236.9,2988997590.0,125267,2021-08-27 23:59:59
2021-08-30,240.16,242.66,243.98,239.98,4000407490.0,165111,2021-08-30 23:59:59
2021-08-31,243.96,240.32,245.62,239.54,6586747296.0,271845,2021-08-31 23:59:59
2021-09-01,241.2,242.28,242.5,238.8,4760435116.0,198107,2021-09-01 23:59:59
2021-09-02,241.56,238.8,242.0,238.68,5939328390.0,248124,2021-09-02 23:59:59
2021-09-03,239.3,244.42,244.9,239.3,7630962762.0,314419,2021-09-03 23:59:59
2021-09-06,245.08,246.58,247.84,245.0,5233354994.0,212258,2021-09-06 23:59:59
2021-09-07,246.6,243.76,246.84,242.96,3440592692.0,140720,2021-09-07 23:59:59
2021-09-08,243.04,242.6,244.74,241.34,5436014452.0,223978,2021-09-08 23:59:59
2021-09-09,242.02,239.8,243.08,239.78,4477695568.0,185592,2021-09-09 23:59:59
2021-09-10,241.0,245.08,245.44,240.6,4535827610.0,186099,2021-09-10 23:59:59
2021-09-13,245.54,244.92,247.1,243.3,5706069938.0,232597,2021-09-13 23:59:59
2021-09-14,244.1,240.44,244.28,239.0,7283017512.0,302250,2021-09-14 23:59:59
2021-09-15,240.0,239.78,241.2,236.82,6668947200.0,278893,2021-09-15 23:59:59
2021-09-16,239.1,234.84,239.72,232.96,9819874938.0,416906,2021-09-16 23:59:59
2021-09-17,234.32,232.56,238.2,229.7,14942505184.0,638905,2021-09-17 23:59:59
2021-09-20,230.5,225.1,231.62,224.9,8789100814.0,385467,2021-09-20 23:59:59
2021-09-21,226.06,226.62,229.4,225.12,5133707796.0,226329,2021-09-21 23:59:59
2021-09-22,227.84,231.5,231.7,227.24,4634573846.0,201842,2021-09-22 23:59:59
2021-09-23,233.0,230.96,233.82,227.44,8425434246.0,366490,2021-09-23 23:59:59
2021-09-24,231.2,228.56,232.56,227.76,4730771150.0,206448,2021-09-24 23:59:59
2021-09-27,229.38,227.12,229.84,226.0,3695703898.0,162629,2021-09-27 23:59:59
2021-09-28,227.3,223.24,227.72,223.02,6139047698.0,273134,2021-09-28 23:59:59
2021-09-29,223.0,222.18,226.4,221.5,8602712624.0,386106,2021-09-29 23:59:59
2021-09-30,222.5,218.3,222.9,215.86,9292291738.0,423927,2021-09-30 23:59:59
2021-10-01,217.0,221.22,222.22,216.24,5183438622.0,235515,2021-10-01 23:59:59
2021-10-04,220.9,216.36,221.36,215.42,4713043460.0,216292,2021-10-04 23:59:59
2021-10-05,215.48,218.18,218.7,211.8,8291673636.0,387070,2021-10-05 23:59:59
2021-10-06,218.14,215.24,218.14,212.74,6126167096.0,285877,2021-10-06 23:59:59
2021-10-07,215.8,222.72,224.1,215.54,10294575294.0,465287,2021-10-07 23:59:59
2021-10-08,225.0,227.66,227.68,223.74,8144890934.0,360164,2021-10-08 23:59:59
2021-10-11,228.9,226.44,232.44,225.76,11036790396.0,482215,2021-10-11 23:59:59
2021-10-12,225.76,225.28,227.68,223.0,4433848294.0,196207,2021-10-12 23:59:59
2021-10-13,226.0,227.18,227.72,223.28,6021247938.0,265861,2021-10-13 23:59:59
2021-10-14,228.2,229.28,230.0,226.5,7264967614.0,318354,2021-10-14 23:59:59
2021-10-15,229.58,231.08,231.24,227.62,5624165608.0,244716,2021-10-15 23:59:59
2021-10-18,231.02,231.2,231.78,229.74,3496446784.0,151550,2021-10-18 23:59:59
2021-10-19,232.0,236.72,237.0,231.66,8119008250.0,344876,2021-10-19 23:59:59
2021-10-20,237.0,235.3,237.0,231.9,6259699730.0,266936,2021-10-20 23:59:59
2021-10-21,234.94,232.1,235.18,231.48,3902481576.0,167267,2021-10-21 23:59:59
2021-10-22,232.1,228.64,233.0,228.0,4304616102.0,186593,2021-10-22 23:59:59
2021-10-25,229.64,230.24,230.7,226.5,3849250412.0,168546,2021-10-25 23:59:59
2021-10-26,230.14,226.88,231.36,226.88,3733696682.0,162867,2021-10-26 23:59:59
2021-10-27,226.36,222.5,226.46,221.7,6621514348.0,296248,2021-10-27 23:59:59
2021-10-28,222.58,223.62,224.88,220.1,5400062680.0,242931,2021-10-28 23:59:59
2021-10-29,223.02,221.7,223.16,219.74,4316442892.0,195174,2021-10-29 23:59:59
2021-11-01,221.8,223.96,224.0,221.6,3819034290.0,171418,2021-11-01 23:59:59
2021-11-02,223.6,221.34,224.88,220.72,3270382892.0,147179,2021-11-02 23:59:59
2021-11-03,221.3,220.38,221.92,218.74,3224428060.0,146261,2021-11-03 23:59:59
2021-11-05,220.2,216.64,220.22,215.6,4745241040.0,218867,2021-11-05 23:59:59
2021-11-08,217.64,218.72,219.62,216.62,3910233974.0,179141,2021-11-08 23:59:59
2021-11-09,218.72,221.88,225.38,218.04,6448347224.0,289073,2021-11-09 23:59:59
2021-11-10,222.32,216.94,225.2,216.0,6676226570.0,304501,2021-11-10 23:59:59
2021-11-11,217.34,220.5,220.94,217.32,4188041034.0,190832,2021-11-11 23:59:59
2021-11-12,220.5,221.0,223.2,217.56,5543565602.0,251803,2021-11-12 23:59:59
2021-11-15,220.02,223.58,224.74,219.0,5570565408.0,249959,2021-11-15 23:59:59
2021-11-16,224.04,226.26,231.26,224.04,11433963168.0,501616,2021-11-16 23:59:59
2021-11-17,227.68,225.32,228.98,223.54,5596876706.0,247847,2021-11-17 23:59:59
2021-11-18,225.22,222.92,226.4,221.78,5340914060.0,238149,2021-11-18 23:59:59
2021-11-19,223.88,221.44,224.94,218.72,6050173418.0,273845,2021-11-19 23:59:59
2021-11-22,221.38,218.5,224.54,214.0,11549016934.0,530192,2021-11-22 23:59:59
2021-11-23,218.36,224.0,224.48,212.76,9344297824.0,421947,2021-11-23 23:59:59
2021-11-24,224.62,221.82,225.26,219.68,5602919756.0,251923,2021-11-24 23:59:59
2021-11-25,222.2,221.28,223.78,219.68,2490903140.0,112233,2021-11-25 23:59:59
2021-11-26,217.5,215.6,218.98,214.0,7225607316.0,332835,2021-11-26 23:59:59
2021-11-29,218.4,216.86,219.98,214.42,5705010246.0,261991,2021-11-29 23:59:59
2021-11-30,213.9,215.38,217.6,212.8,8963171762.0,415126,2021-11-30 23:59:59
2021-12-01,219.98,219.52,222.8,217.08,7009962358.0,317814,2021-12-01 23:59:59
2021-12-02,219.12,221.1,221.74,218.68,4941731588.0,224169,2021-12-02 23:59:59
2021-12-03,222.0,218.26,222.3,217.78,3331703654.0,151573,2021-12-03 23:59:59
2021-12-06,218.98,218.86,220.44,215.62,3344952982.0,153710,2021-12-06 23:59:59
2021-12-07,219.0,219.2,220.38,217.34,3590967644.0,163783,2021-12-07 23:59:59
2021-12-08,219.72,218.88,221.88,218.64,5830946846.0,264488,2021-12-08 23:59:59
2021-12-09,219.98,220.06,221.08,217.04,3760864218.0,171185,2021-12-09 23:59:59
2021-12-10,220.16,218.88,220.54,218.0,2809043336.0,128356,2021-12-10 23:59:59
2021-12-13,219.38,208.5,220.2,208.32,7454299850.0,349787,2021-12-13 23:59:59
2021-12-14,208.5,209.58,212.98,188.54,13286767070.0,650571,2021-12-14 23:59:59
2021-12-15,209.58,212.96,213.26,207.3,6373424234.0,301821,2021-12-15 23:59:59
2021-12-16,214.2,213.1,217.46,211.84,7793220678.0,363333,2021-12-16 23:59:59
2021-12-17,212.8,217.38,218.48,210.54,7122834856.0,329662,2021-12-17 23:59:59
2021-12-20,216.08,216.44,217.38,213.34,4642312700.0,215335,2021-12-20 23:59:59
2021-12-21,216.98,216.62,218.82,215.5,4567969906.0,210789,2021-12-21 23:59:59
2021-12-22,216.62,218.34,219.24,216.22,4095262706.0,187528,2021-12-22 23:59:59
2021-12-23,218.3,218.72,220.2,217.5,4188611342.0,191362,2021-12-23 23:59:59
2021-12-24,218.1,218.24,219.18,216.5,2338291342.0,107428,2021-12-24 23:59:59
2021-12-27,219.0,225.28,225.5,218.54,4793658732.0,215858,2021-12-27 23:59:59
2021-12-28,226.0,226.42,229.3,225.1,5439604602.0,239964,2021-12-28 23:59:59
2021-12-29,226.5,226.28,228.34,225.34,3741327774.0,165375,2021-12-29 23:59:59
2021-12-30,226.28,229.0,229.24,225.9,4125421788.0,181185,2021-12-30 23:59:59
2022-01-03,229.98,233.78,234.5,229.62,4555273712.0,195400,2022-01-03 23:59:59
2022-01-04,234.0,233.14,234.5,231.32,4705122884.0,201976,2022-01-04 23:59:59
2022-01-05,232.66,230.1,236.2,226.04,7736086912.0,331791,2022-01-05 23:59:59
2022-01-06,229.4,232.8,233.88,228.5,4666055974.0,201080,2022-01-06 23:59:59
2022-01-10,234.98,235.08,237.3,233.74,7808414080.0,331349,2022-01-10 23:59:59
2022-01-11,235.1,237.34,237.94,234.2,10157269996.0,428761,2022-01-11 23:59:59
2022-01-12,237.02,240.4,240.82,235.34,12957791860.0,541879,2022-01-12 23:59:59
2022-01-13,227.0,228.36,233.36,222.5,20513998790.0,896743,2022-01-13 23:59:59
2022-01-14,228.0,226.48,230.44,221.9,12939346162.0,571577,2022-01-14 23:59:59
2022-01-17,227.0,218.2,227.56,215.52,9196111590.0,417280,2022-01-17 23:59:59
2022-01-18,218.38,206.94,219.3,197.06,20492879260.0,989092,2022-01-18 23:59:59
2022-01-19,207.04,220.24,221.88,198.0,16419486574.0,765089,2022-01-19 23:59:59
2022-01-20,221.46,223.0,226.66,217.82,10488075482.0,470678,2022-01-20 23:59:59
2022-01-21,220.0,221.0,224.36,216.82,9816546794.0,443509,2022-01-21 23:59:59
2022-01-24,221.98,212.5,222.4,204.72,15598660324.0,737719,2022-01-24 23:59:59
2022-01-25,212.74,214.66,216.3,208.58,8992494974.0,425526,2022-01-25 23:59:59
2022-01-26,214.0,217.88,223.1,210.7,9988330476.0,457164,2022-01-26 23:59:59
2022-01-27,217.0,220.66,225.64,214.42,9493639906.0,428523,2022-01-27 23:59:59
2022-01-28,221.0,220.82,223.64,219.58,5548763310.0,250898,2022-01-28 23:59:59
2022-01-31,220.0,219.16,224.94,216.62,6847915126.0,311456,2022-01-31 23:59:59
2022-02-01,220.0,219.48,221.28,216.22,5208199442.0,238136,2022-02-01 23:59:59
2022-02-02,219.6,216.7,220.34,214.68,5654155952.0,260598,2022-02-02 23:59:59
2022-02-03,216.48,213.92,217.5,212.2,4076953440.0,190119,2022-02-03 23:59:59
2022-02-04,214.4,214.0,217.7,212.34,4370911066.0,203390,2022-02-04 23:59:59
2022-02-07,214.02,215.8,217.2,212.5,2939566066.0,137064,2022-02-07 23:59:59
2022-02-08,215.8,223.72,224.48,214.7,7098220596.0,320978,2022-02-08 23:59:59
2022-02-09,224.5,226.74,228.3,223.24,7153568738.0,316957,2022-02-09 23:59:59
2022-02-10,226.7,224.54,228.72,222.52,6943417396.0,307612,2022-02-10 23:59:59
2022-02-11,224.5,216.88,225.22,215.26,7407702624.0,336955,2022-02-11 23:59:59
2022-02-14,216.58,220.82,221.94,212.64,8349030678.0,381293,2022-02-14 23:59:59
2022-02-15,221.44,223.24,225.1,220.0,6190643788.0,277735,2022-02-15 23:59:59
2022-02-16,223.24,223.04,225.6,220.2,6107712872.0,273628,2022-02-16 23:59:59
2022-02-17,223.3,217.74,223.4,216.48,6426895624.0,292855,2022-02-17 23:59:59
2022-02-18,218.78,214.5,221.0,213.04,6476880262.0,299689,2022-02-18 23:59:59
2022-02-21,214.5,192.52,219.22,181.58,20116891090.0,1003501,2022-02-21 23:59:59
2022-02-22,192.38,211.5,213.06,188.0,22858565498.0,1127953,2022-02-22 23:59:59
2022-02-24,190.32,182.0,198.22,145.0,14556712502.0,827202,2022-02-24 23:59:59
2022-02-25,185.64,190.52,206.4,185.64,9188224688.0,469789,2022-02-25 23:59:59
2022-03-24,210.34,209.9,237.0,208.12,6875360030.0,313933,2022-03-24 23:59:59
2022-03-25,213.04,210.7,219.32,205.72,2249048702.0,107412,2022-03-25 23:59:59
2022-03-28,210.7,208.5,210.7,205.64,1646421436.0,78765,2022-03-28 23:59:59
2022-03-29,208.5,200.28,209.7,195.0,2742434654.0,134735,2022-03-29 23:59:59
2022-03-30,204.5,204.62,208.4,201.0,1208639818.0,58726,2022-03-30 23:59:59
2022-03-31,205.5,209.74,211.0,204.66,2119000288.0,101431,2022-03-31 23:59:59
2022-04-01,210.76,215.0,217.34,209.84,2488412480.0,116048,2022-04-01 23:59:59
2022-04-04,217.48,217.5,225.82,211.5,1732978640.0,79607,2022-04-04 23:59:59
2022-04-05,216.16,209.86,217.44,202.14,1614425490.0,76180,2022-04-05 23:59:59
2022-04-06,209.82,211.5,215.0,206.0,1014841654.0,47779,2022-04-06 23:59:59
2022-04-07,212.58,210.5,214.16,207.0,831897936.0,39437,2022-04-07 23:59:59
2022-04-08,210.6,211.12,212.02,206.64,888064578.0,42417,2022-04-08 23:59:59
2022-04-11,211.96,210.06,213.92,209.0,684681486.0,32278,2022-04-11 23:59:59
2022-04-12,210.06,209.9,211.84,208.16,782464484.0,37228,2022-04-12 23:59:59
2022-04-13,209.0,207.94,209.84,207.2,394296270.0,18909,2022-04-13 23:59:59
2022-04-14,208.0,200.04,208.48,198.3,870678608.0,42975,2022-04-14 23:59:59
2022-04-15,200.04,202.4,203.0,196.0,897072598.0,44704,2022-04-15 23:59:59
2022-04-18,203.12,198.86,205.0,197.72,531838558.0,26620,2022-04-18 23:59:59
2022-04-19,198.88,196.76,200.84,192.88,966405060.0,49131,2022-04-19 23:59:59
2022-04-20,197.06,205.9,205.9,194.5,1330220652.0,66096,2022-04-20 23:59:59
2022-04-21,205.7,204.54,205.7,198.3,1132395368.0,56470,2022-04-21 23:59:59
2022-04-22,203.0,197.0,203.0,196.52,1400897972.0,70627,2022-04-22 23:59:59
2022-04-25,201.88,199.0,202.0,197.08,1075728996.0,54059,2022-04-25 23:59:59
2022-04-26,199.0,209.94,210.88,199.0,1356142008.0,66266,2022-04-26 23:59:59
2022-04-27,209.88,212.72,212.84,207.1,1217053348.0,57687,2022-04-27 23:59:59
2022-04-28,213.0,210.0,214.86,209.0,1147551340.0,53737,2022-04-28 23:59:59
2022-04-29,210.0,215.5,215.64,210.0,1118667444.0,52202,2022-04-29 23:59:59
2022-05-04,215.5,213.52,216.0,213.0,775469522.0,36162,2022-05-04 23:59:59
2022-05-05,215.02,215.44,215.5,213.58,463298528.0,21552,2022-05-05 23:59:59
2022-05-06,215.0,217.66,218.5,214.3,933383100.0,43077,2022-05-06 23:59:59
2022-05-11,217.46,213.3,217.48,210.5,1194534682.0,55959,2022-05-11 23:59:59
2022-05-12,213.0,212.38,214.2,210.5,753281010.0,35515,2022-05-12 23:59:59
2022-05-13,213.0,212.0,214.1,211.04,465462108.0,21884,2022-05-13 23:59:59
2022-05-16,212.64,213.64,214.18,212.1,607663496.0,28478,2022-05-16 23:59:59
2022-05-17,213.72,213.48,214.88,213.4,1029742002.0,48171,2022-05-17 23:59:59
2022-05-18,213.56,214.16,217.0,213.5,1008253204.0,46836,2022-05-18 23:59:59
2022-05-19,214.5,213.0,214.92,212.12,518837592.0,24378,2022-05-19 23:59:57
2022-05-20,213.02,207.0,214.0,206.5,1348304168.0,64363,2022-05-20 23:59:59
2022-05-23,206.5,198.0,207.48,197.08,1492582176.0,74265,2022-05-23 23:59:59
2022-05-24,198.82,200.1,202.22,196.0,1179681004.0,59184,2022-05-24 23:59:59
2022-05-25,201.0,200.8,202.46,199.06,541913828.0,27012,2022-05-25 23:59:59
2022-05-26,201.46,201.98,205.0,200.72,1151972870.0,56925,2022-05-26 23:59:59
2022-05-27,202.0,201.62,204.5,200.5,1076571118.0,53243,2022-05-27 23:59:59
2022-05-30,202.22,201.32,202.86,199.36,923500946.0,46033,2022-05-30 23:59:59
2022-05-31,201.32,201.9,202.0,200.02,758995006.0,37712,2022-05-31 23:59:59
2022-06-01,202.52,204.16,204.28,200.7,765299450.0,37658,2022-06-01 23:59:59
2022-06-02,204.3,201.54,205.0,199.54,1401684818.0,69430,2022-06-02 23:59:59
2022-06-03,202.0,203.14,204.8,201.06,1195018442.0,58922,2022-06-03 23:59:59
2022-06-06,203.2,202.94,207.2,202.5,1160433882.0,56776,2022-06-06 23:59:59
2022-06-07,203.0,202.0,203.7,198.1,1124245346.0,55936,2022-06-07 23:59:59
2022-06-08,202.0,201.34,202.62,200.52,998060158.0,49493,2022-06-08 23:59:59
2022-06-09,201.4,203.1,203.48,199.0,1738744184.0,86579,2022-06-09 23:59:59
2022-06-10,193.5,194.9,195.54,192.66,1863107754.0,95767,2022-06-10 23:59:59
2022-06-14,193.98,191.02,193.98,190.02,980834564.0,51259,2022-06-14 23:59:59
2022-06-15,191.02,190.4,191.56,188.18,1310258892.0,68979,2022-06-15 23:59:59
2022-06-16,190.4,193.7,194.78,189.72,1339196604.0,69646,2022-06-16 23:59:59
2022-06-17,193.68,191.94,193.68,191.0,740666988.0,38612,2022-06-17 23:59:59
2022-06-20,191.9,191.8,192.24,190.44,884617666.0,46260,2022-06-20 23:59:59
2022-06-21,191.78,188.2,192.18,188.2,1012443842.0,53423,2022-06-21 23:59:59
2022-06-22,188.0,189.4,189.4,186.0,1105419450.0,58880,2022-06-22 23:59:59
2022-06-23,188.9,191.0,192.3,186.52,1322263234.0,69725,2022-06-23 23:59:59
2022-06-24,190.9,189.34,191.98,187.4,723710458.0,38312,2022-06-24 23:59:59
2022-06-27,188.66,185.86,188.86,184.5,1408251432.0,75438,2022-06-27 23:59:59
2022-06-28,185.86,182.52,185.88,181.12,1351271638.0,73929,2022-06-28 23:59:59
2022-06-29,182.14,176.52,182.5,175.6,2322113940.0,130081,2022-06-29 23:59:57
2022-06-30,177.0,174.0,179.44,170.14,2436942812.0,139501,2022-06-30 23:59:59
2022-07-01,174.0,171.0,177.42,170.0,1583551980.0,91572,2022-07-01 23:59:59
2022-07-04,170.5,170.24,173.5,168.4,1141524988.0,66778,2022-07-04 23:59:59
2022-07-05,172.02,167.0,178.22,158.26,4419215672.0,268584,2022-07-05 23:59:59
2022-07-06,165.0,164.52,169.8,162.82,1496053530.0,89864,2022-07-06 23:59:59
2022-07-07,164.6,165.5,166.96,163.2,861587068.0,52066,2022-07-07 23:59:59
2022-07-08,166.0,167.2,168.0,165.16,636620676.0,38231,2022-07-08 23:59:59
2022-07-11,166.98,162.7,168.98,161.12,864337180.0,52507,2022-07-11 23:59:59
2022-07-12,162.0,159.22,162.54,159.0,864239118.0,53999,2022-07-12 23:59:59
2022-07-13,159.52,152.0,160.2,150.6,1956998104.0,126660,2022-07-13 23:59:59
2022-07-14,152.9,153.02,154.8,150.0,1691473348.0,111162,2022-07-14 23:59:59
2022-07-15,153.9,156.0,156.26,151.6,1172560074.0,76027,2022-07-15 23:59:59
2022-07-18,158.98,152.82,158.98,151.02,1232856224.0,80494,2022-07-18 23:59:59
2022-07-19,152.5,149.14,153.0,148.0,1169694040.0,78102,2022-07-19 23:59:59
2022-07-20,149.3,150.5,150.5,148.54,749805460.0,50140,2022-07-20 23:59:59
2022-07-21,150.12,148.0,150.84,146.26,1063705136.0,71852,2022-07-21 23:59:59
2022-07-22,148.08,147.3,149.8,146.0,1286840058.0,86712,2022-07-22 23:59:59
2022-07-25,148.62,147.94,148.62,146.8,1340019456.0,90743,2022-07-25 23:59:59
2022-07-26,148.5,158.5,158.76,148.38,2659885588.0,173656,2022-07-26 23:59:59
2022-07-27,158.56,156.4,162.7,153.68,3257827586.0,205706,2022-07-27 23:59:59
2022-07-28,157.4,155.0,158.66,153.16,1837516192.0,118616,2022-07-28 23:59:59
2022-07-29,154.0,161.5,162.3,153.26,2191717976.0,138550,2022-07-29 23:59:59
2022-08-01,162.0,155.9,163.88,155.74,1973898474.0,123364,2022-08-01 23:59:58
2022-08-02,155.9,151.4,156.46,151.16,1843686484.0,120336,2022-08-02 23:59:59
2022-08-03,151.4,147.54,154.34,147.52,2198567208.0,146107,2022-08-03 23:59:59
2022-08-04,147.44,147.1,148.68,146.06,1473415758.0,100134,2022-08-04 23:59:59
2022-08-05,147.24,143.94,148.2,143.0,1585710172.0,109273,2022-08-05 23:59:59
2022-08-08,147.9,144.58,147.9,144.5,936992326.0,63990,2022-08-08 23:59:59
2022-08-09,144.82,151.5,151.74,143.72,1406981924.0,95289,2022-08-09 23:59:59
2022-08-10,151.48,149.7,153.38,148.22,1809957720.0,120068,2022-08-10 23:59:59
2022-08-11,150.22,149.08,151.6,148.36,905267788.0,60394,2022-08-11 23:59:59
2022-08-12,149.0,148.26,149.6,147.2,624435080.0,42094,2022-08-12 23:59:59
2022-08-15,148.2,151.42,151.42,147.02,1059568668.0,70749,2022-08-15 23:59:59
2022-08-16,151.42,154.44,154.9,151.02,1153493600.0,75389,2022-08-16 23:59:59
2022-08-17,154.9,153.7,155.98,151.62,942571430.0,61564,2022-08-17 23:59:59
2022-08-18,153.48,151.6,153.88,150.6,818472302.0,53861,2022-08-18 23:59:59
2022-08-19,151.6,153.3,153.56,149.8,753047538.0,49696,2022-08-19 23:59:59
2022-08-22,152.96,154.3,155.42,152.68,1115515086.0,72342,2022-08-22 23:59:59
2022-08-23,154.3,155.92,157.88,153.28,1446367072.0,92705,2022-08-23 23:59:59
2022-08-24,156.0,154.58,156.66,153.8,753991482.0,48693,2022-08-24 23:59:59
2022-08-25,154.6,153.84,155.98,153.02,889396794.0,57593,2022-08-25 23:59:59
2022-08-26,154.34,153.92,154.36,152.02,624154654.0,40783,2022-08-26 23:59:59
2022-08-29,153.9,155.94,156.04,153.4,640518126.0,41285,2022-08-29 23:59:59
2022-08-30,155.94,156.5,157.66,154.2,1242607232.0,79530,2022-08-30 23:59:59
2022-08-31,157.5,161.4,161.4,157.04,1825293434.0,114195,2022-08-31 23:59:59
2022-09-01,161.64,166.0,166.7,159.1,1803493630.0,110924,2022-09-01 23:59:59
2022-09-02,165.08,167.46,169.78,165.08,1782139342.0,106161,2022-09-02 23:59:59
2022-09-05,167.7,170.0,170.0,164.32,1152373568.0,68877,2022-09-05 23:59:59
2022-09-06,170.02,166.04,172.24,164.5,2148444768.0,127188,2022-09-06 23:59:59
2022-09-07,166.18,162.22,167.48,162.22,1159939248.0,70050,2022-09-07 23:59:59
2022-09-08,162.3,162.44,163.98,160.8,998065634.0,61415,2022-09-08 23:59:59
2022-09-09,162.5,167.4,167.42,162.46,1059688544.0,64175,2022-09-09 23:59:59
2022-09-12,167.4,167.56,169.6,165.68,1038760736.0,61868,2022-09-12 23:59:59
2022-09-13,168.0,164.32,168.1,164.0,871602994.0,52581,2022-09-13 23:59:59
2022-09-14,164.2,162.14,164.38,159.5,2543833536.0,157874,2022-09-14 23:59:59
2022-09-15,162.2,162.12,164.44,161.52,1971184984.0,121007,2022-09-15 23:59:59
2022-09-16,162.0,162.28,163.9,160.28,1300397830.0,80271,2022-09-16 23:59:59
2022-09-19,162.58,160.16,162.94,159.54,1471881974.0,91417,2022-09-19 23:59:59
2022-09-20,159.8,152.6,160.54,150.5,3900568196.0,250224,2022-09-20 23:59:59
2022-09-21,145.6,147.76,151.3,140.96,2944238522.0,199285,2022-09-21 23:59:59
2022-09-22,147.52,147.94,151.34,147.02,1424616834.0,95435,2022-09-22 23:59:59
2022-09-23,148.22,141.48,148.3,141.06,2009552840.0,140731,2022-09-23 23:59:59
2022-09-26,140.0,128.5,140.0,123.6,3695394726.0,281982,2022-09-26 23:59:59
2022-09-27,131.0,132.78,134.0,128.0,1628466774.0,124675,2022-09-27 23:59:59
2022-09-28,132.34,129.3,133.72,127.5,1370745930.0,104895,2022-09-28 23:59:59
2022-09-29,129.98,123.38,132.0,120.12,2648192004.0,214600,2022-09-29 23:59:59
2022-09-30,123.88,124.58,127.88,119.44,2526890496.0,205755,2022-09-30 23:59:59
2022-10-03,124.58,131.86,132.5,122.9,1584183266.0,124794,2022-10-03 23:59:59
2022-10-04,132.4,129.56,133.0,127.14,1506976564.0,116589,2022-10-04 23:59:59
2022-10-05,129.32,125.16,129.32,123.18,1877134744.0,149842,2022-10-05 23:59:59
2022-10-06,125.2,124.0,126.4,123.42,1071817430.0,85992,2022-10-06 23:59:59
2022-10-07,123.5,119.32,123.5,119.0,1167908784.0,96109,2022-10-07 23:59:59
2022-10-10,116.0,125.0,125.08,115.0,2022160616.0,167419,2022-10-10 23:59:59
2022-10-11,124.98,127.94,129.38,122.5,1513242782.0,120463,2022-10-11 23:59:59
2022-10-12,128.6,126.98,130.36,124.62,1295676572.0,101538,2022-10-12 23:59:59
2022-10-13,126.68,126.16,128.88,125.24,913487648.0,71997,2022-10-13 23:59:59
2022-10-14,126.5,126.4,126.88,123.4,830026254.0,66312,2022-10-14 23:59:59
2022-10-17,126.46,132.46,132.7,126.32,1354363682.0,104565,2022-10-17 23:59:59
2022-10-18,133.4,132.22,135.3,129.7,1839169170.0,138848,2022-10-18 23:59:59
2022-10-19,131.7,130.18,132.7,127.5,1466587538.0,113025,2022-10-19 23:59:59
2022-10-20,130.5,130.84,132.46,129.4,1362108824.0,103923,2022-10-20 23:59:59
2022-10-21,130.7,131.6,131.84,128.0,1459812984.0,112478,2022-10-21 23:59:59
2022-10-24,132.02,131.52,133.92,130.26,1737943454.0,131517,2022-10-24 23:59:59
2022-10-25,131.62,134.7,135.5,130.64,1625237132.0,121921,2022-10-25 23:59:59
2022-10-26,135.0,131.36,136.5,129.9,2730259942.0,206039,2022-10-26 23:59:59
2022-10-27,131.56,132.66,133.8,130.5,2118788976.0,160038,2022-10-27 23:59:59
2022-10-28,132.02,135.48,135.66,130.92,2211388914.0,165253,2022-10-28 23:59:59
2022-10-31,136.0,137.58,138.3,134.26,2165538454.0,158543,2022-10-31 23:59:59
2022-11-01,138.0,136.24,138.48,135.7,949689676.0,69335,2022-11-01 23:59:59
2022-11-02,136.4,134.04,136.8,132.5,944865170.0,69717,2022-11-02 23:59:59
2022-11-03,134.1,134.06,134.94,132.6,856691260.0,64061,2022-11-03 23:59:59
2022-11-07,135.42,140.7,140.9,134.94,1816533408.0,131430,2022-11-07 23:59:59
2022-11-08,140.94,139.68,141.44,138.3,1459758336.0,104613,2022-11-08 23:59:59
2022-11-09,139.5,137.2,141.38,135.72,1823094966.0,131376,2022-11-09 23:59:59
2022-11-10,137.58,140.44,140.7,136.52,1401750624.0,101022,2022-11-10 23:59:59
2022-11-11,140.5,147.64,147.64,140.5,3064017126.0,211967,2022-11-11 23:59:59
2022-11-14,148.4,154.56,155.0,146.84,3326521350.0,219660,2022-11-14 23:59:59
2022-11-15,155.0,149.84,155.0,145.4,3599679656.0,238854,2022-11-15 23:59:59
2022-11-16,150.38,152.24,154.2,149.68,1965447206.0,129062,2022-11-16 23:59:59
2022-11-17,152.0,149.46,153.2,147.74,1766370840.0,117647,2022-11-17 23:59:59
2022-11-18,149.38,149.86,150.18,146.62,1445537970.0,97475,2022-11-18 23:59:59
2022-11-21,149.7,146.54,149.94,144.74,1986250040.0,135595,2022-11-21 23:59:59
2022-11-22,146.12,148.02,148.9,145.42,1692407232.0,114637,2022-11-22 23:59:59
2022-11-23,148.08,147.52,148.8,146.7,1115123504.0,75555,2022-11-23 23:59:59
2022-11-24,147.6,147.66,148.44,146.9,733130474.0,49639,2022-11-24 23:59:59
2022-11-25,147.66,146.32,147.66,145.7,740334710.0,50594,2022-11-25 23:59:59
2022-11-28,145.58,145.7,146.92,144.78,1207455812.0,82724,2022-11-28 23:59:59
2022-11-29,146.06,144.64,147.44,143.14,1589572196.0,109404,2022-11-29 23:59:59
2022-11-30,144.62,143.84,144.84,142.18,1174961314.0,81997,2022-11-30 23:59:59
2022-12-01,143.98,146.5,147.0,143.06,1694003770.0,116381,2022-12-01 23:59:59
2022-12-02,146.66,144.84,146.7,144.04,1133756152.0,78047,2022-12-02 23:59:59
2022-12-05,145.2,148.24,149.78,144.3,1951185988.0,131599,2022-12-05 23:59:59
2022-12-06,148.6,147.18,149.48,146.56,1343298798.0,91024,2022-12-06 23:59:59
2022-12-07,147.0,150.38,150.98,145.56,1931642938.0,129920,2022-12-07 23:59:59
2022-12-08,150.8,148.86,151.5,147.9,1627450922.0,108861,2022-12-08 23:59:59
2022-12-09,149.0,149.4,150.66,148.2,1213350260.0,81228,2022-12-09 23:59:59
2022-12-12,149.4,147.6,150.0,147.0,1156838012.0,78297,2022-12-12 23:59:59
2022-12-13,147.86,149.24,149.98,147.14,1283880596.0,86562,2022-12-13 23:59:59
2022-12-14,149.3,147.18,150.48,147.1,1313819174.0,88131,2022-12-14 23:59:59
2022-12-15,146.48,142.8,146.9,142.2,2470569424.0,171267,2022-12-15 23:59:59
2022-12-16,142.7,144.98,145.88,141.3,1414223828.0,98072,2022-12-16 23:59:59
2022-12-19,144.98,146.52,148.8,143.4,1865433410.0,127266,2022-12-19 23:59:59
2022-12-20,146.04,148.16,149.32,146.04,1366664348.0,92242,2022-12-20 23:59:59
2022-12-21,148.98,148.7,149.8,147.16,1245152734.0,83837,2022-12-21 23:59:59
2022-12-22,148.72,149.58,150.84,148.06,1330936766.0,88908,2022-12-22 23:59:59
2022-12-23,149.58,149.04,149.58,148.12,586258586.0,39410,2022-12-23 23:59:59
2022-12-26,149.46,150.5,150.9,149.06,843977438.0,56222,2022-12-26 23:59:59
2022-12-27,150.76,152.82,153.2,150.6,1505109256.0,98781,2022-12-27 23:59:59
2022-12-28,152.02,151.4,153.48,151.0,1061226026.0,69882,2022-12-28 23:59:59
2022-12-29,151.2,152.42,152.8,150.12,671736642.0,44166,2022-12-29 23:59:59
2022-12-30,152.46,153.0,153.0,151.6,642797298.0,42216,2022-12-30 23:59:59
2023-01-03,153.46,155.2,155.5,153.18,688927432.0,44503,2023-01-03 23:59:59
2023-01-04,155.5,155.74,156.82,155.1,635690690.0,40812,2023-01-04 23:59:59
2023-01-05,155.9,153.4,155.9,153.24,605959420.0,39304,2023-01-05 23:59:59
2023-01-06,153.4,154.38,154.9,152.5,554686162.0,36054,2023-01-06 23:59:59
2023-01-09,154.38,153.7,155.58,152.88,856577612.0,55382,2023-01-09 23:59:59
2023-01-10,153.02,153.24,153.48,152.02,535978332.0,35102,2023-01-10 23:59:59
2023-01-11,153.34,154.1,154.78,153.2,625053672.0,40572,2023-01-11 23:59:59
2023-01-12,153.82,154.4,155.88,152.74,985280660.0,63802,2023-01-12 23:59:59
2023-01-13,154.38,153.34,154.4,152.8,879560292.0,57354,2023-01-13 23:59:59
2023-01-16,153.7,154.88,155.7,153.4,1116458780.0,72297,2023-01-16 23:59:59
2023-01-17,154.96,152.94,156.4,152.5,1371778844.0,88577,2023-01-17 23:59:59
2023-01-18,152.94,153.16,153.98,151.7,1000251532.0,65334,2023-01-18 23:59:59
2023-01-19,153.1,152.0,153.5,151.02,728738888.0,47957,2023-01-19 23:59:59
2023-01-20,152.1,151.54,152.44,150.16,734380110.0,48598,2023-01-20 23:59:59
2023-01-23,146.98,149.8,149.96,145.8,2067939580.0,139258,2023-01-23 23:59:59
2023-01-24,150.02,147.76,150.84,147.24,1423315510.0,95630,2023-01-24 23:59:59
2023-01-25,147.6,148.82,149.54,146.3,1246249648.0,84182,2023-01-25 23:59:59
2023-01-26,149.04,148.0,149.42,146.92,969744490.0,65531,2023-01-26 23:59:59
2023-01-27,148.0,150.32,150.88,147.2,1398830600.0,93490,2023-01-27 23:59:59
2023-01-30,150.36,151.5,152.0,150.36,885614292.0,58518,2023-01-30 23:59:59
2023-01-31,151.8,151.44,153.1,150.34,984797982.0,65002,2023-01-31 23:59:59
2023-02-01,151.48,152.58,153.0,150.8,1012963276.0,66565,2023-02-01 23:59:59
2023-02-02,152.9,151.64,153.86,151.1,868923222.0,57173,2023-02-02 23:59:59
2023-02-03,151.44,149.9,151.56,149.2,1104492498.0,73552,2023-02-03 23:59:59
2023-02-06,150.18,149.42,150.18,148.4,1535144190.0,102955,2023-02-06 23:59:59
2023-02-07,149.54,149.6,150.0,148.02,1197845104.0,80472,2023-02-07 23:59:59
2023-02-08,149.62,148.52,151.38,148.16,1349422052.0,90138,2023-02-08 23:59:59
2023-02-09,148.78,149.18,149.98,148.14,1021852772.0,68526,2023-02-09 23:59:59
2023-02-10,148.9,148.4,149.38,146.22,1923143178.0,130208,2023-02-10 23:59:59
2023-02-13,148.4,148.92,149.86,147.94,760915308.0,50960,2023-02-13 23:59:59
2023-02-14,148.7,147.6,149.52,147.6,758180288.0,51179,2023-02-14 23:59:59
2023-02-15,147.56,145.0,148.44,144.02,1620049686.0,110582,2023-02-15 23:59:59
2023-02-16,145.98,143.98,147.38,143.16,1262956520.0,87232,2023-02-16 23:59:59
2023-02-17,143.5,144.78,145.1,142.82,761224352.0,52750,2023-02-17 23:59:59
2023-02-20,144.78,145.4,146.28,142.6,862872842.0,59861,2023-02-20 23:59:59
2023-02-21,145.88,147.1,147.3,145.34,755993030.0,51520,2023-02-21 23:59:59
2023-02-22,147.4,144.74,147.92,144.44,917832328.0,63106,2023-02-22 23:59:59
2023-02-24,144.72,143.9,145.3,143.5,740859164.0,51427,2023-02-24 23:59:59
2023-02-27,143.74,145.78,145.98,143.18,938382648.0,64664,2023-02-27 23:59:59
2023-02-28,146.24,144.98,146.28,144.18,733371310.0,50525,2023-02-28 23:59:59
2023-03-01,145.2,147.34,148.0,144.62,1137216284.0,77509,2023-03-01 23:59:59
2023-03-02,147.18,145.1,147.34,144.6,997812034.0,68563,2023-03-02 23:59:59
2023-03-03,145.1,145.62,145.84,144.5,476880718.0,32816,2023-03-03 23:59:59
2023-03-06,145.96,145.6,146.5,145.0,980835614.0,67473,2023-03-06 23:59:59
2023-03-07,145.8,146.76,147.84,145.22,1111421422.0,75736,2023-03-07 23:59:59
2023-03-09,146.76,145.86,147.6,145.02,1141577826.0,78141,2023-03-09 23:59:59
2023-03-10,145.5,145.76,146.6,144.7,636142466.0,43693,2023-03-10 23:59:59
2023-03-13,146.1,145.54,147.2,145.04,750895084.0,51419,2023-03-13 23:59:59
2023-03-14,145.38,145.56,146.08,145.1,592398936.0,40696,2023-03-14 23:59:59
2023-03-15,145.56,144.64,145.92,143.7,764376508.0,52754,2023-03-15 23:59:59
2023-03-16,144.78,144.42,145.36,143.0,1135910958.0,78817,2023-03-16 23:59:59
2023-03-17,144.92,145.6,146.16,143.34,1206007454.0,82971,2023-03-17 23:59:59
2023-03-20,145.74,150.44,150.44,144.82,2202307468.0,148583,2023-03-20 23:59:59
2023-03-21,150.5,148.64,151.08,148.12,1203063652.0,80632,2023-03-21 23:59:59
2023-03-22,148.64,149.7,150.2,147.5,897673670.0,60285,2023-03-22 23:59:59
2023-03-23,150.2,149.32,150.4,149.0,787034266.0,52586,2023-03-23 23:59:59
2023-03-24,149.02,150.8,150.96,149.02,869738616.0,57801,2023-03-24 23:59:59
2023-03-27,150.96,151.84,152.0,150.9,1073275376.0,70854,2023-03-27 23:59:59
2023-03-28,152.02,151.86,152.9,151.02,810216600.0,53345,2023-03-28 23:59:59
2023-03-29,151.92,150.84,152.06,149.02,1247020788.0,82882,2023-03-29 23:59:59
2023-03-30,150.84,150.24,150.84,149.04,678490458.0,45192,2023-03-30 23:59:59
2023-03-31,150.5,150.1,150.56,149.1,724623556.0,48393,2023-03-31 23:59:59
2023-04-03,150.28,150.84,151.5,150.28,923750058.0,61198,2023-04-03 23:59:59
2023-04-04,151.08,152.14,153.5,150.86,1478111384.0,97117,2023-04-04 23:59:59
2023-04-05,152.2,152.0,152.4,150.5,957465598.0,63321,2023-04-05 23:59:59
2023-04-06,152.02,153.8,154.88,152.0,1845670812.0,119950,2023-04-06 23:59:59
2023-04-07,154.44,154.3,154.8,153.5,947191284.0,61396,2023-04-07 23:59:59
2023-04-10,154.6,155.0,156.06,154.0,1249806296.0,80635,2023-04-10 23:59:59
2023-04-11,155.48,153.6,156.72,153.14,1672344444.0,108009,2023-04-11 23:59:59
2023-04-12,153.6,154.04,154.76,151.8,1067701378.0,69551,2023-04-12 23:59:59
2023-04-13,154.14,154.04,154.76,153.08,740206232.0,48087,2023-04-13 23:59:59
2023-04-14,154.48,157.86,158.9,153.8,3691749618.0,235196,2023-04-14 23:59:59
2023-04-17,158.88,159.0,159.94,157.7,1617781472.0,102042,2023-04-17 23:59:59
2023-04-18,159.48,159.08,159.68,157.12,1535806900.0,96948,2023-04-18 23:59:59
2023-04-19,159.04,159.18,161.04,157.9,2434215680.0,152444,2023-04-19 23:59:59
2023-04-20,159.16,158.02,159.48,157.28,1499569860.0,94889,2023-04-20 23:59:59
2023-04-21,157.4,157.98,159.7,154.2,2119306856.0,134644,2023-04-21 23:59:59
2023-04-24,157.96,157.0,158.5,156.0,1267951700.0,80604,2023-04-24 23:59:59
2023-04-25,157.0,155.38,157.0,155.0,1049874834.0,67386,2023-04-25 23:59:59
2023-04-26,155.88,153.3,155.88,153.02,1662817394.0,107861,2023-04-26 23:59:59
2023-04-27,153.3,153.7,153.88,152.02,2306642316.0,151079,2023-04-27 23:59:59
2023-04-28,153.68,145.72,153.7,145.6,6996048584.0,468546,2023-04-28 23:59:59
2023-05-02,145.06,145.42,146.84,143.0,4557963102.0,314025,2023-05-02 23:59:59
2023-05-03,145.52,144.4,146.82,144.0,2579415154.0,177531,2023-05-03 23:59:59
2023-05-04,144.7,144.7,145.74,143.8,1142294716.0,78894,2023-05-04 23:59:59
2023-05-05,144.8,143.52,145.42,143.28,980203462.0,67997,2023-05-05 23:59:59
2023-05-08,143.46,142.18,143.96,142.02,716876888.0,50273,2023-05-08 23:59:59
2023-05-10,142.4,146.04,146.88,142.02,1743949574.0,120081,2023-05-10 23:59:59
2023-05-11,146.5,144.76,147.54,143.4,1915702938.0,131390,2023-05-11 23:59:59
2023-05-12,144.84,145.44,146.42,143.82,1226384668.0,84453,2023-05-12 23:59:59
2023-05-15,146.5,147.68,147.96,145.5,1388088018.0,94367,2023-05-15 23:59:59
2023-05-16,148.16,147.62,148.48,146.2,940187824.0,63808,2023-05-16 23:59:59
2023-05-17,147.62,147.78,148.5,146.82,818250584.0,55399,2023-05-17 23:59:59
2023-05-18,147.82,147.36,149.32,147.0,991042550.0,66996,2023-05-18 23:59:59
2023-05-19,146.94,147.3,147.4,145.2,1065736826.0,72821,2023-05-19 23:59:59
2023-05-22,147.4,146.02,147.84,145.8,566582616.0,38625,2023-05-22 23:59:59
2023-05-23,146.2,146.48,146.84,145.26,811575002.0,55576,2023-05-23 23:59:59
2023-05-24,146.4,146.96,147.58,145.64,786615576.0,53631,2023-05-24 23:59:59
2023-05-25,147.36,145.62,147.36,145.5,709017862.0,48575,2023-05-25 23:59:59
2023-05-26,145.62,146.7,147.28,145.52,774999220.0,52811,2023-05-26 23:59:59
2023-05-29,146.84,146.54,147.96,145.62,976281166.0,66642,2023-05-29 23:59:59
2023-05-30,145.86,145.74,147.5,145.26,939759858.0,64190,2023-05-30 23:59:59
2023-05-31,145.38,145.8,145.88,144.0,762081178.0,52560,2023-05-31 23:59:59
2023-06-01,146.2,145.76,146.38,144.8,663484086.0,45569,2023-06-01 23:59:59
2023-06-02,146.28,147.82,147.94,145.8,902013904.0,61335,2023-06-02 23:59:59
2023-06-05,148.02,147.64,151.82,147.06,2068197636.0,138172,2023-06-05 23:59:59
2023-06-06,147.66,146.44,148.14,145.16,1369395454.0,93684,2023-06-06 23:59:59
2023-06-07,146.52,146.28,147.16,145.8,626109042.0,42766,2023-06-07 23:59:59
2023-06-08,146.28,147.38,147.6,145.84,492789750.0,33575,2023-06-08 23:59:59
2023-06-09,147.84,148.4,150.74,147.5,1349228692.0,90487,2023-06-09 23:59:59
2023-06-13,148.5,150.94,150.98,148.5,1024696354.0,68521,2023-06-13 23:59:59
2023-06-14,151.08,150.52,152.88,150.0,1707204108.0,112853,2023-06-14 23:59:59
2023-06-15,150.52,152.86,153.44,150.06,1703150234.0,111985,2023-06-15 23:59:59
2023-06-16,153.1,153.62,154.34,151.78,1242412344.0,81204,2023-06-16 23:59:59
2023-06-19,153.48,155.1,155.48,153.3,1574378392.0,101992,2023-06-19 23:59:59
2023-06-20,155.1,153.32,155.1,152.0,1243464192.0,81065,2023-06-20 23:59:59
2023-06-21,153.32,153.06,154.46,152.0,1102749246.0,71954,2023-06-21 23:59:59
2023-06-22,153.16,151.78,153.4,151.22,718448520.0,47088,2023-06-22 23:59:59
2023-06-23,151.76,149.88,152.8,149.38,1096269520.0,72317,2023-06-23 23:59:59
2023-06-26,150.52,148.62,152.0,147.62,1590485876.0,106430,2023-06-26 23:59:59
2023-06-27,149.02,148.42,149.44,146.92,1904308606.0,128947,2023-06-27 23:59:59
2023-06-28,149.2,149.34,149.88,148.76,1386540956.0,92839,2023-06-28 23:59:59
2023-06-29,149.62,148.82,150.62,147.86,1553834602.0,104237,2023-06-29 23:59:59
2023-06-30,149.26,147.26,149.46,146.7,1780579222.0,120764,2023-06-30 23:59:59
2023-07-03,148.34,147.02,148.7,146.06,2022461306.0,137293,2023-07-03 23:59:59
2023-07-04,147.3,147.44,148.4,146.54,1672338012.0,113403,2023-07-04 23:59:59
2023-07-05,148.24,148.68,149.16,147.48,1713309578.0,115400,2023-07-05 23:59:59
2023-07-06,149.3,151.62,152.9,149.28,3943222736.0,260625,2023-07-06 23:59:59
2023-07-07,152.08,150.8,152.4,150.24,1219916190.0,80615,2023-07-07 23:59:59
2023-07-10,152.3,152.64,153.38,151.02,1929663606.0,126679,2023-07-10 23:59:59
2023-07-11,152.78,153.02,153.02,151.8,1052225000.0,69045,2023-07-11 23:59:59
2023-07-12,153.12,154.54,155.14,152.6,1628282000.0,105875,2023-07-12 23:59:59
2023-07-13,154.98,155.4,156.98,153.36,2981960972.0,192072,2023-07-13 23:59:59
2023-07-14,155.32,155.04,155.5,153.76,1198682202.0,77456,2023-07-14 23:59:59
2023-07-17,154.38,157.74,158.18,154.04,2293572056.0,146897,2023-07-17 23:59:59
2023-07-18,157.8,163.36,163.44,157.2,3834341218.0,239740,2023-07-18 23:59:59
2023-07-19,163.48,165.46,168.8,161.0,4763591276.0,290628,2023-07-19 23:59:59
2023-07-20,166.22,159.04,166.22,158.5,4574067602.0,282228,2023-07-20 23:59:59
2023-07-21,159.0,160.82,162.48,158.82,2780467862.0,173110,2023-07-21 23:59:59
2023-07-24,161.98,161.26,162.82,158.84,2758283654.0,171356,2023-07-24 23:59:59
2023-07-25,161.36,162.6,163.2,160.5,1714940594.0,105846,2023-07-25 23:59:59
2023-07-26,162.7,161.7,163.74,161.08,1801815030.0,111109,2023-07-26 23:59:59
2023-07-27,161.9,161.9,163.44,161.8,1277662596.0,78541,2023-07-27 23:59:59
2023-07-28,161.9,162.36,162.96,161.52,1321253532.0,81465,2023-07-28 23:59:59
2023-07-31,163.0,167.12,167.3,162.94,3385643940.0,204243,2023-07-31 23:59:59
2023-08-01,168.0,170.0,171.24,166.76,4356442586.0,256835,2023-08-01 23:59:59
2023-08-02,169.8,165.6,169.8,165.2,5042116442.0,301025,2023-08-02 23:59:59
2023-08-03,165.6,166.5,166.76,162.5,3410719636.0,207015,2023-08-03 23:59:59
2023-08-04,166.5,163.38,168.74,162.72,4098421274.0,246691,2023-08-04 23:59:59
2023-08-07,163.5,161.54,165.38,160.1,2750485244.0,168218,2023-08-07 23:59:59
2023-08-08,161.5,161.06,162.74,158.62,2547410702.0,158528,2023-08-08 23:59:59
2023-08-09,161.06,161.92,162.42,160.12,1554424530.0,96196,2023-08-09 23:59:59
2023-08-10,162.22,164.64,164.94,162.22,1740406598.0,106262,2023-08-10 23:59:59
2023-08-11,164.7,164.6,165.8,163.7,1525879900.0,92587,2023-08-11 23:59:59
2023-08-14,165.58,162.8,168.52,161.9,3677952780.0,221914,2023-08-14 23:59:59
2023-08-15,161.98,161.7,165.06,160.4,2351479756.0,143947,2023-08-15 23:59:59
2023-08-16,162.0,159.08,162.9,158.3,2469451576.0,154406,2023-08-16 23:59:59
2023-08-17,160.0,159.24,160.98,157.0,2431035564.0,153473,2023-08-17 23:59:59
2023-08-18,159.42,161.98,162.84,157.48,2238452024.0,139737,2023-08-18 23:59:59
2023-08-21,162.78,162.62,163.34,160.72,1486125632.0,91646,2023-08-21 23:59:59
2023-08-22,163.08,162.7,163.98,161.7,1521050044.0,93445,2023-08-22 23:59:59
2023-08-23,163.0,160.1,163.4,159.36,2425054868.0,150788,2023-08-23 23:59:59
2023-08-24,160.0,160.82,161.48,159.64,1650004096.0,102795,2023-08-24 23:59:59
2023-08-25,160.82,161.44,161.46,159.8,1071702722.0,66705,2023-08-25 23:59:59
2023-08-28,162.02,167.8,168.42,161.94,4300219714.0,259126,2023-08-28 23:59:59
2023-08-29,167.98,166.28,168.48,165.22,2441959100.0,146648,2023-08-29 23:59:59
2023-08-30,166.28,166.8,168.5,165.06,1792616448.0,107444,2023-08-30 23:59:59
2023-08-31,166.82,168.32,169.7,166.54,2311183766.0,137407,2023-08-31 23:59:59
2023-09-01,168.8,167.86,169.46,167.38,1314931098.0,78140,2023-09-01 23:59:59
2023-09-04,168.5,171.12,171.68,168.16,2583505760.0,151599,2023-09-04 23:59:59
2023-09-05,171.38,170.6,172.4,169.04,2322835012.0,135911,2023-09-05 23:59:59
2023-09-06,170.6,169.0,170.72,168.68,1441858700.0,85028,2023-09-06 23:59:59
2023-09-07,169.0,164.66,171.96,163.76,5152353894.0,307678,2023-09-07 23:59:59
2023-09-08,164.98,163.2,165.04,161.7,2317900832.0,141974,2023-09-08 23:59:59
2023-09-11,163.0,162.5,163.76,161.44,2166552378.0,133294,2023-09-11 23:59:59
2023-09-12,163.38,164.7,165.48,162.76,2274245642.0,138696,2023-09-12 23:59:59
2023-09-13,165.28,163.92,166.0,163.12,1035898682.0,62993,2023-09-13 23:59:59
2023-09-14,163.92,163.0,163.92,160.26,1891129822.0,116590,2023-09-14 23:59:59
2023-09-15,163.02,164.36,165.5,162.66,1715889984.0,104381,2023-09-15 23:59:59
2023-09-18,165.0,163.08,165.4,162.4,1508729990.0,92279,2023-09-18 23:59:59
2023-09-19,162.4,159.98,163.54,159.5,2233422808.0,137973,2023-09-19 23:59:59
2023-09-20,160.02,161.9,165.0,158.96,2636861662.0,163271,2023-09-20 23:59:59
2023-09-21,161.48,160.18,163.6,159.58,2562335244.0,158764,2023-09-21 23:59:59
2023-09-22,159.8,159.92,161.2,158.26,1896431208.0,118739,2023-09-22 23:59:59
2023-09-25,160.0,158.72,160.42,158.5,862499900.0,54169,2023-09-25 23:59:59
2023-09-26,158.7,159.46,160.96,157.3,1785423668.0,112316,2023-09-26 23:59:59
2023-09-27,160.0,160.74,160.92,159.2,935935798.0,58409,2023-09-27 23:59:59
2023-09-28,160.9,163.04,163.92,160.3,1730707492.0,106837,2023-09-28 23:59:59
2023-09-29,163.28,161.88,163.28,160.34,1479193090.0,91381,2023-09-29 23:59:59
2023-10-02,162.44,161.72,163.48,161.5,750212496.0,46201,2023-10-02 23:59:59
2023-10-03,161.72,161.68,161.86,160.12,708027532.0,43988,2023-10-03 23:59:59
2023-10-04,161.12,160.3,162.7,160.3,1135170866.0,70268,2023-10-04 23:59:59
2023-10-05,161.0,161.72,161.86,160.04,959362084.0,59549,2023-10-05 23:59:59
2023-10-06,161.74,162.68,162.76,160.56,998249918.0,61742,2023-10-06 23:59:59
2023-10-09,162.5,162.56,164.2,161.88,1271123054.0,77842,2023-10-09 23:59:59
2023-10-10,162.58,162.94,163.12,161.56,687162794.0,42328,2023-10-10 23:59:59
2023-10-11,163.2,161.26,164.2,160.34,1244020178.0,76350,2023-10-11 23:59:59
2023-10-12,160.94,162.78,163.3,160.08,986040528.0,60861,2023-10-12 23:59:59
2023-10-13,162.84,162.84,163.48,162.16,596877958.0,36679,2023-10-13 23:59:59
2023-10-16,163.26,164.32,164.7,162.9,1146298716.0,69829,2023-10-16 23:59:59
2023-10-17,164.6,165.2,165.48,163.78,1218529730.0,73934,2023-10-17 23:59:59
2023-10-18,165.34,164.72,165.38,163.08,1390196466.0,84470,2023-10-18 23:59:59
2023-10-19,164.18,167.88,168.5,164.02,1872617772.0,112166,2023-10-19 23:59:59
2023-10-20,169.2,171.22,174.84,168.06,6416510756.0,372170,2023-10-20 23:59:59
2023-10-23,172.0,171.08,173.0,168.52,3241781224.0,190408,2023-10-23 23:59:59
2023-10-24,171.1,171.96,172.66,169.54,1468892534.0,85612,2023-10-24 23:59:59
2023-10-25,171.98,174.6,175.34,170.8,2091334192.0,120964,2023-10-25 23:59:59
2023-10-26,174.66,172.5,177.76,172.5,3500579754.0,199786,2023-10-26 23:59:59
2023-10-27,172.6,175.06,175.98,171.0,3711037134.0,213709,2023-10-27 23:59:59
2023-10-30,175.6,175.72,178.88,175.3,2838374218.0,160279,2023-10-30 23:59:59
2023-10-31,175.5,175.74,176.4,173.52,1883189394.0,107614,2023-10-31 23:59:59
2023-11-01,175.9,178.04,178.28,175.3,1223690684.0,69255,2023-11-01 23:59:59
2023-11-02,178.0,180.78,181.86,177.68,3914211890.0,217308,2023-11-02 23:59:59
2023-11-03,181.58,178.98,183.36,178.16,6529226438.0,360938,2023-11-03 23:59:59
2023-11-06,179.9,177.64,180.02,176.0,2557698858.0,144212,2023-11-06 23:59:59
2023-11-07,177.88,176.9,178.14,176.0,1633743452.0,92209,2023-11-07 23:59:59
2023-11-08,176.88,174.6,177.44,174.12,2729495482.0,155743,2023-11-08 23:59:59
2023-11-09,174.6,174.12,174.94,172.9,1693282190.0,97343,2023-11-09 23:59:59
2023-11-10,174.04,173.44,174.1,172.62,1685417086.0,97274,2023-11-10 23:59:59
2023-11-13,173.46,174.1,175.7,172.94,1635104278.0,93529,2023-11-13 23:59:59
2023-11-14,174.0,171.78,174.36,171.12,1920282744.0,111450,2023-11-14 23:59:59
2023-11-15,171.78,171.36,172.1,169.08,1915984338.0,112272,2023-11-15 23:59:59
2023-11-16,171.1,170.08,172.4,169.84,1146227664.0,67011,2023-11-16 23:59:59
2023-11-17,169.9,171.68,172.36,168.5,1367852182.0,80309,2023-11-17 23:59:59
2023-11-20,171.64,170.98,173.34,170.12,857649106.0,49991,2023-11-20 23:59:59
2023-11-21,170.8,172.5,172.5,170.16,1004895368.0,58494,2023-11-21 23:59:59
2023-11-22,172.82,172.18,174.36,171.5,1187572004.0,68714,2023-11-22 23:59:59
2023-11-23,172.2,173.04,173.86,171.68,1068849066.0,61821,2023-11-23 23:59:59
2023-11-24,173.5,170.96,174.0,170.5,1197336464.0,69721,2023-11-24 23:59:59
2023-11-27,170.96,170.52,172.4,170.24,1095910806.0,64085,2023-11-27 23:59:59
2023-11-28,170.62,170.56,171.12,168.76,1315198108.0,77436,2023-11-28 23:59:59
2023-11-29,170.72,169.22,170.72,169.1,790383262.0,46549,2023-11-29 23:59:59
2023-11-30,169.22,167.36,169.5,166.8,1312629896.0,78108,2023-11-30 23:59:59
2023-12-01,167.24,166.46,168.46,166.16,1045345396.0,62349,2023-12-01 23:59:59
2023-12-04,166.44,166.68,168.24,166.1,1211775378.0,72435,2023-12-04 23:59:59
2023-12-05,167.12,168.04,168.6,166.76,1167816318.0,69628,2023-12-05 23:59:59
2023-12-06,168.2,164.12,168.9,164.04,1511486824.0,91147,2023-12-06 23:59:59
2023-12-07,164.74,169.12,169.68,163.84,2130793732.0,127989,2023-12-07 23:59:59
2023-12-08,169.38,167.76,172.4,167.5,1511731256.0,89198,2023-12-08 23:59:59
2023-12-11,168.22,166.6,168.3,166.0,997673682.0,59780,2023-12-11 23:59:59
2023-12-12,166.6,164.78,167.98,164.2,1423890774.0,85850,2023-12-12 23:59:59
2023-12-13,164.04,166.0,167.2,163.44,1247972912.0,75366,2023-12-13 23:59:59
2023-12-14,166.8,166.46,167.56,165.82,937344166.0,56309,2023-12-14 23:59:59
2023-12-15,166.56,169.88,169.98,166.56,2104053852.0,124484,2023-12-15 23:59:59
2023-12-18,170.02,171.5,172.46,169.54,2019528838.0,118119,2023-12-18 23:59:59
2023-12-19,172.0,172.02,172.34,170.3,1292847442.0,75589,2023-12-19 23:59:59
2023-12-20,172.0,171.14,173.46,170.6,2070769726.0,120208,2023-12-20 23:59:59
2023-12-21,171.4,170.82,171.4,169.0,1976958230.0,116056,2023-12-21 23:59:59
2023-12-22,171.06,171.22,171.5,170.08,1892312432.0,110719,2023-12-22 23:59:59
2023-12-25,170.74,171.3,171.86,169.2,3826209018.0,224046,2023-12-25 23:59:59
2023-12-26,163.6,163.6,164.34,162.9,3948943644.0,241265,2023-12-26 23:59:59
2023-12-27,164.0,163.1,164.16,162.82,1678426962.0,102528,2023-12-27 23:59:59
2023-12-28,163.1,161.56,163.2,161.52,1241530204.0,76532,2023-12-28 23:59:59
2023-12-29,161.52,161.72,162.4,161.5,707561488.0,43692,2023-12-29 23:59:59
2024-01-03,161.64,163.56,163.7,161.4,565403372.0,34733,2024-01-03 23:59:59
2024-01-04,163.6,162.96,163.94,162.74,461501526.0,28257,2024-01-04 23:59:59
2024-01-05,163.02,162.8,163.3,162.18,344386680.0,21158,2024-01-05 23:59:59
2024-01-08,163.5,164.26,165.5,162.6,736722982.0,45032,2024-01-08 23:59:59
2024-01-09,164.5,163.84,165.02,163.22,820321718.0,49999,2024-01-09 23:59:59
2024-01-10,164.0,163.76,164.56,163.52,940112194.0,57351,2024-01-10 23:59:59
2024-01-11,164.12,162.76,164.24,160.72,2605153484.0,160309,2024-01-11 23:59:59
2024-01-12,162.96,162.34,163.12,161.7,987402358.0,60738,2024-01-12 23:59:59
2024-01-15,162.34,162.26,163.5,161.74,1239436544.0,76288,2024-01-15 23:59:59
2024-01-16,162.24,161.92,162.7,161.36,895057400.0,55230,2024-01-16 23:59:59
2024-01-17,161.9,162.02,163.0,161.4,1386179122.0,85474,2024-01-17 23:59:59
2024-01-18,162.14,161.56,162.4,161.42,647453768.0,40011,2024-01-18 23:59:59
2024-01-19,161.56,160.52,161.74,160.5,862935388.0,53610,2024-01-19 23:59:59
2024-01-22,160.82,160.76,161.3,160.16,847733662.0,52747,2024-01-22 23:59:59
2024-01-23,160.76,160.78,161.98,160.44,934631684.0,57947,2024-01-23 23:59:59
2024-01-24,160.82,160.02,161.74,158.38,1692484030.0,105594,2024-01-24 23:59:59
2024-01-25,160.02,159.86,160.48,159.02,1211779230.0,75807,2024-01-25 23:59:59
2024-01-26,159.86,160.56,160.8,159.64,937187800.0,58514,2024-01-26 23:59:59
2024-01-29,160.9,160.26,161.4,159.96,1255865976.0,78220,2024-01-29 23:59:59
2024-01-30,160.26,160.36,161.1,159.2,1621006290.0,101223,2024-01-30 23:59:59
2024-01-31,160.82,159.46,160.82,159.4,1249523834.0,78085,2024-01-31 23:59:59
2024-02-01,159.46,159.92,160.2,159.1,1185779728.0,74228,2024-02-01 23:59:59
2024-02-02,159.92,159.5,159.92,159.2,897913786.0,56293,2024-02-02 23:59:59
2024-02-05,159.5,159.5,159.7,159.16,877198756.0,55016,2024-02-05 23:59:59
2024-02-06,159.56,159.44,160.48,159.12,1037449700.0,64979,2024-02-06 23:59:59
2024-02-07,159.4,159.6,160.42,159.38,1374368956.0,86017,2024-02-07 23:59:59
2024-02-08,159.6,157.42,159.74,157.3,1733403946.0,109476,2024-02-08 23:59:59
2024-02-09,157.42,157.28,158.1,155.7,2675353270.0,170301,2024-02-09 23:59:59
2024-02-12,157.3,155.46,157.72,154.22,2289029768.0,147206,2024-02-12 23:59:59
2024-02-13,155.5,153.8,155.96,153.66,1590780572.0,102963,2024-02-13 23:59:59
2024-02-14,154.12,151.86,154.68,151.24,2340734222.0,153647,2024-02-14 23:59:59
2024-02-15,152.18,151.72,152.32,150.06,2478144556.0,164082,2024-02-15 23:59:59
2024-02-16,151.9,150.36,152.92,150.1,2302283698.0,152081,2024-02-16 23:59:59
2024-02-19,150.4,149.24,150.86,148.46,1879800146.0,125779,2024-02-19 23:59:59
2024-02-20,149.24,144.8,149.58,144.28,3742744730.0,255581,2024-02-20 23:59:59
2024-02-21,144.8,144.38,145.76,143.28,2569882120.0,177810,2024-02-21 23:59:59
2024-02-22,144.94,143.72,145.56,143.3,1575995070.0,109236,2024-02-22 23:59:59
2024-02-26,145.2,147.44,147.46,144.66,1628753060.0,111504,2024-02-26 23:59:59
2024-02-27,147.4,145.14,147.4,144.8,1399498076.0,95955,2024-02-27 23:59:59
2024-02-28,145.44,146.02,146.34,144.82,1276295644.0,87519,2024-02-28 23:59:59
2024-02-29,146.44,145.68,147.22,145.54,1217463854.0,83187,2024-02-29 23:59:59
2024-03-01,146.0,146.02,146.2,144.86,978514780.0,67207,2024-03-01 23:59:59
2024-03-04,146.1,150.08,150.16,146.1,2810240888.0,189422,2024-03-04 23:59:59
2024-03-05,150.06,149.46,150.06,148.32,1639165718.0,109695,2024-03-05 23:59:59
2024-03-06,149.54,150.84,151.34,148.64,2334446136.0,155469,2024-03-06 23:59:59
2024-03-07,150.9,150.98,151.82,150.26,1334008940.0,88331,2024-03-07 23:59:59
2024-03-11,151.46,150.28,152.28,149.74,2110976614.0,139984,2024-03-11 23:59:59
2024-03-12,150.2,150.28,150.78,148.6,1250278454.0,83587,2024-03-12 23:59:59
2024-03-13,150.68,149.98,151.68,149.5,1322073762.0,87604,2024-03-13 23:59:59
2024-03-14,150.0,150.18,151.5,149.02,1631915300.0,108426,2024-03-14 23:59:59
2024-03-15,150.2,150.7,151.2,149.86,898763556.0,59683,2024-03-15 23:59:59
2024-03-18,151.06,149.64,151.5,149.5,1465234092.0,97411,2024-03-18 23:59:59
2024-03-19,149.6,147.76,150.0,147.08,2135583054.0,143613,2024-03-19 23:59:59
2024-03-20,147.76,148.04,148.84,145.16,2007094904.0,136510,2024-03-20 23:59:59
2024-03-21,148.42,149.3,150.52,146.84,2327377552.0,156630,2024-03-21 23:59:59
2024-03-22,149.3,147.98,149.98,147.62,2268831726.0,152192,2024-03-22 23:59:59
2024-03-25,148.0,151.38,152.7,146.88,2384330942.0,159192,2024-03-25 23:59:59
2024-03-26,151.56,151.36,153.14,150.16,1842237032.0,121607,2024-03-26 23:59:59
2024-03-27,151.64,153.0,153.22,151.24,1503634544.0,98836,2024-03-27 23:59:59
2024-03-28,153.3,152.08,153.58,151.2,1147099108.0,75421,2024-03-28 23:59:59
2024-03-29,152.5,151.1,152.5,151.0,1049552710.0,69301,2024-03-29 23:59:59
2024-04-01,151.2,150.54,152.08,150.48,931376262.0,61520,2024-04-01 23:59:59
2024-04-08,152.5,152.96,156.38,152.12,3418736504.6,22218400,2024-04-08 23:59:59
2024-04-09,152.62,164.0,164.0,152.54,9115600145.6,57201890,2024-04-09 23:59:59
2024-04-10,164.0,163.3,165.8,161.1,5862824554.8,35830020,2024-04-10 23:59:59
2024-04-11,163.56,161.48,164.6,160.3,2402318517.4,14837680,2024-04-11 23:59:59
2024-04-12,162.0,164.8,167.48,161.64,5728233972.4,34549580,2024-04-12 23:59:59
2024-04-15,164.8,162.34,164.98,160.42,3977961269.4,24510040,2024-04-15 23:59:59
2024-04-16,162.04,158.92,162.3,158.24,3159837823.4,19759020,2024-04-16 23:59:59
2024-04-17,158.4,159.42,160.38,158.4,1435414456.6,8986270,2024-04-17 23:59:59
2024-04-18,159.42,158.62,160.76,157.44,902953991.6,5677860,2024-04-18 23:59:59
2024-04-19,158.62,158.66,160.4,158.4,1134796996.8,7120120,2024-04-19 23:59:59
2024-04-22,158.4,159.3,160.88,157.64,1462353950.0,9169860,2024-04-22 23:59:59
2024-04-23,159.4,156.58,159.74,156.4,1428524759.8,9062310,2024-04-23 23:59:59
2024-04-24,156.5,155.82,157.84,155.14,1222518004.8,7821080,2024-04-24 23:59:59
2024-04-25,155.5,157.52,158.0,155.28,910409103.8,5805770,2024-04-25 23:59:59
2024-04-26,157.56,156.54,157.86,155.0,808619338.8,5167340,2024-04-26 23:59:59
2024-04-27,156.9,156.04,157.0,155.8,523672852.2,3348480,2024-04-27 23:59:59
2024-04-29,156.22,155.16,156.9,153.9,713736345.0,4601850,2024-04-29 23:59:59
2024-04-30,155.2,153.9,155.26,153.12,445055587.8,2887140,2024-04-30 23:59:59
2024-05-02,153.9,154.48,156.88,153.68,882758869.8,5687970,2024-05-02 23:59:59
2024-05-03,154.34,154.4,155.38,153.4,818531165.4,5298790,2024-05-03 23:59:59
2024-05-06,154.4,155.8,156.8,153.1,1341754922.2,8655310,2024-05-06 23:59:59
2024-05-07,155.8,154.44,156.46,153.7,910429370.4,5892320,2024-05-07 23:59:59
2024-05-08,154.44,153.82,154.7,153.5,722823537.4,4694100,2024-05-08 23:59:59
2024-05-10,153.96,152.78,154.64,152.46,925952045.6,6042260,2024-05-10 23:59:59
2024-05-13,152.78,152.04,152.9,151.58,881756723.8,5795720,2024-05-13 23:59:59
2024-05-14,152.06,152.48,152.66,151.82,1009105774.4,6625530,2024-05-14 23:59:59
2024-05-15,152.6,152.68,152.98,151.04,1368607401.8,8989780,2024-05-15 23:59:59
2024-05-16,152.74,152.6,153.78,152.22,1325428101.2,8655950,2024-05-16 23:59:59
2024-05-17,152.9,156.3,157.3,152.6,4352808742.8,27934490,2024-05-17 23:59:59
2024-05-20,157.5,151.88,159.44,151.52,2891015855.2,18596160,2024-05-20 23:59:59
2024-05-21,151.6,148.92,153.38,148.12,3575222446.6,23763240,2024-05-21 23:59:59
2024-05-22,149.0,150.0,153.0,148.0,2690574920.0,17931440,2024-05-22 23:59:59
2024-05-23,149.96,154.06,155.76,146.7,6900298558.8,45476250,2024-05-23 23:59:59
2024-05-24,154.06,153.04,157.7,151.5,3916326105.6,25458600,2024-05-24 23:59:59
2024-05-27,153.04,149.8,153.88,148.62,2142230346.6,14149960,2024-05-27 23:59:59
2024-05-28,149.82,149.62,152.1,148.82,1703236217.6,11347550,2024-05-28 23:59:59
2024-05-29,149.6,152.0,153.04,149.26,1059639015.4,7013290,2024-05-29 23:59:59
2024-05-30,152.3,146.5,153.0,145.32,1585650762.6,10653000,2024-05-30 23:59:59
2024-05-31,146.4,139.98,147.94,138.14,2343565901.6,16224310,2024-05-31 23:59:59
2024-06-03,140.9,138.52,142.64,133.76,2544136725.6,18412190,2024-06-03 23:59:59
2024-06-04,138.54,140.8,143.02,136.4,2010621811.8,14225020,2024-06-04 23:59:59
2024-06-05,141.36,139.24,141.76,138.1,1130624429.8,8079360,2024-06-05 23:59:59
2024-06-06,139.26,141.8,141.8,138.72,941945193.0,6697570,2024-06-06 23:59:59
2024-06-07,141.84,143.28,145.36,140.6,1456664540.6,10190370,2024-06-07 23:59:59
2024-06-10,143.42,139.14,143.96,138.12,989811643.4,7008820,2024-06-10 23:59:59
2024-06-11,138.66,138.86,140.54,136.94,1840954198.4,13275380,2024-06-11 23:59:59
2024-06-13,135.48,139.18,140.18,132.62,1307225245.6,9501670,2024-06-13 23:59:59
2024-06-14,139.5,140.3,141.6,138.3,787292416.0,5618010,2024-06-14 23:59:59
2024-06-17,140.7,138.54,140.86,138.52,681289191.6,4875850,2024-06-17 23:59:59
2024-06-18,138.62,136.26,139.6,135.76,995324090.6,7221330,2024-06-18 23:59:59
2024-06-19,135.92,134.0,136.26,130.6,1742486394.2,13025050,2024-06-19 23:59:59
2024-06-20,134.04,136.32,136.66,130.4,4975220689.8,37105090,2024-06-20 23:59:59
2024-06-21,136.6,134.0,138.88,133.7,1309966894.0,9661210,2024-06-21 23:59:59
2024-06-24,134.0,130.24,134.7,130.2,910561128.2,6876280,2024-06-24 23:59:59
2024-06-25,130.24,131.18,131.82,128.2,1895327122.4,14615210,2024-06-25 23:59:59
2024-06-26,131.54,130.8,132.42,130.4,1003974016.0,7654700,2024-06-26 23:59:59
2024-06-27,130.82,129.32,131.26,129.0,1059451364.2,8164620,2024-06-27 23:59:59
2024-06-28,129.04,129.92,130.44,129.0,511845156.4,3937260,2024-06-28 23:59:59
2024-07-01,130.0,132.5,132.66,128.84,1324603243.0,10159430,2024-07-01 23:59:59
2024-07-02,132.5,134.38,135.28,131.3,1685896589.8,12622780,2024-07-02 23:59:59
2024-07-03,134.98,132.66,135.52,132.22,1621014775.2,12081330,2024-07-03 23:59:59
2024-07-04,132.98,130.38,133.54,129.9,1106964282.6,8414170,2024-07-04 23:59:59
2024-07-05,130.5,134.34,134.46,129.6,1243417782.8,9428990,2024-07-05 23:59:59
2024-07-08,134.34,132.52,135.0,132.16,1079864469.2,8092480,2024-07-08 23:59:59
2024-07-09,132.52,129.14,133.08,128.52,1034806273.6,7917220,2024-07-09 23:59:59
2024-07-10,129.7,124.3,129.7,124.02,1957565682.6,15489150,2024-07-10 23:59:59
2024-07-11,124.68,126.1,126.88,124.58,1736051383.0,13802910,2024-07-11 23:59:59
2024-07-12,125.74,125.26,126.46,123.64,1798059686.2,14387230,2024-07-12 23:59:59
2024-07-15,125.22,122.76,125.84,122.24,906990430.6,7308020,2024-07-15 23:59:59
2024-07-16,123.34,126.1,127.08,122.6,1300869821.6,10423730,2024-07-16 23:59:59
2024-07-17,126.6,125.26,127.44,124.24,1103927823.6,8788200,2024-07-17 23:59:59
2024-07-18,125.36,128.3,129.36,124.42,1142683151.6,9013780,2024-07-18 23:59:59
2024-07-19,128.94,128.5,129.5,127.2,1558959815.6,12152820,2024-07-19 23:59:59
2024-07-22,129.0,129.88,130.46,128.36,816919561.8,6304550,2024-07-22 23:59:59
2024-07-23,130.0,128.08,130.34,127.62,697999452.4,5417480,2024-07-23 23:59:59
2024-07-24,129.0,130.86,131.92,127.9,1352292274.0,10355280,2024-07-24 23:59:59
2024-07-25,130.46,129.56,131.1,129.28,585468097.8,4500390,2024-07-25 23:59:59
2024-07-26,129.5,126.46,131.58,124.76,1817801826.0,14251010,2024-07-26 23:59:59
2024-07-29,126.08,125.2,127.98,124.5,910404953.8,7246500,2024-07-29 23:59:59
2024-07-30,125.26,127.92,128.0,124.0,1120459444.2,8866400,2024-07-30 23:59:59
2024-07-31,128.18,130.16,130.72,127.0,788193647.0,6106570,2024-07-31 23:59:59
2024-08-01,130.22,128.64,130.56,128.12,473456646.6,3661320,2024-08-01 23:59:59
2024-08-02,128.6,128.0,128.86,127.28,444803016.2,3475450,2024-08-02 23:59:59
2024-08-05,126.0,123.92,126.62,122.92,1290121148.2,10357170,2024-08-05 23:59:59
2024-08-06,124.22,124.88,125.78,124.22,573514263.2,4586030,2024-08-06 23:59:59
2024-08-07,125.28,124.6,125.88,122.4,1287719653.8,10413560,2024-08-07 23:59:59
2024-08-08,124.9,122.88,125.52,122.64,728245236.0,5874700,2024-08-08 23:59:59
2024-08-09,122.88,123.46,124.44,122.5,430465941.8,3485140,2024-08-09 23:59:59
2024-08-12,123.0,125.7,126.08,122.62,771154154.4,6213060,2024-08-12 23:59:59
2024-08-13,125.3,127.82,129.54,125.1,1432715193.0,11204340,2024-08-13 23:59:59
2024-08-14,127.84,125.76,128.42,125.38,954319630.0,7540300,2024-08-14 23:59:59
2024-08-15,125.72,125.0,126.2,124.66,383808942.6,3062090,2024-08-15 23:59:59
2024-08-16,125.02,125.88,127.8,124.22,647091269.6,5138590,2024-08-16 23:59:59
2024-08-19,126.0,126.0,127.32,124.0,1061076811.8,8437770,2024-08-19 23:59:59
2024-08-20,125.96,124.18,126.2,124.02,701213817.6,5617010,2024-08-20 23:59:59
2024-08-21,124.0,121.44,124.9,120.56,1681460932.0,13780990,2024-08-21 23:59:59
2024-08-22,121.38,118.9,122.28,117.0,1503625340.8,12536220,2024-08-22 23:59:59
2024-08-23,118.74,113.04,119.06,109.7,3713132505.0,32476810,2024-08-23 23:59:59
2024-08-26,114.26,118.44,118.48,114.24,1613588252.2,13888710,2024-08-26 23:59:59
2024-08-27,118.44,112.9,118.44,111.56,2299515539.4,20180700,2024-08-27 23:59:59
2024-08-28,112.82,112.1,113.34,110.04,1829314753.2,16375610,2024-08-28 23:59:59
2024-08-29,112.1,111.34,113.2,108.7,1601317552.2,14500390,2024-08-29 23:59:59
2024-08-30,112.04,108.58,112.06,104.62,2438611776.2,22684910,2024-08-30 23:59:59
2024-09-02,108.0,103.12,109.86,102.12,1907003403.2,18182150,2024-09-02 23:59:59
2024-09-03,103.18,104.02,107.5,102.24,1938078167.6,18487270,2024-09-03 23:59:59
2024-09-04,104.5,106.72,107.0,103.1,1435085617.4,13677770,2024-09-04 23:59:59
2024-09-05,107.24,104.88,107.28,104.06,1288960803.0,12165030,2024-09-05 23:59:59
2024-09-06,104.86,107.04,107.16,104.5,810559734.0,7663410,2024-09-06 23:59:59
2024-09-09,107.28,108.1,108.9,105.86,1447985988.2,13453150,2024-09-09 23:59:59
2024-09-10,108.5,105.96,108.88,104.9,950249913.8,8895020,2024-09-10 23:59:59
2024-09-11,105.96,103.6,106.38,103.06,1202386138.8,11498620,2024-09-11 23:59:59
2024-09-12,103.8,101.5,104.18,100.26,1410866372.0,13896150,2024-09-12 23:59:59
2024-09-13,101.28,102.62,102.88,99.0,2021633113.6,20049430,2024-09-13 23:59:59
2024-09-16,102.82,106.44,106.46,102.76,1224125144.8,11682170,2024-09-16 23:59:59
2024-09-17,106.58,106.82,107.0,104.78,991160730.2,9348380,2024-09-17 23:59:59
2024-09-18,106.76,106.22,107.96,106.1,1461488085.0,13642520,2024-09-18 23:59:59
2024-09-19,106.32,111.2,111.42,105.72,2845502892.0,26038020,2024-09-19 23:59:59
2024-09-20,111.22,109.42,112.94,109.06,2416906209.8,21763930,2024-09-20 23:59:59
2024-09-23,110.3,110.34,110.76,108.6,1683171666.8,15336740,2024-09-23 23:59:59
2024-09-24,111.0,115.22,116.0,110.06,3560772695.4,31469730,2024-09-24 23:59:59
2024-09-25,115.86,114.02,118.2,112.54,4471748066.8,38585390,2024-09-25 23:59:59
2024-09-26,114.0,115.48,116.82,113.34,2827288148.6,24466590,2024-09-26 23:59:59
2024-09-27,115.68,115.4,116.46,112.68,3945880624.8,34610030,2024-09-27 23:59:59
2024-09-30,115.8,113.04,117.66,113.04,2231737876.6,19369170,2024-09-30 23:59:59
2024-10-01,112.76,110.6,113.96,109.92,3412350738.0,30705600,2024-10-01 23:59:59
2024-10-02,110.64,107.84,111.5,107.62,2590994021.8,23646560,2024-10-02 23:59:59
2024-10-03,107.84,106.46,107.98,105.0,3208305515.0,30183310,2024-10-03 23:59:59
2024-10-04,106.8,106.96,108.0,106.5,1242619072.4,11583130,2024-10-04 23:59:59
2024-10-07,107.0,106.22,107.38,104.62,2075042942.8,19627980,2024-10-07 23:59:59
2024-10-08,105.88,106.4,107.0,104.9,1104754695.0,10445690,2024-10-08 23:59:59
2024-10-09,106.36,103.82,106.82,103.36,2029108692.8,19387680,2024-10-09 23:59:59
2024-10-10,103.84,103.48,104.46,103.16,1531605831.2,14764430,2024-10-10 23:59:59
2024-10-11,103.5,101.56,103.86,101.5,1657945585.0,16185450,2024-10-11 23:59:59
2024-10-14,101.56,105.5,105.74,100.3,3514637508.4,34081820,2024-10-14 23:59:59
2024-10-15,105.5,108.5,108.78,104.5,3602810518.6,33499330,2024-10-15 23:59:59
2024-10-16,108.44,106.82,109.98,105.82,4375232151.8,40731890,2024-10-16 23:59:59
2024-10-17,106.7,104.2,107.24,103.54,2797455154.8,26579390,2024-10-17 23:59:59
2024-10-18,104.1,104.26,105.8,102.74,3129334516.4,29980090,2024-10-18 23:59:59
2024-10-21,104.4,106.14,107.58,104.1,2344438747.2,22161340,2024-10-21 23:59:59
2024-10-22,106.4,105.82,107.9,105.52,2693602521.6,25320210,2024-10-22 23:59:59
2024-10-23,105.5,104.16,107.44,103.68,2415240403.0,22799730,2024-10-23 23:59:59
2024-10-24,104.08,105.12,105.7,103.26,1714259936.4,16360910,2024-10-24 23:59:59
2024-10-25,105.2,101.34,106.28,100.5,2985402475.6,28885680,2024-10-25 23:59:59
2024-10-28,100.5,96.1,101.6,94.22,4513997712.6,46073070,2024-10-28 23:59:59
2024-10-29,96.1,99.74,100.7,95.08,2822490500.8,28831080,2024-10-29 23:59:59
2024-10-30,100.0,97.54,100.42,97.04,1939853897.0,19603210,2024-10-30 23:59:59
2024-10-31,97.06,99.0,99.46,96.76,2030794941.6,20639200,2024-10-31 23:59:59
2024-11-01,99.4,99.16,100.0,97.22,1842437290.0,18711470,2024-11-01 23:59:59
2024-11-02,99.0,100.8,100.88,98.32,705462113.6,7061470,2024-11-02 23:59:59
2024-11-05,100.8,104.2,105.0,100.28,2171444968.2,21128940,2024-11-05 23:59:59
2024-11-06,105.5,105.9,108.48,105.1,3915703217.6,36581760,2024-11-06 23:59:59
2024-11-07,105.78,109.42,110.48,104.66,4133201297.4,38567780,2024-11-07 23:59:59
2024-11-08,109.02,111.58,112.4,108.08,4568468464.8,41605700,2024-11-08 23:59:59
2024-11-11,112.38,112.64,113.26,110.64,3210383966.6,28602310,2024-11-11 23:59:59
2024-11-12,112.38,113.5,114.84,111.12,3074838334.0,27300060,2024-11-12 23:59:59
2024-11-13,113.22,112.98,115.8,112.7,4424608007.2,38609690,2024-11-13 23:59:59
2024-11-14,112.98,111.68,114.6,110.56,2548082701.8,22584130,2024-11-14 23:59:59
2024-11-15,111.52,115.16,115.5,111.28,2258006765.4,19906940,2024-11-15 23:59:59
2024-11-18,112.2,114.46,115.8,111.7,4002219989.2,35026610,2024-11-18 23:59:59
2024-11-19,114.64,111.0,116.1,109.52,4521887675.4,39994590,2024-11-19 23:59:59
2024-11-20,111.2,108.28,112.0,106.0,3203145072.6,29177360,2024-11-20 23:59:59
2024-11-21,108.3,109.32,109.78,106.6,3235070426.6,29964420,2024-11-21 23:59:59
2024-11-22,109.48,108.52,109.96,106.76,2671360915.8,24628480,2024-11-22 23:59:59
2024-11-25,108.5,103.94,108.8,103.1,2361198861.4,22360820,2024-11-25 23:59:59
2024-11-26,103.6,104.08,106.5,101.86,2798987737.0,26895910,2024-11-26 23:59:59
2024-11-27,104.4,110.96,111.4,102.74,4919621262.2,45817670,2024-11-27 23:59:59
2024-11-28,111.42,110.08,112.24,108.08,3661128396.0,33233240,2024-11-28 23:59:59
2024-11-29,110.62,112.96,114.0,109.68,2612668360.4,23186570,2024-11-29 23:59:59
2024-12-02,113.16,114.1,114.9,112.72,1956103824.4,17187230,2024-12-02 23:59:59
2024-12-03,113.96,110.4,114.34,109.3,2553799801.4,22921070,2024-12-03 23:59:59
2024-12-04,110.88,104.2,110.88,104.1,3306434798.0,30705620,2024-12-04 23:59:59
2024-12-05,104.6,108.16,108.7,102.8,3547746694.0,33511420,2024-12-05 23:59:59
2024-12-06,108.16,107.8,109.84,106.72,2646625783.6,24489420,2024-12-06 23:59:59
2024-12-09,108.5,106.86,109.0,106.38,2270799846.2,21160630,2024-12-09 23:59:59
2024-12-10,106.9,103.6,106.9,103.5,2466784174.6,23476000,2024-12-10 23:59:59
2024-12-11,103.6,104.1,104.84,101.5,2435412471.8,23604160,2024-12-11 23:59:59
2024-12-12,104.36,100.3,104.54,100.1,2431375412.8,23815140,2024-12-12 23:59:59
2024-12-13,100.28,99.9,102.2,99.68,2023944265.2,20063730,2024-12-13 23:59:59
2024-12-16,98.2,95.9,99.1,95.3,3114208218.6,32093630,2024-12-16 23:59:59
2024-12-17,96.04,94.98,96.7,94.8,2177992477.2,22758560,2024-12-17 23:59:59
2024-12-18,95.38,95.66,95.86,93.04,2438162157.4,25839530,2024-12-18 23:59:59
2024-12-19,95.9,95.7,99.16,95.0,4414282145.6,45552700,2024-12-19 23:59:59
2024-12-20,95.7,105.08,105.96,95.7,5405833807.6,53274670,2024-12-20 23:59:59
2024-12-23,107.0,105.0,108.4,104.0,5627761877.2,53047870,2024-12-23 23:59:59
2024-12-24,105.0,104.96,106.9,103.78,3916144968.2,37285330,2024-12-24 23:59:59
2024-12-25,104.7,108.0,108.72,103.54,4519877919.6,42665540,2024-12-25 23:59:59
2024-12-26,108.48,109.66,111.1,106.54,5262814449.6,48210720,2024-12-26 23:59:59
2024-12-27,109.92,111.04,111.66,109.26,2341732637.0,21210260,2024-12-27 23:59:59
2024-12-28,111.48,113.8,114.4,111.1,2772877098.6,24511230,2024-12-28 23:59:59
2024-12-30,114.54,115.5,115.8,114.36,1896020846.6,16450590,2024-12-30 23:59:59
2025-01-03,115.7,112.68,115.8,111.82,1169516947.8,10306740,2025-01-03 23:59:59
2025-01-06,112.38,113.42,113.82,110.66,1076921287.0,9577910,2025-01-06 23:59:59
2025-01-08,113.6,114.0,114.34,112.82,775651051.4,6827610,2025-01-08 23:59:59
2025-01-09,114.0,111.8,114.82,111.02,2103407492.6,18700190,2025-01-09 23:59:59
2025-01-10,111.92,116.26,116.5,111.02,3429918324.0,30019800,2025-01-10 23:59:59
2025-01-13,116.9,118.38,120.22,116.8,4622905997.2,39084140,2025-01-13 23:59:59
2025-01-14,118.42,119.98,120.82,117.44,2947389653.6,24648890,2025-01-14 23:59:59
2025-01-15,119.98,119.46,121.22,117.16,3131972467.0,26289270,2025-01-15 23:59:59
2025-01-16,119.8,119.12,120.76,118.4,2449648710.8,20477000,2025-01-16 23:59:59
2025-01-17,119.4,124.88,125.0,118.7,4452400708.2,36137150,2025-01-17 23:59:59
2025-01-20,126.4,123.4,128.86,123.2,5097794674.0,40312850,2025-01-20 23:59:59
2025-01-21,124.4,124.56,124.66,121.34,2477959701.8,20094130,2025-01-21 23:59:59
2025-01-22,125.0,123.74,127.28,121.94,3074680871.8,24584330,2025-01-22 23:59:59
2025-01-23,123.68,124.96,125.0,121.58,1822548985.6,14828320,2025-01-23 23:59:59
2025-01-24,125.2,124.14,127.98,123.0,3734721554.6,29745030,2025-01-24 23:59:59
2025-01-27,124.7,119.46,124.98,118.74,2840677853.4,23334450,2025-01-27 23:59:59
2025-01-28,119.3,121.2,121.94,117.12,3609306881.2,30176910,2025-01-28 23:59:59
2025-01-29,121.22,121.78,123.0,120.84,1818158548.2,14893220,2025-01-29 23:59:59
2025-01-30,121.78,122.76,123.24,121.6,1633216252.4,13351190,2025-01-30 23:59:59
2025-01-31,122.7,121.18,124.6,119.54,3007858928.4,24647190,2025-01-31 23:59:59
2025-02-03,121.0,118.3,121.0,117.02,2935770589.4,24785600,2025-02-03 23:59:59
2025-02-04,118.3,117.16,120.0,116.5,2100154211.8,17713020,2025-02-04 23:59:59
2025-02-05,117.12,120.4,121.0,116.02,2812347796.4,23750850,2025-02-05 23:59:59
2025-02-06,120.8,121.5,123.0,120.08,2622816513.2,21595940,2025-02-06 23:59:59
2025-02-07,121.86,122.28,123.62,120.48,2658238124.8,21759600,2025-02-07 23:59:59
2025-02-10,122.3,120.82,127.0,119.0,12156451031.0,99953840,2025-02-10 23:59:59
2025-02-11,120.6,121.12,122.1,119.62,4387828250.2,36308370,2025-02-11 23:59:59
2025-02-12,121.2,127.26,128.0,119.24,7566471352.2,61397220,2025-02-12 23:59:59
2025-02-13,127.34,128.1,129.94,123.5,6227606800.8,49133510,2025-02-13 23:59:59
2025-02-14,129.0,131.5,133.98,125.0,9308547468.6,71277920,2025-02-14 23:59:59
2025-02-17,134.0,138.2,139.0,132.64,7815950066.2,57217780,2025-02-17 23:59:59
2025-02-18,138.6,134.6,138.8,133.2,4950882518.4,36446900,2025-02-18 23:59:59
2025-02-19,134.8,138.52,139.0,132.68,3906132617.8,28700070,2025-02-19 23:59:59
2025-02-20,139.06,137.74,139.68,136.0,3537316088.8,25642640,2025-02-20 23:59:59
2025-02-21,138.0,137.18,140.3,135.14,3839638001.6,27906160,2025-02-21 23:59:59
2025-02-24,137.58,146.94,147.26,135.72,8098016102.2,56679800,2025-02-24 23:59:59
2025-02-25,147.2,143.04,150.14,141.3,16278423783.6,111298520,2025-02-25 23:59:59
2025-02-26,145.02,138.02,145.14,136.54,6046454911.4,43200150,2025-02-26 23:59:59
2025-02-27,138.34,134.34,139.26,134.2,5271329180.4,38502380,2025-02-27 23:59:59
2025-02-28,134.36,140.32,141.0,133.52,6471251271.4,47182680,2025-02-28 23:59:59
2025-03-01,140.5,139.92,140.76,139.58,74046397.39999999,528330,2025-03-01 23:59:56
2025-03-02,140.06,139.04,140.32,138.5,154835625.2,1111330,2025-03-02 23:59:59
2025-03-03,139.04,135.92,139.42,133.04,6184787973.000002,45749040,2025-03-03 23:59:52
2025-03-04,136.08,140.92,142.26,136.08,6674765221.599998,47783880,2025-03-04 23:59:56
2025-03-05,141.16,136.98,142.0,136.62,4842072979.399996,34532590,2025-03-05 23:59:55
2025-03-06,137.0,136.46,138.64,134.14,3008744917.0000014,22005120,2025-03-06 23:59:51
2025-03-07,136.46,135.7,139.2,133.02,3802133030.6000013,27918390,2025-03-07 23:59:55
2025-03-10,136.4,137.14,137.5,134.42,3706947013.800002,27175260,2025-03-10 23:59:56
2025-03-11,137.38,135.72,138.88,135.06,3310312376.9999986,24234320,2025-03-11 23:59:55
2025-03-12,135.82,134.0,136.42,133.8,2018381594.1999998,14993010,2025-03-12 23:59:55
2025-03-13,133.8,131.9,135.5,128.16,6791195728.199985,51653030,2025-03-13 23:59:56
2025-03-14,132.0,130.54,132.46,129.0,3692887552.999999,28175460,2025-03-14 23:59:55
2025-03-15,130.92,131.2,131.8,130.86,90680829.39999992,690760,2025-03-15 23:59:56
2025-03-16,131.2,131.96,132.28,130.68,286502057.59999985,2175110,2025-03-16 23:59:56
2025-03-17,132.0,134.06,134.68,131.58,3920828911.6000047,29416160,2025-03-17 23:59:57
2025-03-18,134.46,132.08,136.4,131.5,5687842091.999995,42256390,2025-03-18 23:59:56
2025-03-19,132.1,132.04,133.16,130.22,2345967073.9999986,17796760,2025-03-19 23:59:55
2025-03-20,132.04,131.16,133.04,129.46,3160853414.200001,24120920,2025-03-20 23:59:59
2025-03-21,131.0,129.8,132.34,128.58,2472060045.9999957,18916750,2025-03-21 23:59:55
2025-03-24,129.78,125.88,129.78,125.32,2506547684.800004,19710160,2025-03-24 23:59:56
2025-03-25,126.0,129.58,130.0,123.22,3660692527.0000014,28991740,2025-03-25 23:59:55
2025-03-26,129.7,125.8,130.52,124.5,2825579987.9999986,22155510,2025-03-26 23:59:59
2025-03-27,126.0,122.98,126.3,122.5,2972214645.4,23942460,2025-03-27 23:59:56
2025-03-28,123.0,121.56,124.1,120.5,3402504444.4000034,27845450,2025-03-28 23:59:56
2025-03-29,120.7,119.42,121.28,119.42,372521953.20000017,3104970,2025-03-29 23:59:56
2025-03-30,119.42,119.42,119.98,119.42,140805386.39999986,1177640,2025-03-30 23:59:56
2025-03-31,119.0,123.3,124.5,118.42,2850389423.5999994,23239080,2025-03-31 23:59:56
2025-04-01,123.3,120.8,125.3,120.12,3269173473.600006,26638310,2025-04-01 23:59:55
2025-04-02,120.54,120.1,121.98,117.52,3816270398.2000003,31937130,2025-04-02 23:59:55
2025-04-03,120.2,116.42,121.8,114.02,4088318502.800002,34705210,2025-04-03 23:59:56
2025-04-04,118.0,110.9,118.0,110.5,4867773641.000008,42757440,2025-04-04 23:59:57
2025-04-05,108.8,110.7,111.0,108.68,496832913.7999996,4545980,2025-04-05 23:59:56
2025-04-06,110.26,111.94,112.6,109.82,571706134.3999994,5139510,2025-04-06 23:59:57
2025-04-07,109.7,111.32,113.66,102.68,6512383383.19999,60087170,2025-04-07 23:59:49
2025-04-08,112.0,106.8,113.98,105.66,3272168130.8000007,29746380,2025-04-08 23:59:51
2025-04-09,106.6,116.08,117.3,105.52,7533645518.4,67859580,2025-04-09 23:59:53
2025-04-10,115.98,114.4,116.84,112.72,3806120849.599997,33033480,2025-04-10 19:04:15
2025-04-11,114.14,117.1,117.5,113.98,2625514501.200001,22568590,2025-04-11 23:59:55
2025-04-12,117.22,118.38,118.98,117.22,309623716.6000003,2618140,2025-04-12 23:59:56
2025-04-13,118.38,118.56,118.96,118.06,202978244.8000001,1712030,2025-04-13 23:59:56
2025-04-14,118.7,114.5,118.7,113.18,2103278108.400003,18252380,2025-04-14 23:59:55
2025-04-15,114.6,112.2,115.7,111.48,2322683845.0000005,20560130,2025-04-15 23:59:55
2025-04-16,112.0,113.04,114.58,110.2,2811818965.599998,24949190,2025-04-16 23:59:55
2025-04-17,113.5,115.56,116.02,112.3,2494118607.8000035,21862320,2025-04-17 23:59:55
2025-04-18,113.3,111.62,114.44,110.8,3154988569.7999997,28037380,2025-04-18 23:59:55
2025-04-21,112.9,113.92,114.96,112.24,1718291158.6000004,15095590,2025-04-21 23:59:55
2025-04-22,114.5,116.7,118.3,112.64,3405193924.800001,29501310,2025-04-22 23:59:55
2025-04-23,117.36,114.44,117.48,112.66,2727731764.5999966,23851670,2025-04-23 23:59:55
2025-04-24,114.2,113.84,116.28,113.16,1757010937.4000015,15308950,2025-04-24 23:59:59
2025-04-25,114.18,117.7,117.76,114.06,2344463231.800001,20210340,2025-04-25 23:59:55
2025-04-26,118.0,118.42,120.36,117.84,687422756.7999994,5763280,2025-04-26 23:59:56
2025-04-27,118.78,119.48,119.5,118.7,137510578.20000002,1154790,2025-04-27 23:59:57
2025-04-28,119.48,117.3,120.0,116.5,2386123405.7999997,20196230,2025-04-28 23:59:57
2025-04-29,117.5,113.62,117.54,112.7,1756822206.8000007,15263770,2025-04-29 23:59:56
2025-04-30,113.04,114.38,115.2,111.34,2924219865.2000012,25856500,2025-04-30 23:59:56
2025-05-02,114.0,109.0,114.1,108.56,1612655873.3999994,14570650,2025-05-02 23:59:55
2025-05-03,109.0,109.26,109.76,108.36,151756511.99999982,1391480,2025-05-03 23:59:57
2025-05-04,109.26,109.4,110.04,109.0,128790122.40000014,1175420,2025-05-04 23:59:57
2025-05-05,109.24,107.26,109.82,106.5,1756449074.599998,16295220,2025-05-05 23:59:56
2025-05-06,107.76,107.7,109.58,106.56,1446492263.3999999,13387030,2025-05-06 23:59:59
2025-05-07,107.9,108.86,109.8,107.26,1317200812.3999972,12124810,2025-05-07 23:59:54
2025-05-08,108.98,111.6,111.88,108.86,1225625217.799999,11037050,2025-05-08 23:59:54
2025-05-10,111.94,111.8,112.16,111.2,184660411.00000012,1652500,2025-05-10 23:59:57
2025-05-11,113.0,112.88,114.5,112.5,372752958.6000002,3288000,2025-05-11 23:59:56
2025-05-12,113.2,114.48,114.64,112.74,1536815479.5999987,13489100,2025-05-12 23:59:51
2025-05-13,114.56,112.98,114.98,112.72,1505300641.8000007,13230140,2025-05-13 23:59:55
2025-05-14,112.82,110.6,114.72,110.58,1538479415.6000009,13636550,2025-05-14 23:59:55
2025-05-15,111.12,110.52,111.8,108.98,1487462445.600001,13478020,2025-05-15 23:59:55
2025-05-16,110.52,110.6,111.2,107.74,1346267322.6,12244100,2025-05-16 23:59:55
2025-05-17,110.6,112.3,112.6,110.22,193726317.4000001,1735140,2025-05-17 23:59:57
2025-05-18,112.7,112.7,113.0,112.1,216592000.8,1922200,2025-05-18 23:59:57
2025-05-19,112.5,109.92,112.84,109.6,1367554412.3999982,12277630,2025-05-19 23:59:55
2025-05-20,110.38,107.82,110.6,107.04,1186340610.599999,10917360,2025-05-20 23:59:59
2025-05-21,107.98,105.56,108.1,105.02,1640325845.600001,15437630,2025-05-21 23:59:55
2025-05-22,105.56,105.02,106.3,103.54,2062654453.400002,19692580,2025-05-22 23:59:57
2025-05-23,105.02,103.68,105.34,103.1,926715656.2000008,8905940,2025-05-23 23:59:55
2025-05-26,103.66,100.04,103.66,99.0,1813100873.0000005,17999910,2025-05-26 23:59:56
2025-05-27,100.04,101.34,101.9,98.5,1594414491.599998,15851390,2025-05-27 23:59:54
2025-05-28,101.64,107.2,107.58,101.34,2465964670.999999,23651150,2025-05-28 23:59:55
2025-05-29,107.26,104.84,107.4,104.5,1390968484.999998,13092710,2025-05-29 23:59:55
2025-05-30,104.5,106.42,106.96,104.1,1494316295.1999998,14139890,2025-05-30 23:59:56
2025-05-31,106.44,107.08,108.18,106.4,148362682.2,1383310,2025-05-31 23:59:56
2025-06-01,106.78,103.24,106.78,103.24,441883623.60000014,4240570,2025-06-01 23:59:57
2025-06-02,103.3,105.68,106.46,103.02,1364478467.3999977,13031300,2025-06-02 23:59:56
2025-06-03,105.68,110.4,110.42,105.68,1924779748.799999,17815500,2025-06-03 23:59:55
2025-06-04,110.4,111.38,113.36,109.58,3257620198.800001,29168310,2025-06-04 23:59:56
2025-06-05,111.38,109.82,112.4,109.02,1581888017.2000003,14332730,2025-06-05 23:59:54
2025-06-06,109.5,108.2,112.86,108.2,2761313962.199995,25141690,2025-06-06 23:59:58
2025-06-07,108.2,108.48,108.72,108.2,57764386.599999994,532450,2025-06-07 23:59:57
2025-06-08,108.48,107.68,108.68,107.1,112121610.20000005,1040710,2025-06-08 23:59:57
2025-06-09,107.8,110.7,111.2,106.6,3526178854.999999,32359310,2025-06-09 23:59:56
2025-06-10,111.0,106.24,111.92,105.62,4037662518.4000006,37370160,2025-06-10 23:59:55
2025-06-11,106.38,106.8,108.46,104.56,2474896869.2,23136040,2025-06-11 23:59:59
2025-06-13,107.04,105.5,108.14,104.82,820702851.5999998,7713420,2025-06-13 23:59:56
2025-06-14,105.52,106.16,106.3,105.5,131376533.39999998,1240270,2025-06-14 23:59:56
2025-06-15,106.32,106.18,106.66,105.42,109912811.19999996,1037710,2025-06-15 23:59:57
2025-06-16,106.18,104.42,106.22,104.1,1169979580.9999983,11121300,2025-06-16 23:59:51
2025-06-17,104.6,107.52,107.98,103.66,1743323175.0000012,16389770,2025-06-17 23:59:55
2025-06-18,107.52,107.28,108.6,106.26,1339032629.9999971,12430340,2025-06-18 23:59:55
2025-06-19,107.38,106.72,108.36,105.0,1689758302.8000004,15862850,2025-06-19 23:59:59
2025-06-20,106.98,104.5,107.2,104.48,958502039.7999988,9068350,2025-06-20 23:59:54
2025-06-23,104.7,103.9,105.3,102.7,1487063396.4000013,14308720,2025-06-23 23:59:55
2025-06-24,103.96,104.98,105.26,103.22,1344154394.9999998,12891790,2025-06-24 23:59:59
2025-06-25,105.2,107.18,107.5,105.02,1593243795.9999995,14962880,2025-06-25 23:59:56
2025-06-26,107.62,110.4,110.68,107.3,3271803708.6000037,29917830,2025-06-26 23:59:54
2025-06-27,110.5,111.58,111.58,109.56,3309412614.8000007,29920600,2025-06-27 23:59:59
2025-06-28,111.78,111.4,111.96,111.2,107183627.99999996,961120,2025-06-28 23:59:57
2025-06-29,111.28,111.06,111.6,111.06,116842385.99999996,1050370,2025-06-29 23:59:59
2025-06-30,111.28,111.22,112.62,109.78,3191561771.3999987,28623560,2025-06-30 23:59:56
2025-07-01,111.42,110.48,112.82,110.0,3192825500.7999997,28611490,2025-07-01 23:59:54
2025-07-02,110.7,112.02,112.46,110.2,2469284811.4000025,22139480,2025-07-02 23:59:55
2025-07-03,112.0,109.4,112.7,108.82,3460767330.7999988,31165150,2025-07-03 23:59:55
2025-07-04,109.38,109.48,110.5,108.08,1893250519.9999983,17264540,2025-07-04 23:59:55
2025-07-05,109.68,109.38,109.7,109.22,22813853.199999988,208420,2025-07-05 23:59:56
2025-07-06,109.38,109.02,109.38,108.74,35966130.99999999,329880,2025-07-06 23:59:56
2025-07-07,109.02,106.4,109.1,106.36,1464919858.6000016,13620190,2025-07-07 23:59:55
2025-07-08,106.38,103.72,107.7,103.1,2787959596.1999965,26470470,2025-07-08 23:59:55
2025-07-09,103.72,104.16,104.7,102.2,2820790901.6,27255480,2025-07-09 23:59:56
2025-07-10,104.22,104.42,105.42,103.12,1367946268.7999985,13092960,2025-07-10 23:59:56
2025-07-11,104.6,101.5,104.88,101.08,1754374099.8000004,17065580,2025-07-11 23:59:56
2025-07-12,101.96,102.0,102.44,101.5,90488918.59999992,887360,2025-07-12 23:59:56
2025-07-13,101.98,101.74,102.18,100.86,141487434.00000003,1395090,2025-07-13 23:59:57
2025-07-14,101.58,109.26,109.52,100.62,5445693456.200005,51537570,2025-07-14 23:59:57
2025-07-15,109.52,110.1,110.9,108.76,3258613956.800001,29616940,2025-07-15 23:59:56
2025-07-16,110.1,110.04,112.3,109.04,3550576088.3999977,32044850,2025-07-16 23:59:55
2025-07-17,110.36,108.68,111.18,108.46,1970422336.6000004,17973090,2025-07-17 23:59:56
2025-07-18,108.68,115.36,115.44,108.1,5676370666.200001,50155960,2025-07-18 23:59:56
2025-07-19,115.36,117.3,118.84,114.8,1026723080.3999993,8765640,2025-07-19 23:59:57
2025-07-20,118.18,117.4,118.46,117.02,304457044.2000001,2589590,2025-07-20 23:59:57
2025-07-21,117.0,116.54,118.14,114.74,3633662052.400003,31277080,2025-07-21 23:59:57
2025-07-22,116.46,119.5,120.1,115.46,3412574092.199999,28885100,2025-07-22 23:59:59
2025-07-23,119.52,118.24,120.76,117.42,2840501162.0000024,23881490,2025-07-23 23:59:59
2025-07-24,118.18,118.26,119.38,117.48,2041996166.5999975,17217360,2025-07-24 23:59:55
2025-07-25,118.46,114.68,118.9,113.2,3525575449.400002,30439060,2025-07-25 23:59:57
2025-07-26,114.68,114.46,114.9,114.06,78443317.60000004,685470,2025-07-26 23:59:57
2025-07-27,114.44,114.3,114.6,114.0,52244141.4,457380,2025-07-27 23:59:57
2025-07-28,114.08,117.0,117.68,113.42,5236402856.799998,45130920,2025-07-28 23:59:58
2025-07-29,117.06,122.9,123.32,116.14,9139573531.2,75496420,2025-07-29 23:59:55
2025-07-30,122.9,119.46,123.2,119.16,4114335411.0000033,34012110,2025-07-30 23:59:59
2025-07-31,119.76,120.86,121.6,117.82,3474373283.200003,29053530,2025-07-31 23:59:55
2025-08-01,121.38,120.12,121.9,118.7,1744458728.5999997,14524970,2025-08-01 23:59:56
2025-08-04,119.54,120.68,121.96,118.42,1713143673.3999972,14248820,2025-08-04 23:59:56
2025-08-05,121.04,122.16,122.36,120.12,1436156640.199997,11836210,2025-08-05 23:59:54
2025-08-06,122.4,123.7,126.48,119.7,4632636827.5999975,37809550,2025-08-06 23:59:51
2025-08-07,123.7,125.5,127.8,122.92,4686258494.600002,37266360,2025-08-07 23:59:56
2025-08-08,126.0,128.3,128.8,124.1,2587567342.6,20464710,2025-08-08 23:59:59
2025-08-11,130.0,128.1,130.96,126.9,3967015859.4000034,30705820,2025-08-11 23:59:57
2025-08-12,128.2,128.2,128.68,126.54,1542891777.6000016,12096860,2025-08-12 23:59:54
2025-08-13,128.32,128.2,129.5,127.58,1711504361.0000005,13315860,2025-08-13 23:59:59
2025-08-14,127.72,131.46,131.64,127.08,3309581778.0000024,25471320,2025-08-14 23:59:59
2025-08-15,131.64,130.58,132.64,130.1,3484975858.600005,26485210,2025-08-15 23:59:51
2025-08-16,128.84,126.98,128.84,126.6,791809641.0000023,6220990,2025-08-16 23:59:56
2025-08-17,127.02,126.6,127.18,126.6,200057750.39999998,1579670,2025-08-17 23:59:57
2025-08-18,126.38,129.88,131.4,125.44,2717675465.000001,21130310,2025-08-18 23:59:56
2025-08-19,130.02,128.34,131.0,127.8,2279526503.999998,17584330,2025-08-19 23:59:55
2025-08-20,128.34,125.72,129.08,125.3,1629495937.600002,12848720,2025-08-20 23:59:59
2025-08-21,125.72,121.8,126.12,121.5,2714039537.600006,22046210,2025-08-21 23:59:56
2025-08-22,121.96,122.94,124.52,120.98,1899505622.2000017,15463050,2025-08-22 23:59:55
2025-08-23,123.02,123.1,123.3,122.92,37607846.600000024,305490,2025-08-23 23:59:57
2025-08-24,123.1,122.12,123.38,121.94,77067567.39999992,630270,2025-08-24 23:59:56
2025-08-25,121.88,123.42,123.66,120.0,1514307093.9999993,12455480,2025-08-25 23:59:51
2025-08-26,123.5,122.96,125.16,121.86,1263315408.6000001,10236960,2025-08-26 23:59:55
2025-08-27,123.0,127.1,127.54,122.16,2151839480.4,17141350,2025-08-27 23:59:59
2025-08-28,127.16,124.32,127.16,123.84,1974260823.8000016,15706360,2025-08-28 23:59:55
2025-08-29,124.52,125.44,125.78,124.0,1092084607.6000004,8749820,2025-08-29 23:59:55
2025-08-30,125.44,125.18,125.68,125.04,50577865.00000006,403460,2025-08-30 23:59:57
2025-08-31,125.2,125.48,125.9,125.18,71242286.80000001,567190,2025-08-31 23:59:56
2025-09-01,125.54,123.2,126.58,122.7,928650596.6000005,7441570,2025-09-01 23:59:55
2025-09-02,123.18,123.36,123.86,121.22,1394166076.3999994,11377110,2025-09-02 23:59:56
2025-09-03,123.3,124.88,125.3,122.08,1213258144.6000001,9821960,2025-09-03 23:59:59
2025-09-04,124.96,124.7,125.7,123.34,1400805651.7999988,11231580,2025-09-04 23:59:54
2025-09-05,124.8,126.0,126.24,123.5,1317701149.8000002,10554290,2025-09-05 23:59:59
2025-09-06,126.0,126.14,126.32,125.7,40518649.600000046,321620,2025-09-06 23:59:56
2025-09-07,126.0,126.6,127.0,126.0,108792896.40000007,859260,2025-09-07 23:59:57
2025-09-08,126.5,129.18,129.28,125.66,1730871451.7999983,13595130,2025-09-08 23:59:55
2025-09-09,129.28,130.2,130.5,128.64,2429943706.0,18752630,2025-09-09 23:59:59
2025-09-10,130.1,129.66,131.76,128.5,2796777887.0000014,21523820,2025-09-10 23:59:55
2025-09-11,129.66,129.44,130.32,127.5,2490626812.600002,19281990,2025-09-11 23:59:59
2025-09-12,129.7,124.04,130.02,124.0,4532924090.800004,35548180,2025-09-12 23:59:59
2025-09-13,124.2,123.42,124.5,123.32,146383063.2,1180130,2025-09-13 23:59:56
2025-09-14,123.44,124.6,124.62,123.0,128159506.00000006,1035960,2025-09-14 23:59:56
2025-09-15,124.4,123.56,125.04,122.44,1855788779.0000007,15037630,2025-09-15 23:59:59
2025-09-16,123.7,124.12,125.12,121.38,2152687607.599998,17434070,2025-09-16 23:59:55
2025-09-17,124.46,126.3,126.36,122.5,1456734299.7999985,11720530,2025-09-17 23:59:59
2025-09-18,126.4,122.88,126.7,122.7,2568525248.200001,20667790,2025-09-18 23:59:59
2025-09-19,122.88,119.28,124.48,119.06,2805523384.4000015,23014240,2025-09-19 23:59:59
2025-09-22,119.4,121.8,122.32,117.42,2696036714.800002,22541230,2025-09-22 23:59:56
2025-09-23,121.7,119.34,123.9,118.08,2772903288.4000015,22833810,2025-09-23 23:59:59
2025-09-24,119.4,123.7,123.7,117.66,2460560307.000003,20348270,2025-09-24 23:59:55
2025-09-25,123.82,120.56,123.86,120.1,1824494304.3999991,14939840,2025-09-25 23:59:54
2025-09-26,120.6,122.78,123.68,119.84,2067303653.999999,16976630,2025-09-26 23:59:54
2025-09-27,122.78,123.56,123.8,122.6,110035253.99999997,891990,2025-09-27 23:59:57
2025-09-28,123.54,122.9,123.72,122.88,60633033.00000001,492130,2025-09-28 23:59:57
2025-09-29,123.0,125.96,127.2,122.66,5788604985.800008,46155010,2025-09-29 23:59:55
2025-09-30,125.96,123.88,125.98,122.42,2829172098.6000013,22833480,2025-09-30 23:59:59
2025-10-01,123.98,121.1,124.58,120.46,1867917328.199999,15295860,2025-10-01 23:59:54
2025-10-02,121.22,121.4,122.12,120.2,1843385401.6,15221890,2025-10-02 23:59:59
2025-10-03,121.5,120.08,122.7,119.5,1480929666.3999987,12249780,2025-10-03 23:59:59
2025-10-04,120.0,118.66,120.64,118.02,317257380.20000017,2671140,2025-10-04 23:59:57
2025-10-05,118.68,120.14,120.2,118.3,141881620.79999992,1188690,2025-10-05 23:59:57
2025-10-06,120.4,124.02,124.66,119.32,2353653343.2,19252860,2025-10-06 23:59:55
2025-10-07,124.0,125.96,126.0,123.04,3339297901.3999977,26754760,2025-10-07 23:59:54
2025-10-08,125.94,121.86,126.76,121.0,4501845897.199994,36517380,2025-10-08 23:59:51
2025-10-09,122.46,128.68,130.5,120.0,9830382228.400003,77439860,2025-10-09 23:59:55
2025-10-10,129.0,125.64,129.78,125.5,5332729998.600003,41786980,2025-10-10 23:59:55
2025-10-11,125.48,126.24,126.24,124.96,158114110.99999997,1260300,2025-10-11 23:59:57
2025-10-12,126.2,126.6,126.9,125.52,146528096.99999988,1158170,2025-10-12 23:59:56
2025-10-13,126.84,129.04,129.8,126.72,5500297172.799999,42791870,2025-10-13 23:59:59
2025-10-14,129.04,126.56,129.34,125.78,3885610787.800003,30608660,2025-10-14 23:59:54
2025-10-15,126.7,125.22,127.9,125.0,2728579864.599999,21567760,2025-10-15 23:59:55
2025-10-16,126.08,134.34,135.0,124.58,6741115067.0,51869050,2025-10-16 23:59:51
2025-10-17,134.3,131.52,134.32,130.8,4344656551.199992,32810870,2025-10-17 23:59:55
2025-10-18,132.34,133.24,133.68,131.94,347720785.99999976,2612390,2025-10-18 23:59:57
2025-10-19,133.28,132.88,133.62,132.3,191090658.3999999,1437770,2025-10-19 23:59:56
2025-10-20,133.2,133.54,133.9,131.8,1818391454.4000003,13660620,2025-10-20 23:59:54
2025-10-21,133.68,128.0,133.68,126.52,4660274557.200001,36004060,2025-10-21 23:59:55
2025-10-22,128.1,127.3,130.86,125.7,2819902742.8,21988170,2025-10-22 23:59:59
2025-10-23,126.0,127.36,128.38,125.5,2352949806.2000012,18521680,2025-10-23 23:59:59
2025-10-24,127.42,126.18,128.36,125.0,1974185708.5999985,15606790,2025-10-24 23:59:59
2025-10-27,125.8,118.5,126.0,118.22,3502753316.400001,28347576,2025-10-27 23:59:59
2025-10-28,118.42,122.6,123.3,117.9,3061077229.799999,25199660,2025-10-28 23:59:59
2025-10-29,122.58,125.3,125.9,122.18,2849609052.800003,22874910,2025-10-29 23:59:54
2025-10-30,125.3,126.7,126.72,124.42,2050346580.599997,16330990,2025-10-30 23:59:59
2025-10-31,126.36,123.94,126.7,123.52,1453953466.199999,11621130,2025-10-31 23:59:54
2025-11-01,123.92,125.12,125.5,123.88,419439946.19999963,3362380,2025-11-01 23:59:58
2025-11-03,125.34,127.0,127.38,125.18,539481382.8000002,4260620,2025-11-03 23:59:57
2025-11-05,126.94,125.02,126.94,124.36,1341359669.200001,10686430,2025-11-05 23:59:58
2025-11-06,124.72,124.74,125.44,123.82,688455299.2000003,5531470,2025-11-06 23:59:58
2025-11-07,124.3,126.52,127.5,123.66,1181211514.6000001,9359250,2025-11-07 23:59:58
2025-11-08,126.52,126.34,126.7,126.2,55837959.99999996,441670,2025-11-08 23:59:57
2025-11-09,126.34,126.98,126.98,126.2,62925930.59999996,496920,2025-11-09 23:59:59
2025-11-10,127.0,126.56,127.72,125.82,1167256833.799997,9226000,2025-11-10 23:59:58
2025-11-11,126.56,126.82,128.1,126.0,1634809131.4000013,12876870,2025-11-11 23:59:58
2025-11-12,126.96,124.7,127.28,123.92,1941978725.7999992,15541950,2025-11-12 23:59:58
2025-11-13,124.7,125.38,126.3,124.04,1322406558.1999998,10535760,2025-11-13 23:59:58
2025-11-14,125.38,123.9,125.74,122.66,900083849.8000013,7258620,2025-11-14 23:59:58
2025-11-15,123.9,123.84,124.1,123.74,30585483.599999957,246810,2025-11-15 23:59:59
2025-11-16,123.9,123.48,124.08,123.38,52476560.40000008,424750,2025-11-16 23:59:59
2025-11-17,123.1,123.02,124.38,122.24,991127987.6000007,8041610,2025-11-17 23:59:58
2025-11-18,123.3,127.0,127.7,122.38,2770974530.2000046,21962450,2025-11-18 23:59:58
2025-11-19,127.4,129.8,131.94,126.42,3595435639.599997,27813210,2025-11-19 23:59:59
2025-11-20,129.82,133.38,134.5,128.72,2594154751.5999994,19808590,2025-11-20 23:59:58
2025-11-21,133.32,132.62,133.86,130.22,2551245022.800002,19349510,2025-11-21 23:59:58
2025-11-24,132.62,129.8,134.36,128.74,2728179181.999999,20853250,2025-11-24 23:59:59
2025-11-25,129.7,132.34,133.34,128.8,2340158673.200002,17867370,2025-11-25 23:59:59
2025-11-26,132.64,131.36,132.64,130.88,673298415.3999985,5116640,2025-11-26 23:59:57
2025-11-27,131.5,127.86,132.12,126.9,2160904818.0000005,16781380,2025-11-27 23:59:58
2025-11-28,128.08,130.96,131.4,127.54,1398158231.3999996,10777430,2025-11-28 23:59:58
2025-11-29,130.86,130.76,131.18,130.36,58963712.99999996,451090,2025-11-29 23:59:59
2025-11-30,130.62,131.48,131.54,130.46,128303176.2,978190,2025-11-30 23:59:59
2025-12-01,131.7,131.1,132.24,130.02,1389396496.3999994,10576910,2025-12-01 23:59:58
2025-12-02,131.26,130.96,131.78,130.42,1347099976.6000009,10272730,2025-12-02 23:59:57
2025-12-03,129.6,129.96,130.14,128.1,2033881342.4000044,15771220,2025-12-03 23:59:58
2025-12-04,130.0,128.94,130.66,128.9,1025894640.9999996,7912390,2025-12-04 23:59:58
2025-12-05,128.9,134.02,134.5,128.9,3194078534.599997,24123770,2025-12-05 23:59:58
2025-12-08,134.0,133.02,135.52,133.0,2583668168.200002,19235930,2025-12-08 23:59:59
2025-12-09,133.1,137.8,138.88,132.74,4272025999.9999976,31312190,2025-12-09 23:59:58
2025-12-10,137.98,136.9,138.12,135.56,2261560547.2000017,16534620,2025-12-10 23:59:59
2025-12-11,136.9,136.36,139.44,135.84,3161966328.799999,22972410,2025-12-11 23:59:59
2025-12-12,136.4,136.78,138.5,135.6,2504075755.8,18289030,2025-12-12 23:59:59
2025-12-13,136.8,136.82,137.36,136.38,157252925.79999986,1148530,2025-12-13 23:59:57
2025-12-14,136.82,136.12,136.98,136.02,119622126.79999997,877530,2025-12-14 23:59:57
2025-12-15,137.08,139.0,139.46,136.16,2376101869.8,17239880,2025-12-15 23:59:59
2025-12-16,139.2,140.48,141.24,138.44,2458924136.000001,17542630,2025-12-16 23:59:58
2025-12-17,140.5,140.44,141.48,139.2,2108369119.600003,15036180,2025-12-17 23:59:58
2025-12-18,140.48,142.68,143.44,140.02,4110013046.5999975,28855610,2025-12-18 23:59:59
2025-12-19,142.78,142.2,144.58,141.0,3524322848.8000016,24671850,2025-12-19 23:59:59
2025-12-20,142.2,142.28,142.54,142.06,67455727.60000004,473940,2025-12-20 23:59:56
2025-12-21,142.3,141.98,142.64,141.88,71466847.99999993,502520,2025-12-21 23:59:56
2025-12-22,142.02,143.42,144.2,141.94,4245322520.8000026,29617610,2025-12-22 23:59:59
2025-12-23,143.58,148.08,148.12,143.48,5129330194.799998,35146210,2025-12-23 23:59:59
2025-12-24,148.34,145.72,148.6,144.6,5162419114.199999,35143490,2025-12-24 23:59:58
2025-12-25,145.62,147.16,147.54,144.64,2384455479.200001,16335290,2025-12-25 23:59:59
2025-12-26,147.4,152.0,152.0,147.3,4677088592.4000025,31280500,2025-12-26 23:59:58
2025-12-27,152.26,152.56,152.76,151.94,532692497.6000003,3495290,2025-12-27 23:59:57
2025-12-28,152.7,152.72,152.98,151.3,503831733.5999999,3308550,2025-12-28 23:59:57
2025-12-29,152.68,148.7,153.1,148.08,5324781086.199998,35374120,2025-12-29 23:59:59
2025-12-30,148.7,149.46,149.92,148.32,2519717043.999999,16907270,2025-12-30 23:59:58
2026-01-05,149.08,150.62,150.84,147.4,1599063502.6000001,10708630,2026-01-05 23:59:59
2026-01-06,150.7,152.64,153.0,150.68,1500341554.599999,9874820,2026-01-06 23:59:57
2026-01-08,151.44,149.46,151.44,149.0,1516781691.999998,10119260,2026-01-08 23:59:58
2026-01-09,149.46,149.9,150.72,149.38,948880769.0000004,6327590,2026-01-09 23:59:57
2026-01-12,150.28,156.52,156.78,150.0,7507974330.399997,48546160,2026-01-12 23:59:59
2026-01-13,156.22,156.5,158.52,154.28,5871997831.799992,37512090,2026-01-13 23:59:59
2026-01-14,159.0,157.06,159.0,155.86,3755448467.399994,23921080,2026-01-14 23:59:59
2026-01-15,156.0,156.4,157.16,155.08,2390018946.8000035,15319860,2026-01-15 23:59:59
2026-01-16,155.88,156.36,156.9,155.3,2826975968.4,18110290,2026-01-16 23:59:59
2026-01-17,156.16,156.38,156.6,156.16,84958576.79999998,543170,2026-01-17 23:59:59
2026-01-18,156.32,156.66,156.9,156.1,97063653.60000004,620300,2026-01-18 23:59:57
2026-01-19,157.2,158.72,159.54,157.1,3173634996.999998,20035340,2026-01-19 23:59:59
2026-01-20,158.42,158.84,159.66,157.92,2318113208.8,14590700,2026-01-20 23:59:58
2026-01-21,159.1,162.0,163.08,158.84,4284238291.199996,26608880,2026-01-21 23:59:59
2026-01-22,162.08,161.88,162.42,159.38,2923542123.8000016,18126140,2026-01-22 23:59:59
2026-01-23,161.32,165.36,165.38,161.32,3545984025.0000005,21661760,2026-01-23 23:59:58
2026-01-24,165.5,166.04,166.72,165.1,733024105.4000005,4415060,2026-01-24 23:59:52
2026-01-25,166.06,169.04,169.34,166.04,1513920079.3999999,8996520,2026-01-25 23:59:56
2026-01-26,169.8,166.48,170.4,165.72,6942265952.600002,41207470,2026-01-26 23:59:55
2026-01-27,166.8,165.94,167.5,163.68,6064717628.600006,36699270,2026-01-27 23:59:59
2026-01-28,166.78,168.3,169.3,166.58,3984684794.2000003,23706600,2026-01-28 23:59:59
2026-01-29,168.82,170.52,173.2,166.68,9699105458.6,56873430,2026-01-29 23:59:51
2026-01-30,168.18,160.0,169.22,159.12,7724195146.199998,47159840,2026-01-30 23:59:54
2026-01-31,160.12,160.2,161.64,159.88,473017659.8000003,2942940,2026-01-31 23:59:59
2026-02-01,160.48,160.86,161.52,160.06,285101609.99999994,1772400,2026-02-01 23:59:56
2026-02-02,159.5,160.44,162.28,155.92,6881781603.999996,43284410,2026-02-02 23:59:59
2026-02-03,161.06,162.08,163.84,161.04,3849147462.399998,23628560,2026-02-03 23:59:59
2026-02-04,162.7,158.1,163.74,156.5,4105334817.8000026,25712970,2026-02-04 23:59:59
2026-02-05,156.88,153.04,157.24,152.96,4613932503.999998,29841770,2026-02-05 23:59:55
2026-02-06,152.8,156.92,157.34,152.3,3061046664.200004,19705500,2026-02-06 23:59:58
2026-02-07,157.36,157.88,158.22,157.0,261906163.8000001,1660180,2026-02-07 23:59:56
2026-02-08,157.7,156.7,157.88,156.4,260024818.40000007,1655700,2026-02-08 23:59:56
2026-02-09,156.6,157.6,158.12,154.84,1933336585.600001,12367890,2026-02-09 23:59:59
2026-02-10,157.1,155.96,157.44,155.28,1394368577.2000005,8917670,2026-02-10 23:59:59
2026-02-11,156.52,161.74,162.62,156.3,5029632943.000008,31371000,2026-02-11 23:59:59
2026-02-12,161.12,158.22,161.48,158.0,3730852765.2,23387390,2026-02-12 23:59:58
2026-02-13,158.4,154.7,159.96,153.1,6074747719.399998,38995670,2026-02-13 23:59:55
2026-02-16,154.56,155.82,156.4,151.98,2991184174.199995,19310110,2026-02-16 23:59:59
2026-02-17,155.84,154.0,155.92,153.42,1790330029.1999984,11591870,2026-02-17 23:59:59
2026-02-18,154.6,155.08,156.18,153.2,1999143300.000001,12932610,2026-02-18 23:59:59
2026-02-19,155.74,153.28,157.38,152.66,2531307449.000003,16339090,2026-02-19 23:59:59
2026-02-20,153.76,154.66,155.14,151.52,1894780416.1999989,12309540,2026-02-20 23:59:59
2026-02-21,154.72,154.68,155.16,154.54,68514131.39999995,442470,2026-02-21 23:59:57
2026-02-22,154.68,154.72,154.94,154.36,65716631.39999994,424840,2026-02-22 23:59:57
2026-02-23,155.1,155.22,155.38,154.5,106029164.39999999,683760,2026-02-23 23:59:58
2026-02-24,155.36,156.42,158.28,155.34,2506539906.0,15979060,2026-02-24 23:59:59
2026-02-25,156.74,160.9,161.58,156.28,3726080037.3999977,23416530,2026-02-25 23:59:59
2026-02-26,160.44,161.86,162.18,160.0,2392732960.1999984,14832960,2026-02-26 23:59:59
2026-02-27,161.88,165.2,165.74,161.88,4156206686.200001,25293040,2026-02-27 23:59:59
2026-02-28,164.94,164.5,166.16,163.34,997384314.5999997,6050520,2026-02-28 23:59:57
2026-03-01,164.52,165.2,165.62,164.22,400923162.8000006,2432320,2026-03-01 23:59:58
2026-03-02,165.2,161.3,165.2,160.82,3394108536.0000052,20853650,2026-03-02 23:59:52
2026-03-03,161.3,157.78,163.14,156.62,3523016837.2,22171770,2026-03-03 23:59:55
2026-03-04,158.1,161.4,162.42,157.6,2339622862.600004,14601340,2026-03-04 23:59:58
2026-03-05,161.88,160.46,162.0,159.36,2068565655.8000004,12875980,2026-03-05 23:59:59
2026-03-06,160.96,159.3,160.98,158.14,2055460993.399998,12907480,2026-03-06 23:59:59
2026-03-09,159.4,157.8,159.5,154.2,2165347984.999999,13860100,2026-03-09 23:59:59
2026-03-10,157.8,157.06,160.32,155.8,2410310920.600002,15212230,2026-03-10 23:59:59
2026-03-11,157.2,156.4,158.9,155.8,1238857954.1999981,7878340,2026-03-11 23:59:58
2026-03-12,156.4,155.46,157.02,154.58,1411051996.1999984,9081980,2026-03-12 23:59:59
2026-03-13,155.8,155.24,158.32,154.74,1380956035.7999964,8841350,2026-03-13 23:59:58
2026-03-14,155.56,155.46,155.68,155.14,72674575.19999996,467740,2026-03-14 23:59:59
2026-03-15,155.12,155.98,155.98,155.0,93459686.00000006,600970,2026-03-15 23:59:56
2026-03-16,155.98,154.16,155.98,153.5,1722405107.600001,11176070,2026-03-16 23:59:59
2026-03-17,154.22,153.98,155.1,153.7,952330844.800001,6166830,2026-03-17 23:59:58
2026-03-18,154.0,152.14,156.14,152.12,2370573336.000001,15412810,2026-03-18 23:59:58
2026-03-19,152.16,152.52,153.5,150.8,2668691818.000002,17543230,2026-03-19 23:59:54
2026-03-20,152.5,152.54,154.5,152.32,1426024687.0000007,9283310,2026-03-20 23:59:38
2026-03-23,151.38,147.84,151.44,146.8,4666968022.799994,31415700,2026-03-23 23:59:59
2026-03-24,147.32,145.98,148.72,144.78,2002190757.8,13675710,2026-03-24 23:59:59
2026-03-25,146.72,146.72,148.18,146.1,2165680201.9999967,14736390,2026-03-25 23:59:59
2026-03-26,146.96,143.68,146.96,142.48,1849878376.9999976,12800310,2026-03-26 23:59:59
2026-03-27,143.88,140.2,145.0,139.98,3080731016.4000015,21644630,2026-03-27 23:59:59
2026-03-28,140.02,139.9,140.34,139.44,117185953.00000013,838030,2026-03-28 23:59:57
2026-03-29,139.9,141.98,142.72,139.26,601206423.1999999,4235330,2026-03-29 23:59:57
2026-03-30,142.3,141.16,144.74,139.84,3342686862.800002,23448200,2026-03-30 23:59:59
2026-03-31,141.84,139.9,142.98,138.66,2542290412.7999973,18120640,2026-03-31 23:59:59
2026-04-01,140.34,140.02,142.24,138.7,2646825162.9999886,18884850,2026-04-01 23:59:58
2026-04-02,139.78,137.02,139.8,136.62,2644530107.799998,19202910,2026-04-02 23:59:59
2026-04-03,137.34,133.9,137.82,133.9,2935245320.4000025,21682640,2026-04-03 23:59:59
2026-04-04,133.9,133.92,134.44,133.34,250836388.7999999,1873530,2026-04-04 23:59:59
2026-04-05,133.98,134.48,134.56,133.36,118422225.60000005,883820,2026-04-05 23:59:56
2026-04-06,134.5,137.3,137.88,133.66,3212081212.3999968,23578270,2026-04-06 23:59:58
2026-04-07,137.6,135.0,137.8,134.52,1904136016.7999976,14013310,2026-04-07 23:59:59
2026-04-08,136.5,136.54,138.9,135.4,4001123813.399995,29204880,2026-04-08 23:59:58
2026-04-09,136.12,135.48,136.94,134.54,1430926517.5999997,10548960,2026-04-09 23:59:59
2026-04-10,135.5,134.24,136.08,133.82,1035354617.7999988,7684480,2026-04-10 23:59:59
2026-04-11,134.24,134.26,134.6,133.88,75195484.80000001,560370,2026-04-11 23:59:56
2026-04-12,134.26,131.9,134.5,131.0,888110627.8,6699010,2026-04-12 23:59:57
2026-04-13,132.98,131.36,133.06,129.16,2401790069.6000037,18429530,2026-04-13 23:59:59
2026-04-14,131.34,132.02,134.34,129.8,2743277268.399999,20713940,2026-04-14 23:59:59
2026-04-15,132.12,134.2,135.12,131.52,2323532206.4,17431760,2026-04-15 23:59:59
2026-04-16,134.64,136.16,137.38,134.24,2680737851.3999944,19658790,2026-04-16 23:59:59
2026-04-17,136.16,137.68,138.48,135.2,2461801169.9999995,17935680,2026-04-17 23:59:55
2026-04-18,137.7,136.26,137.96,135.78,337451120.2000001,2470900,2026-04-18 23:59:56
2026-04-19,136.36,136.32,136.44,135.8,107080939.0,786890,2026-04-19 23:59:56
