begin,open,close,high,low,value,volume,end
2014-01-06,1504.14,1466.15,1504.33,1464.97,16900288729.0,0,2014-01-06 23:59:59
2014-01-08,1465.99,1462.67,1470.25,1460.41,16027383642.0,0,2014-01-08 23:59:59
2014-01-09,1462.67,1465.14,1470.65,1460.81,20056121954.0,0,2014-01-09 23:59:59
2014-01-10,1465.74,1469.19,1470.73,1454.75,29274890126.0,0,2014-01-10 23:59:59
2014-01-13,1469.19,1477.56,1482.45,1466.51,29596729994.0,0,2014-01-13 23:59:59
2014-01-14,1477.59,1469.64,1477.59,1453.85,31230659415.0,0,2014-01-14 23:59:59
2014-01-15,1469.76,1486.51,1487.83,1469.76,34589305532.0,0,2014-01-15 23:59:59
2014-01-16,1486.37,1480.73,1492.58,1478.45,30825694232.0,0,2014-01-16 23:59:59
2014-01-17,1480.63,1486.88,1495.05,1475.23,31481520592.0,0,2014-01-17 23:59:59
2014-01-20,1485.75,1495.36,1498.37,1483.25,23823923486.0,0,2014-01-20 23:59:59
2014-01-21,1495.92,1504.68,1507.16,1495.92,32920294237.0,0,2014-01-21 23:59:59
2014-01-22,1503.6,1498.73,1505.31,1490.29,42599578316.0,0,2014-01-22 23:59:59
2014-01-23,1498.73,1496.9,1511.7,1495.9,36924425267.0,0,2014-01-23 23:59:59
2014-01-24,1496.9,1494.58,1497.76,1483.66,50458895946.0,0,2014-01-24 23:59:59
2014-01-27,1494.18,1478.23,1495.27,1476.06,46236717540.0,0,2014-01-27 23:59:59
2014-01-28,1477.91,1469.57,1486.09,1467.97,39833254664.0,0,2014-01-28 23:59:59
2014-01-29,1468.35,1462.99,1494.47,1459.87,51738292137.0,0,2014-01-29 23:59:59
2014-01-30,1463.05,1463.2,1473.45,1444.39,52406677076.0,0,2014-01-30 23:59:59
2014-01-31,1463.6,1454.45,1470.6,1448.36,42264412210.0,0,2014-01-31 23:59:59
2014-02-03,1453.55,1442.84,1463.54,1442.06,32778141805.0,0,2014-02-03 23:59:59
2014-02-04,1442.52,1441.16,1442.62,1426.29,35953638357.0,0,2014-02-04 23:59:59
2014-02-05,1442.02,1456.0,1460.75,1437.54,32228865284.0,0,2014-02-05 23:59:59
2014-02-06,1456.0,1466.7,1469.18,1454.43,28543620476.0,0,2014-02-06 23:59:59
2014-02-07,1465.18,1478.48,1480.6,1463.96,30965604738.0,0,2014-02-07 23:59:59
2014-02-10,1478.22,1476.28,1485.32,1475.63,23411705634.0,0,2014-02-10 23:59:59
2014-02-11,1475.83,1483.57,1488.95,1473.3,26102602445.0,0,2014-02-11 23:59:59
2014-02-12,1484.42,1496.03,1498.62,1484.42,28049253757.0,0,2014-02-12 23:59:59
2014-02-13,1496.07,1478.62,1498.08,1475.41,28254359873.0,0,2014-02-13 23:59:59
2014-02-14,1478.77,1496.18,1497.94,1478.77,30474527752.0,0,2014-02-14 23:59:59
2014-02-17,1494.38,1507.49,1515.3,1494.32,28079463718.0,0,2014-02-17 23:59:59
2014-02-18,1507.81,1504.24,1518.13,1500.39,29676093042.0,0,2014-02-18 23:59:59
2014-02-19,1504.02,1485.6,1507.97,1482.02,42334867727.0,0,2014-02-19 23:59:59
2014-02-20,1485.48,1480.99,1485.48,1467.52,33694582444.0,0,2014-02-20 23:59:59
2014-02-21,1481.85,1487.64,1492.45,1481.85,23318948666.0,0,2014-02-21 23:59:59
2014-02-24,1487.51,1489.01,1491.78,1480.03,19772900486.0,0,2014-02-24 23:59:59
2014-02-25,1489.59,1478.64,1495.13,1472.43,28414020573.0,0,2014-02-25 23:59:59
2014-02-26,1478.9,1469.51,1486.11,1465.16,35931158697.0,0,2014-02-26 23:59:59
2014-02-27,1469.93,1448.7,1476.26,1431.6,52734826934.0,0,2014-02-27 23:59:59
2014-02-28,1448.78,1444.71,1456.45,1429.25,49924435497.0,0,2014-02-28 23:59:59
2014-03-03,1438.02,1288.81,1438.02,1261.76,114796601349.0,0,2014-03-03 23:59:59
2014-03-04,1288.78,1356.54,1365.23,1288.78,93980994812.0,0,2014-03-04 23:59:59
2014-03-05,1356.27,1351.11,1364.25,1330.61,51458666467.0,0,2014-03-05 23:59:59
2014-03-06,1351.5,1337.98,1370.56,1301.96,73730707234.0,0,2014-03-06 23:59:59
2014-03-07,1337.5,1339.36,1359.45,1322.08,49801950288.0,0,2014-03-07 23:59:59
2014-03-11,1338.5,1308.7,1338.5,1304.35,43995018689.0,0,2014-03-11 23:59:59
2014-03-12,1307.08,1274.21,1307.08,1271.74,51965497616.0,0,2014-03-12 23:59:59
2014-03-13,1274.24,1248.56,1285.93,1247.7,57982552741.0,0,2014-03-13 23:59:59
2014-03-14,1248.29,1237.43,1248.29,1182.86,82550968523.0,0,2014-03-14 23:59:59
2014-03-17,1237.52,1283.7,1288.34,1237.52,92131298659.0,0,2014-03-17 23:59:59
2014-03-18,1285.53,1335.86,1340.16,1278.76,71329119457.0,0,2014-03-18 23:59:59
2014-03-19,1335.84,1319.02,1352.68,1312.5,63037171113.0,0,2014-03-19 23:59:59
2014-03-20,1316.67,1320.5,1325.61,1302.68,42677768542.0,0,2014-03-20 23:59:59
2014-03-21,1320.12,1307.34,1320.12,1270.55,61637716793.0,0,2014-03-21 23:59:59
2014-03-24,1307.34,1297.91,1332.95,1297.76,42746229557.0,0,2014-03-24 23:59:59
2014-03-25,1297.9,1324.44,1332.86,1288.97,52552458215.0,0,2014-03-25 23:59:59
2014-03-26,1324.51,1349.39,1359.88,1324.51,58117795576.0,0,2014-03-26 23:59:59
2014-03-27,1347.83,1331.93,1351.71,1321.19,44862038717.0,0,2014-03-27 23:59:59
2014-03-28,1333.01,1344.12,1353.88,1330.46,38623558833.0,0,2014-03-28 23:59:59
2014-03-31,1344.15,1369.29,1369.29,1343.27,44009638604.0,0,2014-03-31 23:59:59
2014-04-01,1369.32,1375.73,1378.55,1359.58,43677890257.0,0,2014-04-01 23:59:59
2014-04-02,1375.97,1373.33,1379.88,1358.46,40080119279.0,0,2014-04-02 23:59:59
2014-04-03,1373.57,1366.04,1382.08,1360.49,34651168726.0,0,2014-04-03 23:59:59
2014-04-04,1366.43,1382.41,1388.0,1361.61,38443658067.0,0,2014-04-04 23:59:59
2014-04-07,1380.15,1349.79,1380.15,1334.86,56297711554.0,0,2014-04-07 23:59:59
2014-04-08,1349.85,1352.33,1352.45,1334.63,43914354331.0,0,2014-04-08 23:59:59
2014-04-09,1353.18,1348.85,1355.77,1337.98,39501266590.0,0,2014-04-09 23:59:59
2014-04-10,1348.77,1367.71,1367.88,1348.21,41994459771.0,0,2014-04-10 23:59:59
2014-04-11,1367.65,1362.4,1371.12,1346.03,39574923084.0,0,2014-04-11 23:59:59
2014-04-14,1362.04,1344.86,1362.1,1336.98,43507706220.0,0,2014-04-14 23:59:59
2014-04-15,1344.18,1311.01,1347.88,1308.86,41391606206.0,0,2014-04-15 23:59:59
2014-04-16,1310.98,1322.6,1326.2,1300.75,50484601503.0,0,2014-04-16 23:59:59
2014-04-17,1322.67,1329.67,1336.24,1310.92,35896730364.0,0,2014-04-17 23:59:59
2014-04-18,1330.57,1356.54,1362.46,1330.57,28168831213.0,0,2014-04-18 23:59:59
2014-04-21,1356.48,1345.04,1359.21,1342.38,20143790154.0,0,2014-04-21 23:59:59
2014-04-22,1345.0,1335.62,1345.19,1327.04,33034264906.0,0,2014-04-22 23:59:59
2014-04-23,1335.65,1329.11,1335.65,1324.21,29810475925.0,0,2014-04-23 23:59:59
2014-04-24,1329.1,1300.54,1334.32,1289.85,49874818331.0,0,2014-04-24 23:59:59
2014-04-25,1300.53,1280.12,1300.53,1277.92,48263358097.0,0,2014-04-25 23:59:59
2014-04-28,1278.12,1299.13,1302.13,1260.39,57728932367.0,0,2014-04-28 23:59:59
2014-04-29,1300.83,1304.78,1318.36,1298.66,37894446155.0,0,2014-04-29 23:59:59
2014-04-30,1304.76,1306.01,1309.53,1296.24,27633273026.0,0,2014-04-30 23:59:59
2014-05-02,1304.93,1304.84,1306.44,1292.08,15722736384.0,0,2014-05-02 23:59:59
2014-05-05,1302.99,1298.29,1306.43,1289.8,15961246766.0,0,2014-05-05 23:59:59
2014-05-06,1299.07,1318.57,1321.49,1299.07,30132972425.0,0,2014-05-06 23:59:59
2014-05-07,1316.74,1363.48,1379.42,1312.62,59698326165.0,0,2014-05-07 23:59:59
2014-05-08,1364.29,1371.42,1383.84,1355.34,53087912546.0,0,2014-05-08 23:59:59
2014-05-12,1372.09,1375.31,1383.99,1362.93,37536188802.0,0,2014-05-12 23:59:59
2014-05-13,1375.56,1385.29,1395.22,1375.56,44141421463.0,0,2014-05-13 23:59:59
2014-05-14,1385.27,1389.11,1389.21,1378.39,33917167205.0,0,2014-05-14 23:59:59
2014-05-15,1388.68,1381.99,1399.52,1381.2,40174867065.0,0,2014-05-15 23:59:59
2014-05-16,1381.44,1392.3,1392.3,1374.24,33229737990.0,0,2014-05-16 23:59:59
2014-05-19,1392.51,1413.85,1418.88,1392.42,42083062698.0,0,2014-05-19 23:59:59
2014-05-20,1413.86,1425.58,1426.1,1406.85,49706788626.0,0,2014-05-20 23:59:59
2014-05-21,1425.57,1439.9,1441.93,1415.28,60826079053.0,0,2014-05-21 23:59:59
2014-05-22,1440.79,1430.54,1446.72,1420.49,33777890007.0,0,2014-05-22 23:59:59
2014-05-23,1430.54,1438.98,1440.8,1422.07,36655049047.0,0,2014-05-23 23:59:59
2014-05-26,1439.15,1449.36,1456.7,1438.31,26221929164.0,0,2014-05-26 23:59:59
2014-05-27,1449.38,1417.32,1449.57,1410.07,45006497893.0,0,2014-05-27 23:59:59
2014-05-28,1417.38,1425.95,1429.84,1408.77,33227619823.0,0,2014-05-28 23:59:59
2014-05-29,1426.69,1447.39,1449.63,1426.69,36824096831.0,0,2014-05-29 23:59:59
2014-05-30,1447.76,1432.03,1450.76,1432.03,36441485124.0,0,2014-05-30 23:59:59
2014-06-02,1432.67,1464.47,1475.11,1432.67,41085413396.0,0,2014-06-02 23:59:59
2014-06-03,1463.62,1472.83,1472.83,1449.78,35421804972.0,0,2014-06-03 23:59:59
2014-06-04,1472.06,1475.79,1482.68,1466.02,32306371771.0,0,2014-06-04 23:59:59
2014-06-05,1476.06,1470.7,1483.88,1465.87,36330897151.0,0,2014-06-05 23:59:59
2014-06-06,1470.73,1484.94,1486.59,1457.67,38599777176.0,0,2014-06-06 23:59:59
2014-06-09,1485.27,1485.39,1497.96,1484.27,26374925321.0,0,2014-06-09 23:59:59
2014-06-10,1485.24,1490.81,1490.81,1475.97,29430518122.0,0,2014-06-10 23:59:59
2014-06-11,1490.8,1501.18,1501.18,1487.42,28766800825.0,0,2014-06-11 23:59:59
2014-06-16,1501.17,1493.93,1501.17,1467.09,64386743439.0,0,2014-06-16 23:59:59
2014-06-17,1494.08,1486.38,1501.62,1479.97,31469206875.0,0,2014-06-17 23:59:59
2014-06-18,1486.47,1494.28,1500.39,1484.51,33911920376.0,0,2014-06-18 23:59:59
2014-06-19,1494.99,1495.09,1508.95,1493.52,33365816577.0,0,2014-06-19 23:59:59
2014-06-20,1494.87,1486.3,1496.0,1480.97,33968939809.0,0,2014-06-20 23:59:59
2014-06-23,1486.33,1486.3,1498.9,1478.63,27991633367.0,0,2014-06-23 23:59:59
2014-06-24,1487.1,1518.83,1519.09,1487.1,47131621979.0,0,2014-06-24 23:59:59
2014-06-25,1517.62,1481.95,1517.62,1479.28,39009853271.0,0,2014-06-25 23:59:59
2014-06-26,1482.13,1473.18,1489.68,1465.15,33389595355.0,0,2014-06-26 23:59:59
2014-06-27,1473.31,1477.32,1481.29,1467.94,24506324520.0,0,2014-06-27 23:59:59
2014-06-30,1477.29,1476.38,1478.43,1460.38,25738557239.0,0,2014-06-30 23:59:59
2014-07-01,1476.28,1482.92,1483.23,1461.45,24341254952.0,0,2014-07-01 23:59:59
2014-07-02,1482.91,1514.33,1514.33,1482.84,34698039203.0,0,2014-07-02 23:59:59
2014-07-03,1514.66,1514.47,1522.21,1510.66,29541346787.0,0,2014-07-03 23:59:59
2014-07-04,1515.53,1489.53,1516.36,1485.52,25432309583.0,0,2014-07-04 23:59:59
2014-07-07,1489.55,1513.72,1518.05,1484.27,26447591867.0,0,2014-07-07 23:59:59
2014-07-08,1513.76,1516.75,1532.08,1512.68,36406962321.0,0,2014-07-08 23:59:59
2014-07-09,1516.29,1513.38,1518.6,1496.79,28433619876.0,0,2014-07-09 23:59:59
2014-07-10,1513.37,1494.92,1521.88,1480.26,40593712934.0,0,2014-07-10 23:59:59
2014-07-11,1495.01,1499.82,1502.23,1488.84,27280591834.0,0,2014-07-11 23:59:59
2014-07-14,1500.29,1483.41,1502.68,1482.63,25874350380.0,0,2014-07-14 23:59:59
2014-07-15,1482.23,1475.77,1487.49,1471.95,31348119170.0,0,2014-07-15 23:59:59
2014-07-16,1475.68,1474.72,1482.6,1459.08,31471423221.0,0,2014-07-16 23:59:59
2014-07-17,1470.83,1440.63,1470.83,1429.08,46983315494.0,0,2014-07-17 23:59:59
2014-07-18,1440.54,1422.53,1440.54,1410.48,40033266979.0,0,2014-07-18 23:59:59
2014-07-21,1422.53,1384.5,1424.64,1384.5,39527909818.0,0,2014-07-21 23:59:59
2014-07-22,1386.14,1405.97,1414.21,1386.14,35820774896.0,0,2014-07-22 23:59:59
2014-07-23,1406.5,1406.58,1421.56,1395.74,29647055743.0,0,2014-07-23 23:59:59
2014-07-24,1405.58,1408.8,1410.75,1394.04,25372742027.0,0,2014-07-24 23:59:59
2014-07-25,1408.19,1388.41,1408.19,1386.14,29628586311.0,0,2014-07-25 23:59:59
2014-07-28,1387.12,1361.94,1387.14,1357.03,30461885017.0,0,2014-07-28 23:59:59
2014-07-29,1361.22,1369.83,1380.29,1356.62,35280719684.0,0,2014-07-29 23:59:59
2014-07-30,1368.72,1382.14,1403.6,1359.65,40179117327.0,0,2014-07-30 23:59:59
2014-07-31,1383.04,1379.61,1399.12,1376.48,29121177754.0,0,2014-07-31 23:59:59
2014-08-01,1378.03,1374.83,1378.1,1358.11,33134471815.0,0,2014-08-01 23:59:59
2014-08-04,1375.73,1378.98,1386.43,1365.01,26195753576.0,0,2014-08-04 23:59:59
2014-08-05,1379.5,1357.89,1383.36,1356.2,26258554225.0,0,2014-08-05 23:59:59
2014-08-06,1357.33,1334.66,1362.22,1333.37,44555802086.0,0,2014-08-06 23:59:59
2014-08-07,1333.39,1333.53,1340.84,1306.8,46389687389.0,0,2014-08-07 23:59:59
2014-08-08,1332.26,1348.21,1360.49,1329.1,34479528820.0,0,2014-08-08 23:59:59
2014-08-11,1350.42,1372.45,1379.22,1350.42,31225367926.0,0,2014-08-11 23:59:59
2014-08-12,1372.94,1374.19,1386.2,1368.1,30027011620.0,0,2014-08-12 23:59:59
2014-08-13,1373.64,1398.85,1402.38,1373.27,33763586053.0,0,2014-08-13 23:59:59
2014-08-14,1399.07,1407.53,1412.88,1391.65,32917275901.0,0,2014-08-14 23:59:59
2014-08-15,1407.57,1417.82,1425.76,1400.7,26772144978.0,0,2014-08-15 23:59:59
2014-08-18,1418.05,1425.18,1427.95,1415.35,18156608193.0,0,2014-08-18 23:59:59
2014-08-19,1425.18,1437.6,1441.42,1425.18,25673186641.0,0,2014-08-19 23:59:59
2014-08-20,1437.58,1447.5,1447.5,1432.63,25728795150.0,0,2014-08-20 23:59:59
2014-08-21,1447.12,1461.75,1469.44,1445.48,28439597629.0,0,2014-08-21 23:59:59
2014-08-22,1461.79,1446.6,1463.71,1434.09,28861993115.0,0,2014-08-22 23:59:59
2014-08-25,1446.86,1454.67,1456.72,1446.09,17577741392.0,0,2014-08-25 23:59:59
2014-08-26,1454.47,1443.32,1460.0,1441.42,19706721633.0,0,2014-08-26 23:59:59
2014-08-27,1444.28,1447.91,1454.96,1444.28,19549941365.0,0,2014-08-27 23:59:59
2014-08-28,1447.54,1423.78,1447.76,1414.18,43849484690.0,0,2014-08-28 23:59:59
2014-08-29,1423.56,1400.71,1428.72,1400.44,34660154972.0,0,2014-08-29 23:59:59
2014-09-01,1401.34,1392.4,1419.9,1389.77,34518068575.0,0,2014-09-01 23:59:59
2014-09-02,1392.27,1400.35,1401.68,1386.31,20818865093.0,0,2014-09-02 23:59:59
2014-09-03,1400.44,1449.29,1452.92,1400.44,56947742576.0,0,2014-09-03 23:59:59
2014-09-04,1449.51,1457.34,1462.03,1439.38,34234449476.0,0,2014-09-04 23:59:59
2014-09-05,1456.0,1474.71,1481.15,1446.95,37451362820.0,0,2014-09-05 23:59:59
2014-09-08,1474.38,1464.76,1478.26,1460.85,26433491805.0,0,2014-09-08 23:59:59
2014-09-09,1465.13,1468.17,1479.64,1465.13,22936789195.0,0,2014-09-09 23:59:59
2014-09-10,1466.99,1468.55,1472.23,1456.21,19594281049.0,0,2014-09-10 23:59:59
2014-09-11,1469.4,1449.63,1479.05,1449.1,30806370159.0,0,2014-09-11 23:59:59
2014-09-12,1449.4,1458.52,1470.49,1440.23,30540111711.0,0,2014-09-12 23:59:59
2014-09-15,1457.87,1454.19,1466.43,1441.26,36468665661.0,0,2014-09-15 23:59:59
2014-09-16,1454.13,1477.31,1483.66,1451.21,34534659889.0,0,2014-09-16 23:59:59
2014-09-17,1477.09,1449.37,1477.09,1437.73,43639537600.0,0,2014-09-17 23:59:59
2014-09-18,1449.37,1448.63,1460.13,1443.75,26613627505.0,0,2014-09-18 23:59:59
2014-09-19,1448.19,1431.58,1454.16,1423.44,41661321148.0,0,2014-09-19 23:59:59
2014-09-22,1431.12,1412.83,1436.21,1412.83,24222806047.0,0,2014-09-22 23:59:59
2014-09-23,1413.57,1429.45,1432.37,1413.49,25653683539.0,0,2014-09-23 23:59:59
2014-09-24,1429.97,1441.83,1447.44,1429.97,27112532783.0,0,2014-09-24 23:59:59
2014-09-25,1443.03,1436.05,1454.26,1435.31,28583336065.0,0,2014-09-25 23:59:59
2014-09-26,1435.09,1434.2,1440.87,1424.43,27264278974.0,0,2014-09-26 23:59:59
2014-09-29,1434.99,1408.28,1444.93,1405.94,28044716283.0,0,2014-09-29 23:59:59
2014-09-30,1409.07,1411.07,1428.09,1402.3,34379151559.0,0,2014-09-30 23:59:59
2014-10-01,1410.33,1399.99,1421.66,1399.61,28794881658.0,0,2014-10-01 23:59:59
2014-10-02,1399.21,1376.35,1400.79,1372.43,33543753262.0,0,2014-10-02 23:59:59
2014-10-03,1377.65,1384.66,1397.2,1375.66,27442688141.0,0,2014-10-03 23:59:59
2014-10-06,1385.97,1418.15,1424.35,1385.95,30502201300.0,0,2014-10-06 23:59:59
2014-10-07,1418.15,1403.48,1421.85,1399.51,25197385593.0,0,2014-10-07 23:59:59
2014-10-08,1403.56,1379.76,1403.56,1379.76,30130451650.0,0,2014-10-08 23:59:59
2014-10-09,1379.89,1384.33,1405.38,1379.89,31671675951.0,0,2014-10-09 23:59:59
2014-10-10,1382.17,1364.24,1382.17,1359.4,33138650374.0,0,2014-10-10 23:59:59
2014-10-13,1364.11,1383.93,1393.63,1358.01,28526206652.0,0,2014-10-13 23:59:59
2014-10-14,1383.69,1394.16,1408.56,1383.63,28680729591.0,0,2014-10-14 23:59:59
2014-10-15,1393.66,1377.09,1394.83,1374.51,27114234624.0,0,2014-10-15 23:59:59
2014-10-16,1377.43,1360.33,1393.4,1354.6,39682859305.0,0,2014-10-16 23:59:59
2014-10-17,1362.06,1384.72,1391.07,1362.06,30556742952.0,0,2014-10-17 23:59:59
2014-10-20,1385.26,1376.36,1395.92,1369.98,28265801696.0,0,2014-10-20 23:59:59
2014-10-21,1375.82,1383.35,1389.82,1361.53,30231469878.0,0,2014-10-21 23:59:59
2014-10-22,1384.16,1374.19,1392.42,1371.38,30095399433.0,0,2014-10-22 23:59:59
2014-10-23,1373.43,1372.92,1377.96,1355.24,34303057213.0,0,2014-10-23 23:59:59
2014-10-24,1372.4,1380.39,1381.83,1363.55,20593290051.0,0,2014-10-24 23:59:59
2014-10-27,1381.95,1394.27,1404.07,1381.95,29726383684.0,0,2014-10-27 23:59:59
2014-10-28,1394.75,1415.51,1422.75,1394.24,30758815931.0,0,2014-10-28 23:59:59
2014-10-29,1415.53,1439.58,1441.98,1411.0,36586717584.0,0,2014-10-29 23:59:59
2014-10-30,1438.8,1452.89,1456.88,1428.36,49073324158.0,0,2014-10-30 23:59:59
2014-10-31,1453.89,1488.47,1488.47,1453.89,51863127433.0,0,2014-10-31 23:59:59
2014-11-03,1488.15,1491.19,1495.86,1477.06,17481520523.0,0,2014-11-03 23:59:59
2014-11-05,1490.66,1495.26,1496.19,1471.25,35993706175.0,0,2014-11-05 23:59:59
2014-11-06,1495.47,1497.46,1521.14,1490.66,40485840607.0,0,2014-11-06 23:59:59
2014-11-07,1496.51,1497.11,1526.08,1486.37,62435787319.0,0,2014-11-07 23:59:59
2014-11-10,1498.62,1515.36,1518.73,1498.59,36072189835.0,0,2014-11-10 23:59:59
2014-11-11,1515.08,1514.78,1531.92,1511.53,38459111229.0,0,2014-11-11 23:59:59
2014-11-12,1514.85,1513.83,1524.72,1507.45,34100235041.0,0,2014-11-12 23:59:59
2014-11-13,1514.19,1492.27,1522.87,1492.27,39369641894.0,0,2014-11-13 23:59:59
2014-11-14,1491.75,1500.76,1507.93,1481.97,34296102848.0,0,2014-11-14 23:59:59
2014-11-17,1500.69,1507.1,1512.61,1494.81,25778674454.0,0,2014-11-17 23:59:59
2014-11-18,1506.78,1519.61,1524.8,1495.09,37626778528.0,0,2014-11-18 23:59:59
2014-11-19,1519.69,1517.97,1524.1,1513.68,31482266937.0,0,2014-11-19 23:59:59
2014-11-20,1518.1,1530.4,1535.97,1517.28,34907988979.0,0,2014-11-20 23:59:59
2014-11-21,1530.46,1538.93,1541.52,1515.01,36353481324.0,0,2014-11-21 23:59:59
2014-11-24,1539.95,1529.54,1541.75,1521.83,31750458256.0,0,2014-11-24 23:59:59
2014-11-25,1529.62,1529.57,1537.65,1516.18,27545836432.0,0,2014-11-25 23:59:59
2014-11-26,1528.83,1537.43,1537.43,1522.5,30877259958.0,0,2014-11-26 23:59:59
2014-11-27,1537.0,1531.69,1548.17,1528.06,39939357345.0,0,2014-11-27 23:59:59
2014-11-28,1531.34,1533.68,1540.07,1518.45,45610410708.0,0,2014-11-28 23:59:59
2014-12-01,1532.89,1578.38,1598.19,1525.35,62166248251.0,0,2014-12-01 23:59:59
2014-12-02,1578.4,1583.12,1596.96,1555.89,46843420167.0,0,2014-12-02 23:59:59
2014-12-03,1583.62,1606.84,1608.92,1578.93,47389306057.0,0,2014-12-03 23:59:59
2014-12-04,1606.75,1582.08,1623.02,1577.7,59378086980.0,0,2014-12-04 23:59:59
2014-12-05,1581.89,1529.2,1586.6,1528.65,44052547228.0,0,2014-12-05 23:59:59
2014-12-08,1529.73,1481.27,1551.66,1476.02,46772419082.0,0,2014-12-08 23:59:59
2014-12-09,1481.49,1475.22,1490.27,1459.77,43732135318.0,0,2014-12-09 23:59:59
2014-12-10,1475.93,1486.85,1514.63,1475.93,42337397882.0,0,2014-12-10 23:59:59
2014-12-11,1486.89,1455.04,1494.07,1442.79,50594982820.0,0,2014-12-11 23:59:59
2014-12-12,1453.8,1459.68,1488.4,1413.04,51200831401.0,0,2014-12-12 23:59:59
2014-12-15,1459.25,1424.99,1483.38,1402.83,68027939909.0,0,2014-12-15 23:59:59
2014-12-16,1424.72,1444.32,1484.06,1309.6,100830509677.0,0,2014-12-16 23:59:59
2014-12-17,1445.53,1413.79,1476.19,1389.63,81076784417.0,0,2014-12-17 23:59:59
2014-12-18,1417.41,1477.27,1506.13,1417.41,78761569805.0,0,2014-12-18 23:59:59
2014-12-19,1477.36,1449.13,1488.34,1417.68,44856913714.0,0,2014-12-19 23:59:59
2014-12-22,1452.95,1437.08,1466.34,1421.39,50209370839.0,0,2014-12-22 23:59:59
2014-12-23,1437.08,1398.2,1446.31,1391.38,42501810335.0,0,2014-12-23 23:59:59
2014-12-24,1398.2,1401.5,1411.56,1383.61,28015719243.0,0,2014-12-24 23:59:59
2014-12-25,1401.47,1408.54,1410.06,1383.91,23569010203.0,0,2014-12-25 23:59:59
2014-12-26,1409.02,1417.8,1432.41,1409.02,21938441630.0,0,2014-12-26 23:59:59
2014-12-29,1417.53,1432.94,1489.75,1409.1,31782008617.0,0,2014-12-29 23:59:59
2014-12-30,1429.68,1396.61,1430.01,1378.54,26156334473.0,0,2014-12-30 23:59:59
2015-01-05,1394.66,1435.66,1438.91,1390.53,15320687285.0,0,2015-01-05 23:59:59
2015-01-06,1435.39,1480.73,1481.35,1430.47,21268814897.0,0,2015-01-06 23:59:59
2015-01-08,1482.12,1547.39,1564.87,1481.93,35505063516.0,0,2015-01-08 23:59:59
2015-01-09,1547.61,1515.37,1557.96,1496.17,27223058410.0,0,2015-01-09 23:59:59
2015-01-12,1515.23,1513.22,1534.74,1503.49,23419055856.0,0,2015-01-12 23:59:59
2015-01-13,1513.21,1533.09,1543.59,1499.57,33133664935.0,0,2015-01-13 23:59:59
2015-01-14,1531.65,1554.46,1560.01,1524.69,32105492806.0,0,2015-01-14 23:59:59
2015-01-15,1556.96,1563.21,1586.22,1555.36,38679500660.0,0,2015-01-15 23:59:59
2015-01-16,1563.21,1591.43,1594.06,1551.01,30068854489.0,0,2015-01-16 23:59:59
2015-01-19,1590.54,1576.4,1627.53,1572.94,37167969626.0,0,2015-01-19 23:59:59
2015-01-20,1576.47,1570.97,1594.91,1561.8,31919504256.0,0,2015-01-20 23:59:59
2015-01-21,1570.59,1618.17,1619.32,1570.59,31259697570.0,0,2015-01-21 23:59:59
2015-01-22,1618.68,1666.56,1676.38,1618.52,50131522012.0,0,2015-01-22 23:59:59
2015-01-23,1667.99,1671.8,1700.78,1662.11,44311526698.0,0,2015-01-23 23:59:59
2015-01-26,1670.23,1642.37,1670.3,1622.02,36919529789.0,0,2015-01-26 23:59:59
2015-01-27,1642.31,1673.92,1681.46,1614.16,44461457724.0,0,2015-01-27 23:59:59
2015-01-28,1675.3,1647.71,1706.39,1643.42,43016957356.0,0,2015-01-28 23:59:59
2015-01-29,1647.11,1639.65,1675.57,1639.65,38654354336.0,0,2015-01-29 23:59:59
2015-01-30,1640.56,1647.69,1664.73,1631.55,43391401113.0,0,2015-01-30 23:59:59
2015-02-02,1647.74,1625.31,1663.94,1616.27,43204113857.0,0,2015-02-02 23:59:59
2015-02-03,1626.65,1654.36,1667.59,1626.65,36684677691.0,0,2015-02-03 23:59:59
2015-02-04,1655.5,1656.02,1665.09,1643.24,28406694409.0,0,2015-02-04 23:59:59
2015-02-05,1654.97,1696.06,1698.83,1642.51,47193997103.0,0,2015-02-05 23:59:59
2015-02-06,1696.96,1755.45,1762.39,1696.96,54221952383.0,0,2015-02-06 23:59:59
2015-02-09,1755.7,1748.55,1830.0,1740.58,63280101174.0,0,2015-02-09 23:59:59
2015-02-10,1748.02,1742.35,1774.06,1729.77,32450702270.0,0,2015-02-10 23:59:59
2015-02-11,1744.86,1763.6,1787.77,1744.86,38491876240.0,0,2015-02-11 23:59:59
2015-02-12,1764.24,1802.8,1816.76,1747.85,85319933357.0,0,2015-02-12 23:59:59
2015-02-13,1802.88,1838.18,1839.71,1802.88,75313894394.0,0,2015-02-13 23:59:59
2015-02-16,1838.21,1800.59,1848.15,1785.54,36790994748.0,0,2015-02-16 23:59:59
2015-02-17,1800.92,1793.82,1842.59,1781.8,52881168864.0,0,2015-02-17 23:59:59
2015-02-18,1795.83,1809.67,1833.14,1795.59,49388542824.0,0,2015-02-18 23:59:59
2015-02-19,1809.67,1797.87,1819.89,1757.33,47713577864.0,0,2015-02-19 23:59:59
2015-02-20,1797.88,1792.7,1809.24,1780.0,31928247145.0,0,2015-02-20 23:59:59
2015-02-24,1786.49,1772.16,1786.49,1754.81,29693757499.0,0,2015-02-24 23:59:59
2015-02-25,1772.4,1746.23,1773.73,1727.7,34882084448.0,0,2015-02-25 23:59:59
2015-02-26,1746.79,1760.66,1769.53,1735.27,40878525521.0,0,2015-02-26 23:59:59
2015-02-27,1760.67,1758.97,1769.22,1740.91,34816153558.0,0,2015-02-27 23:59:59
2015-03-02,1759.25,1783.34,1789.54,1759.18,28597842943.0,0,2015-03-02 23:59:59
2015-03-03,1783.44,1807.7,1825.94,1769.58,41033146650.0,0,2015-03-03 23:59:59
2015-03-04,1807.71,1759.35,1816.23,1756.33,32963701938.0,0,2015-03-04 23:59:59
2015-03-05,1760.67,1760.55,1792.04,1746.06,42976918874.0,0,2015-03-05 23:59:59
2015-03-06,1761.29,1728.55,1766.86,1723.09,28339130028.0,0,2015-03-06 23:59:59
2015-03-10,1726.86,1665.38,1726.86,1663.86,41262700014.0,0,2015-03-10 23:59:59
2015-03-11,1665.41,1671.47,1692.31,1655.32,36032409936.0,0,2015-03-11 23:59:59
2015-03-12,1671.71,1664.7,1681.09,1656.35,28247784352.0,0,2015-03-12 23:59:59
2015-03-13,1664.59,1627.88,1669.05,1621.86,34064154241.0,0,2015-03-13 23:59:59
2015-03-16,1626.77,1609.85,1636.16,1609.82,35828098909.0,0,2015-03-16 23:59:59
2015-03-17,1609.96,1611.69,1627.54,1603.78,33791281594.0,0,2015-03-17 23:59:59
2015-03-18,1611.74,1632.12,1640.27,1611.74,28577123436.0,0,2015-03-18 23:59:59
2015-03-19,1634.77,1607.97,1652.73,1607.25,34622152099.0,0,2015-03-19 23:59:59
2015-03-20,1607.97,1628.64,1641.84,1599.57,57392320231.0,0,2015-03-20 23:59:59
2015-03-23,1629.29,1602.85,1639.06,1597.64,31172311202.0,0,2015-03-23 23:59:59
2015-03-24,1602.33,1618.62,1623.88,1590.59,28491305662.0,0,2015-03-24 23:59:59
2015-03-25,1618.62,1615.5,1626.05,1595.9,27484903291.0,0,2015-03-25 23:59:59
2015-03-26,1615.54,1581.84,1633.27,1574.11,36714811490.0,0,2015-03-26 23:59:59
2015-03-27,1581.84,1571.55,1594.38,1569.61,28812026020.0,0,2015-03-27 23:59:59
2015-03-30,1571.77,1612.84,1615.55,1571.62,28725942381.0,0,2015-03-30 23:59:59
2015-03-31,1612.93,1626.18,1626.18,1606.24,34922940768.0,0,2015-03-31 23:59:59
2015-04-01,1625.21,1661.9,1663.17,1613.77,38455199985.0,0,2015-04-01 23:59:59
2015-04-02,1661.9,1679.24,1682.29,1656.23,36856529940.0,0,2015-04-02 23:59:59
2015-04-03,1679.61,1681.47,1692.95,1676.47,19351904486.0,0,2015-04-03 23:59:59
2015-04-06,1681.8,1700.64,1701.24,1679.3,24923955152.0,0,2015-04-06 23:59:59
2015-04-07,1700.64,1695.64,1709.88,1684.17,42156302192.0,0,2015-04-07 23:59:59
2015-04-08,1695.51,1683.63,1695.59,1669.88,33256561914.0,0,2015-04-08 23:59:59
2015-04-09,1683.1,1667.6,1683.1,1648.36,54277594144.0,0,2015-04-09 23:59:59
2015-04-10,1667.62,1657.02,1674.48,1635.85,45171576856.0,0,2015-04-10 23:59:59
2015-04-13,1657.1,1678.19,1694.94,1654.49,40607797915.0,0,2015-04-13 23:59:59
2015-04-14,1678.43,1647.39,1678.5,1641.8,35730708154.0,0,2015-04-14 23:59:59
2015-04-15,1647.29,1677.7,1681.83,1643.11,40037734888.0,0,2015-04-15 23:59:59
2015-04-16,1678.04,1686.79,1689.29,1661.38,44360086518.0,0,2015-04-16 23:59:59
2015-04-17,1686.79,1656.59,1694.08,1656.59,46513599503.0,0,2015-04-17 23:59:59
2015-04-20,1657.63,1683.24,1691.93,1655.75,42410329020.0,0,2015-04-20 23:59:59
2015-04-21,1683.51,1710.24,1711.34,1682.94,35500021585.0,0,2015-04-21 23:59:59
2015-04-22,1710.13,1677.56,1712.91,1669.11,36991171384.0,0,2015-04-22 23:59:59
2015-04-23,1677.89,1662.64,1678.58,1633.12,45687528041.0,0,2015-04-23 23:59:59
2015-04-24,1663.15,1682.7,1689.71,1657.66,40403690139.0,0,2015-04-24 23:59:59
2015-04-27,1682.82,1677.22,1698.65,1677.22,30771789361.0,0,2015-04-27 23:59:59
2015-04-28,1676.32,1677.89,1682.19,1667.34,29507739404.0,0,2015-04-28 23:59:59
2015-04-29,1677.89,1670.99,1694.28,1666.52,26159937335.0,0,2015-04-29 23:59:59
2015-04-30,1670.99,1688.34,1692.32,1668.5,30289406992.0,0,2015-04-30 23:59:59
2015-05-05,1689.55,1721.8,1734.34,1689.2,43125027992.0,0,2015-05-05 23:59:59
2015-05-06,1722.16,1714.31,1723.45,1697.86,34467683587.0,0,2015-05-06 23:59:59
2015-05-07,1713.09,1686.98,1713.09,1676.21,31098521960.0,0,2015-05-07 23:59:59
2015-05-08,1686.94,1708.52,1713.6,1684.09,27195697237.0,0,2015-05-08 23:59:59
2015-05-12,1708.42,1704.62,1720.01,1689.29,36154421259.0,0,2015-05-12 23:59:59
2015-05-13,1704.5,1682.26,1708.47,1681.08,34856325968.0,0,2015-05-13 23:59:59
2015-05-14,1682.26,1677.57,1694.79,1672.2,28121728762.0,0,2015-05-14 23:59:59
2015-05-15,1677.77,1691.46,1694.9,1677.77,27819799310.0,0,2015-05-15 23:59:59
2015-05-18,1691.53,1678.55,1696.49,1677.69,24398276737.0,0,2015-05-18 23:59:59
2015-05-19,1678.31,1659.36,1681.24,1646.85,29501962952.0,0,2015-05-19 23:59:59
2015-05-20,1659.18,1636.86,1662.19,1631.77,27479614193.0,0,2015-05-20 23:59:59
2015-05-21,1637.14,1659.33,1663.24,1632.43,33027683176.0,0,2015-05-21 23:59:59
2015-05-22,1659.47,1665.66,1667.92,1653.03,30634884998.0,0,2015-05-22 23:59:59
2015-05-25,1665.75,1655.4,1666.38,1641.96,20420948220.0,0,2015-05-25 23:59:59
2015-05-26,1655.85,1651.66,1666.87,1646.09,28194503099.0,0,2015-05-26 23:59:59
2015-05-27,1651.73,1660.98,1664.29,1637.42,35786417716.0,0,2015-05-27 23:59:59
2015-05-28,1660.65,1657.62,1678.64,1656.17,30309010225.0,0,2015-05-28 23:59:59
2015-05-29,1657.67,1609.19,1680.07,1609.19,51758857860.0,0,2015-05-29 23:59:59
2015-06-01,1610.07,1616.94,1640.93,1610.07,30875246625.0,0,2015-06-01 23:59:59
2015-06-02,1616.97,1643.41,1650.64,1612.78,28435405398.0,0,2015-06-02 23:59:59
2015-06-03,1643.99,1628.87,1653.53,1615.96,36210821998.0,0,2015-06-03 23:59:59
2015-06-04,1628.8,1638.07,1644.36,1627.02,33645228033.0,0,2015-06-04 23:59:59
2015-06-05,1638.12,1652.07,1652.07,1633.49,27827873364.0,0,2015-06-05 23:59:59
2015-06-08,1652.21,1646.89,1668.5,1642.19,28510700896.0,0,2015-06-08 23:59:59
2015-06-09,1646.89,1664.01,1666.06,1637.38,29188778226.0,0,2015-06-09 23:59:59
2015-06-10,1664.03,1653.09,1667.2,1650.89,26617709919.0,0,2015-06-10 23:59:59
2015-06-11,1653.06,1652.24,1654.91,1638.13,27749015557.0,0,2015-06-11 23:59:59
2015-06-15,1652.29,1657.29,1658.32,1629.81,35364479772.0,0,2015-06-15 23:59:59
2015-06-16,1657.37,1668.82,1674.11,1649.16,26617346477.0,0,2015-06-16 23:59:59
2015-06-17,1668.84,1664.66,1678.91,1661.75,24988440340.0,0,2015-06-17 23:59:59
2015-06-18,1664.65,1660.14,1671.88,1658.41,23118394361.0,0,2015-06-18 23:59:59
2015-06-19,1660.56,1663.03,1665.71,1655.53,26196350748.0,0,2015-06-19 23:59:59
2015-06-22,1664.11,1671.8,1679.42,1663.35,25538988011.0,0,2015-06-22 23:59:59
2015-06-23,1672.27,1657.23,1676.22,1656.39,21998214130.0,0,2015-06-23 23:59:59
2015-06-24,1658.03,1651.85,1664.57,1642.08,22392108289.0,0,2015-06-24 23:59:59
2015-06-25,1651.14,1631.99,1655.8,1631.99,19923930891.0,0,2015-06-25 23:59:59
2015-06-26,1631.92,1644.45,1647.81,1626.87,25595703087.0,0,2015-06-26 23:59:59
2015-06-29,1644.45,1634.93,1644.45,1625.71,19158469469.0,0,2015-06-29 23:59:59
2015-06-30,1634.93,1654.55,1655.25,1626.02,28374822458.0,0,2015-06-30 23:59:59
2015-07-01,1654.57,1639.7,1659.97,1638.44,25085292936.0,0,2015-07-01 23:59:59
2015-07-02,1639.78,1641.05,1646.96,1633.69,20472966669.0,0,2015-07-02 23:59:59
2015-07-03,1641.01,1631.65,1642.2,1625.42,14641565563.0,0,2015-07-03 23:59:59
2015-07-06,1627.71,1621.27,1627.71,1613.71,25053084669.0,0,2015-07-06 23:59:59
2015-07-07,1621.35,1614.14,1629.59,1606.28,28421883734.0,0,2015-07-07 23:59:59
2015-07-08,1614.14,1595.0,1616.6,1573.95,34970227613.0,0,2015-07-08 23:59:59
2015-07-09,1595.08,1614.59,1614.85,1595.02,24711741425.0,0,2015-07-09 23:59:59
2015-07-10,1615.11,1623.99,1625.59,1614.93,26147626552.0,0,2015-07-10 23:59:59
2015-07-13,1618.23,1642.97,1642.97,1617.17,36864576019.0,0,2015-07-13 23:59:59
2015-07-14,1643.0,1647.01,1647.01,1626.09,32488836341.0,0,2015-07-14 23:59:59
2015-07-15,1638.3,1641.22,1644.01,1626.17,28224216593.0,0,2015-07-15 23:59:59
2015-07-16,1640.81,1652.59,1652.97,1636.99,20173536045.0,0,2015-07-16 23:59:59
2015-07-17,1652.52,1650.08,1660.0,1646.37,22136563101.0,0,2015-07-17 23:59:59
2015-07-20,1650.09,1626.76,1652.05,1619.44,22460865407.0,0,2015-07-20 23:59:59
2015-07-21,1627.19,1635.69,1639.92,1618.58,25349323922.0,0,2015-07-21 23:59:59
2015-07-22,1634.89,1635.63,1635.63,1620.47,26862692731.0,0,2015-07-22 23:59:59
2015-07-23,1634.79,1616.14,1634.9,1614.97,23062741161.0,0,2015-07-23 23:59:59
2015-07-24,1615.69,1595.61,1622.3,1593.07,28837860037.0,0,2015-07-24 23:59:59
2015-07-27,1595.5,1584.92,1599.25,1570.46,35777910902.0,0,2015-07-27 23:59:59
2015-07-28,1584.92,1604.5,1610.7,1577.99,36511095579.0,0,2015-07-28 23:59:59
2015-07-29,1604.56,1622.32,1624.64,1600.31,29880161765.0,0,2015-07-29 23:59:59
2015-07-30,1622.69,1636.72,1638.51,1620.24,26758851204.0,0,2015-07-30 23:59:59
2015-07-31,1636.72,1669.0,1669.0,1630.18,38825213612.0,0,2015-07-31 23:59:59
2015-08-03,1668.13,1663.74,1676.26,1654.45,28020770408.0,0,2015-08-03 23:59:59
2015-08-04,1663.31,1674.46,1676.58,1659.16,28420615882.0,0,2015-08-04 23:59:59
2015-08-05,1674.63,1693.07,1696.8,1665.12,32158856424.0,0,2015-08-05 23:59:59
2015-08-06,1693.07,1675.71,1698.3,1670.57,31888293343.0,0,2015-08-06 23:59:59
2015-08-07,1676.75,1690.44,1695.39,1676.75,23675267619.0,0,2015-08-07 23:59:59
2015-08-10,1690.47,1702.02,1702.7,1674.35,26308036402.0,0,2015-08-10 23:59:59
2015-08-11,1702.02,1697.87,1721.32,1694.61,31498785759.0,0,2015-08-11 23:59:59
2015-08-12,1697.9,1697.65,1703.59,1683.3,28603044801.0,0,2015-08-12 23:59:59
2015-08-13,1697.59,1704.11,1713.25,1689.99,26640564079.0,0,2015-08-13 23:59:59
2015-08-14,1704.14,1712.47,1723.32,1699.32,25961503163.0,0,2015-08-14 23:59:59
2015-08-17,1712.48,1707.95,1714.94,1694.54,26216456403.0,0,2015-08-17 23:59:59
2015-08-18,1707.95,1691.24,1707.95,1685.83,22759319652.0,0,2015-08-18 23:59:59
2015-08-19,1691.29,1673.86,1701.42,1665.62,27424132779.0,0,2015-08-19 23:59:59
2015-08-20,1673.96,1695.57,1697.7,1668.66,31893911929.0,0,2015-08-20 23:59:59
2015-08-21,1695.48,1663.31,1695.48,1663.31,31172587927.0,0,2015-08-21 23:59:59
2015-08-24,1659.31,1634.14,1659.31,1603.72,55532446893.0,0,2015-08-24 23:59:59
2015-08-25,1634.35,1658.13,1672.38,1634.35,38323733852.0,0,2015-08-25 23:59:59
2015-08-26,1658.32,1660.95,1675.07,1633.45,33226599969.0,0,2015-08-26 23:59:59
2015-08-27,1661.0,1695.22,1697.22,1661.0,36548264407.0,0,2015-08-27 23:59:59
2015-08-28,1695.23,1719.16,1723.18,1690.32,39788854447.0,0,2015-08-28 23:59:59
2015-08-31,1718.06,1733.17,1733.17,1706.96,31957846027.0,0,2015-08-31 23:59:59
2015-09-01,1732.9,1697.99,1733.68,1689.24,36516353193.0,0,2015-09-01 23:59:59
2015-09-02,1697.98,1690.82,1716.97,1687.09,32130359306.0,0,2015-09-02 23:59:59
2015-09-03,1690.83,1710.57,1717.15,1690.83,28714831441.0,0,2015-09-03 23:59:59
2015-09-04,1710.58,1698.16,1712.74,1691.69,22594867129.0,0,2015-09-04 23:59:59
2015-09-07,1698.16,1701.18,1708.58,1695.62,15677356931.0,0,2015-09-07 23:59:59
2015-09-08,1701.82,1714.18,1732.63,1701.82,24740272103.0,0,2015-09-08 23:59:59
2015-09-09,1715.73,1722.43,1735.84,1715.73,25665866136.0,0,2015-09-09 23:59:59
2015-09-10,1722.05,1718.9,1730.1,1710.46,26313587477.0,0,2015-09-10 23:59:59
2015-09-11,1718.88,1718.06,1727.89,1713.03,20355564692.0,0,2015-09-11 23:59:59
2015-09-14,1717.6,1729.75,1740.22,1716.12,23254616054.0,0,2015-09-14 23:59:59
2015-09-15,1729.91,1716.26,1731.49,1708.46,22870828140.0,0,2015-09-15 23:59:59
2015-09-16,1716.27,1731.81,1734.05,1716.24,31761743733.0,0,2015-09-16 23:59:59
2015-09-17,1731.81,1729.2,1735.5,1722.44,23027197955.0,0,2015-09-17 23:59:59
2015-09-18,1730.15,1710.84,1739.55,1703.22,37314026508.0,0,2015-09-18 23:59:59
2015-09-21,1710.87,1699.72,1719.18,1697.3,24417883513.0,0,2015-09-21 23:59:59
2015-09-22,1699.92,1664.25,1702.47,1656.18,35910313194.0,0,2015-09-22 23:59:59
2015-09-23,1664.27,1640.7,1667.03,1638.18,34893774005.0,0,2015-09-23 23:59:59
2015-09-24,1640.7,1621.43,1641.77,1611.89,35934108194.0,0,2015-09-24 23:59:59
2015-09-25,1621.44,1639.64,1648.3,1621.43,28866983905.0,0,2015-09-25 23:59:59
2015-09-28,1639.64,1616.36,1643.94,1614.35,24565309868.0,0,2015-09-28 23:59:59
2015-09-29,1616.36,1630.51,1635.46,1606.83,24978201787.0,0,2015-09-29 23:59:59
2015-09-30,1630.53,1642.97,1654.38,1630.53,30818293880.0,0,2015-09-30 23:59:59
2015-10-01,1644.52,1626.97,1649.57,1616.85,28123517312.0,0,2015-10-01 23:59:59
2015-10-02,1627.07,1612.56,1630.77,1603.46,25808649289.0,0,2015-10-02 23:59:59
2015-10-05,1612.71,1652.47,1654.73,1612.71,31964330042.0,0,2015-10-05 23:59:59
2015-10-06,1652.49,1670.69,1670.69,1649.46,31262998864.0,0,2015-10-06 23:59:59
2015-10-07,1670.68,1679.49,1679.49,1656.38,45806350106.0,0,2015-10-07 23:59:59
2015-10-08,1679.36,1689.32,1691.95,1660.37,45815083216.0,0,2015-10-08 23:59:59
2015-10-09,1690.66,1728.44,1734.75,1690.62,59473358331.0,0,2015-10-09 23:59:59
2015-10-12,1728.43,1710.6,1739.29,1699.74,39708317518.0,0,2015-10-12 23:59:59
2015-10-13,1710.6,1720.81,1720.81,1697.54,28711587828.0,0,2015-10-13 23:59:59
2015-10-14,1720.8,1723.01,1731.57,1704.22,31761495366.0,0,2015-10-14 23:59:59
2015-10-15,1722.84,1731.91,1746.67,1722.68,35430022350.0,0,2015-10-15 23:59:59
2015-10-16,1731.9,1717.0,1746.07,1715.01,36611957731.0,0,2015-10-16 23:59:59
2015-10-19,1717.09,1716.08,1722.49,1702.4,31353900203.0,0,2015-10-19 23:59:59
2015-10-20,1716.15,1722.62,1722.62,1702.42,34615935057.0,0,2015-10-20 23:59:59
2015-10-21,1722.7,1709.94,1722.9,1702.14,32619973850.0,0,2015-10-21 23:59:59
2015-10-22,1709.93,1712.1,1718.82,1702.65,27704269672.0,0,2015-10-22 23:59:59
2015-10-23,1713.65,1725.45,1734.98,1710.36,37253440247.0,0,2015-10-23 23:59:59
2015-10-26,1725.51,1712.13,1731.6,1696.77,38058579778.0,0,2015-10-26 23:59:59
2015-10-27,1712.23,1725.89,1725.89,1692.28,38391287349.0,0,2015-10-27 23:59:59
2015-10-28,1725.91,1726.61,1727.39,1708.38,34408752591.0,0,2015-10-28 23:59:59
2015-10-29,1725.9,1708.6,1727.3,1707.12,29451902808.0,0,2015-10-29 23:59:59
2015-10-30,1708.51,1711.53,1723.04,1699.25,26566212454.0,0,2015-10-30 23:59:59
2015-11-02,1710.9,1735.75,1737.18,1701.25,27528642884.0,0,2015-11-02 23:59:59
2015-11-03,1735.76,1763.6,1766.85,1734.22,38616091650.0,0,2015-11-03 23:59:59
2015-11-05,1764.94,1766.28,1784.42,1762.01,39011014458.0,0,2015-11-05 23:59:59
2015-11-06,1766.18,1754.36,1778.18,1746.17,32548113463.0,0,2015-11-06 23:59:59
2015-11-09,1754.19,1751.44,1763.52,1742.36,24346689110.0,0,2015-11-09 23:59:59
2015-11-10,1751.45,1746.94,1754.61,1734.34,24785834899.0,0,2015-11-10 23:59:59
2015-11-11,1747.02,1740.56,1756.09,1733.61,27352629549.0,0,2015-11-11 23:59:59
2015-11-12,1739.29,1739.96,1750.71,1732.5,28871426903.0,0,2015-11-12 23:59:59
2015-11-13,1739.84,1728.17,1744.12,1723.42,30416876242.0,0,2015-11-13 23:59:59
2015-11-16,1728.12,1739.8,1751.67,1726.31,30250393068.0,0,2015-11-16 23:59:59
2015-11-17,1740.98,1787.23,1792.88,1740.82,51356679699.0,0,2015-11-17 23:59:59
2015-11-18,1787.11,1810.48,1820.38,1785.1,44452288316.0,0,2015-11-18 23:59:59
2015-11-19,1811.89,1811.2,1842.14,1805.41,54358055063.0,0,2015-11-19 23:59:59
2015-11-20,1810.03,1826.72,1831.77,1797.93,34544521129.0,0,2015-11-20 23:59:59
2015-11-23,1826.87,1868.07,1868.66,1811.85,47433558589.0,0,2015-11-23 23:59:59
2015-11-24,1868.08,1810.05,1873.53,1798.73,54471301838.0,0,2015-11-24 23:59:59
2015-11-25,1810.02,1833.53,1837.06,1808.88,36048441250.0,0,2015-11-25 23:59:59
2015-11-26,1833.97,1828.3,1850.39,1816.58,28497751669.0,0,2015-11-26 23:59:59
2015-11-27,1828.32,1795.7,1828.32,1790.68,30879408712.0,0,2015-11-27 23:59:59
2015-11-30,1794.25,1771.05,1807.57,1771.05,37718548385.0,0,2015-11-30 23:59:59
2015-12-01,1771.05,1772.97,1785.29,1763.05,30147725961.0,0,2015-12-01 23:59:59
2015-12-02,1773.49,1770.13,1793.27,1760.51,28668714824.0,0,2015-12-02 23:59:59
2015-12-03,1770.1,1787.23,1792.38,1764.86,31739618819.0,0,2015-12-03 23:59:59
2015-12-04,1786.55,1755.22,1798.91,1741.6,38557264636.0,0,2015-12-04 23:59:59
2015-12-07,1756.11,1741.14,1767.34,1735.01,31536716363.0,0,2015-12-07 23:59:59
2015-12-08,1740.64,1718.77,1741.79,1712.87,40266957457.0,0,2015-12-08 23:59:59
2015-12-09,1719.84,1733.09,1740.47,1719.44,33971507366.0,0,2015-12-09 23:59:59
2015-12-10,1732.65,1732.89,1747.56,1723.3,30034822699.0,0,2015-12-10 23:59:59
2015-12-11,1732.9,1720.31,1732.91,1711.81,27222724797.0,0,2015-12-11 23:59:59
2015-12-14,1720.37,1708.7,1721.48,1698.9,36354674094.0,0,2015-12-14 23:59:59
2015-12-15,1708.89,1742.46,1749.52,1708.89,35264056024.0,0,2015-12-15 23:59:59
2015-12-16,1743.03,1754.71,1759.09,1743.03,27528361110.0,0,2015-12-16 23:59:59
2015-12-17,1754.74,1780.97,1786.18,1754.74,41887265524.0,0,2015-12-17 23:59:59
2015-12-18,1779.42,1719.16,1779.42,1719.16,43830949583.0,0,2015-12-18 23:59:59
2015-12-21,1719.44,1716.91,1737.12,1710.32,27784033639.0,0,2015-12-21 23:59:59
2015-12-22,1716.92,1723.35,1729.08,1715.0,20336931490.0,0,2015-12-22 23:59:59
2015-12-23,1718.65,1747.85,1747.85,1718.65,27157609995.0,0,2015-12-23 23:59:59
2015-12-24,1747.86,1742.71,1757.5,1738.72,23442337367.0,0,2015-12-24 23:59:59
2015-12-25,1743.77,1734.21,1745.96,1728.27,10322254757.0,0,2015-12-25 23:59:59
2015-12-28,1734.21,1731.2,1736.19,1722.9,12979267170.0,0,2015-12-28 23:59:59
2015-12-29,1728.23,1763.38,1763.38,1727.05,22416969693.0,0,2015-12-29 23:59:59
2015-12-30,1763.71,1761.36,1770.79,1751.37,24135459615.0,0,2015-12-30 23:59:59
2016-01-04,1761.42,1734.56,1762.78,1731.4,15184059638.0,0,2016-01-04 23:59:59
2016-01-05,1734.55,1754.13,1754.33,1731.63,18096848155.0,0,2016-01-05 23:59:59
2016-01-06,1753.75,1748.57,1758.76,1738.84,15863769598.0,0,2016-01-06 23:59:59
2016-01-11,1748.04,1682.54,1748.06,1681.58,31299887238.0,0,2016-01-11 23:59:59
2016-01-12,1682.72,1690.3,1705.23,1660.15,32959612040.0,0,2016-01-12 23:59:59
2016-01-13,1692.48,1684.78,1709.08,1682.3,27040723765.0,0,2016-01-13 23:59:59
2016-01-14,1684.77,1680.77,1685.63,1658.8,31609765726.0,0,2016-01-14 23:59:59
2016-01-15,1680.81,1608.36,1686.85,1597.62,50283185458.0,0,2016-01-15 23:59:59
2016-01-18,1607.88,1622.43,1631.58,1583.02,32366912468.0,0,2016-01-18 23:59:59
2016-01-19,1622.53,1645.56,1675.01,1622.53,37157904981.0,0,2016-01-19 23:59:59
2016-01-20,1641.62,1630.39,1641.62,1601.64,39821132337.0,0,2016-01-20 23:59:59
2016-01-21,1630.57,1677.19,1684.08,1630.17,43326301552.0,0,2016-01-21 23:59:59
2016-01-22,1683.75,1717.98,1730.24,1682.89,60488647098.0,0,2016-01-22 23:59:59
2016-01-25,1718.25,1716.56,1726.96,1700.35,34894234976.0,0,2016-01-25 23:59:59
2016-01-26,1716.86,1705.01,1719.09,1695.66,34002423384.0,0,2016-01-26 23:59:59
2016-01-27,1705.1,1747.57,1747.57,1705.1,37416392162.0,0,2016-01-27 23:59:59
2016-01-28,1747.63,1771.93,1771.93,1739.8,49890474263.0,0,2016-01-28 23:59:59
2016-01-29,1772.01,1784.92,1788.29,1758.6,51457275614.0,0,2016-01-29 23:59:59
2016-02-01,1785.01,1773.21,1785.08,1760.22,31043356045.0,0,2016-02-01 23:59:59
2016-02-02,1771.37,1758.26,1785.75,1749.87,38671518377.0,0,2016-02-02 23:59:59
2016-02-03,1757.9,1746.35,1766.28,1744.73,31399278725.0,0,2016-02-03 23:59:59
2016-02-04,1745.21,1787.93,1792.48,1745.21,44900362749.0,0,2016-02-04 23:59:59
2016-02-05,1786.7,1780.59,1796.48,1772.26,28320335549.0,0,2016-02-05 23:59:59
2016-02-08,1780.26,1744.27,1784.56,1737.02,33814129704.0,0,2016-02-08 23:59:59
2016-02-09,1744.17,1723.36,1752.95,1715.0,37373681578.0,0,2016-02-09 23:59:59
2016-02-10,1722.5,1730.83,1740.72,1710.21,32150971589.0,0,2016-02-10 23:59:59
2016-02-11,1729.42,1711.58,1729.42,1688.06,39462082110.0,0,2016-02-11 23:59:59
2016-02-12,1711.6,1726.04,1733.67,1711.6,29057999447.0,0,2016-02-12 23:59:59
2016-02-15,1726.08,1738.54,1746.43,1726.08,24247759999.0,0,2016-02-15 23:59:59
2016-02-16,1738.89,1753.86,1758.19,1738.89,34532761465.0,0,2016-02-16 23:59:59
2016-02-17,1753.86,1770.31,1776.93,1750.04,34413040963.0,0,2016-02-17 23:59:59
2016-02-18,1770.3,1807.21,1807.55,1770.3,41792675530.0,0,2016-02-18 23:59:59
2016-02-19,1805.82,1793.37,1805.82,1778.96,39618767600.0,0,2016-02-19 23:59:59
2016-02-20,1793.68,1790.15,1798.77,1786.92,5664688455.0,0,2016-02-20 23:59:59
2016-02-22,1790.46,1822.38,1825.0,1790.46,20518229824.0,0,2016-02-22 23:59:59
2016-02-24,1811.08,1797.27,1812.94,1784.54,31529049244.0,0,2016-02-24 23:59:59
2016-02-25,1802.37,1803.89,1819.19,1777.7,36117737702.0,0,2016-02-25 23:59:59
2016-02-26,1815.99,1816.73,1831.7,1811.66,42036927929.0,0,2016-02-26 23:59:59
2016-02-29,1811.53,1840.17,1841.56,1798.51,37246813480.0,0,2016-02-29 23:59:59
2016-03-01,1841.43,1844.17,1851.88,1838.41,34696163781.0,0,2016-03-01 23:59:59
2016-03-02,1853.32,1832.84,1856.08,1826.41,31781946857.0,0,2016-03-02 23:59:59
2016-03-03,1836.07,1858.69,1863.95,1836.07,35548516895.0,0,2016-03-03 23:59:59
2016-03-04,1863.15,1878.29,1878.29,1853.81,32995033341.0,0,2016-03-04 23:59:59
2016-03-07,1883.38,1909.57,1909.57,1883.38,29139566559.0,0,2016-03-07 23:59:59
2016-03-09,1899.19,1883.0,1906.99,1875.51,35945669833.0,0,2016-03-09 23:59:59
2016-03-10,1885.97,1884.63,1896.06,1875.62,36327060323.0,0,2016-03-10 23:59:59
2016-03-11,1886.85,1876.54,1888.77,1868.22,32491751021.0,0,2016-03-11 23:59:59
2016-03-14,1877.23,1865.31,1880.41,1857.19,29994346619.0,0,2016-03-14 23:59:59
2016-03-15,1871.79,1855.06,1879.0,1851.49,53967177166.0,0,2016-03-15 23:59:59
2016-03-16,1858.01,1871.2,1871.2,1852.92,29604448507.0,0,2016-03-16 23:59:59
2016-03-17,1876.61,1890.79,1900.12,1874.39,48983666812.0,0,2016-03-17 23:59:59
2016-03-18,1892.81,1914.02,1923.5,1885.15,60565280404.0,0,2016-03-18 23:59:59
2016-03-21,1905.96,1904.5,1906.34,1886.76,42865443241.0,0,2016-03-21 23:59:59
2016-03-22,1905.76,1903.47,1916.27,1888.59,45321565756.0,0,2016-03-22 23:59:59
2016-03-23,1900.09,1879.89,1906.38,1869.32,37273500027.0,0,2016-03-23 23:59:59
2016-03-24,1872.88,1866.67,1875.27,1857.27,31754146564.0,0,2016-03-24 23:59:59
2016-03-25,1869.6,1866.23,1879.79,1865.37,10495346205.0,0,2016-03-25 23:59:59
2016-03-28,1871.93,1849.31,1879.47,1844.73,18025672622.0,0,2016-03-28 23:59:59
2016-03-29,1849.11,1845.2,1850.93,1825.99,31387821379.0,0,2016-03-29 23:59:59
2016-03-30,1853.35,1868.1,1876.32,1847.78,33986198968.0,0,2016-03-30 23:59:59
2016-03-31,1865.1,1871.15,1876.55,1851.35,45584903988.0,0,2016-03-31 23:59:59
2016-04-01,1860.53,1856.77,1861.49,1833.61,41665690395.0,0,2016-04-01 23:59:59
2016-04-04,1854.37,1866.64,1876.08,1853.54,32976012675.0,0,2016-04-04 23:59:59
2016-04-05,1859.51,1857.09,1861.39,1847.62,31049832547.0,0,2016-04-05 23:59:59
2016-04-06,1863.3,1860.17,1867.96,1850.83,30594075373.0,0,2016-04-06 23:59:59
2016-04-07,1865.97,1858.85,1872.51,1848.19,30873260816.0,0,2016-04-07 23:59:59
2016-04-08,1860.93,1877.27,1879.64,1857.44,36347673679.0,0,2016-04-08 23:59:59
2016-04-11,1875.74,1906.9,1907.5,1872.5,46344290299.0,0,2016-04-11 23:59:59
2016-04-12,1907.56,1899.26,1910.59,1889.02,43895276713.0,0,2016-04-12 23:59:59
2016-04-13,1903.47,1932.8,1944.32,1903.47,50376841555.0,0,2016-04-13 23:59:59
2016-04-14,1929.87,1915.85,1948.84,1902.64,45684918967.0,0,2016-04-14 23:59:59
2016-04-15,1914.19,1907.78,1918.35,1899.29,29906173108.0,0,2016-04-15 23:59:59
2016-04-18,1888.97,1892.64,1896.36,1867.61,41215654752.0,0,2016-04-18 23:59:59
2016-04-19,1895.28,1930.14,1930.23,1892.96,57935571918.0,0,2016-04-19 23:59:59
2016-04-20,1923.94,1960.18,1961.6,1922.41,56601954574.0,0,2016-04-20 23:59:59
2016-04-21,1971.75,1950.08,1976.69,1931.66,58558403755.0,0,2016-04-21 23:59:59
2016-04-22,1952.33,1967.26,1967.26,1936.72,44800776243.0,0,2016-04-22 23:59:59
2016-04-25,1962.67,1955.47,1963.96,1944.94,36733326410.0,0,2016-04-25 23:59:59
2016-04-26,1953.86,1946.55,1956.54,1931.08,37902335589.0,0,2016-04-26 23:59:59
2016-04-27,1951.51,1934.77,1954.93,1921.58,37776847358.0,0,2016-04-27 23:59:59
2016-04-28,1936.05,1969.89,1969.89,1925.27,41082246545.0,0,2016-04-28 23:59:59
2016-04-29,1970.46,1953.05,1974.42,1941.25,49858365235.0,0,2016-04-29 23:59:59
2016-05-04,1932.92,1925.58,1957.18,1901.85,46688641954.0,0,2016-05-04 23:59:59
2016-05-05,1924.28,1906.48,1924.28,1902.66,31411717681.0,0,2016-05-05 23:59:59
2016-05-06,1905.15,1901.56,1906.34,1889.96,28933911060.0,0,2016-05-06 23:59:59
2016-05-10,1896.02,1885.34,1909.97,1874.5,31702511351.0,0,2016-05-10 23:59:59
2016-05-11,1890.09,1909.05,1916.34,1885.67,34618149239.0,0,2016-05-11 23:59:59
2016-05-12,1912.43,1901.9,1922.51,1900.08,33771834752.0,0,2016-05-12 23:59:59
2016-05-13,1901.51,1907.19,1907.19,1881.41,30501360410.0,0,2016-05-13 23:59:59
2016-05-16,1912.16,1915.33,1939.22,1909.18,31515056563.0,0,2016-05-16 23:59:59
2016-05-17,1913.25,1909.0,1915.19,1876.69,36875661739.0,0,2016-05-17 23:59:59
2016-05-18,1907.15,1917.24,1921.21,1899.12,28189783244.0,0,2016-05-18 23:59:59
2016-05-19,1907.71,1891.52,1913.7,1891.52,38788677748.0,0,2016-05-19 23:59:59
2016-05-20,1901.27,1891.33,1903.58,1882.16,30714922273.0,0,2016-05-20 23:59:59
2016-05-23,1889.11,1868.43,1889.11,1861.64,25568034570.0,0,2016-05-23 23:59:59
2016-05-24,1868.7,1884.12,1887.48,1868.7,24437513155.0,0,2016-05-24 23:59:59
2016-05-25,1889.42,1898.75,1910.7,1889.42,36365333613.0,0,2016-05-25 23:59:59
2016-05-26,1905.81,1914.31,1931.78,1895.63,41396804389.0,0,2016-05-26 23:59:59
2016-05-27,1913.18,1927.58,1930.8,1910.11,30286290701.0,0,2016-05-27 23:59:59
2016-05-30,1931.07,1935.54,1938.14,1918.76,15057719019.0,0,2016-05-30 23:59:59
2016-05-31,1937.13,1899.01,1939.84,1899.01,52987445595.0,0,2016-05-31 23:59:59
2016-06-01,1899.14,1893.18,1906.86,1888.88,33213115681.0,0,2016-06-01 23:59:59
2016-06-02,1895.27,1890.78,1898.9,1876.58,28496532926.0,0,2016-06-02 23:59:59
2016-06-03,1896.95,1886.84,1913.74,1877.89,31785366518.0,0,2016-06-03 23:59:59
2016-06-06,1893.05,1915.54,1920.91,1893.05,29453503695.0,0,2016-06-06 23:59:59
2016-06-07,1917.96,1951.26,1954.49,1914.56,39892902713.0,0,2016-06-07 23:59:59
2016-06-08,1953.75,1951.55,1960.75,1937.62,37792811443.0,0,2016-06-08 23:59:59
2016-06-09,1951.8,1934.92,1952.42,1927.72,29665492694.0,0,2016-06-09 23:59:59
2016-06-10,1926.91,1903.61,1930.26,1903.61,28777726521.0,0,2016-06-10 23:59:59
2016-06-14,1898.21,1885.92,1903.54,1875.27,40744702428.0,0,2016-06-14 23:59:59
2016-06-15,1883.94,1889.75,1898.31,1880.55,37845672069.0,0,2016-06-15 23:59:59
2016-06-16,1884.22,1869.78,1884.91,1853.36,32471422864.0,0,2016-06-16 23:59:59
2016-06-17,1875.96,1877.07,1896.28,1871.88,35298457106.0,0,2016-06-17 23:59:59
2016-06-20,1889.26,1902.7,1906.46,1889.26,23905965961.0,0,2016-06-20 23:59:59
2016-06-21,1902.44,1904.02,1910.25,1884.64,25623356487.0,0,2016-06-21 23:59:59
2016-06-22,1908.06,1896.7,1912.96,1892.16,21610632336.0,0,2016-06-22 23:59:59
2016-06-23,1894.16,1919.27,1919.27,1883.18,25896840624.0,0,2016-06-23 23:59:59
2016-06-24,1865.48,1884.41,1884.94,1846.91,42616365043.0,0,2016-06-24 23:59:59
2016-06-27,1883.76,1841.73,1887.75,1841.73,35117877018.0,0,2016-06-27 23:59:59
2016-06-28,1850.75,1857.23,1863.53,1844.8,29870702867.0,0,2016-06-28 23:59:59
2016-06-29,1862.25,1888.15,1888.15,1862.25,25498709169.0,0,2016-06-29 23:59:59
2016-06-30,1886.47,1891.09,1897.36,1879.33,28888012084.0,0,2016-06-30 23:59:59
2016-07-01,1891.03,1896.62,1900.41,1880.63,21687427919.0,0,2016-07-01 23:59:59
2016-07-04,1899.35,1907.48,1913.48,1896.4,21216107420.0,0,2016-07-04 23:59:59
2016-07-05,1904.03,1895.64,1904.06,1887.05,21567078577.0,0,2016-07-05 23:59:59
2016-07-06,1892.26,1879.42,1896.71,1871.47,26739811593.0,0,2016-07-06 23:59:59
2016-07-07,1887.12,1882.41,1901.57,1878.47,31628682372.0,0,2016-07-07 23:59:59
2016-07-08,1873.49,1894.35,1896.82,1860.55,35441247831.0,0,2016-07-08 23:59:59
2016-07-11,1891.05,1913.12,1914.31,1887.1,28424172954.0,0,2016-07-11 23:59:59
2016-07-12,1913.84,1938.36,1942.69,1911.91,33035090032.0,0,2016-07-12 23:59:59
2016-07-13,1937.35,1935.88,1945.76,1928.5,38363975761.0,0,2016-07-13 23:59:59
2016-07-14,1938.54,1942.46,1944.85,1921.75,33861336650.0,0,2016-07-14 23:59:59
2016-07-15,1931.66,1940.85,1943.63,1928.57,36466881812.0,0,2016-07-15 23:59:59
2016-07-18,1937.77,1936.07,1948.54,1920.18,30425666764.0,0,2016-07-18 23:59:59
2016-07-19,1921.12,1915.89,1929.11,1903.1,32775563013.0,0,2016-07-19 23:59:59
2016-07-20,1915.49,1915.09,1921.23,1896.0,27902451635.0,0,2016-07-20 23:59:59
2016-07-21,1920.01,1927.7,1930.79,1911.87,20274446289.0,0,2016-07-21 23:59:59
2016-07-22,1923.8,1926.9,1933.76,1922.85,17663520714.0,0,2016-07-22 23:59:59
2016-07-25,1929.93,1931.78,1942.98,1922.22,27254066779.0,0,2016-07-25 23:59:59
2016-07-26,1932.54,1938.52,1940.26,1917.96,30456088568.0,0,2016-07-26 23:59:59
2016-07-27,1938.64,1938.65,1941.15,1928.32,27938465894.0,0,2016-07-27 23:59:59
2016-07-28,1938.01,1954.45,1959.86,1932.63,26728191998.0,0,2016-07-28 23:59:59
2016-07-29,1952.82,1944.62,1955.07,1939.28,30860260699.0,0,2016-07-29 23:59:59
2016-08-01,1950.49,1947.36,1964.27,1941.58,24577652412.0,0,2016-08-01 23:59:59
2016-08-02,1946.31,1912.69,1946.65,1908.89,28399165388.0,0,2016-08-02 23:59:59
2016-08-03,1913.14,1919.15,1922.86,1902.74,23233306954.0,0,2016-08-03 23:59:59
2016-08-04,1924.97,1944.94,1945.14,1924.97,24129989572.0,0,2016-08-04 23:59:59
2016-08-05,1946.66,1944.31,1952.35,1931.01,21406486898.0,0,2016-08-05 23:59:59
2016-08-08,1948.51,1956.99,1956.99,1947.22,20113294541.0,0,2016-08-08 23:59:59
2016-08-09,1954.05,1956.42,1964.58,1948.89,22801536967.0,0,2016-08-09 23:59:59
2016-08-10,1956.33,1942.67,1959.99,1940.63,21488774846.0,0,2016-08-10 23:59:59
2016-08-11,1941.32,1952.18,1952.18,1933.27,21909224810.0,0,2016-08-11 23:59:59
2016-08-12,1955.16,1967.18,1968.18,1952.56,23361605096.0,0,2016-08-12 23:59:59
2016-08-15,1969.96,1977.28,1983.1,1964.84,24312001591.0,0,2016-08-15 23:59:59
2016-08-16,1977.76,1975.8,1994.33,1967.37,28709861841.0,0,2016-08-16 23:59:59
2016-08-17,1971.49,1969.19,1973.02,1959.44,25229268898.0,0,2016-08-17 23:59:59
2016-08-18,1971.26,1970.07,1976.71,1961.35,25565625859.0,0,2016-08-18 23:59:59
2016-08-19,1972.89,1959.72,1974.4,1959.72,19768199622.0,0,2016-08-19 23:59:59
2016-08-22,1956.46,1979.09,1979.09,1948.35,20450956430.0,0,2016-08-22 23:59:59
2016-08-23,1976.07,1989.51,1992.55,1973.43,23113177117.0,0,2016-08-23 23:59:59
2016-08-24,1988.08,1983.59,1989.43,1974.89,20927683750.0,0,2016-08-24 23:59:59
2016-08-25,1983.22,1985.56,1987.35,1969.53,30205974337.0,0,2016-08-25 23:59:59
2016-08-26,1984.68,1993.35,1997.1,1976.87,30444029753.0,0,2016-08-26 23:59:59
2016-08-29,1985.99,1986.72,1986.72,1970.53,19262464914.0,0,2016-08-29 23:59:59
2016-08-30,1989.03,1985.69,1999.14,1983.84,22499082585.0,0,2016-08-30 23:59:59
2016-08-31,1985.84,1971.59,1988.56,1966.88,29504217107.0,0,2016-08-31 23:59:59
2016-09-01,1976.26,1976.91,1982.26,1969.48,22144993785.0,0,2016-09-01 23:59:59
2016-09-02,1978.16,2003.77,2006.25,1976.62,27771307189.0,0,2016-09-02 23:59:59
2016-09-05,2008.69,2017.38,2019.65,2005.42,26492309941.0,0,2016-09-05 23:59:59
2016-09-06,2020.77,2039.53,2040.42,2017.5,33030717982.0,0,2016-09-06 23:59:59
2016-09-07,2042.21,2053.75,2060.03,2042.12,39263204255.0,0,2016-09-07 23:59:59
2016-09-08,2058.73,2050.77,2063.13,2041.01,30940002754.0,0,2016-09-08 23:59:59
2016-09-09,2044.93,2028.25,2045.04,2028.25,22587475419.0,0,2016-09-09 23:59:59
2016-09-12,2017.08,2019.9,2021.58,2004.43,30435978233.0,0,2016-09-12 23:59:59
2016-09-13,2020.6,2004.5,2026.57,2001.34,21810151968.0,0,2016-09-13 23:59:59
2016-09-14,2003.74,2004.48,2010.47,1995.7,23750715488.0,0,2016-09-14 23:59:59
2016-09-15,2003.2,1996.58,2004.65,1982.95,28369697323.0,0,2016-09-15 23:59:59
2016-09-16,1998.14,1981.96,2004.37,1967.31,36183837796.0,0,2016-09-16 23:59:59
2016-09-19,1984.46,1986.97,1993.49,1981.39,23509153108.0,0,2016-09-19 23:59:59
2016-09-20,1984.97,1991.78,1991.85,1969.41,22024871194.0,0,2016-09-20 23:59:59
2016-09-21,1995.13,1997.67,2004.1,1988.64,23034912380.0,0,2016-09-21 23:59:59
2016-09-22,2007.12,2025.3,2025.3,2001.07,31315037464.0,0,2016-09-22 23:59:59
2016-09-23,2022.28,2011.83,2022.28,1995.14,26324790043.0,0,2016-09-23 23:59:59
2016-09-26,2003.48,1997.94,2007.25,1993.33,23793104426.0,0,2016-09-26 23:59:59
2016-09-27,1999.93,1975.52,1999.93,1975.52,24694472846.0,0,2016-09-27 23:59:59
2016-09-28,1977.35,1980.68,1993.93,1975.84,22889123570.0,0,2016-09-28 23:59:59
2016-09-29,1996.99,1996.12,2006.59,1994.88,24935420420.0,0,2016-09-29 23:59:59
2016-09-30,1989.43,1978.0,1989.43,1975.23,29629400154.0,0,2016-09-30 23:59:59
2016-10-03,1981.02,1986.8,1993.55,1975.74,24659115357.0,0,2016-10-03 23:59:59
2016-10-04,1987.61,1985.02,1989.32,1975.96,22939397746.0,0,2016-10-04 23:59:59
2016-10-05,1985.05,1975.85,1985.05,1962.14,25902947212.0,0,2016-10-05 23:59:59
2016-10-06,1975.26,1983.88,1983.88,1967.75,21211360146.0,0,2016-10-06 23:59:59
2016-10-07,1985.04,1980.02,1993.65,1974.89,26582545057.0,0,2016-10-07 23:59:59
2016-10-10,1981.11,2001.1,2002.53,1977.43,26690325827.0,0,2016-10-10 23:59:59
2016-10-11,2000.46,2001.42,2006.66,1995.93,26822042306.0,0,2016-10-11 23:59:59
2016-10-12,1999.6,1993.35,2005.17,1986.7,25187554322.0,0,2016-10-12 23:59:59
2016-10-13,1990.39,1976.37,1990.39,1970.86,25155937370.0,0,2016-10-13 23:59:59
2016-10-14,1976.34,1966.39,1978.96,1962.35,19808342681.0,0,2016-10-14 23:59:59
2016-10-17,1964.66,1956.95,1965.83,1954.81,22692697600.0,0,2016-10-17 23:59:59
2016-10-18,1958.28,1969.11,1974.01,1958.28,20980144729.0,0,2016-10-18 23:59:59
2016-10-19,1971.9,1967.5,1973.24,1961.39,18092691005.0,0,2016-10-19 23:59:59
2016-10-20,1967.52,1957.09,1968.11,1956.61,19181565453.0,0,2016-10-20 23:59:59
2016-10-21,1957.63,1957.7,1960.56,1946.78,17455056869.0,0,2016-10-21 23:59:59
2016-10-24,1960.97,1962.79,1970.36,1957.65,21496951683.0,0,2016-10-24 23:59:59
2016-10-25,1965.63,1977.19,1987.07,1962.24,25551133600.0,0,2016-10-25 23:59:59
2016-10-26,1975.36,1974.81,1979.42,1967.87,20519141060.0,0,2016-10-26 23:59:59
2016-10-27,1975.16,1979.8,1986.53,1973.27,22362176705.0,0,2016-10-27 23:59:59
2016-10-28,1979.87,1981.76,1982.51,1975.48,17498687429.0,0,2016-10-28 23:59:59
2016-10-31,1984.24,1989.64,1992.48,1976.29,27818775360.0,0,2016-10-31 23:59:59
2016-11-01,1991.7,1996.87,2003.14,1991.7,33035003519.0,0,2016-11-01 23:59:59
2016-11-02,1989.37,1968.77,1990.22,1966.35,37096313710.0,0,2016-11-02 23:59:59
2016-11-03,1970.97,1962.71,1971.56,1957.53,25324583479.0,0,2016-11-03 23:59:59
2016-11-07,1964.59,1952.69,1970.61,1952.69,28632761269.0,0,2016-11-07 23:59:59
2016-11-08,1959.79,1967.93,1973.07,1959.79,24479277446.0,0,2016-11-08 23:59:59
2016-11-09,1941.89,2011.58,2011.81,1939.66,52718306058.0,0,2016-11-09 23:59:59
2016-11-10,2017.69,2044.03,2076.44,2016.96,69552539113.0,0,2016-11-10 23:59:59
2016-11-11,2045.22,2031.92,2054.42,2031.92,45814008381.0,0,2016-11-11 23:59:59
2016-11-14,2034.97,2021.99,2047.03,2017.22,33026751983.0,0,2016-11-14 23:59:59
2016-11-15,2025.01,2017.06,2032.04,2009.34,31823349530.0,0,2016-11-15 23:59:59
2016-11-16,2024.71,2028.92,2049.01,2022.89,31623752273.0,0,2016-11-16 23:59:59
2016-11-17,2029.85,2042.76,2045.65,2029.3,29562618941.0,0,2016-11-17 23:59:59
2016-11-18,2042.23,2038.29,2048.19,2036.29,21163067302.0,0,2016-11-18 23:59:59
2016-11-21,2044.2,2058.77,2059.67,2044.2,24992942683.0,0,2016-11-21 23:59:59
2016-11-22,2062.98,2066.18,2074.89,2057.7,33323943261.0,0,2016-11-22 23:59:59
2016-11-23,2069.18,2085.75,2085.75,2068.61,25786548554.0,0,2016-11-23 23:59:59
2016-11-24,2086.56,2102.97,2107.96,2086.56,31605231600.0,0,2016-11-24 23:59:59
2016-11-25,2101.47,2098.15,2106.6,2088.4,30965318360.0,0,2016-11-25 23:59:59
2016-11-28,2098.33,2094.65,2104.34,2086.36,27396639204.0,0,2016-11-28 23:59:59
2016-11-29,2092.13,2086.84,2098.0,2082.71,32499526774.0,0,2016-11-29 23:59:59
2016-11-30,2087.81,2104.91,2116.38,2085.84,58334436769.0,0,2016-11-30 23:59:59
2016-12-01,2110.69,2121.87,2128.7,2110.69,40906963718.0,0,2016-12-01 23:59:59
2016-12-02,2121.12,2128.99,2137.82,2114.91,33619258981.0,0,2016-12-02 23:59:59
2016-12-05,2126.93,2158.33,2163.39,2126.93,36015612471.0,0,2016-12-05 23:59:59
2016-12-06,2159.25,2152.35,2177.94,2151.07,38483809392.0,0,2016-12-06 23:59:59
2016-12-07,2154.02,2160.51,2165.21,2148.54,28719314262.0,0,2016-12-07 23:59:59
2016-12-08,2168.4,2207.02,2207.02,2167.93,56852647164.0,0,2016-12-08 23:59:59
2016-12-09,2211.29,2208.53,2220.01,2197.49,46516225982.0,0,2016-12-09 23:59:59
2016-12-12,2219.13,2226.89,2242.17,2210.06,69318246274.0,0,2016-12-12 23:59:59
2016-12-13,2225.74,2247.02,2247.02,2215.7,49010822627.0,0,2016-12-13 23:59:59
2016-12-14,2248.22,2229.05,2258.1,2215.11,43639101604.0,0,2016-12-14 23:59:59
2016-12-15,2217.16,2237.23,2240.14,2202.35,61391210785.0,0,2016-12-15 23:59:59
2016-12-16,2239.08,2231.41,2251.23,2229.3,46994667402.0,0,2016-12-16 23:59:59
2016-12-19,2233.99,2215.69,2235.12,2215.69,27257034576.0,0,2016-12-19 23:59:59
2016-12-20,2215.31,2226.36,2233.84,2207.39,28490616452.0,0,2016-12-20 23:59:59
2016-12-21,2227.31,2212.33,2237.6,2210.73,40851561669.0,0,2016-12-21 23:59:59
2016-12-22,2203.8,2174.64,2203.8,2172.37,37392540000.0,0,2016-12-22 23:59:59
2016-12-23,2173.62,2173.18,2188.99,2159.51,26343178496.0,0,2016-12-23 23:59:59
2016-12-26,2172.86,2177.86,2186.02,2172.26,12076042590.0,0,2016-12-26 23:59:59
2016-12-27,2173.8,2189.43,2190.91,2173.8,14891010028.0,0,2016-12-27 23:59:59
2016-12-28,2191.17,2182.98,2201.21,2182.98,23747491439.0,0,2016-12-28 23:59:59
2016-12-29,2182.3,2206.33,2210.49,2169.43,26111105459.0,0,2016-12-29 23:59:59
2016-12-30,2206.04,2232.72,2232.72,2206.04,25270883590.0,0,2016-12-30 23:59:59
2017-01-03,2231.52,2285.43,2293.99,2231.52,35361476775.0,0,2017-01-03 23:59:59
2017-01-04,2284.61,2263.9,2284.61,2251.75,25110003543.0,0,2017-01-04 23:59:59
2017-01-05,2265.72,2220.35,2270.94,2213.45,27415124274.0,0,2017-01-05 23:59:59
2017-01-06,2221.36,2213.93,2230.41,2195.44,20165327203.0,0,2017-01-06 23:59:59
2017-01-09,2217.74,2211.25,2227.88,2201.6,22482015752.0,0,2017-01-09 23:59:59
2017-01-10,2209.53,2237.49,2237.88,2205.87,36020856703.0,0,2017-01-10 23:59:59
2017-01-11,2233.62,2218.61,2239.87,2211.16,36461564415.0,0,2017-01-11 23:59:59
2017-01-12,2224.02,2212.0,2228.55,2205.55,38818422221.0,0,2017-01-12 23:59:59
2017-01-13,2214.24,2195.19,2217.47,2173.39,42466050989.0,0,2017-01-13 23:59:59
2017-01-16,2195.67,2189.07,2202.39,2180.78,23936262365.0,0,2017-01-16 23:59:59
2017-01-17,2189.95,2178.73,2195.36,2167.88,28139377671.0,0,2017-01-17 23:59:59
2017-01-18,2180.64,2170.09,2190.0,2165.32,30577942830.0,0,2017-01-18 23:59:59
2017-01-19,2171.45,2162.25,2178.22,2151.43,37111133409.0,0,2017-01-19 23:59:59
2017-01-20,2162.71,2159.96,2165.88,2147.19,31573243736.0,0,2017-01-20 23:59:59
2017-01-23,2160.13,2146.09,2160.13,2136.35,26168520190.0,0,2017-01-23 23:59:59
2017-01-24,2147.51,2174.59,2174.59,2147.51,33802172657.0,0,2017-01-24 23:59:59
2017-01-25,2175.4,2176.0,2178.92,2163.55,31668116818.0,0,2017-01-25 23:59:59
2017-01-26,2179.34,2229.2,2230.77,2179.34,43653193710.0,0,2017-01-26 23:59:59
2017-01-27,2226.87,2266.05,2266.05,2219.67,49995044331.0,0,2017-01-27 23:59:59
2017-01-30,2263.63,2234.14,2263.63,2231.4,30963964593.0,0,2017-01-30 23:59:59
2017-01-31,2233.66,2217.39,2240.57,2215.79,33330303997.0,0,2017-01-31 23:59:59
2017-02-01,2219.19,2231.68,2231.68,2214.0,28946938830.0,0,2017-02-01 23:59:59
2017-02-02,2231.66,2217.56,2236.8,2210.14,32135487325.0,0,2017-02-02 23:59:59
2017-02-03,2219.49,2226.61,2228.05,2213.22,30332628482.0,0,2017-02-03 23:59:59
2017-02-06,2228.85,2210.51,2230.86,2202.2,28053268013.0,0,2017-02-06 23:59:59
2017-02-07,2210.87,2218.77,2218.77,2201.22,24378965516.0,0,2017-02-07 23:59:59
2017-02-08,2215.34,2189.61,2217.37,2180.21,36147621890.0,0,2017-02-08 23:59:59
2017-02-09,2192.24,2173.98,2196.08,2160.42,37686993129.0,0,2017-02-09 23:59:59
2017-02-10,2176.79,2162.19,2182.18,2156.81,32483207075.0,0,2017-02-10 23:59:59
2017-02-13,2165.12,2161.49,2174.73,2150.52,30244774907.0,0,2017-02-13 23:59:59
2017-02-14,2162.13,2141.5,2162.13,2135.01,29242797430.0,0,2017-02-14 23:59:59
2017-02-15,2140.2,2137.08,2156.36,2109.93,39741338423.0,0,2017-02-15 23:59:59
2017-02-16,2138.7,2148.48,2148.48,2127.04,28986630294.0,0,2017-02-16 23:59:59
2017-02-17,2148.58,2128.21,2148.84,2125.45,30610671678.0,0,2017-02-17 23:59:59
2017-02-20,2132.47,2119.09,2136.8,2113.03,25017968927.0,0,2017-02-20 23:59:59
2017-02-21,2118.85,2127.72,2135.97,2111.55,25802257924.0,0,2017-02-21 23:59:59
2017-02-22,2128.98,2106.3,2130.8,2094.85,31743152868.0,0,2017-02-22 23:59:59
2017-02-24,2106.96,2093.09,2106.96,2081.35,24698036843.0,0,2017-02-24 23:59:59
2017-02-27,2095.51,2056.46,2097.2,2054.93,33521701224.0,0,2017-02-27 23:59:59
2017-02-28,2057.74,2035.77,2057.77,2027.05,59230525482.0,0,2017-02-28 23:59:59
2017-03-01,2034.28,2059.87,2063.67,2030.49,35156360450.0,0,2017-03-01 23:59:59
2017-03-02,2062.61,2049.0,2076.71,2044.25,39659486462.0,0,2017-03-02 23:59:59
2017-03-03,2046.61,2056.89,2056.89,2032.27,31462614291.0,0,2017-03-03 23:59:59
2017-03-06,2056.63,2047.42,2071.69,2045.28,26840317666.0,0,2017-03-06 23:59:59
2017-03-07,2047.59,2024.84,2048.98,2009.0,34600927950.0,0,2017-03-07 23:59:59
2017-03-09,2010.85,1974.24,2020.04,1971.73,56369667357.0,0,2017-03-09 23:59:59
2017-03-10,1977.75,1973.96,1989.06,1965.23,38834557616.0,0,2017-03-10 23:59:59
2017-03-13,1972.66,2000.14,2001.71,1968.61,27317778869.0,0,2017-03-13 23:59:59
2017-03-14,2001.4,2001.25,2018.42,1990.55,33708845678.0,0,2017-03-14 23:59:59
2017-03-15,2003.09,1992.59,2018.39,1989.12,28134110175.0,0,2017-03-15 23:59:59
2017-03-16,2001.82,2014.37,2021.05,1998.24,49622252909.0,0,2017-03-16 23:59:59
2017-03-17,2015.59,2036.96,2045.85,2013.82,43408044658.0,0,2017-03-17 23:59:59
2017-03-20,2038.99,2042.72,2051.5,2024.85,30739790860.0,0,2017-03-20 23:59:59
2017-03-21,2045.19,2048.07,2067.4,2040.55,34653523262.0,0,2017-03-21 23:59:59
2017-03-22,2042.65,2061.53,2061.53,2030.55,37041863228.0,0,2017-03-22 23:59:59
2017-03-23,2065.37,2051.04,2072.91,2040.18,32278458613.0,0,2017-03-23 23:59:59
2017-03-24,2047.78,2039.77,2052.9,2036.3,21233341858.0,0,2017-03-24 23:59:59
2017-03-27,2034.1,2013.16,2034.1,1997.92,25919840323.0,0,2017-03-27 23:59:59
2017-03-28,2016.95,2032.54,2032.54,2010.92,25069436844.0,0,2017-03-28 23:59:59
2017-03-29,2032.49,2023.71,2037.58,2013.13,21501534788.0,0,2017-03-29 23:59:59
2017-03-30,2025.0,2021.88,2026.94,2012.07,24820610557.0,0,2017-03-30 23:59:59
2017-03-31,2021.16,1995.9,2022.24,1992.95,23908791980.0,0,2017-03-31 23:59:59
2017-04-03,1998.55,2008.61,2014.18,1992.67,20591635070.0,0,2017-04-03 23:59:59
2017-04-04,2007.9,2025.69,2028.01,2005.61,20589349584.0,0,2017-04-04 23:59:59
2017-04-05,2028.71,2056.32,2057.03,2028.12,33005042734.0,0,2017-04-05 23:59:59
2017-04-06,2052.05,2054.69,2058.11,2043.42,22710629637.0,0,2017-04-06 23:59:59
2017-04-07,2046.78,2020.23,2048.63,2010.92,34864697913.0,0,2017-04-07 23:59:59
2017-04-10,2017.75,1971.23,2018.03,1965.58,40058371369.0,0,2017-04-10 23:59:59
2017-04-11,1969.12,1977.95,1994.26,1965.8,32506887352.0,0,2017-04-11 23:59:59
2017-04-12,1985.69,1947.88,1986.56,1942.58,29979954344.0,0,2017-04-12 23:59:59
2017-04-13,1954.39,1944.7,1954.81,1916.67,40271297242.0,0,2017-04-13 23:59:59
2017-04-14,1943.65,1916.29,1943.65,1913.71,12663595568.0,0,2017-04-14 23:59:59
2017-04-17,1917.13,1942.72,1944.93,1902.48,19625706303.0,0,2017-04-17 23:59:59
2017-04-18,1944.28,1920.29,1949.52,1914.44,27847626929.0,0,2017-04-18 23:59:59
2017-04-19,1920.19,1916.5,1932.81,1911.35,25154193665.0,0,2017-04-19 23:59:59
2017-04-20,1912.7,1932.17,1932.25,1900.72,34345740913.0,0,2017-04-20 23:59:59
2017-04-21,1932.82,1944.72,1955.43,1932.82,30898651747.0,0,2017-04-21 23:59:59
2017-04-24,1954.31,1979.57,1979.76,1954.31,35120007104.0,0,2017-04-24 23:59:59
2017-04-25,1983.23,1998.41,2002.37,1969.04,33295013120.0,0,2017-04-25 23:59:59
2017-04-26,2000.8,2026.92,2031.08,1994.52,35691294323.0,0,2017-04-26 23:59:59
2017-04-27,2024.49,2011.67,2024.49,2005.35,39587702578.0,0,2017-04-27 23:59:59
2017-04-28,2021.74,2016.71,2031.06,2011.02,36350344528.0,0,2017-04-28 23:59:59
2017-05-02,2022.19,2026.85,2044.24,2020.55,31117806259.0,0,2017-05-02 23:59:59
2017-05-03,2024.4,1993.66,2027.65,1992.33,35180986733.0,0,2017-05-03 23:59:59
2017-05-04,1994.16,1998.87,2015.61,1989.44,30938975811.0,0,2017-05-04 23:59:59
2017-05-05,1989.88,2002.41,2002.41,1982.97,25800797651.0,0,2017-05-05 23:59:59
2017-05-10,2012.84,2028.21,2028.21,2005.4,31628194140.0,0,2017-05-10 23:59:59
2017-05-11,2028.26,2002.54,2028.58,1991.81,31574420991.0,0,2017-05-11 23:59:59
2017-05-12,2003.92,1994.58,2004.03,1983.83,24917567498.0,0,2017-05-12 23:59:59
2017-05-15,1995.6,2003.12,2008.11,1984.06,31075420850.0,0,2017-05-15 23:59:59
2017-05-16,2000.2,1992.94,2002.25,1987.21,30635088434.0,0,2017-05-16 23:59:59
2017-05-17,1989.02,1994.35,1999.56,1982.97,25668959798.0,0,2017-05-17 23:59:59
2017-05-18,1989.05,1967.66,1996.85,1961.2,40953029940.0,0,2017-05-18 23:59:59
2017-05-19,1969.73,1962.4,1977.03,1954.32,31187471685.0,0,2017-05-19 23:59:59
2017-05-22,1966.66,1950.51,1966.66,1941.78,23602706319.0,0,2017-05-22 23:59:59
2017-05-23,1950.27,1960.16,1966.19,1945.5,27659608068.0,0,2017-05-23 23:59:59
2017-05-24,1958.22,1951.98,1965.95,1936.99,28695792399.0,0,2017-05-24 23:59:59
2017-05-25,1955.83,1947.26,1960.95,1939.97,25550829769.0,0,2017-05-25 23:59:59
2017-05-26,1944.16,1934.25,1945.03,1930.76,30647468029.0,0,2017-05-26 23:59:59
2017-05-29,1934.66,1940.77,1945.82,1931.45,20422932144.0,0,2017-05-29 23:59:59
2017-05-30,1938.06,1932.91,1939.74,1927.28,25322211657.0,0,2017-05-30 23:59:59
2017-05-31,1934.03,1900.38,1936.65,1893.39,71545660505.0,0,2017-05-31 23:59:59
2017-06-01,1900.89,1869.66,1904.82,1862.6,42283112574.0,0,2017-06-01 23:59:59
2017-06-02,1868.75,1881.87,1881.97,1849.57,35812609333.0,0,2017-06-02 23:59:59
2017-06-05,1882.83,1877.69,1894.5,1871.29,23408584007.0,0,2017-06-05 23:59:59
2017-06-06,1877.36,1870.04,1882.94,1867.88,20948993561.0,0,2017-06-06 23:59:59
2017-06-07,1870.69,1868.42,1889.45,1867.97,26889290070.0,0,2017-06-07 23:59:59
2017-06-08,1869.49,1874.21,1874.45,1851.63,33402130491.0,0,2017-06-08 23:59:59
2017-06-09,1873.26,1883.34,1888.92,1866.3,25386395503.0,0,2017-06-09 23:59:59
2017-06-13,1871.07,1861.27,1871.29,1857.26,29671134220.0,0,2017-06-13 23:59:59
2017-06-14,1861.5,1838.32,1862.3,1834.51,36461031355.0,0,2017-06-14 23:59:59
2017-06-15,1833.42,1817.82,1833.42,1774.56,90850626608.0,0,2017-06-15 23:59:59
2017-06-16,1818.87,1822.91,1833.7,1811.45,40514022653.0,0,2017-06-16 23:59:59
2017-06-19,1820.83,1849.78,1851.7,1820.11,26321139977.0,0,2017-06-19 23:59:59
2017-06-20,1850.38,1857.96,1870.56,1846.7,33485030802.0,0,2017-06-20 23:59:59
2017-06-21,1858.24,1850.81,1861.03,1844.06,32260874865.0,0,2017-06-21 23:59:59
2017-06-22,1842.62,1860.05,1863.42,1836.02,32802839592.0,0,2017-06-22 23:59:59
2017-06-23,1859.63,1867.46,1876.36,1850.22,26546657419.0,0,2017-06-23 23:59:59
2017-06-26,1870.33,1860.39,1880.11,1857.03,22580884817.0,0,2017-06-26 23:59:59
2017-06-27,1857.24,1878.94,1884.41,1849.42,26711284361.0,0,2017-06-27 23:59:59
2017-06-28,1877.04,1891.98,1893.65,1864.88,24870797072.0,0,2017-06-28 23:59:59
2017-06-29,1896.12,1881.04,1902.8,1877.13,27268675444.0,0,2017-06-29 23:59:59
2017-06-30,1879.16,1879.5,1895.98,1877.57,31119075504.0,0,2017-06-30 23:59:59
2017-07-03,1886.72,1902.59,1902.59,1881.98,21689196815.0,0,2017-07-03 23:59:59
2017-07-04,1902.64,1917.4,1919.23,1899.17,23689847047.0,0,2017-07-04 23:59:59
2017-07-05,1917.36,1921.38,1924.53,1912.31,27620038524.0,0,2017-07-05 23:59:59
2017-07-06,1920.59,1923.22,1929.43,1911.96,31039714289.0,0,2017-07-06 23:59:59
2017-07-07,1906.72,1912.48,1914.29,1897.87,32083641556.0,0,2017-07-07 23:59:59
2017-07-10,1912.76,1925.74,1928.1,1908.99,28979604237.0,0,2017-07-10 23:59:59
2017-07-11,1927.34,1937.64,1938.11,1919.19,28624181902.0,0,2017-07-11 23:59:59
2017-07-12,1938.36,1954.39,1957.02,1938.36,36305532786.0,0,2017-07-12 23:59:59
2017-07-13,1951.66,1959.91,1963.37,1946.61,36308674211.0,0,2017-07-13 23:59:59
2017-07-14,1959.86,1960.69,1967.6,1955.09,25452592793.0,0,2017-07-14 23:59:59
2017-07-17,1963.29,1959.11,1972.49,1949.55,26054621581.0,0,2017-07-17 23:59:59
2017-07-18,1956.56,1947.71,1966.86,1944.81,28468668592.0,0,2017-07-18 23:59:59
2017-07-19,1929.67,1951.89,1951.89,1925.7,29405243087.0,0,2017-07-19 23:59:59
2017-07-20,1952.1,1946.51,1959.33,1941.38,24831080038.0,0,2017-07-20 23:59:59
2017-07-21,1946.19,1925.13,1946.19,1921.0,24534471295.0,0,2017-07-21 23:59:59
2017-07-24,1921.52,1931.75,1934.25,1914.6,28107906199.0,0,2017-07-24 23:59:59
2017-07-25,1931.92,1923.73,1936.25,1913.24,29664231265.0,0,2017-07-25 23:59:59
2017-07-26,1928.13,1933.1,1938.56,1923.9,25183526803.0,0,2017-07-26 23:59:59
2017-07-27,1935.12,1945.12,1945.12,1935.12,25403119121.0,0,2017-07-27 23:59:59
2017-07-28,1940.79,1916.75,1940.79,1904.26,31617475393.0,0,2017-07-28 23:59:59
2017-07-31,1917.34,1919.53,1930.27,1904.56,32794752904.0,0,2017-07-31 23:59:59
2017-08-01,1924.77,1940.14,1948.62,1924.77,31002671935.0,0,2017-08-01 23:59:59
2017-08-02,1940.95,1965.48,1966.97,1940.77,30249728706.0,0,2017-08-02 23:59:59
2017-08-03,1965.56,1965.29,1976.36,1961.38,26140336130.0,0,2017-08-03 23:59:59
2017-08-04,1962.46,1953.49,1962.46,1950.57,22707183015.0,0,2017-08-04 23:59:59
2017-08-07,1953.62,1970.37,1970.96,1953.62,23784276377.0,0,2017-08-07 23:59:59
2017-08-08,1970.3,1989.61,1989.77,1969.75,27593270851.0,0,2017-08-08 23:59:59
2017-08-09,1985.31,1975.91,1987.95,1973.08,26564079195.0,0,2017-08-09 23:59:59
2017-08-10,1977.15,1960.23,1983.74,1959.05,22287880106.0,0,2017-08-10 23:59:59
2017-08-11,1953.56,1944.83,1953.56,1933.69,31894440896.0,0,2017-08-11 23:59:59
2017-08-14,1947.69,1951.75,1960.38,1946.67,18662401272.0,0,2017-08-14 23:59:59
2017-08-15,1950.42,1950.28,1952.6,1938.58,20469517277.0,0,2017-08-15 23:59:59
2017-08-16,1952.11,1942.88,1957.62,1941.07,32207183200.0,0,2017-08-16 23:59:59
2017-08-17,1941.55,1941.52,1947.95,1936.95,18614476088.0,0,2017-08-17 23:59:59
2017-08-18,1937.51,1930.71,1937.51,1921.34,25282259050.0,0,2017-08-18 23:59:59
2017-08-21,1932.25,1937.66,1943.78,1932.25,20365982791.0,0,2017-08-21 23:59:59
2017-08-22,1939.95,1947.4,1948.28,1938.9,25904806192.0,0,2017-08-22 23:59:59
2017-08-23,1947.77,1958.52,1958.58,1944.3,28660843505.0,0,2017-08-23 23:59:59
2017-08-24,1958.83,1973.5,1973.5,1958.83,29123932717.0,0,2017-08-24 23:59:59
2017-08-25,1973.44,1979.14,1981.79,1973.39,31208673629.0,0,2017-08-25 23:59:59
2017-08-28,1978.79,1987.15,1987.23,1972.76,20300626389.0,0,2017-08-28 23:59:59
2017-08-29,1986.1,1989.12,1989.12,1967.11,30461927222.0,0,2017-08-29 23:59:59
2017-08-30,1993.0,2008.88,2009.29,1988.78,38389640750.0,0,2017-08-30 23:59:59
2017-08-31,2006.07,2022.22,2030.86,2001.66,48267718427.0,0,2017-08-31 23:59:59
2017-09-01,2021.93,2010.98,2030.37,2008.49,30776971787.0,0,2017-09-01 23:59:59
2017-09-04,2005.08,2003.32,2012.29,1999.84,21225818753.0,0,2017-09-04 23:59:59
2017-09-05,2005.23,2004.02,2014.03,1995.94,30737265410.0,0,2017-09-05 23:59:59
2017-09-06,2001.97,2014.6,2015.63,1992.68,32869337151.0,0,2017-09-06 23:59:59
2017-09-07,2017.52,2010.17,2025.37,2010.17,31634591463.0,0,2017-09-07 23:59:59
2017-09-08,2010.55,2032.75,2037.48,2010.55,38258005714.0,0,2017-09-08 23:59:59
2017-09-11,2038.78,2044.13,2049.07,2032.92,36317540552.0,0,2017-09-11 23:59:59
2017-09-12,2045.85,2058.8,2059.96,2044.07,31288398754.0,0,2017-09-12 23:59:59
2017-09-13,2059.4,2054.19,2072.96,2054.19,38010560083.0,0,2017-09-13 23:59:59
2017-09-14,2054.66,2052.25,2055.93,2036.22,31569273510.0,0,2017-09-14 23:59:59
2017-09-15,2051.47,2053.81,2061.6,2041.28,36433180483.0,0,2017-09-15 23:59:59
2017-09-18,2055.41,2059.08,2062.75,2053.6,27791911849.0,0,2017-09-18 23:59:59
2017-09-19,2057.36,2048.99,2059.16,2046.61,28946462606.0,0,2017-09-19 23:59:59
2017-09-20,2048.86,2057.53,2058.08,2044.23,35396601120.0,0,2017-09-20 23:59:59
2017-09-21,2056.27,2060.24,2066.41,2051.68,33057559698.0,0,2017-09-21 23:59:59
2017-09-22,2059.01,2051.63,2059.01,2046.35,28074449954.0,0,2017-09-22 23:59:59
2017-09-25,2050.52,2069.11,2070.82,2046.01,36034399685.0,0,2017-09-25 23:59:59
2017-09-26,2071.62,2071.13,2086.65,2070.49,40745873808.0,0,2017-09-26 23:59:59
2017-09-27,2072.27,2081.12,2085.14,2065.79,29664329304.0,0,2017-09-27 23:59:59
2017-09-28,2080.73,2071.64,2084.39,2068.54,25543129539.0,0,2017-09-28 23:59:59
2017-09-29,2071.33,2077.19,2077.28,2068.39,25879486788.0,0,2017-09-29 23:59:59
2017-10-02,2077.16,2075.72,2083.43,2072.72,23781336284.0,0,2017-10-02 23:59:59
2017-10-03,2076.53,2076.81,2084.03,2072.83,29271290869.0,0,2017-10-03 23:59:59
2017-10-04,2076.5,2077.09,2080.05,2068.73,22612073883.0,0,2017-10-04 23:59:59
2017-10-05,2076.78,2088.32,2088.64,2071.19,31196036315.0,0,2017-10-05 23:59:59
2017-10-06,2089.39,2093.86,2103.05,2089.39,29518982080.0,0,2017-10-06 23:59:59
2017-10-09,2094.16,2096.29,2100.29,2086.74,21834093292.0,0,2017-10-09 23:59:59
2017-10-10,2096.35,2086.91,2096.35,2084.49,20851365341.0,0,2017-10-10 23:59:59
2017-10-11,2087.47,2101.07,2103.29,2087.07,34018959291.0,0,2017-10-11 23:59:59
2017-10-12,2101.33,2094.96,2101.33,2090.86,25726422026.0,0,2017-10-12 23:59:59
2017-10-13,2094.94,2098.77,2105.64,2092.4,27709775824.0,0,2017-10-13 23:59:59
2017-10-16,2102.25,2106.39,2106.39,2098.07,27713508271.0,0,2017-10-16 23:59:59
2017-10-17,2105.74,2092.57,2106.49,2086.41,28669238613.0,0,2017-10-17 23:59:59
2017-10-18,2091.4,2094.4,2101.35,2086.45,31229047361.0,0,2017-10-18 23:59:59
2017-10-19,2094.56,2072.73,2099.66,2071.6,29049131346.0,0,2017-10-19 23:59:59
2017-10-20,2076.29,2071.83,2079.64,2067.91,31894760682.0,0,2017-10-20 23:59:59
2017-10-23,2073.55,2063.81,2078.59,2060.43,25549512657.0,0,2017-10-23 23:59:59
2017-10-24,2064.07,2061.79,2066.21,2057.69,26577228482.0,0,2017-10-24 23:59:59
2017-10-25,2063.2,2049.48,2073.44,2048.78,30312496094.0,0,2017-10-25 23:59:59
2017-10-26,2049.66,2046.69,2053.53,2038.26,25193087908.0,0,2017-10-26 23:59:59
2017-10-27,2050.35,2068.76,2068.76,2050.35,32978905862.0,0,2017-10-27 23:59:59
2017-10-30,2069.45,2065.25,2076.96,2064.74,25948134792.0,0,2017-10-30 23:59:59
2017-10-31,2066.1,2064.31,2079.28,2064.31,28555231309.0,0,2017-10-31 23:59:59
2017-11-01,2070.68,2082.73,2089.83,2068.26,36089541735.0,0,2017-11-01 23:59:59
2017-11-02,2080.53,2073.04,2080.53,2065.69,32705382338.0,0,2017-11-02 23:59:59
2017-11-03,2073.17,2081.15,2096.04,2073.17,31932210910.0,0,2017-11-03 23:59:59
2017-11-07,2092.78,2155.55,2155.55,2092.78,76163603392.0,0,2017-11-07 23:59:59
2017-11-08,2155.21,2163.01,2178.42,2144.98,49040305740.0,0,2017-11-08 23:59:59
2017-11-09,2162.0,2183.61,2183.61,2156.48,61503124362.0,0,2017-11-09 23:59:59
2017-11-10,2184.64,2169.26,2190.56,2166.68,62124396482.0,0,2017-11-10 23:59:59
2017-11-13,2169.85,2167.63,2191.71,2167.63,37970412063.0,0,2017-11-13 23:59:59
2017-11-14,2166.11,2166.83,2185.56,2166.11,46980543848.0,0,2017-11-14 23:59:59
2017-11-15,2159.83,2131.75,2162.41,2131.75,53484016959.0,0,2017-11-15 23:59:59
2017-11-16,2135.18,2132.65,2147.83,2112.2,56322547454.0,0,2017-11-16 23:59:59
2017-11-17,2135.58,2131.91,2139.43,2127.95,34124171631.0,0,2017-11-17 23:59:59
2017-11-20,2132.4,2130.39,2139.91,2123.76,26205978752.0,0,2017-11-20 23:59:59
2017-11-21,2132.5,2155.82,2155.82,2132.5,50470600415.0,0,2017-11-21 23:59:59
2017-11-22,2158.33,2160.16,2168.01,2151.3,33535162036.0,0,2017-11-22 23:59:59
2017-11-23,2159.88,2148.56,2160.64,2143.06,30659856682.0,0,2017-11-23 23:59:59
2017-11-24,2148.59,2161.17,2163.61,2144.62,31134801041.0,0,2017-11-24 23:59:59
2017-11-27,2159.02,2145.87,2164.32,2139.12,24683806656.2,0,2017-11-27 23:59:59
2017-11-28,2144.53,2149.45,2149.45,2126.06,31474489665.2,0,2017-11-28 23:59:59
2017-11-29,2148.95,2124.08,2150.88,2120.24,31363188004.4,0,2017-11-29 23:59:59
2017-11-30,2121.93,2100.62,2123.18,2092.2,78179988737.6,0,2017-11-30 23:59:59
2017-12-01,2102.54,2105.99,2109.33,2091.89,32254059970.5,0,2017-12-01 23:59:59
2017-12-04,2104.9,2119.42,2123.08,2087.37,31678170334.7,0,2017-12-04 23:59:59
2017-12-05,2117.7,2113.69,2117.7,2099.77,25271043801.0,0,2017-12-05 23:59:59
2017-12-06,2110.8,2124.12,2126.16,2102.9,24167326031.9,0,2017-12-06 23:59:59
2017-12-07,2120.8,2103.15,2120.83,2100.87,28549119472.0,0,2017-12-07 23:59:59
2017-12-08,2106.38,2104.99,2118.71,2097.29,23038211567.1,0,2017-12-08 23:59:59
2017-12-11,2104.62,2148.6,2148.6,2104.62,29259723999.3,0,2017-12-11 23:59:59
2017-12-12,2151.96,2160.75,2160.75,2142.06,32680518614.7,0,2017-12-12 23:59:59
2017-12-13,2152.39,2131.94,2158.25,2127.1,36682457088.8,0,2017-12-13 23:59:59
2017-12-14,2132.54,2152.41,2152.41,2127.74,32875084250.5,0,2017-12-14 23:59:59
2017-12-15,2151.23,2143.99,2151.23,2135.85,31783344746.8,0,2017-12-15 23:59:59
2017-12-18,2144.92,2134.58,2155.92,2122.05,27942037281.5,0,2017-12-18 23:59:59
2017-12-19,2133.93,2118.16,2139.27,2112.99,27080052926.2,0,2017-12-19 23:59:59
2017-12-20,2116.97,2102.97,2120.57,2101.93,31264522374.9,0,2017-12-20 23:59:59
2017-12-21,2101.23,2093.38,2103.62,2082.29,34789016706.9,0,2017-12-21 23:59:59
2017-12-22,2095.56,2102.94,2109.44,2089.6,20918042113.9,0,2017-12-22 23:59:59
2017-12-25,2109.38,2105.06,2115.68,2100.76,10781756260.1,0,2017-12-25 23:59:59
2017-12-26,2105.51,2097.03,2107.48,2086.61,11945064397.1,0,2017-12-26 23:59:59
2017-12-27,2099.09,2106.17,2108.74,2091.94,26561492905.0,0,2017-12-27 23:59:59
2017-12-28,2105.98,2102.89,2106.25,2088.67,18090090633.0,0,2017-12-28 23:59:59
2017-12-29,2102.81,2109.74,2110.9,2091.93,15957336731.1,0,2017-12-29 23:59:59
2018-01-03,2111.24,2152.97,2152.97,2111.24,21076095059.7,0,2018-01-03 23:59:59
2018-01-04,2153.87,2197.6,2197.6,2153.87,36531245623.2,0,2018-01-04 23:59:59
2018-01-05,2196.69,2207.41,2207.41,2188.35,25985573299.5,0,2018-01-05 23:59:59
2018-01-09,2211.4,2225.39,2242.87,2211.4,44389501692.9,0,2018-01-09 23:59:59
2018-01-10,2227.33,2232.27,2233.63,2213.77,40081917520.9,0,2018-01-10 23:59:59
2018-01-11,2232.19,2246.45,2246.82,2221.61,35875188920.1,0,2018-01-11 23:59:59
2018-01-12,2245.7,2262.38,2262.38,2234.42,38133037880.2,0,2018-01-12 23:59:59
2018-01-15,2268.01,2261.53,2280.17,2259.66,28506021421.1,0,2018-01-15 23:59:59
2018-01-16,2262.09,2257.89,2265.64,2232.92,34181194406.0,0,2018-01-16 23:59:59
2018-01-17,2250.71,2277.89,2277.89,2231.7,41081164885.9,0,2018-01-17 23:59:59
2018-01-18,2279.34,2297.47,2299.64,2279.34,50772584530.2,0,2018-01-18 23:59:59
2018-01-19,2298.07,2286.33,2306.79,2273.24,40066007461.0,0,2018-01-19 23:59:59
2018-01-22,2286.04,2308.61,2308.61,2285.32,32826159274.2,0,2018-01-22 23:59:59
2018-01-23,2311.99,2298.95,2315.77,2281.52,40634954873.7,0,2018-01-23 23:59:59
2018-01-24,2297.69,2306.99,2306.99,2283.2,33738711190.3,0,2018-01-24 23:59:59
2018-01-25,2311.56,2320.03,2328.48,2307.62,52938287627.6,0,2018-01-25 23:59:59
2018-01-26,2317.15,2295.26,2317.15,2281.71,42865841196.4,0,2018-01-26 23:59:59
2018-01-29,2295.34,2284.27,2303.49,2280.92,43934120261.7,0,2018-01-29 23:59:59
2018-01-30,2276.37,2280.36,2301.98,2264.16,47971484476.2,0,2018-01-30 23:59:59
2018-01-31,2278.83,2289.99,2295.88,2266.95,47458773372.4,0,2018-01-31 23:59:59
2018-02-01,2292.22,2302.57,2313.21,2288.31,47093257987.8,0,2018-02-01 23:59:59
2018-02-02,2303.06,2281.84,2309.6,2272.84,45939793518.3,0,2018-02-02 23:59:59
2018-02-05,2272.67,2276.85,2281.97,2255.43,38890404182.8,0,2018-02-05 23:59:59
2018-02-06,2233.31,2238.24,2258.79,2222.85,64462131911.6,0,2018-02-06 23:59:59
2018-02-07,2247.99,2254.64,2267.35,2247.99,40989154734.5,0,2018-02-07 23:59:59
2018-02-08,2248.98,2227.24,2259.4,2227.24,39966166240.7,0,2018-02-08 23:59:59
2018-02-09,2209.67,2197.12,2217.89,2181.96,56590762463.5,0,2018-02-09 23:59:59
2018-02-12,2208.98,2220.12,2229.81,2206.28,34667140420.4,0,2018-02-12 23:59:59
2018-02-13,2225.71,2250.63,2250.63,2220.69,36305983680.1,0,2018-02-13 23:59:59
2018-02-14,2252.95,2257.95,2259.06,2232.96,42712377582.5,0,2018-02-14 23:59:59
2018-02-15,2267.82,2265.45,2280.27,2265.45,44459857653.0,0,2018-02-15 23:59:59
2018-02-16,2266.42,2255.27,2283.65,2248.3,58420328516.5,0,2018-02-16 23:59:59
2018-02-19,2255.37,2254.92,2266.89,2251.18,31273799300.2,0,2018-02-19 23:59:59
2018-02-20,2256.01,2270.12,2271.37,2254.92,37342072099.6,0,2018-02-20 23:59:59
2018-02-21,2268.27,2320.32,2320.32,2265.85,52795619959.8,0,2018-02-21 23:59:59
2018-02-22,2316.09,2336.82,2336.82,2307.28,53281227216.9,0,2018-02-22 23:59:59
2018-02-26,2353.89,2353.16,2376.96,2346.73,59681509646.3,0,2018-02-26 23:59:59
2018-02-27,2356.75,2341.89,2357.1,2333.38,37110806981.4,0,2018-02-27 23:59:59
2018-02-28,2338.26,2296.8,2338.26,2296.8,48353151858.4,0,2018-02-28 23:59:59
2018-03-01,2286.41,2297.9,2306.51,2281.22,43719292859.4,0,2018-03-01 23:59:59
2018-03-02,2295.15,2288.84,2301.77,2263.77,39527790205.2,0,2018-03-02 23:59:59
2018-03-05,2291.9,2309.53,2317.01,2291.9,30064306468.8,0,2018-03-05 23:59:59
2018-03-06,2312.6,2303.32,2325.16,2302.11,41872699381.4,0,2018-03-06 23:59:59
2018-03-07,2299.38,2291.23,2299.38,2269.9,40670500815.8,0,2018-03-07 23:59:59
2018-03-09,2290.77,2311.69,2311.69,2286.23,24586686701.0,0,2018-03-09 23:59:59
2018-03-12,2317.19,2318.01,2326.41,2309.6,29406900153.2,0,2018-03-12 23:59:59
2018-03-13,2315.24,2319.38,2326.06,2305.25,35139312430.7,0,2018-03-13 23:59:59
2018-03-14,2316.6,2275.24,2316.6,2275.24,45756038087.4,0,2018-03-14 23:59:59
2018-03-15,2275.06,2272.49,2284.79,2262.21,56858203390.5,0,2018-03-15 23:59:59
2018-03-16,2273.51,2294.6,2294.6,2255.95,72242895694.6,0,2018-03-16 23:59:59
2018-03-19,2299.01,2281.72,2302.78,2279.5,34531469181.0,0,2018-03-19 23:59:59
2018-03-20,2281.53,2291.18,2293.85,2263.48,42412581711.0,0,2018-03-20 23:59:59
2018-03-21,2292.74,2309.36,2316.08,2290.18,45162819672.7,0,2018-03-21 23:59:59
2018-03-22,2311.31,2285.76,2317.38,2279.63,37215174124.9,0,2018-03-22 23:59:59
2018-03-23,2272.32,2285.53,2288.15,2259.78,40364094707.7,0,2018-03-23 23:59:59
2018-03-26,2285.15,2240.85,2285.15,2240.85,39513731033.9,0,2018-03-26 23:59:59
2018-03-27,2248.11,2262.5,2271.62,2243.08,33896290326.5,0,2018-03-27 23:59:59
2018-03-28,2260.18,2249.23,2260.18,2241.07,33572493217.7,0,2018-03-28 23:59:59
2018-03-29,2251.61,2274.62,2274.62,2251.61,33139009787.8,0,2018-03-29 23:59:59
2018-03-30,2278.94,2270.98,2281.54,2270.98,10538701967.0,0,2018-03-30 23:59:59
2018-04-02,2271.91,2256.64,2294.08,2256.64,24731128865.0,0,2018-04-02 23:59:59
2018-04-03,2259.8,2263.85,2264.07,2245.83,33010239570.8,0,2018-04-03 23:59:59
2018-04-04,2264.74,2265.6,2273.53,2248.48,34553316436.7,0,2018-04-04 23:59:59
2018-04-05,2270.16,2296.25,2297.69,2270.16,37766035317.4,0,2018-04-05 23:59:59
2018-04-06,2286.35,2281.23,2293.99,2274.91,35834906513.9,0,2018-04-06 23:59:59
2018-04-09,2272.4,2090.88,2272.4,2065.32,150203660780.0,0,2018-04-09 23:59:59
2018-04-10,2090.73,2173.76,2199.44,2083.3,124043231720.0,0,2018-04-10 23:59:59
2018-04-11,2172.45,2192.15,2231.26,2157.92,97592338300.2,0,2018-04-11 23:59:59
2018-04-12,2206.94,2210.05,2220.83,2173.6,71314150699.9,0,2018-04-12 23:59:59
2018-04-13,2210.02,2175.16,2219.1,2167.9,65417234616.3,0,2018-04-13 23:59:59
2018-04-16,2156.28,2143.67,2179.75,2141.17,72616341729.9,0,2018-04-16 23:59:59
2018-04-17,2173.45,2191.19,2191.19,2165.21,66798295131.7,0,2018-04-17 23:59:59
2018-04-18,2193.73,2241.49,2246.6,2191.67,76806200849.4,0,2018-04-18 23:59:59
2018-04-19,2248.08,2230.55,2265.92,2219.49,59470439803.0,0,2018-04-19 23:59:59
2018-04-20,2231.08,2232.66,2242.72,2222.81,32907921168.5,0,2018-04-20 23:59:59
2018-04-23,2232.33,2250.99,2250.99,2212.16,63447445889.8,0,2018-04-23 23:59:59
2018-04-24,2260.17,2253.77,2270.61,2245.57,46142806068.6,0,2018-04-24 23:59:59
2018-04-25,2245.06,2253.5,2253.5,2229.66,40777232639.2,0,2018-04-25 23:59:59
2018-04-26,2255.66,2286.02,2286.73,2253.92,45975451683.8,0,2018-04-26 23:59:59
2018-04-27,2287.95,2301.49,2302.54,2281.49,45539771826.2,0,2018-04-27 23:59:59
2018-04-28,2300.85,2297.3,2300.85,2288.23,6207773410.3,0,2018-04-28 23:59:59
2018-04-30,2296.11,2307.02,2322.38,2289.33,25312081262.6,0,2018-04-30 23:59:59
2018-05-02,2304.28,2306.42,2317.43,2298.52,32611287966.7,0,2018-05-02 23:59:59
2018-05-03,2303.34,2274.07,2313.85,2274.07,44005292615.2,0,2018-05-03 23:59:59
2018-05-04,2278.9,2289.47,2294.35,2278.9,29134920375.1,0,2018-05-04 23:59:59
2018-05-07,2294.1,2297.12,2313.73,2292.63,23341193347.2,0,2018-05-07 23:59:59
2018-05-08,2292.78,2301.99,2301.99,2277.17,35537935401.9,0,2018-05-08 23:59:59
2018-05-10,2315.39,2312.92,2322.45,2303.15,44521731188.9,0,2018-05-10 23:59:59
2018-05-11,2317.6,2345.26,2346.98,2317.53,41316398081.4,0,2018-05-11 23:59:59
2018-05-14,2345.93,2357.62,2358.59,2326.27,31886758140.5,0,2018-05-14 23:59:59
2018-05-15,2353.22,2337.03,2354.11,2330.59,44743693214.4,0,2018-05-15 23:59:59
2018-05-16,2336.52,2338.39,2350.49,2328.86,49050292350.1,0,2018-05-16 23:59:59
2018-05-17,2342.22,2323.51,2346.04,2323.51,36187090415.6,0,2018-05-17 23:59:59
2018-05-18,2323.75,2326.94,2338.94,2321.93,36608467154.8,0,2018-05-18 23:59:59
2018-05-21,2328.42,2332.63,2347.93,2328.42,28823716151.8,0,2018-05-21 23:59:59
2018-05-22,2333.89,2326.87,2336.77,2317.78,28572359334.3,0,2018-05-22 23:59:59
2018-05-23,2317.0,2295.57,2318.77,2294.98,32222355533.6,0,2018-05-23 23:59:59
2018-05-24,2298.73,2294.01,2310.08,2289.68,30395213376.3,0,2018-05-24 23:59:59
2018-05-25,2297.91,2306.57,2316.13,2296.91,36013728553.6,0,2018-05-25 23:59:59
2018-05-28,2306.23,2311.28,2314.48,2301.82,15944786959.7,0,2018-05-28 23:59:59
2018-05-29,2314.11,2298.0,2316.59,2285.41,32005810850.8,0,2018-05-29 23:59:59
2018-05-30,2298.52,2297.6,2307.82,2289.21,38894742708.0,0,2018-05-30 23:59:59
2018-05-31,2303.34,2302.88,2315.15,2289.65,72455908825.1,0,2018-05-31 23:59:59
2018-06-01,2297.13,2295.34,2311.95,2292.97,30992079661.7,0,2018-06-01 23:59:59
2018-06-04,2299.65,2323.64,2324.2,2299.65,26747618650.4,0,2018-06-04 23:59:59
2018-06-05,2322.71,2318.23,2329.03,2310.82,38666583161.9,0,2018-06-05 23:59:59
2018-06-06,2319.33,2315.45,2322.05,2302.7,28878723214.5,0,2018-06-06 23:59:59
2018-06-07,2318.28,2316.07,2326.44,2316.07,26158374455.1,0,2018-06-07 23:59:59
2018-06-08,2313.0,2267.92,2316.92,2267.92,45882925500.8,0,2018-06-08 23:59:59
2018-06-09,2268.99,2281.51,2284.13,2268.99,3836924404.85,0,2018-06-09 23:59:59
2018-06-11,2283.64,2271.74,2285.14,2260.4,18541264496.4,0,2018-06-11 23:59:59
2018-06-13,2275.69,2270.73,2283.73,2268.36,34112296130.4,0,2018-06-13 23:59:59
2018-06-14,2268.94,2253.48,2269.1,2247.96,30274715001.0,0,2018-06-14 23:59:59
2018-06-15,2254.09,2237.53,2261.74,2235.93,54972383231.2,0,2018-06-15 23:59:59
2018-06-18,2234.53,2222.56,2241.3,2216.21,35216571494.2,0,2018-06-18 23:59:59
2018-06-19,2216.94,2221.42,2228.84,2192.63,41548383291.5,0,2018-06-19 23:59:59
2018-06-20,2226.49,2256.27,2263.76,2226.49,41441731500.8,0,2018-06-20 23:59:59
2018-06-21,2255.51,2245.94,2268.93,2243.71,42440145101.7,0,2018-06-21 23:59:59
2018-06-22,2250.99,2249.68,2262.18,2236.44,46540089991.9,0,2018-06-22 23:59:59
2018-06-25,2234.22,2236.65,2255.69,2232.82,32559955746.8,0,2018-06-25 23:59:59
2018-06-26,2238.35,2231.03,2253.3,2229.47,27829118842.8,0,2018-06-26 23:59:59
2018-06-27,2239.75,2253.6,2265.33,2223.28,38166031297.4,0,2018-06-27 23:59:59
2018-06-28,2254.46,2250.26,2264.76,2246.92,32903511208.5,0,2018-06-28 23:59:59
2018-06-29,2262.16,2295.95,2295.95,2261.58,43129452213.7,0,2018-06-29 23:59:59
2018-07-02,2294.1,2319.31,2327.72,2287.85,37968961508.8,0,2018-07-02 23:59:59
2018-07-03,2319.37,2301.65,2320.41,2296.92,26549298775.4,0,2018-07-03 23:59:59
2018-07-04,2301.68,2304.06,2309.57,2299.45,18501372052.4,0,2018-07-04 23:59:59
2018-07-05,2299.68,2346.86,2346.86,2293.78,38556456313.6,0,2018-07-05 23:59:59
2018-07-06,2342.62,2345.38,2350.97,2319.94,34371043039.4,0,2018-07-06 23:59:59
2018-07-09,2351.69,2373.17,2375.83,2351.69,32654928782.5,0,2018-07-09 23:59:59
2018-07-10,2368.28,2365.17,2379.33,2359.16,36236043236.3,0,2018-07-10 23:59:59
2018-07-11,2355.79,2336.15,2355.79,2326.24,38450820046.2,0,2018-07-11 23:59:59
2018-07-12,2332.23,2322.06,2336.52,2307.95,31609016309.4,0,2018-07-12 23:59:59
2018-07-13,2326.76,2346.43,2346.43,2324.9,29276526177.0,0,2018-07-13 23:59:59
2018-07-16,2343.02,2334.18,2352.3,2321.33,31527048877.5,0,2018-07-16 23:59:59
2018-07-17,2325.28,2310.92,2325.28,2293.76,35884307790.2,0,2018-07-17 23:59:59
2018-07-18,2294.22,2294.78,2303.39,2284.45,35900582680.2,0,2018-07-18 23:59:59
2018-07-19,2297.15,2269.45,2297.15,2262.99,45942372515.8,0,2018-07-19 23:59:59
2018-07-20,2269.97,2247.82,2274.66,2239.77,48323944671.9,0,2018-07-20 23:59:59
2018-07-23,2250.57,2261.25,2273.13,2250.57,27733235485.0,0,2018-07-23 23:59:59
2018-07-24,2264.38,2278.3,2281.62,2263.36,27847775733.2,0,2018-07-24 23:59:59
2018-07-25,2268.11,2282.84,2285.22,2258.31,35315719811.8,0,2018-07-25 23:59:59
2018-07-26,2287.75,2293.07,2300.05,2283.01,33130073214.7,0,2018-07-26 23:59:59
2018-07-27,2293.87,2292.72,2298.07,2275.23,26609287255.7,0,2018-07-27 23:59:59
2018-07-30,2288.29,2295.72,2298.76,2276.68,27128795640.2,0,2018-07-30 23:59:59
2018-07-31,2290.76,2321.11,2321.11,2286.84,35119566813.6,0,2018-07-31 23:59:59
2018-08-01,2317.83,2315.18,2326.36,2307.99,26333344432.2,0,2018-08-01 23:59:59
2018-08-02,2311.78,2295.15,2321.78,2288.11,31837651496.0,0,2018-08-02 23:59:59
2018-08-03,2294.37,2297.99,2299.08,2277.3,36301662533.8,0,2018-08-03 23:59:59
2018-08-06,2297.62,2299.88,2310.96,2286.88,29078761048.2,0,2018-08-06 23:59:59
2018-08-07,2303.47,2312.19,2320.38,2301.21,33124676608.0,0,2018-08-07 23:59:59
2018-08-08,2308.62,2293.01,2310.65,2275.15,55919027604.6,0,2018-08-08 23:59:59
2018-08-09,2282.02,2309.58,2309.58,2257.51,65707960045.2,0,2018-08-09 23:59:59
2018-08-10,2295.59,2275.05,2308.46,2259.67,56410587159.8,0,2018-08-10 23:59:59
2018-08-13,2264.6,2285.61,2298.36,2255.75,49841536275.3,0,2018-08-13 23:59:59
2018-08-14,2298.73,2282.88,2305.88,2268.92,41415038567.0,0,2018-08-14 23:59:59
2018-08-15,2281.4,2267.13,2282.34,2246.45,41308786642.2,0,2018-08-15 23:59:59
2018-08-16,2269.02,2261.09,2273.44,2249.77,27784927408.8,0,2018-08-16 23:59:59
2018-08-17,2261.69,2255.12,2268.89,2247.45,24700335707.3,0,2018-08-17 23:59:59
2018-08-20,2266.06,2272.49,2279.52,2265.19,24020335121.9,0,2018-08-20 23:59:59
2018-08-21,2274.36,2291.76,2291.76,2259.81,26067709370.5,0,2018-08-21 23:59:59
2018-08-22,2296.17,2297.06,2306.1,2278.23,33523925784.7,0,2018-08-22 23:59:59
2018-08-23,2293.98,2260.04,2303.47,2258.11,50146168725.7,0,2018-08-23 23:59:59
2018-08-24,2258.94,2279.76,2281.74,2240.71,45117580019.6,0,2018-08-24 23:59:59
2018-08-27,2281.87,2312.93,2312.93,2281.87,25560687145.6,0,2018-08-27 23:59:59
2018-08-28,2313.85,2316.28,2323.45,2310.99,28140874689.0,0,2018-08-28 23:59:59
2018-08-29,2316.73,2348.44,2348.44,2316.66,29417341669.7,0,2018-08-29 23:59:59
2018-08-30,2352.06,2330.92,2359.58,2325.8,34634950998.3,0,2018-08-30 23:59:59
2018-08-31,2328.52,2345.85,2345.85,2310.78,36711421797.9,0,2018-08-31 23:59:59
2018-09-03,2344.3,2346.08,2353.09,2339.39,16984179920.1,0,2018-09-03 23:59:59
2018-09-04,2348.65,2336.38,2358.88,2332.34,26425382774.3,0,2018-09-04 23:59:59
2018-09-05,2333.04,2321.33,2341.37,2321.33,26141343284.8,0,2018-09-05 23:59:59
2018-09-06,2320.08,2320.65,2342.02,2320.08,29646878635.8,0,2018-09-06 23:59:59
2018-09-07,2321.66,2321.82,2330.84,2305.27,32670059994.8,0,2018-09-07 23:59:59
2018-09-10,2322.67,2335.85,2335.85,2320.04,34514794888.8,0,2018-09-10 23:59:59
2018-09-11,2336.16,2335.19,2345.65,2314.8,44050812075.4,0,2018-09-11 23:59:59
2018-09-12,2339.77,2340.63,2350.0,2328.28,40218912051.8,0,2018-09-12 23:59:59
2018-09-13,2339.4,2357.32,2373.61,2339.4,58935651831.8,0,2018-09-13 23:59:59
2018-09-14,2359.06,2360.26,2369.06,2345.51,42263120465.8,0,2018-09-14 23:59:59
2018-09-17,2362.24,2373.75,2373.76,2350.09,33667666268.2,0,2018-09-17 23:59:59
2018-09-18,2374.09,2402.58,2402.58,2372.0,42138828795.4,0,2018-09-18 23:59:59
2018-09-19,2405.31,2404.42,2416.53,2396.18,41072771599.1,0,2018-09-19 23:59:59
2018-09-20,2405.36,2400.89,2434.94,2400.89,78554783175.0,0,2018-09-20 23:59:59
2018-09-21,2401.35,2426.8,2426.8,2401.0,67062419017.9,0,2018-09-21 23:59:59
2018-09-24,2426.41,2430.01,2432.64,2417.45,38325790113.0,0,2018-09-24 23:59:59
2018-09-25,2432.76,2444.22,2444.65,2420.3,41597933304.5,0,2018-09-25 23:59:59
2018-09-26,2445.35,2427.29,2449.42,2421.45,37184779240.2,0,2018-09-26 23:59:59
2018-09-27,2423.75,2474.57,2474.57,2423.14,60380653372.2,0,2018-09-27 23:59:59
2018-09-28,2467.95,2475.36,2476.86,2446.53,52113681518.5,0,2018-09-28 23:59:59
2018-10-01,2481.45,2472.22,2493.82,2461.77,34671183344.2,0,2018-10-01 23:59:59
2018-10-02,2475.65,2449.7,2480.19,2445.51,36790896437.9,0,2018-10-02 23:59:59
2018-10-03,2451.45,2493.91,2501.78,2451.45,49917202576.7,0,2018-10-03 23:59:59
2018-10-04,2492.54,2465.03,2498.07,2459.02,49410547714.7,0,2018-10-04 23:59:59
2018-10-05,2458.28,2450.9,2466.31,2436.98,43668542924.6,0,2018-10-05 23:59:59
2018-10-08,2449.95,2454.28,2466.17,2436.49,35427421796.8,0,2018-10-08 23:59:59
2018-10-09,2459.63,2443.83,2478.87,2443.83,43434513039.3,0,2018-10-09 23:59:59
2018-10-10,2445.78,2417.69,2454.28,2411.06,42298071426.4,0,2018-10-10 23:59:59
2018-10-11,2386.03,2366.47,2388.63,2351.68,60349852497.3,0,2018-10-11 23:59:59
2018-10-12,2371.68,2403.02,2407.4,2371.68,36002700221.1,0,2018-10-12 23:59:59
2018-10-15,2405.53,2389.05,2414.16,2374.8,28076383834.6,0,2018-10-15 23:59:59
2018-10-16,2387.35,2417.26,2418.65,2377.81,33705253286.0,0,2018-10-16 23:59:59
2018-10-17,2422.45,2411.42,2433.5,2400.53,35869645218.3,0,2018-10-17 23:59:59
2018-10-18,2408.97,2378.62,2411.22,2377.37,30817151092.6,0,2018-10-18 23:59:59
2018-10-19,2381.06,2344.79,2381.83,2342.05,47863126338.5,0,2018-10-19 23:59:59
2018-10-22,2347.29,2308.56,2361.0,2306.26,44652064472.2,0,2018-10-22 23:59:59
2018-10-23,2302.84,2305.58,2321.46,2289.23,53010855002.8,0,2018-10-23 23:59:59
2018-10-24,2311.28,2336.49,2348.87,2307.96,79163935268.3,0,2018-10-24 23:59:59
2018-10-25,2323.03,2331.59,2336.68,2307.06,46534534438.8,0,2018-10-25 23:59:59
2018-10-26,2328.82,2293.22,2328.82,2275.58,42187140361.4,0,2018-10-26 23:59:59
2018-10-29,2290.53,2317.06,2321.77,2287.05,30789249078.8,0,2018-10-29 23:59:59
2018-10-30,2311.54,2299.98,2316.89,2283.13,33102965088.8,0,2018-10-30 23:59:59
2018-10-31,2306.18,2352.71,2352.71,2306.18,40437425487.2,0,2018-10-31 23:59:59
2018-11-01,2352.94,2359.33,2366.37,2333.09,40437475898.3,0,2018-11-01 23:59:59
2018-11-02,2364.36,2377.95,2385.95,2363.64,39957908798.3,0,2018-11-02 23:59:59
2018-11-06,2381.38,2412.31,2412.31,2381.38,37900124821.9,0,2018-11-06 23:59:59
2018-11-07,2411.46,2445.34,2445.34,2392.05,48898088238.2,0,2018-11-07 23:59:59
2018-11-08,2446.23,2438.62,2454.84,2430.84,43655024418.3,0,2018-11-08 23:59:59
2018-11-09,2431.85,2403.47,2431.85,2385.23,48419017315.0,0,2018-11-09 23:59:59
2018-11-12,2407.97,2393.81,2425.08,2391.57,34152730435.7,0,2018-11-12 23:59:59
2018-11-13,2388.27,2374.94,2398.95,2373.61,44330355763.3,0,2018-11-13 23:59:59
2018-11-14,2368.89,2378.59,2379.67,2346.68,49144655064.9,0,2018-11-14 23:59:59
2018-11-15,2382.43,2381.45,2396.93,2377.48,35634350265.2,0,2018-11-15 23:59:59
2018-11-16,2384.76,2372.67,2398.2,2365.2,33948529950.5,0,2018-11-16 23:59:59
2018-11-19,2375.21,2373.78,2391.72,2368.45,30717170181.3,0,2018-11-19 23:59:59
2018-11-20,2371.71,2341.6,2371.71,2323.95,36964348122.3,0,2018-11-20 23:59:59
2018-11-21,2339.29,2357.97,2362.28,2336.18,34730902207.0,0,2018-11-21 23:59:59
2018-11-22,2358.14,2369.53,2372.06,2348.04,26314234412.4,0,2018-11-22 23:59:59
2018-11-23,2368.39,2342.97,2368.39,2334.0,34432642081.1,0,2018-11-23 23:59:59
2018-11-26,2344.38,2308.5,2346.94,2284.3,54332953137.5,0,2018-11-26 23:59:59
2018-11-27,2311.17,2338.71,2345.01,2310.32,42285635155.0,0,2018-11-27 23:59:59
2018-11-28,2341.11,2381.12,2386.82,2341.11,45897758220.8,0,2018-11-28 23:59:59
2018-11-29,2387.45,2398.56,2410.49,2377.92,50814138744.7,0,2018-11-29 23:59:59
2018-11-30,2394.54,2392.5,2402.14,2378.74,59489968338.6,0,2018-11-30 23:59:59
2018-12-03,2405.18,2441.19,2446.15,2405.18,52441577467.9,0,2018-12-03 23:59:59
2018-12-04,2440.63,2443.38,2449.92,2426.71,40442645881.9,0,2018-12-04 23:59:59
2018-12-05,2425.02,2445.55,2445.55,2409.32,33933154753.2,0,2018-12-05 23:59:59
2018-12-06,2438.79,2412.31,2438.79,2391.63,39963838272.0,0,2018-12-06 23:59:59
2018-12-07,2415.04,2431.29,2440.03,2412.7,42554020341.7,0,2018-12-07 23:59:59
2018-12-10,2426.4,2396.84,2429.72,2396.69,33390001202.6,0,2018-12-10 23:59:59
2018-12-11,2397.71,2394.26,2408.07,2382.2,35151485620.8,0,2018-12-11 23:59:59
2018-12-12,2392.84,2370.35,2395.81,2366.76,34084868145.8,0,2018-12-12 23:59:59
2018-12-13,2368.3,2378.5,2379.18,2359.83,32206789537.7,0,2018-12-13 23:59:59
2018-12-14,2376.87,2365.69,2376.87,2351.62,31496104016.5,0,2018-12-14 23:59:59
2018-12-17,2363.55,2359.13,2379.07,2354.87,29749112530.9,0,2018-12-17 23:59:59
2018-12-18,2353.75,2350.29,2353.75,2321.57,44721501606.8,0,2018-12-18 23:59:59
2018-12-19,2347.28,2358.58,2360.36,2330.72,36660622593.2,0,2018-12-19 23:59:59
2018-12-20,2348.79,2352.88,2352.88,2317.57,48124567941.4,0,2018-12-20 23:59:59
2018-12-21,2351.98,2347.17,2351.98,2330.86,44325417891.8,0,2018-12-21 23:59:59
2018-12-24,2345.98,2322.27,2346.36,2315.43,19330544475.9,0,2018-12-24 23:59:59
2018-12-25,2318.43,2290.86,2318.43,2258.27,18561229588.0,0,2018-12-25 23:59:59
2018-12-26,2291.98,2308.85,2315.98,2291.98,14946480535.1,0,2018-12-26 23:59:59
2018-12-27,2316.66,2327.81,2340.63,2316.66,28111243381.0,0,2018-12-27 23:59:59
2018-12-28,2329.96,2358.5,2369.24,2329.96,23673897498.0,0,2018-12-28 23:59:59
2018-12-29,2359.38,2369.33,2370.0,2357.1,5558291495.72,0,2018-12-29 23:59:59
2019-01-03,2370.56,2375.6,2387.21,2350.41,23065788705.4,0,2019-01-03 23:59:59
2019-01-04,2377.71,2406.5,2406.5,2377.71,19959820960.0,0,2019-01-04 23:59:59
2019-01-08,2400.96,2389.69,2403.66,2375.01,26939659761.2,0,2019-01-08 23:59:59
2019-01-09,2393.55,2414.13,2414.13,2393.55,36438416186.2,0,2019-01-09 23:59:59
2019-01-10,2413.27,2434.15,2434.15,2398.16,34451721994.8,0,2019-01-10 23:59:59
2019-01-11,2435.71,2444.45,2448.17,2430.45,36424668132.7,0,2019-01-11 23:59:59
2019-01-14,2438.35,2440.15,2440.15,2418.65,25155039996.1,0,2019-01-14 23:59:59
2019-01-15,2442.26,2439.55,2457.35,2423.86,33635616939.4,0,2019-01-15 23:59:59
2019-01-16,2440.34,2434.6,2446.13,2426.8,32907264249.5,0,2019-01-16 23:59:59
2019-01-17,2436.48,2447.64,2447.64,2425.51,37213378397.9,0,2019-01-17 23:59:59
2019-01-18,2454.19,2473.61,2473.61,2451.65,40343793500.9,0,2019-01-18 23:59:59
2019-01-21,2473.67,2468.25,2481.88,2468.18,27619025346.0,0,2019-01-21 23:59:59
2019-01-22,2466.35,2468.73,2469.87,2454.19,33716589105.7,0,2019-01-22 23:59:59
2019-01-23,2467.91,2491.49,2493.06,2466.59,39470414561.1,0,2019-01-23 23:59:59
2019-01-24,2490.05,2482.71,2494.09,2470.3,49338802888.2,0,2019-01-24 23:59:59
2019-01-25,2485.71,2498.23,2498.23,2482.99,36810095274.8,0,2019-01-25 23:59:59
2019-01-28,2499.19,2476.81,2502.73,2467.5,33484046714.9,0,2019-01-28 23:59:59
2019-01-29,2475.68,2498.35,2501.69,2464.25,36139908091.3,0,2019-01-29 23:59:59
2019-01-30,2497.09,2511.86,2513.77,2492.52,37518582253.7,0,2019-01-30 23:59:59
2019-01-31,2517.89,2521.1,2536.28,2515.86,49213875974.8,0,2019-01-31 23:59:59
2019-02-01,2520.08,2521.7,2531.51,2512.76,35065274603.1,0,2019-02-01 23:59:59
2019-02-04,2523.04,2523.52,2537.47,2519.79,26735197993.2,0,2019-02-04 23:59:59
2019-02-05,2524.35,2547.27,2549.62,2523.78,31797859136.0,0,2019-02-05 23:59:59
2019-02-06,2547.53,2539.73,2551.97,2533.92,29001686983.8,0,2019-02-06 23:59:59
2019-02-07,2537.41,2509.89,2540.45,2506.6,38004832275.5,0,2019-02-07 23:59:59
2019-02-08,2508.85,2502.82,2511.21,2495.0,29567612063.2,0,2019-02-08 23:59:59
2019-02-11,2503.88,2510.22,2521.82,2503.76,29342767884.6,0,2019-02-11 23:59:59
2019-02-12,2510.91,2533.32,2535.66,2510.91,35489709406.6,0,2019-02-12 23:59:59
2019-02-13,2534.57,2485.76,2535.96,2483.81,47947396766.6,0,2019-02-13 23:59:59
2019-02-14,2468.31,2460.82,2475.5,2448.41,67123856506.2,0,2019-02-14 23:59:59
2019-02-15,2465.02,2490.16,2490.16,2465.02,41192184630.9,0,2019-02-15 23:59:59
2019-02-18,2489.79,2472.41,2494.43,2456.01,34132355469.4,0,2019-02-18 23:59:59
2019-02-19,2471.17,2458.55,2480.29,2450.17,32660348399.9,0,2019-02-19 23:59:59
2019-02-20,2462.15,2487.82,2487.82,2462.15,36870678116.9,0,2019-02-20 23:59:59
2019-02-21,2488.44,2470.23,2494.05,2462.92,34041725237.7,0,2019-02-21 23:59:59
2019-02-22,2470.75,2488.63,2490.67,2468.14,26578408689.2,0,2019-02-22 23:59:59
2019-02-25,2491.54,2494.63,2506.94,2481.73,35735569766.0,0,2019-02-25 23:59:59
2019-02-26,2488.43,2494.02,2494.02,2470.35,31084467579.1,0,2019-02-26 23:59:59
2019-02-27,2495.52,2490.65,2502.59,2479.44,32322738220.0,0,2019-02-27 23:59:59
2019-02-28,2489.09,2485.27,2490.57,2468.06,39629723473.9,0,2019-02-28 23:59:59
2019-03-01,2487.44,2478.01,2494.89,2476.35,29151058191.8,0,2019-03-01 23:59:59
2019-03-04,2478.91,2473.79,2483.27,2469.5,24422972572.8,0,2019-03-04 23:59:59
2019-03-05,2472.19,2466.23,2473.76,2458.07,29496259851.2,0,2019-03-05 23:59:59
2019-03-06,2467.7,2494.04,2497.08,2467.7,33571749208.7,0,2019-03-06 23:59:59
2019-03-07,2491.83,2476.64,2492.61,2473.31,30847186081.0,0,2019-03-07 23:59:59
2019-03-11,2474.45,2465.94,2474.54,2459.78,32602490875.3,0,2019-03-11 23:59:59
2019-03-12,2469.6,2468.25,2479.4,2461.26,28723043708.6,0,2019-03-12 23:59:59
2019-03-13,2468.26,2470.61,2470.61,2452.09,43732949434.7,0,2019-03-13 23:59:59
2019-03-14,2469.38,2457.79,2475.85,2454.74,33427534319.5,0,2019-03-14 23:59:59
2019-03-15,2459.78,2476.73,2476.73,2457.36,45901457508.1,0,2019-03-15 23:59:59
2019-03-18,2477.03,2483.7,2488.5,2467.45,32457707513.4,0,2019-03-18 23:59:59
2019-03-19,2485.05,2493.28,2497.18,2484.48,31439073559.8,0,2019-03-19 23:59:59
2019-03-20,2493.37,2504.23,2504.23,2484.27,35444167458.2,0,2019-03-20 23:59:59
2019-03-21,2505.06,2507.81,2514.72,2497.99,48940206032.2,0,2019-03-21 23:59:59
2019-03-22,2507.96,2492.7,2509.96,2486.01,33325644543.7,0,2019-03-22 23:59:59
2019-03-25,2487.89,2497.59,2499.41,2473.76,45183821470.1,0,2019-03-25 23:59:59
2019-03-26,2498.6,2512.63,2520.02,2492.36,39676577285.8,0,2019-03-26 23:59:59
2019-03-27,2510.69,2487.48,2514.48,2487.48,38964810548.2,0,2019-03-27 23:59:59
2019-03-28,2487.7,2492.4,2497.65,2482.82,30731748797.3,0,2019-03-28 23:59:59
2019-03-29,2493.77,2497.1,2509.65,2486.72,47149296835.9,0,2019-03-29 23:59:59
2019-04-01,2498.73,2521.25,2527.06,2498.73,35087812349.1,0,2019-04-01 23:59:59
2019-04-02,2523.03,2527.77,2532.34,2514.55,33296594199.0,0,2019-04-02 23:59:59
2019-04-03,2530.9,2532.32,2549.56,2530.9,47180753521.7,0,2019-04-03 23:59:59
2019-04-04,2530.56,2535.5,2538.36,2523.69,34238890326.8,0,2019-04-04 23:59:59
2019-04-05,2535.5,2540.99,2548.52,2534.78,36421477031.0,0,2019-04-05 23:59:59
2019-04-08,2542.61,2560.07,2560.07,2542.61,38456539061.8,0,2019-04-08 23:59:59
2019-04-09,2563.85,2570.28,2574.07,2556.37,55676482740.1,0,2019-04-09 23:59:59
2019-04-10,2571.7,2578.58,2591.69,2565.33,64251478340.9,0,2019-04-10 23:59:59
2019-04-11,2578.37,2551.45,2587.09,2551.45,52873386570.7,0,2019-04-11 23:59:59
2019-04-12,2550.87,2559.72,2569.84,2547.0,45520260446.8,0,2019-04-12 23:59:59
2019-04-15,2564.48,2545.12,2569.92,2539.74,29718578010.8,0,2019-04-15 23:59:59
2019-04-16,2547.17,2559.84,2567.06,2540.35,46613245040.9,0,2019-04-16 23:59:59
2019-04-17,2563.47,2568.26,2574.81,2560.04,39274050191.7,0,2019-04-17 23:59:59
2019-04-18,2567.34,2560.8,2567.34,2547.37,29544889062.3,0,2019-04-18 23:59:59
2019-04-19,2561.11,2563.9,2566.88,2560.73,8695793680.8,0,2019-04-19 23:59:59
2019-04-22,2567.24,2584.74,2585.76,2567.24,20973319508.2,0,2019-04-22 23:59:59
2019-04-23,2586.06,2587.48,2599.58,2576.82,37643056664.4,0,2019-04-23 23:59:59
2019-04-24,2587.07,2579.05,2587.24,2567.38,34573260673.8,0,2019-04-24 23:59:59
2019-04-25,2578.52,2560.94,2586.93,2558.75,48525675409.0,0,2019-04-25 23:59:59
2019-04-26,2560.7,2563.72,2563.72,2547.87,44939040182.8,0,2019-04-26 23:59:59
2019-04-29,2564.09,2569.83,2577.46,2556.71,29659672341.2,0,2019-04-29 23:59:59
2019-04-30,2570.19,2559.32,2570.33,2552.86,42124534042.3,0,2019-04-30 23:59:59
2019-05-02,2558.81,2575.22,2580.92,2557.69,26398021869.3,0,2019-05-02 23:59:59
2019-05-03,2574.11,2580.95,2587.09,2572.84,29668998422.2,0,2019-05-03 23:59:59
2019-05-06,2569.28,2579.75,2579.75,2552.34,26022038505.2,0,2019-05-06 23:59:59
2019-05-07,2579.59,2565.1,2583.18,2556.98,36068048165.9,0,2019-05-07 23:59:59
2019-05-08,2563.66,2544.43,2564.38,2544.43,31553595638.8,0,2019-05-08 23:59:59
2019-05-10,2538.16,2514.87,2540.33,2511.16,32539558434.3,0,2019-05-10 23:59:59
2019-05-13,2512.23,2508.87,2531.54,2506.47,34323742685.8,0,2019-05-13 23:59:59
2019-05-14,2508.93,2562.33,2566.92,2508.93,82182216496.4,0,2019-05-14 23:59:59
2019-05-15,2569.33,2554.49,2576.56,2549.17,66054807595.7,0,2019-05-15 23:59:59
2019-05-16,2552.69,2581.11,2590.46,2552.34,61654223128.8,0,2019-05-16 23:59:59
2019-05-17,2576.45,2577.48,2587.26,2569.1,42554641958.3,0,2019-05-17 23:59:59
2019-05-20,2582.01,2571.65,2588.39,2567.11,34176859445.1,0,2019-05-20 23:59:59
2019-05-21,2575.15,2616.53,2619.77,2572.36,56403537555.2,0,2019-05-21 23:59:59
2019-05-22,2619.66,2638.71,2645.7,2610.46,45253827796.6,0,2019-05-22 23:59:59
2019-05-23,2634.19,2618.61,2634.19,2615.7,49747781732.9,0,2019-05-23 23:59:59
2019-05-24,2621.94,2619.24,2642.4,2616.56,49711443022.4,0,2019-05-24 23:59:59
2019-05-27,2620.0,2632.95,2632.95,2617.63,23530867382.0,0,2019-05-27 23:59:59
2019-05-28,2634.13,2609.78,2640.81,2596.3,98945517838.1,0,2019-05-28 23:59:59
2019-05-29,2607.11,2641.15,2642.23,2600.79,49106817280.2,0,2019-05-29 23:59:59
2019-05-30,2645.0,2659.52,2665.28,2642.27,47216735524.8,0,2019-05-30 23:59:59
2019-05-31,2655.76,2665.33,2665.42,2639.19,44693230156.0,0,2019-05-31 23:59:59
2019-06-03,2660.64,2729.93,2743.81,2649.78,97976285815.4,0,2019-06-03 23:59:59
2019-06-04,2726.06,2706.29,2731.1,2690.13,70439133521.8,0,2019-06-04 23:59:59
2019-06-05,2706.66,2701.84,2713.82,2690.43,45164978845.9,0,2019-06-05 23:59:59
2019-06-06,2701.55,2728.25,2731.73,2700.3,50735942371.3,0,2019-06-06 23:59:59
2019-06-07,2734.94,2729.61,2743.11,2725.43,54064789995.8,0,2019-06-07 23:59:59
2019-06-10,2734.16,2742.59,2746.8,2725.65,46566321727.7,0,2019-06-10 23:59:59
2019-06-11,2718.13,2751.75,2759.57,2717.75,62709372954.0,0,2019-06-11 23:59:59
2019-06-13,2750.42,2758.36,2759.16,2734.4,60271107064.8,0,2019-06-13 23:59:59
2019-06-14,2757.58,2739.28,2772.06,2738.62,45550209631.7,0,2019-06-14 23:59:59
2019-06-17,2737.97,2734.31,2757.89,2728.61,43818275358.5,0,2019-06-17 23:59:59
2019-06-18,2732.47,2761.69,2761.69,2723.99,46177918076.0,0,2019-06-18 23:59:59
2019-06-19,2763.07,2759.12,2775.83,2751.58,39841689277.1,0,2019-06-19 23:59:59
2019-06-20,2758.53,2780.2,2788.19,2758.53,71303677857.4,0,2019-06-20 23:59:59
2019-06-21,2777.54,2761.23,2779.32,2750.54,62090477912.9,0,2019-06-21 23:59:59
2019-06-24,2762.17,2762.65,2772.37,2758.18,30592428941.8,0,2019-06-24 23:59:59
2019-06-25,2761.39,2753.96,2763.88,2738.34,34638511344.6,0,2019-06-25 23:59:59
2019-06-26,2754.91,2775.14,2778.25,2751.51,38807017869.8,0,2019-06-26 23:59:59
2019-06-27,2774.75,2779.66,2790.59,2765.61,37902608243.2,0,2019-06-27 23:59:59
2019-06-28,2777.94,2765.85,2786.66,2761.46,41769434618.9,0,2019-06-28 23:59:59
2019-07-01,2777.08,2801.47,2813.44,2777.08,55325833342.4,0,2019-07-01 23:59:59
2019-07-02,2802.82,2809.81,2810.02,2795.36,37233670312.8,0,2019-07-02 23:59:59
2019-07-03,2810.1,2823.95,2827.76,2799.6,45405020131.8,0,2019-07-03 23:59:59
2019-07-04,2823.33,2842.78,2842.78,2813.66,46950645941.9,0,2019-07-04 23:59:59
2019-07-05,2842.97,2835.35,2848.4,2827.96,44191358353.8,0,2019-07-05 23:59:59
2019-07-08,2823.14,2822.55,2823.67,2806.97,40589081211.2,0,2019-07-08 23:59:59
2019-07-09,2821.89,2822.66,2835.18,2816.79,35414060387.2,0,2019-07-09 23:59:59
2019-07-10,2824.79,2822.75,2833.18,2808.76,46408347141.3,0,2019-07-10 23:59:59
2019-07-11,2825.2,2789.66,2828.72,2779.41,44487900680.4,0,2019-07-11 23:59:59
2019-07-12,2787.09,2777.58,2788.7,2760.46,38423366016.8,0,2019-07-12 23:59:59
2019-07-15,2783.45,2756.44,2785.8,2755.43,39047746042.7,0,2019-07-15 23:59:59
2019-07-16,2754.05,2755.88,2757.35,2736.44,41461661397.2,0,2019-07-16 23:59:59
2019-07-17,2715.67,2713.17,2726.22,2704.28,40758123472.4,0,2019-07-17 23:59:59
2019-07-18,2705.63,2702.59,2714.55,2694.74,30516614439.8,0,2019-07-18 23:59:59
2019-07-19,2710.44,2700.57,2726.89,2700.54,32089381805.8,0,2019-07-19 23:59:59
2019-07-22,2699.31,2684.25,2705.07,2684.25,34865014698.7,0,2019-07-22 23:59:59
2019-07-23,2686.98,2701.06,2709.24,2683.39,34134506816.7,0,2019-07-23 23:59:59
2019-07-24,2706.73,2682.91,2708.5,2677.35,33918482808.4,0,2019-07-24 23:59:59
2019-07-25,2679.38,2701.02,2723.44,2665.21,69073047387.1,0,2019-07-25 23:59:59
2019-07-26,2697.21,2715.68,2733.32,2694.84,73825365556.3,0,2019-07-26 23:59:59
2019-07-29,2715.74,2728.27,2732.86,2714.44,34389125864.3,0,2019-07-29 23:59:59
2019-07-30,2730.38,2734.68,2735.21,2714.01,39132766333.9,0,2019-07-30 23:59:59
2019-07-31,2737.8,2739.5,2750.06,2723.54,46183249194.6,0,2019-07-31 23:59:59
2019-08-01,2727.68,2729.42,2737.91,2722.48,40678706466.1,0,2019-08-01 23:59:59
2019-08-02,2707.65,2674.9,2716.6,2673.97,67130476196.8,0,2019-08-02 23:59:59
2019-08-05,2666.85,2649.16,2676.61,2645.12,52320999449.6,0,2019-08-05 23:59:59
2019-08-06,2654.34,2683.35,2686.86,2654.11,47612187588.9,0,2019-08-06 23:59:59
2019-08-07,2683.11,2674.98,2696.53,2666.41,49041190262.7,0,2019-08-07 23:59:59
2019-08-08,2693.17,2696.69,2707.62,2693.17,39678960852.7,0,2019-08-08 23:59:59
2019-08-09,2696.65,2679.71,2700.95,2678.07,32686121043.0,0,2019-08-09 23:59:59
2019-08-12,2687.12,2689.93,2698.39,2682.05,28453904405.0,0,2019-08-12 23:59:59
2019-08-13,2688.92,2680.12,2697.53,2665.35,45413014687.3,0,2019-08-13 23:59:59
2019-08-14,2684.63,2637.04,2687.93,2630.82,46870223317.2,0,2019-08-14 23:59:59
2019-08-15,2643.53,2625.58,2651.23,2620.2,48643214688.2,0,2019-08-15 23:59:59
2019-08-16,2636.29,2615.2,2640.92,2615.2,37360791236.3,0,2019-08-16 23:59:59
2019-08-19,2627.47,2648.09,2653.31,2619.39,41508646386.0,0,2019-08-19 23:59:59
2019-08-20,2651.1,2672.84,2675.26,2647.4,41833885321.8,0,2019-08-20 23:59:59
2019-08-21,2677.55,2673.95,2679.46,2665.1,35687208431.7,0,2019-08-21 23:59:59
2019-08-22,2673.77,2675.13,2680.65,2662.31,37929633437.4,0,2019-08-22 23:59:59
2019-08-23,2679.23,2660.74,2682.95,2656.97,39340472307.4,0,2019-08-23 23:59:59
2019-08-26,2651.09,2658.24,2672.19,2640.05,25136294862.1,0,2019-08-26 23:59:59
2019-08-27,2660.76,2659.35,2663.14,2636.99,68464614909.9,0,2019-08-27 23:59:59
2019-08-28,2658.17,2677.31,2677.99,2649.54,43582864484.4,0,2019-08-28 23:59:59
2019-08-29,2679.8,2714.25,2714.37,2679.11,47041546243.2,0,2019-08-29 23:59:59
2019-08-30,2716.69,2740.04,2740.04,2715.3,54743444559.5,0,2019-08-30 23:59:59
2019-09-02,2742.3,2773.01,2774.77,2735.11,44975843551.4,0,2019-09-02 23:59:59
2019-09-03,2770.86,2774.2,2781.06,2757.85,69206978352.1,0,2019-09-03 23:59:59
2019-09-04,2787.37,2793.36,2799.84,2784.96,67735228288.7,0,2019-09-04 23:59:59
2019-09-05,2800.97,2807.06,2815.84,2796.19,61951409293.3,0,2019-09-05 23:59:59
2019-09-06,2805.95,2797.55,2805.95,2780.76,42284905044.8,0,2019-09-06 23:59:59
2019-09-09,2802.49,2786.63,2810.91,2777.63,30105613161.7,0,2019-09-09 23:59:59
2019-09-10,2784.8,2787.52,2791.02,2767.29,46262429643.8,0,2019-09-10 23:59:59
2019-09-11,2788.19,2817.05,2819.75,2782.95,48054463894.8,0,2019-09-11 23:59:59
2019-09-12,2816.06,2799.99,2816.06,2789.14,56544628523.6,0,2019-09-12 23:59:59
2019-09-13,2795.85,2791.74,2801.28,2777.23,41055464668.6,0,2019-09-13 23:59:59
2019-09-16,2810.78,2834.32,2834.32,2803.89,65049241158.3,0,2019-09-16 23:59:59
2019-09-17,2832.42,2820.86,2847.01,2807.33,62146876444.6,0,2019-09-17 23:59:59
2019-09-18,2818.93,2818.6,2824.25,2809.67,37671896359.4,0,2019-09-18 23:59:59
2019-09-19,2815.49,2794.77,2816.57,2794.17,49313606752.6,0,2019-09-19 23:59:59
2019-09-20,2794.82,2796.41,2796.41,2777.83,50615777793.9,0,2019-09-20 23:59:59
2019-09-23,2793.03,2785.46,2793.03,2769.6,33696918510.0,0,2019-09-23 23:59:59
2019-09-24,2785.57,2754.53,2789.61,2749.86,40017599718.1,0,2019-09-24 23:59:59
2019-09-25,2749.13,2760.29,2760.29,2739.11,39059148416.3,0,2019-09-25 23:59:59
2019-09-26,2755.6,2772.7,2779.78,2754.84,37187282318.0,0,2019-09-26 23:59:59
2019-09-27,2772.58,2757.98,2777.19,2757.98,23497415581.7,0,2019-09-27 23:59:59
2019-09-30,2759.94,2747.18,2764.31,2744.47,34819037706.1,0,2019-09-30 23:59:59
2019-10-01,2749.83,2758.83,2781.33,2748.51,38375450605.3,0,2019-10-01 23:59:59
2019-10-02,2756.86,2719.39,2758.5,2716.73,43551257886.9,0,2019-10-02 23:59:59
2019-10-03,2719.65,2707.47,2722.74,2696.58,43344823776.6,0,2019-10-03 23:59:59
2019-10-04,2707.9,2692.55,2717.7,2687.0,33691774672.8,0,2019-10-04 23:59:59
2019-10-07,2695.54,2719.22,2721.16,2686.15,33400560149.2,0,2019-10-07 23:59:59
2019-10-08,2720.17,2707.89,2724.62,2700.46,32965289155.1,0,2019-10-08 23:59:59
2019-10-09,2704.71,2713.02,2724.83,2702.56,35757950333.9,0,2019-10-09 23:59:59
2019-10-10,2709.39,2721.51,2725.49,2695.82,31666614030.0,0,2019-10-10 23:59:59
2019-10-11,2723.36,2708.07,2733.78,2703.85,48699135960.8,0,2019-10-11 23:59:59
2019-10-14,2710.56,2697.46,2716.15,2692.59,36494400352.8,0,2019-10-14 23:59:59
2019-10-15,2696.6,2715.26,2715.26,2691.29,42315247370.3,0,2019-10-15 23:59:59
2019-10-16,2714.81,2744.35,2745.0,2714.81,56833890000.0,0,2019-10-16 23:59:59
2019-10-17,2744.43,2748.64,2754.7,2738.92,44967643665.8,0,2019-10-17 23:59:59
2019-10-18,2747.8,2752.91,2758.73,2742.24,37356608769.1,0,2019-10-18 23:59:59
2019-10-21,2759.79,2761.15,2767.76,2751.95,43161679601.3,0,2019-10-21 23:59:59
2019-10-22,2766.21,2802.23,2802.23,2762.49,55307841354.6,0,2019-10-22 23:59:59
2019-10-23,2797.44,2821.58,2821.89,2789.75,61075225027.1,0,2019-10-23 23:59:59
2019-10-24,2822.37,2877.05,2877.05,2822.1,75485794925.1,0,2019-10-24 23:59:59
2019-10-25,2876.1,2873.41,2879.42,2848.4,76453278579.3,0,2019-10-25 23:59:59
2019-10-28,2879.37,2856.91,2899.65,2850.32,72388336294.6,0,2019-10-28 23:59:59
2019-10-29,2858.42,2886.48,2886.48,2845.28,69916634558.8,0,2019-10-29 23:59:59
2019-10-30,2882.07,2911.15,2913.48,2874.17,73012112380.1,0,2019-10-30 23:59:59
2019-10-31,2917.22,2893.98,2936.26,2884.3,74972930699.3,0,2019-10-31 23:59:59
2019-11-01,2895.47,2930.4,2930.4,2886.59,55876937524.1,0,2019-11-01 23:59:59
2019-11-05,2950.78,2949.55,2965.48,2936.48,58231346074.7,0,2019-11-05 23:59:59
2019-11-06,2949.7,2980.84,2980.84,2935.15,55687574350.5,0,2019-11-06 23:59:59
2019-11-07,2977.67,3008.54,3009.11,2966.2,66187325116.4,0,2019-11-07 23:59:59
2019-11-08,2997.85,2973.19,2997.85,2958.55,51139297569.9,0,2019-11-08 23:59:59
2019-11-11,2965.84,2961.46,2972.39,2953.23,52265140823.7,0,2019-11-11 23:59:59
2019-11-12,2963.7,2951.16,2983.48,2944.0,62686619719.1,0,2019-11-12 23:59:59
2019-11-13,2942.4,2933.89,2942.4,2924.23,57048154024.8,0,2019-11-13 23:59:59
2019-11-14,2938.6,2922.45,2948.98,2902.91,73661854886.7,0,2019-11-14 23:59:59
2019-11-15,2925.31,2934.82,2938.15,2914.05,56573349968.4,0,2019-11-15 23:59:59
2019-11-18,2947.39,2924.48,2956.59,2914.25,57563015706.7,0,2019-11-18 23:59:59
2019-11-19,2928.1,2941.69,2942.49,2923.1,52625366957.7,0,2019-11-19 23:59:59
2019-11-20,2935.64,2936.47,2948.89,2914.95,80771811290.0,0,2019-11-20 23:59:59
2019-11-21,2940.78,2942.6,2947.57,2930.68,85052547946.1,0,2019-11-21 23:59:59
2019-11-22,2939.36,2947.68,2968.47,2935.21,55892162748.9,0,2019-11-22 23:59:59
2019-11-25,2953.11,2955.32,2959.76,2945.33,39224030391.1,0,2019-11-25 23:59:59
2019-11-26,2954.84,2930.62,2963.92,2922.89,87286376988.4,0,2019-11-26 23:59:59
2019-11-27,2932.25,2929.05,2945.6,2922.48,41768925555.2,0,2019-11-27 23:59:59
2019-11-28,2926.3,2927.57,2931.48,2911.8,32904617964.9,0,2019-11-28 23:59:59
2019-11-29,2925.76,2935.37,2936.24,2911.56,44118054573.2,0,2019-11-29 23:59:59
2019-12-02,2937.69,2921.18,2958.84,2920.33,56256810739.7,0,2019-12-02 23:59:59
2019-12-03,2917.46,2883.48,2922.81,2882.65,56001063840.4,0,2019-12-03 23:59:59
2019-12-04,2887.39,2900.66,2909.11,2875.5,46424481795.2,0,2019-12-04 23:59:59
2019-12-05,2903.5,2899.29,2909.59,2882.8,44862391519.9,0,2019-12-05 23:59:59
2019-12-06,2900.78,2928.76,2928.76,2897.56,43574389618.4,0,2019-12-06 23:59:59
2019-12-09,2932.08,2945.03,2947.68,2926.1,41565182999.1,0,2019-12-09 23:59:59
2019-12-10,2943.03,2932.4,2948.94,2920.93,43930405456.3,0,2019-12-10 23:59:59
2019-12-11,2932.43,2954.4,2959.12,2932.43,48852896932.2,0,2019-12-11 23:59:59
2019-12-12,2966.24,2982.86,2996.82,2965.1,76267420499.6,0,2019-12-12 23:59:59
2019-12-13,2990.92,2996.63,3000.1,2984.92,58151037394.6,0,2019-12-13 23:59:59
2019-12-16,3001.42,3006.16,3012.21,2994.44,48141089732.4,0,2019-12-16 23:59:59
2019-12-17,3012.49,3013.29,3019.95,3005.61,52427814010.7,0,2019-12-17 23:59:59
2019-12-18,3011.37,3023.92,3023.92,3004.27,60333709715.5,0,2019-12-18 23:59:59
2019-12-19,3012.29,3008.39,3027.88,2998.05,67070380927.8,0,2019-12-19 23:59:59
2019-12-20,3015.64,3015.93,3021.05,3004.21,63707969117.2,0,2019-12-20 23:59:59
2019-12-23,3009.89,3033.81,3033.81,3009.07,45691999313.6,0,2019-12-23 23:59:59
2019-12-24,3035.86,3030.59,3039.92,3025.92,33010395704.1,0,2019-12-24 23:59:59
2019-12-25,3032.41,3030.84,3036.81,3024.89,18412033286.1,0,2019-12-25 23:59:59
2019-12-26,3025.58,3031.67,3034.63,3021.62,23000825028.1,0,2019-12-26 23:59:59
2019-12-27,3029.12,3050.47,3054.03,3029.12,37019368139.8,0,2019-12-27 23:59:59
2019-12-30,3051.41,3045.87,3060.2,3042.34,37177853871.2,0,2019-12-30 23:59:59
2020-01-03,3059.2,3076.37,3086.09,3057.36,44508670839.0,0,2020-01-03 23:59:59
2020-01-06,3075.55,3078.87,3079.42,3059.47,39130289766.8,0,2020-01-06 23:59:59
2020-01-08,3076.63,3110.06,3112.01,3071.88,53007480525.4,0,2020-01-08 23:59:59
2020-01-09,3105.21,3118.08,3124.6,3094.85,58694873429.2,0,2020-01-09 23:59:59
2020-01-10,3117.24,3123.66,3130.92,3101.21,44984451737.4,0,2020-01-10 23:59:59
2020-01-13,3124.96,3151.69,3151.69,3117.03,53874666810.4,0,2020-01-13 23:59:59
2020-01-14,3155.63,3129.77,3166.07,3126.0,75868217158.2,0,2020-01-14 23:59:59
2020-01-15,3128.38,3132.63,3148.29,3106.41,76126625593.4,0,2020-01-15 23:59:59
2020-01-16,3137.52,3157.23,3163.2,3137.52,69679297963.8,0,2020-01-16 23:59:59
2020-01-17,3161.25,3196.88,3198.32,3159.23,78643628646.4,0,2020-01-17 23:59:59
2020-01-20,3205.64,3219.92,3226.89,3204.32,62359861660.1,0,2020-01-20 23:59:59
2020-01-21,3212.72,3209.22,3213.38,3185.65,65071326468.8,0,2020-01-21 23:59:59
2020-01-22,3212.91,3174.62,3222.93,3174.62,79502683838.0,0,2020-01-22 23:59:59
2020-01-23,3162.68,3141.2,3170.41,3135.15,80959193888.9,0,2020-01-23 23:59:59
2020-01-24,3147.28,3146.2,3165.86,3134.7,60467395349.8,0,2020-01-24 23:59:59
2020-01-27,3123.71,3085.16,3123.71,3076.68,89131669907.1,0,2020-01-27 23:59:59
2020-01-28,3097.71,3113.1,3115.62,3068.67,75008595222.1,0,2020-01-28 23:59:59
2020-01-29,3125.91,3128.8,3140.77,3115.64,66029373167.7,0,2020-01-29 23:59:59
2020-01-30,3108.38,3108.58,3121.54,3096.31,66661508185.8,0,2020-01-30 23:59:59
2020-01-31,3133.4,3076.65,3143.29,3076.65,81958944501.1,0,2020-01-31 23:59:59
2020-02-03,3062.27,3070.84,3085.89,3058.48,83477701053.6,0,2020-02-03 23:59:59
2020-02-04,3082.2,3097.6,3105.98,3071.79,83817081711.8,0,2020-02-04 23:59:59
2020-02-05,3105.52,3114.25,3137.97,3083.26,89542515839.9,0,2020-02-05 23:59:59
2020-02-06,3132.84,3096.68,3145.15,3086.91,68274902779.6,0,2020-02-06 23:59:59
2020-02-07,3101.08,3087.63,3108.28,3056.85,72646728795.6,0,2020-02-07 23:59:59
2020-02-10,3088.63,3062.41,3092.93,3049.33,66051446947.9,0,2020-02-10 23:59:59
2020-02-11,3072.39,3097.58,3109.22,3069.9,91556273983.0,0,2020-02-11 23:59:59
2020-02-12,3103.81,3122.27,3122.27,3095.7,83872830883.3,0,2020-02-12 23:59:59
2020-02-13,3116.99,3110.05,3122.19,3096.98,63560227880.1,0,2020-02-13 23:59:59
2020-02-14,3113.72,3096.88,3120.89,3084.57,51397252517.1,0,2020-02-14 23:59:59
2020-02-17,3097.18,3110.06,3110.06,3092.45,36147422394.8,0,2020-02-17 23:59:59
2020-02-18,3103.71,3074.05,3104.42,3064.15,57353551341.9,0,2020-02-18 23:59:59
2020-02-19,3089.09,3114.57,3117.84,3086.41,55406709715.5,0,2020-02-19 23:59:59
2020-02-20,3120.51,3125.1,3139.59,3117.5,56336963229.2,0,2020-02-20 23:59:59
2020-02-21,3109.86,3106.03,3129.24,3098.76,47793664891.6,0,2020-02-21 23:59:59
2020-02-25,3058.33,3002.68,3073.27,3002.68,86905007828.9,0,2020-02-25 23:59:59
2020-02-26,2994.22,3017.42,3026.26,2958.46,107095974265.0,0,2020-02-26 23:59:59
2020-02-27,2989.18,2915.84,3002.2,2910.46,102823638357.0,0,2020-02-27 23:59:59
2020-02-28,2850.11,2785.08,2855.32,2744.18,184649721743.0,0,2020-02-28 23:59:59
2020-03-02,2829.47,2765.77,2875.3,2714.36,144560659500.0,0,2020-03-02 23:59:59
2020-03-03,2817.58,2821.37,2844.04,2789.76,106771162096.0,0,2020-03-03 23:59:59
2020-03-04,2799.18,2828.01,2841.13,2779.85,82510191731.6,0,2020-03-04 23:59:59
2020-03-05,2852.42,2816.7,2861.6,2800.43,80567170588.4,0,2020-03-05 23:59:59
2020-03-06,2773.53,2719.51,2782.77,2680.06,139178454930.0,0,2020-03-06 23:59:59
2020-03-10,2502.7,2498.94,2661.63,2435.62,248732636475.0,0,2020-03-10 23:59:59
2020-03-11,2532.72,2492.88,2555.43,2457.36,141024833349.0,0,2020-03-11 23:59:59
2020-03-12,2413.02,2286.4,2413.02,2277.58,173022073298.0,0,2020-03-12 23:59:59
2020-03-13,2277.66,2316.38,2418.15,2275.16,184469011805.0,0,2020-03-13 23:59:59
2020-03-16,2297.04,2266.9,2301.19,2179.12,140704172457.0,0,2020-03-16 23:59:59
2020-03-17,2263.62,2224.74,2313.34,2172.46,133391091136.0,0,2020-03-17 23:59:59
2020-03-18,2192.79,2112.64,2205.41,2097.84,128603185153.0,0,2020-03-18 23:59:59
2020-03-19,2134.43,2275.7,2288.09,2073.87,160372894970.0,0,2020-03-19 23:59:59
2020-03-20,2327.27,2331.61,2418.74,2314.75,180698187232.0,0,2020-03-20 23:59:59
2020-03-23,2257.88,2253.35,2321.76,2213.49,128506565950.0,0,2020-03-23 23:59:59
2020-03-24,2349.47,2415.97,2435.27,2341.21,126199238953.0,0,2020-03-24 23:59:59
2020-03-25,2459.3,2452.69,2518.38,2372.34,170179806339.0,0,2020-03-25 23:59:59
2020-03-26,2448.76,2489.97,2514.92,2403.6,109485216806.0,0,2020-03-26 23:59:59
2020-03-27,2491.7,2401.11,2498.33,2378.88,95057170139.4,0,2020-03-27 23:59:59
2020-03-30,2377.21,2433.35,2435.53,2357.53,83128100470.5,0,2020-03-30 23:59:59
2020-03-31,2466.28,2508.81,2526.13,2459.19,113755975000.0,0,2020-03-31 23:59:59
2020-04-01,2465.56,2473.61,2491.66,2449.01,80256140704.1,0,2020-04-01 23:59:59
2020-04-02,2528.72,2545.95,2562.54,2470.85,134240120328.0,0,2020-04-02 23:59:59
2020-04-03,2547.15,2572.23,2609.16,2533.06,117108960828.0,0,2020-04-03 23:59:59
2020-04-06,2597.28,2622.59,2639.56,2576.28,89823141209.1,0,2020-04-06 23:59:59
2020-04-07,2648.74,2634.74,2688.67,2612.96,120867694592.0,0,2020-04-07 23:59:59
2020-04-08,2617.66,2670.12,2670.12,2603.99,83665607709.9,0,2020-04-08 23:59:59
2020-04-09,2693.58,2701.77,2713.5,2643.98,117023415634.0,0,2020-04-09 23:59:59
2020-04-10,2678.3,2677.86,2680.89,2656.45,36513692244.2,0,2020-04-10 23:59:59
2020-04-13,2675.73,2628.85,2677.9,2610.61,47643715824.8,0,2020-04-13 23:59:59
2020-04-14,2649.34,2631.83,2667.58,2619.91,82460437951.6,0,2020-04-14 23:59:59
2020-04-15,2617.19,2498.94,2617.19,2489.99,99986258141.1,0,2020-04-15 23:59:59
2020-04-16,2511.55,2515.05,2550.84,2468.65,106189551975.0,0,2020-04-16 23:59:59
2020-04-17,2550.95,2534.97,2556.42,2516.87,70173608170.4,0,2020-04-17 23:59:59
2020-04-20,2524.31,2525.97,2546.14,2502.38,67663196241.9,0,2020-04-20 23:59:59
2020-04-21,2487.63,2488.02,2500.18,2431.98,109197015000.0,0,2020-04-21 23:59:59
2020-04-22,2474.32,2573.41,2584.68,2471.23,97655302076.4,0,2020-04-22 23:59:59
2020-04-23,2600.28,2599.41,2620.24,2558.32,82087755064.4,0,2020-04-23 23:59:59
2020-04-24,2588.29,2562.03,2596.97,2551.66,64998483149.8,0,2020-04-24 23:59:59
2020-04-27,2570.69,2570.91,2597.64,2557.81,53714781404.5,0,2020-04-27 23:59:59
2020-04-28,2567.74,2612.24,2644.79,2566.92,91839443562.7,0,2020-04-28 23:59:59
2020-04-29,2629.24,2663.14,2669.47,2617.34,85375068625.6,0,2020-04-29 23:59:59
2020-04-30,2683.86,2650.56,2700.97,2629.57,103074636334.0,0,2020-04-30 23:59:59
2020-05-04,2623.89,2624.64,2641.03,2599.74,60831813471.1,0,2020-05-04 23:59:59
2020-05-05,2652.92,2653.51,2666.38,2634.49,50831285173.8,0,2020-05-05 23:59:59
2020-05-06,2659.08,2632.1,2674.94,2626.68,67297608616.8,0,2020-05-06 23:59:59
2020-05-07,2632.87,2634.0,2664.99,2627.43,70256546512.8,0,2020-05-07 23:59:59
2020-05-08,2647.8,2641.55,2648.45,2613.83,52781422323.2,0,2020-05-08 23:59:59
2020-05-12,2635.51,2642.04,2651.97,2620.35,69766236611.6,0,2020-05-12 23:59:59
2020-05-13,2630.79,2604.98,2630.79,2601.25,65122067941.5,0,2020-05-13 23:59:59
2020-05-14,2596.13,2590.31,2606.95,2564.44,75036648672.9,0,2020-05-14 23:59:59
2020-05-15,2616.14,2593.91,2633.29,2593.91,69719413922.0,0,2020-05-15 23:59:59
2020-05-18,2623.61,2694.25,2694.25,2623.61,90270188688.3,0,2020-05-18 23:59:59
2020-05-19,2702.34,2711.72,2720.06,2683.81,90468989581.1,0,2020-05-19 23:59:59
2020-05-20,2706.07,2770.79,2771.27,2700.64,101166454638.0,0,2020-05-20 23:59:59
2020-05-21,2767.97,2718.67,2794.6,2702.67,99060517646.6,0,2020-05-21 23:59:59
2020-05-22,2691.58,2709.38,2718.48,2687.18,64772612461.4,0,2020-05-22 23:59:59
2020-05-25,2718.72,2757.93,2757.93,2718.72,37287726909.1,0,2020-05-25 23:59:59
2020-05-26,2777.72,2754.04,2796.85,2750.51,80629535591.6,0,2020-05-26 23:59:59
2020-05-27,2748.25,2741.02,2780.05,2711.9,99161791168.5,0,2020-05-27 23:59:59
2020-05-28,2748.03,2779.98,2781.25,2737.94,82839073065.7,0,2020-05-28 23:59:59
2020-05-29,2766.62,2734.83,2766.62,2717.8,150217266594.0,0,2020-05-29 23:59:59
2020-06-01,2761.23,2750.24,2773.56,2733.28,75200963162.1,0,2020-06-01 23:59:59
2020-06-02,2760.63,2796.51,2796.52,2754.85,94796949530.4,0,2020-06-02 23:59:59
2020-06-03,2812.82,2831.08,2835.06,2792.24,121680253623.0,0,2020-06-03 23:59:59
2020-06-04,2822.59,2766.26,2825.48,2757.61,130632296663.0,0,2020-06-04 23:59:59
2020-06-05,2780.32,2792.74,2800.81,2769.51,100284833455.0,0,2020-06-05 23:59:59
2020-06-08,2806.81,2796.3,2825.31,2782.92,96892863097.1,0,2020-06-08 23:59:59
2020-06-09,2804.36,2795.9,2813.48,2765.15,78686730146.4,0,2020-06-09 23:59:59
2020-06-10,2795.1,2785.18,2803.35,2768.3,89454120662.3,0,2020-06-10 23:59:59
2020-06-11,2756.98,2743.8,2758.83,2726.15,94517987303.6,0,2020-06-11 23:59:59
2020-06-15,2705.64,2719.06,2720.4,2670.41,86497601731.8,0,2020-06-15 23:59:59
2020-06-16,2745.49,2748.3,2779.71,2741.84,81225105647.3,0,2020-06-16 23:59:59
2020-06-17,2758.97,2740.1,2771.26,2733.9,69771427039.8,0,2020-06-17 23:59:59
2020-06-18,2734.84,2724.33,2738.04,2700.54,77604681776.9,0,2020-06-18 23:59:59
2020-06-19,2739.04,2758.67,2769.86,2738.45,89037583759.4,0,2020-06-19 23:59:59
2020-06-22,2754.42,2763.29,2763.29,2726.65,59988625046.3,0,2020-06-22 23:59:59
2020-06-23,2773.33,2791.97,2794.43,2767.46,60354831771.2,0,2020-06-23 23:59:59
2020-06-25,2750.08,2760.75,2771.6,2740.02,77705987110.8,0,2020-06-25 23:59:59
2020-06-26,2780.02,2761.74,2784.89,2746.78,57008606028.8,0,2020-06-26 23:59:59
2020-06-29,2749.54,2767.95,2767.95,2737.86,56287025266.5,0,2020-06-29 23:59:59
2020-06-30,2770.69,2743.2,2778.09,2743.2,61943509212.7,0,2020-06-30 23:59:59
2020-07-02,2762.56,2788.79,2789.92,2758.92,62424581353.2,0,2020-07-02 23:59:59
2020-07-03,2789.27,2801.66,2803.32,2782.65,40610098890.2,0,2020-07-03 23:59:59
2020-07-06,2825.88,2835.18,2855.94,2825.51,73695447847.6,0,2020-07-06 23:59:59
2020-07-07,2829.33,2825.21,2835.76,2814.4,61989347407.4,0,2020-07-07 23:59:59
2020-07-08,2815.52,2815.83,2823.0,2806.5,56770187936.2,0,2020-07-08 23:59:59
2020-07-09,2805.85,2782.43,2810.74,2773.48,64509467616.0,0,2020-07-09 23:59:59
2020-07-10,2768.67,2800.94,2800.94,2765.49,52675376381.7,0,2020-07-10 23:59:59
2020-07-13,2805.52,2766.79,2818.1,2765.09,59062967790.8,0,2020-07-13 23:59:59
2020-07-14,2751.98,2744.54,2752.09,2703.35,78664022705.9,0,2020-07-14 23:59:59
2020-07-15,2728.59,2747.91,2763.2,2724.35,66876997192.5,0,2020-07-15 23:59:59
2020-07-16,2741.68,2760.01,2762.68,2734.3,43145441365.6,0,2020-07-16 23:59:59
2020-07-17,2757.04,2774.79,2774.79,2752.51,41113383417.0,0,2020-07-17 23:59:59
2020-07-20,2771.85,2802.24,2802.24,2758.69,50915459756.8,0,2020-07-20 23:59:59
2020-07-21,2814.99,2825.71,2849.18,2813.4,81672920482.1,0,2020-07-21 23:59:59
2020-07-22,2824.5,2834.65,2844.12,2815.03,55532469269.9,0,2020-07-22 23:59:59
2020-07-23,2848.41,2851.79,2866.78,2843.93,55384618689.1,0,2020-07-23 23:59:59
2020-07-24,2835.15,2863.12,2863.12,2822.26,59473274345.9,0,2020-07-24 23:59:59
2020-07-27,2869.69,2884.88,2896.28,2869.69,65271567734.1,0,2020-07-27 23:59:59
2020-07-28,2891.34,2895.45,2907.03,2877.4,60720735494.2,0,2020-07-28 23:59:59
2020-07-29,2893.54,2918.42,2918.42,2889.69,65283344648.7,0,2020-07-29 23:59:59
2020-07-30,2915.94,2882.63,2919.35,2869.99,58998044298.8,0,2020-07-30 23:59:59
2020-07-31,2902.81,2911.57,2917.69,2899.58,61904395534.6,0,2020-07-31 23:59:59
2020-08-03,2917.68,2929.97,2942.77,2911.19,61064409540.7,0,2020-08-03 23:59:59
2020-08-04,2934.91,2940.46,2942.06,2923.36,53379189529.8,0,2020-08-04 23:59:59
2020-08-05,2954.41,2992.78,2994.08,2952.15,88713978904.1,0,2020-08-05 23:59:59
2020-08-06,2998.53,2988.5,3004.83,2981.79,58301984562.2,0,2020-08-06 23:59:59
2020-08-07,2992.26,2972.35,2994.46,2968.48,56258864420.2,0,2020-08-07 23:59:59
2020-08-10,2976.49,2960.78,2998.78,2960.78,48019499659.7,0,2020-08-10 23:59:59
2020-08-11,2959.29,3005.63,3012.58,2959.29,93734815374.7,0,2020-08-11 23:59:59
2020-08-12,2990.9,3053.99,3053.99,2985.25,89279363513.7,0,2020-08-12 23:59:59
2020-08-13,3057.63,3080.44,3081.15,3047.74,91764463491.4,0,2020-08-13 23:59:59
2020-08-14,3075.96,3061.99,3075.96,3044.71,62096882708.5,0,2020-08-14 23:59:59
2020-08-17,3070.81,3052.46,3090.42,3041.99,82525600190.3,0,2020-08-17 23:59:59
2020-08-18,3056.72,3050.7,3073.85,3048.31,58562508471.0,0,2020-08-18 23:59:59
2020-08-19,3048.22,3056.54,3073.84,3041.43,55321489952.7,0,2020-08-19 23:59:59
2020-08-20,3044.92,2993.69,3044.92,2993.69,90101841898.7,0,2020-08-20 23:59:59
2020-08-21,3013.4,2995.61,3024.71,2973.11,89980771052.2,0,2020-08-21 23:59:59
2020-08-24,3005.86,3029.42,3036.63,3005.86,56090322436.7,0,2020-08-24 23:59:59
2020-08-25,3042.58,3029.05,3051.27,3020.46,57974269706.9,0,2020-08-25 23:59:59
2020-08-26,3041.19,3051.97,3053.9,3024.04,74241762707.6,0,2020-08-26 23:59:59
2020-08-27,3051.2,3012.01,3056.25,3002.1,66131754149.5,0,2020-08-27 23:59:59
2020-08-28,3015.7,2980.17,3015.7,2976.34,60139550849.6,0,2020-08-28 23:59:59
2020-08-31,2993.02,2966.2,3012.44,2962.06,184001931133.0,0,2020-08-31 23:59:59
2020-09-01,2976.07,2975.0,2993.28,2967.96,81890923133.6,0,2020-09-01 23:59:59
2020-09-02,2989.76,2956.5,3002.25,2946.29,94988586744.5,0,2020-09-02 23:59:59
2020-09-03,2954.62,2931.92,2967.61,2917.24,82989442207.0,0,2020-09-03 23:59:59
2020-09-04,2920.22,2921.55,2944.66,2910.39,69997849774.1,0,2020-09-04 23:59:59
2020-09-07,2929.38,2932.29,2947.17,2925.55,53483774598.9,0,2020-09-07 23:59:59
2020-09-08,2937.18,2888.79,2948.88,2875.96,82332639045.6,0,2020-09-08 23:59:59
2020-09-09,2880.83,2876.07,2899.17,2872.92,64443700494.9,0,2020-09-09 23:59:59
2020-09-10,2888.09,2897.55,2897.55,2858.65,65787625355.2,0,2020-09-10 23:59:59
2020-09-11,2888.92,2910.51,2911.71,2874.47,58206856278.1,0,2020-09-11 23:59:59
2020-09-14,2918.29,2928.38,2938.24,2918.29,62169731197.1,0,2020-09-14 23:59:59
2020-09-15,2936.42,2980.58,2982.2,2932.36,74748355784.4,0,2020-09-15 23:59:59
2020-09-16,2982.49,2975.01,2990.74,2960.68,73285008183.1,0,2020-09-16 23:59:59
2020-09-17,2947.54,2971.74,2974.54,2945.78,85774277598.2,0,2020-09-17 23:59:59
2020-09-18,2976.1,2951.79,2977.13,2944.22,87835262045.4,0,2020-09-18 23:59:59
2020-09-21,2946.18,2863.67,2946.18,2857.78,84915278078.2,0,2020-09-21 23:59:59
2020-09-22,2874.0,2884.66,2907.98,2868.38,72694032936.9,0,2020-09-22 23:59:59
2020-09-23,2933.33,2916.39,2968.55,2916.27,144057907966.0,0,2020-09-23 23:59:59
2020-09-24,2905.55,2912.76,2920.46,2880.39,87868199396.4,0,2020-09-24 23:59:59
2020-09-25,2912.83,2896.83,2912.83,2870.16,75662859146.4,0,2020-09-25 23:59:59
2020-09-28,2909.62,2927.17,2938.94,2909.62,69770125370.4,0,2020-09-28 23:59:59
2020-09-29,2935.77,2910.12,2947.75,2889.22,80159930228.7,0,2020-09-29 23:59:59
2020-09-30,2908.55,2905.81,2920.03,2893.8,66808053460.3,0,2020-09-30 23:59:59
2020-10-01,2911.08,2889.8,2919.25,2882.81,74033823737.9,0,2020-10-01 23:59:59
2020-10-02,2840.72,2852.42,2859.01,2824.69,78844415007.9,0,2020-10-02 23:59:59
2020-10-05,2860.53,2881.98,2882.94,2845.63,63509160152.4,0,2020-10-05 23:59:59
2020-10-06,2885.38,2892.99,2906.65,2883.69,73021330700.7,0,2020-10-06 23:59:59
2020-10-07,2883.58,2842.58,2888.2,2838.45,67235083005.8,0,2020-10-07 23:59:59
2020-10-08,2850.65,2846.39,2859.87,2837.05,55803931185.4,0,2020-10-08 23:59:59
2020-10-09,2842.59,2834.09,2842.59,2811.05,67564085234.3,0,2020-10-09 23:59:59
2020-10-12,2834.33,2846.14,2862.36,2827.52,58718697811.45,0,2020-10-12 23:59:59
2020-10-13,2846.04,2829.23,2859.52,2822.97,56828024719.1,0,2020-10-13 23:59:59
2020-10-14,2829.88,2856.08,2857.47,2824.12,54266740541.85,0,2020-10-14 23:59:59
2020-10-15,2849.24,2817.29,2850.11,2803.9,65315267334.85,0,2020-10-15 23:59:59
2020-10-16,2819.04,2799.54,2819.04,2785.85,71062651943.55,0,2020-10-16 23:59:59
2020-10-19,2797.65,2794.27,2809.42,2787.5,48808418102.15,0,2020-10-19 23:59:59
2020-10-20,2785.99,2803.06,2817.73,2774.16,70200100871.6,0,2020-10-20 23:59:59
2020-10-21,2811.87,2786.23,2816.9,2782.36,65964265507.3,0,2020-10-21 23:59:59
2020-10-22,2784.18,2803.17,2814.12,2783.37,61193148610.4,0,2020-10-22 23:59:59
2020-10-23,2807.3,2816.7,2826.53,2799.63,58028372135.3,0,2020-10-23 23:59:59
2020-10-26,2812.48,2785.59,2819.05,2785.59,52620022209.0,0,2020-10-26 23:59:59
2020-10-27,2784.13,2763.03,2790.19,2758.0,61439709363.35,0,2020-10-27 23:59:59
2020-10-28,2758.84,2693.46,2758.84,2680.83,91471007602.15,0,2020-10-28 23:59:59
2020-10-29,2704.5,2709.04,2728.97,2682.68,74274727007.0,0,2020-10-29 23:59:59
2020-10-30,2698.94,2690.59,2706.34,2664.44,68437052454.5,0,2020-10-30 23:59:59
2020-11-02,2681.19,2737.54,2743.98,2658.49,72875417363.5,0,2020-11-02 23:59:59
2020-11-03,2753.97,2786.42,2791.77,2750.26,78312915395.25,0,2020-11-03 23:59:59
2020-11-05,2824.45,2861.39,2869.91,2812.67,105069609556.45,0,2020-11-05 23:59:59
2020-11-06,2845.74,2895.62,2896.07,2832.98,80259567503.35,0,2020-11-06 23:59:59
2020-11-09,2919.08,2987.75,2988.88,2910.42,186353431932.75,0,2020-11-09 23:59:59
2020-11-10,2965.92,2998.61,3013.57,2943.43,150181333966.75,0,2020-11-10 23:59:59
2020-11-11,3004.63,3015.03,3031.69,3004.2,156869536674.85,0,2020-11-11 23:59:59
2020-11-12,2997.79,3025.83,3028.52,2988.03,111841039072.1,0,2020-11-12 23:59:59
2020-11-13,3007.16,3025.22,3027.45,2995.17,94141286376.05,0,2020-11-13 23:59:59
2020-11-16,3054.35,3079.74,3081.28,3046.77,113029902298.95,0,2020-11-16 23:59:59
2020-11-17,3081.05,3052.22,3087.19,3027.76,97624569190.3,0,2020-11-17 23:59:59
2020-11-18,3046.02,3080.68,3086.77,3035.57,86678712181.65,0,2020-11-18 23:59:59
2020-11-19,3067.06,3046.49,3071.25,3040.66,80639323609.7,0,2020-11-19 23:59:59
2020-11-20,3050.81,3051.04,3060.91,3035.56,57925104990.4,0,2020-11-20 23:59:59
2020-11-23,3066.64,3047.06,3094.06,3042.61,88626521669.9,0,2020-11-23 23:59:59
2020-11-24,3071.8,3095.84,3098.83,3053.16,99168946827.05,0,2020-11-24 23:59:59
2020-11-25,3111.75,3134.52,3134.71,3089.16,130512774776.55,0,2020-11-25 23:59:59
2020-11-26,3141.43,3138.62,3149.9,3119.46,86304340769.8,0,2020-11-26 23:59:59
2020-11-27,3132.55,3142.68,3150.78,3112.44,91361256012.6,0,2020-11-27 23:59:59
2020-11-30,3130.88,3107.58,3134.79,3093.77,171173455598.35,0,2020-11-30 23:59:59
2020-12-01,3113.06,3147.79,3159.03,3113.06,108250777613.4,0,2020-12-01 23:59:59
2020-12-02,3150.66,3189.61,3189.61,3139.92,94931203596.5,0,2020-12-02 23:59:59
2020-12-03,3185.78,3162.67,3192.98,3141.4,95183766034.25,0,2020-12-03 23:59:59
2020-12-04,3171.44,3184.72,3200.23,3171.44,94492237722.65,0,2020-12-04 23:59:59
2020-12-07,3179.14,3195.08,3208.53,3172.29,87818352454.45,0,2020-12-07 23:59:59
2020-12-08,3184.93,3179.61,3198.1,3150.84,93400466060.05,0,2020-12-08 23:59:59
2020-12-09,3184.24,3211.66,3226.48,3182.54,96153321470.95,0,2020-12-09 23:59:59
2020-12-10,3194.03,3258.31,3258.31,3189.04,103055345054.75,0,2020-12-10 23:59:59
2020-12-11,3257.47,3276.58,3278.24,3248.11,108292271648.55,0,2020-12-11 23:59:59
2020-12-14,3293.0,3254.83,3314.2,3249.36,124668491097.3,0,2020-12-14 23:59:59
2020-12-15,3252.68,3248.11,3284.84,3237.87,92705554026.6,0,2020-12-15 23:59:59
2020-12-16,3259.89,3269.95,3275.68,3242.7,94422806431.25,0,2020-12-16 23:59:59
2020-12-17,3277.67,3282.67,3318.39,3274.45,138325093736.4,0,2020-12-17 23:59:59
2020-12-18,3281.59,3273.75,3283.32,3245.25,125970276758.55,0,2020-12-18 23:59:59
2020-12-21,3246.9,3186.38,3246.9,3170.03,135820501896.45,0,2020-12-21 23:59:59
2020-12-22,3179.69,3236.46,3249.19,3175.51,98871608126.9,0,2020-12-22 23:59:59
2020-12-23,3224.02,3252.1,3255.4,3218.19,65478211681.0,0,2020-12-23 23:59:59
2020-12-24,3253.73,3236.88,3264.6,3230.62,50764614102.85,0,2020-12-24 23:59:59
2020-12-25,3236.38,3246.35,3248.63,3228.74,23654550156.85,0,2020-12-25 23:59:59
2020-12-28,3249.41,3258.95,3267.61,3249.41,52140644341.35,0,2020-12-28 23:59:59
2020-12-29,3269.71,3274.67,3282.23,3264.33,62071933973.8,0,2020-12-29 23:59:59
2020-12-30,3276.04,3289.02,3294.62,3267.39,67248342457.8,0,2020-12-30 23:59:59
2021-01-04,3306.12,3350.51,3350.81,3304.17,66875027248.1,0,2021-01-04 23:59:59
2021-01-05,3327.94,3359.15,3365.32,3301.88,71669719442.85,0,2021-01-05 23:59:59
2021-01-06,3373.37,3371.03,3380.63,3344.43,71458087084.95,0,2021-01-06 23:59:59
2021-01-08,3390.23,3454.82,3474.66,3390.23,132105644616.85,0,2021-01-08 23:59:59
2021-01-11,3455.67,3482.48,3516.9,3436.66,143292474381.8,0,2021-01-11 23:59:59
2021-01-12,3494.6,3471.65,3520.66,3451.87,104216481364.4,0,2021-01-12 23:59:59
2021-01-13,3487.92,3470.26,3504.56,3448.94,99616618242.0,0,2021-01-13 23:59:59
2021-01-14,3461.83,3490.85,3507.71,3439.01,108540789766.35,0,2021-01-14 23:59:59
2021-01-15,3486.02,3450.95,3509.24,3448.54,104977695775.4,0,2021-01-15 23:59:59
2021-01-18,3440.56,3471.92,3475.18,3426.11,92072355104.7,0,2021-01-18 23:59:59
2021-01-19,3479.53,3443.23,3491.93,3439.64,86414655412.55,0,2021-01-19 23:59:59
2021-01-20,3453.54,3466.8,3482.03,3447.81,75753159519.2,0,2021-01-20 23:59:59
2021-01-21,3481.74,3422.67,3489.07,3407.22,114924128365.45,0,2021-01-21 23:59:59
2021-01-22,3404.36,3382.92,3404.36,3362.01,110725951850.1,0,2021-01-22 23:59:59
2021-01-25,3399.28,3397.48,3425.78,3385.74,106658319745.9,0,2021-01-25 23:59:59
2021-01-26,3384.99,3390.76,3408.13,3374.1,80262909286.2,0,2021-01-26 23:59:59
2021-01-27,3398.38,3343.62,3408.64,3333.04,105563451141.95,0,2021-01-27 23:59:59
2021-01-28,3319.16,3342.01,3359.1,3307.42,91833874030.7,0,2021-01-28 23:59:59
2021-01-29,3335.13,3277.08,3337.01,3272.53,112862070786.9,0,2021-01-29 23:59:59
2021-02-01,3287.96,3291.14,3305.91,3268.52,86009081257.05,0,2021-02-01 23:59:59
2021-02-02,3324.24,3360.25,3366.13,3321.7,98441733596.85,0,2021-02-02 23:59:59
2021-02-03,3351.99,3343.46,3376.83,3332.5,79650602206.9,0,2021-02-03 23:59:59
2021-02-04,3356.23,3372.0,3384.48,3351.94,88156146300.1,0,2021-02-04 23:59:59
2021-02-05,3396.97,3392.73,3406.22,3368.58,86654101000.55,0,2021-02-05 23:59:59
2021-02-08,3412.97,3445.9,3448.79,3412.97,79666285042.8,0,2021-02-08 23:59:59
2021-02-09,3461.15,3426.86,3466.51,3424.39,100583840172.2,0,2021-02-09 23:59:59
2021-02-10,3437.76,3399.66,3447.05,3393.98,88964246446.15,0,2021-02-10 23:59:59
2021-02-11,3405.33,3414.32,3416.4,3390.22,56566035051.3,0,2021-02-11 23:59:59
2021-02-12,3403.07,3427.08,3427.08,3343.82,85053189978.6,0,2021-02-12 23:59:59
2021-02-15,3461.94,3481.9,3483.34,3455.95,78791006869.65,0,2021-02-15 23:59:59
2021-02-16,3502.04,3495.26,3510.77,3475.58,88625602257.45,0,2021-02-16 23:59:59
2021-02-17,3491.81,3436.8,3505.19,3431.83,105793123095.2,0,2021-02-17 23:59:59
2021-02-18,3451.69,3400.17,3461.15,3395.98,89976816783.6,0,2021-02-18 23:59:59
2021-02-19,3398.4,3457.68,3460.85,3380.89,93406887931.0,0,2021-02-19 23:59:59
2021-02-20,3454.43,3446.32,3455.13,3435.42,25142822290.55,0,2021-02-20 23:59:59
2021-02-22,3447.57,3433.93,3456.26,3415.37,88526795000.8,0,2021-02-22 23:59:59
2021-02-24,3426.07,3385.48,3433.09,3385.01,110148551893.05,0,2021-02-24 23:59:59
2021-02-25,3412.16,3409.76,3429.2,3391.77,132027291741.7,0,2021-02-25 23:59:59
2021-02-26,3354.45,3346.64,3385.74,3332.32,153443917962.4,0,2021-02-26 23:59:59
2021-03-01,3369.68,3386.16,3393.93,3354.09,73971816241.8,0,2021-03-01 23:59:59
2021-03-02,3380.35,3410.1,3418.11,3375.48,85392732642.35,0,2021-03-02 23:59:59
2021-03-03,3432.88,3416.04,3450.76,3408.47,91738079532.4,0,2021-03-03 23:59:59
2021-03-04,3403.01,3397.56,3416.04,3366.76,103950221289.6,0,2021-03-04 23:59:59
2021-03-05,3378.68,3414.13,3432.98,3367.33,136317009466.9,0,2021-03-05 23:59:59
2021-03-09,3426.48,3478.72,3491.12,3426.33,137435480187.0,0,2021-03-09 23:59:59
2021-03-10,3476.91,3463.06,3514.35,3455.42,102035182953.05,0,2021-03-10 23:59:59
2021-03-11,3481.26,3508.51,3508.51,3472.4,81997215189.75,0,2021-03-11 23:59:59
2021-03-12,3515.44,3539.5,3539.5,3502.37,78834659383.3,0,2021-03-12 23:59:59
2021-03-15,3562.69,3584.49,3596.31,3558.62,110139095399.25,0,2021-03-15 23:59:59
2021-03-16,3600.68,3589.83,3602.18,3544.29,125278624707.95,0,2021-03-16 23:59:59
2021-03-17,3579.06,3507.91,3587.24,3498.17,126387599545.2,0,2021-03-17 23:59:59
2021-03-18,3533.69,3504.85,3551.3,3494.99,116916933603.15,0,2021-03-18 23:59:59
2021-03-19,3473.84,3475.26,3495.98,3448.99,124592694485.05,0,2021-03-19 23:59:59
2021-03-22,3479.06,3489.07,3498.17,3469.09,73803912299.75,0,2021-03-22 23:59:59
2021-03-23,3481.11,3467.21,3483.34,3450.98,87327300362.15,0,2021-03-23 23:59:59
2021-03-24,3459.99,3485.33,3489.96,3445.92,86726397994.35,0,2021-03-24 23:59:59
2021-03-25,3477.87,3439.3,3479.83,3434.84,69362284154.25,0,2021-03-25 23:59:59
2021-03-26,3476.01,3489.83,3500.74,3476.01,80526485029.85,0,2021-03-26 23:59:59
2021-03-29,3500.41,3529.33,3535.21,3498.62,90437290875.35,0,2021-03-29 23:59:59
2021-03-30,3535.72,3525.23,3549.09,3504.06,76071719412.7,0,2021-03-30 23:59:59
2021-03-31,3525.56,3541.72,3542.0,3510.4,98893740149.35,0,2021-03-31 23:59:59
2021-04-01,3556.28,3527.54,3576.79,3526.22,96167061815.7,0,2021-04-01 23:59:59
2021-04-02,3553.89,3558.22,3564.31,3538.01,32823073971.3,0,2021-04-02 23:59:59
2021-04-05,3555.24,3524.93,3555.83,3516.22,52488757289.4,0,2021-04-05 23:59:59
2021-04-06,3536.26,3493.89,3541.04,3484.84,90207249181.4,0,2021-04-06 23:59:59
2021-04-07,3484.22,3500.34,3518.13,3460.39,94499331330.45,0,2021-04-07 23:59:59
2021-04-08,3513.21,3507.83,3528.39,3495.34,72264407390.95,0,2021-04-08 23:59:59
2021-04-09,3510.2,3486.03,3511.27,3480.85,86010748750.8,0,2021-04-09 23:59:59
2021-04-12,3476.51,3522.65,3541.7,3472.37,95305427414.45,0,2021-04-12 23:59:59
2021-04-13,3533.3,3526.3,3542.63,3511.23,93380648724.15,0,2021-04-13 23:59:59
2021-04-14,3567.53,3576.89,3576.89,3546.86,113033885551.05,0,2021-04-14 23:59:59
2021-04-15,3532.13,3568.51,3578.77,3527.5,102774713039.65,0,2021-04-15 23:59:59
2021-04-16,3578.01,3598.44,3598.44,3564.97,86066817521.05,0,2021-04-16 23:59:59
2021-04-19,3598.47,3574.08,3605.49,3565.39,84848227209.7,0,2021-04-19 23:59:59
2021-04-20,3581.37,3552.41,3596.19,3536.41,99879789740.1,0,2021-04-20 23:59:59
2021-04-21,3554.83,3561.72,3572.63,3545.15,85436802223.0,0,2021-04-21 23:59:59
2021-04-22,3576.69,3600.35,3607.75,3557.88,112057095535.6,0,2021-04-22 23:59:59
2021-04-23,3598.76,3597.17,3600.18,3579.25,81729625260.45,0,2021-04-23 23:59:59
2021-04-26,3603.13,3610.98,3613.37,3589.27,84496045987.5,0,2021-04-26 23:59:59
2021-04-27,3615.57,3600.6,3627.91,3586.39,114167397484.8,0,2021-04-27 23:59:59
2021-04-28,3608.89,3578.12,3613.11,3558.24,104536766334.35,0,2021-04-28 23:59:59
2021-04-29,3609.38,3571.05,3616.95,3565.58,103591831131.4,0,2021-04-29 23:59:59
2021-04-30,3574.03,3544.0,3584.64,3536.53,85610442460.3,0,2021-04-30 23:59:59
2021-05-04,3557.62,3577.21,3594.69,3556.08,92399468587.55,0,2021-05-04 23:59:59
2021-05-05,3602.17,3643.56,3644.15,3600.88,79158885767.15,0,2021-05-05 23:59:59
2021-05-06,3636.71,3658.27,3661.28,3634.45,87557178773.2,0,2021-05-06 23:59:59
2021-05-07,3678.19,3682.69,3688.81,3667.77,81211592973.25,0,2021-05-07 23:59:59
2021-05-10,3684.18,3694.78,3713.49,3675.13,82376330598.75,0,2021-05-10 23:59:59
2021-05-11,3644.29,3652.05,3658.81,3625.97,96626017118.3,0,2021-05-11 23:59:59
2021-05-12,3659.63,3654.14,3674.35,3643.22,91299269616.25,0,2021-05-12 23:59:59
2021-05-13,3634.18,3637.38,3647.27,3600.8,97135563996.8,0,2021-05-13 23:59:59
2021-05-14,3654.73,3637.6,3659.34,3623.72,61184374380.15,0,2021-05-14 23:59:59
2021-05-17,3645.13,3639.61,3658.78,3618.75,76187518664.8,0,2021-05-17 23:59:59
2021-05-18,3670.16,3687.96,3700.19,3670.1,108329703633.3,0,2021-05-18 23:59:59
2021-05-19,3693.82,3634.76,3693.82,3619.54,136953231883.7,0,2021-05-19 23:59:59
2021-05-20,3650.07,3636.16,3658.27,3603.4,93250803157.4,0,2021-05-20 23:59:59
2021-05-21,3637.5,3660.48,3667.87,3620.6,78300215907.05,0,2021-05-21 23:59:59
2021-05-24,3665.96,3662.51,3674.77,3651.09,55329425687.25,0,2021-05-24 23:59:59
2021-05-25,3682.42,3686.76,3693.39,3672.27,69629173695.65,0,2021-05-25 23:59:59
2021-05-26,3695.29,3711.05,3717.33,3694.13,86562266732.3,0,2021-05-26 23:59:59
2021-05-27,3708.77,3738.68,3738.68,3694.59,163439271814.9,0,2021-05-27 23:59:59
2021-05-28,3750.46,3730.55,3752.8,3724.52,75179161010.4,0,2021-05-28 23:59:59
2021-05-31,3713.99,3721.63,3731.27,3713.99,54892962210.6,0,2021-05-31 23:59:59
2021-06-01,3739.57,3764.59,3784.59,3739.57,93618698281.65,0,2021-06-01 23:59:59
2021-06-02,3771.32,3817.68,3817.68,3769.47,92406033662.0,0,2021-06-02 23:59:59
2021-06-03,3833.77,3805.45,3837.73,3777.98,97293581463.4,0,2021-06-03 23:59:59
2021-06-04,3805.94,3807.43,3816.24,3766.62,89195021288.45,0,2021-06-04 23:59:59
2021-06-07,3807.96,3822.21,3827.66,3793.96,66545410342.25,0,2021-06-07 23:59:59
2021-06-08,3819.52,3807.43,3833.17,3799.07,84461841172.6,0,2021-06-08 23:59:59
2021-06-09,3821.8,3843.28,3843.41,3805.82,75567172511.75,0,2021-06-09 23:59:59
2021-06-10,3835.21,3827.71,3847.89,3822.01,84251605901.3,0,2021-06-10 23:59:59
2021-06-11,3838.98,3841.53,3849.32,3828.62,73932111762.65,0,2021-06-11 23:59:59
2021-06-14,3845.81,3860.18,3862.39,3842.75,55256916196.4,0,2021-06-14 23:59:59
2021-06-15,3864.36,3822.4,3865.2,3819.64,77748676317.75,0,2021-06-15 23:59:59
2021-06-16,3821.45,3829.67,3836.91,3803.54,87655878896.5,0,2021-06-16 23:59:59
2021-06-17,3807.32,3819.07,3832.61,3801.98,108572482848.15,0,2021-06-17 23:59:59
2021-06-18,3809.99,3802.95,3813.5,3775.82,127038746364.85,0,2021-06-18 23:59:59
2021-06-21,3797.23,3813.45,3816.85,3785.49,72776247684.55,0,2021-06-21 23:59:59
2021-06-22,3831.61,3821.68,3835.86,3809.71,66960646067.9,0,2021-06-22 23:59:59
2021-06-23,3836.12,3837.15,3847.22,3820.5,77124138926.0,0,2021-06-23 23:59:59
2021-06-24,3833.73,3823.44,3839.64,3800.5,110354773852.8,0,2021-06-24 23:59:59
2021-06-25,3818.97,3831.84,3833.32,3805.7,69900007013.55,0,2021-06-25 23:59:59
2021-06-28,3833.72,3825.57,3852.83,3822.81,60983038448.45,0,2021-06-28 23:59:59
2021-06-29,3817.72,3790.85,3821.59,3768.24,84717624504.1,0,2021-06-29 23:59:59
2021-06-30,3799.42,3841.85,3847.3,3779.28,97896743503.75,0,2021-06-30 23:59:59
2021-07-01,3843.28,3858.32,3879.5,3843.16,98385892433.15,0,2021-07-01 23:59:59
2021-07-02,3853.81,3865.42,3877.23,3843.9,66722938613.25,0,2021-07-02 23:59:59
2021-07-05,3874.81,3882.59,3882.59,3863.09,50331919245.05,0,2021-07-05 23:59:59
2021-07-06,3896.82,3884.3,3915.0,3878.39,110988663432.7,0,2021-07-06 23:59:59
2021-07-07,3881.88,3895.1,3912.39,3879.72,89700011209.25,0,2021-07-07 23:59:59
2021-07-08,3882.15,3861.08,3883.47,3839.4,88638024988.1,0,2021-07-08 23:59:59
2021-07-09,3865.62,3855.31,3874.96,3850.57,75969057848.8,0,2021-07-09 23:59:59
2021-07-12,3864.26,3875.61,3882.6,3848.45,58690564393.55,0,2021-07-12 23:59:59
2021-07-13,3888.32,3877.03,3891.54,3852.54,73065075971.25,0,2021-07-13 23:59:59
2021-07-14,3851.16,3832.85,3862.73,3829.59,82493295369.4,0,2021-07-14 23:59:59
2021-07-15,3826.45,3799.97,3832.5,3789.31,69083210864.95,0,2021-07-15 23:59:59
2021-07-16,3795.03,3770.15,3812.49,3756.01,72584122640.8,0,2021-07-16 23:59:59
2021-07-19,3743.97,3693.42,3744.27,3679.79,88681181628.1,0,2021-07-19 23:59:59
2021-07-20,3707.23,3704.4,3719.09,3679.44,71026481627.0,0,2021-07-20 23:59:59
2021-07-21,3718.92,3722.96,3738.33,3701.95,53910924683.8,0,2021-07-21 23:59:59
2021-07-22,3746.35,3754.44,3758.58,3724.29,60552813222.7,0,2021-07-22 23:59:59
2021-07-23,3760.33,3734.54,3767.4,3724.74,48982665211.95,0,2021-07-23 23:59:59
2021-07-26,3724.2,3750.1,3755.52,3710.14,52211642926.55,0,2021-07-26 23:59:59
2021-07-27,3756.79,3733.1,3762.89,3733.1,68300930120.8,0,2021-07-27 23:59:59
2021-07-28,3747.25,3782.28,3782.28,3743.46,60723839373.1,0,2021-07-28 23:59:59
2021-07-29,3794.4,3804.33,3806.83,3789.57,75765356663.15,0,2021-07-29 23:59:59
2021-07-30,3789.33,3771.58,3793.4,3759.83,90507692004.95,0,2021-07-30 23:59:59
2021-08-02,3791.22,3788.1,3801.24,3781.43,63457146082.5,0,2021-08-02 23:59:59
2021-08-03,3782.41,3793.69,3797.3,3771.8,60125322200.85,0,2021-08-03 23:59:59
2021-08-04,3808.44,3810.62,3814.63,3795.75,58810613620.4,0,2021-08-04 23:59:59
2021-08-05,3803.91,3833.75,3833.81,3801.16,64346453358.65,0,2021-08-05 23:59:59
2021-08-06,3836.49,3805.36,3837.35,3802.44,83718742514.6,0,2021-08-06 23:59:59
2021-08-09,3795.48,3835.11,3839.72,3790.63,94351508429.55,0,2021-08-09 23:59:59
2021-08-10,3847.12,3862.32,3867.09,3843.42,71105935706.6,0,2021-08-10 23:59:59
2021-08-11,3875.23,3877.37,3886.78,3856.61,65067387233.6,0,2021-08-11 23:59:59
2021-08-12,3879.01,3888.86,3897.92,3877.23,59101210982.55,0,2021-08-12 23:59:59
2021-08-13,3882.62,3873.0,3895.05,3866.67,49539097065.3,0,2021-08-13 23:59:59
2021-08-16,3862.32,3895.31,3896.96,3855.62,62244743522.15,0,2021-08-16 23:59:59
2021-08-17,3893.85,3943.01,3944.37,3893.44,78333594807.3,0,2021-08-17 23:59:59
2021-08-18,3948.43,3925.17,3949.07,3912.24,65400657617.05,0,2021-08-18 23:59:59
2021-08-19,3883.2,3853.98,3883.42,3841.15,95377162927.0,0,2021-08-19 23:59:59
2021-08-20,3868.79,3832.7,3871.43,3826.27,64054582294.7,0,2021-08-20 23:59:59
2021-08-23,3861.99,3883.01,3884.51,3856.21,55449995448.8,0,2021-08-23 23:59:59
2021-08-24,3897.56,3888.87,3904.99,3864.37,71212576176.8,0,2021-08-24 23:59:59
2021-08-25,3891.8,3886.64,3895.62,3868.64,56108844950.5,0,2021-08-25 23:59:59
2021-08-26,3876.99,3851.57,3876.99,3838.63,61470686597.9,0,2021-08-26 23:59:59
2021-08-27,3864.11,3887.38,3887.38,3844.49,61711713780.15,0,2021-08-27 23:59:59
2021-08-30,3900.96,3928.5,3928.5,3900.96,67352947627.8,0,2021-08-30 23:59:59
2021-08-31,3934.1,3918.96,3938.68,3904.72,115567805896.7,0,2021-08-31 23:59:59
2021-09-01,3924.32,3971.02,3972.68,3924.32,98279661246.9,0,2021-09-01 23:59:59
2021-09-02,3983.68,3990.77,3994.77,3968.06,94196602272.3,0,2021-09-02 23:59:59
2021-09-03,3976.62,4001.7,4001.7,3964.22,87578609902.65,0,2021-09-03 23:59:59
2021-09-06,4004.61,4028.25,4028.25,4003.49,78439667697.2,0,2021-09-06 23:59:59
2021-09-07,4036.41,4010.16,4043.51,4004.9,79944021713.7,0,2021-09-07 23:59:59
2021-09-08,4015.35,4017.37,4030.72,3984.64,98443190604.3,0,2021-09-08 23:59:59
2021-09-09,4007.82,3993.56,4009.66,3982.6,79404470424.05,0,2021-09-09 23:59:59
2021-09-10,3993.53,4002.66,4008.56,3987.53,67459555076.9,0,2021-09-10 23:59:59
2021-09-13,4012.97,4041.16,4041.83,4001.63,80910864783.2,0,2021-09-13 23:59:59
2021-09-14,4051.81,4055.7,4061.99,4037.23,117297603595.5,0,2021-09-14 23:59:59
2021-09-15,4059.08,4065.53,4081.98,4049.69,129463734068.7,0,2021-09-15 23:59:59
2021-09-16,4069.19,4045.1,4073.72,4028.08,135640464497.2,0,2021-09-16 23:59:59
2021-09-17,4043.51,4035.17,4054.38,4013.62,124865065694.3,0,2021-09-17 23:59:59
2021-09-20,3988.45,3969.61,3991.39,3955.19,91778863135.85,0,2021-09-20 23:59:59
2021-09-21,3980.02,3970.48,3994.56,3962.05,92053260741.25,0,2021-09-21 23:59:59
2021-09-22,4001.79,4030.98,4032.38,3999.82,85165734506.3,0,2021-09-22 23:59:59
2021-09-23,4051.36,4052.14,4058.15,4020.5,96598734535.25,0,2021-09-23 23:59:59
2021-09-24,4055.37,4038.23,4057.09,4017.2,86096330312.2,0,2021-09-24 23:59:59
2021-09-27,4069.55,4081.22,4083.61,4061.71,103673542010.9,0,2021-09-27 23:59:59
2021-09-28,4109.66,4065.46,4112.31,4050.95,133445152984.5,0,2021-09-28 23:59:59
2021-09-29,4045.16,4058.37,4076.61,4038.06,94004202565.45,0,2021-09-29 23:59:59
2021-09-30,4079.46,4103.52,4106.72,4064.5,129267783151.0,0,2021-09-30 23:59:59
2021-10-01,4078.59,4086.99,4104.78,4065.4,84950554851.2,0,2021-10-01 23:59:59
2021-10-04,4106.89,4112.72,4131.39,4100.85,142212463863.6,0,2021-10-04 23:59:59
2021-10-05,4129.53,4223.85,4225.16,4129.53,177698228980.7,0,2021-10-05 23:59:59
2021-10-06,4263.87,4171.71,4267.29,4163.62,207943474130.65,0,2021-10-06 23:59:59
2021-10-07,4222.78,4228.02,4239.14,4179.39,159698449038.0,0,2021-10-07 23:59:59
2021-10-08,4233.58,4238.0,4254.36,4216.72,107721150787.85,0,2021-10-08 23:59:59
2021-10-11,4259.38,4279.87,4284.53,4247.2,126550025071.45,0,2021-10-11 23:59:59
2021-10-12,4259.03,4263.8,4275.6,4250.03,99526624985.4,0,2021-10-12 23:59:59
2021-10-13,4260.44,4243.92,4260.44,4189.91,131848757673.55,0,2021-10-13 23:59:59
2021-10-14,4280.76,4259.13,4292.68,4259.13,106824935595.7,0,2021-10-14 23:59:59
2021-10-15,4278.51,4261.82,4282.15,4247.79,92588109271.7,0,2021-10-15 23:59:59
2021-10-18,4254.91,4248.33,4257.83,4225.42,97981477465.3,0,2021-10-18 23:59:59
2021-10-19,4256.24,4276.26,4279.2,4235.81,102803939196.2,0,2021-10-19 23:59:59
2021-10-20,4284.91,4287.52,4290.99,4258.14,90820446780.25,0,2021-10-20 23:59:59
2021-10-21,4276.94,4218.63,4282.46,4214.82,86146897591.6,0,2021-10-21 23:59:59
2021-10-22,4218.5,4196.96,4246.22,4196.96,79672241102.45,0,2021-10-22 23:59:59
2021-10-25,4216.43,4254.98,4254.98,4184.74,95094363569.85,0,2021-10-25 23:59:59
2021-10-26,4254.59,4235.87,4259.83,4233.8,92917300435.35,0,2021-10-26 23:59:59
2021-10-27,4216.76,4229.53,4234.99,4190.68,87039677948.1,0,2021-10-27 23:59:59
2021-10-28,4210.78,4189.66,4220.23,4157.39,130558928227.25,0,2021-10-28 23:59:59
2021-10-29,4186.35,4150.0,4186.7,4116.29,107240377794.55,0,2021-10-29 23:59:59
2021-11-01,4155.24,4221.49,4224.51,4155.24,83349959944.2,0,2021-11-01 23:59:59
2021-11-02,4235.89,4207.53,4245.32,4196.75,78744971742.75,0,2021-11-02 23:59:59
2021-11-03,4192.14,4184.87,4192.14,4158.17,64727756021.55,0,2021-11-03 23:59:59
2021-11-05,4179.03,4174.76,4181.87,4159.92,68811060903.35,0,2021-11-05 23:59:59
2021-11-08,4203.65,4218.27,4220.88,4188.59,79943228299.05,0,2021-11-08 23:59:59
2021-11-09,4207.59,4187.33,4225.82,4181.75,82287369220.1,0,2021-11-09 23:59:59
2021-11-10,4192.62,4172.47,4196.22,4151.6,79836368997.35,0,2021-11-10 23:59:59
2021-11-11,4141.62,4189.35,4189.35,4126.52,104116091466.5,0,2021-11-11 23:59:59
2021-11-12,4181.7,4121.66,4181.7,4089.32,202860107485.05,0,2021-11-12 23:59:59
2021-11-15,4121.5,4135.14,4162.02,4111.04,123023535416.9,0,2021-11-15 23:59:59
2021-11-16,4147.69,4120.02,4158.31,4094.15,116677791063.4,0,2021-11-16 23:59:59
2021-11-17,4120.23,4149.02,4149.02,4101.96,93395386782.45,0,2021-11-17 23:59:59
2021-11-18,4120.81,4093.85,4150.57,4082.17,108256843364.7,0,2021-11-18 23:59:59
2021-11-19,4121.74,4016.47,4127.0,4000.26,151877521547.5,0,2021-11-19 23:59:59
2021-11-22,4008.13,3872.77,4017.02,3872.77,202719304083.35,0,2021-11-22 23:59:59
2021-11-23,3832.33,3960.33,3974.76,3776.61,203663613102.15,0,2021-11-23 23:59:59
2021-11-24,4001.89,3950.56,4021.25,3913.39,134549985501.15,0,2021-11-24 23:59:59
2021-11-25,3964.25,3947.82,3990.95,3932.55,73912725789.35,0,2021-11-25 23:59:59
2021-11-26,3852.99,3810.98,3876.13,3810.75,144744409541.75,0,2021-11-26 23:59:59
2021-11-29,3872.19,3879.54,3928.52,3846.12,130890429846.7,0,2021-11-29 23:59:59
2021-11-30,3828.25,3890.59,3902.72,3827.55,199778277587.25,0,2021-11-30 23:59:59
2021-12-01,3907.17,3959.29,3962.22,3900.16,119719006789.15,0,2021-12-01 23:59:59
2021-12-02,3940.09,3947.54,3972.85,3914.43,109953629846.45,0,2021-12-02 23:59:59
2021-12-03,3967.88,3913.06,3977.16,3905.38,83004665197.55,0,2021-12-03 23:59:59
2021-12-06,3937.15,3810.1,3938.1,3800.76,99104081043.4,0,2021-12-06 23:59:59
2021-12-07,3860.83,3873.2,3880.84,3810.03,127513848136.15,0,2021-12-07 23:59:59
2021-12-08,3904.84,3773.61,3915.65,3773.61,161711900096.09,0,2021-12-08 23:59:59
2021-12-09,3801.67,3813.29,3847.76,3780.3,110500027110.1,0,2021-12-09 23:59:59
2021-12-10,3806.97,3760.23,3814.06,3760.23,81426178559.85,0,2021-12-10 23:59:59
2021-12-13,3790.1,3618.31,3794.52,3613.88,147936433936.1,0,2021-12-13 23:59:59
2021-12-14,3533.82,3619.39,3638.49,3532.29,155519049894.1,0,2021-12-14 23:59:59
2021-12-15,3653.16,3621.82,3666.53,3608.6,104327497276.3,0,2021-12-15 23:59:59
2021-12-16,3705.57,3750.36,3755.07,3701.35,143081351990.0,0,2021-12-16 23:59:59
2021-12-17,3725.04,3723.27,3739.59,3696.5,127229717373.7,0,2021-12-17 23:59:59
2021-12-20,3657.65,3669.05,3674.71,3629.61,90298936540.65,0,2021-12-20 23:59:59
2021-12-21,3705.33,3693.02,3713.68,3670.16,82117461532.05,0,2021-12-21 23:59:59
2021-12-22,3715.2,3746.75,3759.67,3699.06,87418363756.15,0,2021-12-22 23:59:59
2021-12-23,3745.52,3704.6,3751.37,3691.04,74775470568.25,0,2021-12-23 23:59:59
2021-12-24,3700.34,3702.72,3703.72,3653.63,44756758749.6,0,2021-12-24 23:59:59
2021-12-27,3711.77,3740.63,3742.12,3709.19,49142530172.25,0,2021-12-27 23:59:59
2021-12-28,3766.5,3777.56,3790.44,3751.0,64031615578.35,0,2021-12-28 23:59:59
2021-12-29,3756.54,3741.07,3770.09,3727.35,60359168519.7,0,2021-12-29 23:59:59
2021-12-30,3753.92,3787.26,3789.61,3740.93,61497152069.0,0,2021-12-30 23:59:59
2022-01-03,3825.3,3852.5,3866.15,3823.5,52472868137.9,0,2022-01-03 23:59:59
2022-01-04,3880.2,3873.49,3892.33,3846.81,62624414462.0,0,2022-01-04 23:59:59
2022-01-05,3857.9,3815.05,3875.25,3805.06,59842279698.45,0,2022-01-05 23:59:59
2022-01-06,3758.68,3753.29,3784.17,3720.17,83469097491.95,0,2022-01-06 23:59:59
2022-01-07,3772.04,3772.04,3772.04,3772.04,0.0,0,2022-01-07 23:59:59
2022-01-10,3798.43,3738.68,3806.84,3726.73,85302196824.3,0,2022-01-10 23:59:59
2022-01-11,3764.56,3785.29,3800.91,3751.45,81053376709.85,0,2022-01-11 23:59:59
2022-01-12,3797.31,3829.95,3841.72,3783.92,100865330719.7,0,2022-01-12 23:59:59
2022-01-13,3814.98,3674.73,3818.97,3664.48,178770807642.9,0,2022-01-13 23:59:59
2022-01-14,3703.9,3596.98,3723.62,3512.03,253410592849.3,0,2022-01-14 23:59:59
2022-01-17,3633.01,3560.35,3651.36,3501.94,156354454242.75,0,2022-01-17 23:59:59
2022-01-18,3527.77,3328.94,3534.56,3297.12,302733934140.55,0,2022-01-18 23:59:59
2022-01-19,3290.31,3436.82,3500.27,3256.6,257223110460.45,0,2022-01-19 23:59:59
2022-01-20,3519.02,3516.02,3533.61,3403.74,191687148184.9,0,2022-01-20 23:59:59
2022-01-21,3420.12,3439.25,3503.84,3407.27,180588337458.0,0,2022-01-21 23:59:59
2022-01-24,3426.19,3235.28,3426.47,3158.46,262889650990.6,0,2022-01-24 23:59:59
2022-01-25,3316.98,3258.74,3330.9,3229.45,157537334538.2,0,2022-01-25 23:59:59
2022-01-26,3341.71,3357.66,3412.15,3276.06,160814042402.85,0,2022-01-26 23:59:59
2022-01-27,3296.47,3455.93,3525.94,3284.49,237136967964.7,0,2022-01-27 23:59:59
2022-01-28,3508.57,3488.6,3534.4,3446.01,143424640143.0,0,2022-01-28 23:59:59
2022-01-31,3524.11,3530.38,3566.05,3518.55,117693256585.8,0,2022-01-31 23:59:59
2022-02-01,3564.55,3548.17,3584.71,3531.35,110134440838.2,0,2022-02-01 23:59:59
2022-02-02,3574.87,3543.8,3580.22,3516.17,110896294130.6,0,2022-02-02 23:59:59
2022-02-03,3498.76,3471.18,3519.23,3446.65,102906904754.15,0,2022-02-03 23:59:59
2022-02-04,3499.32,3471.01,3556.32,3464.14,124982530504.55,0,2022-02-04 23:59:59
2022-02-07,3511.39,3470.78,3521.26,3437.93,74559343723.85,0,2022-02-07 23:59:59
2022-02-08,3497.18,3551.65,3551.65,3487.64,121464922915.6,0,2022-02-08 23:59:59
2022-02-09,3593.0,3638.93,3638.93,3580.45,137282606163.35,0,2022-02-09 23:59:59
2022-02-10,3628.51,3655.76,3655.76,3592.75,136808104131.2,0,2022-02-10 23:59:59
2022-02-11,3579.69,3546.62,3596.74,3514.12,136512105820.75,0,2022-02-11 23:59:59
2022-02-14,3442.82,3481.38,3524.87,3404.35,188828937775.65,0,2022-02-14 23:59:59
2022-02-15,3532.0,3600.29,3614.15,3514.98,185244698014.9,0,2022-02-15 23:59:59
2022-02-16,3682.94,3646.41,3683.95,3608.01,141370949768.1,0,2022-02-16 23:59:59
2022-02-17,3588.27,3511.08,3595.12,3498.2,166699291103.35,0,2022-02-17 23:59:59
2022-02-18,3547.04,3393.31,3565.52,3371.05,176700371489.15,0,2022-02-18 23:59:59
2022-02-21,3458.73,3036.88,3460.42,2910.49,469404900519.2,0,2022-02-21 23:59:59
2022-02-22,2909.4,3084.74,3113.4,2756.46,430550627229.75,0,2022-02-22 23:59:59
2022-02-24,2735.88,2058.12,2740.31,1681.55,246452894354.77,0,2022-02-24 23:59:59
2022-02-25,2261.33,2470.48,2552.46,2256.09,189354389723.36,0,2022-02-25 23:59:59
2022-03-24,2474.52,2578.51,2761.17,2447.68,100222210672.2,0,2022-03-24 23:59:59
2022-03-25,2620.62,2484.13,2664.74,2470.69,49167284761.2,0,2022-03-25 23:59:59
2022-03-28,2479.49,2430.7,2484.57,2407.2,25937057002.85,0,2022-03-28 23:59:59
2022-03-29,2442.43,2408.49,2538.2,2363.62,59068848968.85,0,2022-03-29 23:59:59
2022-03-30,2437.92,2513.03,2513.03,2437.92,39721405988.35,0,2022-03-30 23:59:59
2022-03-31,2535.32,2703.51,2703.51,2533.39,80017047214.7,0,2022-03-31 23:59:59
2022-04-01,2714.62,2759.64,2817.72,2714.62,77972322862.8,0,2022-04-01 23:59:59
2022-04-04,2775.06,2787.69,2835.46,2682.34,67754307203.25,0,2022-04-04 23:59:59
2022-04-05,2796.56,2662.79,2808.27,2576.34,68532631919.2,0,2022-04-05 23:59:59
2022-04-06,2641.79,2611.43,2696.97,2594.95,45527445852.1,0,2022-04-06 23:59:59
2022-04-07,2618.26,2635.39,2653.85,2618.26,33674118545.4,0,2022-04-07 23:59:59
2022-04-08,2649.16,2592.72,2656.72,2554.72,30923457083.65,0,2022-04-08 23:59:59
2022-04-11,2596.17,2557.16,2623.64,2557.16,26788780551.25,0,2022-04-11 23:59:59
2022-04-12,2559.22,2540.99,2570.78,2472.28,33176929301.85,0,2022-04-12 23:59:59
2022-04-13,2546.64,2528.42,2558.86,2517.44,19008934214.15,0,2022-04-13 23:59:59
2022-04-14,2530.9,2404.73,2533.77,2403.86,24317562706.85,0,2022-04-14 23:59:59
2022-04-15,2403.16,2424.99,2431.91,2353.13,24555619329.9,0,2022-04-15 23:59:59
2022-04-18,2430.91,2342.63,2447.58,2338.36,23242744263.95,0,2022-04-18 23:59:59
2022-04-19,2342.53,2317.46,2344.37,2216.61,35589597026.4,0,2022-04-19 23:59:59
2022-04-20,2326.03,2330.73,2374.87,2271.72,34640809161.75,0,2022-04-20 23:59:59
2022-04-21,2334.97,2271.05,2341.21,2260.68,28368978164.55,0,2022-04-21 23:59:59
2022-04-22,2271.18,2232.23,2290.04,2223.73,32280692497.9,0,2022-04-22 23:59:59
2022-04-25,2236.32,2186.22,2237.45,2168.18,22521850031.3,0,2022-04-25 23:59:59
2022-04-26,2190.97,2318.46,2347.92,2190.97,42976151804.4,0,2022-04-26 23:59:59
2022-04-27,2326.27,2424.28,2427.47,2305.47,48952158762.7,0,2022-04-27 23:59:59
2022-04-28,2434.86,2383.66,2505.94,2379.12,60911768321.75,0,2022-04-28 23:59:59
2022-04-29,2390.83,2445.17,2448.52,2390.83,41353794398.65,0,2022-04-29 23:59:59
2022-05-04,2444.25,2373.16,2464.6,2373.16,25945992882.25,0,2022-05-04 23:59:59
2022-05-05,2379.04,2404.8,2412.81,2379.04,17342318812.95,0,2022-05-05 23:59:59
2022-05-06,2405.17,2393.03,2406.78,2372.52,18005651254.65,0,2022-05-06 23:59:59
2022-05-11,2391.91,2387.14,2414.87,2367.48,18772686042.2,0,2022-05-11 23:59:59
2022-05-12,2382.33,2297.89,2386.16,2283.31,22770570603.55,0,2022-05-12 23:59:59
2022-05-13,2309.98,2307.5,2321.91,2283.1,15604714548.0,0,2022-05-13 23:59:59
2022-05-16,2308.2,2364.6,2379.35,2306.06,25869494279.5,0,2022-05-16 23:59:59
2022-05-17,2378.08,2424.1,2425.17,2371.93,35173701855.45,0,2022-05-17 23:59:59
2022-05-18,2438.0,2445.3,2490.17,2438.0,42157561625.15,0,2022-05-18 23:59:59
2022-05-19,2454.36,2436.57,2454.83,2414.63,23142918171.25,0,2022-05-19 23:59:59
2022-05-20,2441.56,2373.26,2451.02,2365.81,26154389699.35,0,2022-05-20 23:59:59
2022-05-23,2379.66,2301.85,2389.42,2300.77,25254453193.0,0,2022-05-23 23:59:59
2022-05-24,2300.11,2293.62,2317.92,2229.22,34493860692.9,0,2022-05-24 23:59:59
2022-05-25,2300.15,2340.18,2340.18,2291.13,28631752004.9,0,2022-05-25 23:59:59
2022-05-26,2348.44,2413.06,2415.03,2327.29,64356904664.25,0,2022-05-26 23:59:59
2022-05-27,2424.7,2407.59,2439.89,2399.92,34678510445.75,0,2022-05-27 23:59:59
2022-05-30,2418.21,2400.39,2433.04,2376.44,27385294017.35,0,2022-05-30 23:59:59
2022-05-31,2400.75,2355.75,2400.75,2351.74,20607741318.75,0,2022-05-31 23:59:59
2022-06-01,2349.84,2374.6,2385.64,2338.9,23159339655.75,0,2022-06-01 23:59:59
2022-06-02,2374.67,2340.17,2382.23,2337.53,25936157830.6,0,2022-06-02 23:59:59
2022-06-03,2341.55,2308.03,2348.03,2286.82,36640803131.35,0,2022-06-03 23:59:59
2022-06-06,2308.35,2282.16,2321.75,2277.21,23466169598.8,0,2022-06-06 23:59:59
2022-06-07,2281.3,2291.62,2294.4,2239.72,24673602866.25,0,2022-06-07 23:59:59
2022-06-08,2296.62,2318.85,2342.69,2296.62,33948819398.5,0,2022-06-08 23:59:59
2022-06-09,2321.57,2293.99,2323.39,2275.22,24767087945.6,0,2022-06-09 23:59:59
2022-06-10,2282.81,2285.52,2296.1,2273.95,22155213875.5,0,2022-06-10 23:59:59
2022-06-14,2280.02,2289.75,2308.43,2261.26,30573074781.2,0,2022-06-14 23:59:59
2022-06-15,2290.76,2318.96,2320.4,2282.79,31609602711.5,0,2022-06-15 23:59:59
2022-06-16,2321.52,2369.75,2374.24,2317.87,35239559797.15,0,2022-06-16 23:59:59
2022-06-17,2373.07,2353.98,2382.49,2345.4,21840774908.95,0,2022-06-17 23:59:59
2022-06-20,2358.26,2404.4,2404.4,2357.33,34227692868.45,0,2022-06-20 23:59:59
2022-06-21,2407.63,2358.81,2415.59,2357.27,47531716832.35,0,2022-06-21 23:59:59
2022-06-22,2348.04,2373.52,2373.52,2320.87,43293077659.95,0,2022-06-22 23:59:59
2022-06-23,2375.6,2404.54,2404.54,2350.1,48779605043.7,0,2022-06-23 23:59:59
2022-06-24,2405.31,2391.51,2414.02,2372.05,32470388222.9,0,2022-06-24 23:59:59
2022-06-27,2387.55,2417.06,2417.06,2384.32,32260073730.15,0,2022-06-27 23:59:59
2022-06-28,2419.15,2408.75,2419.81,2392.26,43643513132.7,0,2022-06-28 23:59:59
2022-06-29,2407.49,2378.55,2407.49,2370.41,39630917157.45,0,2022-06-29 23:59:59
2022-06-30,2380.03,2204.85,2407.2,2184.71,112712384216.9,0,2022-06-30 23:59:59
2022-07-01,2197.9,2206.61,2237.92,2165.13,51706511774.9,0,2022-07-01 23:59:59
2022-07-04,2208.7,2204.66,2240.83,2197.39,39025784884.65,0,2022-07-04 23:59:59
2022-07-05,2214.39,2226.64,2238.73,2187.57,46917603887.65,0,2022-07-05 23:59:59
2022-07-06,2227.02,2221.88,2273.24,2214.04,42030318167.35,0,2022-07-06 23:59:59
2022-07-07,2221.02,2226.65,2239.59,2206.16,29779918346.8,0,2022-07-07 23:59:59
2022-07-08,2225.02,2222.51,2234.55,2202.52,22404447211.4,0,2022-07-08 23:59:59
2022-07-11,2213.55,2162.34,2224.35,2156.36,30424271677.8,0,2022-07-11 23:59:59
2022-07-12,2160.74,2133.77,2160.74,2105.26,33458868465.65,0,2022-07-12 23:59:59
2022-07-13,2138.14,2073.68,2142.51,2064.58,28992855951.55,0,2022-07-13 23:59:59
2022-07-14,2073.79,2063.3,2105.61,2049.44,25927908701.5,0,2022-07-14 23:59:59
2022-07-15,2069.02,2109.52,2109.52,2056.82,24180602393.25,0,2022-07-15 23:59:59
2022-07-18,2119.02,2096.42,2127.96,2083.01,21323881776.8,0,2022-07-18 23:59:59
2022-07-19,2089.28,2071.28,2089.28,2047.33,23004610338.55,0,2022-07-19 23:59:59
2022-07-20,2076.24,2075.24,2098.92,2067.37,25182119101.75,0,2022-07-20 23:59:59
2022-07-21,2075.99,2053.64,2075.99,2022.16,27162716773.85,0,2022-07-21 23:59:59
2022-07-22,2056.16,2096.75,2099.68,2053.2,24272476943.15,0,2022-07-22 23:59:59
2022-07-25,2099.81,2128.96,2132.75,2090.22,28351314131.4,0,2022-07-25 23:59:59
2022-07-26,2135.89,2192.42,2192.42,2135.89,35324587836.75,0,2022-07-26 23:59:59
2022-07-27,2198.96,2196.22,2220.82,2184.71,35568624253.65,0,2022-07-27 23:59:59
2022-07-28,2204.01,2189.16,2213.21,2169.21,27632179178.4,0,2022-07-28 23:59:59
2022-07-29,2187.67,2213.81,2213.81,2181.07,25886690603.45,0,2022-07-29 23:59:59
2022-08-01,2213.75,2180.09,2220.73,2178.98,34423779174.35,0,2022-08-01 23:59:59
2022-08-02,2176.57,2137.3,2178.81,2137.3,27914278332.05,0,2022-08-02 23:59:59
2022-08-03,2138.76,2123.92,2156.54,2123.92,26449883090.05,0,2022-08-03 23:59:59
2022-08-04,2126.39,2116.58,2137.83,2111.87,22594862837.6,0,2022-08-04 23:59:59
2022-08-05,2120.13,2054.29,2124.6,2052.08,36874314128.85,0,2022-08-05 23:59:59
2022-08-08,2106.5,2088.4,2119.41,2086.98,27924176471.55,0,2022-08-08 23:59:59
2022-08-09,2090.37,2136.8,2136.8,2071.72,26431314966.3,0,2022-08-09 23:59:59
2022-08-10,2138.81,2151.5,2158.87,2128.59,27194863629.45,0,2022-08-10 23:59:59
2022-08-11,2157.17,2133.11,2174.9,2128.38,29583573202.9,0,2022-08-11 23:59:59
2022-08-12,2133.93,2147.33,2150.9,2117.08,21718566668.55,0,2022-08-12 23:59:59
2022-08-15,2147.76,2165.12,2165.75,2139.45,22639885747.8,0,2022-08-15 23:59:59
2022-08-16,2172.4,2208.33,2208.33,2168.06,27547482467.65,0,2022-08-16 23:59:59
2022-08-17,2213.43,2188.56,2225.05,2186.86,28031808792.3,0,2022-08-17 23:59:59
2022-08-18,2188.42,2194.31,2197.92,2176.02,19293588498.15,0,2022-08-18 23:59:59
2022-08-19,2199.6,2195.16,2199.6,2179.56,19380590930.2,0,2022-08-19 23:59:59
2022-08-22,2193.29,2228.11,2231.22,2187.04,25478090146.55,0,2022-08-22 23:59:59
2022-08-23,2230.74,2260.08,2261.59,2230.74,34167923073.9,0,2022-08-23 23:59:59
2022-08-24,2263.57,2248.22,2273.65,2243.08,25211293918.35,0,2022-08-24 23:59:59
2022-08-25,2249.39,2246.34,2266.18,2234.87,24487294443.55,0,2022-08-25 23:59:59
2022-08-26,2248.98,2268.89,2268.89,2239.66,18051564449.45,0,2022-08-26 23:59:59
2022-08-29,2267.43,2296.33,2296.33,2263.99,26880489296.25,0,2022-08-29 23:59:59
2022-08-30,2299.28,2306.62,2314.53,2292.44,50550921071.3,0,2022-08-30 23:59:59
2022-08-31,2377.02,2400.08,2423.12,2368.42,102136552775.55,0,2022-08-31 23:59:59
2022-09-01,2401.98,2445.77,2448.5,2380.01,56992336461.55,0,2022-09-01 23:59:59
2022-09-02,2443.76,2471.45,2474.71,2431.54,63579147654.35,0,2022-09-02 23:59:59
2022-09-05,2472.1,2488.44,2488.44,2440.88,45685735670.35,0,2022-09-05 23:59:59
2022-09-06,2487.76,2425.33,2492.15,2382.24,64403078065.35,0,2022-09-06 23:59:59
2022-09-07,2422.88,2401.57,2436.64,2394.56,39183921359.65,0,2022-09-07 23:59:59
2022-09-08,2397.59,2390.27,2407.39,2378.3,33722794765.45,0,2022-09-08 23:59:59
2022-09-09,2391.69,2426.06,2426.81,2391.69,30026659925.9,0,2022-09-09 23:59:59
2022-09-12,2419.77,2449.65,2465.22,2413.55,35740888613.15,0,2022-09-12 23:59:59
2022-09-13,2459.75,2446.89,2465.55,2438.8,28825213667.6,0,2022-09-13 23:59:59
2022-09-14,2439.96,2435.89,2439.96,2400.14,34390158477.8,0,2022-09-14 23:59:59
2022-09-15,2434.79,2446.59,2457.02,2418.3,35982254564.4,0,2022-09-15 23:59:59
2022-09-16,2446.09,2435.18,2469.02,2427.68,39556443400.3,0,2022-09-16 23:59:59
2022-09-19,2436.48,2430.54,2453.03,2427.19,26089124163.1,0,2022-09-19 23:59:59
2022-09-20,2430.53,2215.67,2436.3,2171.92,128647576445.4,0,2022-09-20 23:59:59
2022-09-21,2052.89,2130.71,2186.43,2002.73,79143617866.05,0,2022-09-21 23:59:59
2022-09-22,2138.39,2190.87,2216.85,2138.39,69447770288.8,0,2022-09-22 23:59:59
2022-09-23,2192.11,2089.87,2192.68,2071.37,56633145265.45,0,2022-09-23 23:59:59
2022-09-26,2054.56,1933.35,2054.56,1841.42,85669841859.2,0,2022-09-26 23:59:59
2022-09-27,1930.58,1953.46,1975.32,1904.24,52656113619.5,0,2022-09-27 23:59:59
2022-09-28,1978.89,1963.86,2018.99,1948.25,49270453422.3,0,2022-09-28 23:59:59
2022-09-29,1998.24,1953.77,2005.8,1917.62,42281651650.9,0,2022-09-29 23:59:59
2022-09-30,1977.75,1957.31,2005.21,1872.95,100124286989.9,0,2022-09-30 23:59:59
2022-10-03,1991.88,2041.96,2047.54,1972.43,44257545026.7,0,2022-10-03 23:59:59
2022-10-04,2071.19,2046.42,2079.67,2016.59,46366353260.7,0,2022-10-04 23:59:59
2022-10-05,2041.5,2029.88,2045.62,1971.91,53461971146.1,0,2022-10-05 23:59:59
2022-10-06,2027.3,2020.63,2053.86,2015.09,35091173555.05,0,2022-10-06 23:59:59
2022-10-07,2012.95,1944.75,2012.95,1939.54,41355184462.6,0,2022-10-07 23:59:59
2022-10-10,1783.66,1916.97,1917.91,1775.04,56385754466.1,0,2022-10-10 23:59:59
2022-10-11,1928.74,1949.46,1952.8,1909.11,31814724761.25,0,2022-10-11 23:59:59
2022-10-12,1965.39,1951.65,1974.59,1937.93,27544147227.5,0,2022-10-12 23:59:59
2022-10-13,1950.24,1955.2,1975.84,1941.18,25239455241.2,0,2022-10-13 23:59:59
2022-10-14,1963.38,1950.98,1965.77,1933.29,23793882193.25,0,2022-10-14 23:59:59
2022-10-17,1958.18,2012.85,2013.61,1955.7,32246002624.9,0,2022-10-17 23:59:59
2022-10-18,2031.56,2032.4,2039.67,1999.38,33771126653.65,0,2022-10-18 23:59:59
2022-10-19,1986.67,1978.4,2006.06,1953.74,35837150710.55,0,2022-10-19 23:59:59
2022-10-20,1998.74,2025.51,2032.58,1991.09,35871004460.3,0,2022-10-20 23:59:59
2022-10-21,2026.44,2043.71,2049.0,2000.68,35187924135.05,0,2022-10-21 23:59:59
2022-10-24,2070.36,2063.95,2088.31,2048.37,32652624967.05,0,2022-10-24 23:59:59
2022-10-25,2066.28,2130.65,2130.65,2058.09,42887815544.05,0,2022-10-25 23:59:59
2022-10-26,2131.18,2120.58,2144.56,2093.12,42015203006.9,0,2022-10-26 23:59:59
2022-10-27,2133.81,2164.64,2164.64,2123.57,41008408450.6,0,2022-10-27 23:59:59
2022-10-28,2154.28,2167.7,2171.88,2130.75,43444621093.25,0,2022-10-28 23:59:59
2022-10-31,2173.0,2166.61,2184.38,2155.75,31288260044.75,0,2022-10-31 23:59:59
2022-11-01,2179.15,2174.35,2185.6,2161.18,21732654118.25,0,2022-11-01 23:59:59
2022-11-02,2178.25,2173.84,2184.89,2160.56,22031567419.25,0,2022-11-02 23:59:59
2022-11-03,2145.54,2155.92,2156.78,2123.32,25792024221.25,0,2022-11-03 23:59:59
2022-11-07,2176.33,2208.78,2208.78,2172.34,41425843846.95,0,2022-11-07 23:59:59
2022-11-08,2213.39,2207.2,2221.13,2188.22,37767596384.3,0,2022-11-08 23:59:59
2022-11-09,2201.06,2166.56,2205.92,2166.42,32153634675.1,0,2022-11-09 23:59:59
2022-11-10,2167.96,2210.02,2211.21,2161.57,50837891634.05,0,2022-11-10 23:59:59
2022-11-11,2221.68,2217.44,2224.97,2204.33,35129623599.9,0,2022-11-11 23:59:59
2022-11-14,2230.8,2244.77,2245.9,2221.31,39642803675.8,0,2022-11-14 23:59:59
2022-11-15,2249.22,2223.26,2254.94,2211.19,36552526475.9,0,2022-11-15 23:59:59
2022-11-16,2199.1,2227.19,2232.83,2191.95,29153605996.45,0,2022-11-16 23:59:59
2022-11-17,2227.54,2212.93,2235.76,2200.11,24154127523.05,0,2022-11-17 23:59:59
2022-11-18,2208.39,2206.32,2211.7,2189.93,19150662557.8,0,2022-11-18 23:59:59
2022-11-21,2204.9,2166.31,2204.9,2161.35,28464891091.05,0,2022-11-21 23:59:59
2022-11-22,2179.76,2196.04,2200.06,2169.62,21690712689.0,0,2022-11-22 23:59:59
2022-11-23,2196.24,2211.89,2217.4,2180.64,32870895270.55,0,2022-11-23 23:59:59
2022-11-24,2214.14,2210.95,2225.92,2206.12,20472685548.4,0,2022-11-24 23:59:59
2022-11-25,2209.31,2195.17,2211.1,2190.67,18973705982.5,0,2022-11-25 23:59:59
2022-11-28,2180.32,2177.45,2182.16,2163.44,25255954654.45,0,2022-11-28 23:59:59
2022-11-29,2180.65,2185.32,2191.44,2178.34,21033978164.9,0,2022-11-29 23:59:59
2022-11-30,2184.27,2174.53,2184.27,2172.67,15628414954.25,0,2022-11-30 23:59:59
2022-12-01,2189.65,2187.29,2193.41,2183.57,20487790535.0,0,2022-12-01 23:59:59
2022-12-02,2189.19,2180.44,2189.35,2173.48,22206009036.85,0,2022-12-02 23:59:59
2022-12-05,2179.79,2208.28,2210.7,2174.17,36556414504.95,0,2022-12-05 23:59:59
2022-12-06,2204.51,2196.24,2208.36,2184.65,22011415280.2,0,2022-12-06 23:59:59
2022-12-07,2185.01,2192.88,2193.71,2166.77,27417051222.95,0,2022-12-07 23:59:59
2022-12-08,2196.17,2184.43,2197.77,2174.57,22523116709.55,0,2022-12-08 23:59:59
2022-12-09,2178.93,2177.85,2183.97,2169.04,16733074100.55,0,2022-12-09 23:59:59
2022-12-12,2178.33,2173.16,2185.49,2163.33,19308247875.05,0,2022-12-12 23:59:59
2022-12-13,2175.29,2174.38,2177.95,2154.52,24793682504.95,0,2022-12-13 23:59:59
2022-12-14,2171.12,2159.81,2171.31,2154.65,20963085762.75,0,2022-12-14 23:59:59
2022-12-15,2151.69,2126.8,2151.69,2115.21,30466746003.55,0,2022-12-15 23:59:59
2022-12-16,2118.43,2132.75,2135.79,2116.08,19713454690.15,0,2022-12-16 23:59:59
2022-12-19,2131.33,2129.98,2139.07,2109.56,30518978665.2,0,2022-12-19 23:59:59
2022-12-20,2071.1,2119.37,2119.37,2070.58,34192361634.1,0,2022-12-20 23:59:59
2022-12-21,2135.41,2116.13,2139.49,2102.24,30181774160.05,0,2022-12-21 23:59:59
2022-12-22,2124.37,2122.91,2134.48,2114.91,22386857843.15,0,2022-12-22 23:59:59
2022-12-23,2121.99,2124.02,2128.27,2110.59,17531982626.35,0,2022-12-23 23:59:59
2022-12-26,2126.4,2139.21,2139.78,2126.4,21299933246.1,0,2022-12-26 23:59:59
2022-12-27,2142.08,2150.92,2154.35,2138.11,21591490276.15,0,2022-12-27 23:59:59
2022-12-28,2150.12,2139.77,2152.47,2136.68,18811163578.05,0,2022-12-28 23:59:59
2022-12-29,2135.91,2147.06,2149.94,2134.48,15793852418.55,0,2022-12-29 23:59:59
2022-12-30,2149.83,2154.12,2154.47,2139.79,16664943291.65,0,2022-12-30 23:59:59
2023-01-03,2157.18,2172.68,2174.23,2157.18,12690309378.95,0,2023-01-03 23:59:59
2023-01-04,2171.54,2168.42,2179.56,2162.06,11510044721.05,0,2023-01-04 23:59:59
2023-01-05,2170.4,2156.67,2171.94,2154.16,9783315405.0,0,2023-01-05 23:59:59
2023-01-06,2157.32,2156.39,2160.08,2153.32,7622557637.8,0,2023-01-06 23:59:59
2023-01-09,2163.43,2163.5,2169.71,2162.01,18179113212.1,0,2023-01-09 23:59:59
2023-01-10,2162.7,2159.51,2162.92,2145.14,14600174654.45,0,2023-01-10 23:59:59
2023-01-11,2156.28,2186.98,2190.4,2153.55,35257346290.55,0,2023-01-11 23:59:59
2023-01-12,2193.53,2185.93,2194.8,2177.36,21456804414.0,0,2023-01-12 23:59:59
2023-01-13,2188.6,2199.94,2204.18,2179.82,27688238742.05,0,2023-01-13 23:59:59
2023-01-16,2204.64,2224.9,2224.9,2204.46,27333518945.0,0,2023-01-16 23:59:59
2023-01-17,2225.26,2196.84,2226.49,2196.84,31460321183.45,0,2023-01-17 23:59:59
2023-01-18,2188.9,2196.26,2206.66,2177.65,24434857167.75,0,2023-01-18 23:59:59
2023-01-19,2190.02,2168.83,2193.93,2162.11,25621313385.4,0,2023-01-19 23:59:59
2023-01-20,2167.61,2166.69,2173.71,2154.37,18882607247.05,0,2023-01-20 23:59:59
2023-01-23,2167.92,2185.31,2186.85,2164.89,23076679749.25,0,2023-01-23 23:59:59
2023-01-24,2191.64,2172.75,2199.29,2172.75,29120905166.5,0,2023-01-24 23:59:59
2023-01-25,2168.48,2170.15,2176.61,2160.76,22637391195.2,0,2023-01-25 23:59:59
2023-01-26,2181.96,2166.92,2183.77,2166.92,22684239621.05,0,2023-01-26 23:59:59
2023-01-27,2174.85,2189.35,2189.35,2167.33,22277273691.3,0,2023-01-27 23:59:59
2023-01-30,2193.99,2204.41,2204.41,2189.12,25349957927.0,0,2023-01-30 23:59:59
2023-01-31,2203.57,2225.6,2225.6,2202.76,33469998785.2,0,2023-01-31 23:59:59
2023-02-01,2232.02,2230.15,2247.12,2224.95,39359470583.55,0,2023-02-01 23:59:59
2023-02-02,2243.04,2243.54,2249.56,2228.56,32836232460.1,0,2023-02-02 23:59:59
2023-02-03,2239.1,2248.3,2253.7,2216.63,43326732161.75,0,2023-02-03 23:59:59
2023-02-06,2245.93,2272.37,2276.5,2243.77,41978396753.15,0,2023-02-06 23:59:59
2023-02-07,2281.69,2267.69,2290.51,2262.3,41070831270.9,0,2023-02-07 23:59:59
2023-02-08,2273.59,2251.97,2283.49,2244.52,36352162036.05,0,2023-02-08 23:59:59
2023-02-09,2258.97,2262.45,2269.96,2241.02,36719582060.2,0,2023-02-09 23:59:59
2023-02-10,2253.51,2261.58,2264.39,2249.62,20751973737.05,0,2023-02-10 23:59:59
2023-02-13,2262.65,2264.27,2271.0,2261.37,18435819331.55,0,2023-02-13 23:59:59
2023-02-14,2256.59,2232.23,2256.96,2225.94,31061645096.45,0,2023-02-14 23:59:59
2023-02-15,2216.69,2166.46,2216.69,2164.7,42803893942.3,0,2023-02-15 23:59:59
2023-02-16,2169.39,2153.96,2186.64,2150.17,33206834832.25,0,2023-02-16 23:59:59
2023-02-17,2157.5,2168.88,2180.96,2147.31,23626925959.6,0,2023-02-17 23:59:59
2023-02-20,2172.53,2183.57,2186.39,2140.78,30085172953.75,0,2023-02-20 23:59:59
2023-02-21,2184.6,2212.42,2227.82,2184.51,49606379523.4,0,2023-02-21 23:59:59
2023-02-22,2215.43,2212.4,2215.58,2194.99,20589616471.8,0,2023-02-22 23:59:59
2023-02-24,2209.1,2208.03,2223.23,2202.25,18979268125.35,0,2023-02-24 23:59:59
2023-02-27,2194.39,2241.1,2241.1,2188.95,36711171319.1,0,2023-02-27 23:59:59
2023-02-28,2246.26,2253.16,2258.68,2239.59,37023209047.6,0,2023-02-28 23:59:59
2023-03-01,2258.89,2279.65,2287.48,2255.45,40016502886.95,0,2023-03-01 23:59:59
2023-03-02,2284.87,2254.3,2286.27,2235.43,50749873558.3,0,2023-03-02 23:59:59
2023-03-03,2250.12,2272.2,2273.52,2249.81,26705003484.35,0,2023-03-03 23:59:59
2023-03-06,2286.2,2294.12,2297.86,2283.4,33614803020.6,0,2023-03-06 23:59:59
2023-03-07,2294.32,2295.6,2298.93,2281.46,24580193073.35,0,2023-03-07 23:59:59
2023-03-09,2295.03,2290.14,2302.1,2278.95,28764398015.85,0,2023-03-09 23:59:59
2023-03-10,2272.61,2276.25,2283.18,2266.33,28442547978.2,0,2023-03-10 23:59:59
2023-03-13,2279.13,2269.47,2289.7,2250.14,40590100977.2,0,2023-03-13 23:59:59
2023-03-14,2266.78,2290.32,2290.32,2261.65,37222691640.25,0,2023-03-14 23:59:59
2023-03-15,2287.16,2262.07,2295.06,2257.0,40845107270.85,0,2023-03-15 23:59:59
2023-03-16,2262.61,2258.22,2269.01,2236.77,35593046390.65,0,2023-03-16 23:59:59
2023-03-17,2284.78,2322.78,2322.78,2275.48,108087768758.2,0,2023-03-17 23:59:59
2023-03-20,2337.83,2397.16,2397.16,2332.8,84163284261.5,0,2023-03-20 23:59:59
2023-03-21,2417.43,2398.15,2431.23,2383.08,74773280093.7,0,2023-03-21 23:59:59
2023-03-22,2387.81,2393.88,2398.76,2374.46,34290916792.5,0,2023-03-22 23:59:59
2023-03-23,2386.7,2388.35,2396.5,2379.88,23579664336.45,0,2023-03-23 23:59:59
2023-03-24,2386.53,2391.53,2394.03,2384.29,20820009237.3,0,2023-03-24 23:59:59
2023-03-27,2400.84,2440.68,2440.68,2400.84,47214135240.05,0,2023-03-27 23:59:59
2023-03-28,2453.26,2442.19,2458.37,2421.39,41688810661.95,0,2023-03-28 23:59:59
2023-03-29,2449.96,2460.87,2468.48,2437.52,45339433902.8,0,2023-03-29 23:59:59
2023-03-30,2458.06,2465.93,2467.97,2450.46,29588518563.9,0,2023-03-30 23:59:59
2023-03-31,2470.12,2450.67,2472.53,2424.45,49152762590.45,0,2023-03-31 23:59:59
2023-04-03,2474.37,2473.32,2482.54,2463.0,48168034560.8,0,2023-04-03 23:59:59
2023-04-04,2483.47,2480.45,2511.49,2479.24,61460346597.1,0,2023-04-04 23:59:59
2023-04-05,2489.18,2500.8,2500.8,2465.77,46265010869.7,0,2023-04-05 23:59:59
2023-04-06,2504.06,2498.3,2521.81,2498.3,43371731593.55,0,2023-04-06 23:59:59
2023-04-07,2504.04,2508.39,2511.95,2491.37,28962641538.35,0,2023-04-07 23:59:59
2023-04-10,2523.2,2547.35,2548.41,2523.2,51000274967.7,0,2023-04-10 23:59:59
2023-04-11,2560.04,2533.69,2577.51,2515.83,82411991848.0,0,2023-04-11 23:59:59
2023-04-12,2538.62,2538.47,2554.77,2520.65,39292795917.3,0,2023-04-12 23:59:59
2023-04-13,2546.98,2544.28,2557.58,2528.06,31298785613.0,0,2023-04-13 23:59:59
2023-04-14,2546.93,2554.85,2554.85,2532.39,33758690384.55,0,2023-04-14 23:59:59
2023-04-17,2572.54,2596.11,2596.45,2572.54,48786704257.95,0,2023-04-17 23:59:59
2023-04-18,2601.34,2615.62,2615.62,2586.05,55299787219.85,0,2023-04-18 23:59:59
2023-04-19,2617.91,2606.55,2629.01,2584.96,75124691893.3,0,2023-04-19 23:59:59
2023-04-20,2600.71,2637.85,2640.78,2565.61,75946446478.25,0,2023-04-20 23:59:59
2023-04-21,2640.99,2639.95,2648.21,2626.94,57200329084.4,0,2023-04-21 23:59:59
2023-04-24,2636.76,2635.43,2651.8,2609.4,39712592822.4,0,2023-04-24 23:59:59
2023-04-25,2639.67,2626.86,2642.12,2619.67,32157208711.0,0,2023-04-25 23:59:59
2023-04-26,2625.62,2620.33,2631.13,2614.98,31901400374.2,0,2023-04-26 23:59:59
2023-04-27,2620.65,2646.18,2646.18,2617.04,58564323144.4,0,2023-04-27 23:59:59
2023-04-28,2653.93,2634.94,2657.9,2608.02,51130716753.3,0,2023-04-28 23:59:59
2023-05-02,2623.29,2580.51,2635.53,2560.09,63970845685.6,0,2023-05-02 23:59:59
2023-05-03,2585.4,2532.42,2586.17,2532.42,54409373737.95,0,2023-05-03 23:59:59
2023-05-04,2524.97,2524.51,2547.2,2524.36,38680596602.8,0,2023-05-04 23:59:59
2023-05-05,2544.47,2538.24,2555.39,2529.08,35453025873.55,0,2023-05-05 23:59:59
2023-05-08,2528.74,2527.59,2538.23,2513.84,20351667294.1,0,2023-05-08 23:59:59
2023-05-10,2483.92,2548.63,2556.67,2483.79,70959379219.55,0,2023-05-10 23:59:59
2023-05-11,2573.41,2595.12,2610.8,2567.98,74640203057.4,0,2023-05-11 23:59:59
2023-05-12,2570.65,2565.17,2584.91,2552.05,37663735250.9,0,2023-05-12 23:59:59
2023-05-15,2581.64,2611.07,2611.71,2581.64,43944338845.4,0,2023-05-15 23:59:59
2023-05-16,2645.94,2633.71,2655.73,2621.59,42646373333.2,0,2023-05-16 23:59:59
2023-05-17,2637.51,2634.48,2646.61,2623.15,38940434444.55,0,2023-05-17 23:59:59
2023-05-18,2650.12,2632.91,2658.57,2624.49,59453341862.7,0,2023-05-18 23:59:59
2023-05-19,2627.59,2626.16,2635.8,2612.47,58915837809.3,0,2023-05-19 23:59:59
2023-05-22,2648.3,2633.26,2652.97,2622.35,47631848454.95,0,2023-05-22 23:59:59
2023-05-23,2641.05,2641.66,2648.69,2607.63,71936165173.9,0,2023-05-23 23:59:59
2023-05-24,2643.73,2654.99,2659.68,2626.43,71756125244.55,0,2023-05-24 23:59:59
2023-05-25,2662.85,2649.98,2663.51,2631.03,66820699399.05,0,2023-05-25 23:59:59
2023-05-26,2650.38,2682.03,2685.14,2645.54,52536425210.15,0,2023-05-26 23:59:59
2023-05-29,2697.46,2732.0,2732.0,2697.46,66140079776.4,0,2023-05-29 23:59:59
2023-05-30,2712.04,2698.75,2748.6,2687.81,90132343989.3,0,2023-05-30 23:59:59
2023-05-31,2698.11,2717.64,2718.27,2676.27,58274293697.45,0,2023-05-31 23:59:59
2023-06-01,2720.21,2721.73,2729.97,2709.33,43398021905.95,0,2023-06-01 23:59:59
2023-06-02,2684.59,2719.48,2720.47,2684.59,66776774006.3,0,2023-06-02 23:59:59
2023-06-05,2726.17,2694.14,2738.82,2679.3,76307627682.0,0,2023-06-05 23:59:59
2023-06-06,2667.76,2681.25,2687.41,2628.0,76433900154.6,0,2023-06-06 23:59:59
2023-06-07,2690.94,2694.69,2711.72,2674.11,55873417951.1,0,2023-06-07 23:59:59
2023-06-08,2693.6,2709.69,2709.69,2688.31,38267334626.35,0,2023-06-08 23:59:59
2023-06-09,2717.2,2708.04,2721.84,2705.24,39244085182.5,0,2023-06-09 23:59:59
2023-06-13,2715.31,2757.28,2757.28,2715.15,52360263412.3,0,2023-06-13 23:59:59
2023-06-14,2777.2,2765.18,2786.06,2758.35,59477469249.1,0,2023-06-14 23:59:59
2023-06-15,2776.77,2800.17,2809.42,2764.89,70674603849.85,0,2023-06-15 23:59:59
2023-06-16,2809.28,2800.79,2813.74,2783.71,46090977475.15,0,2023-06-16 23:59:59
2023-06-19,2808.04,2815.07,2816.57,2783.69,67392787319.35,0,2023-06-19 23:59:59
2023-06-20,2810.14,2803.69,2814.72,2778.0,57147026333.9,0,2023-06-20 23:59:59
2023-06-21,2808.87,2819.3,2821.88,2794.68,45230035006.2,0,2023-06-21 23:59:59
2023-06-22,2817.3,2815.83,2820.43,2805.92,34384928911.25,0,2023-06-22 23:59:59
2023-06-23,2790.04,2795.06,2795.06,2767.82,44229380378.2,0,2023-06-23 23:59:59
2023-06-26,2771.52,2757.13,2784.28,2741.33,55763545917.45,0,2023-06-26 23:59:59
2023-06-27,2759.61,2776.63,2785.33,2743.07,54247868187.05,0,2023-06-27 23:59:59
2023-06-28,2781.1,2780.92,2787.52,2766.93,50203546474.6,0,2023-06-28 23:59:59
2023-06-29,2790.27,2796.41,2804.8,2783.53,45359611884.85,0,2023-06-29 23:59:59
2023-06-30,2796.0,2797.37,2800.12,2779.61,43918551469.5,0,2023-06-30 23:59:59
2023-07-03,2795.58,2793.93,2804.93,2790.81,53480309453.55,0,2023-07-03 23:59:59
2023-07-04,2798.02,2808.22,2808.22,2776.79,50001620295.6,0,2023-07-04 23:59:59
2023-07-05,2795.4,2805.0,2813.76,2795.4,40919409057.8,0,2023-07-05 23:59:59
2023-07-06,2816.74,2819.6,2837.49,2813.38,49025725832.85,0,2023-07-06 23:59:59
2023-07-07,2823.89,2832.51,2832.82,2814.38,35233849809.0,0,2023-07-07 23:59:59
2023-07-10,2838.85,2856.76,2864.32,2838.52,87970608406.8,0,2023-07-10 23:59:59
2023-07-11,2865.64,2860.33,2867.36,2851.01,54684261681.0,0,2023-07-11 23:59:59
2023-07-12,2870.61,2896.83,2897.28,2870.61,49227664370.65,0,2023-07-12 23:59:59
2023-07-13,2899.98,2885.63,2912.15,2873.0,49847140055.9,0,2023-07-13 23:59:59
2023-07-14,2882.96,2902.72,2902.72,2874.44,39987004923.45,0,2023-07-14 23:59:59
2023-07-17,2889.09,2917.61,2917.72,2880.11,53443542845.8,0,2023-07-17 23:59:59
2023-07-18,2923.69,2954.52,2955.81,2922.74,77193330616.55,0,2023-07-18 23:59:59
2023-07-19,2959.41,2943.43,2966.72,2938.66,58857210252.15,0,2023-07-19 23:59:59
2023-07-20,2947.08,2917.48,2947.29,2905.02,61399540098.3,0,2023-07-20 23:59:59
2023-07-21,2890.45,2923.54,2925.54,2889.78,45191958198.35,0,2023-07-21 23:59:59
2023-07-24,2929.23,2937.47,2947.17,2925.1,44299432857.5,0,2023-07-24 23:59:59
2023-07-25,2948.87,2975.36,2975.36,2943.74,53262100574.35,0,2023-07-25 23:59:59
2023-07-26,2974.21,2970.42,2982.47,2954.9,56856463588.0,0,2023-07-26 23:59:59
2023-07-27,2975.52,2987.85,2992.47,2975.52,62041044277.65,0,2023-07-27 23:59:59
2023-07-28,2986.35,3008.61,3008.61,2978.12,52041795977.65,0,2023-07-28 23:59:59
2023-07-31,3026.93,3073.5,3073.5,3026.93,97511677780.55,0,2023-07-31 23:59:59
2023-08-01,3085.97,3093.64,3114.56,3055.25,103557085530.9,0,2023-08-01 23:59:59
2023-08-02,3096.72,3106.46,3123.45,3080.63,67996962269.65,0,2023-08-02 23:59:59
2023-08-03,3111.7,3147.8,3150.28,3094.27,90891719857.2,0,2023-08-03 23:59:59
2023-08-04,3158.53,3092.44,3194.83,3073.69,150969000582.9,0,2023-08-04 23:59:59
2023-08-07,3120.54,3084.08,3153.6,3084.08,72453714916.85,0,2023-08-07 23:59:59
2023-08-08,3077.63,3085.31,3092.54,3026.72,76068844687.75,0,2023-08-08 23:59:59
2023-08-09,3106.03,3099.52,3120.25,3083.77,52718489763.7,0,2023-08-09 23:59:59
2023-08-10,3122.06,3148.86,3148.86,3115.85,76284260011.95,0,2023-08-10 23:59:59
2023-08-11,3158.59,3155.51,3163.47,3138.04,58933369741.8,0,2023-08-11 23:59:59
2023-08-14,3186.47,3131.0,3225.78,3117.31,145236568216.0,0,2023-08-14 23:59:59
2023-08-15,3083.32,3115.25,3163.74,3068.66,101365702525.95,0,2023-08-15 23:59:59
2023-08-16,3109.46,3049.46,3122.34,3015.57,102092119719.0,0,2023-08-16 23:59:59
2023-08-17,3069.81,3059.02,3076.31,3031.73,58197839880.9,0,2023-08-17 23:59:59
2023-08-18,3077.78,3111.22,3111.22,3058.01,52548201795.55,0,2023-08-18 23:59:59
2023-08-21,3139.29,3139.93,3150.61,3122.37,67735783243.5,0,2023-08-21 23:59:59
2023-08-22,3146.42,3164.25,3172.3,3124.19,83064853846.2,0,2023-08-22 23:59:59
2023-08-23,3180.39,3146.2,3184.17,3113.24,77548993173.5,0,2023-08-23 23:59:59
2023-08-24,3117.02,3137.37,3137.37,3108.17,40282143311.7,0,2023-08-24 23:59:59
2023-08-25,3150.03,3157.33,3158.61,3132.07,39505389067.35,0,2023-08-25 23:59:59
2023-08-28,3161.36,3198.72,3202.24,3161.36,63409284339.85,0,2023-08-28 23:59:59
2023-08-29,3205.06,3211.36,3218.4,3191.31,83871175803.25,0,2023-08-29 23:59:59
2023-08-30,3214.11,3212.68,3220.85,3193.18,71358246002.45,0,2023-08-30 23:59:59
2023-08-31,3218.48,3227.99,3234.68,3211.94,69633845179.8,0,2023-08-31 23:59:59
2023-09-01,3230.53,3231.35,3232.92,3214.95,54848329183.4,0,2023-09-01 23:59:59
2023-09-04,3242.49,3268.97,3268.97,3242.4,79115006708.75,0,2023-09-04 23:59:59
2023-09-05,3273.39,3264.43,3287.34,3246.46,69983337336.7,0,2023-09-05 23:59:59
2023-09-06,3270.84,3245.47,3270.84,3236.79,61766334286.2,0,2023-09-06 23:59:59
2023-09-07,3247.9,3169.07,3262.73,3145.25,110748686130.0,0,2023-09-07 23:59:59
2023-09-08,3178.44,3142.88,3188.77,3114.39,73021984581.6,0,2023-09-08 23:59:59
2023-09-11,3145.26,3122.37,3153.61,3106.92,69351105559.2,0,2023-09-11 23:59:59
2023-09-12,3118.14,3165.92,3165.92,3117.7,63830695936.8,0,2023-09-12 23:59:59
2023-09-13,3189.08,3148.32,3191.57,3148.32,49516509449.0,0,2023-09-13 23:59:59
2023-09-14,3144.29,3139.49,3148.5,3072.82,76786367100.8,0,2023-09-14 23:59:59
2023-09-15,3126.57,3152.53,3155.45,3116.72,54277283310.25,0,2023-09-15 23:59:59
2023-09-18,3165.06,3135.18,3177.23,3127.37,56641551167.95,0,2023-09-18 23:59:59
2023-09-19,3134.37,3083.85,3141.38,3054.25,91514235959.0,0,2023-09-19 23:59:59
2023-09-20,3061.18,3068.15,3091.05,3013.75,90455495666.3,0,2023-09-20 23:59:59
2023-09-21,3058.2,3019.22,3062.68,3009.89,75859453170.35,0,2023-09-21 23:59:59
2023-09-22,3009.87,3049.07,3051.69,2988.04,70583117751.2,0,2023-09-22 23:59:59
2023-09-25,3051.85,3045.39,3056.23,3025.89,43799332389.75,0,2023-09-25 23:59:59
2023-09-26,3034.23,3051.91,3051.91,3001.92,52669899315.15,0,2023-09-26 23:59:59
2023-09-27,3053.37,3067.61,3081.41,3052.59,46210933651.7,0,2023-09-27 23:59:59
2023-09-28,3080.81,3108.07,3108.07,3076.64,51682474548.1,0,2023-09-28 23:59:59
2023-09-29,3121.07,3133.26,3141.12,3106.97,66288609362.75,0,2023-09-29 23:59:59
2023-10-02,3141.69,3132.33,3162.53,3125.58,68632430521.25,0,2023-10-02 23:59:59
2023-10-03,3134.45,3143.88,3146.33,3103.63,51722739274.15,0,2023-10-03 23:59:59
2023-10-04,3138.62,3134.25,3154.97,3130.03,43951700148.25,0,2023-10-04 23:59:59
2023-10-05,3126.71,3131.76,3138.5,3112.96,41598507645.55,0,2023-10-05 23:59:59
2023-10-06,3138.87,3144.89,3145.01,3121.0,39498958223.9,0,2023-10-06 23:59:59
2023-10-09,3166.21,3174.02,3185.86,3164.63,56663325565.05,0,2023-10-09 23:59:59
2023-10-10,3175.08,3177.03,3182.08,3162.61,39536045222.55,0,2023-10-10 23:59:59
2023-10-11,3174.99,3194.12,3196.44,3168.29,66537284095.4,0,2023-10-11 23:59:59
2023-10-12,3130.04,3174.66,3178.5,3122.58,62686809843.5,0,2023-10-12 23:59:59
2023-10-13,3182.47,3192.33,3195.23,3176.17,50282533196.45,0,2023-10-13 23:59:59
2023-10-16,3204.81,3234.78,3235.66,3202.94,65853279415.65,0,2023-10-16 23:59:59
2023-10-17,3239.37,3247.15,3252.55,3228.11,72231692204.35,0,2023-10-17 23:59:59
2023-10-18,3252.31,3249.21,3262.54,3225.44,81213914737.85,0,2023-10-18 23:59:59
2023-10-19,3245.26,3255.16,3260.45,3232.16,57371834112.9,0,2023-10-19 23:59:59
2023-10-20,3257.85,3269.27,3269.71,3236.31,69952835836.6,0,2023-10-20 23:59:59
2023-10-23,3271.76,3263.68,3283.8,3248.39,67528634796.15,0,2023-10-23 23:59:59
2023-10-24,3256.29,3265.01,3266.59,3237.08,57858122995.95,0,2023-10-24 23:59:59
2023-10-25,3265.18,3265.28,3269.76,3243.25,59152443940.2,0,2023-10-25 23:59:59
2023-10-26,3272.71,3223.89,3283.49,3221.79,78078874145.6,0,2023-10-26 23:59:59
2023-10-27,3219.49,3224.18,3241.55,3185.84,71864096635.45,0,2023-10-27 23:59:59
2023-10-30,3232.82,3227.07,3246.0,3219.7,46028692095.7,0,2023-10-30 23:59:59
2023-10-31,3221.08,3200.97,3226.88,3176.53,51194409596.6,0,2023-10-31 23:59:59
2023-11-01,3192.96,3206.52,3214.83,3191.34,34173972609.55,0,2023-11-01 23:59:59
2023-11-02,3216.92,3197.22,3228.46,3197.22,44725565876.95,0,2023-11-02 23:59:59
2023-11-03,3207.04,3208.63,3212.81,3182.17,45527115236.0,0,2023-11-03 23:59:59
2023-11-06,3207.47,3235.11,3237.09,3207.1,34621931434.3,0,2023-11-06 23:59:59
2023-11-07,3239.98,3246.34,3246.65,3228.46,43761541279.6,0,2023-11-07 23:59:59
2023-11-08,3238.81,3245.43,3257.32,3233.11,51717129125.9,0,2023-11-08 23:59:59
2023-11-09,3241.5,3239.92,3245.11,3222.34,41676218574.1,0,2023-11-09 23:59:59
2023-11-10,3236.03,3242.06,3246.31,3229.1,45648433667.5,0,2023-11-10 23:59:59
2023-11-13,3241.31,3248.27,3251.74,3235.06,46210068912.2,0,2023-11-13 23:59:59
2023-11-14,3236.48,3212.39,3236.48,3192.32,60536270231.15,0,2023-11-14 23:59:59
2023-11-15,3195.43,3215.11,3221.22,3182.78,51510619170.35,0,2023-11-15 23:59:59
2023-11-16,3209.33,3189.08,3215.93,3184.97,38042327235.65,0,2023-11-16 23:59:59
2023-11-17,3172.78,3206.34,3208.17,3151.95,48876695171.45,0,2023-11-17 23:59:59
2023-11-20,3205.73,3207.36,3216.73,3194.4,39389218372.35,0,2023-11-20 23:59:59
2023-11-21,3198.73,3218.48,3219.11,3193.46,43450662035.45,0,2023-11-21 23:59:59
2023-11-22,3221.9,3230.65,3239.17,3220.37,54706914415.9,0,2023-11-22 23:59:59
2023-11-23,3233.09,3221.05,3238.81,3218.72,38576759503.2,0,2023-11-23 23:59:59
2023-11-24,3223.75,3217.76,3231.77,3203.62,48043285163.85,0,2023-11-24 23:59:59
2023-11-27,3220.25,3191.05,3224.61,3178.2,71973813282.4,0,2023-11-27 23:59:59
2023-11-28,3189.16,3196.36,3197.61,3157.55,54632481094.0,0,2023-11-28 23:59:59
2023-11-29,3196.75,3173.52,3200.33,3173.37,45015233407.45,0,2023-11-29 23:59:59
2023-11-30,3176.5,3165.79,3176.53,3146.53,50537955023.75,0,2023-11-30 23:59:59
2023-12-01,3155.87,3142.29,3162.97,3136.56,40584354460.75,0,2023-12-01 23:59:59
2023-12-04,3123.18,3114.41,3126.55,3096.28,49061478048.15,0,2023-12-04 23:59:59
2023-12-05,3102.3,3129.33,3134.57,3090.31,42213609509.25,0,2023-12-05 23:59:59
2023-12-06,3139.89,3079.5,3146.52,3077.94,59384099103.9,0,2023-12-06 23:59:59
2023-12-07,3065.93,3073.63,3084.5,3041.11,60418731501.35,0,2023-12-07 23:59:59
2023-12-08,3079.88,3079.99,3100.22,3067.46,34691761303.6,0,2023-12-08 23:59:59
2023-12-11,3081.88,3026.17,3082.3,3025.74,69692755380.7,0,2023-12-11 23:59:59
2023-12-12,3020.61,3019.89,3046.81,2992.5,61976749445.1,0,2023-12-12 23:59:59
2023-12-13,3011.99,3032.22,3043.42,3002.38,33872208220.5,0,2023-12-13 23:59:59
2023-12-14,3046.43,3008.84,3057.08,3005.94,38101096671.2,0,2023-12-14 23:59:59
2023-12-15,2959.29,3033.89,3037.29,2959.29,72542573400.3,0,2023-12-15 23:59:59
2023-12-18,3052.14,3076.26,3090.04,3048.82,61960968092.0,0,2023-12-18 23:59:59
2023-12-19,3084.12,3083.64,3091.26,3066.34,50806028979.9,0,2023-12-19 23:59:59
2023-12-20,3091.35,3104.66,3113.92,3088.74,53334930887.35,0,2023-12-20 23:59:59
2023-12-21,3093.46,3073.57,3095.01,3050.0,58423925406.6,0,2023-12-21 23:59:59
2023-12-22,3076.31,3092.58,3102.75,3075.56,59800876920.32,0,2023-12-22 23:59:59
2023-12-25,3095.42,3099.02,3108.14,3086.89,65851286285.35,0,2023-12-25 23:59:59
2023-12-26,3090.39,3094.72,3098.69,3080.92,46286441430.6,0,2023-12-26 23:59:59
2023-12-27,3100.99,3097.49,3112.19,3097.31,50134780900.32,0,2023-12-27 23:59:59
2023-12-28,3099.56,3101.99,3101.99,3081.98,50308124032.2,0,2023-12-28 23:59:59
2023-12-29,3092.66,3099.11,3102.08,3086.26,33360963641.32,0,2023-12-29 23:59:59
2024-01-03,3099.78,3130.23,3132.76,3099.1,25999773751.67,0,2024-01-03 23:59:59
2024-01-04,3140.66,3136.07,3144.25,3133.93,22880636623.45,0,2024-01-04 23:59:59
2024-01-05,3138.27,3136.37,3142.8,3128.16,20822444164.74,0,2024-01-05 23:59:59
2024-01-08,3140.12,3158.58,3158.82,3139.37,35541931860.41,0,2024-01-08 23:59:59
2024-01-09,3156.17,3155.55,3158.72,3143.03,49269572379.41,0,2024-01-09 23:59:59
2024-01-10,3158.35,3164.7,3174.28,3156.44,42849987789.07,0,2024-01-10 23:59:59
2024-01-11,3158.3,3181.25,3181.25,3148.5,75731238106.29,0,2024-01-11 23:59:59
2024-01-12,3182.5,3185.22,3196.98,3176.09,54148316321.9,0,2024-01-12 23:59:59
2024-01-15,3190.62,3184.88,3200.78,3176.73,50735907185.46,0,2024-01-15 23:59:59
2024-01-16,3186.77,3179.45,3187.14,3162.98,50278982619.43,0,2024-01-16 23:59:59
2024-01-17,3174.87,3185.23,3189.26,3169.99,47074341522.51,0,2024-01-17 23:59:59
2024-01-18,3188.71,3178.85,3193.54,3176.72,43119055602.56,0,2024-01-18 23:59:59
2024-01-19,3176.13,3166.37,3179.21,3154.46,45854909733.92,0,2024-01-19 23:59:59
2024-01-22,3161.44,3172.15,3179.11,3157.37,42130512576.53,0,2024-01-22 23:59:59
2024-01-23,3176.19,3175.74,3179.75,3166.66,45044845848.28,0,2024-01-23 23:59:59
2024-01-24,3176.59,3162.41,3183.7,3152.96,46503277369.16,0,2024-01-24 23:59:59
2024-01-25,3163.36,3157.74,3166.95,3143.89,45461201946.99,0,2024-01-25 23:59:59
2024-01-26,3164.55,3163.21,3171.95,3157.76,45979583256.1,0,2024-01-26 23:59:59
2024-01-29,3169.57,3176.61,3184.15,3169.57,46667512330.43,0,2024-01-29 23:59:59
2024-01-30,3181.75,3196.08,3196.15,3178.82,71884614820.82,0,2024-01-30 23:59:59
2024-01-31,3201.48,3214.19,3219.41,3198.83,62393378068.08,0,2024-01-31 23:59:59
2024-02-01,3220.43,3229.89,3233.21,3220.38,56072080314.88,0,2024-02-01 23:59:59
2024-02-02,3229.48,3226.35,3232.35,3215.0,58221436623.55,0,2024-02-02 23:59:59
2024-02-05,3218.91,3226.79,3232.38,3218.91,79772720557.48,0,2024-02-05 23:59:59
2024-02-06,3234.44,3238.4,3238.4,3228.78,47381481665.38,0,2024-02-06 23:59:59
2024-02-07,3240.57,3256.58,3259.24,3240.16,71996364667.13,0,2024-02-07 23:59:59
2024-02-08,3261.18,3241.81,3266.45,3236.79,93017428633.36,0,2024-02-08 23:59:59
2024-02-09,3231.3,3242.38,3242.38,3219.56,49774764900.27,0,2024-02-09 23:59:59
2024-02-12,3241.57,3248.5,3248.5,3227.7,53148275940.8,0,2024-02-12 23:59:59
2024-02-13,3250.3,3254.6,3259.69,3245.02,61252409706.73,0,2024-02-13 23:59:59
2024-02-14,3261.52,3258.14,3267.88,3251.76,61011261936.57,0,2024-02-14 23:59:59
2024-02-15,3249.78,3265.63,3265.83,3238.83,59605264673.06,0,2024-02-15 23:59:59
2024-02-16,3269.84,3242.48,3275.23,3236.42,75952339426.53,0,2024-02-16 23:59:59
2024-02-19,3247.46,3244.56,3253.02,3234.1,53050781619.74,0,2024-02-19 23:59:59
2024-02-20,3236.85,3207.49,3237.34,3206.07,64739998498.75,0,2024-02-20 23:59:59
2024-02-21,3173.01,3139.5,3185.8,3135.8,105014105685.64,0,2024-02-21 23:59:59
2024-02-22,3152.75,3142.3,3166.86,3141.88,66954855491.29,0,2024-02-22 23:59:59
2024-02-26,3186.06,3213.17,3213.17,3186.06,69530002768.27,0,2024-02-26 23:59:59
2024-02-27,3220.26,3208.99,3224.52,3203.58,55160994984.57,0,2024-02-27 23:59:59
2024-02-28,3215.53,3227.05,3240.29,3213.36,61902884647.06,0,2024-02-28 23:59:59
2024-02-29,3233.03,3256.8,3258.14,3224.09,50717302607.49,0,2024-02-29 23:59:59
2024-03-01,3259.0,3266.66,3269.28,3249.69,59649504551.0,0,2024-03-01 23:59:59
2024-03-04,3278.01,3296.75,3298.63,3277.85,86678820262.54,0,2024-03-04 23:59:59
2024-03-05,3305.79,3300.89,3312.41,3283.59,66185929581.91,0,2024-03-05 23:59:59
2024-03-06,3298.86,3310.58,3318.14,3289.25,49425403549.9,0,2024-03-06 23:59:59
2024-03-07,3309.31,3315.68,3317.73,3303.93,42342887170.98,0,2024-03-07 23:59:59
2024-03-11,3329.72,3320.31,3340.37,3318.9,63702584994.11,0,2024-03-11 23:59:59
2024-03-12,3320.18,3332.6,3335.41,3304.49,54192454895.39,0,2024-03-12 23:59:59
2024-03-13,3337.56,3320.68,3343.56,3317.19,60223172466.69,0,2024-03-13 23:59:59
2024-03-14,3314.66,3297.0,3318.49,3287.86,69642224630.18,0,2024-03-14 23:59:59
2024-03-15,3295.15,3300.07,3313.42,3292.13,49159051514.11,0,2024-03-15 23:59:59
2024-03-18,3305.67,3296.3,3313.05,3292.0,87440343638.56,0,2024-03-18 23:59:59
2024-03-19,3293.93,3264.97,3303.52,3254.3,126000973325.8,0,2024-03-19 23:59:59
2024-03-20,3268.87,3267.1,3286.72,3257.72,137291165836.83,0,2024-03-20 23:59:59
2024-03-21,3286.75,3286.69,3297.46,3259.03,108017217102.03,0,2024-03-21 23:59:59
2024-03-22,3289.28,3273.49,3299.19,3260.39,88262062537.11,0,2024-03-22 23:59:59
2024-03-25,3251.24,3281.63,3281.63,3234.95,71511600961.75,0,2024-03-25 23:59:59
2024-03-26,3286.2,3285.54,3291.0,3275.8,59783293439.42,0,2024-03-26 23:59:59
2024-03-27,3291.7,3304.09,3304.09,3280.03,51422673944.24,0,2024-03-27 23:59:59
2024-03-28,3308.26,3312.77,3313.59,3301.52,61649303454.67,0,2024-03-28 23:59:59
2024-03-29,3313.17,3332.53,3332.53,3305.22,59294620380.39,0,2024-03-29 23:59:59
2024-04-01,3343.66,3363.29,3367.34,3343.66,101013487719.6,0,2024-04-01 23:59:59
2024-04-02,3369.32,3371.29,3375.69,3357.55,80210555236.1,0,2024-04-02 23:59:59
2024-04-03,3381.95,3395.59,3397.33,3376.63,86023975807.27,0,2024-04-03 23:59:59
2024-04-04,3399.81,3407.57,3409.62,3392.06,80827897828.97,0,2024-04-04 23:59:59
2024-04-05,3393.2,3395.37,3401.16,3385.42,59263336534.39,0,2024-04-05 23:59:59
2024-04-08,3400.82,3417.38,3423.35,3400.82,72360399146.1,0,2024-04-08 23:59:59
2024-04-09,3423.41,3414.26,3441.18,3408.99,84388299086.8,0,2024-04-09 23:59:59
2024-04-10,3424.75,3439.11,3440.03,3405.46,68204100239.98,0,2024-04-10 23:59:59
2024-04-11,3442.84,3439.53,3455.61,3431.18,53525607759.33,0,2024-04-11 23:59:59
2024-04-12,3448.6,3456.24,3464.0,3446.79,63944927459.55,0,2024-04-12 23:59:59
2024-04-15,3456.38,3472.19,3476.98,3454.06,74215544275.99,0,2024-04-15 23:59:59
2024-04-16,3478.02,3462.94,3479.04,3459.45,66353162008.45,0,2024-04-16 23:59:59
2024-04-17,3469.57,3454.07,3476.72,3443.07,67369551423.54,0,2024-04-17 23:59:59
2024-04-18,3451.37,3455.82,3457.46,3436.95,56908603957.8,0,2024-04-18 23:59:59
2024-04-19,3458.86,3470.88,3475.13,3451.48,54079516423.77,0,2024-04-19 23:59:59
2024-04-22,3468.09,3479.17,3480.21,3460.58,82859286926.77,0,2024-04-22 23:59:59
2024-04-23,3483.26,3439.42,3487.55,3436.83,97852906259.59,0,2024-04-23 23:59:59
2024-04-24,3438.45,3428.93,3445.67,3423.17,59540956724.47,0,2024-04-24 23:59:59
2024-04-25,3429.62,3439.76,3443.74,3427.02,47461288356.07,0,2024-04-25 23:59:59
2024-04-26,3446.39,3449.77,3459.12,3438.06,52160044316.96,0,2024-04-26 23:59:59
2024-04-27,3453.63,3465.85,3467.23,3453.4,49604766719.62,0,2024-04-27 23:59:59
2024-04-29,3468.92,3478.08,3480.47,3467.25,31730535756.28,0,2024-04-29 23:59:59
2024-04-30,3481.29,3469.83,3486.3,3464.86,25464035843.12,0,2024-04-30 23:59:59
2024-05-02,3470.87,3442.83,3477.42,3439.58,56777352917.19,0,2024-05-02 23:59:59
2024-05-03,3443.49,3441.77,3450.43,3424.63,49713350092.54,0,2024-05-03 23:59:59
2024-05-06,3441.7,3436.05,3444.11,3418.47,68474003787.1,0,2024-05-06 23:59:59
2024-05-07,3405.82,3427.61,3428.37,3405.82,62217301713.07,0,2024-05-07 23:59:59
2024-05-08,3431.84,3432.54,3438.75,3430.1,50959000936.27,0,2024-05-08 23:59:59
2024-05-10,3438.5,3449.78,3452.33,3438.5,30875827113.66,0,2024-05-10 23:59:59
2024-05-13,3459.05,3457.11,3465.62,3448.5,62379274951.03,0,2024-05-13 23:59:59
2024-05-14,3465.83,3463.93,3468.28,3457.31,60647234066.33,0,2024-05-14 23:59:59
2024-05-15,3466.35,3470.72,3476.49,3462.86,88168220628.54,0,2024-05-15 23:59:59
2024-05-16,3480.48,3486.26,3490.77,3477.85,64512839673.38,0,2024-05-16 23:59:59
2024-05-17,3495.25,3501.89,3506.91,3490.17,67229233018.49,0,2024-05-17 23:59:59
2024-05-20,3516.4,3468.09,3521.72,3468.09,78261180618.47,0,2024-05-20 23:59:59
2024-05-21,3447.25,3428.38,3460.19,3409.92,90881736070.67,0,2024-05-21 23:59:59
2024-05-22,3433.36,3444.64,3449.43,3433.36,54366679137.33,0,2024-05-22 23:59:59
2024-05-23,3436.81,3442.79,3444.79,3407.41,76066732376.7,0,2024-05-23 23:59:59
2024-05-24,3438.65,3396.5,3442.36,3377.64,83826261455.52,0,2024-05-24 23:59:59
2024-05-27,3384.74,3299.22,3392.99,3298.21,107526898028.24,0,2024-05-27 23:59:59
2024-05-28,3305.11,3302.91,3347.85,3277.48,75451014221.56,0,2024-05-28 23:59:59
2024-05-29,3307.76,3318.03,3323.08,3284.14,63583189080.35,0,2024-05-29 23:59:59
2024-05-30,3332.77,3282.18,3342.59,3275.54,52811203261.99,0,2024-05-30 23:59:59
2024-05-31,3258.52,3217.19,3270.01,3211.19,74789122409.07,0,2024-05-31 23:59:59
2024-06-03,3192.3,3141.42,3217.36,3087.99,134863407059.92,0,2024-06-03 23:59:59
2024-06-04,3160.01,3186.93,3201.53,3138.25,76984017380.19,0,2024-06-04 23:59:59
2024-06-05,3217.63,3212.24,3237.53,3194.73,75207250054.54,0,2024-06-05 23:59:59
2024-06-06,3206.74,3192.38,3215.99,3178.21,46866503991.39,0,2024-06-06 23:59:59
2024-06-07,3199.75,3233.22,3268.89,3193.57,91086045033.89,0,2024-06-07 23:59:59
2024-06-10,3245.4,3180.94,3255.49,3180.21,69816938309.06,0,2024-06-10 23:59:59
2024-06-11,3178.71,3171.1,3191.27,3148.22,71342883847.77,0,2024-06-11 23:59:59
2024-06-13,3050.03,3171.69,3178.01,3032.05,99225234409.93,0,2024-06-13 23:59:59
2024-06-14,3171.78,3215.91,3219.65,3160.17,61274525935.76,0,2024-06-14 23:59:59
2024-06-17,3219.29,3183.68,3221.84,3183.68,53695026325.72,0,2024-06-17 23:59:59
2024-06-18,3171.38,3114.15,3176.01,3109.09,64497869312.31,0,2024-06-18 23:59:59
2024-06-19,3104.22,3027.47,3107.39,3015.84,96431284649.27,0,2024-06-19 23:59:59
2024-06-20,3034.39,3123.43,3123.43,2996.44,178667728065.76,0,2024-06-20 23:59:59
2024-06-21,3126.25,3114.35,3141.25,3096.63,57321266627.99,0,2024-06-21 23:59:59
2024-06-24,3109.22,3098.05,3127.64,3092.83,53508936465.92,0,2024-06-24 23:59:59
2024-06-25,3097.98,3111.39,3112.82,3074.51,48098553363.25,0,2024-06-25 23:59:59
2024-06-26,3129.01,3151.7,3156.02,3127.65,61467099536.88,0,2024-06-26 23:59:59
2024-06-27,3154.58,3150.32,3158.4,3122.08,57459869444.9,0,2024-06-27 23:59:59
2024-06-28,3150.22,3154.36,3165.31,3141.37,49111799880.19,0,2024-06-28 23:59:59
2024-07-01,3160.7,3186.19,3186.76,3153.93,52689785699.36,0,2024-07-01 23:59:59
2024-07-02,3199.03,3217.29,3221.5,3190.18,64108022119.4,0,2024-07-02 23:59:59
2024-07-03,3219.11,3203.07,3226.16,3196.31,66528489246.6,0,2024-07-03 23:59:59
2024-07-04,3190.58,3133.81,3195.67,3123.92,67804642568.03,0,2024-07-04 23:59:59
2024-07-05,3131.87,3149.29,3158.83,3103.49,78455302897.41,0,2024-07-05 23:59:59
2024-07-08,3159.18,3132.58,3174.42,3122.91,57833893115.34,0,2024-07-08 23:59:59
2024-07-09,3123.91,3054.07,3124.74,3050.05,82095715825.29,0,2024-07-09 23:59:59
2024-07-10,3044.66,2975.75,3056.98,2967.45,104732266214.36,0,2024-07-10 23:59:59
2024-07-11,2908.02,2992.21,2996.34,2901.61,124876150388.24,0,2024-07-11 23:59:59
2024-07-12,3004.64,2973.21,3022.0,2957.91,71455309280.41,0,2024-07-12 23:59:59
2024-07-15,2986.32,2913.48,2994.45,2910.48,81299673295.8,0,2024-07-15 23:59:59
2024-07-16,2914.0,2944.86,2962.11,2879.23,105077148856.9,0,2024-07-16 23:59:59
2024-07-17,2963.21,2947.24,2984.15,2938.47,76001368591.84,0,2024-07-17 23:59:59
2024-07-18,2922.77,2980.62,2980.62,2908.07,72509100456.96,0,2024-07-18 23:59:59
2024-07-19,2988.27,3008.24,3024.88,2974.62,76586341501.8,0,2024-07-19 23:59:59
2024-07-22,3023.1,3024.54,3042.14,3010.15,67161764469.53,0,2024-07-22 23:59:59
2024-07-23,3032.53,3028.01,3033.18,3003.69,49765369487.69,0,2024-07-23 23:59:59
2024-07-24,3029.12,3051.76,3054.34,3015.78,54541834247.66,0,2024-07-24 23:59:59
2024-07-25,3044.6,3041.37,3045.7,3019.61,45402898686.65,0,2024-07-25 23:59:59
2024-07-26,3034.31,2993.23,3060.68,2972.53,117295728436.57,0,2024-07-26 23:59:59
2024-07-29,2979.43,2906.95,2979.43,2906.95,80012163595.47,0,2024-07-29 23:59:59
2024-07-30,2906.66,2944.78,2951.66,2895.25,72640227262.16,0,2024-07-30 23:59:59
2024-07-31,2952.19,2942.68,2961.7,2927.05,54526753602.44,0,2024-07-31 23:59:59
2024-08-01,2950.86,2935.69,2966.66,2935.69,38981478051.05,0,2024-08-01 23:59:59
2024-08-02,2927.77,2899.0,2932.16,2887.3,51177304095.63,0,2024-08-02 23:59:59
2024-08-05,2859.12,2828.72,2868.46,2807.05,94554388275.77,0,2024-08-05 23:59:59
2024-08-06,2839.41,2830.75,2863.45,2814.15,56190154161.13,0,2024-08-06 23:59:59
2024-08-07,2840.21,2874.94,2875.45,2803.47,72944968965.92,0,2024-08-07 23:59:59
2024-08-08,2877.8,2852.51,2888.1,2846.93,50925758473.76,0,2024-08-08 23:59:59
2024-08-09,2841.82,2848.29,2867.29,2829.72,34210258006.59,0,2024-08-09 23:59:59
2024-08-12,2840.33,2844.77,2858.96,2814.58,52648616171.28,0,2024-08-12 23:59:59
2024-08-13,2858.93,2884.6,2895.28,2858.93,53550433182.7,0,2024-08-13 23:59:59
2024-08-14,2894.3,2871.11,2908.63,2867.64,55379302091.44,0,2024-08-14 23:59:59
2024-08-15,2865.45,2838.11,2868.24,2835.69,42770537783.08,0,2024-08-15 23:59:59
2024-08-16,2838.78,2828.2,2847.32,2825.12,35419838940.4,0,2024-08-16 23:59:59
2024-08-19,2819.72,2775.64,2826.24,2775.64,65134610086.68,0,2024-08-19 23:59:59
2024-08-20,2780.43,2768.42,2799.85,2749.26,76630352630.9,0,2024-08-20 23:59:59
2024-08-21,2771.15,2768.14,2783.44,2744.51,73178443981.36,0,2024-08-21 23:59:59
2024-08-22,2774.49,2725.75,2786.76,2725.47,92476656421.35,0,2024-08-22 23:59:59
2024-08-23,2718.11,2662.47,2729.27,2650.19,110196674146.95,0,2024-08-23 23:59:59
2024-08-26,2746.97,2763.75,2795.47,2726.98,99653396406.07,0,2024-08-26 23:59:59
2024-08-27,2784.24,2730.38,2800.0,2726.48,73047883312.0,0,2024-08-27 23:59:59
2024-08-28,2729.72,2699.98,2729.72,2664.3,94586429599.75,0,2024-08-28 23:59:59
2024-08-29,2714.44,2708.27,2723.5,2679.43,85021074135.97,0,2024-08-29 23:59:59
2024-08-30,2717.68,2650.32,2724.53,2641.08,84958860158.53,0,2024-08-30 23:59:59
2024-09-02,2622.55,2545.07,2627.58,2540.49,108326589865.18,0,2024-09-02 23:59:59
2024-09-03,2552.32,2524.38,2603.01,2512.7,117741356417.71,0,2024-09-03 23:59:59
2024-09-04,2539.4,2605.15,2605.15,2534.21,76906287998.23,0,2024-09-04 23:59:59
2024-09-05,2631.33,2621.62,2662.0,2607.52,94482305833.58,0,2024-09-05 23:59:59
2024-09-06,2619.23,2623.37,2648.38,2604.67,59440728924.85,0,2024-09-06 23:59:59
2024-09-09,2642.31,2703.17,2703.58,2642.31,71836158678.05,0,2024-09-09 23:59:59
2024-09-10,2722.13,2671.38,2729.73,2667.06,68662304754.42,0,2024-09-10 23:59:59
2024-09-11,2675.16,2668.03,2690.58,2657.77,44925881232.74,0,2024-09-11 23:59:59
2024-09-12,2656.31,2615.0,2656.31,2603.81,63903593629.84,0,2024-09-12 23:59:59
2024-09-13,2629.31,2678.99,2682.16,2582.79,122001987216.4,0,2024-09-13 23:59:59
2024-09-16,2696.66,2744.2,2746.11,2685.38,83013075200.0,0,2024-09-16 23:59:59
2024-09-17,2753.2,2774.04,2780.24,2726.91,79582960417.52,0,2024-09-17 23:59:59
2024-09-18,2776.38,2751.73,2784.15,2742.48,69307069306.58,0,2024-09-18 23:59:59
2024-09-19,2746.41,2758.91,2777.93,2735.67,70338853740.8,0,2024-09-19 23:59:59
2024-09-20,2760.12,2782.35,2795.72,2760.12,60484298738.62,0,2024-09-20 23:59:59
2024-09-23,2797.0,2819.87,2832.22,2797.0,82240145601.76,0,2024-09-23 23:59:59
2024-09-24,2849.0,2871.96,2871.96,2822.19,113461496980.82,0,2024-09-24 23:59:59
2024-09-25,2878.59,2830.11,2887.68,2829.75,109827272627.75,0,2024-09-25 23:59:59
2024-09-26,2819.74,2829.65,2847.78,2807.3,85196945380.32,0,2024-09-26 23:59:59
2024-09-27,2838.11,2858.56,2861.95,2826.89,59513508934.87,0,2024-09-27 23:59:59
2024-09-30,2861.37,2857.56,2889.87,2841.3,95737568417.04,0,2024-09-30 23:59:59
2024-10-01,2831.17,2814.19,2837.42,2792.21,98224295179.5,0,2024-10-01 23:59:59
2024-10-02,2823.42,2766.79,2838.77,2766.79,84560332899.84,0,2024-10-02 23:59:59
2024-10-03,2767.51,2782.39,2790.98,2739.92,87671468722.59,0,2024-10-03 23:59:59
2024-10-04,2799.96,2804.62,2818.12,2789.94,56229804004.11,0,2024-10-04 23:59:59
2024-10-07,2807.85,2793.84,2817.45,2779.34,54269115201.06,0,2024-10-07 23:59:59
2024-10-08,2786.58,2788.37,2799.3,2774.74,51851658333.37,0,2024-10-08 23:59:59
2024-10-09,2787.38,2748.81,2790.14,2748.81,57169478963.14,0,2024-10-09 23:59:59
2024-10-10,2754.16,2761.54,2775.86,2752.24,46545077193.42,0,2024-10-10 23:59:59
2024-10-11,2758.11,2754.52,2763.0,2737.96,47511181067.78,0,2024-10-11 23:59:59
2024-10-14,2744.93,2773.36,2788.18,2723.3,79902621806.91,0,2024-10-14 23:59:59
2024-10-15,2774.56,2805.79,2810.13,2766.79,58693120361.44,0,2024-10-15 23:59:59
2024-10-16,2805.98,2783.46,2827.15,2781.28,64909278303.74,0,2024-10-16 23:59:59
2024-10-17,2786.82,2763.53,2795.14,2763.53,50966828617.82,0,2024-10-17 23:59:59
2024-10-18,2756.3,2751.9,2770.45,2744.36,51860633640.68,0,2024-10-18 23:59:59
2024-10-21,2759.58,2767.71,2779.73,2759.58,56778263660.35,0,2024-10-21 23:59:59
2024-10-22,2772.23,2755.19,2783.82,2754.08,51686245338.62,0,2024-10-22 23:59:59
2024-10-23,2749.53,2734.93,2755.22,2730.49,58973318264.93,0,2024-10-23 23:59:59
2024-10-24,2723.04,2718.42,2730.58,2690.83,59473925689.49,0,2024-10-24 23:59:59
2024-10-25,2723.01,2660.36,2751.23,2657.31,122703298567.75,0,2024-10-25 23:59:59
2024-10-28,2635.95,2575.06,2652.12,2570.2,107753511272.85,0,2024-10-28 23:59:59
2024-10-29,2582.29,2599.66,2612.94,2557.65,84296601420.53,0,2024-10-29 23:59:59
2024-10-30,2608.5,2615.38,2631.8,2592.15,63201741080.99,0,2024-10-30 23:59:59
2024-10-31,2582.47,2560.2,2593.11,2551.2,71471789145.84,0,2024-10-31 23:59:59
2024-11-01,2562.49,2574.71,2581.47,2541.82,69804796929.25,0,2024-11-01 23:59:59
2024-11-02,2579.11,2594.38,2603.1,2579.11,35242560105.29,0,2024-11-02 23:59:59
2024-11-05,2614.13,2616.51,2624.13,2600.48,47706690692.71,0,2024-11-05 23:59:59
2024-11-06,2676.85,2662.87,2712.29,2650.6,136880845463.0,0,2024-11-06 23:59:59
2024-11-07,2662.87,2690.63,2693.93,2633.59,75952754512.47,0,2024-11-07 23:59:59
2024-11-08,2721.64,2734.56,2749.62,2713.5,91380332226.12,0,2024-11-08 23:59:59
2024-11-11,2782.97,2785.31,2797.94,2765.18,117885566768.21,0,2024-11-11 23:59:59
2024-11-12,2779.92,2756.76,2779.92,2747.76,76121460720.21,0,2024-11-12 23:59:59
2024-11-13,2748.61,2763.99,2771.67,2740.17,72750219157.41,0,2024-11-13 23:59:59
2024-11-14,2740.53,2697.47,2740.53,2694.56,72939358165.15,0,2024-11-14 23:59:59
2024-11-15,2703.67,2739.21,2740.08,2697.44,67367423375.4,0,2024-11-15 23:59:59
2024-11-18,2703.31,2720.77,2729.49,2687.45,94834420304.36,0,2024-11-18 23:59:59
2024-11-19,2713.73,2630.51,2716.38,2623.59,118720117088.93,0,2024-11-19 23:59:59
2024-11-20,2640.09,2596.89,2665.79,2596.06,92951735017.04,0,2024-11-20 23:59:59
2024-11-21,2596.85,2568.6,2606.14,2557.54,106854126928.31,0,2024-11-21 23:59:59
2024-11-22,2617.66,2581.05,2628.5,2577.0,86859377531.06,0,2024-11-22 23:59:59
2024-11-25,2583.42,2530.69,2592.89,2517.58,90550582870.33,0,2024-11-25 23:59:59
2024-11-26,2521.89,2464.35,2544.83,2455.47,130236296225.19,0,2024-11-26 23:59:59
2024-11-27,2468.73,2491.88,2512.59,2426.02,167846867706.32,0,2024-11-27 23:59:59
2024-11-28,2530.87,2547.88,2560.55,2502.0,112723609734.02,0,2024-11-28 23:59:59
2024-11-29,2546.13,2578.0,2581.88,2533.99,106300055910.89,0,2024-11-29 23:59:59
2024-12-02,2584.19,2586.74,2600.28,2578.52,81910300544.3,0,2024-12-02 23:59:59
2024-12-03,2585.34,2539.64,2588.87,2523.54,77669897357.02,0,2024-12-03 23:59:59
2024-12-04,2538.24,2485.62,2555.99,2482.37,86617126357.72,0,2024-12-04 23:59:59
2024-12-05,2473.75,2510.83,2525.45,2438.84,115562958918.94,0,2024-12-05 23:59:59
2024-12-06,2527.04,2536.23,2552.6,2505.9,89323737028.4,0,2024-12-06 23:59:59
2024-12-09,2548.08,2572.89,2586.31,2543.94,73923620135.87,0,2024-12-09 23:59:59
2024-12-10,2570.01,2522.75,2570.01,2515.76,78006621722.54,0,2024-12-10 23:59:59
2024-12-11,2514.78,2512.54,2531.95,2499.82,62860892861.29,0,2024-12-11 23:59:59
2024-12-12,2526.66,2492.63,2548.06,2488.08,70292788307.46,0,2024-12-12 23:59:59
2024-12-13,2478.78,2485.2,2487.42,2466.73,57518220727.43,0,2024-12-13 23:59:59
2024-12-16,2474.62,2420.3,2474.62,2419.57,74593167173.6,0,2024-12-16 23:59:59
2024-12-17,2391.49,2377.15,2414.17,2370.28,70220415247.65,0,2024-12-17 23:59:59
2024-12-18,2394.47,2409.35,2410.19,2380.5,57219052976.57,0,2024-12-18 23:59:59
2024-12-19,2428.56,2416.45,2468.98,2410.22,140860957167.26,0,2024-12-19 23:59:59
2024-12-20,2420.45,2638.42,2652.58,2419.65,241593379841.51,0,2024-12-20 23:59:59
2024-12-23,2668.72,2702.48,2738.7,2658.64,195245804128.16,0,2024-12-23 23:59:59
2024-12-24,2710.92,2690.96,2722.65,2678.86,122949136551.27,0,2024-12-24 23:59:59
2024-12-25,2680.25,2732.83,2751.11,2666.38,147108448115.16,0,2024-12-25 23:59:59
2024-12-26,2749.49,2766.57,2776.33,2738.31,109309247206.51,0,2024-12-26 23:59:59
2024-12-27,2754.56,2757.45,2766.03,2743.18,73072352135.11,0,2024-12-27 23:59:59
2024-12-28,2763.48,2786.67,2798.49,2763.48,78817484706.07,0,2024-12-28 23:59:59
2024-12-30,2809.12,2883.04,2883.04,2809.12,83424690079.4,0,2024-12-30 23:59:59
2025-01-03,2892.64,2828.5,2898.71,2815.2,66657301223.25,0,2025-01-03 23:59:59
2025-01-06,2813.32,2816.26,2822.34,2794.2,44096480741.07,0,2025-01-06 23:59:59
2025-01-08,2814.88,2840.79,2847.49,2813.39,45261512388.75,0,2025-01-08 23:59:59
2025-01-09,2841.61,2773.12,2853.96,2768.58,104232759034.68,0,2025-01-09 23:59:59
2025-01-10,2767.27,2824.59,2843.34,2744.58,156138465906.66,0,2025-01-10 23:59:59
2025-01-13,2852.31,2866.11,2882.49,2835.12,143088428936.74,0,2025-01-13 23:59:59
2025-01-14,2847.36,2859.51,2881.79,2828.41,101094744723.59,0,2025-01-14 23:59:59
2025-01-15,2867.93,2842.96,2879.64,2838.59,72617602967.54,0,2025-01-15 23:59:59
2025-01-16,2893.67,2911.29,2929.28,2892.47,110681339886.9,0,2025-01-16 23:59:59
2025-01-17,2905.26,2945.52,2949.7,2893.16,112324572443.12,0,2025-01-17 23:59:59
2025-01-20,2974.56,2929.55,2983.3,2918.34,142165381310.62,0,2025-01-20 23:59:59
2025-01-21,2918.08,2934.71,2937.32,2884.94,90754857266.51,0,2025-01-21 23:59:59
2025-01-22,2944.63,2972.62,2972.83,2924.74,93131294269.36,0,2025-01-22 23:59:59
2025-01-23,2942.62,2926.1,2944.4,2910.26,73776565458.26,0,2025-01-23 23:59:59
2025-01-24,2953.18,2947.94,2969.31,2933.71,100588799910.2,0,2025-01-24 23:59:59
2025-01-27,2942.45,2891.39,2946.36,2885.49,74492100551.63,0,2025-01-27 23:59:59
2025-01-28,2890.62,2931.97,2934.65,2866.81,85802124548.44,0,2025-01-28 23:59:59
2025-01-29,2930.86,2950.68,2957.64,2925.49,70527538069.17,0,2025-01-29 23:59:59
2025-01-30,2947.03,2967.47,2967.47,2940.3,75310370495.61,0,2025-01-30 23:59:59
2025-01-31,2984.99,2948.1,2995.45,2940.12,95237925481.19,0,2025-01-31 23:59:59
2025-02-03,2933.84,2926.17,2942.79,2912.51,70297603872.9,0,2025-02-03 23:59:59
2025-02-04,2942.35,2917.71,2947.7,2907.31,61369588030.87,0,2025-02-04 23:59:59
2025-02-05,2902.15,2930.56,2936.42,2889.87,92218323516.4,0,2025-02-05 23:59:59
2025-02-06,2962.02,2970.12,2984.89,2949.69,114890298124.4,0,2025-02-06 23:59:59
2025-02-07,2982.88,2966.53,2985.36,2958.04,69576280125.03,0,2025-02-07 23:59:59
2025-02-10,2991.99,3012.39,3020.01,2982.39,94344530914.86,0,2025-02-10 23:59:59
2025-02-11,2992.37,3018.02,3019.61,2982.61,88785519420.91,0,2025-02-11 23:59:59
2025-02-12,3040.72,3025.63,3059.35,3020.6,114304859366.13,0,2025-02-12 23:59:59
2025-02-13,3226.02,3206.97,3247.68,3144.12,243307598683.45,0,2025-02-13 23:59:59
2025-02-14,3265.12,3185.0,3288.32,3150.82,266220027377.51,0,2025-02-14 23:59:59
2025-02-17,3255.81,3308.41,3316.76,3244.8,149874317761.62,0,2025-02-17 23:59:59
2025-02-18,3314.88,3258.76,3333.38,3252.74,191407327762.31,0,2025-02-18 23:59:59
2025-02-19,3273.05,3270.64,3287.75,3221.53,98152313600.56,0,2025-02-19 23:59:59
2025-02-20,3294.54,3292.62,3325.5,3277.51,105288740039.46,0,2025-02-20 23:59:59
2025-02-21,3310.03,3283.29,3320.05,3258.82,94601047430.17,0,2025-02-21 23:59:59
2025-02-24,3310.75,3303.63,3316.42,3272.99,87195616629.4,0,2025-02-24 23:59:59
2025-02-25,3362.15,3326.14,3371.06,3320.24,139815174833.9,0,2025-02-25 23:59:59
2025-02-26,3338.4,3276.0,3339.41,3233.39,134684772736.37,0,2025-02-26 23:59:59
2025-02-27,3249.63,3232.65,3261.13,3190.72,101069017703.52,0,2025-02-27 23:59:59
2025-02-28,3199.93,3200.48,3210.07,3149.37,112667204934.97,0,2025-02-28 23:59:59
2025-03-03,3189.81,3145.73,3191.13,3127.69,100920807836.72,0,2025-03-03 23:59:59
2025-03-04,3201.83,3241.63,3246.09,3194.28,117348109688.78,0,2025-03-04 23:59:59
2025-03-05,3242.44,3263.62,3282.15,3231.3,98511631176.97,0,2025-03-05 23:59:59
2025-03-06,3230.89,3207.7,3234.26,3188.78,93757729908.38,0,2025-03-06 23:59:59
2025-03-07,3229.51,3166.88,3249.0,3160.45,142723090989.53,0,2025-03-07 23:59:59
2025-03-10,3224.63,3200.81,3226.58,3195.24,69032353836.65,0,2025-03-10 23:59:59
2025-03-11,3193.02,3200.95,3215.06,3178.42,64260658116.68,0,2025-03-11 23:59:59
2025-03-12,3185.44,3183.97,3194.93,3160.01,60401903976.43,0,2025-03-12 23:59:59
2025-03-13,3149.33,3121.57,3160.37,3100.06,102817873366.44,0,2025-03-13 23:59:59
2025-03-14,3158.4,3195.08,3200.36,3135.0,78071920208.37,0,2025-03-14 23:59:59
2025-03-17,3249.15,3245.19,3257.33,3213.42,88624476635.89,0,2025-03-17 23:59:59
2025-03-18,3263.17,3257.49,3280.09,3227.47,96079300643.0,0,2025-03-18 23:59:59
2025-03-19,3213.51,3229.79,3236.47,3192.85,75790117136.46,0,2025-03-19 23:59:59
2025-03-20,3238.0,3223.14,3240.5,3180.46,116657266147.77,0,2025-03-20 23:59:59
2025-03-21,3218.29,3191.61,3237.19,3191.61,73605212102.86,0,2025-03-21 23:59:59
2025-03-24,3201.66,3178.66,3202.62,3171.13,58379660296.14,0,2025-03-24 23:59:59
2025-03-25,3186.87,3164.62,3194.43,3122.61,83460154708.66,0,2025-03-25 23:59:59
2025-03-26,3195.03,3146.31,3200.02,3143.65,47013734996.69,0,2025-03-26 23:59:59
2025-03-27,3120.47,3083.99,3124.32,3076.04,76693759579.93,0,2025-03-27 23:59:59
2025-03-28,3055.81,3025.65,3082.26,3001.62,106840287422.91,0,2025-03-28 23:59:59
2025-03-31,3008.6,3013.36,3031.6,2970.94,77261451789.14,0,2025-03-31 23:59:59
2025-04-01,3032.41,2964.43,3044.23,2952.04,87837840799.21,0,2025-04-01 23:59:59
2025-04-02,2919.67,2926.39,2958.4,2917.94,71073875809.44,0,2025-04-02 23:59:59
2025-04-03,2957.64,2859.58,2972.49,2853.76,91410802984.29,0,2025-04-03 23:59:59
2025-04-04,2886.61,2781.97,2902.62,2778.43,130180406467.06,0,2025-04-04 23:59:59
2025-04-07,2648.09,2729.89,2791.28,2646.7,165631517212.63,0,2025-04-07 23:59:59
2025-04-08,2775.78,2746.41,2780.46,2727.98,74147241560.1,0,2025-04-08 23:59:59
2025-04-09,2689.77,2650.69,2707.15,2598.85,123796927496.61,0,2025-04-09 23:59:59
2025-04-10,2790.31,2764.28,2801.19,2742.48,90685181557.81,0,2025-04-10 23:59:59
2025-04-11,2825.03,2829.92,2839.28,2800.69,77171023243.24,0,2025-04-11 23:59:59
2025-04-14,2848.99,2819.69,2856.63,2806.95,56665018668.12,0,2025-04-14 23:59:59
2025-04-15,2824.64,2805.55,2836.0,2788.26,52949212576.47,0,2025-04-15 23:59:59
2025-04-16,2801.01,2861.83,2870.39,2790.7,62512374743.03,0,2025-04-16 23:59:59
2025-04-17,2863.2,2865.32,2884.76,2844.33,63291965849.84,0,2025-04-17 23:59:59
2025-04-18,2881.79,2872.77,2892.01,2825.41,72357256442.12,0,2025-04-18 23:59:59
2025-04-21,2881.23,2922.46,2929.91,2880.01,67846215313.78,0,2025-04-21 23:59:59
2025-04-22,2945.13,2954.49,2954.49,2914.37,71092225646.54,0,2025-04-22 23:59:59
2025-04-23,2929.78,2943.23,2946.43,2900.32,74895269542.48,0,2025-04-23 23:59:59
2025-04-24,2961.81,2944.43,2973.99,2934.79,56240325645.52,0,2025-04-24 23:59:59
2025-04-25,2962.11,3006.14,3009.48,2956.8,101002756950.9,0,2025-04-25 23:59:59
2025-04-28,3009.92,3034.3,3053.15,2979.14,142384838969.73,0,2025-04-28 23:59:59
2025-04-29,2994.64,2957.66,2998.68,2955.18,67941933900.17,0,2025-04-29 23:59:59
2025-04-30,2923.86,2918.47,2954.21,2887.83,83173583444.46,0,2025-04-30 23:59:59
2025-05-02,2872.87,2836.7,2877.83,2835.04,35546665389.24,0,2025-05-02 23:59:59
2025-05-05,2810.36,2738.8,2821.54,2731.74,69987769909.13,0,2025-05-05 23:59:59
2025-05-06,2740.17,2820.07,2826.61,2738.5,70341297565.96,0,2025-05-06 23:59:59
2025-05-07,2807.12,2833.09,2845.14,2790.14,58928692210.85,0,2025-05-07 23:59:59
2025-05-08,2864.76,2850.93,2873.66,2834.59,39773463974.6,0,2025-05-08 23:59:59
2025-05-12,2936.83,2930.17,2947.07,2904.77,59831950649.59,0,2025-05-12 23:59:59
2025-05-13,2941.74,2935.53,2941.93,2911.05,44273566802.89,0,2025-05-13 23:59:59
2025-05-14,2917.17,2924.21,2946.37,2909.54,40661268655.02,0,2025-05-14 23:59:59
2025-05-15,2875.03,2840.05,2877.46,2823.19,69588591440.84,0,2025-05-15 23:59:59
2025-05-16,2848.05,2840.34,2876.67,2781.0,93558691080.35,0,2025-05-16 23:59:59
2025-05-19,2879.77,2882.63,2893.56,2862.6,39326563680.63,0,2025-05-19 23:59:59
2025-05-20,2859.26,2823.42,2862.0,2823.42,39769524063.87,0,2025-05-20 23:59:59
2025-05-21,2833.08,2809.58,2844.04,2806.38,47379328607.95,0,2025-05-21 23:59:59
2025-05-22,2784.81,2792.16,2809.47,2756.04,79283281484.76,0,2025-05-22 23:59:59
2025-05-23,2779.56,2770.1,2790.29,2762.67,40903464636.02,0,2025-05-23 23:59:59
2025-05-26,2735.78,2699.84,2738.27,2699.84,48164875027.23,0,2025-05-26 23:59:59
2025-05-27,2718.11,2736.75,2740.05,2705.78,51811655333.26,0,2025-05-27 23:59:59
2025-05-28,2754.0,2785.2,2799.5,2747.96,71681222468.08,0,2025-05-28 23:59:59
2025-05-29,2811.66,2809.94,2839.97,2800.93,45009849636.55,0,2025-05-29 23:59:59
2025-05-30,2814.06,2828.83,2837.85,2793.15,55208172949.3,0,2025-05-30 23:59:59
2025-06-02,2795.02,2829.67,2830.55,2770.04,65727573139.91,0,2025-06-02 23:59:59
2025-06-03,2817.23,2834.06,2835.39,2807.63,60948043582.13,0,2025-06-03 23:59:59
2025-06-04,2854.36,2836.64,2871.78,2825.52,80568418214.68,0,2025-06-04 23:59:59
2025-06-05,2853.2,2856.61,2858.23,2837.61,40450527964.88,0,2025-06-05 23:59:59
2025-06-06,2856.63,2786.16,2910.52,2784.0,154530227785.08,0,2025-06-06 23:59:59
2025-06-09,2767.94,2737.76,2778.4,2733.75,51603508942.69,0,2025-06-09 23:59:59
2025-06-10,2762.46,2722.37,2767.14,2702.29,55508204389.53,0,2025-06-10 23:59:59
2025-06-11,2719.6,2733.2,2742.45,2718.98,41462363496.51,0,2025-06-11 23:59:59
2025-06-13,2732.21,2750.32,2762.76,2732.2,30849957540.22,0,2025-06-13 23:59:59
2025-06-16,2758.97,2737.83,2767.51,2731.24,48522580799.06,0,2025-06-16 23:59:59
2025-06-17,2737.85,2788.94,2791.03,2730.27,49557369072.27,0,2025-06-17 23:59:59
2025-06-18,2799.02,2791.83,2807.34,2779.68,46739818362.12,0,2025-06-18 23:59:59
2025-06-19,2793.74,2783.81,2800.14,2761.76,57804054062.32,0,2025-06-19 23:59:59
2025-06-20,2776.11,2751.04,2781.08,2748.57,51538481562.4,0,2025-06-20 23:59:59
2025-06-23,2753.6,2759.67,2768.93,2736.41,45783765846.24,0,2025-06-23 19:01:13
2025-06-24,2726.43,2744.95,2747.9,2715.79,47521354595.73,0,2025-06-24 19:01:13
2025-06-25,2762.61,2790.78,2790.78,2759.92,48303135160.49,0,2025-06-25 19:01:13
2025-06-26,2794.0,2797.27,2803.45,2780.49,38331797758.76,0,2025-06-26 19:01:08
2025-06-27,2790.67,2806.11,2814.29,2778.57,45799679868.73,0,2025-06-27 19:01:13
2025-06-30,2818.98,2847.38,2847.38,2806.49,66484573184.81,0,2025-06-30 19:01:12
2025-07-01,2854.04,2848.44,2858.55,2837.12,69425672392.96,0,2025-07-01 19:01:12
2025-07-02,2838.45,2815.26,2840.66,2810.0,63635726178.04,0,2025-07-02 19:01:13
2025-07-03,2821.21,2823.34,2840.13,2812.07,77723857740.59,0,2025-07-03 19:40:18
2025-07-04,2808.3,2801.65,2821.15,2788.9,45863630117.59,0,2025-07-04 19:01:08
2025-07-07,2786.06,2756.14,2788.67,2753.69,46525801142.75,0,2025-07-07 19:01:13
2025-07-08,2748.19,2755.58,2764.75,2738.75,50788012422.24,0,2025-07-08 19:01:13
2025-07-09,2733.01,2696.45,2735.07,2684.87,64573723902.36,0,2025-07-09 19:38:32
2025-07-10,2724.64,2732.45,2735.15,2705.98,53613145970.75,0,2025-07-10 19:01:08
2025-07-11,2705.46,2642.02,2707.82,2638.08,81023378446.44,0,2025-07-11 19:01:08
2025-07-14,2616.31,2714.14,2722.53,2616.03,81246713321.75,0,2025-07-14 19:01:13
2025-07-15,2750.37,2756.95,2761.82,2734.8,64553644858.12,0,2025-07-15 19:01:08
2025-07-16,2758.65,2777.16,2784.82,2747.82,62784837821.98,0,2025-07-16 19:01:08
2025-07-17,2787.8,2761.48,2788.3,2754.86,71686135900.71,0,2025-07-17 19:01:13
2025-07-18,2758.28,2784.63,2789.39,2715.11,100404687263.68,0,2025-07-18 19:01:13
2025-07-21,2816.11,2821.78,2827.94,2804.14,57107301321.22,0,2025-07-21 19:01:13
2025-07-22,2811.64,2825.61,2833.84,2801.11,49402127980.31,0,2025-07-22 19:01:08
2025-07-23,2839.41,2841.16,2849.8,2829.25,53230259496.54,0,2025-07-23 19:01:09
2025-07-24,2837.72,2807.6,2838.22,2806.64,41135483493.93,0,2025-07-24 19:01:08
2025-07-25,2819.07,2772.39,2827.03,2767.44,84093025461.33,0,2025-07-25 19:01:09
2025-07-28,2760.9,2730.98,2783.82,2726.61,85897967461.24,0,2025-07-28 19:01:08
2025-07-29,2739.49,2758.28,2764.03,2728.97,55423064774.49,0,2025-07-29 19:01:08
2025-07-30,2751.92,2726.24,2754.35,2718.65,38494074538.53,0,2025-07-30 19:01:13
2025-07-31,2737.13,2732.12,2741.14,2713.68,56396889695.86,0,2025-07-31 19:01:09
2025-08-01,2749.41,2727.98,2755.95,2724.54,35703010901.17,0,2025-08-01 19:01:08
2025-08-04,2733.23,2773.85,2776.99,2727.86,44018675048.71,0,2025-08-04 19:01:08
2025-08-05,2784.71,2786.37,2792.51,2764.77,47495676390.44,0,2025-08-05 19:01:08
2025-08-06,2791.29,2764.62,2798.21,2754.51,51260270133.15,0,2025-08-06 19:01:13
2025-08-07,2836.05,2876.43,2915.43,2824.78,140742015844.06,0,2025-08-07 19:01:08
2025-08-08,2894.58,2924.63,2926.98,2872.12,72584470577.05,0,2025-08-08 19:01:12
2025-08-11,2991.68,2964.15,2996.4,2956.94,83503648176.61,0,2025-08-11 19:01:13
2025-08-12,2959.97,2977.18,2980.01,2952.34,58658266015.1,0,2025-08-12 19:01:12
2025-08-13,2987.6,2973.02,2988.06,2959.75,61376520416.85,0,2025-08-13 19:01:08
2025-08-14,2945.01,2977.34,2985.27,2933.82,70968917722.65,0,2025-08-14 19:01:13
2025-08-15,2987.67,3012.09,3014.21,2978.69,63536795939.92,0,2025-08-15 19:01:13
2025-08-18,2949.46,2951.26,2972.97,2941.7,54128739716.27,0,2025-08-18 19:01:13
2025-08-19,3000.75,2965.66,3006.13,2962.37,57804101035.2,0,2025-08-19 19:01:13
2025-08-20,2974.56,2940.78,2977.26,2928.85,47978860165.93,0,2025-08-20 19:01:08
2025-08-21,2933.1,2883.5,2935.48,2879.36,70997427899.33,0,2025-08-21 19:01:13
2025-08-22,2882.95,2896.76,2903.48,2876.26,46748767886.65,0,2025-08-22 19:01:13
2025-08-25,2886.35,2887.24,2890.83,2857.97,42406521988.24,0,2025-08-25 19:01:13
2025-08-26,2906.96,2885.87,2915.46,2878.74,32545421575.34,0,2025-08-26 19:01:08
2025-08-27,2892.32,2911.48,2916.92,2888.1,45517659794.78,0,2025-08-27 19:01:08
2025-08-28,2918.92,2912.72,2919.01,2900.33,35064336109.33,0,2025-08-28 19:01:13
2025-08-29,2893.99,2899.38,2904.14,2882.55,66332952970.43,0,2025-08-29 19:01:13
2025-09-01,2923.49,2889.28,2925.02,2888.47,31766613062.0,0,2025-09-01 19:01:14
2025-09-02,2878.37,2845.39,2883.35,2842.8,50263918444.23,0,2025-09-02 19:01:08
2025-09-03,2863.12,2867.55,2875.01,2846.87,32605528629.11,0,2025-09-03 19:01:13
2025-09-04,2883.86,2873.7,2894.49,2864.62,39157301045.21,0,2025-09-04 19:01:08
2025-09-05,2891.09,2901.45,2906.7,2885.92,33600744619.88,0,2025-09-05 19:01:08
2025-09-08,2914.28,2921.62,2921.62,2906.62,36851331321.29,0,2025-09-08 19:01:12
2025-09-09,2926.02,2935.96,2939.2,2919.84,47316620743.38,0,2025-09-09 19:41:12
2025-09-10,2919.56,2914.26,2938.36,2912.5,41615897846.41,0,2025-09-10 19:01:13
2025-09-11,2916.27,2908.14,2916.35,2890.68,68048594152.07,0,2025-09-11 19:01:13
2025-09-12,2904.03,2839.73,2905.68,2837.01,87120713302.04,0,2025-09-12 19:42:47
2025-09-15,2826.86,2809.85,2834.6,2801.03,52306902608.44,0,2025-09-15 19:01:13
2025-09-16,2822.85,2802.77,2831.8,2778.51,60691941337.48,0,2025-09-16 20:14:57
2025-09-17,2793.24,2814.04,2823.75,2784.37,50228974688.93,0,2025-09-17 19:01:14
2025-09-18,2814.63,2793.58,2816.84,2776.12,64534882685.2,0,2025-09-18 19:01:09
2025-09-19,2787.39,2748.06,2794.33,2745.4,73445397049.38,0,2025-09-19 20:14:57
2025-09-22,2735.8,2741.06,2748.52,2702.52,71914879430.62,0,2025-09-22 19:01:13
2025-09-23,2755.98,2758.65,2769.88,2733.36,46006255800.79,0,2025-09-23 19:01:14
2025-09-24,2683.53,2723.58,2745.14,2675.62,57979240371.0,0,2025-09-24 19:01:14
2025-09-25,2733.53,2708.68,2738.58,2699.42,32472201237.77,0,2025-09-25 19:01:13
2025-09-26,2701.97,2725.97,2725.97,2686.68,45149230788.07,0,2025-09-26 19:01:08
2025-09-29,2713.14,2684.09,2744.8,2680.53,60633693285.05,0,2025-09-29 19:01:13
2025-09-30,2681.81,2684.6,2689.6,2651.13,59396346361.56,0,2025-09-30 20:14:58
2025-10-01,2690.14,2647.25,2692.19,2640.56,51408354634.92,0,2025-10-01 19:01:09
2025-10-02,2629.36,2632.07,2648.67,2623.1,47729249575.8,0,2025-10-02 19:01:09
2025-10-03,2639.88,2604.55,2649.57,2600.85,45145995158.88,0,2025-10-03 19:01:13
2025-10-06,2594.38,2648.5,2651.14,2579.19,70035449028.79,0,2025-10-06 19:01:13
2025-10-07,2645.04,2668.6,2673.27,2635.79,51112468889.2,0,2025-10-07 19:01:09
2025-10-08,2669.75,2562.51,2677.75,2548.37,86984564692.56,0,2025-10-08 20:14:58
2025-10-09,2559.14,2638.37,2645.81,2521.43,105242727440.35,0,2025-10-09 19:01:08
2025-10-10,2635.45,2588.56,2640.07,2572.91,56917663961.79,0,2025-10-10 19:01:09
2025-10-13,2602.37,2576.38,2611.54,2549.77,60667691931.98,0,2025-10-13 19:01:13
2025-10-14,2571.87,2541.49,2575.76,2530.17,50230320978.52,0,2025-10-14 19:01:14
2025-10-15,2537.12,2545.22,2564.83,2521.87,54821947330.15,0,2025-10-15 19:01:08
2025-10-16,2534.12,2607.78,2617.18,2528.86,68682717193.55,0,2025-10-16 19:01:09
2025-10-17,2695.86,2720.63,2734.79,2688.36,69310348892.55,0,2025-10-17 19:01:09
2025-10-20,2736.9,2744.83,2757.39,2726.99,50206066323.84,0,2025-10-20 19:01:13
2025-10-21,2694.35,2632.42,2715.78,2608.42,76965518204.66,0,2025-10-21 19:01:08
2025-10-22,2659.13,2653.0,2678.25,2636.48,44652274062.64,0,2025-10-22 19:01:08
2025-10-23,2568.42,2570.67,2582.67,2546.26,61740731854.36,0,2025-10-23 19:01:09
2025-10-24,2580.2,2543.93,2606.81,2530.37,71140729190.17,0,2025-10-24 19:01:09
2025-10-27,2500.63,2476.79,2506.3,2457.87,66502938496.43,0,2025-10-27 19:01:14
2025-10-28,2480.3,2495.09,2515.91,2475.24,59841714079.61,0,2025-10-28 19:01:13
2025-10-29,2502.84,2523.35,2531.25,2500.89,43311229865.05,0,2025-10-29 19:01:14
2025-10-30,2531.72,2557.48,2567.79,2528.01,56066023097.96,0,2025-10-30 19:01:13
2025-10-31,2555.63,2525.2,2556.72,2522.73,31954746462.1,0,2025-10-31 19:01:08
2025-11-01,2524.01,2532.66,2534.73,2520.57,12293466422.52,0,2025-11-01 19:01:08
2025-11-03,2566.11,2570.96,2579.91,2561.91,17869489012.68,0,2025-11-03 19:01:12
2025-11-05,2552.75,2546.62,2579.16,2537.65,47540011714.06,0,2025-11-05 19:01:13
2025-11-06,2558.87,2542.7,2560.25,2532.02,28465685445.47,0,2025-11-06 19:01:12
2025-11-07,2545.05,2566.42,2573.84,2544.48,41252834797.5,0,2025-11-07 19:01:13
2025-11-10,2590.59,2558.6,2600.19,2552.16,54985990789.71,0,2025-11-10 19:01:13
2025-11-11,2562.13,2566.17,2576.62,2550.85,34174826168.39,0,2025-11-11 19:01:12
2025-11-12,2573.61,2536.22,2576.65,2529.06,49622476036.26,0,2025-11-12 20:14:56
2025-11-13,2542.57,2543.36,2550.96,2528.64,49239634248.15,0,2025-11-13 19:01:13
2025-11-14,2548.74,2525.68,2550.93,2514.92,41625685527.2,0,2025-11-14 19:01:07
2025-11-17,2509.55,2510.64,2521.49,2501.71,44593116099.72,0,2025-11-17 19:01:12
2025-11-18,2506.61,2563.07,2574.49,2492.2,84984904108.65,0,2025-11-18 19:01:12
2025-11-19,2576.51,2646.02,2669.85,2558.51,112974698957.0,0,2025-11-19 19:01:13
2025-11-20,2635.22,2628.31,2661.12,2617.57,57179552425.69,0,2025-11-20 19:01:12
2025-11-21,2679.54,2685.03,2695.26,2650.06,62103278268.31,0,2025-11-21 19:01:13
2025-11-24,2703.18,2654.84,2713.02,2645.91,56176173894.58,0,2025-11-24 20:14:56
2025-11-25,2672.67,2685.95,2695.04,2639.72,54439466329.66,0,2025-11-25 19:01:12
2025-11-26,2676.81,2668.38,2679.97,2660.88,22940136033.11,0,2025-11-26 19:01:12
2025-11-27,2672.82,2621.37,2674.23,2605.13,48473260066.19,0,2025-11-27 19:01:12
2025-11-28,2627.9,2676.42,2685.88,2623.38,47725085596.55,0,2025-11-28 19:01:12
2025-12-01,2674.51,2686.93,2698.41,2662.86,45867079858.8,0,2025-12-01 19:01:12
2025-12-02,2683.76,2667.2,2692.22,2657.52,35458506865.41,0,2025-12-02 19:01:07
2025-12-03,2640.22,2651.71,2651.71,2619.88,38777620458.29,0,2025-12-03 19:01:13
2025-12-04,2661.39,2657.13,2668.09,2653.99,27064354642.8,0,2025-12-04 19:01:13
2025-12-05,2662.05,2711.3,2718.32,2656.92,63729346224.98,0,2025-12-05 19:01:13
2025-12-08,2727.14,2705.17,2739.74,2699.79,49987817536.97,0,2025-12-08 19:01:08
2025-12-09,2693.36,2702.72,2721.82,2686.32,38323911319.76,0,2025-12-09 19:01:13
2025-12-10,2720.42,2720.66,2730.6,2713.19,29770372766.31,0,2025-12-10 19:01:13
2025-12-11,2733.58,2748.93,2761.94,2733.29,64571117536.47,0,2025-12-11 19:01:13
2025-12-12,2761.36,2739.49,2769.35,2731.98,49286655394.99,0,2025-12-12 19:01:08
2025-12-15,2734.06,2748.93,2751.7,2723.8,42453166115.77,0,2025-12-15 19:01:13
2025-12-16,2749.87,2774.23,2779.73,2746.77,48399192620.55,0,2025-12-16 19:01:08
2025-12-17,2780.86,2759.73,2781.97,2740.18,59480135220.56,0,2025-12-17 19:01:12
2025-12-18,2764.09,2753.07,2772.87,2752.06,72873454471.76,0,2025-12-18 19:01:13
2025-12-19,2779.21,2743.09,2791.25,2739.55,99861443654.77,0,2025-12-19 20:14:57
2025-12-22,2741.24,2715.98,2741.34,2712.64,63597635442.64,0,2025-12-22 19:01:13
2025-12-23,2717.92,2725.38,2733.17,2704.27,50577949652.46,0,2025-12-23 19:01:13
2025-12-24,2723.31,2720.02,2733.38,2709.96,38933276037.26,0,2025-12-24 19:01:13
2025-12-25,2717.9,2714.12,2722.91,2708.39,31869623780.63,0,2025-12-25 19:01:12
2025-12-26,2737.19,2754.89,2760.53,2735.31,54593962411.48,0,2025-12-26 19:01:13
2025-12-29,2775.62,2742.03,2819.33,2738.95,91191850807.04,0,2025-12-29 19:01:08
2025-12-30,2758.42,2766.62,2775.2,2749.53,39764162788.75,0,2025-12-30 19:01:13
2026-01-05,2733.01,2757.09,2760.06,2728.44,24102395461.66,0,2026-01-05 19:01:13
2026-01-06,2765.1,2745.26,2767.32,2739.37,23081588267.9,0,2026-01-06 19:01:13
2026-01-08,2720.32,2718.62,2732.75,2714.73,19035664259.0,0,2026-01-08 19:01:13
2026-01-09,2727.47,2724.85,2730.17,2721.13,13430289341.37,0,2026-01-09 20:14:57
2026-01-12,2731.66,2701.93,2733.82,2696.37,62785178373.96,0,2026-01-12 19:01:13
2026-01-13,2696.73,2696.92,2705.25,2687.1,48151107332.6,0,2026-01-13 19:01:13
2026-01-14,2686.1,2702.69,2716.21,2674.17,54954268909.85,0,2026-01-14 19:01:12
2026-01-15,2700.11,2701.32,2711.59,2691.25,33985595282.48,0,2026-01-15 23:59:59
2026-01-16,2711.78,2733.75,2740.26,2708.97,48834080792.7,0,2026-01-16 23:59:59
2026-01-19,2742.41,2750.25,2757.17,2730.75,42997249056.3,0,2026-01-19 23:59:59
2026-01-20,2745.94,2738.07,2746.26,2727.65,44996433297.97,0,2026-01-20 23:59:59
2026-01-21,2744.06,2770.53,2778.68,2734.86,64573912225.61,0,2026-01-21 23:59:59
2026-01-22,2778.87,2768.02,2790.1,2754.43,56685448746.46,0,2026-01-22 23:59:59
2026-01-23,2767.84,2777.29,2783.21,2761.64,30335507986.0,0,2026-01-23 23:59:59
2026-01-26,2780.22,2768.15,2780.22,2760.71,47826660339.44,0,2026-01-26 23:59:59
2026-01-27,2768.0,2781.39,2783.73,2752.41,62275997065.99,0,2026-01-27 23:59:59
2026-01-28,2793.2,2788.01,2799.85,2780.66,58672705400.61,0,2026-01-28 23:59:59
2026-01-29,2808.69,2797.76,2843.63,2786.64,143296634988.77,0,2026-01-29 23:59:59
2026-01-30,2811.73,2782.74,2813.82,2771.97,73328350551.28,0,2026-01-30 23:59:59
2026-02-02,2758.01,2768.56,2780.52,2753.96,65784537056.06,0,2026-02-02 23:59:59
2026-02-03,2787.32,2786.15,2794.19,2777.41,61140182149.91,0,2026-02-03 23:59:59
2026-02-04,2790.73,2776.31,2803.76,2771.49,66705189660.34,0,2026-02-04 23:59:59
2026-02-05,2754.41,2737.13,2758.03,2720.7,65632038368.99,0,2026-02-05 23:59:59
2026-02-06,2743.33,2735.43,2744.98,2729.77,45641330823.47,0,2026-02-06 23:59:59
2026-02-09,2726.55,2725.64,2728.45,2712.47,41704683208.22,0,2026-02-09 23:59:59
2026-02-10,2728.17,2717.04,2740.39,2716.33,52256690015.05,0,2026-02-10 23:59:59
2026-02-11,2723.83,2757.75,2762.5,2719.44,70707043718.93,0,2026-02-11 23:59:59
2026-02-12,2755.94,2765.66,2771.4,2746.64,44712511301.84,0,2026-02-12 23:59:59
2026-02-13,2753.43,2776.34,2781.2,2747.67,79418744465.47,0,2026-02-13 23:59:59
2026-02-16,2791.52,2782.6,2795.9,2779.63,59730540290.81,0,2026-02-16 23:59:59
2026-02-17,2788.45,2765.33,2791.68,2765.33,48913353751.87,0,2026-02-17 23:59:59
2026-02-18,2769.02,2779.08,2780.17,2757.98,58173615403.3,0,2026-02-18 23:59:59
2026-02-19,2785.74,2772.84,2793.07,2770.67,50412310912.8,0,2026-02-19 23:59:59
2026-02-20,2780.28,2780.6,2786.16,2768.28,48209046212.1,0,2026-02-20 23:59:59
2026-02-24,2794.45,2777.35,2809.49,2776.25,48993351146.47,0,2026-02-24 23:59:59
2026-02-25,2784.82,2795.39,2798.35,2781.12,48746320083.29,0,2026-02-25 23:59:59
2026-02-26,2799.71,2785.58,2803.39,2782.64,34975479865.09,0,2026-02-26 23:59:59
2026-02-27,2786.72,2799.14,2804.1,2780.93,41384141756.16,0,2026-02-27 23:59:59
2026-03-02,2823.19,2835.65,2851.0,2818.91,115828257908.29,0,2026-03-02 23:59:59
2026-03-03,2848.66,2825.14,2850.91,2820.68,93178483245.82,0,2026-03-03 23:59:59
2026-03-04,2824.16,2809.78,2837.7,2803.8,64926651792.87,0,2026-03-04 23:59:59
2026-03-05,2814.75,2825.0,2827.56,2811.72,53287164227.64,0,2026-03-05 23:59:59
2026-03-06,2835.37,2854.11,2862.8,2828.89,94247339655.87,0,2026-03-06 23:59:59
2026-03-09,2912.01,2888.68,2912.01,2870.98,78091669508.77,0,2026-03-09 23:59:59
2026-03-10,2887.6,2853.86,2891.54,2853.04,80753396540.4,0,2026-03-10 23:59:59
2026-03-11,2862.67,2854.05,2873.91,2851.77,51739292043.19,0,2026-03-11 23:59:59
2026-03-12,2869.34,2872.08,2877.39,2861.97,45590362870.34,0,2026-03-12 23:59:59
2026-03-13,2877.74,2871.86,2891.29,2866.6,50239868870.69,0,2026-03-13 23:59:59
2026-03-16,2886.58,2853.72,2889.23,2849.93,70723689289.09,0,2026-03-16 23:59:59
2026-03-17,2859.03,2853.53,2865.09,2852.05,44574461892.21,0,2026-03-17 23:59:59
2026-03-18,2856.45,2871.72,2876.49,2853.77,85805000505.93,0,2026-03-18 23:59:59
2026-03-19,2884.76,2868.99,2892.95,2864.44,99209476160.71,0,2026-03-19 23:59:59
2026-03-20,2879.44,2864.89,2889.39,2864.15,59155686338.88,0,2026-03-20 23:59:59
2026-03-23,2865.85,2833.43,2875.22,2804.51,119432170275.05,0,2026-03-23 23:59:59
2026-03-24,2836.6,2837.9,2843.19,2826.24,55564279656.64,0,2026-03-24 23:59:59
2026-03-25,2840.2,2840.14,2841.94,2831.9,40679208788.78,0,2026-03-25 23:59:59
2026-03-26,2846.61,2822.84,2847.76,2814.47,67973519559.34,0,2026-03-26 23:59:59
2026-03-27,2822.09,2789.61,2829.75,2780.38,72045978063.41,0,2026-03-27 23:59:59
2026-03-30,2796.46,2800.69,2814.54,2775.8,68084780890.02,0,2026-03-30 23:59:59
2026-03-31,2801.02,2776.37,2801.1,2766.28,59805588340.11,0,2026-03-31 23:59:59
2026-04-01,2770.81,2775.24,2787.45,2764.84,54915977783.52,0,2026-04-01 23:59:59
2026-04-02,2787.52,2774.41,2787.68,2767.99,51707861006.13,0,2026-04-02 23:59:59
2026-04-03,2780.86,2760.7,2783.05,2751.9,58375468729.31,0,2026-04-03 23:59:59
2026-04-06,2748.51,2784.87,2788.27,2747.81,58926990373.56,0,2026-04-06 23:59:59
2026-04-07,2785.36,2797.24,2803.61,2778.6,56870857951.76,0,2026-04-07 23:59:59
2026-04-08,2775.26,2765.06,2776.9,2758.95,46722241788.24,0,2026-04-08 23:59:59
2026-04-09,2764.78,2733.4,2770.31,2732.5,45074107342.87,0,2026-04-09 23:59:59
2026-04-10,2741.73,2725.39,2747.15,2721.54,33792553017.42,0,2026-04-10 23:59:59
2026-04-13,2743.05,2722.69,2746.8,2709.0,45825970599.17,0,2026-04-13 23:59:59
2026-04-14,2725.53,2725.51,2730.48,2703.17,41877655824.92,0,2026-04-14 23:59:59
2026-04-15,2718.99,2740.45,2745.64,2708.0,44975548856.25,0,2026-04-15 23:59:59
2026-04-16,2750.02,2741.14,2764.32,2737.73,51291499015.72,0,2026-04-16 23:59:59
2026-04-17,2741.81,2723.94,2758.66,2716.8,68744075571.93,0,2026-04-17 23:59:59
