begin,open,close,high,low,value,volume,end
2014-12-01 12:00:00,10.11,10.11,10.11,10.11,38045462952,0,2014-12-01 12:31:20
2014-12-02 12:00:00,9.97,9.97,9.97,9.97,36921445731,0,2014-12-02 12:31:04
2014-12-03 12:00:00,9.78,9.78,9.78,9.78,39172190074,0,2014-12-03 12:31:10
2014-12-04 12:00:00,9.64,9.64,9.64,9.64,32470256825,0,2014-12-04 12:31:26
2014-12-05 12:00:00,9.65,9.65,9.65,9.65,32052594043,0,2014-12-05 12:31:20
2014-12-08 12:00:00,9.7,9.7,9.7,9.7,38951744412,0,2014-12-08 12:31:05
2014-12-09 12:00:00,9.73,9.73,9.73,9.73,37614048370,0,2014-12-09 12:31:15
2014-12-10 12:00:00,9.54,9.54,9.54,9.54,24430888361,0,2014-12-10 12:31:19
2014-12-11 12:00:00,9.8,9.8,9.8,9.8,23488562653,0,2014-12-11 12:31:03
2014-12-12 12:00:00,10.65,10.65,10.65,10.65,22520050777,0,2014-12-12 12:31:06
2014-12-15 12:00:00,10.57,10.57,10.57,10.57,21661320723,0,2014-12-15 12:31:04
2014-12-16 12:00:00,16.22,16.22,16.22,16.22,5082623690,0,2014-12-16 12:31:20
2014-12-17 12:00:00,17.05,17.05,17.05,17.05,9104517604,0,2014-12-17 12:31:38
2014-12-22 12:00:00,17.32,17.32,17.32,17.32,10160780787,0,2014-12-22 12:31:25
2014-12-23 12:00:00,16.63,16.63,16.63,16.63,4790120703,0,2014-12-23 12:31:04
2014-12-26 12:00:00,16.75,16.75,16.75,16.75,8306220035,0,2014-12-26 12:31:08
2014-12-29 12:00:00,16.97,16.97,16.97,16.97,4498600901,0,2014-12-29 12:31:10
2015-01-12 12:00:00,17.04,17.04,17.04,17.04,6687884575,0,2015-01-12 12:31:15
2015-01-15 12:00:00,16.5,16.5,16.5,16.5,4362713118,0,2015-01-15 12:31:06
2015-01-16 12:00:00,16.48,16.48,16.48,16.48,11729915436,0,2015-01-16 12:31:20
2015-01-19 12:00:00,16.47,16.47,16.47,16.47,8701117730,0,2015-01-19 12:31:05
2015-01-22 12:00:00,16.89,16.89,16.89,16.89,24271230483,0,2015-01-22 12:31:12
2015-01-23 12:00:00,16.76,16.76,16.76,16.76,22753772407,0,2015-01-23 12:31:14
2015-01-26 12:00:00,16.8,16.8,16.8,16.8,30276329224,0,2015-01-26 12:31:15
2015-01-27 12:00:00,16.88,16.88,16.88,16.88,31533740892,0,2015-01-27 12:31:07
2015-01-28 12:00:00,16.67,16.67,16.67,16.67,26248778901,0,2015-01-28 12:31:19
2015-01-29 12:00:00,16.65,16.65,16.65,16.65,26347557886,0,2015-01-29 12:31:11
2015-01-30 12:00:00,16.45,16.45,16.45,16.45,25486577450,0,2015-01-30 12:31:13
2015-02-02 12:00:00,14.6,14.6,14.6,14.6,21774019913,0,2015-02-02 12:31:07
2015-02-03 12:00:00,14.5,14.5,14.5,14.5,25012101018,0,2015-02-03 12:31:23
2015-02-04 12:00:00,14.58,14.58,14.58,14.58,26374325694,0,2015-02-04 12:31:07
2015-02-05 12:00:00,14.47,14.47,14.47,14.47,27967569587,0,2015-02-05 12:31:21
2015-02-09 12:00:00,14.38,14.38,14.38,14.38,25740143727,0,2015-02-09 12:31:09
2015-02-10 12:00:00,14.7,14.7,14.7,14.7,33972827326,0,2015-02-10 12:31:08
2015-02-11 12:00:00,15.01,15.01,15.01,15.01,36422296138,0,2015-02-11 12:31:04
2015-02-13 12:00:00,14.87,14.87,14.87,14.87,37225551183,0,2015-02-13 12:31:16
2015-02-16 12:00:00,14.93,14.93,14.93,14.93,29440246239,0,2015-02-16 12:45:16
2015-02-17 12:00:00,14.89,14.89,14.89,14.89,37156755625,0,2015-02-17 12:31:37
2015-02-18 12:00:00,14.93,14.93,14.93,14.93,37520800703,0,2015-02-18 12:31:12
2015-02-19 12:00:00,14.96,14.96,14.96,14.96,38443530245,0,2015-02-19 12:31:18
2015-02-20 12:00:00,14.89,14.89,14.89,14.89,42021052785,0,2015-02-20 12:31:07
2015-02-24 12:00:00,14.85,14.85,14.85,14.85,37146319797,0,2015-02-24 12:31:07
2015-02-25 12:00:00,14.93,14.93,14.93,14.93,44814790634,0,2015-02-25 12:31:07
2015-02-26 12:00:00,15.21,15.21,15.21,15.21,31216696159,0,2015-02-26 12:31:09
2015-02-27 12:00:00,15.15,15.15,15.15,15.15,51596027794,0,2015-02-27 12:31:23
2015-03-02 12:00:00,15.2,15.2,15.2,15.2,37599666716,0,2015-03-02 12:31:17
2015-03-03 12:00:00,15.26,15.26,15.26,15.26,37836609116,0,2015-03-03 12:31:04
2015-03-10 12:00:00,15.14,15.14,15.14,15.14,33232116452,0,2015-03-10 12:31:07
2015-03-11 12:00:00,15.29,15.29,15.29,15.29,42312934361,0,2015-03-11 12:31:03
2015-03-12 12:00:00,15.12,15.12,15.12,15.12,43843362495,0,2015-03-12 12:31:02
2015-03-13 12:00:00,14.5,14.5,14.5,14.5,42539245220,0,2015-03-13 12:31:24
2015-03-16 12:00:00,13.98,13.98,13.98,13.98,37963477180,0,2015-03-16 12:31:18
2015-03-17 12:00:00,14.16,14.16,14.16,14.16,39477011758,0,2015-03-17 12:31:19
2015-03-18 12:00:00,14.24,14.24,14.24,14.24,38742188681,0,2015-03-18 12:31:08
2015-03-19 12:00:00,14.4,14.4,14.4,14.4,30141627374,0,2015-03-19 12:31:05
2015-03-24 12:00:00,14.3,14.3,14.3,14.3,32409744322,0,2015-03-24 12:31:09
2015-03-25 12:00:00,14.31,14.31,14.31,14.31,45970505752,0,2015-03-25 12:31:15
2015-03-26 12:00:00,14.41,14.41,14.41,14.41,47070827364,0,2015-03-26 12:33:50
2015-03-27 12:00:00,14.41,14.41,14.41,14.41,46014116307,0,2015-03-27 12:31:15
2015-03-30 12:00:00,14.25,14.25,14.25,14.25,32604395240,0,2015-03-30 12:31:19
2015-04-01 12:00:00,14.22,14.22,14.22,14.22,45533928630,0,2015-04-01 12:33:05
2015-04-02 12:00:00,14.19,14.19,14.19,14.19,43973007461,0,2015-04-02 12:31:10
2015-04-03 12:00:00,14.11,14.11,14.11,14.11,47651365957,0,2015-04-03 12:31:27
2015-04-06 12:00:00,14.1,14.1,14.1,14.1,52284824519,0,2015-04-06 12:31:06
2015-04-07 12:00:00,13.96,13.96,13.96,13.96,41187495826,0,2015-04-07 12:31:09
2015-04-09 12:00:00,13.72,13.72,13.72,13.72,46907538105,0,2015-04-09 12:31:09
2015-04-10 12:00:00,13.67,13.67,13.67,13.67,37197347767,0,2015-04-10 12:31:08
2015-04-13 12:00:00,13.99,13.99,13.99,13.99,43686456653,0,2015-04-13 12:31:22
2015-04-14 12:00:00,14.1,14.1,14.1,14.1,35337583224,0,2015-04-14 12:31:30
2015-04-15 12:00:00,14.18,14.18,14.18,14.18,33620353417,0,2015-04-15 12:31:18
2015-04-16 12:00:00,14.41,14.41,14.41,14.41,31132019401,0,2015-04-16 12:31:22
2015-04-20 12:00:00,14.18,14.18,14.18,14.18,33126635078,0,2015-04-20 12:31:05
2015-04-21 12:00:00,14.17,14.17,14.17,14.17,28823736376,0,2015-04-21 12:31:05
2015-04-23 12:00:00,14.12,14.12,14.12,14.12,37742110643,0,2015-04-23 12:31:24
2015-04-24 12:00:00,13.8,13.8,13.8,13.8,30673376831,0,2015-04-24 12:31:21
2015-04-27 12:00:00,13.91,13.91,13.91,13.91,32857596621,0,2015-04-27 12:31:02
2015-04-28 12:00:00,14.16,14.16,14.16,14.16,30983754845,0,2015-04-28 12:31:12
2015-04-29 12:00:00,13.91,13.91,13.91,13.91,22861919719,0,2015-04-29 12:31:02
2015-05-05 12:00:00,12.74,12.74,12.74,12.74,27255598801,0,2015-05-05 12:33:34
2015-05-06 12:00:00,12.54,12.54,12.54,12.54,27661086830,0,2015-05-06 12:31:19
2015-05-08 12:00:00,11.93,11.93,11.93,11.93,26253630994,0,2015-05-08 12:31:12
2015-05-12 12:00:00,12.06,12.06,12.06,12.06,23504707477,0,2015-05-12 12:31:47
2015-05-14 12:00:00,12.73,12.73,12.73,12.73,29700646598,0,2015-05-14 12:31:25
2015-05-15 12:00:00,12.82,12.82,12.82,12.82,35519213026,0,2015-05-15 12:31:21
2015-05-19 12:00:00,12.94,12.94,12.94,12.94,32099164733,0,2015-05-19 12:31:07
2015-05-20 12:00:00,12.64,12.64,12.64,12.64,25256009392,0,2015-05-20 12:31:06
2015-05-22 12:00:00,12.17,12.17,12.17,12.17,27052793777,0,2015-05-22 12:31:19
2015-05-25 12:00:00,12.38,12.38,12.38,12.38,27180744741,0,2015-05-25 12:31:12
2015-05-26 12:00:00,12.6,12.6,12.6,12.6,22458204772,0,2015-05-26 12:31:25
2015-05-27 12:00:00,12.84,12.84,12.84,12.84,29386786963,0,2015-05-27 12:31:12
2015-05-28 12:00:00,12.78,12.78,12.78,12.78,28526697807,0,2015-05-28 12:31:09
2015-05-29 12:00:00,12.78,12.78,12.78,12.78,34317574306,0,2015-05-29 12:31:07
2015-06-08 12:00:00,12.79,12.79,12.79,12.79,47058288157,0,2015-06-08 12:31:20
2015-06-09 12:00:00,12.91,12.91,12.91,12.91,63436784433,0,2015-06-09 12:31:07
2015-06-10 12:00:00,12.8,12.8,12.8,12.8,57139339653,0,2015-06-10 12:31:01
2015-06-11 12:00:00,12.57,12.57,12.57,12.57,46068378159,0,2015-06-11 12:31:12
2015-06-15 12:00:00,12.5,12.5,12.5,12.5,45906101425,0,2015-06-15 12:31:11
2015-06-16 12:00:00,11.75,11.75,11.75,11.75,46391356512,0,2015-06-16 12:31:04
2015-06-17 12:00:00,11.86,11.86,11.86,11.86,52026440011,0,2015-06-17 12:31:22
2015-06-18 12:00:00,11.93,11.93,11.93,11.93,48856983294,0,2015-06-18 12:31:17
2015-06-19 12:00:00,11.89,11.89,11.89,11.89,48033796298,0,2015-06-19 12:31:09
2015-06-22 12:00:00,11.86,11.86,11.86,11.86,45813055836,0,2015-06-22 12:31:08
2015-06-23 12:00:00,11.9,11.9,11.9,11.9,45041546378,0,2015-06-23 12:31:22
2015-06-24 12:00:00,11.89,11.89,11.89,11.89,58162902363,0,2015-06-24 12:31:13
2015-06-25 12:00:00,11.95,11.95,11.95,11.95,62081713173,0,2015-06-25 12:31:22
2015-06-26 12:00:00,11.93,11.93,11.93,11.93,49860853282,0,2015-06-26 12:31:02
2015-06-29 12:00:00,11.95,11.95,11.95,11.95,52440533389,0,2015-06-29 12:31:21
2015-06-30 12:00:00,11.9,11.9,11.9,11.9,53381805778,0,2015-06-30 12:31:20
2015-07-02 12:00:00,11.76,11.76,11.76,11.76,43962469066,0,2015-07-02 12:31:13
2015-07-03 12:00:00,11.53,11.53,11.53,11.53,49247233926,0,2015-07-03 12:31:17
2015-07-06 12:00:00,11.23,11.23,11.23,11.23,49480011490,0,2015-07-06 12:31:22
2015-07-07 12:00:00,10.89,10.89,10.89,10.89,44124984235,0,2015-07-07 12:31:56
2015-07-08 12:00:00,11.0,11.0,11.0,11.0,58719381902,0,2015-07-08 12:31:11
2015-07-09 12:00:00,10.88,10.88,10.88,10.88,48806350706,0,2015-07-09 12:33:07
2015-07-10 12:00:00,11.13,11.13,11.13,11.13,51943058342,0,2015-07-10 12:31:11
2015-07-13 12:00:00,11.69,11.69,11.69,11.69,48573718251,0,2015-07-13 12:31:29
2015-07-14 12:00:00,11.7,11.7,11.7,11.7,56643675780,0,2015-07-14 12:31:34
2015-07-15 12:00:00,11.67,11.67,11.67,11.67,51585124684,0,2015-07-15 12:31:05
2015-07-16 12:00:00,11.75,11.75,11.75,11.75,55586475634,0,2015-07-16 12:31:22
2015-07-17 12:00:00,11.87,11.87,11.87,11.87,46489533017,0,2015-07-17 12:48:03
2015-07-20 12:00:00,11.9,11.9,11.9,11.9,52276986645,0,2015-07-20 12:31:11
2015-07-21 12:00:00,11.75,11.75,11.75,11.75,56464908298,0,2015-07-21 12:31:23
2015-07-22 12:00:00,11.77,11.77,11.77,11.77,64725711507,0,2015-07-22 12:31:07
2015-07-23 12:00:00,11.37,11.37,11.37,11.37,57632392358,0,2015-07-23 12:31:29
2015-07-27 12:00:00,11.2,11.2,11.2,11.2,41558904952,0,2015-07-27 12:31:04
2015-07-28 12:00:00,11.55,11.55,11.55,11.55,44866908787,0,2015-07-28 12:34:11
2015-07-29 12:00:00,11.41,11.41,11.41,11.41,68866479707,0,2015-07-29 12:31:24
2015-07-30 12:00:00,11.08,11.08,11.08,11.08,54131770633,0,2015-07-30 12:31:20
2015-07-31 12:00:00,11.02,11.02,11.02,11.02,50449081845,0,2015-07-31 12:31:14
2015-08-03 12:00:00,10.54,10.54,10.54,10.54,40797029156,0,2015-08-03 12:31:10
2015-08-04 12:00:00,10.39,10.39,10.39,10.39,35439439379,0,2015-08-04 12:31:14
2015-08-05 12:00:00,10.52,10.52,10.52,10.52,45708808872,0,2015-08-05 12:31:04
2015-08-06 12:00:00,10.45,10.45,10.45,10.45,45819326041,0,2015-08-06 12:31:15
2015-08-07 12:00:00,10.43,10.43,10.43,10.43,49871259712,0,2015-08-07 12:31:10
2015-08-10 12:00:00,10.43,10.43,10.43,10.43,49215959101,0,2015-08-10 12:31:09
2015-08-11 12:00:00,10.59,10.59,10.59,10.59,55152345348,0,2015-08-11 12:31:05
2015-08-12 12:00:00,10.78,10.78,10.78,10.78,59408389058,0,2015-08-12 12:31:11
2015-08-14 12:00:00,11.03,11.03,11.03,11.03,48304408732,0,2015-08-14 12:31:09
2015-08-17 12:00:00,11.1,11.1,11.1,11.1,50177014526,0,2015-08-17 12:31:14
2015-08-19 12:00:00,10.89,10.89,10.89,10.89,57559098792,0,2015-08-19 12:31:09
2015-08-20 12:00:00,10.78,10.78,10.78,10.78,48836903405,0,2015-08-20 12:31:11
2015-08-21 12:00:00,10.8,10.8,10.8,10.8,49279360684,0,2015-08-21 12:31:15
2015-08-24 12:00:00,10.86,10.86,10.86,10.86,50354828755,0,2015-08-24 12:31:15
2015-08-25 12:00:00,10.97,10.97,10.97,10.97,49940525426,0,2015-08-25 12:31:10
2015-08-26 12:00:00,10.97,10.97,10.97,10.97,66575531019,0,2015-08-26 12:31:10
2015-08-27 12:00:00,11.0,11.0,11.0,11.0,60991077038,0,2015-08-27 12:31:05
2015-08-28 12:00:00,11.02,11.02,11.02,11.02,51021350175,0,2015-08-28 12:31:14
2015-08-31 12:00:00,11.0,11.0,11.0,11.0,45662353732,0,2015-08-31 12:31:05
2015-09-01 12:00:00,10.93,10.93,10.93,10.93,39591151444,0,2015-09-01 12:31:09
2015-09-02 12:00:00,10.86,10.86,10.86,10.86,71729941052,0,2015-09-02 12:31:10
2015-09-03 12:00:00,10.69,10.69,10.69,10.69,53812567785,0,2015-09-03 12:31:10
2015-09-04 12:00:00,10.77,10.77,10.77,10.77,62988554876,0,2015-09-04 12:31:04
2015-09-07 12:00:00,10.76,10.76,10.76,10.76,47414363298,0,2015-09-07 12:31:19
2015-09-08 12:00:00,10.7,10.7,10.7,10.7,50476074943,0,2015-09-08 12:31:09
2015-09-09 12:00:00,10.69,10.69,10.69,10.69,57761803125,0,2015-09-09 12:31:20
2015-09-10 12:00:00,10.52,10.52,10.52,10.52,47434041101,0,2015-09-10 12:31:10
2015-09-11 12:00:00,10.95,10.95,10.95,10.95,45647580017,0,2015-09-11 12:31:05
2015-09-14 12:00:00,11.12,11.12,11.12,11.12,41847471990,0,2015-09-14 12:31:09
2015-09-15 12:00:00,11.47,11.47,11.47,11.47,46792953325,0,2015-09-15 12:31:10
2015-09-16 12:00:00,11.45,11.45,11.45,11.45,41067440486,0,2015-09-16 12:31:05
2015-09-17 12:00:00,11.41,11.41,11.41,11.41,54025910453,0,2015-09-17 12:31:04
2015-09-18 12:00:00,11.28,11.28,11.28,11.28,49582817770,0,2015-09-18 12:31:09
2015-09-21 12:00:00,11.41,11.41,11.41,11.41,45107304176,0,2015-09-21 12:31:14
2015-09-22 12:00:00,11.52,11.52,11.52,11.52,49460140109,0,2015-09-22 12:31:15
2015-09-23 12:00:00,11.46,11.46,11.46,11.46,62345760888,0,2015-09-23 12:31:05
2015-09-24 12:00:00,11.32,11.32,11.32,11.32,52638875893,0,2015-09-24 12:31:17
2015-09-28 12:00:00,11.33,11.33,11.33,11.33,49068757451,0,2015-09-28 12:31:13
2015-09-29 12:00:00,11.39,11.39,11.39,11.39,49572158452,0,2015-09-29 12:31:21
2015-09-30 12:00:00,11.47,11.47,11.47,11.47,64426245417,0,2015-09-30 12:31:16
2015-10-01 12:00:00,11.36,11.36,11.36,11.36,55370865087,0,2015-10-01 12:31:19
2015-10-05 12:00:00,11.17,11.17,11.17,11.17,55719973461,0,2015-10-05 12:31:10
2015-10-06 12:00:00,10.45,10.45,10.45,10.45,57074341377,0,2015-10-06 12:31:04
2015-10-07 12:00:00,10.58,10.58,10.58,10.58,68808649301,0,2015-10-07 12:31:28
2015-10-08 12:00:00,10.37,10.37,10.37,10.37,46227535799,0,2015-10-08 12:31:04
2015-10-09 12:00:00,10.54,10.54,10.54,10.54,48985841174,0,2015-10-09 12:31:10
2015-10-12 12:00:00,10.7,10.7,10.7,10.7,56447897019,0,2015-10-12 12:31:09
2015-10-13 12:00:00,11.14,11.14,11.14,11.14,60210802742,0,2015-10-13 12:31:05
2015-10-14 12:00:00,11.28,11.28,11.28,11.28,85749099523,0,2015-10-14 12:31:15
2015-10-15 12:00:00,11.25,11.25,11.25,11.25,75011835442,0,2015-10-15 12:31:26
2015-10-16 12:00:00,11.27,11.27,11.27,11.27,73175054173,0,2015-10-16 12:31:11
2015-10-19 12:00:00,11.29,11.29,11.29,11.29,79693292663,0,2015-10-19 12:31:09
2015-10-20 12:00:00,11.23,11.23,11.23,11.23,71042748098,0,2015-10-20 12:31:16
2015-10-21 12:00:00,11.35,11.35,11.35,11.35,100288479386,0,2015-10-21 12:31:10
2015-10-22 12:00:00,11.29,11.29,11.29,11.29,80413552415,0,2015-10-22 12:31:11
2015-10-23 12:00:00,11.34,11.34,11.34,11.34,85243296730,0,2015-10-23 12:31:10
2015-10-26 12:00:00,11.37,11.37,11.37,11.37,0,0,2015-10-26 12:30:00
2015-10-27 12:00:00,11.38,11.38,11.38,11.38,94697308365,0,2015-10-27 12:31:20
2015-10-28 12:00:00,11.41,11.41,11.41,11.41,92264855860,0,2015-10-28 12:31:11
2015-10-29 12:00:00,11.49,11.49,11.49,11.49,85316239535,0,2015-10-29 12:31:11
2015-10-30 12:00:00,11.46,11.46,11.46,11.46,97169701818,0,2015-10-30 12:31:05
2015-11-02 12:00:00,11.35,11.35,11.35,11.35,76359328197,0,2015-11-02 12:31:14
2015-11-03 12:00:00,11.41,11.41,11.41,11.41,87830906887,0,2015-11-03 12:31:10
2015-11-05 12:00:00,11.42,11.42,11.42,11.42,102060614495,0,2015-11-05 12:31:14
2015-11-06 12:00:00,11.44,11.44,11.44,11.44,102243719152,0,2015-11-06 12:31:04
2015-11-09 12:00:00,11.4,11.4,11.4,11.4,116553901047,0,2015-11-09 12:31:09
2015-11-10 12:00:00,11.25,11.25,11.25,11.25,115058822043,0,2015-11-10 12:31:20
2015-11-12 12:00:00,11.39,11.39,11.39,11.39,92294345161,0,2015-11-12 12:31:09
2015-11-13 12:00:00,11.38,11.38,11.38,11.38,93742069957,0,2015-11-13 12:31:09
2015-11-16 12:00:00,11.39,11.39,11.39,11.39,86634678703,0,2015-11-16 12:31:09
2015-11-17 12:00:00,11.47,11.47,11.47,11.47,89270174085,0,2015-11-17 12:31:10
2015-11-18 12:00:00,11.53,11.53,11.53,11.53,53294641252,0,2015-11-18 12:31:15
2015-11-19 12:00:00,11.49,11.49,11.49,11.49,78542553735,0,2015-11-19 12:31:19
2015-11-20 12:00:00,11.47,11.47,11.47,11.47,64927463325,0,2015-11-20 12:31:10
2015-11-24 12:00:00,11.38,11.38,11.38,11.38,92460687037,0,2015-11-24 12:31:15
2015-11-25 12:00:00,11.39,11.39,11.39,11.39,80136476779,0,2015-11-25 12:31:10
2015-11-26 12:00:00,11.44,11.44,11.44,11.44,83850323787,0,2015-11-26 12:31:10
2015-11-27 12:00:00,11.38,11.38,11.38,11.38,71478768580,0,2015-11-27 12:31:11
2015-12-01 12:00:00,11.43,11.43,11.43,11.43,127106546910,0,2015-12-01 12:31:16
2015-12-02 12:00:00,11.31,11.31,11.31,11.31,191118167396,0,2015-12-02 12:31:05
2015-12-04 12:00:00,11.15,11.15,11.15,11.15,163681743205,0,2015-12-04 12:31:09
2015-12-07 12:00:00,11.19,11.19,11.19,11.19,158601307281,0,2015-12-07 12:31:09
2015-12-08 12:00:00,11.53,11.53,11.53,11.53,137351520320,0,2015-12-08 12:31:05
2015-12-09 12:00:00,11.59,11.59,11.59,11.59,152183720778,0,2015-12-09 12:31:10
2015-12-10 12:00:00,11.46,11.46,11.46,11.46,140176615898,0,2015-12-10 12:31:10
2015-12-11 12:00:00,11.49,11.49,11.49,11.49,132791498316,0,2015-12-11 12:31:15
2015-12-14 12:00:00,11.44,11.44,11.44,11.44,120734847516,0,2015-12-14 12:31:10
2015-12-15 12:00:00,11.5,11.5,11.5,11.5,104047807574,0,2015-12-15 12:31:10
2015-12-16 12:00:00,11.47,11.47,11.47,11.47,89972278359,0,2015-12-16 12:31:09
2015-12-18 12:00:00,11.45,11.45,11.45,11.45,130484858514,0,2015-12-18 12:31:20
2015-12-21 12:00:00,11.5,11.5,11.5,11.5,137558839470,0,2015-12-21 12:31:15
2015-12-22 12:00:00,11.38,11.38,11.38,11.38,121263036814,0,2015-12-22 12:31:11
2015-12-23 12:00:00,11.17,11.17,11.17,11.17,111612006946,0,2015-12-23 12:31:20
2015-12-24 12:00:00,11.0,11.0,11.0,11.0,130671175541,0,2015-12-24 12:31:11
2015-12-25 12:00:00,10.98,10.98,10.98,10.98,132475392242,0,2015-12-25 12:31:12
2015-12-28 12:00:00,10.96,10.96,10.96,10.96,105901185524,0,2015-12-28 12:31:11
2015-12-29 12:00:00,10.9,10.9,10.9,10.9,80629653683,0,2015-12-29 12:31:21
2015-12-30 12:00:00,11.44,11.44,11.44,11.44,576393320,0,2015-12-30 12:31:11
2016-01-05 12:00:00,10.2,10.2,10.2,10.2,586083326,0,2016-01-05 12:31:11
2016-01-11 12:00:00,10.92,10.92,10.92,10.92,93520594081,0,2016-01-11 12:31:10
2016-01-13 12:00:00,10.97,10.97,10.97,10.97,111570654869,0,2016-01-13 12:31:09
2016-01-15 12:00:00,11.1,11.1,11.1,11.1,153320830794,0,2016-01-15 12:31:09
2016-01-18 12:00:00,11.14,11.14,11.14,11.14,159934163172,0,2016-01-18 12:31:08
2016-01-19 12:00:00,11.16,11.16,11.16,11.16,173321281115,0,2016-01-19 12:31:09
2016-01-20 12:00:00,11.13,11.13,11.13,11.13,135694873804,0,2016-01-20 12:31:14
2016-01-21 12:00:00,11.1,11.1,11.1,11.1,153938240990,0,2016-01-21 12:31:10
2016-01-22 12:00:00,11.09,11.09,11.09,11.09,167070519096,0,2016-01-22 12:31:09
2016-01-25 12:00:00,11.08,11.08,11.08,11.08,170915394719,0,2016-01-25 12:31:09
2016-01-26 12:00:00,11.06,11.06,11.06,11.06,140990296030,0,2016-01-26 12:31:10
2016-01-27 12:00:00,11.1,11.1,11.1,11.1,130431091103,0,2016-01-27 12:31:09
2016-01-29 12:00:00,11.17,11.17,11.17,11.17,149642435338,0,2016-01-29 12:31:04
2016-02-01 12:00:00,11.13,11.13,11.13,11.13,168011017952,0,2016-02-01 12:31:19
2016-02-02 12:00:00,11.12,11.12,11.12,11.12,171469496223,0,2016-02-02 12:31:05
2016-02-03 12:00:00,11.17,11.17,11.17,11.17,153183320044,0,2016-02-03 12:31:20
2016-02-04 12:00:00,11.15,11.15,11.15,11.15,190962796465,0,2016-02-04 12:31:09
2016-02-05 12:00:00,11.06,11.06,11.06,11.06,178153540554,0,2016-02-05 12:31:15
2016-02-08 12:00:00,11.04,11.04,11.04,11.04,179433496973,0,2016-02-08 12:31:14
2016-02-09 12:00:00,10.8,10.8,10.8,10.8,181330036972,0,2016-02-09 12:31:09
2016-02-10 12:00:00,10.77,10.77,10.77,10.77,168943314461,0,2016-02-10 12:31:04
2016-02-11 12:00:00,10.86,10.86,10.86,10.86,190738578664,0,2016-02-11 12:31:19
2016-02-12 12:00:00,10.84,10.84,10.84,10.84,192002468037,0,2016-02-12 12:31:08
2016-02-15 12:00:00,10.86,10.86,10.86,10.86,217568273468,0,2016-02-15 12:31:03
2016-02-16 12:00:00,10.87,10.87,10.87,10.87,200578138064,0,2016-02-16 12:31:19
2016-02-17 12:00:00,10.89,10.89,10.89,10.89,176346245163,0,2016-02-17 12:31:04
2016-03-29 12:00:00,11.1,11.1,11.1,11.1,3073258403,0,2016-03-29 12:31:16
2016-03-30 12:00:00,11.09,11.09,11.09,11.09,2391951499,0,2016-03-30 12:31:21
2016-03-31 12:00:00,11.19,11.19,11.19,11.19,2578922381,0,2016-03-31 12:31:21
2016-04-01 12:00:00,11.12,11.12,11.12,11.12,2790312156,0,2016-04-01 12:31:09
2016-04-04 12:00:00,11.01,11.01,11.01,11.01,2321360726,0,2016-04-04 12:31:15
2016-04-05 12:00:00,10.68,10.68,10.68,10.68,2772730872,0,2016-04-05 12:31:11
2016-04-06 12:00:00,10.71,10.71,10.71,10.71,2563080758,0,2016-04-06 12:31:16
2016-04-07 12:00:00,10.92,10.92,10.92,10.92,2514751385,0,2016-04-07 12:31:21
2016-04-08 12:00:00,10.99,10.99,10.99,10.99,3764342496,0,2016-04-08 12:31:09
2016-04-11 12:00:00,10.99,10.98,10.99,10.98,3969195063,0,2016-04-11 12:31:11
2016-04-12 12:00:00,10.98,10.98,10.98,10.98,4118741943,0,2016-04-12 12:31:15
2016-04-13 12:00:00,10.95,10.95,10.95,10.95,3623384651,0,2016-04-13 12:31:05
2016-04-14 12:00:00,10.95,10.87,10.95,10.87,3766314599,0,2016-04-14 12:31:15
2016-04-15 12:00:00,10.94,10.94,10.94,10.94,3850401641,0,2016-04-15 12:31:11
2016-04-18 12:00:00,10.94,10.96,10.96,10.94,3188155474,0,2016-04-18 12:59:59
2016-04-19 12:00:00,11.02,11.02,11.02,11.02,3249388468,0,2016-04-19 12:59:59
2016-04-20 12:00:00,11.0,11.0,11.0,11.0,2833219599,0,2016-04-20 12:34:11
2016-04-21 12:00:00,10.84,10.84,10.84,10.84,3177486604,0,2016-04-21 12:34:06
2016-04-22 12:00:00,10.68,10.68,10.68,10.68,2849446163,0,2016-04-22 12:34:15
2016-04-25 12:00:00,10.68,10.72,10.72,10.68,2795135884,0,2016-04-25 12:34:02
2016-04-26 12:00:00,10.79,10.79,10.79,10.79,2667577280,0,2016-04-26 12:34:16
2016-04-27 12:00:00,10.84,10.84,10.84,10.84,2593290216,0,2016-04-27 12:34:02
2016-04-28 12:00:00,10.87,10.87,10.87,10.87,2778965456,0,2016-04-28 12:34:16
2016-04-29 12:00:00,10.97,10.97,10.97,10.97,3216750868,0,2016-04-29 12:34:16
2016-05-04 12:00:00,10.97,10.99,10.99,10.97,2705951782,0,2016-05-04 12:34:21
2016-05-05 12:00:00,11.06,11.06,11.06,11.06,2957719595,0,2016-05-05 12:34:21
2016-05-06 12:00:00,10.88,10.88,10.88,10.88,3443687406,0,2016-05-06 12:34:16
2016-05-10 12:00:00,10.88,10.5,10.88,10.5,2243189708,0,2016-05-10 12:34:02
2016-05-11 12:00:00,10.61,10.61,10.61,10.61,2984116385,0,2016-05-11 12:34:07
2016-05-12 12:00:00,10.8,10.8,10.8,10.8,2633355657,0,2016-05-12 12:34:01
2016-05-13 12:00:00,10.99,10.99,10.99,10.99,3220068389,0,2016-05-13 12:34:07
2016-05-16 12:00:00,10.99,11.15,11.15,10.99,2803492121,0,2016-05-16 12:34:07
2016-05-17 12:00:00,11.23,11.23,11.23,11.23,2960325400,0,2016-05-17 12:34:02
2016-05-18 12:00:00,11.16,11.16,11.16,11.16,2633251517,0,2016-05-18 12:34:02
2016-05-19 12:00:00,11.12,11.12,11.12,11.12,2688597826,0,2016-05-19 12:34:02
2016-05-20 12:00:00,11.15,11.15,11.15,11.15,2547243556,0,2016-05-20 12:34:02
2016-05-23 12:00:00,11.15,11.17,11.17,11.15,3265247257,0,2016-05-23 12:34:07
2016-05-24 12:00:00,11.19,11.19,11.19,11.19,2359050177,0,2016-05-24 12:34:07
2016-05-25 12:00:00,11.2,11.2,11.2,11.2,2771825097,0,2016-05-25 12:34:02
2016-05-26 12:00:00,11.2,11.18,11.2,11.18,2475357666,0,2016-05-26 12:34:01
2016-05-27 12:00:00,11.18,11.24,11.24,11.18,2558785217,0,2016-05-27 12:34:02
2016-05-30 12:00:00,11.24,11.16,11.24,11.16,2379044323,0,2016-05-30 12:34:07
2016-05-31 12:00:00,11.27,11.27,11.27,11.27,2580469128,0,2016-05-31 12:34:07
2016-06-01 12:00:00,11.31,11.31,11.31,11.31,3825297920,0,2016-06-01 12:34:07
2016-06-02 12:00:00,11.28,11.28,11.28,11.28,3816823862,0,2016-06-02 12:34:07
2016-06-03 12:00:00,11.32,11.32,11.32,11.32,3921080640,0,2016-06-03 12:34:03
2016-06-06 12:00:00,11.32,11.16,11.32,11.16,2451747517,0,2016-06-06 12:34:03
2016-06-07 12:00:00,11.0,11.0,11.0,11.0,2941600557,0,2016-06-07 12:34:07
2016-06-08 12:00:00,10.98,10.98,10.98,10.98,2563201563,0,2016-06-08 12:34:07
2016-06-09 12:00:00,10.98,10.98,10.98,10.98,2681045032,0,2016-06-09 12:34:03
2016-06-10 12:00:00,10.92,10.92,10.92,10.92,220239189555,0,2016-06-10 12:34:07
2016-06-14 12:00:00,10.92,10.44,10.92,10.44,191282761848,0,2016-06-14 12:34:07
2016-06-15 12:00:00,10.44,10.44,10.44,10.44,201076096595,0,2016-06-15 12:34:07
2016-06-16 12:00:00,10.44,10.44,10.44,10.44,181643238000,0,2016-06-16 12:34:06
2016-06-17 12:00:00,10.4,10.4,10.4,10.4,170993430082,0,2016-06-17 12:34:07
2016-06-20 12:00:00,10.4,10.44,10.44,10.4,170501675602,0,2016-06-20 12:34:02
2016-06-21 12:00:00,10.46,10.46,10.46,10.46,172619648214,0,2016-06-21 12:34:02
2016-06-22 12:00:00,10.45,10.45,10.45,10.45,181082772057,0,2016-06-22 12:34:08
2016-06-23 12:00:00,10.43,10.43,10.43,10.43,193655451177,0,2016-06-23 12:34:07
2016-06-24 12:00:00,10.44,10.44,10.44,10.44,197478294911,0,2016-06-24 12:34:06
2016-06-27 12:00:00,10.45,10.45,10.45,10.45,206781968882,0,2016-06-27 12:34:02
2016-06-28 12:00:00,10.48,10.48,10.48,10.48,166232471787,0,2016-06-28 12:34:02
2016-06-29 12:00:00,10.45,10.45,10.45,10.45,149299670479,0,2016-06-29 12:34:02
2016-06-30 12:00:00,10.49,10.49,10.49,10.49,183435401156,0,2016-06-30 12:34:02
2016-07-01 12:00:00,10.43,10.43,10.43,10.43,209210214925,0,2016-07-01 12:34:02
2016-07-04 12:00:00,10.43,10.36,10.43,10.36,208371267963,0,2016-07-04 12:34:06
2016-07-05 12:00:00,10.32,10.32,10.32,10.32,177946276509,0,2016-07-05 12:34:07
2016-07-06 12:00:00,10.32,10.32,10.32,10.32,163087108958,0,2016-07-06 12:34:02
2016-07-07 12:00:00,10.36,10.36,10.36,10.36,207419193016,0,2016-07-07 12:34:06
2016-07-08 12:00:00,10.39,10.39,10.39,10.39,216129444631,0,2016-07-08 12:34:02
2016-07-11 12:00:00,10.39,10.39,10.39,10.39,216231461626,0,2016-07-11 12:34:03
2016-07-12 12:00:00,10.44,10.44,10.44,10.44,194091574185,0,2016-07-12 12:34:06
2016-07-13 12:00:00,10.46,10.46,10.46,10.46,189208052905,0,2016-07-13 12:34:07
2016-07-14 12:00:00,10.48,10.48,10.48,10.48,178382004583,0,2016-07-14 12:34:07
2016-07-15 12:00:00,10.46,10.46,10.46,10.46,196558373459,0,2016-07-15 12:34:07
2016-07-18 12:00:00,10.46,10.46,10.46,10.46,196737291794,0,2016-07-18 12:34:03
2016-07-19 12:00:00,10.46,10.46,10.46,10.46,202748937951,0,2016-07-19 12:34:07
2016-07-20 12:00:00,10.4,10.4,10.4,10.4,149552072491,0,2016-07-20 12:34:03
2016-07-21 12:00:00,10.42,10.42,10.42,10.42,168352492979,0,2016-07-21 12:34:02
2016-07-22 12:00:00,10.42,10.42,10.42,10.42,178759914568,0,2016-07-22 12:34:07
2016-07-25 12:00:00,10.43,10.43,10.43,10.43,167014177647,0,2016-07-25 12:34:07
2016-07-26 12:00:00,10.51,10.51,10.51,10.51,191315830821,0,2016-07-26 12:34:02
2016-07-27 12:00:00,10.58,10.58,10.58,10.58,194147808683,0,2016-07-27 12:34:02
2016-07-28 12:00:00,10.56,10.56,10.56,10.56,239441515463,0,2016-07-28 12:34:02
2016-07-29 12:00:00,10.58,10.58,10.58,10.58,270863790913,0,2016-07-29 12:34:07
2016-08-01 12:00:00,10.49,10.49,10.49,10.49,230833266409,0,2016-08-01 12:34:07
2016-08-02 12:00:00,10.33,10.33,10.33,10.33,195276162773,0,2016-08-02 12:34:07
2016-08-03 12:00:00,10.42,10.42,10.42,10.42,224341948410,0,2016-08-03 12:34:02
2016-08-04 12:00:00,10.45,10.45,10.45,10.45,219053189857,0,2016-08-04 12:34:02
2016-08-05 12:00:00,10.48,10.48,10.48,10.48,235735640330,0,2016-08-05 12:34:03
2016-08-08 12:00:00,10.46,10.46,10.46,10.46,212443913842,0,2016-08-08 12:34:07
2016-08-09 12:00:00,10.45,10.45,10.45,10.45,215440620179,0,2016-08-09 12:34:02
2016-08-10 12:00:00,10.46,10.46,10.46,10.46,204977776885,0,2016-08-10 12:34:07
2016-08-11 12:00:00,10.44,10.44,10.44,10.44,223731702890,0,2016-08-11 12:34:07
2016-08-12 12:00:00,10.43,10.43,10.43,10.43,213791105537,0,2016-08-12 12:34:02
2016-08-15 12:00:00,10.43,10.43,10.43,10.43,199066209355,0,2016-08-15 12:34:07
2016-08-16 12:00:00,10.43,10.43,10.43,10.43,236409169279,0,2016-08-16 12:34:02
2016-08-17 12:00:00,10.46,10.46,10.46,10.46,228817149233,0,2016-08-17 12:34:08
2016-08-18 12:00:00,10.43,10.43,10.43,10.43,215996402446,0,2016-08-18 12:34:07
2016-08-19 12:00:00,10.47,10.47,10.47,10.47,210046424265,0,2016-08-19 12:34:03
2016-08-22 12:00:00,10.44,10.44,10.44,10.44,219587431184,0,2016-08-22 12:34:07
2016-08-23 12:00:00,10.44,10.44,10.44,10.44,221800637196,0,2016-08-23 12:34:02
2016-08-24 12:00:00,10.43,10.43,10.43,10.43,236727987740,0,2016-08-24 12:34:07
2016-08-25 12:00:00,10.41,10.41,10.41,10.41,248210619878,0,2016-08-25 12:34:07
2016-08-26 12:00:00,10.45,10.45,10.45,10.45,237956572350,0,2016-08-26 12:34:07
2016-08-29 12:00:00,10.46,10.46,10.46,10.46,216181203087,0,2016-08-29 12:34:07
2016-08-30 12:00:00,10.46,10.46,10.46,10.46,219194636585,0,2016-08-30 12:34:07
2016-08-31 12:00:00,10.46,10.46,10.46,10.46,191259749406,0,2016-08-31 12:34:02
2016-09-01 12:00:00,10.46,10.46,10.46,10.46,189576608250,0,2016-09-01 12:34:02
2016-09-02 12:00:00,10.44,10.44,10.44,10.44,207095470963,0,2016-09-02 12:34:07
2016-09-05 12:00:00,10.47,10.47,10.47,10.47,232291454090,0,2016-09-05 12:34:02
2016-09-06 12:00:00,10.45,10.45,10.45,10.45,215656527595,0,2016-09-06 12:34:02
2016-09-07 12:00:00,10.46,10.46,10.46,10.46,231148602377,0,2016-09-07 12:34:07
2016-09-08 12:00:00,10.46,10.46,10.46,10.46,279133429609,0,2016-09-08 12:34:07
2016-09-09 12:00:00,10.4,10.4,10.4,10.4,235860479834,0,2016-09-09 12:34:07
2016-09-12 12:00:00,10.4,10.4,10.4,10.4,213124875869,0,2016-09-12 12:34:03
2016-09-13 12:00:00,10.45,10.45,10.45,10.45,279303342743,0,2016-09-13 12:34:07
2016-09-14 12:00:00,10.41,10.41,10.41,10.41,191267851290,0,2016-09-14 12:34:07
2016-09-15 12:00:00,10.53,10.53,10.53,10.53,184651111582,0,2016-09-15 12:34:07
2016-09-16 12:00:00,10.59,10.59,10.59,10.59,193860946165,0,2016-09-16 12:34:06
2016-09-19 12:00:00,10.12,10.12,10.12,10.12,191982476036,0,2016-09-19 12:34:07
2016-09-20 12:00:00,10.16,10.16,10.16,10.16,193956929029,0,2016-09-20 12:34:03
2016-09-21 12:00:00,10.04,10.04,10.04,10.04,191591960594,0,2016-09-21 12:34:07
2016-09-22 12:00:00,9.88,9.88,9.88,9.88,211648788286,0,2016-09-22 12:34:02
2016-09-23 12:00:00,9.89,9.89,9.89,9.89,212878977052,0,2016-09-23 12:34:07
2016-09-26 12:00:00,9.89,9.89,9.89,9.89,215143031367,0,2016-09-26 12:34:02
2016-09-27 12:00:00,10.0,10.0,10.0,10.0,268619468202,0,2016-09-27 12:34:07
2016-09-28 12:00:00,10.11,10.11,10.11,10.11,223912559192,0,2016-09-28 12:34:03
2016-09-29 12:00:00,10.34,10.34,10.34,10.34,248477867718,0,2016-09-29 12:34:01
2016-09-30 12:00:00,10.55,10.55,10.55,10.55,270609688904,0,2016-09-30 12:34:07
2016-10-03 12:00:00,10.29,10.29,10.29,10.29,254054406655,0,2016-10-03 12:34:07
2016-10-04 12:00:00,10.17,10.17,10.17,10.17,255785860158,0,2016-10-04 12:34:07
2016-10-05 12:00:00,10.37,10.37,10.37,10.37,304688444966,0,2016-10-05 12:34:06
2016-10-06 12:00:00,10.35,10.35,10.35,10.35,323308091721,0,2016-10-06 12:34:02
2016-10-07 12:00:00,10.34,10.34,10.34,10.34,329192430684,0,2016-10-07 12:34:02
2016-10-10 12:00:00,10.36,10.36,10.36,10.36,349095223315,0,2016-10-10 12:34:06
2016-10-11 12:00:00,10.45,10.45,10.45,10.45,350502367923,0,2016-10-11 12:34:07
2016-10-12 12:00:00,10.44,10.44,10.44,10.44,248244600421,0,2016-10-12 12:34:07
2016-10-13 12:00:00,10.39,10.39,10.39,10.39,261887856166,0,2016-10-13 12:34:02
2016-10-14 12:00:00,10.4,10.4,10.4,10.4,266471441972,0,2016-10-14 12:34:06
2016-10-17 12:00:00,10.42,10.42,10.42,10.42,271120121653,0,2016-10-17 12:34:02
2016-10-18 12:00:00,10.48,10.48,10.48,10.48,327772686725,0,2016-10-18 12:34:07
2016-10-19 12:00:00,10.46,10.46,10.46,10.46,294282829363,0,2016-10-19 12:34:07
2016-10-20 12:00:00,10.45,10.45,10.45,10.45,256786477796,0,2016-10-20 12:34:02
2016-10-21 12:00:00,10.42,10.42,10.42,10.42,279113116361,0,2016-10-21 12:34:07
2016-10-24 12:00:00,10.41,10.41,10.41,10.41,287666802964,0,2016-10-24 12:34:02
2016-10-25 12:00:00,10.41,10.41,10.41,10.41,289168047533,0,2016-10-25 12:34:02
2016-10-26 12:00:00,10.41,10.41,10.41,10.41,286312861212,0,2016-10-26 12:34:07
2016-10-27 12:00:00,10.38,10.38,10.38,10.38,316067995363,0,2016-10-27 12:34:02
2016-10-28 12:00:00,10.39,10.39,10.39,10.39,317979376508,0,2016-10-28 12:34:07
2016-10-31 12:00:00,10.37,10.37,10.37,10.37,279873836254,0,2016-10-31 12:34:02
2016-11-01 12:00:00,10.39,10.39,10.39,10.39,354005792323,0,2016-11-01 12:34:07
2016-11-02 12:00:00,10.17,10.17,10.17,10.17,343278853097,0,2016-11-02 12:34:02
2016-11-03 12:00:00,9.81,9.81,9.81,9.81,349959170220,0,2016-11-03 12:34:02
2016-11-08 12:00:00,9.49,9.49,9.49,9.49,207307932656,0,2016-11-08 12:34:01
2016-11-09 12:00:00,9.91,9.91,9.91,9.91,263210004252,0,2016-11-09 12:34:02
2016-11-10 12:00:00,10.06,10.06,10.06,10.06,252192179440,0,2016-11-10 12:34:06
2016-11-11 12:00:00,10.06,10.06,10.06,10.06,250654439584,0,2016-11-11 12:34:06
2016-11-14 12:00:00,10.13,10.13,10.13,10.13,244649490597,0,2016-11-14 12:34:01
2016-11-15 12:00:00,10.17,10.17,10.17,10.17,245923064664,0,2016-11-15 12:34:06
2016-11-16 12:00:00,10.21,10.21,10.21,10.21,235181330127,0,2016-11-16 12:34:07
2016-11-17 12:00:00,10.15,10.15,10.15,10.15,227889470436,0,2016-11-17 12:34:02
2016-11-18 12:00:00,10.14,10.14,10.14,10.14,261170544657,0,2016-11-18 12:34:02
2016-11-21 12:00:00,10.12,10.12,10.12,10.12,291399096422,0,2016-11-21 12:34:01
2016-11-22 12:00:00,10.13,10.13,10.13,10.13,258104421456,0,2016-11-22 12:34:02
2016-11-23 12:00:00,10.11,10.11,10.11,10.11,269038980789,0,2016-11-23 12:34:02
2016-11-24 12:00:00,10.09,10.09,10.09,10.09,314367133295,0,2016-11-24 12:34:07
2016-11-25 12:00:00,10.1,10.1,10.1,10.1,267336287663,0,2016-11-25 12:34:02
2016-11-28 12:00:00,10.14,10.14,10.14,10.14,264285276762,0,2016-11-28 12:34:06
2016-11-29 12:00:00,10.23,10.23,10.23,10.23,230424515457,0,2016-11-29 12:34:06
2016-11-30 12:00:00,10.16,10.16,10.16,10.16,247034164942,0,2016-11-30 12:34:06
2016-12-01 12:00:00,10.17,10.17,10.17,10.17,299346913767,0,2016-12-01 12:34:02
2016-12-02 12:00:00,10.15,10.15,10.15,10.15,297198105444,0,2016-12-02 12:34:02
2016-12-05 12:00:00,10.1,10.1,10.1,10.1,244101929669,0,2016-12-05 12:34:02
2016-12-06 12:00:00,10.2,10.2,10.2,10.2,248141617334,0,2016-12-06 12:34:01
2016-12-07 12:00:00,10.15,10.15,10.15,10.15,234825903827,0,2016-12-07 12:34:01
2016-12-08 12:00:00,10.17,10.17,10.17,10.17,275630206297,0,2016-12-08 12:34:02
2016-12-09 12:00:00,10.16,10.16,10.16,10.16,309784853131,0,2016-12-09 12:34:02
2016-12-12 12:00:00,10.13,10.13,10.13,10.13,272272420374,0,2016-12-12 12:34:02
2016-12-13 12:00:00,10.14,10.14,10.14,10.14,271107100317,0,2016-12-13 12:34:01
2016-12-14 12:00:00,10.15,10.15,10.15,10.15,241085260584,0,2016-12-14 12:34:06
2016-12-15 12:00:00,10.14,10.14,10.14,10.14,270477177681,0,2016-12-15 12:34:06
2016-12-16 12:00:00,10.13,10.13,10.13,10.13,255696063681,0,2016-12-16 12:34:07
2016-12-19 12:00:00,10.11,10.11,10.11,10.11,250891073686,0,2016-12-19 12:34:02
2016-12-20 12:00:00,10.12,10.12,10.12,10.12,282691835061,0,2016-12-20 12:34:01
2016-12-21 12:00:00,10.06,10.06,10.06,10.06,248575993032,0,2016-12-21 12:34:01
2016-12-22 12:00:00,10.19,10.19,10.19,10.19,305436527199,0,2016-12-22 12:34:02
2016-12-23 12:00:00,10.14,10.14,10.14,10.14,263115646565,0,2016-12-23 12:34:07
2016-12-26 12:00:00,10.17,10.17,10.17,10.17,261085608859,0,2016-12-26 12:34:07
2016-12-27 12:00:00,10.25,10.25,10.25,10.25,268772041097,0,2016-12-27 12:34:02
2016-12-28 12:00:00,10.39,10.39,10.39,10.39,213575954051,0,2016-12-28 12:34:02
2016-12-29 12:00:00,10.24,10.24,10.24,10.24,74346748377,0,2016-12-29 12:34:03
2016-12-30 12:00:00,10.39,10.39,10.39,10.39,3605805572,0,2016-12-30 12:34:06
2017-01-03 12:00:00,9.75,9.75,9.75,9.75,4645374932,0,2017-01-03 12:34:02
2017-01-04 12:00:00,10.03,10.03,10.03,10.03,1370988436,0,2017-01-04 12:34:02
2017-01-05 12:00:00,9.51,9.51,9.51,9.51,419427072,0,2017-01-05 12:34:06
2017-01-06 12:00:00,9.09,9.09,9.09,9.09,3682768312,0,2017-01-06 12:34:07
2017-01-09 12:00:00,10.14,10.14,10.14,10.14,169950448412,0,2017-01-09 12:34:02
2017-01-10 12:00:00,10.16,10.16,10.16,10.16,235611675946,0,2017-01-10 12:34:06
2017-01-11 12:00:00,10.13,10.13,10.13,10.13,261793148418,0,2017-01-11 12:34:06
2017-01-12 12:00:00,10.25,10.25,10.25,10.25,394363470069,0,2017-01-12 12:34:07
2017-01-13 12:00:00,10.04,10.04,10.04,10.04,258904646254,0,2017-01-13 12:34:06
2017-01-16 12:00:00,10.07,10.07,10.07,10.07,246987649332,0,2017-01-16 12:34:01
2017-01-17 12:00:00,10.22,10.22,10.22,10.22,337776709203,0,2017-01-17 12:34:02
2017-01-18 12:00:00,10.14,10.14,10.14,10.14,260386003237,0,2017-01-18 12:34:07
2017-01-19 12:00:00,10.18,10.18,10.18,10.18,255311920898,0,2017-01-19 12:34:02
2017-01-20 12:00:00,10.14,10.14,10.14,10.14,301492594870,0,2017-01-20 12:34:07
2017-01-23 12:00:00,10.03,10.03,10.03,10.03,270061186249,0,2017-01-23 12:34:06
2017-01-24 12:00:00,10.01,10.01,10.01,10.01,253826774388,0,2017-01-24 12:34:07
2017-01-25 12:00:00,10.13,10.13,10.13,10.13,284458465420,0,2017-01-25 12:34:06
2017-01-26 12:00:00,10.24,10.24,10.24,10.24,254425537752,0,2017-01-26 12:34:07
2017-01-27 12:00:00,10.25,10.25,10.25,10.25,232516436071,0,2017-01-27 12:34:06
2017-01-30 12:00:00,10.22,10.22,10.22,10.22,193918772216,0,2017-01-30 12:34:02
2017-01-31 12:00:00,10.23,10.23,10.23,10.23,288585133944,0,2017-01-31 12:34:06
2017-02-01 12:00:00,10.18,10.18,10.18,10.18,268212872493,0,2017-02-01 12:34:01
2017-02-02 12:00:00,10.08,10.08,10.08,10.08,223825856854,0,2017-02-02 12:34:06
2017-02-03 12:00:00,9.96,9.96,9.96,9.96,231286695246,0,2017-02-03 12:34:06
2017-02-06 12:00:00,9.9,9.9,9.9,9.9,249391288946,0,2017-02-06 12:34:06
2017-02-07 12:00:00,9.82,9.82,9.82,9.82,248088856647,0,2017-02-07 12:34:02
2017-02-08 12:00:00,9.99,9.99,9.99,9.99,233319000713,0,2017-02-08 12:34:02
2017-02-09 12:00:00,10.09,10.09,10.09,10.09,223146772814,0,2017-02-09 12:34:02
2017-02-10 12:00:00,10.11,10.11,10.11,10.11,225673735308,0,2017-02-10 12:34:07
2017-02-13 12:00:00,10.14,10.14,10.14,10.14,245665700394,0,2017-02-13 12:34:06
2017-02-14 12:00:00,10.13,10.13,10.13,10.13,244869119993,0,2017-02-14 12:34:02
2017-02-15 12:00:00,10.1,10.1,10.1,10.1,211483436008,0,2017-02-15 12:34:06
2017-02-16 12:00:00,10.17,10.17,10.17,10.17,203177987256,0,2017-02-16 12:34:06
2017-02-17 12:00:00,10.23,10.23,10.23,10.23,209294536055,0,2017-02-17 12:34:02
2017-02-20 12:00:00,10.19,10.19,10.19,10.19,164040677123,0,2017-02-20 12:34:02
2017-02-21 12:00:00,10.15,10.15,10.15,10.15,155749313972,0,2017-02-21 12:34:07
2017-02-22 12:00:00,10.12,10.12,10.12,10.12,6433756930,0,2017-02-22 12:34:07
2017-02-24 12:00:00,10.37,10.37,10.37,10.37,14678551273,0,2017-02-24 12:34:07
2017-02-27 12:00:00,10.17,10.17,10.17,10.17,179709940699,0,2017-02-27 12:34:07
2017-02-28 12:00:00,10.13,10.13,10.13,10.13,234677724348,0,2017-02-28 12:34:06
2017-03-01 12:00:00,10.14,10.14,10.14,10.14,243072980462,0,2017-03-01 12:34:06
2017-03-02 12:00:00,10.14,10.14,10.14,10.14,362213903403,0,2017-03-02 12:34:07
2017-03-03 12:00:00,9.98,9.98,9.98,9.98,277135664455,0,2017-03-03 12:34:06
2017-03-06 12:00:00,10.05,10.05,10.05,10.05,336610569193,0,2017-03-06 12:34:02
2017-03-07 12:00:00,9.99,9.99,9.99,9.99,363903659788,0,2017-03-07 12:34:02
2017-03-09 12:00:00,10.04,10.04,10.04,10.04,315119078779,0,2017-03-09 12:34:06
2017-03-10 12:00:00,10.08,10.08,10.08,10.08,362351494501,0,2017-03-10 12:34:02
2017-03-13 12:00:00,10.0,10.0,10.0,10.0,300767845552,0,2017-03-13 12:34:07
2017-03-14 12:00:00,10.04,10.04,10.04,10.04,354550256668,0,2017-03-14 12:34:07
2017-03-15 12:00:00,10.02,10.02,10.02,10.02,305582336269,0,2017-03-15 12:34:07
2017-03-16 12:00:00,10.03,10.03,10.03,10.03,297313856157,0,2017-03-16 12:34:07
2017-03-17 12:00:00,10.09,10.09,10.09,10.09,342205774098,0,2017-03-17 12:34:06
2017-03-20 12:00:00,10.08,10.08,10.08,10.08,292968482070,0,2017-03-20 12:34:06
2017-03-21 12:00:00,10.12,10.12,10.12,10.12,321912982246,0,2017-03-21 12:34:06
2017-03-22 12:00:00,10.15,10.15,10.15,10.15,330245769224,0,2017-03-22 12:34:02
2017-03-23 12:00:00,10.1,10.1,10.1,10.1,289001272032,0,2017-03-23 12:34:01
2017-03-24 12:00:00,10.12,10.12,10.12,10.12,389758018994,0,2017-03-24 12:34:02
2017-03-27 12:00:00,9.86,9.86,9.86,9.86,347294646082,0,2017-03-27 12:34:02
2017-03-28 12:00:00,9.91,9.91,9.91,9.91,382763141324,0,2017-03-28 12:34:06
2017-03-29 12:00:00,10.0,10.0,10.0,10.0,365522624664,0,2017-03-29 12:34:01
2017-03-30 12:00:00,10.15,10.15,10.15,10.15,439560524112,0,2017-03-30 12:34:07
2017-03-31 12:00:00,10.13,10.13,10.13,10.13,389733814847,0,2017-03-31 12:34:06
2017-04-03 12:00:00,10.03,10.03,10.03,10.03,400114874022,0,2017-04-03 12:34:02
2017-04-04 12:00:00,9.91,9.91,9.91,9.91,412826136119,0,2017-04-04 12:34:02
2017-04-05 12:00:00,9.79,9.79,9.79,9.79,389728438453,0,2017-04-05 12:34:07
2017-04-06 12:00:00,9.53,9.53,9.53,9.53,368318678929,0,2017-04-06 12:34:07
2017-04-07 12:00:00,9.43,9.43,9.43,9.43,314969923998,0,2017-04-07 12:34:07
2017-04-10 12:00:00,9.5,9.5,9.5,9.5,332772432039,0,2017-04-10 12:34:07
2017-04-11 12:00:00,9.55,9.55,9.55,9.55,292992231640,0,2017-04-11 12:34:07
2017-04-12 12:00:00,9.65,9.65,9.65,9.65,331120379708,0,2017-04-12 12:34:07
2017-04-13 12:00:00,9.65,9.65,9.65,9.65,306770932818,0,2017-04-13 12:34:06
2017-04-14 12:00:00,9.64,9.64,9.64,9.64,321033728539,0,2017-04-14 12:34:07
2017-04-17 12:00:00,9.66,9.66,9.66,9.66,310896487776,0,2017-04-17 12:34:06
2017-04-18 12:00:00,9.73,9.73,9.73,9.73,352295896045,0,2017-04-18 12:34:07
2017-04-19 12:00:00,9.75,9.75,9.75,9.75,276870744664,0,2017-04-19 12:34:07
2017-04-20 12:00:00,9.79,9.79,9.79,9.79,370884267257,0,2017-04-20 12:34:07
2017-04-21 12:00:00,9.74,9.74,9.74,9.74,349604412613,0,2017-04-21 12:34:07
2017-04-24 12:00:00,9.67,9.67,9.67,9.67,349758845491,0,2017-04-24 12:34:06
2017-04-25 12:00:00,9.68,9.68,9.68,9.68,359696496961,0,2017-04-25 12:34:07
2017-04-26 12:00:00,9.78,9.78,9.78,9.78,346818886049,0,2017-04-26 12:34:06
2017-04-27 12:00:00,9.78,9.78,9.78,9.78,418751909096,0,2017-04-27 12:34:02
2017-04-28 12:00:00,9.8,9.8,9.8,9.8,472923155245,0,2017-04-28 12:34:02
2017-05-02 12:00:00,9.3,9.3,9.3,9.3,327917559307,0,2017-05-02 12:34:06
2017-05-03 12:00:00,9.41,9.41,9.41,9.41,413589035485,0,2017-05-03 12:34:01
2017-05-04 12:00:00,9.57,9.57,9.57,9.57,447755009121,0,2017-05-04 12:34:01
2017-05-05 12:00:00,9.67,9.67,9.67,9.67,391479866518,0,2017-05-05 12:34:07
2017-05-10 12:00:00,9.54,9.54,9.54,9.54,434350533914,0,2017-05-10 12:34:06
2017-05-11 12:00:00,9.39,9.39,9.39,9.39,433536055361,0,2017-05-11 12:34:02
2017-05-12 12:00:00,9.26,9.26,9.26,9.26,457332803081,0,2017-05-12 12:34:01
2017-05-15 12:00:00,9.19,9.19,9.19,9.19,437969694967,0,2017-05-15 12:34:02
2017-05-16 12:00:00,9.17,9.17,9.17,9.17,408897159958,0,2017-05-16 12:34:06
2017-05-17 12:00:00,9.17,9.17,9.17,9.17,341661409107,0,2017-05-17 12:34:02
2017-05-18 12:00:00,9.21,9.21,9.21,9.21,380704294088,0,2017-05-18 12:34:07
2017-05-19 12:00:00,9.25,9.25,9.25,9.25,367262341246,0,2017-05-19 12:34:06
2017-05-22 12:00:00,9.24,9.24,9.24,9.24,416028517592,0,2017-05-22 12:34:06
2017-05-23 12:00:00,9.24,9.24,9.24,9.24,398822052683,0,2017-05-23 12:34:06
2017-05-24 12:00:00,9.25,9.25,9.25,9.25,409571598731,0,2017-05-24 12:34:02
2017-05-25 12:00:00,9.24,9.24,9.24,9.24,402381646057,0,2017-05-25 12:34:06
2017-05-26 12:00:00,9.27,9.27,9.27,9.27,408749898491,0,2017-05-26 12:34:10
2017-05-29 12:00:00,9.29,9.29,9.29,9.29,406969215612,0,2017-05-29 12:34:07
2017-05-30 12:00:00,9.33,9.33,9.33,9.33,404829091721,0,2017-05-30 12:34:02
2017-05-31 12:00:00,9.35,9.35,9.35,9.35,408698548645,0,2017-05-31 12:34:06
2017-06-01 12:00:00,9.32,9.32,9.32,9.32,397091109731,0,2017-06-01 12:34:06
2017-06-02 12:00:00,9.32,9.32,9.32,9.32,357841502080,0,2017-06-02 12:34:07
2017-06-05 12:00:00,9.24,9.24,9.24,9.24,226886841946,0,2017-06-05 12:34:03
2017-06-06 12:00:00,9.53,9.53,9.53,9.53,263099106294,0,2017-06-06 12:34:06
2017-06-07 12:00:00,9.35,9.35,9.35,9.35,261081281767,0,2017-06-07 12:34:02
2017-06-08 12:00:00,9.31,9.31,9.31,9.31,349798418244,0,2017-06-08 12:34:06
2017-06-09 12:00:00,9.3,9.3,9.3,9.3,374799935665,0,2017-06-09 12:34:02
2017-06-13 12:00:00,9.31,9.31,9.31,9.31,365150168166,0,2017-06-13 12:34:06
2017-06-14 12:00:00,9.25,9.25,9.25,9.25,314777244750,0,2017-06-14 12:34:06
2017-06-15 12:00:00,9.29,9.29,9.29,9.29,390318472607,0,2017-06-15 12:34:06
2017-06-16 12:00:00,9.28,9.28,9.28,9.28,377784613070,0,2017-06-16 12:34:07
2017-06-19 12:00:00,9.06,9.06,9.06,9.06,225115030229,0,2017-06-19 12:34:01
2017-06-20 12:00:00,9.15,9.15,9.15,9.15,346841285799,0,2017-06-20 12:34:07
2017-06-21 12:00:00,9.12,9.12,9.12,9.12,356415217542,0,2017-06-21 12:34:06
2017-06-22 12:00:00,9.1,9.1,9.1,9.1,416649492688,0,2017-06-22 12:34:07
2017-06-23 12:00:00,8.91,8.91,8.91,8.91,414418871707,0,2017-06-23 12:34:02
2017-06-26 12:00:00,8.97,8.97,8.97,8.97,448353879873,0,2017-06-26 12:34:06
2017-06-27 12:00:00,9.07,9.07,9.07,9.07,405965556080,0,2017-06-27 12:34:07
2017-06-28 12:00:00,9.22,9.22,9.22,9.22,506266114519,0,2017-06-28 12:34:06
2017-06-29 12:00:00,9.27,9.27,9.27,9.27,424603089285,0,2017-06-29 12:34:02
2017-06-30 12:00:00,9.33,9.33,9.33,9.33,449119101998,0,2017-06-30 12:34:07
2017-07-03 12:00:00,9.18,9.18,9.18,9.18,314739239348,0,2017-07-03 12:34:02
2017-07-04 12:00:00,9.21,9.21,9.21,9.21,454410343811,0,2017-07-04 12:34:03
2017-07-05 12:00:00,9.17,9.17,9.17,9.17,384997846141,0,2017-07-05 12:34:06
2017-07-06 12:00:00,9.19,9.19,9.19,9.19,351870250700,0,2017-07-06 12:34:02
2017-07-07 12:00:00,9.18,9.18,9.18,9.18,360237342191,0,2017-07-07 12:34:07
2017-07-10 12:00:00,9.1,9.1,9.1,9.1,334598799586,0,2017-07-10 12:34:02
2017-07-11 12:00:00,8.81,8.81,8.81,8.81,283025918881,0,2017-07-11 12:34:07
2017-07-12 12:00:00,8.9,8.9,8.9,8.9,298055687536,0,2017-07-12 12:34:07
2017-07-13 12:00:00,8.94,8.94,8.94,8.94,269828849806,0,2017-07-13 12:34:06
2017-07-14 12:00:00,8.87,8.87,8.87,8.87,301301352157,0,2017-07-14 12:34:02
2017-07-17 12:00:00,8.89,8.89,8.89,8.89,282159962881,0,2017-07-17 12:34:06
2017-07-18 12:00:00,8.93,8.93,8.93,8.93,304922113182,0,2017-07-18 12:34:02
2017-07-19 12:00:00,8.93,8.93,8.93,8.93,323623727695,0,2017-07-19 12:34:06
2017-07-20 12:00:00,8.97,8.97,8.97,8.97,326609164164,0,2017-07-20 12:34:02
2017-07-21 12:00:00,8.98,8.98,8.98,8.98,325534259378,0,2017-07-21 12:34:06
2017-07-24 12:00:00,9.0,9.0,9.0,9.0,319119679682,0,2017-07-24 12:34:02
2017-07-25 12:00:00,9.0,9.0,9.0,9.0,335552598003,0,2017-07-25 12:34:07
2017-07-26 12:00:00,9.01,9.01,9.01,9.01,346000853879,0,2017-07-26 12:34:07
2017-07-27 12:00:00,9.1,9.1,9.1,9.1,369154759234,0,2017-07-27 12:34:01
2017-07-28 12:00:00,9.17,9.17,9.17,9.17,383476158699,0,2017-07-28 12:34:06
2017-07-31 12:00:00,9.16,9.16,9.16,9.16,315398713118,0,2017-07-31 12:34:02
2017-08-01 12:00:00,9.03,9.03,9.03,9.03,260599640589,0,2017-08-01 12:34:01
2017-08-02 12:00:00,8.96,8.96,8.96,8.96,261502845037,0,2017-08-02 12:34:01
2017-08-03 12:00:00,8.9,8.9,8.9,8.9,307851608407,0,2017-08-03 12:34:02
2017-08-04 12:00:00,8.63,8.63,8.63,8.63,316048120533,0,2017-08-04 12:34:07
2017-08-07 12:00:00,8.39,8.39,8.39,8.39,171057567520,0,2017-08-07 12:34:02
2017-08-08 12:00:00,8.41,8.41,8.41,8.41,147006615647,0,2017-08-08 12:34:07
2017-08-09 12:00:00,8.65,8.65,8.65,8.65,261507467569,0,2017-08-09 12:34:02
2017-08-10 12:00:00,8.69,8.69,8.69,8.69,307355680501,0,2017-08-10 12:34:07
2017-08-11 12:00:00,8.56,8.56,8.56,8.56,338658571795,0,2017-08-11 12:34:06
2017-08-14 12:00:00,8.38,8.38,8.38,8.38,290094003519,0,2017-08-14 12:34:06
2017-08-15 12:00:00,8.37,8.37,8.37,8.37,258667316777,0,2017-08-15 12:34:06
2017-08-16 12:00:00,8.56,8.56,8.56,8.56,241618607130,0,2017-08-16 12:34:02
2017-08-17 12:00:00,8.71,8.71,8.71,8.71,243949185205,0,2017-08-17 12:34:06
2017-08-18 12:00:00,8.63,8.63,8.63,8.63,216849276545,0,2017-08-18 12:34:02
2017-08-21 12:00:00,8.61,8.61,8.61,8.61,279727994081,0,2017-08-21 12:34:02
2017-08-22 12:00:00,8.59,8.59,8.59,8.59,258746759030,0,2017-08-22 12:34:06
2017-08-23 12:00:00,8.61,8.61,8.61,8.61,291048978538,0,2017-08-23 12:34:06
2017-08-24 12:00:00,8.56,8.56,8.56,8.56,294282752071,0,2017-08-24 12:34:07
2017-08-25 12:00:00,8.56,8.56,8.56,8.56,231024208444,0,2017-08-25 12:34:06
2017-08-28 12:00:00,8.69,8.69,8.69,8.69,259483057440,0,2017-08-28 12:34:06
2017-08-29 12:00:00,8.71,8.71,8.71,8.71,262279431748,0,2017-08-29 12:34:02
2017-08-30 12:00:00,8.7,8.7,8.7,8.7,229846509686,0,2017-08-30 12:34:02
2017-08-31 12:00:00,8.75,8.75,8.75,8.75,245322967217,0,2017-08-31 12:34:06
2017-09-01 12:00:00,8.68,8.68,8.68,8.68,263310309567,0,2017-09-01 12:34:06
2017-09-04 12:00:00,8.85,8.85,8.85,8.85,305337696001,0,2017-09-04 12:34:07
2017-09-05 12:00:00,8.95,8.95,8.95,8.95,274287672626,0,2017-09-05 12:34:02
2017-09-06 12:00:00,8.78,8.78,8.78,8.78,337476969122,0,2017-09-06 12:34:06
2017-09-07 12:00:00,8.65,8.65,8.65,8.65,344935462262,0,2017-09-07 12:34:02
2017-09-08 12:00:00,8.54,8.54,8.54,8.54,360519858477,0,2017-09-08 12:34:07
2017-09-11 12:00:00,8.51,8.51,8.51,8.51,338943662898,0,2017-09-11 12:34:02
2017-09-12 12:00:00,8.51,8.51,8.51,8.51,347726210966,0,2017-09-12 12:34:02
2017-09-13 12:00:00,8.42,8.42,8.42,8.42,388319485103,0,2017-09-13 12:34:02
2017-09-14 12:00:00,8.42,8.42,8.42,8.42,343020612359,0,2017-09-14 12:34:03
2017-09-15 12:00:00,8.66,8.66,8.66,8.66,397597969060,0,2017-09-15 12:34:02
2017-09-18 12:00:00,8.28,8.28,8.28,8.28,399659719662,0,2017-09-18 12:34:02
2017-09-19 12:00:00,8.27,8.27,8.27,8.27,393222845512,0,2017-09-19 12:34:06
2017-09-20 12:00:00,8.34,8.34,8.34,8.34,466193288342,0,2017-09-20 12:34:07
2017-09-21 12:00:00,8.34,8.34,8.34,8.34,434688409634,0,2017-09-21 12:34:02
2017-09-22 12:00:00,8.34,8.34,8.34,8.34,386047137244,0,2017-09-22 12:34:06
2017-09-25 12:00:00,8.33,8.33,8.33,8.33,348723056697,0,2017-09-25 12:34:02
2017-09-26 12:00:00,8.32,8.32,8.32,8.32,322640059919,0,2017-09-26 12:34:07
2017-09-27 12:00:00,8.32,8.32,8.32,8.32,317854587591,0,2017-09-27 12:34:01
2017-09-28 12:00:00,8.34,8.34,8.34,8.34,311379103121,0,2017-09-28 12:34:06
2017-09-29 12:00:00,8.58,8.58,8.58,8.58,312228454873,0,2017-09-29 12:34:02
2017-10-02 12:00:00,8.34,8.34,8.34,8.34,258127230227,0,2017-10-02 12:34:02
2017-10-03 12:00:00,8.24,8.24,8.24,8.24,262300079994,0,2017-10-03 12:34:07
2017-10-04 12:00:00,8.23,8.23,8.23,8.23,271749896830,0,2017-10-04 12:34:07
2017-10-05 12:00:00,8.19,8.19,8.19,8.19,276161685055,0,2017-10-05 12:34:02
2017-10-06 12:00:00,8.15,8.15,8.15,8.15,299088986455,0,2017-10-06 12:34:06
2017-10-09 12:00:00,8.23,8.23,8.23,8.23,277211760057,0,2017-10-09 12:34:07
2017-10-10 12:00:00,8.24,8.24,8.24,8.24,289126119149,0,2017-10-10 12:34:01
2017-10-11 12:00:00,8.17,8.17,8.17,8.17,293933970958,0,2017-10-11 12:34:01
2017-10-12 12:00:00,8.18,8.18,8.18,8.18,308923201989,0,2017-10-12 12:34:06
2017-10-13 12:00:00,8.22,8.22,8.22,8.22,321209584588,0,2017-10-13 12:34:06
2017-10-16 12:00:00,8.24,8.24,8.24,8.24,331545890933,0,2017-10-16 12:34:01
2017-10-17 12:00:00,8.27,8.27,8.27,8.27,324885106773,0,2017-10-17 12:34:01
2017-10-18 12:00:00,8.21,8.21,8.21,8.21,350394399528,0,2017-10-18 12:34:07
2017-10-19 12:00:00,8.0,8.0,8.0,8.0,350946298453,0,2017-10-19 12:34:02
2017-10-20 12:00:00,7.86,7.86,7.86,7.86,363026307639,0,2017-10-20 12:34:07
2017-10-23 12:00:00,8.0,8.0,8.0,8.0,372098451558,0,2017-10-23 12:34:06
2017-10-24 12:00:00,8.04,8.04,8.04,8.04,391983853764,0,2017-10-24 12:34:01
2017-10-25 12:00:00,8.02,8.02,8.02,8.02,345247552006,0,2017-10-25 12:34:01
2017-10-26 12:00:00,8.14,8.14,8.14,8.14,403927430204,0,2017-10-26 12:34:06
2017-10-27 12:00:00,8.19,8.19,8.19,8.19,400022320487,0,2017-10-27 12:34:06
2017-10-30 12:00:00,8.05,8.05,8.05,8.05,343179873160,0,2017-10-30 12:34:02
2017-10-31 12:00:00,8.31,8.31,8.31,8.31,357587565128,0,2017-10-31 12:34:07
2017-11-01 12:00:00,8.16,8.16,8.16,8.16,236868154540,0,2017-11-01 12:34:07
2017-11-02 12:00:00,8.26,8.26,8.26,8.26,263245391650,0,2017-11-02 12:34:01
2017-11-03 12:00:00,8.22,8.22,8.22,8.22,310654986713,0,2017-11-03 12:34:02
2017-11-07 12:00:00,7.94,7.94,7.94,7.94,303540081664,0,2017-11-07 12:34:02
2017-11-08 12:00:00,7.86,7.86,7.86,7.86,386589743214,0,2017-11-08 12:34:06
2017-11-09 12:00:00,7.94,7.94,7.94,7.94,292450483374,0,2017-11-09 12:34:06
2017-11-10 12:00:00,8.02,8.02,8.02,8.02,308153911225,0,2017-11-10 12:34:07
2017-11-13 12:00:00,8.01,8.01,8.01,8.01,293393770468,0,2017-11-13 12:34:02
2017-11-14 12:00:00,8.04,8.04,8.04,8.04,274955821685,0,2017-11-14 12:34:02
2017-11-15 12:00:00,8.05,8.05,8.05,8.05,297331889675,0,2017-11-15 12:34:07
2017-11-16 12:00:00,8.05,8.05,8.05,8.05,296796501744,0,2017-11-16 12:34:02
2017-11-17 12:00:00,8.07,8.07,8.07,8.07,267623959859,0,2017-11-17 12:34:01
2017-11-20 12:00:00,8.08,8.08,8.08,8.08,292912299131,0,2017-11-20 12:34:07
2017-11-21 12:00:00,8.12,8.12,8.12,8.12,296879998509,0,2017-11-21 12:34:06
2017-11-22 12:00:00,8.08,8.08,8.08,8.08,317528583361,0,2017-11-22 12:34:07
2017-11-23 12:00:00,7.98,7.98,7.98,7.98,322425656582,0,2017-11-23 12:34:06
2017-11-24 12:00:00,7.88,7.88,7.88,7.88,300388496752,0,2017-11-24 12:34:01
2017-11-27 12:00:00,7.97,7.97,7.97,7.97,280531799206,0,2017-11-27 12:59:59
2017-11-28 12:00:00,8.09,8.09,8.09,8.09,309363622455,0,2017-11-28 12:59:59
2017-11-29 12:00:00,8.2,8.2,8.2,8.2,305129821505,0,2017-11-29 12:34:02
2017-11-30 12:00:00,8.36,8.36,8.36,8.36,332509393731,0,2017-11-30 12:34:02
2017-12-01 12:00:00,8.2,8.2,8.2,8.2,290628998364,0,2017-12-01 12:34:01
2017-12-04 12:00:00,8.06,8.06,8.06,8.06,292294315439,0,2017-12-04 12:34:01
2017-12-05 12:00:00,8.05,8.05,8.05,8.05,256118011877,0,2017-12-05 12:34:02
2017-12-06 12:00:00,8.07,8.07,8.07,8.07,275903299781,0,2017-12-06 12:34:01
2017-12-07 12:00:00,8.13,8.13,8.13,8.13,293260625605,0,2017-12-07 12:34:02
2017-12-08 12:00:00,8.15,8.15,8.15,8.15,291604729581,0,2017-12-08 12:34:01
2017-12-11 12:00:00,8.08,8.08,8.08,8.08,235164322636,0,2017-12-11 12:34:02
2017-12-12 12:00:00,8.06,8.06,8.06,8.06,273554706437,0,2017-12-12 12:34:02
2017-12-13 12:00:00,8.0,8.0,8.0,8.0,265065620313,0,2017-12-13 12:34:01
2017-12-14 12:00:00,8.0,8.0,8.0,8.0,270094672914,0,2017-12-14 12:34:01
2017-12-15 12:00:00,8.03,8.03,8.03,8.03,272326222837,0,2017-12-15 12:34:02
2017-12-18 12:00:00,7.63,7.63,7.63,7.63,306181282493,0,2017-12-18 12:34:06
2017-12-19 12:00:00,7.64,7.64,7.64,7.64,278043324161,0,2017-12-19 12:34:07
2017-12-20 12:00:00,7.58,7.58,7.58,7.58,268957080393,0,2017-12-20 12:34:01
2017-12-21 12:00:00,7.58,7.58,7.58,7.58,238683452767,0,2017-12-21 12:34:01
2017-12-22 12:00:00,7.61,7.61,7.61,7.61,234405868207,0,2017-12-22 12:34:02
2017-12-25 12:00:00,7.65,7.65,7.65,7.65,217522800256,0,2017-12-25 12:34:01
2017-12-26 12:00:00,7.69,7.69,7.69,7.69,215070284708,0,2017-12-26 12:34:02
2017-12-27 12:00:00,7.69,7.69,7.69,7.69,193136394986,0,2017-12-27 12:34:02
2017-12-28 12:00:00,7.69,7.69,7.69,7.69,37997413019,0,2017-12-28 12:34:02
2017-12-29 12:00:00,7.48,7.48,7.48,7.48,3615745971,0,2017-12-29 12:34:02
2018-01-03 12:00:00,7.82,7.82,7.82,7.82,1694484557,0,2018-01-03 12:34:01
2018-01-04 12:00:00,7.83,7.83,7.83,7.83,1628420509,0,2018-01-04 12:34:01
2018-01-05 12:00:00,7.87,7.87,7.87,7.87,1659281875,0,2018-01-05 12:34:01
2018-01-09 12:00:00,7.46,7.46,7.46,7.46,177040061120,0,2018-01-09 12:34:02
2018-01-10 12:00:00,7.2,7.2,7.2,7.2,256522093588,0,2018-01-10 12:34:02
2018-01-11 12:00:00,7.12,7.12,7.12,7.12,276599689630,0,2018-01-11 12:34:01
2018-01-12 12:00:00,7.05,7.05,7.05,7.05,276818854934,0,2018-01-12 12:34:01
2018-01-15 12:00:00,7.06,7.06,7.06,7.06,283351339517,0,2018-01-15 12:34:01
2018-01-16 12:00:00,7.14,7.14,7.14,7.14,200641021278,0,2018-01-16 12:34:01
2018-01-17 12:00:00,7.2,7.2,7.2,7.2,282117183538,0,2018-01-17 12:34:02
2018-01-18 12:00:00,7.24,7.24,7.24,7.24,276604390651,0,2018-01-18 12:34:06
2018-01-19 12:00:00,7.22,7.22,7.22,7.22,327696479397,0,2018-01-19 12:34:02
2018-01-22 12:00:00,7.21,7.21,7.21,7.21,343082802287,0,2018-01-22 12:34:01
2018-01-23 12:00:00,7.23,7.23,7.23,7.23,341259850044,0,2018-01-23 12:34:01
2018-01-24 12:00:00,7.11,7.11,7.11,7.11,311450559140,0,2018-01-24 12:34:01
2018-01-25 12:00:00,7.04,7.04,7.04,7.04,270824718492,0,2018-01-25 12:34:01
2018-01-26 12:00:00,7.34,7.34,7.34,7.34,341060077357,0,2018-01-26 12:34:02
2018-01-29 12:00:00,7.23,7.23,7.23,7.23,306712764116,0,2018-01-29 12:34:02
2018-01-30 12:00:00,7.28,7.28,7.28,7.28,302109554447,0,2018-01-30 12:34:02
2018-01-31 12:00:00,7.33,7.33,7.33,7.33,285802431981,0,2018-01-31 12:34:02
2018-02-01 12:00:00,7.35,7.35,7.35,7.35,248973599557,0,2018-02-01 12:34:02
2018-02-02 12:00:00,7.23,7.23,7.23,7.23,250897878367,0,2018-02-02 12:34:01
2018-02-05 12:00:00,7.24,7.24,7.24,7.24,255593519835,0,2018-02-05 12:34:01
2018-02-06 12:00:00,7.24,7.24,7.24,7.24,295155061139,0,2018-02-06 12:34:02
2018-02-07 12:00:00,7.18,7.18,7.18,7.18,322782096565,0,2018-02-07 12:34:02
2018-02-08 12:00:00,7.09,7.09,7.09,7.09,309232328808,0,2018-02-08 12:34:07
2018-02-09 12:00:00,7.05,7.05,7.05,7.05,311114524906,0,2018-02-09 12:34:02
2018-02-12 12:00:00,6.9,6.9,6.9,6.9,264751126627,0,2018-02-12 12:34:07
2018-02-13 12:00:00,6.93,6.93,6.93,6.93,313818056605,0,2018-02-13 12:34:06
2018-02-14 12:00:00,6.94,6.94,6.94,6.94,249915064667,0,2018-02-14 12:34:01
2018-02-15 12:00:00,7.15,7.15,7.15,7.15,296905652975,0,2018-02-15 12:34:02
2018-02-16 12:00:00,7.26,7.26,7.26,7.26,278798797181,0,2018-02-16 12:34:02
2018-02-19 12:00:00,7.24,7.24,7.24,7.24,242508249985,0,2018-02-19 12:34:01
2018-02-20 12:00:00,7.32,7.32,7.32,7.32,271025652022,0,2018-02-20 12:34:02
2018-02-21 12:00:00,7.29,7.29,7.29,7.29,257928244603,0,2018-02-21 12:34:06
2018-02-22 12:00:00,7.17,7.17,7.17,7.17,254052890351,0,2018-02-22 12:34:02
2018-02-26 12:00:00,7.26,7.26,7.26,7.26,232922314109,0,2018-02-26 12:34:02
2018-02-27 12:00:00,7.28,7.28,7.28,7.28,229348653147,0,2018-02-27 12:34:01
2018-02-28 12:00:00,7.33,7.33,7.33,7.33,231267204288,0,2018-02-28 12:34:01
2018-03-01 12:00:00,7.34,7.34,7.34,7.34,284517532574,0,2018-03-01 12:34:02
2018-03-02 12:00:00,7.35,7.35,7.35,7.35,341457764913,0,2018-03-02 12:34:01
2018-03-05 12:00:00,7.29,7.29,7.29,7.29,243599076607,0,2018-03-05 12:34:02
2018-03-06 12:00:00,7.3,7.3,7.3,7.3,204519315623,0,2018-03-06 12:34:06
2018-03-07 12:00:00,7.13,7.13,7.13,7.13,20049659364,0,2018-03-07 12:34:01
2018-03-09 12:00:00,7.13,7.13,7.13,7.13,14314745368,0,2018-03-09 12:34:02
2018-03-12 12:00:00,7.3,7.3,7.3,7.3,199867628988,0,2018-03-12 12:34:02
2018-03-13 12:00:00,7.34,7.34,7.34,7.34,249056121760,0,2018-03-13 12:34:02
2018-03-14 12:00:00,7.35,7.35,7.35,7.35,308277272429,0,2018-03-14 12:34:02
2018-03-15 12:00:00,7.35,7.35,7.35,7.35,223603160400,0,2018-03-15 12:34:02
2018-03-16 12:00:00,7.35,7.35,7.35,7.35,271174667966,0,2018-03-16 12:34:02
2018-03-19 12:00:00,7.32,7.32,7.32,7.32,261504735273,0,2018-03-19 12:34:02
2018-03-20 12:00:00,7.29,7.29,7.29,7.29,273134813862,0,2018-03-20 12:34:02
2018-03-21 12:00:00,7.25,7.25,7.25,7.25,395446915802,0,2018-03-21 12:34:01
2018-03-22 12:00:00,7.23,7.23,7.23,7.23,274321619315,0,2018-03-22 12:34:01
2018-03-23 12:00:00,7.2,7.2,7.2,7.2,322487808422,0,2018-03-23 12:34:02
2018-03-26 12:00:00,7.03,7.03,7.03,7.03,232601046547,0,2018-03-26 12:34:02
2018-03-27 12:00:00,7.1,7.1,7.1,7.1,251948020315,0,2018-03-27 12:34:02
2018-03-28 12:00:00,7.16,7.16,7.16,7.16,247051612223,0,2018-03-28 12:34:01
2018-03-29 12:00:00,7.16,7.16,7.16,7.16,281190005959,0,2018-03-29 12:34:02
2018-03-30 12:00:00,7.17,7.17,7.17,7.17,280944814917,0,2018-03-30 12:34:01
2018-04-02 12:00:00,7.15,7.15,7.15,7.15,297146797330,0,2018-04-02 12:34:01
2018-04-03 12:00:00,7.08,7.08,7.08,7.08,342332690324,0,2018-04-03 12:34:01
2018-04-04 12:00:00,7.11,7.11,7.11,7.11,282026812106,0,2018-04-04 12:34:02
2018-04-05 12:00:00,7.08,7.08,7.08,7.08,287711471900,0,2018-04-05 12:34:02
2018-04-06 12:00:00,7.07,7.07,7.07,7.07,309912880754,0,2018-04-06 12:34:06
2018-04-09 12:00:00,7.06,7.06,7.06,7.06,261971814151,0,2018-04-09 12:34:02
2018-04-10 12:00:00,7.09,7.09,7.09,7.09,258743286778,0,2018-04-10 12:34:02
2018-04-11 12:00:00,7.09,7.09,7.09,7.09,198174129189,0,2018-04-11 12:34:02
2018-04-12 12:00:00,7.05,7.05,7.05,7.05,287017366254,0,2018-04-12 12:34:02
2018-04-13 12:00:00,6.99,6.99,6.99,6.99,278112271435,0,2018-04-13 12:34:01
2018-04-16 12:00:00,7.03,7.03,7.03,7.03,258270761316,0,2018-04-16 12:34:02
2018-04-17 12:00:00,7.06,7.06,7.06,7.06,231943990572,0,2018-04-17 12:34:01
2018-04-18 12:00:00,7.03,7.03,7.03,7.03,233637455215,0,2018-04-18 12:34:02
2018-04-19 12:00:00,7.04,7.04,7.04,7.04,240266938859,0,2018-04-19 12:34:01
2018-04-20 12:00:00,7.05,7.05,7.05,7.05,222947300824,0,2018-04-20 12:34:02
2018-04-23 12:00:00,7.02,7.02,7.02,7.02,322336961967,0,2018-04-23 12:34:02
2018-04-24 12:00:00,7.02,7.02,7.02,7.02,307616410491,0,2018-04-24 12:34:02
2018-04-25 12:00:00,7.04,7.04,7.04,7.04,355560033083,0,2018-04-25 12:34:01
2018-04-26 12:00:00,7.05,7.05,7.05,7.05,198623561302,0,2018-04-26 12:34:06
2018-04-27 12:00:00,7.22,7.22,7.22,7.22,105533301623,0,2018-04-27 12:34:02
2018-04-28 12:00:00,6.85,6.85,6.85,6.85,9331691394,0,2018-04-28 12:34:06
2018-04-30 12:00:00,7.11,7.11,7.11,7.11,3496706251,0,2018-04-30 12:34:01
2018-05-02 12:00:00,7.54,7.54,7.54,7.54,4031819008,0,2018-05-02 12:34:01
2018-05-03 12:00:00,7.17,7.17,7.17,7.17,218485475873,0,2018-05-03 12:34:06
2018-05-04 12:00:00,7.06,7.06,7.06,7.06,305677725622,0,2018-05-04 12:34:01
2018-05-07 12:00:00,7.08,7.08,7.08,7.08,281805371281,0,2018-05-07 12:34:01
2018-05-08 12:00:00,6.97,6.97,6.97,6.97,251881584014,0,2018-05-08 12:34:06
2018-05-10 12:00:00,6.98,6.98,6.98,6.98,240431376557,0,2018-05-10 12:34:01
2018-05-11 12:00:00,6.98,6.98,6.98,6.98,270470026518,0,2018-05-11 12:34:02
2018-05-14 12:00:00,6.99,6.99,6.99,6.99,254043567823,0,2018-05-14 12:34:02
2018-05-15 12:00:00,7.05,7.05,7.05,7.05,298644930506,0,2018-05-15 12:34:02
2018-05-16 12:00:00,7.05,7.05,7.05,7.05,248286320305,0,2018-05-16 12:34:01
2018-05-17 12:00:00,7.09,7.09,7.09,7.09,259316321512,0,2018-05-17 12:34:01
2018-05-18 12:00:00,7.13,7.13,7.13,7.13,286921906327,0,2018-05-18 12:34:01
2018-05-21 12:00:00,7.11,7.11,7.11,7.11,281868255302,0,2018-05-21 12:34:01
2018-05-22 12:00:00,7.09,7.09,7.09,7.09,271907582190,0,2018-05-22 12:34:01
2018-05-23 12:00:00,7.13,7.13,7.13,7.13,224265156477,0,2018-05-23 12:34:06
2018-05-24 12:00:00,7.09,7.09,7.09,7.09,230197700586,0,2018-05-24 12:34:07
2018-05-25 12:00:00,7.07,7.07,7.07,7.07,275184180964,0,2018-05-25 12:34:02
2018-05-28 12:00:00,7.07,7.07,7.07,7.07,277609519566,0,2018-05-28 12:34:02
2018-05-29 12:00:00,7.09,7.09,7.09,7.09,256901662458,0,2018-05-29 12:34:01
2018-05-30 12:00:00,7.12,7.12,7.12,7.12,251308481007,0,2018-05-30 12:34:01
2018-05-31 12:00:00,7.18,7.18,7.18,7.18,277973543452,0,2018-05-31 12:34:01
2018-06-01 12:00:00,7.08,7.08,7.08,7.08,348863140294,0,2018-06-01 12:34:02
2018-06-04 12:00:00,7.09,7.09,7.09,7.09,348088346719,0,2018-06-04 12:34:02
2018-06-05 12:00:00,6.95,6.95,6.95,6.95,187034081023,0,2018-06-05 12:34:02
2018-06-06 12:00:00,7.01,7.01,7.01,7.01,174763329168,0,2018-06-06 12:34:02
2018-06-07 12:00:00,7.16,7.16,7.16,7.16,177600599388,0,2018-06-07 12:34:02
2018-06-08 12:00:00,7.09,7.09,7.09,7.09,128718089582,0,2018-06-08 12:34:02
2018-06-09 12:00:00,6.56,6.56,6.56,6.56,21577707362,0,2018-06-09 12:34:01
2018-06-11 12:00:00,6.86,6.86,6.86,6.86,7652519469,0,2018-06-11 12:34:02
2018-06-13 12:00:00,7.06,7.06,7.06,7.06,229075678189,0,2018-06-13 12:34:01
2018-06-14 12:00:00,7.07,7.07,7.07,7.07,180554900117,0,2018-06-14 12:34:02
2018-06-15 12:00:00,7.05,7.05,7.05,7.05,220469261808,0,2018-06-15 12:34:06
2018-06-18 12:00:00,7.07,7.07,7.07,7.07,238666809929,0,2018-06-18 12:34:02
2018-06-19 12:00:00,7.07,7.07,7.07,7.07,222643735008,0,2018-06-19 12:34:02
2018-06-20 12:00:00,7.17,7.17,7.17,7.17,243127366646,0,2018-06-20 12:34:01
2018-06-21 12:00:00,7.05,7.05,7.05,7.05,255933670010,0,2018-06-21 12:34:02
2018-06-22 12:00:00,7.0,7.0,7.0,7.0,283090226542,0,2018-06-22 12:34:02
2018-06-25 12:00:00,7.14,7.14,7.14,7.14,199899813132,0,2018-06-25 12:34:01
2018-06-26 12:00:00,7.27,7.27,7.27,7.27,226982693049,0,2018-06-26 12:34:01
2018-06-27 12:00:00,7.07,7.07,7.07,7.07,177770650127,0,2018-06-27 12:34:01
2018-06-28 12:00:00,7.07,7.07,7.07,7.07,143567944333,0,2018-06-28 12:34:03
2018-06-29 12:00:00,7.19,7.19,7.19,7.19,254678213073,0,2018-06-29 12:34:01
2018-07-02 12:00:00,7.1,7.1,7.1,7.1,256536732825,0,2018-07-02 12:34:02
2018-07-03 12:00:00,7.02,7.02,7.02,7.02,257093387278,0,2018-07-03 12:34:02
2018-07-04 12:00:00,7.03,7.03,7.03,7.03,231152722710,0,2018-07-04 12:34:01
2018-07-05 12:00:00,7.06,7.06,7.06,7.06,280737961939,0,2018-07-05 12:34:02
2018-07-06 12:00:00,7.1,7.1,7.1,7.1,261616351108,0,2018-07-06 12:34:02
2018-07-09 12:00:00,7.04,7.04,7.04,7.04,261001349085,0,2018-07-09 12:34:02
2018-07-10 12:00:00,7.0,7.0,7.0,7.0,229583142455,0,2018-07-10 12:34:01
2018-07-11 12:00:00,7.09,7.09,7.09,7.09,239627172599,0,2018-07-11 12:34:02
2018-07-12 12:00:00,7.08,7.08,7.08,7.08,222486422567,0,2018-07-12 12:34:01
2018-07-13 12:00:00,7.1,7.1,7.1,7.1,271187506012,0,2018-07-13 12:34:02
2018-07-16 12:00:00,7.1,7.1,7.1,7.1,230960103258,0,2018-07-16 12:34:01
2018-07-17 12:00:00,7.16,7.16,7.16,7.16,197936444226,0,2018-07-17 12:34:01
2018-07-18 12:00:00,7.12,7.12,7.12,7.12,197755441601,0,2018-07-18 12:34:02
2018-07-19 12:00:00,7.13,7.13,7.13,7.13,218839344435,0,2018-07-19 12:34:01
2018-07-20 12:00:00,7.14,7.14,7.14,7.14,219920505049,0,2018-07-20 12:34:02
2018-07-23 12:00:00,7.09,7.09,7.09,7.09,191758599200,0,2018-07-23 12:34:02
2018-07-24 12:00:00,7.01,7.01,7.01,7.01,250234908022,0,2018-07-24 12:34:02
2018-07-25 12:00:00,7.01,7.01,7.01,7.01,217877536883,0,2018-07-25 12:34:02
2018-07-26 12:00:00,7.04,7.04,7.04,7.04,212828387380,0,2018-07-26 12:34:01
2018-07-27 12:00:00,7.16,7.16,7.16,7.16,220008984253,0,2018-07-27 12:34:02
2018-07-30 12:00:00,7.44,7.44,7.44,7.44,211337470484,0,2018-07-30 12:34:02
2018-07-31 12:00:00,7.72,7.72,7.72,7.72,214710951849,0,2018-07-31 12:34:02
2018-08-01 12:00:00,7.23,7.23,7.23,7.23,281720804722,0,2018-08-01 12:34:02
2018-08-02 12:00:00,7.06,7.06,7.06,7.06,248441538972,0,2018-08-02 12:34:01
2018-08-03 12:00:00,7.0,7.0,7.0,7.0,253413702465,0,2018-08-03 12:34:02
2018-08-06 12:00:00,6.97,6.97,6.97,6.97,258102976819,0,2018-08-06 12:34:06
2018-08-07 12:00:00,6.92,6.92,6.92,6.92,229072514215,0,2018-08-07 12:34:01
2018-08-08 12:00:00,6.98,6.98,6.98,6.98,196349107250,0,2018-08-08 12:34:01
2018-08-09 12:00:00,7.11,7.11,7.11,7.11,221066120849,0,2018-08-09 12:34:01
2018-08-10 12:00:00,7.14,7.14,7.14,7.14,228733099197,0,2018-08-10 12:34:01
2018-08-13 12:00:00,7.13,7.13,7.13,7.13,221790342067,0,2018-08-13 12:34:02
2018-08-14 12:00:00,7.14,7.14,7.14,7.14,255828478495,0,2018-08-14 12:34:02
2018-08-15 12:00:00,7.08,7.08,7.08,7.08,205293792537,0,2018-08-15 12:34:02
2018-08-16 12:00:00,7.09,7.09,7.09,7.09,308613211612,0,2018-08-16 12:34:01
2018-08-17 12:00:00,7.04,7.04,7.04,7.04,291261910343,0,2018-08-17 12:34:02
2018-08-20 12:00:00,7.02,7.02,7.02,7.02,281763844082,0,2018-08-20 12:34:01
2018-08-21 12:00:00,6.97,6.97,6.97,6.97,277310266853,0,2018-08-21 12:34:02
2018-08-22 12:00:00,6.88,6.88,6.88,6.88,255805188131,0,2018-08-22 12:34:02
2018-08-23 12:00:00,6.94,6.94,6.94,6.94,253285143117,0,2018-08-23 12:34:02
2018-08-24 12:00:00,6.91,6.91,6.91,6.91,316897705717,0,2018-08-24 12:34:01
2018-08-27 12:00:00,6.93,6.93,6.93,6.93,247988770133,0,2018-08-27 12:34:02
2018-08-28 12:00:00,7.18,7.18,7.18,7.18,230725644619,0,2018-08-28 12:34:03
2018-08-29 12:00:00,7.07,7.07,7.07,7.07,241975941886,0,2018-08-29 12:34:02
2018-08-30 12:00:00,7.05,7.05,7.05,7.05,242779269783,0,2018-08-30 12:34:02
2018-08-31 12:00:00,7.04,7.04,7.04,7.04,230539103403,0,2018-08-31 12:34:01
2018-09-03 12:00:00,7.05,7.05,7.05,7.05,238127178273,0,2018-09-03 12:34:01
2018-09-04 12:00:00,7.14,7.14,7.14,7.14,258912603586,0,2018-09-04 12:34:06
2018-09-05 12:00:00,7.14,7.14,7.14,7.14,256021511302,0,2018-09-05 12:34:01
2018-09-06 12:00:00,7.09,7.09,7.09,7.09,289423534588,0,2018-09-06 12:34:01
2018-09-07 12:00:00,7.11,7.11,7.11,7.11,310181721393,0,2018-09-07 12:34:01
2018-09-10 12:00:00,7.07,7.07,7.07,7.07,303780190116,0,2018-09-10 12:34:01
2018-09-11 12:00:00,7.1,7.1,7.1,7.1,316876644400,0,2018-09-11 12:34:01
2018-09-12 12:00:00,7.09,7.09,7.09,7.09,295796836663,0,2018-09-12 12:34:02
2018-09-13 12:00:00,7.12,7.12,7.12,7.12,362355842238,0,2018-09-13 12:34:01
2018-09-14 12:00:00,7.12,7.12,7.12,7.12,418429839482,0,2018-09-14 12:34:01
2018-09-17 12:00:00,7.31,7.31,7.31,7.31,339504825651,0,2018-09-17 12:34:01
2018-09-18 12:00:00,7.3,7.3,7.3,7.3,359913139200,0,2018-09-18 12:34:02
2018-09-19 12:00:00,7.26,7.26,7.26,7.26,310779514907,0,2018-09-19 12:34:01
2018-09-20 12:00:00,7.25,7.25,7.25,7.25,322159089383,0,2018-09-20 12:34:02
2018-09-21 12:00:00,7.27,7.27,7.27,7.27,344466050617,0,2018-09-21 12:34:01
2018-09-24 12:00:00,7.3,7.3,7.3,7.3,334001026480,0,2018-09-24 12:34:01
2018-09-25 12:00:00,7.28,7.28,7.28,7.28,305135395775,0,2018-09-25 12:34:01
2018-09-26 12:00:00,7.41,7.41,7.41,7.41,319531134398,0,2018-09-26 12:34:02
2018-09-27 12:00:00,7.43,7.43,7.43,7.43,313497904138,0,2018-09-27 12:34:01
2018-09-28 12:00:00,7.45,7.45,7.45,7.45,331392302875,0,2018-09-28 12:34:01
2018-10-01 12:00:00,7.36,7.36,7.36,7.36,348156375818,0,2018-10-01 12:34:01
2018-10-02 12:00:00,7.34,7.34,7.34,7.34,311228820674,0,2018-10-02 12:34:02
2018-10-03 12:00:00,7.35,7.35,7.35,7.35,348697746707,0,2018-10-03 12:34:01
2018-10-04 12:00:00,7.38,7.38,7.38,7.38,371497406476,0,2018-10-04 12:34:02
2018-10-05 12:00:00,7.41,7.41,7.41,7.41,312309304591,0,2018-10-05 12:34:02
2018-10-08 12:00:00,7.43,7.43,7.43,7.43,291620598601,0,2018-10-08 12:34:02
2018-10-09 12:00:00,7.39,7.39,7.39,7.39,343674355575,0,2018-10-09 12:34:02
2018-10-10 12:00:00,7.35,7.35,7.35,7.35,354894656222,0,2018-10-10 12:34:02
2018-10-11 12:00:00,7.35,7.35,7.35,7.35,349684006063,0,2018-10-11 12:34:01
2018-10-12 12:00:00,7.39,7.39,7.39,7.39,414022311026,0,2018-10-12 12:34:02
2018-10-15 12:00:00,7.4,7.4,7.4,7.4,438682175036,0,2018-10-15 12:34:02
2018-10-16 12:00:00,7.41,7.41,7.41,7.41,466663506384,0,2018-10-16 12:34:02
2018-10-17 12:00:00,7.34,7.34,7.34,7.34,291387561874,0,2018-10-17 12:34:01
2018-10-18 12:00:00,7.36,7.36,7.36,7.36,371138549243,0,2018-10-18 12:34:02
2018-10-19 12:00:00,7.32,7.32,7.32,7.32,332852658664,0,2018-10-19 12:34:02
2018-10-22 12:00:00,7.35,7.35,7.35,7.35,401447860559,0,2018-10-22 12:34:02
2018-10-23 12:00:00,7.24,7.24,7.24,7.24,415879973903,0,2018-10-23 12:34:02
2018-10-24 12:00:00,7.21,7.21,7.21,7.21,410783080007,0,2018-10-24 12:34:01
2018-10-25 12:00:00,7.22,7.22,7.22,7.22,351237776615,0,2018-10-25 12:34:01
2018-10-26 12:00:00,7.25,7.25,7.25,7.25,400732590790,0,2018-10-26 12:34:06
2018-10-29 12:00:00,7.24,7.24,7.24,7.24,340007796904,0,2018-10-29 12:34:01
2018-10-30 12:00:00,7.21,7.21,7.21,7.21,411000356403,0,2018-10-30 12:34:01
2018-10-31 12:00:00,7.2,7.2,7.2,7.2,485314776385,0,2018-10-31 12:34:02
2018-11-01 12:00:00,7.06,7.06,7.06,7.06,419202435069,0,2018-11-01 12:34:02
2018-11-02 12:00:00,7.14,7.14,7.14,7.14,428987060261,0,2018-11-02 12:34:01
2018-11-06 12:00:00,7.25,7.25,7.25,7.25,362487206923,0,2018-11-06 12:34:02
2018-11-07 12:00:00,7.37,7.37,7.37,7.37,420918853871,0,2018-11-07 12:34:02
2018-11-08 12:00:00,7.32,7.32,7.32,7.32,462405821006,0,2018-11-08 12:34:02
2018-11-09 12:00:00,7.32,7.32,7.32,7.32,472407510670,0,2018-11-09 12:34:01
2018-11-12 12:00:00,7.32,7.32,7.32,7.32,400602530338,0,2018-11-12 12:34:01
2018-11-13 12:00:00,7.37,7.37,7.37,7.37,423270136686,0,2018-11-13 12:34:02
2018-11-14 12:00:00,7.36,7.36,7.36,7.36,441254525722,0,2018-11-14 12:34:07
2018-11-15 12:00:00,7.3,7.3,7.3,7.3,467519987177,0,2018-11-15 12:34:01
2018-11-16 12:00:00,7.21,7.21,7.21,7.21,494631653718,0,2018-11-16 12:34:02
2018-11-19 12:00:00,7.28,7.28,7.28,7.28,415745489115,0,2018-11-19 12:34:02
2018-11-20 12:00:00,7.23,7.23,7.23,7.23,411999079136,0,2018-11-20 12:34:01
2018-11-21 12:00:00,7.23,7.23,7.23,7.23,399036609793,0,2018-11-21 12:34:02
2018-11-22 12:00:00,7.24,7.24,7.24,7.24,410747272724,0,2018-11-22 12:34:02
2018-11-23 12:00:00,7.21,7.21,7.21,7.21,382567721503,0,2018-11-23 12:34:02
2018-11-26 12:00:00,7.31,7.31,7.31,7.31,371726678609,0,2018-11-26 12:34:01
2018-11-27 12:00:00,7.48,7.48,7.48,7.48,395143306469,0,2018-11-27 12:34:01
2018-11-28 12:00:00,7.42,7.42,7.42,7.42,447134301698,0,2018-11-28 12:34:01
2018-11-29 12:00:00,7.37,7.37,7.37,7.37,479772227765,0,2018-11-29 12:34:01
2018-11-30 12:00:00,7.37,7.37,7.37,7.37,467166326914,0,2018-11-30 12:34:01
2018-12-04 12:00:00,7.29,7.29,7.29,7.29,368585130793,0,2018-12-04 12:34:01
2018-12-05 12:00:00,7.34,7.34,7.34,7.34,414457424459,0,2018-12-05 12:34:01
2018-12-06 12:00:00,7.36,7.36,7.36,7.36,419631410483,0,2018-12-06 12:34:01
2018-12-07 12:00:00,7.37,7.37,7.37,7.37,421260442899,0,2018-12-07 12:34:01
2018-12-10 12:00:00,7.38,7.38,7.38,7.38,445050804032,0,2018-12-10 12:34:01
2018-12-11 12:00:00,7.41,7.41,7.41,7.41,474971535434,0,2018-12-11 12:34:01
2018-12-12 12:00:00,7.38,7.38,7.38,7.38,400414588035,0,2018-12-12 12:34:01
2018-12-13 12:00:00,7.37,7.37,7.37,7.37,398889697345,0,2018-12-13 12:34:01
2018-12-14 12:00:00,7.39,7.39,7.39,7.39,392887178981,0,2018-12-14 12:34:01
2018-12-17 12:00:00,7.56,7.56,7.56,7.56,321640623245,0,2018-12-17 12:34:01
2018-12-18 12:00:00,7.58,7.58,7.58,7.58,340720143350,0,2018-12-18 12:34:00
2018-12-19 12:00:00,7.59,7.59,7.59,7.59,298137269631,0,2018-12-19 12:34:01
2018-12-20 12:00:00,7.58,7.58,7.58,7.58,274433549609,0,2018-12-20 12:34:06
2018-12-21 12:00:00,7.58,7.58,7.58,7.58,347606125373,0,2018-12-21 12:34:01
2018-12-24 12:00:00,7.55,7.55,7.55,7.55,368910542641,0,2018-12-24 12:34:01
2018-12-25 12:00:00,7.59,7.59,7.59,7.59,294570469838,0,2018-12-25 12:34:02
2018-12-26 12:00:00,7.6,7.6,7.6,7.6,368330116921,0,2018-12-26 12:34:01
2018-12-27 12:00:00,7.59,7.59,7.59,7.59,188236740142,0,2018-12-27 12:34:00
2018-12-28 12:00:00,7.73,7.73,7.73,7.73,97935399832,0,2018-12-28 12:34:01
2018-12-29 12:00:00,7.26,7.26,7.26,7.26,227432523,0,2018-12-29 12:34:01
2019-01-03 12:00:00,7.12,7.12,7.12,7.12,184633409,0,2019-01-03 12:34:00
2019-01-04 12:00:00,7.13,7.13,7.13,7.13,211472529,0,2019-01-04 12:34:01
2019-01-08 12:00:00,7.55,7.55,7.55,7.55,66607926,0,2019-01-08 12:34:02
2019-01-09 12:00:00,7.54,7.54,7.54,7.54,339031394543,0,2019-01-09 12:34:01
2019-01-10 12:00:00,7.52,7.52,7.52,7.52,393052862287,0,2019-01-10 12:34:01
2019-01-11 12:00:00,7.44,7.44,7.44,7.44,375599486477,0,2019-01-11 12:34:00
2019-01-14 12:00:00,7.4,7.4,7.4,7.4,320321660521,0,2019-01-14 12:34:01
2019-01-15 12:00:00,7.45,7.45,7.45,7.45,369063421648,0,2019-01-15 12:34:01
2019-01-16 12:00:00,7.46,7.46,7.46,7.46,369834941175,0,2019-01-16 12:34:01
2019-01-17 12:00:00,7.48,7.48,7.48,7.48,320668374380,0,2019-01-17 12:34:01
2019-01-18 12:00:00,7.47,7.47,7.47,7.47,320538855806,0,2019-01-18 12:34:06
2019-01-21 12:00:00,7.54,7.54,7.54,7.54,352855264092,0,2019-01-21 12:34:01
2019-01-22 12:00:00,7.62,7.62,7.62,7.62,307773161272,0,2019-01-22 12:34:01
2019-01-23 12:00:00,7.62,7.62,7.62,7.62,317253740395,0,2019-01-23 12:34:02
2019-01-24 12:00:00,7.61,7.61,7.61,7.61,392551033125,0,2019-01-24 12:34:01
2019-01-25 12:00:00,7.63,7.63,7.63,7.63,433963686512,0,2019-01-25 12:34:01
2019-01-28 12:00:00,7.63,7.63,7.63,7.63,388051687092,0,2019-01-28 12:34:01
2019-01-29 12:00:00,7.72,7.72,7.72,7.72,353430790258,0,2019-01-29 12:34:02
2019-01-30 12:00:00,7.72,7.72,7.72,7.72,380266551252,0,2019-01-30 12:34:01
2019-01-31 12:00:00,7.7,7.7,7.7,7.7,383883659013,0,2019-01-31 12:34:01
2019-02-01 12:00:00,7.63,7.63,7.63,7.63,376481995642,0,2019-02-01 12:34:05
2019-02-04 12:00:00,7.56,7.56,7.56,7.56,400144015883,0,2019-02-04 12:34:01
2019-02-05 12:00:00,7.6,7.6,7.6,7.6,466507824708,0,2019-02-05 12:34:01
2019-02-06 12:00:00,7.56,7.56,7.56,7.56,360106347622,0,2019-02-06 12:34:01
2019-02-07 12:00:00,7.59,7.59,7.59,7.59,369857586152,0,2019-02-07 12:34:01
2019-02-08 12:00:00,7.59,7.59,7.59,7.59,362263782911,0,2019-02-08 12:34:01
2019-02-11 12:00:00,7.58,7.58,7.58,7.58,355540026765,0,2019-02-11 12:34:01
2019-02-12 12:00:00,7.58,7.58,7.58,7.58,336856964944,0,2019-02-12 12:34:06
2019-02-13 12:00:00,7.54,7.54,7.54,7.54,348810612453,0,2019-02-13 12:34:01
2019-02-14 12:00:00,7.44,7.44,7.44,7.44,348227344579,0,2019-02-14 12:34:01
2019-02-15 12:00:00,7.41,7.41,7.41,7.41,257160331150,0,2019-02-15 12:34:01
2019-02-18 12:00:00,7.49,7.49,7.49,7.49,317090464234,0,2019-02-18 12:34:02
2019-02-19 12:00:00,7.41,7.41,7.41,7.41,266282804782,0,2019-02-19 12:34:06
2019-02-20 12:00:00,7.48,7.48,7.48,7.48,296913434289,0,2019-02-20 12:34:01
2019-02-21 12:00:00,7.38,7.38,7.38,7.38,376811645665,0,2019-02-21 12:34:01
2019-02-22 12:00:00,7.27,7.27,7.27,7.27,356003182172,0,2019-02-22 12:34:01
2019-02-25 12:00:00,7.34,7.34,7.34,7.34,363041406759,0,2019-02-25 12:34:01
2019-02-26 12:00:00,7.42,7.42,7.42,7.42,375775627360,0,2019-02-26 12:34:01
2019-02-27 12:00:00,7.43,7.43,7.43,7.43,322246150596,0,2019-02-27 12:34:00
2019-02-28 12:00:00,7.53,7.53,7.53,7.53,308377356664,0,2019-02-28 12:34:06
2019-03-01 12:00:00,7.57,7.57,7.57,7.57,294822883910,0,2019-03-01 12:34:01
2019-03-04 12:00:00,7.52,7.52,7.52,7.52,316062993653,0,2019-03-04 12:34:00
2019-03-05 12:00:00,7.49,7.49,7.49,7.49,305537557958,0,2019-03-05 12:34:01
2019-03-06 12:00:00,7.49,7.49,7.49,7.49,244984520179,0,2019-03-06 12:34:01
2019-03-07 12:00:00,7.54,7.54,7.54,7.54,269094949136,0,2019-03-07 12:34:01
2019-03-11 12:00:00,7.52,7.52,7.52,7.52,270836059160,0,2019-03-11 12:34:01
2019-03-12 12:00:00,7.49,7.49,7.49,7.49,268777833757,0,2019-03-12 12:34:01
2019-03-13 12:00:00,7.46,7.46,7.46,7.46,288187201485,0,2019-03-13 12:34:01
2019-03-14 12:00:00,7.4,7.4,7.4,7.4,303201924114,0,2019-03-14 12:34:01
2019-03-15 12:00:00,7.35,7.35,7.35,7.35,230689957097,0,2019-03-15 12:34:01
2019-03-18 12:00:00,7.35,7.35,7.35,7.35,271489550708,0,2019-03-18 12:34:01
2019-03-19 12:00:00,7.36,7.36,7.36,7.36,270498039058,0,2019-03-19 12:34:01
2019-03-20 12:00:00,7.38,7.38,7.38,7.38,292820562603,0,2019-03-20 12:34:01
2019-03-21 12:00:00,7.37,7.37,7.37,7.37,279025028826,0,2019-03-21 12:34:01
2019-03-22 12:00:00,7.41,7.41,7.41,7.41,299831253065,0,2019-03-22 12:34:01
2019-03-25 12:00:00,7.49,7.49,7.49,7.49,262219397488,0,2019-03-25 12:34:01
2019-03-26 12:00:00,7.55,7.55,7.55,7.55,292773233515,0,2019-03-26 12:34:01
2019-03-27 12:00:00,7.54,7.54,7.54,7.54,311757170998,0,2019-03-27 12:34:01
2019-03-28 12:00:00,7.49,7.49,7.49,7.49,296013726710,0,2019-03-28 12:34:06
2019-03-29 12:00:00,7.59,7.59,7.59,7.59,371708671559,0,2019-03-29 12:34:01
2019-04-01 12:00:00,7.55,7.55,7.55,7.55,421453845941,0,2019-04-01 12:34:01
2019-04-02 12:00:00,7.57,7.57,7.57,7.57,460098466016,0,2019-04-02 12:34:01
2019-04-03 12:00:00,7.48,7.48,7.48,7.48,316314898895,0,2019-04-03 12:34:06
2019-04-04 12:00:00,7.49,7.49,7.49,7.49,277603759652,0,2019-04-04 12:34:01
2019-04-05 12:00:00,7.54,7.54,7.54,7.54,317272504299,0,2019-04-05 12:34:01
2019-04-08 12:00:00,7.52,7.52,7.52,7.52,278657906245,0,2019-04-08 12:34:01
2019-04-09 12:00:00,7.44,7.44,7.44,7.44,323338841492,0,2019-04-09 12:34:01
2019-04-10 12:00:00,7.43,7.43,7.43,7.43,357164403691,0,2019-04-10 12:34:01
2019-04-11 12:00:00,7.48,7.48,7.48,7.48,270632630427,0,2019-04-11 12:34:01
2019-04-12 12:00:00,7.47,7.47,7.47,7.47,299975838063,0,2019-04-12 12:34:01
2019-04-15 12:00:00,7.47,7.47,7.47,7.47,268624812849,0,2019-04-15 12:34:01
2019-04-16 12:00:00,7.66,7.66,7.66,7.66,316666525356,0,2019-04-16 12:34:01
2019-04-17 12:00:00,7.55,7.55,7.55,7.55,337323512186,0,2019-04-17 12:34:01
2019-04-18 12:00:00,7.55,7.55,7.55,7.55,329299773238,0,2019-04-18 12:34:01
2019-04-19 12:00:00,7.54,7.54,7.54,7.54,344163690767,0,2019-04-19 12:34:01
2019-04-22 12:00:00,7.5,7.5,7.5,7.5,304533291813,0,2019-04-22 12:34:01
2019-04-23 12:00:00,7.49,7.49,7.49,7.49,349408921010,0,2019-04-23 12:34:06
2019-04-24 12:00:00,7.37,7.37,7.37,7.37,322663756802,0,2019-04-24 12:34:06
2019-04-25 12:00:00,7.37,7.37,7.37,7.37,361003813343,0,2019-04-25 12:34:01
2019-04-26 12:00:00,7.47,7.47,7.47,7.47,400371287863,0,2019-04-26 12:34:06
2019-04-29 12:00:00,7.49,7.49,7.49,7.49,231605307506,0,2019-04-29 12:34:01
2019-04-30 12:00:00,7.53,7.53,7.53,7.53,13742831316,0,2019-04-30 12:34:02
2019-05-02 12:00:00,7.47,7.47,7.47,7.47,5059652083,0,2019-05-02 12:34:01
2019-05-03 12:00:00,7.43,7.43,7.43,7.43,3332558016,0,2019-05-03 12:34:01
2019-05-06 12:00:00,7.49,7.49,7.49,7.49,162582333123,0,2019-05-06 12:34:01
2019-05-07 12:00:00,7.4,7.4,7.4,7.4,151976027200,0,2019-05-07 12:34:01
2019-05-08 12:00:00,7.36,7.36,7.36,7.36,2234867288,0,2019-05-08 12:34:01
2019-05-10 12:00:00,7.23,7.23,7.23,7.23,1874107463,0,2019-05-10 12:34:06
2019-05-13 12:00:00,7.53,7.53,7.53,7.53,164682806347,0,2019-05-13 12:34:01
2019-05-14 12:00:00,7.58,7.58,7.58,7.58,298323044290,0,2019-05-14 12:34:01
2019-05-15 12:00:00,7.56,7.56,7.56,7.56,275467362651,0,2019-05-15 12:34:01
2019-05-16 12:00:00,7.51,7.51,7.51,7.51,280462112857,0,2019-05-16 12:34:01
2019-05-17 12:00:00,7.5,7.5,7.5,7.5,237837929507,0,2019-05-17 12:34:01
2019-05-20 12:00:00,7.5,7.5,7.5,7.5,275501005417,0,2019-05-20 12:34:01
2019-05-21 12:00:00,7.58,7.58,7.58,7.58,323748110038,0,2019-05-21 12:34:01
2019-05-22 12:00:00,7.59,7.59,7.59,7.59,360952994256,0,2019-05-22 12:34:01
2019-05-23 12:00:00,7.45,7.45,7.45,7.45,291095700549,0,2019-05-23 12:34:01
2019-05-24 12:00:00,7.4,7.4,7.4,7.4,352419277008,0,2019-05-24 12:34:01
2019-05-27 12:00:00,7.45,7.45,7.45,7.45,376053116146,0,2019-05-27 12:34:01
2019-05-28 12:00:00,7.56,7.56,7.56,7.56,383888181055,0,2019-05-28 12:34:01
2019-05-29 12:00:00,7.65,7.65,7.65,7.65,264753598062,0,2019-05-29 12:34:01
2019-05-30 12:00:00,7.82,7.82,7.82,7.82,262245146291,0,2019-05-30 12:34:01
2019-05-31 12:00:00,7.83,7.83,7.83,7.83,325884915649,0,2019-05-31 12:34:06
2019-06-03 12:00:00,7.65,7.65,7.65,7.65,342323290059,0,2019-06-03 12:34:01
2019-06-04 12:00:00,7.58,7.58,7.58,7.58,256237280076,0,2019-06-04 12:34:01
2019-06-05 12:00:00,7.59,7.59,7.59,7.59,278704604209,0,2019-06-05 12:34:06
2019-06-06 12:00:00,7.63,7.63,7.63,7.63,260815238815,0,2019-06-06 12:34:01
2019-06-07 12:00:00,7.6,7.6,7.6,7.6,277260781028,0,2019-06-07 12:34:01
2019-06-10 12:00:00,7.53,7.53,7.53,7.53,210727823876,0,2019-06-10 12:34:01
2019-06-11 12:00:00,7.53,7.53,7.53,7.53,210505248476,0,2019-06-11 12:34:06
2019-06-13 12:00:00,7.52,7.52,7.52,7.52,227541072722,0,2019-06-13 12:34:06
2019-06-14 12:00:00,7.44,7.44,7.44,7.44,259731754503,0,2019-06-14 12:34:01
2019-06-17 12:00:00,7.35,7.35,7.35,7.35,266863057534,0,2019-06-17 12:34:01
2019-06-18 12:00:00,7.41,7.41,7.41,7.41,271252042423,0,2019-06-18 12:34:00
2019-06-19 12:00:00,7.42,7.42,7.42,7.42,173709046300,0,2019-06-19 12:34:01
2019-06-20 12:00:00,7.44,7.44,7.44,7.44,212230555258,0,2019-06-20 12:34:02
2019-06-21 12:00:00,7.44,7.44,7.44,7.44,209526766417,0,2019-06-21 12:34:05
2019-06-24 12:00:00,7.46,7.46,7.46,7.46,260433147282,0,2019-06-24 12:34:06
2019-06-25 12:00:00,7.47,7.47,7.47,7.47,262910174779,0,2019-06-25 12:34:01
2019-06-26 12:00:00,7.48,7.48,7.48,7.48,258732130850,0,2019-06-26 12:34:01
2019-06-27 12:00:00,7.42,7.42,7.42,7.42,181129021832,0,2019-06-27 12:34:01
2019-06-28 12:00:00,7.44,7.44,7.44,7.44,240370469976,0,2019-06-28 12:34:06
2019-07-01 12:00:00,7.42,7.42,7.42,7.42,194387023189,0,2019-07-01 12:34:01
2019-07-02 12:00:00,7.34,7.34,7.34,7.34,257805757217,0,2019-07-02 12:34:06
2019-07-03 12:00:00,7.3,7.3,7.3,7.3,248876016687,0,2019-07-03 12:34:02
2019-07-04 12:00:00,7.29,7.29,7.29,7.29,236157425645,0,2019-07-04 12:34:01
2019-07-05 12:00:00,7.3,7.3,7.3,7.3,222323281060,0,2019-07-05 12:34:01
2019-07-08 12:00:00,7.33,7.33,7.33,7.33,258405354478,0,2019-07-08 12:34:06
2019-07-09 12:00:00,7.27,7.27,7.27,7.27,270633874863,0,2019-07-09 12:34:01
2019-07-10 12:00:00,7.3,7.3,7.3,7.3,326676186909,0,2019-07-10 12:34:01
2019-07-11 12:00:00,7.25,7.25,7.25,7.25,229258860542,0,2019-07-11 12:34:01
2019-07-12 12:00:00,7.24,7.24,7.24,7.24,281498944448,0,2019-07-12 12:34:02
2019-07-15 12:00:00,7.23,7.23,7.23,7.23,315853424090,0,2019-07-15 12:34:02
2019-07-16 12:00:00,7.22,7.22,7.22,7.22,283995552406,0,2019-07-16 12:34:01
2019-07-17 12:00:00,7.24,7.24,7.24,7.24,232935193942,0,2019-07-17 12:34:01
2019-07-18 12:00:00,7.26,7.26,7.26,7.26,254375610967,0,2019-07-18 12:34:01
2019-07-19 12:00:00,7.29,7.29,7.29,7.29,379323537533,0,2019-07-19 12:34:01
2019-07-22 12:00:00,7.27,7.27,7.27,7.27,392202751596,0,2019-07-22 12:34:01
2019-07-23 12:00:00,7.18,7.18,7.18,7.18,262739122493,0,2019-07-23 12:34:06
2019-07-24 12:00:00,7.14,7.14,7.14,7.14,278604316372,0,2019-07-24 12:34:06
2019-07-25 12:00:00,7.18,7.18,7.18,7.18,327742056598,0,2019-07-25 12:34:01
2019-07-26 12:00:00,7.13,7.13,7.13,7.13,358801065766,0,2019-07-26 12:34:02
2019-07-29 12:00:00,7.05,7.05,7.05,7.05,285163791486,0,2019-07-29 12:34:02
2019-07-30 12:00:00,7.16,7.16,7.16,7.16,294959010520,0,2019-07-30 12:34:01
2019-07-31 12:00:00,7.26,7.26,7.26,7.26,354130155387,0,2019-07-31 12:34:06
2019-08-01 12:00:00,7.14,7.14,7.14,7.14,177375287715,0,2019-08-01 12:34:02
2019-08-02 12:00:00,7.05,7.05,7.05,7.05,180582686076,0,2019-08-02 12:34:01
2019-08-05 12:00:00,7.01,7.01,7.01,7.01,317402853708,0,2019-08-05 12:34:01
2019-08-06 12:00:00,6.87,6.87,6.87,6.87,259850679439,0,2019-08-06 12:34:01
2019-08-07 12:00:00,6.99,6.99,6.99,6.99,244831501162,0,2019-08-07 12:34:02
2019-08-08 12:00:00,7.04,7.04,7.04,7.04,258499690980,0,2019-08-08 12:34:02
2019-08-09 12:00:00,6.97,6.97,6.97,6.97,228332458441,0,2019-08-09 12:34:02
2019-08-12 12:00:00,6.96,6.96,6.96,6.96,203863250488,0,2019-08-12 12:34:01
2019-08-13 12:00:00,6.96,6.96,6.96,6.96,217707099431,0,2019-08-13 12:34:02
2019-08-14 12:00:00,7.01,7.01,7.01,7.01,280716436391,0,2019-08-14 12:34:01
2019-08-15 12:00:00,7.01,7.01,7.01,7.01,274654524578,0,2019-08-15 12:34:02
2019-08-16 12:00:00,6.96,6.96,6.96,6.96,239958466046,0,2019-08-16 12:34:02
2019-08-19 12:00:00,6.95,6.95,6.95,6.95,239322612844,0,2019-08-19 12:34:02
2019-08-20 12:00:00,7.01,7.01,7.01,7.01,297215969842,0,2019-08-20 12:34:06
2019-08-21 12:00:00,6.95,6.95,6.95,6.95,259080517373,0,2019-08-21 12:34:02
2019-08-22 12:00:00,6.95,6.95,6.95,6.95,289037878867,0,2019-08-22 12:34:01
2019-08-23 12:00:00,6.89,6.89,6.89,6.89,239328664685,0,2019-08-23 12:34:01
2019-08-26 12:00:00,6.9,6.9,6.9,6.9,226951034667,0,2019-08-26 12:34:01
2019-08-27 12:00:00,7.08,7.08,7.08,7.08,257286668498,0,2019-08-27 12:34:01
2019-08-28 12:00:00,6.98,6.98,6.98,6.98,182952817780,0,2019-08-28 12:34:01
2019-08-29 12:00:00,7.03,7.03,7.03,7.03,271196438139,0,2019-08-29 12:34:01
2019-08-30 12:00:00,7.04,7.04,7.04,7.04,316968667582,0,2019-08-30 12:34:01
2019-09-02 12:00:00,6.99,6.99,6.99,6.99,240980980172,0,2019-09-02 12:34:01
2019-09-03 12:00:00,7.05,7.05,7.05,7.05,276153113155,0,2019-09-03 12:34:06
2019-09-04 12:00:00,6.97,6.97,6.97,6.97,327228130520,0,2019-09-04 12:34:02
2019-09-05 12:00:00,6.86,6.86,6.86,6.86,267397770513,0,2019-09-05 12:34:02
2019-09-06 12:00:00,6.77,6.77,6.77,6.77,303521295220,0,2019-09-06 12:34:02
2019-09-09 12:00:00,6.69,6.69,6.69,6.69,255849642145,0,2019-09-09 12:34:01
2019-09-10 12:00:00,6.69,6.69,6.69,6.69,315426596473,0,2019-09-10 12:34:02
2019-09-11 12:00:00,6.68,6.68,6.68,6.68,240734834595,0,2019-09-11 12:34:01
2019-09-12 12:00:00,6.66,6.66,6.66,6.66,211017377239,0,2019-09-12 12:34:02
2019-09-13 12:00:00,6.71,6.71,6.71,6.71,295222695433,0,2019-09-13 12:34:01
2019-09-16 12:00:00,6.74,6.74,6.74,6.74,338519374523,0,2019-09-16 12:34:01
2019-09-17 12:00:00,6.68,6.68,6.68,6.68,270356346916,0,2019-09-17 12:34:06
2019-09-18 12:00:00,6.69,6.69,6.69,6.69,262977196113,0,2019-09-18 12:34:02
2019-09-19 12:00:00,6.7,6.7,6.7,6.7,298754491351,0,2019-09-19 12:34:02
2019-09-20 12:00:00,6.68,6.68,6.68,6.68,283021835721,0,2019-09-20 12:34:02
2019-09-23 12:00:00,6.65,6.65,6.65,6.65,291174665003,0,2019-09-23 12:34:02
2019-09-24 12:00:00,6.66,6.66,6.66,6.66,302336235107,0,2019-09-24 12:34:02
2019-09-25 12:00:00,6.65,6.65,6.65,6.65,288655636031,0,2019-09-25 12:34:02
2019-09-26 12:00:00,6.71,6.71,6.71,6.71,313382174525,0,2019-09-26 12:34:02
2019-09-27 12:00:00,6.71,6.71,6.71,6.71,267922256842,0,2019-09-27 12:34:02
2019-09-30 12:00:00,6.74,6.74,6.74,6.74,342365701585,0,2019-09-30 12:34:06
2019-10-01 12:00:00,6.73,6.73,6.73,6.73,256708851009,0,2019-10-01 12:34:06
2019-10-02 12:00:00,6.75,6.75,6.75,6.75,287592254719,0,2019-10-02 12:34:02
2019-10-03 12:00:00,6.75,6.75,6.75,6.75,270115729607,0,2019-10-03 12:34:02
2019-10-04 12:00:00,6.76,6.76,6.76,6.76,300242982439,0,2019-10-04 12:34:02
2019-10-07 12:00:00,6.77,6.77,6.77,6.77,297943574306,0,2019-10-07 12:34:01
2019-10-08 12:00:00,6.85,6.85,6.85,6.85,311717265544,0,2019-10-08 12:34:02
2019-10-09 12:00:00,6.75,6.75,6.75,6.75,246731802206,0,2019-10-09 12:34:01
2019-10-10 12:00:00,6.73,6.73,6.73,6.73,256611421162,0,2019-10-10 12:34:01
2019-10-11 12:00:00,6.71,6.71,6.71,6.71,276205780020,0,2019-10-11 12:34:02
2019-10-14 12:00:00,6.71,6.71,6.71,6.71,300922723209,0,2019-10-14 12:34:06
2019-10-15 12:00:00,6.71,6.71,6.71,6.71,261549925201,0,2019-10-15 12:34:02
2019-10-16 12:00:00,6.7,6.7,6.7,6.7,269044633342,0,2019-10-16 12:34:06
2019-10-17 12:00:00,6.73,6.73,6.73,6.73,341179227347,0,2019-10-17 12:34:02
2019-10-18 12:00:00,6.67,6.67,6.67,6.67,338838377281,0,2019-10-18 12:34:06
2019-10-21 12:00:00,6.59,6.59,6.59,6.59,279783597684,0,2019-10-21 12:34:01
2019-10-22 12:00:00,6.5,6.5,6.5,6.5,314146833320,0,2019-10-22 12:34:02
2019-10-23 12:00:00,6.4,6.4,6.4,6.4,278140129183,0,2019-10-23 12:34:06
2019-10-24 12:00:00,6.51,6.51,6.51,6.51,318005035535,0,2019-10-24 12:34:01
2019-10-25 12:00:00,6.49,6.49,6.49,6.49,323542874008,0,2019-10-25 12:34:02
2019-10-28 12:00:00,6.33,6.33,6.33,6.33,295276018746,0,2019-10-28 12:34:01
2019-10-29 12:00:00,6.46,6.46,6.46,6.46,288937647441,0,2019-10-29 12:34:02
2019-10-30 12:00:00,6.43,6.43,6.43,6.43,283901384343,0,2019-10-30 12:34:01
2019-10-31 12:00:00,6.41,6.41,6.41,6.41,345840843523,0,2019-10-31 12:34:02
2019-11-01 12:00:00,6.35,6.35,6.35,6.35,339636842158,0,2019-11-01 12:34:02
2019-11-05 12:00:00,6.22,6.22,6.22,6.22,294996263316,0,2019-11-05 12:34:02
2019-11-06 12:00:00,6.2,6.2,6.2,6.2,315757620890,0,2019-11-06 12:34:02
2019-11-07 12:00:00,6.25,6.25,6.25,6.25,281170874873,0,2019-11-07 12:34:02
2019-11-08 12:00:00,6.29,6.29,6.29,6.29,382025644215,0,2019-11-08 12:34:02
2019-11-12 12:00:00,6.23,6.23,6.23,6.23,305598637724,0,2019-11-12 12:34:01
2019-11-13 12:00:00,6.24,6.24,6.24,6.24,326566319931,0,2019-11-13 12:34:02
2019-11-14 12:00:00,6.28,6.28,6.28,6.28,313570185440,0,2019-11-14 12:34:02
2019-11-15 12:00:00,6.31,6.31,6.31,6.31,295505974552,0,2019-11-15 12:34:02
2019-11-18 12:00:00,6.3,6.3,6.3,6.3,300721272959,0,2019-11-18 12:34:06
2019-11-19 12:00:00,6.32,6.32,6.32,6.32,317154205138,0,2019-11-19 12:34:01
2019-11-20 12:00:00,6.33,6.33,6.33,6.33,295740761247,0,2019-11-20 12:34:06
2019-11-21 12:00:00,6.32,6.32,6.32,6.32,272721197073,0,2019-11-21 12:34:02
2019-11-22 12:00:00,6.35,6.35,6.35,6.35,358152722509,0,2019-11-22 12:34:01
2019-11-25 12:00:00,6.34,6.34,6.34,6.34,358568509018,0,2019-11-25 12:34:01
2019-11-26 12:00:00,6.35,6.35,6.35,6.35,337210627958,0,2019-11-26 12:34:02
2019-11-27 12:00:00,6.33,6.33,6.33,6.33,221381561503,0,2019-11-27 12:34:02
2019-11-28 12:00:00,6.41,6.41,6.41,6.41,263990335356,0,2019-11-28 12:34:06
2019-11-29 12:00:00,6.38,6.38,6.38,6.38,265712864620,0,2019-11-29 12:34:02
2019-12-02 12:00:00,6.39,6.39,6.39,6.39,281560208355,0,2019-12-02 12:34:06
2019-12-03 12:00:00,6.34,6.34,6.34,6.34,199698528816,0,2019-12-03 12:34:02
2019-12-04 12:00:00,6.37,6.37,6.37,6.37,276124126790,0,2019-12-04 12:34:06
2019-12-05 12:00:00,6.32,6.32,6.32,6.32,287710532237,0,2019-12-05 12:34:02
2019-12-06 12:00:00,6.19,6.19,6.19,6.19,241049959123,0,2019-12-06 12:34:02
2019-12-09 12:00:00,6.17,6.17,6.17,6.17,223144623388,0,2019-12-09 12:34:02
2019-12-10 12:00:00,6.18,6.18,6.18,6.18,333009665794,0,2019-12-10 12:34:02
2019-12-11 12:00:00,6.15,6.15,6.15,6.15,305489187850,0,2019-12-11 12:34:02
2019-12-12 12:00:00,6.04,6.04,6.04,6.04,353514475694,0,2019-12-12 12:34:01
2019-12-13 12:00:00,5.93,5.93,5.93,5.93,418005960418,0,2019-12-13 12:34:01
2019-12-16 12:00:00,5.93,5.93,5.93,5.93,183636600753,0,2019-12-16 12:34:02
2019-12-17 12:00:00,5.91,5.91,5.91,5.91,175156312920,0,2019-12-17 12:34:01
2019-12-18 12:00:00,5.83,5.83,5.83,5.83,84360739513,0,2019-12-18 12:34:02
2019-12-19 12:00:00,5.84,5.84,5.84,5.84,304857548122,0,2019-12-19 12:34:02
2019-12-20 12:00:00,5.9,5.9,5.9,5.9,350230251618,0,2019-12-20 12:34:02
2019-12-23 12:00:00,5.9,5.9,5.9,5.9,315430875945,0,2019-12-23 12:34:02
2019-12-24 12:00:00,5.99,5.99,5.99,5.99,314890001273,0,2019-12-24 12:34:01
2019-12-25 12:00:00,6.08,6.08,6.08,6.08,291202415435,0,2019-12-25 12:34:01
2019-12-26 12:00:00,6.07,6.07,6.07,6.07,219037542794,0,2019-12-26 12:34:02
2019-12-27 12:00:00,6.13,6.13,6.13,6.13,263417434370,0,2019-12-27 12:34:02
2019-12-30 12:00:00,6.1,6.1,6.1,6.1,4116755134,0,2019-12-30 12:34:06
2020-01-03 12:00:00,6.13,6.13,6.13,6.13,1756967835,0,2020-01-03 12:34:01
2020-01-06 12:00:00,6.13,6.13,6.13,6.13,1734767707,0,2020-01-06 12:34:01
2020-01-08 12:00:00,6.15,6.15,6.15,6.15,2454461212,0,2020-01-08 12:34:02
2020-01-09 12:00:00,6.07,6.07,6.07,6.07,396898069841,0,2020-01-09 12:34:02
2020-01-10 12:00:00,6.08,6.08,6.08,6.08,433698975554,0,2020-01-10 12:34:02
2020-01-13 12:00:00,5.96,5.96,5.96,5.96,374885089201,0,2020-01-13 12:34:06
2020-01-14 12:00:00,5.75,5.75,5.75,5.75,275165280165,0,2020-01-14 12:34:02
2020-01-15 12:00:00,5.9,5.9,5.9,5.9,305117870075,0,2020-01-15 12:34:02
2020-01-16 12:00:00,5.94,5.94,5.94,5.94,349927922431,0,2020-01-16 12:34:07
2020-01-17 12:00:00,5.91,5.91,5.91,5.91,267868736232,0,2020-01-17 12:34:02
2020-01-20 12:00:00,5.96,5.96,5.96,5.96,309112776633,0,2020-01-20 12:34:02
2020-01-21 12:00:00,5.88,5.88,5.88,5.88,246315023225,0,2020-01-21 12:34:02
2020-01-22 12:00:00,5.87,5.87,5.87,5.87,230450695464,0,2020-01-22 12:34:02
2020-01-23 12:00:00,5.87,5.87,5.87,5.87,249117657231,0,2020-01-23 12:34:02
2020-01-24 12:00:00,5.83,5.83,5.83,5.83,232326035610,0,2020-01-24 12:34:02
2020-01-27 12:00:00,5.89,5.89,5.89,5.89,235521287434,0,2020-01-27 12:34:02
2020-01-28 12:00:00,5.99,5.99,5.99,5.99,303344155037,0,2020-01-28 12:34:01
2020-01-29 12:00:00,6.0,6.0,6.0,6.0,292945630815,0,2020-01-29 12:34:02
2020-01-30 12:00:00,5.99,5.99,5.99,5.99,251964498322,0,2020-01-30 12:34:02
2020-01-31 12:00:00,6.0,6.0,6.0,6.0,322210744911,0,2020-01-31 12:34:02
2020-02-03 12:00:00,5.9,5.9,5.9,5.9,287985578754,0,2020-02-03 12:34:02
2020-02-04 12:00:00,5.9,5.9,5.9,5.9,294303827229,0,2020-02-04 12:34:02
2020-02-05 12:00:00,5.86,5.86,5.86,5.86,252491528875,0,2020-02-05 12:34:02
2020-02-06 12:00:00,5.89,5.89,5.89,5.89,308539762526,0,2020-02-06 12:34:02
2020-02-07 12:00:00,5.88,5.88,5.88,5.88,293013140374,0,2020-02-07 12:34:02
2020-02-10 12:00:00,5.77,5.77,5.77,5.77,296297096550,0,2020-02-10 12:34:01
2020-02-11 12:00:00,5.8,5.8,5.8,5.8,343843003566,0,2020-02-11 12:34:01
2020-02-12 12:00:00,5.72,5.72,5.72,5.72,382651719733,0,2020-02-12 12:34:02
2020-02-13 12:00:00,5.66,5.66,5.66,5.66,305349582748,0,2020-02-13 12:34:02
2020-02-14 12:00:00,5.68,5.68,5.68,5.68,279382105735,0,2020-02-14 12:34:02
2020-02-17 12:00:00,5.73,5.73,5.73,5.73,352805343348,0,2020-02-17 12:34:07
2020-02-18 12:00:00,5.69,5.69,5.69,5.69,297238828758,0,2020-02-18 12:34:02
2020-02-19 12:00:00,5.67,5.67,5.67,5.67,256547301526,0,2020-02-19 12:34:02
2020-02-20 12:00:00,5.73,5.73,5.73,5.73,349003464206,0,2020-02-20 12:34:01
2020-02-21 12:00:00,5.69,5.69,5.69,5.69,343095940090,0,2020-02-21 12:34:06
2020-02-25 12:00:00,5.65,5.65,5.65,5.65,266567737246,0,2020-02-25 12:34:02
2020-02-26 12:00:00,5.77,5.77,5.77,5.77,262687766839,0,2020-02-26 12:34:01
2020-02-27 12:00:00,5.86,5.86,5.86,5.86,323685676573,0,2020-02-27 12:34:02
2020-02-28 12:00:00,5.84,5.84,5.84,5.84,349282379536,0,2020-02-28 12:34:02
2020-03-02 12:00:00,5.79,5.79,5.79,5.79,343854453629,0,2020-03-02 12:34:02
2020-03-03 12:00:00,5.8,5.8,5.8,5.8,389844700174,0,2020-03-03 12:34:02
2020-03-04 12:00:00,5.79,5.79,5.79,5.79,347204802273,0,2020-03-04 12:34:02
2020-03-05 12:00:00,5.79,5.79,5.79,5.79,411021008092,0,2020-03-05 12:34:02
2020-03-06 12:00:00,5.82,5.82,5.82,5.82,377501540416,0,2020-03-06 12:34:02
2020-03-10 12:00:00,6.1,6.1,6.1,6.1,425991354431,0,2020-03-10 12:34:01
2020-03-11 12:00:00,5.63,5.63,5.63,5.63,515109119462,0,2020-03-11 12:34:01
2020-03-12 12:00:00,5.32,5.32,5.32,5.32,410784072514,0,2020-03-12 12:34:02
2020-03-13 12:00:00,5.35,5.35,5.35,5.35,485827423615,0,2020-03-13 12:34:02
2020-03-16 12:00:00,5.28,5.28,5.28,5.28,412552830422,0,2020-03-16 12:34:02
2020-03-17 12:00:00,5.36,5.36,5.36,5.36,515084209604,0,2020-03-17 12:34:02
2020-03-18 12:00:00,5.27,5.27,5.27,5.27,391747216719,0,2020-03-18 12:34:02
2020-03-19 12:00:00,5.28,5.28,5.28,5.28,357266444934,0,2020-03-19 12:34:01
2020-03-20 12:00:00,5.41,5.41,5.41,5.41,344766834730,0,2020-03-20 12:34:02
2020-03-23 12:00:00,5.54,5.54,5.54,5.54,315334375648,0,2020-03-23 12:34:09
2020-03-24 12:00:00,5.56,5.56,5.56,5.56,382638813526,0,2020-03-24 12:34:08
2020-03-25 12:00:00,5.62,5.62,5.62,5.62,437986393854,0,2020-03-25 12:34:07
2020-03-26 12:00:00,5.65,5.65,5.65,5.65,431904865424,0,2020-03-26 12:34:09
2020-03-27 12:00:00,5.88,5.88,5.88,5.88,365012424018,0,2020-03-27 12:34:14
2020-03-30 12:00:00,5.99,5.99,5.99,5.99,346478567706,0,2020-03-30 12:34:04
2020-03-31 12:00:00,5.59,5.59,5.59,5.59,476398359958,0,2020-03-31 12:34:04
2020-04-01 12:00:00,5.22,5.22,5.22,5.22,184348949239,0,2020-04-01 12:34:02
2020-04-02 12:00:00,5.28,5.28,5.28,5.28,295983970467,0,2020-04-02 12:34:02
2020-04-03 12:00:00,5.51,5.51,5.51,5.51,371367429754,0,2020-04-03 12:34:02
2020-04-06 12:00:00,5.71,5.71,5.71,5.71,336451923895,0,2020-04-06 12:34:02
2020-04-07 12:00:00,5.74,5.74,5.74,5.74,389968360972,0,2020-04-07 12:34:03
2020-04-08 12:00:00,5.72,5.72,5.72,5.72,464615187501,0,2020-04-08 12:34:08
2020-04-09 12:00:00,5.77,5.77,5.77,5.77,450403155355,0,2020-04-09 12:34:07
2020-04-10 12:00:00,5.87,5.87,5.87,5.87,456643766135,0,2020-04-10 12:34:13
2020-04-13 12:00:00,5.84,5.84,5.84,5.84,434671966524,0,2020-04-13 12:34:14
2020-04-14 12:00:00,5.83,5.83,5.83,5.83,455704716021,0,2020-04-14 12:34:02
2020-04-15 12:00:00,5.84,5.84,5.84,5.84,397841515224,0,2020-04-15 12:34:02
2020-04-16 12:00:00,5.92,5.92,5.92,5.92,386992541771,0,2020-04-16 12:34:02
2020-04-17 12:00:00,5.96,5.96,5.96,5.96,396229439804,0,2020-04-17 12:34:03
2020-04-20 12:00:00,5.98,5.98,5.98,5.98,402245041635,0,2020-04-20 12:34:07
2020-04-21 12:00:00,6.11,6.11,6.11,6.11,439702184078,0,2020-04-21 12:34:07
2020-04-22 12:00:00,6.14,6.14,6.14,6.14,447615241199,0,2020-04-22 12:34:01
2020-04-23 12:00:00,6.13,6.13,6.13,6.13,416530370676,0,2020-04-23 12:34:03
2020-04-24 12:00:00,5.88,5.88,5.88,5.88,478838950010,0,2020-04-24 12:34:02
2020-04-27 12:00:00,5.5,5.5,5.5,5.5,456769814945,0,2020-04-27 12:34:02
2020-04-28 12:00:00,5.49,5.49,5.49,5.49,480688947532,0,2020-04-28 12:34:03
2020-04-29 12:00:00,5.62,5.62,5.62,5.62,380276726033,0,2020-04-29 12:34:02
2020-04-30 12:00:00,5.38,5.38,5.38,5.38,72982768674,0,2020-04-30 12:34:04
2020-05-04 12:00:00,5.04,5.04,5.04,5.04,49538208043,0,2020-05-04 12:34:19
2020-05-05 12:00:00,5.08,5.08,5.08,5.08,34773861035,0,2020-05-05 12:34:07
2020-05-06 12:00:00,5.43,5.43,5.43,5.43,177792893685,0,2020-05-06 12:34:13
2020-05-07 12:00:00,5.27,5.27,5.27,5.27,298848082125,0,2020-05-07 12:34:23
2020-05-12 12:00:00,5.14,5.14,5.14,5.14,344917227528,0,2020-05-12 12:34:03
2020-05-13 12:00:00,5.47,5.47,5.47,5.47,320116378629,0,2020-05-13 12:34:02
2020-05-14 12:00:00,5.4,5.4,5.4,5.4,288945420417,0,2020-05-14 12:34:03
2020-05-15 12:00:00,5.36,5.36,5.36,5.36,347336957612,0,2020-05-15 12:34:09
2020-05-18 12:00:00,5.33,5.33,5.33,5.33,341712381012,0,2020-05-18 12:34:08
2020-05-19 12:00:00,5.37,5.37,5.37,5.37,389238512773,0,2020-05-19 12:34:04
2020-05-20 12:00:00,5.34,5.34,5.34,5.34,331173594145,0,2020-05-20 12:34:09
2020-05-21 12:00:00,5.42,5.42,5.42,5.42,393259683243,0,2020-05-21 12:34:12
2020-05-22 12:00:00,5.39,5.39,5.39,5.39,366554147137,0,2020-05-22 12:34:02
2020-05-25 12:00:00,5.42,5.42,5.42,5.42,355094515142,0,2020-05-25 12:34:02
2020-05-26 12:00:00,5.42,5.42,5.42,5.42,309859707568,0,2020-05-26 12:34:01
2020-05-27 12:00:00,5.47,5.47,5.47,5.47,322277891839,0,2020-05-27 12:34:02
2020-05-28 12:00:00,5.42,5.42,5.42,5.42,282295650243,0,2020-05-28 12:34:01
2020-05-29 12:00:00,5.45,5.45,5.45,5.45,391250285850,0,2020-05-29 12:34:03
2020-06-01 12:00:00,5.4,5.4,5.4,5.4,327191679008,0,2020-06-01 12:34:02
2020-06-02 12:00:00,5.39,5.39,5.39,5.39,361120120414,0,2020-06-02 12:34:02
2020-06-03 12:00:00,5.4,5.4,5.4,5.4,398863859611,0,2020-06-03 12:59:59
2020-06-04 12:00:00,5.39,5.39,5.39,5.39,368622338023,0,2020-06-04 12:34:02
2020-06-05 12:00:00,5.31,5.31,5.31,5.31,359143416808,0,2020-06-05 12:34:02
2020-06-08 12:00:00,5.22,5.22,5.22,5.22,409168937146,0,2020-06-08 12:34:06
2020-06-09 12:00:00,5.04,5.04,5.04,5.04,313958865270,0,2020-06-09 12:34:07
2020-06-10 12:00:00,5.22,5.22,5.22,5.22,337121036475,0,2020-06-10 12:34:02
2020-06-11 12:00:00,5.07,5.07,5.07,5.07,348088117647,0,2020-06-11 12:34:02
2020-06-15 12:00:00,5.1,5.1,5.1,5.1,357316759868,0,2020-06-15 12:59:59
2020-06-16 12:00:00,5.02,5.02,5.02,5.02,319389504434,0,2020-06-16 12:34:02
2020-06-17 12:00:00,4.92,4.92,4.92,4.92,405102134163,0,2020-06-17 12:34:02
2020-06-18 12:00:00,4.76,4.76,4.76,4.76,365175334107,0,2020-06-18 12:34:02
2020-06-19 12:00:00,4.88,4.88,4.88,4.88,434096992829,0,2020-06-19 12:34:02
2020-06-22 12:00:00,4.42,4.42,4.42,4.42,366157407638,0,2020-06-22 12:34:02
2020-06-23 12:00:00,4.45,4.45,4.45,4.45,430251657914,0,2020-06-23 12:34:02
2020-06-25 12:00:00,4.41,4.41,4.41,4.41,303143693541,0,2020-06-25 12:34:02
2020-06-26 12:00:00,4.52,4.52,4.52,4.52,343460053051,0,2020-06-26 12:34:01
2020-06-29 12:00:00,4.45,4.45,4.45,4.45,299855169578,0,2020-06-29 12:34:02
2020-06-30 12:00:00,4.49,4.49,4.49,4.49,332725632585,0,2020-06-30 12:34:02
2020-07-02 12:00:00,4.46,4.46,4.46,4.46,345761338815,0,2020-07-02 12:34:02
2020-07-03 12:00:00,4.12,4.12,4.12,4.12,379996011698,0,2020-07-03 12:34:02
2020-07-06 12:00:00,4.11,4.11,4.11,4.11,336463060099,0,2020-07-06 12:34:02
2020-07-07 12:00:00,4.17,4.17,4.17,4.17,276139393861,0,2020-07-07 12:34:01
2020-07-08 12:00:00,4.33,4.33,4.33,4.33,309690043139,0,2020-07-08 12:34:02
2020-07-09 12:00:00,4.39,4.39,4.39,4.39,332394145242,0,2020-07-09 12:34:02
2020-07-10 12:00:00,4.35,4.35,4.35,4.35,432391843127,0,2020-07-10 12:34:02
2020-07-13 12:00:00,4.28,4.28,4.28,4.28,309866555083,0,2020-07-13 12:34:02
2020-07-14 12:00:00,4.34,4.34,4.34,4.34,353653736281,0,2020-07-14 12:34:02
2020-07-15 12:00:00,4.27,4.27,4.27,4.27,375259766967,0,2020-07-15 12:34:01
2020-07-16 12:00:00,4.2,4.2,4.2,4.2,408114951945,0,2020-07-16 12:34:02
2020-07-17 12:00:00,4.16,4.16,4.16,4.16,421637077560,0,2020-07-17 12:34:01
2020-07-20 12:00:00,4.17,4.17,4.17,4.17,438321667785,0,2020-07-20 12:34:02
2020-07-21 12:00:00,4.24,4.24,4.24,4.24,362456650501,0,2020-07-21 12:34:02
2020-07-22 12:00:00,4.2,4.2,4.2,4.2,419513680635,0,2020-07-22 12:34:02
2020-07-23 12:00:00,4.08,4.08,4.08,4.08,363440933571,0,2020-07-23 12:34:02
2020-07-24 12:00:00,4.14,4.14,4.14,4.14,576276899575,0,2020-07-24 12:34:02
2020-07-27 12:00:00,3.93,3.93,3.93,3.93,336892706900,0,2020-07-27 12:34:02
2020-07-28 12:00:00,4.06,4.06,4.06,4.06,389110854524,0,2020-07-28 12:34:02
2020-07-29 12:00:00,4.09,4.09,4.09,4.09,385632212135,0,2020-07-29 12:34:02
2020-07-30 12:00:00,4.23,4.23,4.23,4.23,369761637457,0,2020-07-30 12:34:02
2020-07-31 12:00:00,4.33,4.33,4.33,4.33,444455664156,0,2020-07-31 12:34:02
2020-08-03 12:00:00,4.1,4.1,4.1,4.1,468172671806,0,2020-08-03 12:34:02
2020-08-04 12:00:00,4.06,4.06,4.06,4.06,396256367592,0,2020-08-04 12:34:02
2020-08-05 12:00:00,4.13,4.13,4.13,4.13,390195976637,0,2020-08-05 12:34:06
2020-08-06 12:00:00,4.18,4.18,4.18,4.18,424795544542,0,2020-08-06 12:34:02
2020-08-07 12:00:00,4.2,4.2,4.2,4.2,488477635937,0,2020-08-07 12:34:03
2020-08-10 12:00:00,4.15,4.15,4.15,4.15,416502506516,0,2020-08-10 12:34:02
2020-08-11 12:00:00,4.19,4.19,4.19,4.19,460764127198,0,2020-08-11 12:34:01
2020-08-12 12:00:00,4.12,4.12,4.12,4.12,373858052501,0,2020-08-12 12:34:02
2020-08-13 12:00:00,4.13,4.13,4.13,4.13,414100441982,0,2020-08-13 12:34:02
2020-08-14 12:00:00,4.1,4.1,4.1,4.1,407568413484,0,2020-08-14 12:34:02
2020-08-17 12:00:00,4.11,4.11,4.11,4.11,424243754436,0,2020-08-17 12:59:59
2020-08-18 12:00:00,4.11,4.11,4.11,4.11,428020772523,0,2020-08-18 12:34:02
2020-08-19 12:00:00,4.14,4.14,4.14,4.14,332539174463,0,2020-08-19 12:34:02
2020-08-20 12:00:00,4.15,4.15,4.15,4.15,470227895015,0,2020-08-20 12:34:02
2020-08-21 12:00:00,4.14,4.14,4.14,4.14,476884872304,0,2020-08-21 12:34:02
2020-08-24 12:00:00,4.1,4.1,4.1,4.1,401008241107,0,2020-08-24 12:34:02
2020-08-25 12:00:00,4.14,4.14,4.14,4.14,399081800970,0,2020-08-25 12:34:02
2020-08-26 12:00:00,4.15,4.15,4.15,4.15,423998567536,0,2020-08-26 12:34:02
2020-08-27 12:00:00,4.19,4.19,4.19,4.19,448400775690,0,2020-08-27 12:34:02
2020-08-28 12:00:00,4.18,4.18,4.18,4.18,422296084558,0,2020-08-28 12:34:02
2020-08-31 12:00:00,4.16,4.16,4.16,4.16,438073998465,0,2020-08-31 12:34:03
2020-09-01 12:00:00,4.11,4.11,4.11,4.11,462174535351,0,2020-09-01 12:34:02
2020-09-02 12:00:00,4.13,4.13,4.13,4.13,433454507703,0,2020-09-02 12:34:02
2020-09-03 12:00:00,4.15,4.15,4.15,4.15,431164105808,0,2020-09-03 12:34:01
2020-09-04 12:00:00,4.15,4.15,4.15,4.15,465317346213,0,2020-09-04 12:34:02
2020-09-07 12:00:00,4.09,4.09,4.09,4.09,431119564249,0,2020-09-07 12:34:02
2020-09-08 12:00:00,4.09,4.09,4.09,4.09,412538833789,0,2020-09-08 12:34:02
2020-09-09 12:00:00,4.14,4.14,4.14,4.14,347725477140,0,2020-09-09 12:34:02
2020-09-10 12:00:00,4.14,4.14,4.14,4.14,367579725755,0,2020-09-10 12:34:07
2020-09-11 12:00:00,4.18,4.18,4.18,4.18,372816546185,0,2020-09-11 12:34:02
2020-09-14 12:00:00,4.2,4.2,4.2,4.2,343537253321,0,2020-09-14 12:34:03
2020-09-15 12:00:00,4.21,4.21,4.21,4.21,345630104817,0,2020-09-15 12:34:02
2020-09-16 12:00:00,4.22,4.22,4.22,4.22,352018361889,0,2020-09-16 12:34:02
2020-09-17 12:00:00,4.21,4.21,4.21,4.21,384388975303,0,2020-09-17 12:34:02
2020-09-18 12:00:00,4.23,4.23,4.23,4.23,457588609802,0,2020-09-18 12:34:02
2020-09-21 12:00:00,4.23,4.23,4.23,4.23,416305148462,0,2020-09-21 12:34:02
2020-09-22 12:00:00,4.2,4.2,4.2,4.2,463231975548,0,2020-09-22 12:34:02
2020-09-23 12:00:00,4.17,4.17,4.17,4.17,507376368320,0,2020-09-23 12:34:02
2020-09-24 12:00:00,4.14,4.14,4.14,4.14,452506453076,0,2020-09-24 12:34:02
2020-09-25 12:00:00,4.18,4.18,4.18,4.18,465521749208,0,2020-09-25 12:34:02
2020-09-28 12:00:00,4.2,4.2,4.2,4.2,443687828222,0,2020-09-28 12:34:02
2020-09-29 12:00:00,4.18,4.18,4.18,4.18,452411684437,0,2020-09-29 12:34:02
2020-09-30 12:00:00,4.22,4.22,4.22,4.22,358887033460,0,2020-09-30 12:34:02
2020-10-01 12:00:00,4.15,4.15,4.15,4.15,461483250512,0,2020-10-01 12:34:02
2020-10-02 12:00:00,3.95,3.95,3.95,3.95,418511398305,0,2020-10-02 12:34:03
2020-10-05 12:00:00,4.13,4.13,4.13,4.13,386884817343,0,2020-10-05 12:34:01
2020-10-06 12:00:00,4.09,4.09,4.09,4.09,375783038136,0,2020-10-06 12:34:01
2020-10-07 12:00:00,4.16,4.16,4.16,4.16,379241599053,0,2020-10-07 12:34:02
2020-10-08 12:00:00,4.24,4.24,4.24,4.24,336068480056,0,2020-10-08 12:34:02
2020-10-09 12:00:00,4.3,4.3,4.3,4.3,403607892907,0,2020-10-09 12:34:02
2020-10-12 12:00:00,4.24,4.24,4.24,4.24,323624697301,0,2020-10-12 12:34:02
2020-10-13 12:00:00,4.28,4.28,4.28,4.28,357282056416,0,2020-10-13 12:34:02
2020-10-14 12:00:00,4.24,4.24,4.24,4.24,416840560546,0,2020-10-14 12:34:02
2020-10-15 12:00:00,4.26,4.26,4.26,4.26,391980643654,0,2020-10-15 12:34:02
2020-10-16 12:00:00,4.24,4.24,4.24,4.24,340585263821,0,2020-10-16 12:34:02
2020-10-19 12:00:00,4.26,4.26,4.26,4.26,350428777644,0,2020-10-19 12:34:02
2020-10-20 12:00:00,4.22,4.22,4.22,4.22,320575434533,0,2020-10-20 12:34:02
2020-10-21 12:00:00,4.27,4.27,4.27,4.27,364821300332,0,2020-10-21 12:34:02
2020-10-22 12:00:00,4.24,4.24,4.24,4.24,280895946554,0,2020-10-22 12:34:02
2020-10-23 12:00:00,4.31,4.31,4.31,4.31,311684124651,0,2020-10-23 12:34:02
2020-10-26 12:00:00,4.25,4.25,4.25,4.25,237993012471,0,2020-10-26 12:34:02
2020-10-27 12:00:00,4.32,4.32,4.32,4.32,276787979994,0,2020-10-27 12:34:03
2020-10-28 12:00:00,4.29,4.29,4.29,4.29,323357137936,0,2020-10-28 12:34:03
2020-10-29 12:00:00,4.31,4.31,4.31,4.31,317179240429,0,2020-10-29 12:34:02
2020-10-30 12:00:00,4.27,4.27,4.27,4.27,296510778783,0,2020-10-30 12:34:03
2020-11-02 12:00:00,4.28,4.28,4.28,4.28,380523844212,0,2020-11-02 12:34:03
2020-11-03 12:00:00,4.2,4.2,4.2,4.2,371611825861,0,2020-11-03 12:34:02
2020-11-05 12:00:00,4.26,4.26,4.26,4.26,388608218046,0,2020-11-05 12:34:02
2020-11-06 12:00:00,4.3,4.3,4.3,4.3,361676374606,0,2020-11-06 12:34:03
2020-11-09 12:00:00,4.15,4.15,4.15,4.15,331615725965,0,2020-11-09 12:34:02
2020-11-10 12:00:00,4.01,4.01,4.01,4.01,301730733220,0,2020-11-10 12:34:02
2020-11-11 12:00:00,4.08,4.08,4.08,4.08,269617302097,0,2020-11-11 12:34:02
2020-11-12 12:00:00,4.16,4.16,4.16,4.16,228098931547,0,2020-11-12 12:34:03
2020-11-13 12:00:00,4.23,4.23,4.23,4.23,308023918893,0,2020-11-13 12:34:02
2020-11-16 12:00:00,4.15,4.15,4.15,4.15,269396637965,0,2020-11-16 12:34:02
2020-11-17 12:00:00,4.18,4.18,4.18,4.18,378306398478,0,2020-11-17 12:34:03
2020-11-18 12:00:00,4.1,4.1,4.1,4.1,258802722728,0,2020-11-18 12:34:03
2020-11-19 12:00:00,4.14,4.14,4.14,4.14,278844832729,0,2020-11-19 12:34:02
2020-11-20 12:00:00,4.11,4.11,4.11,4.11,335310477183,0,2020-11-20 12:34:02
2020-11-23 12:00:00,4.08,4.08,4.08,4.08,298969027073,0,2020-11-23 12:34:02
2020-11-24 12:00:00,4.0,4.0,4.0,4.0,221727145532,0,2020-11-24 12:34:02
2020-11-25 12:00:00,4.07,4.07,4.07,4.07,315949886268,0,2020-11-25 12:34:02
2020-11-26 12:00:00,4.08,4.08,4.08,4.08,281400274495,0,2020-11-26 12:34:03
2020-11-27 12:00:00,4.01,4.01,4.01,4.01,291428135000,0,2020-11-27 12:34:02
2020-11-30 12:00:00,4.04,4.04,4.04,4.04,238964398245,0,2020-11-30 12:34:02
2020-12-01 12:00:00,4.07,4.07,4.07,4.07,293098741977,0,2020-12-01 12:34:02
2020-12-02 12:00:00,4.02,4.02,4.02,4.02,237845982880,0,2020-12-02 12:34:02
2020-12-03 12:00:00,3.99,3.99,3.99,3.99,229371426107,0,2020-12-03 12:34:02
2020-12-04 12:00:00,4.05,4.05,4.05,4.05,254530092983,0,2020-12-04 12:34:03
2020-12-07 12:00:00,3.88,3.88,3.88,3.88,339227578748,0,2020-12-07 12:34:02
2020-12-08 12:00:00,3.88,3.88,3.88,3.88,249164429212,0,2020-12-08 12:34:01
2020-12-09 12:00:00,4.1,4.1,4.1,4.1,290746969399,0,2020-12-09 12:34:01
2020-12-10 12:00:00,4.13,4.13,4.13,4.13,245850315962,0,2020-12-10 12:34:01
2020-12-11 12:00:00,4.17,4.17,4.17,4.17,235615281440,0,2020-12-11 12:34:02
2020-12-14 12:00:00,4.21,4.21,4.21,4.21,220475829708,0,2020-12-14 12:34:02
2020-12-15 12:00:00,4.26,4.26,4.26,4.26,243742260446,0,2020-12-15 12:34:03
2020-12-16 12:00:00,4.28,4.28,4.28,4.28,234568054175,0,2020-12-16 12:34:02
2020-12-17 12:00:00,4.36,4.36,4.36,4.36,325757014423,0,2020-12-17 12:34:02
2020-12-18 12:00:00,4.29,4.29,4.29,4.29,267068473338,0,2020-12-18 12:34:03
2020-12-21 12:00:00,4.37,4.37,4.37,4.37,373142275817,0,2020-12-21 12:34:02
2020-12-22 12:00:00,4.37,4.37,4.37,4.37,369370573143,0,2020-12-22 12:34:02
2020-12-23 12:00:00,4.38,4.38,4.38,4.38,425172837659,0,2020-12-23 12:34:02
2020-12-24 12:00:00,4.3,4.3,4.3,4.3,411814590408,0,2020-12-24 12:34:03
2020-12-25 12:00:00,4.17,4.17,4.17,4.17,347893455801,0,2020-12-25 12:34:08
2020-12-28 12:00:00,4.2,4.2,4.2,4.2,281296546087,0,2020-12-28 12:34:02
2020-12-29 12:00:00,4.2,4.2,4.2,4.2,101705994400,0,2020-12-29 12:34:02
2020-12-30 12:00:00,4.16,4.16,4.16,4.16,19422342198,0,2020-12-30 12:34:03
2021-01-04 12:00:00,4.05,4.05,4.05,4.05,21367471169,0,2021-01-04 12:34:06
2021-01-05 12:00:00,4.14,4.14,4.14,4.14,16271282364,0,2021-01-05 12:34:01
2021-01-06 12:00:00,4.09,4.09,4.09,4.09,16433158253,0,2021-01-06 12:34:02
2021-01-08 12:00:00,4.19,4.19,4.19,4.19,38909402870,0,2021-01-08 12:34:03
2021-01-11 12:00:00,4.25,4.25,4.25,4.25,304807348918,0,2021-01-11 12:34:02
2021-01-12 12:00:00,4.23,4.23,4.23,4.23,457507356153,0,2021-01-12 12:34:02
2021-01-13 12:00:00,4.21,4.21,4.21,4.21,330822863848,0,2021-01-13 12:34:02
2021-01-14 12:00:00,4.26,4.26,4.26,4.26,376461717268,0,2021-01-14 12:34:03
2021-01-15 12:00:00,4.28,4.28,4.28,4.28,323693655866,0,2021-01-15 12:34:01
2021-01-18 12:00:00,4.24,4.24,4.24,4.24,307083162174,0,2021-01-18 12:34:02
2021-01-19 12:00:00,4.3,4.3,4.3,4.3,392218196907,0,2021-01-19 12:34:02
2021-01-20 12:00:00,4.3,4.3,4.3,4.3,390580614222,0,2021-01-20 12:34:08
2021-01-21 12:00:00,4.3,4.3,4.3,4.3,359545695928,0,2021-01-21 12:34:07
2021-01-22 12:00:00,4.3,4.3,4.3,4.3,366216933924,0,2021-01-22 12:34:02
2021-01-25 12:00:00,4.28,4.28,4.28,4.28,357399117588,0,2021-01-25 12:34:03
2021-01-26 12:00:00,4.27,4.27,4.27,4.27,337559804096,0,2021-01-26 12:34:08
2021-01-27 12:00:00,4.24,4.24,4.24,4.24,331325328144,0,2021-01-27 12:34:02
2021-01-28 12:00:00,4.23,4.23,4.23,4.23,336057212969,0,2021-01-28 12:34:02
2021-01-29 12:00:00,4.25,4.25,4.25,4.25,359586006966,0,2021-01-29 12:34:02
2021-02-01 12:00:00,4.29,4.29,4.29,4.29,334095320552,0,2021-02-01 12:34:07
2021-02-02 12:00:00,4.24,4.24,4.24,4.24,457304011504,0,2021-02-02 12:34:01
2021-02-03 12:00:00,4.15,4.15,4.15,4.15,470295007689,0,2021-02-03 12:34:02
2021-02-04 12:00:00,4.11,4.11,4.11,4.11,406334333120,0,2021-02-04 12:34:03
2021-02-05 12:00:00,4.02,4.02,4.02,4.02,429609761883,0,2021-02-05 12:34:02
2021-02-08 12:00:00,3.8,3.8,3.8,3.8,291279528657,0,2021-02-08 12:34:08
2021-02-09 12:00:00,3.96,3.96,3.96,3.96,435452575174,0,2021-02-09 12:34:04
2021-02-10 12:00:00,4.17,4.17,4.17,4.17,440355883848,0,2021-02-10 12:34:02
2021-02-11 12:00:00,4.07,4.07,4.07,4.07,506474137644,0,2021-02-11 12:34:02
2021-02-12 12:00:00,4.05,4.05,4.05,4.05,459437269034,0,2021-02-12 12:34:02
2021-02-15 12:00:00,4.01,4.01,4.01,4.01,443052470078,0,2021-02-15 12:34:02
2021-02-16 12:00:00,4.02,4.02,4.02,4.02,481117256710,0,2021-02-16 12:34:02
2021-02-17 12:00:00,3.99,3.99,3.99,3.99,267375474311,0,2021-02-17 12:34:02
2021-02-18 12:00:00,4.16,4.16,4.16,4.16,243125014900,0,2021-02-18 12:34:03
2021-02-19 12:00:00,4.17,4.17,4.17,4.17,151861988962,0,2021-02-19 12:59:59
2021-02-20 12:00:00,3.89,3.89,3.89,3.89,35462036959,0,2021-02-20 12:34:02
2021-02-22 12:00:00,3.73,3.73,3.73,3.73,20727366632,0,2021-02-22 12:34:08
2021-02-24 12:00:00,4.15,4.15,4.15,4.15,164596378001,0,2021-02-24 12:34:02
2021-02-25 12:00:00,4.13,4.13,4.13,4.13,210239525597,0,2021-02-25 12:34:01
2021-02-26 12:00:00,4.19,4.19,4.19,4.19,325383776538,0,2021-02-26 12:34:02
2021-03-01 12:00:00,4.13,4.13,4.13,4.13,345827541652,0,2021-03-01 12:34:02
2021-03-02 12:00:00,4.09,4.09,4.09,4.09,357647680840,0,2021-03-02 12:34:02
2021-03-03 12:00:00,4.09,4.09,4.09,4.09,384414961874,0,2021-03-03 12:34:02
2021-03-04 12:00:00,4.08,4.08,4.08,4.08,425206497204,0,2021-03-04 12:34:02
2021-03-05 12:00:00,3.99,3.99,3.99,3.99,435832390452,0,2021-03-05 12:34:02
2021-03-09 12:00:00,4.02,4.02,4.02,4.02,350724839625,0,2021-03-09 12:34:01
2021-03-10 12:00:00,4.12,4.12,4.12,4.12,301553251495,0,2021-03-10 12:34:01
2021-03-11 12:00:00,4.15,4.15,4.15,4.15,312379342605,0,2021-03-11 12:34:02
2021-03-12 12:00:00,4.14,4.14,4.14,4.14,296874038761,0,2021-03-12 12:34:03
2021-03-15 12:00:00,4.17,4.17,4.17,4.17,287686727452,0,2021-03-15 12:34:02
2021-03-16 12:00:00,4.11,4.11,4.11,4.11,265194919419,0,2021-03-16 12:34:02
2021-03-17 12:00:00,4.14,4.14,4.14,4.14,380922309339,0,2021-03-17 12:34:01
2021-03-18 12:00:00,4.09,4.09,4.09,4.09,330552130959,0,2021-03-18 12:34:02
2021-03-19 12:00:00,4.11,4.11,4.11,4.11,374552721799,0,2021-03-19 12:34:02
2021-03-22 12:00:00,4.35,4.35,4.35,4.35,354276230322,0,2021-03-22 12:34:02
2021-03-23 12:00:00,4.32,4.32,4.32,4.32,305329261404,0,2021-03-23 12:34:01
2021-03-24 12:00:00,4.34,4.34,4.34,4.34,292776535812,0,2021-03-24 12:34:01
2021-03-25 12:00:00,4.35,4.35,4.35,4.35,284111826736,0,2021-03-25 12:34:02
2021-03-26 12:00:00,4.46,4.46,4.46,4.46,303784287402,0,2021-03-26 12:34:02
2021-03-29 12:00:00,4.39,4.39,4.39,4.39,318003954383,0,2021-03-29 12:34:02
2021-03-30 12:00:00,4.44,4.44,4.44,4.44,267329685320,0,2021-03-30 12:34:02
2021-03-31 12:00:00,4.43,4.43,4.43,4.43,334821081598,0,2021-03-31 12:34:02
2021-04-01 12:00:00,4.47,4.47,4.47,4.47,287060845124,0,2021-04-01 12:34:02
2021-04-02 12:00:00,4.44,4.44,4.44,4.44,346025147233,0,2021-04-02 12:34:02
2021-04-05 12:00:00,4.4,4.4,4.4,4.4,302768201006,0,2021-04-05 12:34:08
2021-04-06 12:00:00,4.28,4.28,4.28,4.28,258956737333,0,2021-04-06 12:34:02
2021-04-07 12:00:00,4.29,4.29,4.29,4.29,292408193777,0,2021-04-07 12:34:03
2021-04-08 12:00:00,4.42,4.42,4.42,4.42,349596385772,0,2021-04-08 12:34:03
2021-04-09 12:00:00,4.42,4.42,4.42,4.42,323732710158,0,2021-04-09 12:34:02
2021-04-12 12:00:00,4.5,4.5,4.5,4.5,301062799023,0,2021-04-12 12:34:03
2021-04-13 12:00:00,4.51,4.51,4.51,4.51,425905387252,0,2021-04-13 12:34:04
2021-04-14 12:00:00,4.53,4.53,4.53,4.53,383683355734,0,2021-04-14 12:34:03
2021-04-15 12:00:00,4.48,4.48,4.48,4.48,276695150315,0,2021-04-15 12:34:02
2021-04-16 12:00:00,4.53,4.53,4.53,4.53,355937568843,0,2021-04-16 12:34:02
2021-04-19 12:00:00,4.47,4.47,4.47,4.47,339507250938,0,2021-04-19 12:34:02
2021-04-20 12:00:00,4.39,4.39,4.39,4.39,395647340335,0,2021-04-20 12:34:02
2021-04-21 12:00:00,4.4,4.4,4.4,4.4,480083088277,0,2021-04-21 12:34:03
2021-04-22 12:00:00,4.42,4.42,4.42,4.42,527572397487,0,2021-04-22 12:34:02
2021-04-23 12:00:00,4.54,4.54,4.54,4.54,640099472669,0,2021-04-23 12:34:02
2021-04-26 12:00:00,4.84,4.84,4.84,4.84,515484713311,0,2021-04-26 12:34:08
2021-04-27 12:00:00,4.85,4.85,4.85,4.85,609692318572,0,2021-04-27 12:34:03
2021-04-28 12:00:00,4.85,4.85,4.85,4.85,503167730809,0,2021-04-28 12:34:07
2021-04-29 12:00:00,4.93,4.93,4.93,4.93,436131233288,0,2021-04-29 12:34:03
2021-04-30 12:00:00,4.88,4.88,4.88,4.88,282827951065,0,2021-04-30 12:34:02
2021-05-04 12:00:00,4.63,4.63,4.63,4.63,176495919982,0,2021-05-04 12:34:04
2021-05-05 12:00:00,4.58,4.58,4.58,4.58,202977522678,0,2021-05-05 12:34:03
2021-05-06 12:00:00,4.32,4.32,4.32,4.32,275234091140,0,2021-05-06 12:34:03
2021-05-07 12:00:00,4.16,4.16,4.16,4.16,63840240058,0,2021-05-07 12:34:03
2021-05-10 12:00:00,4.24,4.24,4.24,4.24,16767871749,0,2021-05-10 12:34:04
2021-05-11 12:00:00,4.78,4.78,4.78,4.78,384600645434,0,2021-05-11 12:34:10
2021-05-12 12:00:00,4.72,4.72,4.72,4.72,364012854029,0,2021-05-12 12:34:07
2021-05-13 12:00:00,4.85,4.85,4.85,4.85,393383990102,0,2021-05-13 12:34:02
2021-05-14 12:00:00,4.83,4.83,4.83,4.83,487816625057,0,2021-05-14 12:34:03
2021-05-17 12:00:00,4.9,4.9,4.9,4.9,390818882996,0,2021-05-17 12:34:03
2021-05-18 12:00:00,4.91,4.91,4.91,4.91,425466387266,0,2021-05-18 12:34:03
2021-05-19 12:00:00,4.92,4.92,4.92,4.92,367271171928,0,2021-05-19 12:34:03
2021-05-20 12:00:00,4.85,4.85,4.85,4.85,375125440201,0,2021-05-20 12:34:06
2021-05-21 12:00:00,4.83,4.83,4.83,4.83,406119955414,0,2021-05-21 12:34:03
2021-05-24 12:00:00,4.83,4.83,4.83,4.83,372703710703,0,2021-05-24 12:34:03
2021-05-25 12:00:00,4.84,4.84,4.84,4.84,321950393774,0,2021-05-25 12:34:04
2021-05-26 12:00:00,4.91,4.91,4.91,4.91,329206891432,0,2021-05-26 12:34:03
2021-05-27 12:00:00,4.89,4.89,4.89,4.89,413023168882,0,2021-05-27 12:34:02
2021-05-28 12:00:00,4.95,4.95,4.95,4.95,507340429554,0,2021-05-28 12:34:02
2021-05-31 12:00:00,4.89,4.89,4.89,4.89,490207359246,0,2021-05-31 12:34:02
2021-06-01 12:00:00,4.83,4.83,4.83,4.83,325268817920,0,2021-06-01 12:34:02
2021-06-02 12:00:00,4.78,4.78,4.78,4.78,308232941913,0,2021-06-02 12:34:03
2021-06-03 12:00:00,4.78,4.78,4.78,4.78,317636290538,0,2021-06-03 12:34:02
2021-06-04 12:00:00,4.7,4.7,4.7,4.7,341282187756,0,2021-06-04 12:34:02
2021-06-07 12:00:00,4.66,4.66,4.66,4.66,369343512042,0,2021-06-07 12:34:02
2021-06-08 12:00:00,4.67,4.67,4.67,4.67,324604702568,0,2021-06-08 12:34:02
2021-06-09 12:00:00,4.95,4.95,4.95,4.95,217573321052,0,2021-06-09 12:34:03
2021-06-10 12:00:00,5.06,5.06,5.06,5.06,248615311218,0,2021-06-10 12:34:03
2021-06-11 12:00:00,4.97,4.97,4.97,4.97,43118092921,0,2021-06-11 12:34:03
2021-06-14 12:00:00,4.93,4.93,4.93,4.93,72135836639,0,2021-06-14 12:34:03
2021-06-15 12:00:00,5.36,5.36,5.36,5.36,253185521546,0,2021-06-15 12:34:03
2021-06-16 12:00:00,5.43,5.43,5.43,5.43,283199609995,0,2021-06-16 12:34:03
2021-06-17 12:00:00,5.45,5.45,5.45,5.45,258094081079,0,2021-06-17 12:34:02
2021-06-18 12:00:00,5.42,5.42,5.42,5.42,254101834874,0,2021-06-18 12:34:04
2021-06-21 12:00:00,5.36,5.36,5.36,5.36,272975411335,0,2021-06-21 12:34:03
2021-06-22 12:00:00,5.31,5.31,5.31,5.31,348763781878,0,2021-06-22 12:34:04
2021-06-23 12:00:00,5.22,5.22,5.22,5.22,338436718033,0,2021-06-23 12:34:04
2021-06-24 12:00:00,5.16,5.16,5.16,5.16,361454684286,0,2021-06-24 12:34:04
2021-06-25 12:00:00,5.27,5.27,5.27,5.27,266073502373,0,2021-06-25 12:34:04
2021-06-28 12:00:00,5.41,5.41,5.41,5.41,339874657864,0,2021-06-28 12:34:04
2021-06-29 12:00:00,5.41,5.41,5.41,5.41,274555442570,0,2021-06-29 12:34:03
2021-06-30 12:00:00,5.42,5.42,5.42,5.42,330832729052,0,2021-06-30 12:34:04
2021-07-01 12:00:00,5.17,5.17,5.17,5.17,296110059737,0,2021-07-01 12:34:04
2021-07-02 12:00:00,5.1,5.1,5.1,5.1,361576802768,0,2021-07-02 12:34:04
2021-07-05 12:00:00,5.25,5.25,5.25,5.25,257899470007,0,2021-07-05 12:34:04
2021-07-06 12:00:00,5.23,5.23,5.23,5.23,318562342559,0,2021-07-06 12:34:10
2021-07-07 12:00:00,5.32,5.32,5.32,5.32,306260664353,0,2021-07-07 12:34:04
2021-07-08 12:00:00,5.42,5.42,5.42,5.42,263722793759,0,2021-07-08 12:34:10
2021-07-09 12:00:00,5.39,5.39,5.39,5.39,267372591070,0,2021-07-09 12:34:03
2021-07-12 12:00:00,5.46,5.46,5.46,5.46,302765916215,0,2021-07-12 12:34:03
2021-07-13 12:00:00,5.51,5.51,5.51,5.51,270454712512,0,2021-07-13 12:34:03
2021-07-14 12:00:00,5.56,5.56,5.56,5.56,385816971123,0,2021-07-14 12:34:02
2021-07-15 12:00:00,5.61,5.61,5.61,5.61,282396458371,0,2021-07-15 12:34:03
2021-07-16 12:00:00,5.66,5.66,5.66,5.66,372030865375,0,2021-07-16 12:34:02
2021-07-19 12:00:00,5.68,5.68,5.68,5.68,265831854603,0,2021-07-19 12:34:02
2021-07-20 12:00:00,5.79,5.79,5.79,5.79,289848909818,0,2021-07-20 12:34:03
2021-07-21 12:00:00,5.81,5.81,5.81,5.81,304394333631,0,2021-07-21 12:34:03
2021-07-22 12:00:00,5.78,5.78,5.78,5.78,503051547611,0,2021-07-22 12:34:03
2021-07-23 12:00:00,5.73,5.73,5.73,5.73,486084940190,0,2021-07-23 12:34:03
2021-07-26 12:00:00,6.26,6.26,6.26,6.26,387382027573,0,2021-07-26 12:34:04
2021-07-27 12:00:00,6.23,6.23,6.23,6.23,456012018946,0,2021-07-27 12:34:04
2021-07-28 12:00:00,6.26,6.26,6.26,6.26,462124075796,0,2021-07-28 12:34:03
2021-07-29 12:00:00,6.94,6.94,6.94,6.94,400340948421,0,2021-07-29 12:34:04
2021-07-30 12:00:00,6.96,6.96,6.96,6.96,464759283984,0,2021-07-30 12:34:04
2021-08-02 12:00:00,6.43,6.43,6.43,6.43,473233922688,0,2021-08-02 12:34:03
2021-08-03 12:00:00,5.95,5.95,5.95,5.95,445265822662,0,2021-08-03 12:34:04
2021-08-04 12:00:00,5.98,5.98,5.98,5.98,381240505527,0,2021-08-04 12:34:03
2021-08-05 12:00:00,5.75,5.75,5.75,5.75,338274529472,0,2021-08-05 12:34:04
2021-08-06 12:00:00,6.11,6.11,6.11,6.11,401428361285,0,2021-08-06 12:34:04
2021-08-09 12:00:00,6.19,6.19,6.19,6.19,345873464195,0,2021-08-09 12:34:04
2021-08-10 12:00:00,6.23,6.23,6.23,6.23,375440906069,0,2021-08-10 12:34:03
2021-08-11 12:00:00,6.35,6.35,6.35,6.35,355192203169,0,2021-08-11 12:34:04
2021-08-12 12:00:00,6.3,6.3,6.3,6.3,357257769596,0,2021-08-12 12:34:04
2021-08-13 12:00:00,6.27,6.27,6.27,6.27,292201169064,0,2021-08-13 12:34:03
2021-08-16 12:00:00,6.34,6.34,6.34,6.34,378646706382,0,2021-08-16 12:34:03
2021-08-17 12:00:00,6.53,6.53,6.53,6.53,328704823963,0,2021-08-17 12:34:08
2021-08-18 12:00:00,6.52,6.52,6.52,6.52,363473533680,0,2021-08-18 12:34:03
2021-08-19 12:00:00,6.48,6.48,6.48,6.48,283632757861,0,2021-08-19 12:34:03
2021-08-20 12:00:00,6.47,6.47,6.47,6.47,326633569207,0,2021-08-20 12:34:03
2021-08-23 12:00:00,6.44,6.44,6.44,6.44,270781116464,0,2021-08-23 12:34:03
2021-08-24 12:00:00,6.47,6.47,6.47,6.47,324770699365,0,2021-08-24 12:34:04
2021-08-25 12:00:00,6.5,6.5,6.5,6.5,353379660219,0,2021-08-25 12:34:03
2021-08-26 12:00:00,6.46,6.46,6.46,6.46,385684652416,0,2021-08-26 12:34:03
2021-08-27 12:00:00,6.44,6.44,6.44,6.44,371852598935,0,2021-08-27 12:34:03
2021-08-30 12:00:00,6.46,6.46,6.46,6.46,319164732945,0,2021-08-30 12:34:03
2021-08-31 12:00:00,6.45,6.45,6.45,6.45,346362018863,0,2021-08-31 12:34:04
2021-09-01 12:00:00,6.36,6.36,6.36,6.36,349270679622,0,2021-09-01 12:34:04
2021-09-02 12:00:00,6.09,6.09,6.09,6.09,431749343850,0,2021-09-02 12:34:04
2021-09-03 12:00:00,6.3,6.3,6.3,6.3,342147367942,0,2021-09-03 12:34:03
2021-09-06 12:00:00,6.36,6.36,6.36,6.36,362511349791,0,2021-09-06 12:34:04
2021-09-07 12:00:00,6.39,6.39,6.39,6.39,467366073348,0,2021-09-07 12:34:04
2021-09-08 12:00:00,6.46,6.46,6.46,6.46,475498225594,0,2021-09-08 12:34:04
2021-09-09 12:00:00,6.6,6.6,6.6,6.6,509711149165,0,2021-09-09 12:34:09
2021-09-10 12:00:00,6.79,6.79,6.79,6.79,629731930047,0,2021-09-10 12:34:04
2021-09-13 12:00:00,6.68,6.68,6.68,6.68,465610633095,0,2021-09-13 12:34:04
2021-09-14 12:00:00,6.73,6.73,6.73,6.73,439135833394,0,2021-09-14 12:34:04
2021-09-15 12:00:00,6.73,6.73,6.73,6.73,369317282767,0,2021-09-15 12:34:03
2021-09-16 12:00:00,6.71,6.71,6.71,6.71,403420769403,0,2021-09-16 12:34:04
2021-09-17 12:00:00,6.72,6.72,6.72,6.72,351242895895,0,2021-09-17 12:34:03
2021-09-20 12:00:00,6.72,6.72,6.72,6.72,334950142559,0,2021-09-20 12:34:04
2021-09-21 12:00:00,6.69,6.69,6.69,6.69,335185247490,0,2021-09-21 12:34:04
2021-09-22 12:00:00,6.68,6.68,6.68,6.68,363620007132,0,2021-09-22 12:34:09
2021-09-23 12:00:00,6.58,6.58,6.58,6.58,354680117041,0,2021-09-23 12:34:03
2021-09-24 12:00:00,6.49,6.49,6.49,6.49,361204157617,0,2021-09-24 12:34:04
2021-09-27 12:00:00,6.54,6.54,6.54,6.54,327351913100,0,2021-09-27 12:34:04
2021-09-28 12:00:00,6.78,6.78,6.78,6.78,346931790596,0,2021-09-28 12:34:04
2021-09-29 12:00:00,6.76,6.76,6.76,6.76,294643567045,0,2021-09-29 12:34:03
2021-09-30 12:00:00,6.8,6.8,6.8,6.8,341093112937,0,2021-09-30 12:34:03
2021-10-01 12:00:00,6.67,6.67,6.67,6.67,315858464281,0,2021-10-01 12:34:04
2021-10-04 12:00:00,6.64,6.64,6.64,6.64,311764157524,0,2021-10-04 12:34:04
2021-10-05 12:00:00,6.59,6.59,6.59,6.59,430273645877,0,2021-10-05 12:34:08
2021-10-06 12:00:00,6.51,6.51,6.51,6.51,354871024311,0,2021-10-06 12:34:09
2021-10-07 12:00:00,6.45,6.45,6.45,6.45,339821887549,0,2021-10-07 12:34:04
2021-10-08 12:00:00,6.44,6.44,6.44,6.44,322058529760,0,2021-10-08 12:34:03
2021-10-11 12:00:00,6.52,6.52,6.52,6.52,341307193095,0,2021-10-11 12:34:04
2021-10-12 12:00:00,6.52,6.52,6.52,6.52,308864657356,0,2021-10-12 12:34:09
2021-10-13 12:00:00,6.68,6.68,6.68,6.68,290722332761,0,2021-10-13 12:34:03
2021-10-14 12:00:00,6.78,6.78,6.78,6.78,284348260526,0,2021-10-14 12:34:04
2021-10-15 12:00:00,6.83,6.83,6.83,6.83,409874741771,0,2021-10-15 12:34:08
2021-10-18 12:00:00,6.86,6.86,6.86,6.86,367990090757,0,2021-10-18 12:34:03
2021-10-19 12:00:00,6.93,6.93,6.93,6.93,310533638594,0,2021-10-19 12:34:09
2021-10-20 12:00:00,6.92,6.92,6.92,6.92,347603649196,0,2021-10-20 12:34:08
2021-10-21 12:00:00,6.91,6.91,6.91,6.91,367588393896,0,2021-10-21 12:34:08
2021-10-22 12:00:00,6.89,6.89,6.89,6.89,468733768525,0,2021-10-22 12:34:04
2021-10-25 12:00:00,7.36,7.36,7.36,7.36,416867129406,0,2021-10-25 12:34:09
2021-10-26 12:00:00,7.35,7.35,7.35,7.35,474524070528,0,2021-10-26 12:34:09
2021-10-27 12:00:00,7.3,7.3,7.3,7.3,417618392985,0,2021-10-27 12:34:09
2021-10-28 12:00:00,7.34,7.34,7.34,7.34,414817824796,0,2021-10-28 12:34:04
2021-10-29 12:00:00,7.34,7.34,7.34,7.34,471988577221,0,2021-10-29 12:34:09
2021-11-01 12:00:00,7.22,7.22,7.22,7.22,412125506193,0,2021-11-01 12:34:08
2021-11-02 12:00:00,6.91,6.91,6.91,6.91,297793754484,0,2021-11-02 12:34:09
2021-11-03 12:00:00,7.21,7.21,7.21,7.21,109962259356,0,2021-11-03 12:34:04
2021-11-05 12:00:00,7.4,7.4,7.4,7.4,97635177415,0,2021-11-05 12:34:04
2021-11-08 12:00:00,7.33,7.33,7.33,7.33,232474199198,0,2021-11-08 12:34:08
2021-11-09 12:00:00,7.45,7.45,7.45,7.45,362544350118,0,2021-11-09 12:34:08
2021-11-10 12:00:00,7.38,7.38,7.38,7.38,349060337243,0,2021-11-10 12:34:08
2021-11-11 12:00:00,7.34,7.34,7.34,7.34,399379705574,0,2021-11-11 12:34:03
2021-11-12 12:00:00,7.31,7.31,7.31,7.31,365607448588,0,2021-11-12 12:34:08
2021-11-15 12:00:00,7.36,7.36,7.36,7.36,365184535238,0,2021-11-15 12:34:09
2021-11-16 12:00:00,7.39,7.39,7.39,7.39,334401187631,0,2021-11-16 12:34:03
2021-11-17 12:00:00,7.4,7.4,7.4,7.4,356269513674,0,2021-11-17 12:34:04
2021-11-18 12:00:00,7.41,7.41,7.41,7.41,331167314946,0,2021-11-18 12:34:03
2021-11-19 12:00:00,7.39,7.39,7.39,7.39,400282068686,0,2021-11-19 12:34:04
2021-11-22 12:00:00,7.37,7.37,7.37,7.37,416635339926,0,2021-11-22 12:34:03
2021-11-23 12:00:00,7.37,7.37,7.37,7.37,431317257969,0,2021-11-23 12:34:04
2021-11-24 12:00:00,7.32,7.32,7.32,7.32,465292210489,0,2021-11-24 12:34:09
2021-11-25 12:00:00,7.34,7.34,7.34,7.34,459706517894,0,2021-11-25 12:34:03
2021-11-26 12:00:00,7.34,7.34,7.34,7.34,467996639600,0,2021-11-26 12:34:04
2021-11-29 12:00:00,7.26,7.26,7.26,7.26,409617794415,0,2021-11-29 12:34:04
2021-11-30 12:00:00,7.29,7.29,7.29,7.29,429183352270,0,2021-11-30 12:34:09
2021-12-01 12:00:00,7.17,7.17,7.17,7.17,458951950577,0,2021-12-01 12:34:05
2021-12-02 12:00:00,7.09,7.09,7.09,7.09,410191411527,0,2021-12-02 12:34:09
2021-12-03 12:00:00,7.16,7.16,7.16,7.16,354960650240,0,2021-12-03 12:34:04
2021-12-06 12:00:00,7.3,7.3,7.3,7.3,335739239086,0,2021-12-06 12:34:09
2021-12-07 12:00:00,7.24,7.24,7.24,7.24,396753792830,0,2021-12-07 12:34:05
2021-12-08 12:00:00,7.38,7.38,7.38,7.38,448233608580,0,2021-12-08 12:34:04
2021-12-09 12:00:00,7.49,7.49,7.49,7.49,392268559902,0,2021-12-09 12:34:09
2021-12-10 12:00:00,7.49,7.49,7.49,7.49,388174331208,0,2021-12-10 12:34:09
2021-12-13 12:00:00,7.47,7.47,7.47,7.47,445565919218,0,2021-12-13 12:34:02
2021-12-14 12:00:00,7.44,7.44,7.44,7.44,435209452942,0,2021-12-14 12:34:02
2021-12-15 12:00:00,7.39,7.39,7.39,7.39,399164568427,0,2021-12-15 12:34:02
2021-12-16 12:00:00,7.38,7.38,7.38,7.38,600295041414,0,2021-12-16 12:34:02
2021-12-17 12:00:00,7.44,7.44,7.44,7.44,500867292111,0,2021-12-17 12:34:02
2021-12-20 12:00:00,8.13,8.13,8.13,8.13,441345120630,0,2021-12-20 12:34:07
2021-12-21 12:00:00,7.93,7.93,7.93,7.93,532774128593,0,2021-12-21 12:34:02
2021-12-22 12:00:00,8.08,8.08,8.08,8.08,494287971717,0,2021-12-22 12:34:02
2021-12-23 12:00:00,7.89,7.89,7.89,7.89,352003532148,0,2021-12-23 12:34:03
2021-12-24 12:00:00,8.08,8.08,8.08,8.08,394114575582,0,2021-12-24 12:34:03
2021-12-28 12:00:00,8.13,8.13,8.13,8.13,233384213957,0,2021-12-28 12:34:02
2021-12-29 12:00:00,8.12,8.12,8.12,8.12,132198865388,0,2021-12-29 12:34:03
2021-12-30 12:00:00,7.93,7.93,7.93,7.93,7144729297,0,2021-12-30 12:34:02
2022-01-03 12:00:00,7.62,7.62,7.62,7.62,19710537185,0,2022-01-03 12:34:02
2022-01-04 12:00:00,7.99,7.99,7.99,7.99,3982437768,0,2022-01-04 12:34:03
2022-01-05 12:00:00,7.51,7.51,7.51,7.51,638601727,0,2022-01-05 12:34:03
2022-01-06 12:00:00,8.2,8.2,8.2,8.2,1057709399,0,2022-01-06 12:34:03
2022-01-10 12:00:00,8.3,8.3,8.3,8.3,377593595021,0,2022-01-10 12:34:03
2022-01-11 12:00:00,8.25,8.25,8.25,8.25,505154579483,0,2022-01-11 12:34:03
2022-01-12 12:00:00,8.19,8.19,8.19,8.19,581209521902,0,2022-01-12 12:34:03
2022-01-13 12:00:00,8.12,8.12,8.12,8.12,437218990115,0,2022-01-13 12:34:03
2022-01-14 12:00:00,8.12,8.12,8.12,8.12,467842862357,0,2022-01-14 12:34:03
2022-01-17 12:00:00,8.21,8.21,8.21,8.21,382197479607,0,2022-01-17 12:34:03
2022-01-18 12:00:00,8.28,8.28,8.28,8.28,393380127706,0,2022-01-18 12:34:02
2022-01-19 12:00:00,8.29,8.29,8.29,8.29,376573882688,0,2022-01-19 12:34:03
2022-01-20 12:00:00,8.34,8.34,8.34,8.34,370584922124,0,2022-01-20 12:34:03
2022-01-21 12:00:00,8.38,8.38,8.38,8.38,369522226513,0,2022-01-21 12:34:02
2022-01-24 12:00:00,8.35,8.35,8.35,8.35,334348315622,0,2022-01-24 12:34:03
2022-01-25 12:00:00,8.42,8.42,8.42,8.42,341635286612,0,2022-01-25 12:34:03
2022-01-26 12:00:00,8.45,8.45,8.45,8.45,324045947994,0,2022-01-26 12:34:03
2022-01-27 12:00:00,8.44,8.44,8.44,8.44,417089305408,0,2022-01-27 12:34:03
2022-01-28 12:00:00,8.44,8.44,8.44,8.44,375419414886,0,2022-01-28 12:34:03
2022-01-31 12:00:00,8.34,8.34,8.34,8.34,366071429390,0,2022-01-31 12:34:02
2022-02-01 12:00:00,8.16,8.16,8.16,8.16,407980402513,0,2022-02-01 12:34:07
2022-02-02 12:00:00,8.16,8.16,8.16,8.16,364555973457,0,2022-02-02 12:34:03
2022-02-03 12:00:00,8.04,8.04,8.04,8.04,369970302136,0,2022-02-03 12:34:02
2022-02-04 12:00:00,8.0,8.0,8.0,8.0,399334245366,0,2022-02-04 12:34:03
2022-02-07 12:00:00,8.01,8.01,8.01,8.01,412297794872,0,2022-02-07 12:34:02
2022-02-08 12:00:00,8.14,8.14,8.14,8.14,384259871056,0,2022-02-08 12:34:02
2022-02-09 12:00:00,8.36,8.36,8.36,8.36,346669069135,0,2022-02-09 12:34:03
2022-02-10 12:00:00,8.54,8.54,8.54,8.54,399789215414,0,2022-02-10 12:34:03
2022-02-11 12:00:00,8.83,8.83,8.83,8.83,476188457736,0,2022-02-11 12:34:02
2022-02-14 12:00:00,9.22,9.22,9.22,9.22,431533401597,0,2022-02-14 12:34:02
2022-02-15 12:00:00,9.44,9.44,9.44,9.44,496602345584,0,2022-02-15 12:34:07
2022-02-16 12:00:00,9.46,9.46,9.46,9.46,410468032120,0,2022-02-16 12:34:02
2022-02-17 12:00:00,9.5,9.5,9.5,9.5,410676226048,0,2022-02-17 12:34:07
2022-02-18 12:00:00,9.51,9.51,9.51,9.51,427680753133,0,2022-02-18 12:34:02
2022-02-21 12:00:00,9.48,9.48,9.48,9.48,378638135853,0,2022-02-21 12:34:02
2022-02-22 12:00:00,9.64,9.64,9.64,9.64,419722560810,0,2022-02-22 12:34:02
2022-02-24 12:00:00,10.33,10.33,10.33,10.33,235717432750,0,2022-02-24 12:34:02
2022-02-25 12:00:00,9.65,9.65,9.65,9.65,430622024823,0,2022-02-25 12:34:02
2022-02-28 12:00:00,20.24,20.24,20.24,20.24,406601726246,0,2022-02-28 12:34:06
2022-03-01 12:00:00,20.37,20.37,20.37,20.37,418244206241,0,2022-03-01 12:34:05
2022-03-02 12:00:00,20.46,20.46,20.46,20.46,204672372083,0,2022-03-02 12:59:59
2022-03-03 12:00:00,20.36,20.36,20.36,20.36,215024267803,0,2022-03-03 12:59:59
2022-03-04 12:00:00,20.6,20.6,20.6,20.6,121190136804,0,2022-03-04 12:59:59
2022-03-09 12:00:00,20.43,20.43,20.43,20.43,316024122807,0,2022-03-09 12:34:06
2022-03-10 12:00:00,20.32,20.32,20.32,20.32,387866014471,0,2022-03-10 12:34:05
2022-03-11 12:00:00,20.25,20.25,20.25,20.25,314462770646,0,2022-03-11 12:34:05
2022-03-14 12:00:00,20.17,20.17,20.17,20.17,195648612834,0,2022-03-14 12:59:59
2022-03-15 12:00:00,20.08,20.08,20.08,20.08,215100508014,0,2022-03-15 12:59:59
2022-03-16 12:00:00,20.01,20.01,20.01,20.01,212660013368,0,2022-03-16 12:59:59
2022-03-17 12:00:00,20.15,20.15,20.15,20.15,197928934576,0,2022-03-17 12:59:59
2022-03-18 12:00:00,20.15,20.15,20.15,20.15,345266497277,0,2022-03-18 12:59:59
2022-03-21 12:00:00,19.9,19.9,19.9,19.9,159062280993,0,2022-03-21 12:59:59
2022-03-22 12:00:00,19.66,19.66,19.66,19.66,139524878388,0,2022-03-22 12:34:00
2022-03-23 12:00:00,19.62,19.62,19.62,19.62,111181005775,0,2022-03-23 12:34:01
2022-03-24 12:00:00,19.5,19.5,19.5,19.5,144285908699,0,2022-03-24 12:34:00
2022-03-25 12:00:00,19.59,19.59,19.59,19.59,139490166964,0,2022-03-25 12:34:01
2022-03-28 12:00:00,19.54,19.54,19.54,19.54,120666584098,0,2022-03-28 12:34:02
2022-03-29 12:00:00,19.47,19.47,19.47,19.47,130069568012,0,2022-03-29 12:34:03
2022-03-30 12:00:00,19.38,19.38,19.38,19.38,141672823077,0,2022-03-30 12:34:02
2022-03-31 12:00:00,19.34,19.34,19.34,19.34,210272284152,0,2022-03-31 12:34:02
2022-04-01 12:00:00,19.25,19.25,19.25,19.25,204286161736,0,2022-04-01 12:34:03
2022-04-04 12:00:00,19.31,19.31,19.31,19.31,175230032661,0,2022-04-04 12:34:01
2022-04-05 12:00:00,19.22,19.22,19.22,19.22,267422204205,0,2022-04-05 12:34:01
2022-04-06 12:00:00,19.21,19.21,19.21,19.21,225510116577,0,2022-04-06 12:34:01
2022-04-07 12:00:00,19.17,19.17,19.17,19.17,237941874752,0,2022-04-07 12:34:01
2022-04-08 12:00:00,19.19,19.19,19.19,19.19,233499272331,0,2022-04-08 12:34:02
2022-04-11 12:00:00,16.3,16.3,16.3,16.3,568569415000,0,2022-04-11 12:34:02
2022-04-12 12:00:00,16.21,16.21,16.21,16.21,182962666041,0,2022-04-12 12:34:02
2022-04-13 12:00:00,16.12,16.12,16.12,16.12,527889791714,0,2022-04-13 12:34:02
2022-04-14 12:00:00,16.13,16.13,16.13,16.13,597052456126,0,2022-04-14 12:34:02
2022-04-15 12:00:00,16.14,16.14,16.14,16.14,727772809204,0,2022-04-15 12:34:02
2022-04-18 12:00:00,16.15,16.15,16.15,16.15,685933948652,0,2022-04-18 12:34:02
2022-04-19 12:00:00,16.14,16.14,16.14,16.14,689899183364,0,2022-04-19 12:34:03
2022-04-20 12:00:00,16.13,16.13,16.13,16.13,653025209934,0,2022-04-20 12:34:02
2022-04-21 12:00:00,16.16,16.16,16.16,16.16,463171452956,0,2022-04-21 12:34:02
2022-04-22 12:00:00,16.32,16.32,16.32,16.32,148867519271,0,2022-04-22 12:34:02
2022-04-25 12:00:00,16.13,16.13,16.13,16.13,497988391073,0,2022-04-25 12:34:02
2022-04-26 12:00:00,16.29,16.29,16.29,16.29,746376321205,0,2022-04-26 12:34:02
2022-04-27 12:00:00,16.21,16.21,16.21,16.21,644866383657,0,2022-04-27 12:34:01
2022-04-28 12:00:00,16.26,16.26,16.26,16.26,655428110853,0,2022-04-28 12:34:01
2022-04-29 12:00:00,16.7,16.7,16.7,16.7,1232253336045,0,2022-04-29 12:34:01
2022-05-04 12:00:00,13.45,13.45,13.45,13.45,763107426810,0,2022-05-04 12:34:02
2022-05-05 12:00:00,13.82,13.82,13.82,13.82,958065742881,0,2022-05-05 12:34:02
2022-05-06 12:00:00,14.03,14.03,14.03,14.03,965568194944,0,2022-05-06 12:34:02
2022-05-11 12:00:00,14.05,14.05,14.05,14.05,864804809535,0,2022-05-11 12:34:02
2022-05-12 12:00:00,14.04,14.04,14.04,14.04,979166464742,0,2022-05-12 12:34:02
2022-05-13 12:00:00,13.91,13.91,13.91,13.91,1078990328320,0,2022-05-13 12:34:02
2022-05-16 12:00:00,13.7,13.7,13.7,13.7,999596103099,0,2022-05-16 12:34:01
2022-05-17 12:00:00,13.78,13.78,13.78,13.78,963489527355,0,2022-05-17 12:34:02
2022-05-18 12:00:00,13.75,13.75,13.75,13.75,853190998101,0,2022-05-18 12:34:01
2022-05-19 12:00:00,13.71,13.71,13.71,13.71,806871839014,0,2022-05-19 12:34:01
2022-05-20 12:00:00,13.62,13.62,13.62,13.62,834264373420,0,2022-05-20 12:34:01
2022-05-23 12:00:00,13.63,13.63,13.63,13.63,828672118479,0,2022-05-23 12:34:01
2022-05-24 12:00:00,13.59,13.59,13.59,13.59,768175029521,0,2022-05-24 12:34:03
2022-05-25 12:00:00,13.57,13.57,13.57,13.57,688099366440,0,2022-05-25 12:34:02
2022-05-26 12:00:00,13.19,13.19,13.19,13.19,310504422302,0,2022-05-26 12:34:02
2022-05-27 12:00:00,10.67,10.67,10.67,10.67,779200442921,0,2022-05-27 12:34:02
2022-05-30 12:00:00,10.7,10.7,10.7,10.7,806150204131,0,2022-05-30 12:34:02
2022-05-31 12:00:00,10.74,10.74,10.74,10.74,862047727589,0,2022-05-31 12:34:01
2022-06-01 12:00:00,10.73,10.73,10.73,10.73,501585902288,0,2022-06-01 12:34:02
2022-06-02 12:00:00,10.68,10.68,10.68,10.68,578537861201,0,2022-06-02 12:34:02
2022-06-03 12:00:00,10.52,10.52,10.52,10.52,599218164257,0,2022-06-03 12:34:02
2022-06-06 12:00:00,10.37,10.37,10.37,10.37,638386529287,0,2022-06-06 12:34:02
2022-06-07 12:00:00,10.33,10.33,10.33,10.33,608020048793,0,2022-06-07 12:34:02
2022-06-08 12:00:00,10.5,10.5,10.5,10.5,491698825007,0,2022-06-08 12:34:02
2022-06-09 12:00:00,11.23,11.23,11.23,11.23,434980360885,0,2022-06-09 12:34:02
2022-06-10 12:00:00,10.77,10.77,10.77,10.77,525573726866,0,2022-06-10 12:34:02
2022-06-14 12:00:00,9.48,9.48,9.48,9.48,478617015563,0,2022-06-14 12:34:02
2022-06-15 12:00:00,9.57,9.57,9.57,9.57,531778367119,0,2022-06-15 12:34:03
2022-06-16 12:00:00,9.33,9.33,9.33,9.33,525986869214,0,2022-06-16 12:34:01
2022-06-17 12:00:00,8.94,8.94,8.94,8.94,495312868423,0,2022-06-17 12:34:02
2022-06-20 12:00:00,8.86,8.86,8.86,8.86,515984779334,0,2022-06-20 12:34:02
2022-06-21 12:00:00,8.85,8.85,8.85,8.85,520240576761,0,2022-06-21 12:34:02
2022-06-22 12:00:00,8.85,8.85,8.85,8.85,534611085723,0,2022-06-22 12:34:02
2022-06-23 12:00:00,8.86,8.86,8.86,8.86,572286522596,0,2022-06-23 12:34:02
2022-06-24 12:00:00,8.82,8.82,8.82,8.82,583167959367,0,2022-06-24 12:34:02
2022-06-27 12:00:00,8.85,8.85,8.85,8.85,585155853440,0,2022-06-27 12:34:02
2022-06-28 12:00:00,8.86,8.86,8.86,8.86,498307907832,0,2022-06-28 12:34:02
2022-06-29 12:00:00,8.93,8.93,8.93,8.93,427541177804,0,2022-06-29 12:34:01
2022-06-30 12:00:00,8.89,8.89,8.89,8.89,390578703260,0,2022-06-30 12:34:02
2022-07-01 12:00:00,8.86,8.86,8.86,8.86,495513732225,0,2022-07-01 12:34:02
2022-07-04 12:00:00,8.72,8.72,8.72,8.72,429772953946,0,2022-07-04 12:34:01
2022-07-05 12:00:00,8.68,8.68,8.68,8.68,471252588570,0,2022-07-05 12:34:02
2022-07-06 12:00:00,8.89,8.89,8.89,8.89,446025264525,0,2022-07-06 12:34:01
2022-07-07 12:00:00,8.83,8.83,8.83,8.83,415949459323,0,2022-07-07 12:34:02
2022-07-08 12:00:00,8.96,8.96,8.96,8.96,470427946662,0,2022-07-08 12:34:06
2022-07-11 12:00:00,9.11,9.11,9.11,9.11,517097727073,0,2022-07-11 12:34:01
2022-07-12 12:00:00,9.35,9.35,9.35,9.35,487228750476,0,2022-07-12 12:34:02
2022-07-13 12:00:00,9.19,9.19,9.19,9.19,392397678667,0,2022-07-13 12:34:02
2022-07-14 12:00:00,9.24,9.24,9.24,9.24,387512849643,0,2022-07-14 12:34:03
2022-07-15 12:00:00,9.24,9.24,9.24,9.24,387985380043,0,2022-07-15 12:34:02
2022-07-18 12:00:00,9.27,9.27,9.27,9.27,370491469983,0,2022-07-18 12:34:02
2022-07-19 12:00:00,9.37,9.37,9.37,9.37,402009522745,0,2022-07-19 12:34:02
2022-07-20 12:00:00,9.39,9.39,9.39,9.39,438257552664,0,2022-07-20 12:34:02
2022-07-21 12:00:00,9.37,9.37,9.37,9.37,458586116693,0,2022-07-21 12:34:02
2022-07-22 12:00:00,9.22,9.22,9.22,9.22,574183800270,0,2022-07-22 12:34:02
2022-07-25 12:00:00,8.0,8.0,8.0,8.0,600932491179,0,2022-07-25 12:34:03
2022-07-26 12:00:00,8.22,8.22,8.22,8.22,628535615057,0,2022-07-26 12:34:02
2022-07-27 12:00:00,8.11,8.11,8.11,8.11,638320281861,0,2022-07-27 12:34:03
2022-07-28 12:00:00,8.02,8.02,8.02,8.02,651363174054,0,2022-07-28 12:34:02
2022-07-29 12:00:00,8.05,8.05,8.05,8.05,701758201781,0,2022-07-29 12:34:02
2022-08-01 12:00:00,7.98,7.98,7.98,7.98,708016212308,0,2022-08-01 12:34:03
2022-08-02 12:00:00,7.94,7.94,7.94,7.94,676593302509,0,2022-08-02 12:34:02
2022-08-03 12:00:00,7.81,7.81,7.81,7.81,529738686225,0,2022-08-03 12:34:03
2022-08-04 12:00:00,7.59,7.59,7.59,7.59,504531678407,0,2022-08-04 12:34:02
2022-08-05 12:00:00,7.4,7.4,7.4,7.4,519445581719,0,2022-08-05 12:34:02
2022-08-08 12:00:00,7.43,7.43,7.43,7.43,489271716135,0,2022-08-08 12:34:03
2022-08-09 12:00:00,7.64,7.64,7.64,7.64,538158536677,0,2022-08-09 12:34:03
2022-08-10 12:00:00,7.83,7.83,7.83,7.83,407370641749,0,2022-08-10 12:34:03
2022-08-11 12:00:00,7.84,7.84,7.84,7.84,507636366979,0,2022-08-11 12:34:03
2022-08-12 12:00:00,7.86,7.86,7.86,7.86,555072836005,0,2022-08-12 12:34:03
2022-08-15 12:00:00,7.87,7.87,7.87,7.87,536892661235,0,2022-08-15 12:34:03
2022-08-16 12:00:00,7.86,7.86,7.86,7.86,488622549974,0,2022-08-16 12:34:03
2022-08-17 12:00:00,7.88,7.88,7.88,7.88,535585532000,0,2022-08-17 12:34:02
2022-08-18 12:00:00,7.86,7.86,7.86,7.86,521135303552,0,2022-08-18 12:34:02
2022-08-19 12:00:00,7.87,7.87,7.87,7.87,567970368842,0,2022-08-19 12:34:03
2022-08-23 12:00:00,7.87,7.87,7.87,7.87,540482918765,0,2022-08-23 12:34:01
2022-08-24 12:00:00,7.88,7.88,7.88,7.88,484007808578,0,2022-08-24 12:34:02
2022-08-25 12:00:00,7.91,7.91,7.91,7.91,546905833890,0,2022-08-25 12:34:02
2022-08-26 12:00:00,8.0,8.0,8.0,8.0,496981583770,0,2022-08-26 12:34:03
2022-08-29 12:00:00,8.01,8.01,8.01,8.01,451346940056,0,2022-08-29 12:34:02
2022-08-30 12:00:00,7.97,7.97,7.97,7.97,429609279874,0,2022-08-30 12:34:02
2022-08-31 12:00:00,7.83,7.83,7.83,7.83,417989187726,0,2022-08-31 12:34:02
2022-09-01 12:00:00,7.78,7.78,7.78,7.78,439945813911,0,2022-09-01 12:34:03
2022-09-02 12:00:00,7.79,7.79,7.79,7.79,469125413853,0,2022-09-02 12:34:02
2022-09-05 12:00:00,7.83,7.83,7.83,7.83,409389986820,0,2022-09-05 12:34:02
2022-09-06 12:00:00,7.83,7.83,7.83,7.83,417541346755,0,2022-09-06 12:34:03
2022-09-07 12:00:00,7.79,7.79,7.79,7.79,373614526868,0,2022-09-07 12:34:03
2022-09-08 12:00:00,7.73,7.73,7.73,7.73,426505147251,0,2022-09-08 12:34:03
2022-09-09 12:00:00,7.74,7.74,7.74,7.74,450660936266,0,2022-09-09 12:34:02
2022-09-12 12:00:00,7.58,7.58,7.58,7.58,449602615907,0,2022-09-12 12:34:02
2022-09-13 12:00:00,7.57,7.57,7.57,7.57,387054990906,0,2022-09-13 12:34:01
2022-09-14 12:00:00,7.75,7.75,7.75,7.75,567547458431,0,2022-09-14 12:34:03
2022-09-15 12:00:00,7.66,7.66,7.66,7.66,566520988304,0,2022-09-15 12:34:02
2022-09-16 12:00:00,7.53,7.53,7.53,7.53,609992079373,0,2022-09-16 12:34:02
2022-09-19 12:00:00,7.27,7.27,7.27,7.27,585112214854,0,2022-09-19 12:34:01
2022-09-20 12:00:00,7.41,7.41,7.41,7.41,521965180940,0,2022-09-20 12:34:02
2022-09-21 12:00:00,7.45,7.45,7.45,7.45,449523160279,0,2022-09-21 12:34:02
2022-09-22 12:00:00,7.38,7.38,7.38,7.38,501936490883,0,2022-09-22 12:34:02
2022-09-23 12:00:00,7.38,7.38,7.38,7.38,519767100842,0,2022-09-23 12:34:02
2022-09-26 12:00:00,7.4,7.4,7.4,7.4,536596561964,0,2022-09-26 12:34:03
2022-09-27 12:00:00,7.53,7.53,7.53,7.53,500566057253,0,2022-09-27 12:34:02
2022-09-28 12:00:00,7.61,7.61,7.61,7.61,494972199968,0,2022-09-28 12:34:02
2022-09-29 12:00:00,7.68,7.68,7.68,7.68,417003893384,0,2022-09-29 12:34:01
2022-09-30 12:00:00,7.74,7.74,7.74,7.74,449063082921,0,2022-09-30 12:34:02
2022-10-03 12:00:00,7.9,7.9,7.9,7.9,491833531064,0,2022-10-03 12:34:03
2022-10-04 12:00:00,7.83,7.83,7.83,7.83,597668524233,0,2022-10-04 12:34:03
2022-10-05 12:00:00,7.85,7.85,7.85,7.85,567781516039,0,2022-10-05 12:34:03
2022-10-06 12:00:00,7.76,7.76,7.76,7.76,636426546497,0,2022-10-06 12:34:02
2022-10-07 12:00:00,7.69,7.69,7.69,7.69,711205973284,0,2022-10-07 12:34:03
2022-10-10 12:00:00,7.58,7.58,7.58,7.58,691852935749,0,2022-10-10 12:34:02
2022-10-11 12:00:00,7.5,7.5,7.5,7.5,709396636526,0,2022-10-11 12:34:01
2022-10-12 12:00:00,7.48,7.48,7.48,7.48,666169224613,0,2022-10-12 12:34:01
2022-10-13 12:00:00,7.45,7.45,7.45,7.45,773077389593,0,2022-10-13 12:34:01
2022-10-14 12:00:00,7.41,7.41,7.41,7.41,753098864740,0,2022-10-14 12:34:00
2022-10-17 12:00:00,7.45,7.45,7.45,7.45,677818668945,0,2022-10-17 12:34:02
2022-10-18 12:00:00,7.48,7.48,7.48,7.48,782548182329,0,2022-10-18 12:34:02
2022-10-19 12:00:00,7.44,7.44,7.44,7.44,761335413211,0,2022-10-19 12:34:01
2022-10-20 12:00:00,7.45,7.45,7.45,7.45,660044253009,0,2022-10-20 12:34:02
2022-10-21 12:00:00,7.39,7.39,7.39,7.39,718639975751,0,2022-10-21 12:34:01
2022-10-24 12:00:00,7.36,7.36,7.36,7.36,695912592942,0,2022-10-24 12:34:01
2022-10-25 12:00:00,7.43,7.43,7.43,7.43,683599417916,0,2022-10-25 12:34:01
2022-10-26 12:00:00,7.44,7.44,7.44,7.44,721268955686,0,2022-10-26 12:34:01
2022-10-27 12:00:00,7.43,7.43,7.43,7.43,724439703798,0,2022-10-27 12:34:02
2022-10-28 12:00:00,7.46,7.46,7.46,7.46,721107081779,0,2022-10-28 12:34:01
2022-10-31 12:00:00,7.43,7.43,7.43,7.43,687316227804,0,2022-10-31 12:34:02
2022-11-01 12:00:00,7.45,7.45,7.45,7.45,773708444343,0,2022-11-01 12:34:02
2022-11-02 12:00:00,7.46,7.46,7.46,7.46,785983580200,0,2022-11-02 12:34:02
2022-11-03 12:00:00,7.51,7.51,7.51,7.51,779451160711,0,2022-11-03 12:34:02
2022-11-07 12:00:00,7.5,7.5,7.5,7.5,760699278939,0,2022-11-07 12:34:01
2022-11-08 12:00:00,7.47,7.47,7.47,7.47,784277773617,0,2022-11-08 12:34:01
2022-11-09 12:00:00,7.45,7.45,7.45,7.45,616123209597,0,2022-11-09 12:34:01
2022-11-10 12:00:00,7.35,7.35,7.35,7.35,705012866401,0,2022-11-10 12:34:01
2022-11-11 12:00:00,7.27,7.27,7.27,7.27,639355553391,0,2022-11-11 12:34:01
2022-11-14 12:00:00,6.91,6.91,6.91,6.91,587152646505,0,2022-11-14 12:34:02
2022-11-15 12:00:00,7.02,7.02,7.02,7.02,598477506946,0,2022-11-15 12:34:01
2022-11-16 12:00:00,7.26,7.26,7.26,7.26,673117846655,0,2022-11-16 12:34:01
2022-11-17 12:00:00,7.33,7.33,7.33,7.33,653971810240,0,2022-11-17 12:34:01
2022-11-18 12:00:00,7.33,7.33,7.33,7.33,691224461369,0,2022-11-18 12:34:01
2022-11-21 12:00:00,7.28,7.28,7.28,7.28,687525693821,0,2022-11-21 12:34:01
2022-11-22 12:00:00,7.21,7.21,7.21,7.21,728137618866,0,2022-11-22 12:34:02
2022-11-23 12:00:00,7.05,7.05,7.05,7.05,629635098921,0,2022-11-23 12:34:01
2022-11-24 12:00:00,6.81,6.81,6.81,6.81,642044900190,0,2022-11-24 12:34:02
2022-11-25 12:00:00,6.7,6.7,6.7,6.7,509381537808,0,2022-11-25 12:34:02
2022-11-28 12:00:00,6.86,6.86,6.86,6.86,619588703992,0,2022-11-28 12:34:02
2022-11-29 12:00:00,6.91,6.91,6.91,6.91,649305580950,0,2022-11-29 12:34:02
2022-11-30 12:00:00,6.98,6.98,6.98,6.98,596993957592,0,2022-11-30 12:34:01
2022-12-01 12:00:00,6.95,6.95,6.95,6.95,579392596657,0,2022-12-01 12:34:01
2022-12-02 12:00:00,7.19,7.19,7.19,7.19,536433710576,0,2022-12-02 12:34:01
2022-12-05 12:00:00,7.14,7.14,7.14,7.14,528519757257,0,2022-12-05 12:34:01
2022-12-06 12:00:00,7.14,7.14,7.14,7.14,561549497398,0,2022-12-06 12:34:01
2022-12-07 12:00:00,7.14,7.14,7.14,7.14,518077217508,0,2022-12-07 12:34:02
2022-12-08 12:00:00,7.13,7.13,7.13,7.13,526544789625,0,2022-12-08 12:34:01
2022-12-09 12:00:00,7.1,7.1,7.1,7.1,559859095673,0,2022-12-09 12:34:01
2022-12-12 12:00:00,7.14,7.14,7.14,7.14,555949496903,0,2022-12-12 12:34:01
2022-12-13 12:00:00,7.15,7.15,7.15,7.15,626244016886,0,2022-12-13 12:34:01
2022-12-14 12:00:00,7.14,7.14,7.14,7.14,569721921078,0,2022-12-14 12:34:02
2022-12-15 12:00:00,7.18,7.18,7.18,7.18,579776588170,0,2022-12-15 12:34:01
2022-12-16 12:00:00,7.21,7.21,7.21,7.21,612584324385,0,2022-12-16 12:34:01
2022-12-19 12:00:00,7.16,7.16,7.16,7.16,513009987933,0,2022-12-19 12:34:01
2022-12-20 12:00:00,7.18,7.18,7.18,7.18,509426258661,0,2022-12-20 12:34:01
2022-12-21 12:00:00,7.21,7.21,7.21,7.21,520433529922,0,2022-12-21 12:34:01
2022-12-22 12:00:00,7.2,7.2,7.2,7.2,515704876343,0,2022-12-22 12:34:01
2022-12-23 12:00:00,7.17,7.17,7.17,7.17,555465683768,0,2022-12-23 12:34:01
2022-12-26 12:00:00,7.13,7.13,7.13,7.13,466998848254,0,2022-12-26 12:34:01
2022-12-27 12:00:00,7.12,7.12,7.12,7.12,461420306997,0,2022-12-27 12:34:02
2022-12-28 12:00:00,7.13,7.13,7.13,7.13,527440946533,0,2022-12-28 12:34:02
2022-12-29 12:00:00,7.12,7.12,7.12,7.12,331930259239,0,2022-12-29 12:34:01
2023-01-03 12:00:00,6.65,6.65,6.65,6.65,5268867417,0,2023-01-03 12:34:02
2023-01-09 12:00:00,6.95,6.95,6.95,6.95,496414244230,0,2023-01-09 12:34:01
2023-01-10 12:00:00,6.9,6.9,6.9,6.9,582991889895,0,2023-01-10 12:34:02
2023-01-11 12:00:00,7.02,7.02,7.02,7.02,569089826088,0,2023-01-11 12:34:01
2023-01-12 12:00:00,6.83,6.83,6.83,6.83,552546964765,0,2023-01-12 12:34:01
2023-01-13 12:00:00,6.71,6.71,6.71,6.71,595274871905,0,2023-01-13 12:34:01
2023-01-16 12:00:00,6.75,6.75,6.75,6.75,601349971066,0,2023-01-16 12:34:01
2023-01-17 12:00:00,6.95,6.95,6.95,6.95,366986959649,0,2023-01-17 12:34:01
2023-01-18 12:00:00,7.0,7.0,7.0,7.0,468896104244,0,2023-01-18 12:34:02
2023-01-19 12:00:00,6.9,6.9,6.9,6.9,500487411273,0,2023-01-19 12:34:01
2023-01-20 12:00:00,6.87,6.87,6.87,6.87,510420588419,0,2023-01-20 12:34:02
2023-01-23 12:00:00,6.85,6.85,6.85,6.85,538270784770,0,2023-01-23 12:34:01
2023-01-24 12:00:00,6.82,6.82,6.82,6.82,532031027884,0,2023-01-24 12:34:02
2023-01-25 12:00:00,6.87,6.87,6.87,6.87,416599454612,0,2023-01-25 12:34:02
2023-01-26 12:00:00,6.81,6.81,6.81,6.81,425198996873,0,2023-01-26 12:34:01
2023-01-27 12:00:00,6.8,6.8,6.8,6.8,379502936312,0,2023-01-27 12:34:02
2023-01-30 12:00:00,6.83,6.83,6.83,6.83,437716973670,0,2023-01-30 12:34:02
2023-01-31 12:00:00,6.99,6.99,6.99,6.99,468919844081,0,2023-01-31 12:34:02
2023-02-01 12:00:00,6.97,6.97,6.97,6.97,478167236374,0,2023-02-01 12:34:02
2023-02-02 12:00:00,6.93,6.93,6.93,6.93,486576823956,0,2023-02-02 12:34:02
2023-02-03 12:00:00,6.92,6.92,6.92,6.92,472281489965,0,2023-02-03 12:34:02
2023-02-06 12:00:00,6.8,6.8,6.8,6.8,355151672787,0,2023-02-06 12:34:02
2023-02-07 12:00:00,6.79,6.79,6.79,6.79,362312491193,0,2023-02-07 12:34:01
2023-02-08 12:00:00,6.91,6.91,6.91,6.91,493201979602,0,2023-02-08 12:34:02
2023-02-09 12:00:00,6.82,6.82,6.82,6.82,425983515320,0,2023-02-09 12:34:02
2023-02-10 12:00:00,6.74,6.74,6.74,6.74,385316115004,0,2023-02-10 12:34:02
2023-02-13 12:00:00,6.72,6.72,6.72,6.72,394695954443,0,2023-02-13 12:34:02
2023-02-14 12:00:00,6.84,6.84,6.84,6.84,432959132937,0,2023-02-14 12:34:02
2023-02-15 12:00:00,6.97,6.97,6.97,6.97,535036785313,0,2023-02-15 12:34:02
2023-02-16 12:00:00,7.03,7.03,7.03,7.03,541326585883,0,2023-02-16 12:34:02
2023-02-17 12:00:00,7.11,7.11,7.11,7.11,556194929825,0,2023-02-17 12:34:02
2023-02-20 12:00:00,7.17,7.17,7.17,7.17,545281200614,0,2023-02-20 12:34:02
2023-02-21 12:00:00,7.22,7.22,7.22,7.22,512104766689,0,2023-02-21 12:34:02
2023-02-22 12:00:00,6.83,6.83,6.83,6.83,66617996067,0,2023-02-22 12:34:02
2023-02-28 12:00:00,7.46,7.46,7.46,7.46,373796182493,0,2023-02-28 12:34:02
2023-03-01 12:00:00,7.43,7.43,7.43,7.43,552893829409,0,2023-03-01 12:34:02
2023-03-02 12:00:00,7.38,7.38,7.38,7.38,591895561564,0,2023-03-02 12:34:02
2023-03-03 12:00:00,7.44,7.44,7.44,7.44,625194426802,0,2023-03-03 12:34:02
2023-03-06 12:00:00,7.48,7.48,7.48,7.48,546776588972,0,2023-03-06 12:34:02
2023-03-07 12:00:00,7.51,7.51,7.51,7.51,535226000387,0,2023-03-07 12:34:02
2023-03-09 12:00:00,7.41,7.41,7.41,7.41,605169944678,0,2023-03-09 12:34:02
2023-03-10 12:00:00,7.08,7.08,7.08,7.08,599421209426,0,2023-03-10 12:34:02
2023-03-13 12:00:00,7.01,7.01,7.01,7.01,541809689301,0,2023-03-13 12:34:01
2023-03-14 12:00:00,7.05,7.05,7.05,7.05,448010301595,0,2023-03-14 12:34:01
2023-03-15 12:00:00,7.13,7.13,7.13,7.13,541124000139,0,2023-03-15 12:34:01
2023-03-16 12:00:00,7.13,7.13,7.13,7.13,590651229747,0,2023-03-16 12:34:02
2023-03-17 12:00:00,7.18,7.18,7.18,7.18,610599132827,0,2023-03-17 12:34:01
2023-03-20 12:00:00,7.16,7.16,7.16,7.16,492159043140,0,2023-03-20 12:34:01
2023-03-21 12:00:00,7.19,7.19,7.19,7.19,542624455478,0,2023-03-21 12:34:01
2023-03-22 12:00:00,7.17,7.17,7.17,7.17,551200069000,0,2023-03-22 12:34:02
2023-03-23 12:00:00,7.03,7.03,7.03,7.03,462140548029,0,2023-03-23 12:34:01
2023-03-24 12:00:00,7.05,7.05,7.05,7.05,601495397574,0,2023-03-24 12:34:02
2023-03-27 12:00:00,7.07,7.07,7.07,7.07,528367573857,0,2023-03-27 12:34:01
2023-03-28 12:00:00,7.12,7.12,7.12,7.12,587968857974,0,2023-03-28 12:34:01
2023-03-29 12:00:00,7.38,7.38,7.38,7.38,661168840570,0,2023-03-29 12:34:01
2023-03-30 12:00:00,7.19,7.19,7.19,7.19,633612035415,0,2023-03-30 12:34:01
2023-03-31 12:00:00,7.12,7.12,7.12,7.12,552384620921,0,2023-03-31 12:34:01
2023-04-03 12:00:00,7.09,7.09,7.09,7.09,635593235157,0,2023-04-03 12:34:01
2023-04-04 12:00:00,7.01,7.01,7.01,7.01,696214490915,0,2023-04-04 12:34:01
2023-04-05 12:00:00,6.9,6.9,6.9,6.9,515286208089,0,2023-04-05 12:34:02
2023-04-06 12:00:00,6.85,6.85,6.85,6.85,511473379991,0,2023-04-06 12:34:02
2023-04-07 12:00:00,6.95,6.95,6.95,6.95,590733938848,0,2023-04-07 12:34:02
2023-04-10 12:00:00,6.95,6.95,6.95,6.95,560280793639,0,2023-04-10 12:34:02
2023-04-11 12:00:00,7.05,7.05,7.05,7.05,421438162662,0,2023-04-11 12:34:02
2023-04-12 12:00:00,7.1,7.1,7.1,7.1,606890471600,0,2023-04-12 12:34:01
2023-04-13 12:00:00,7.17,7.17,7.17,7.17,560138890142,0,2023-04-13 12:34:01
2023-04-14 12:00:00,7.24,7.24,7.24,7.24,628196166111,0,2023-04-14 12:34:02
2023-04-17 12:00:00,7.33,7.33,7.33,7.33,604953960800,0,2023-04-17 12:34:02
2023-04-18 12:00:00,7.41,7.41,7.41,7.41,604360315225,0,2023-04-18 12:34:01
2023-04-19 12:00:00,7.38,7.38,7.38,7.38,642688363844,0,2023-04-19 12:34:01
2023-04-20 12:00:00,7.28,7.28,7.28,7.28,615976297000,0,2023-04-20 12:34:01
2023-04-21 12:00:00,7.1,7.1,7.1,7.1,588366603194,0,2023-04-21 12:34:02
2023-04-24 12:00:00,7.05,7.05,7.05,7.05,568183461341,0,2023-04-24 12:34:01
2023-04-25 12:00:00,6.92,6.92,6.92,6.92,518735093718,0,2023-04-25 12:34:02
2023-04-26 12:00:00,6.88,6.88,6.88,6.88,592754498895,0,2023-04-26 12:34:01
2023-04-27 12:00:00,6.77,6.77,6.77,6.77,574769410793,0,2023-04-27 12:34:01
2023-04-28 12:00:00,7.09,7.09,7.09,7.09,629563628024,0,2023-04-28 12:34:01
2023-05-02 12:00:00,7.26,7.26,7.26,7.26,669233656105,0,2023-05-02 12:34:01
2023-05-03 12:00:00,7.06,7.06,7.06,7.06,610751558148,0,2023-05-03 12:34:01
2023-05-04 12:00:00,7.02,7.02,7.02,7.02,467781994391,0,2023-05-04 12:34:02
2023-05-05 12:00:00,6.79,6.79,6.79,6.79,97313710025,0,2023-05-05 12:34:01
2023-05-10 12:00:00,7.08,7.08,7.08,7.08,361069376647,0,2023-05-10 12:34:02
2023-05-11 12:00:00,7.02,7.02,7.02,7.02,465095790459,0,2023-05-11 12:34:01
2023-05-12 12:00:00,6.93,6.93,6.93,6.93,504580114289,0,2023-05-12 12:34:06
2023-05-15 12:00:00,7.05,7.05,7.05,7.05,448526409520,0,2023-05-15 12:34:01
2023-05-16 12:00:00,7.27,7.27,7.27,7.27,389910628330,0,2023-05-16 12:34:06
2023-05-17 12:00:00,7.14,7.14,7.14,7.14,521344775451,0,2023-05-17 12:34:02
2023-05-18 12:00:00,7.13,7.13,7.13,7.13,517717243680,0,2023-05-18 12:34:06
2023-05-19 12:00:00,7.17,7.17,7.17,7.17,542064084371,0,2023-05-19 12:34:01
2023-05-22 12:00:00,7.19,7.19,7.19,7.19,557455123541,0,2023-05-22 12:34:01
2023-05-23 12:00:00,7.21,7.21,7.21,7.21,507012166368,0,2023-05-23 12:34:01
2023-05-24 12:00:00,7.2,7.2,7.2,7.2,635871018277,0,2023-05-24 12:34:01
2023-05-25 12:00:00,7.14,7.14,7.14,7.14,542163132401,0,2023-05-25 12:34:02
2023-05-26 12:00:00,7.11,7.11,7.11,7.11,587563806097,0,2023-05-26 12:34:01
2023-05-29 12:00:00,7.17,7.17,7.17,7.17,570647439708,0,2023-05-29 12:34:02
2023-05-30 12:00:00,7.14,7.14,7.14,7.14,533652907629,0,2023-05-30 12:34:01
2023-05-31 12:00:00,7.15,7.15,7.15,7.15,574520346391,0,2023-05-31 12:34:01
2023-06-01 12:00:00,7.17,7.17,7.17,7.17,484115026261,0,2023-06-01 12:34:02
2023-06-02 12:00:00,7.18,7.18,7.18,7.18,574555715325,0,2023-06-02 12:34:01
2023-06-05 12:00:00,7.18,7.18,7.18,7.18,523867074625,0,2023-06-05 12:34:02
2023-06-06 12:00:00,7.18,7.18,7.18,7.18,551593669635,0,2023-06-06 12:34:01
2023-06-07 12:00:00,7.16,7.16,7.16,7.16,643910590865,0,2023-06-07 12:34:01
2023-06-08 12:00:00,7.09,7.09,7.09,7.09,677764021545,0,2023-06-08 12:34:01
2023-06-09 12:00:00,7.09,7.09,7.09,7.09,698893865945,0,2023-06-09 12:34:01
2023-06-13 12:00:00,7.25,7.25,7.25,7.25,678726377159,0,2023-06-13 12:34:01
2023-06-14 12:00:00,7.26,7.26,7.26,7.26,498681332934,0,2023-06-14 12:34:02
2023-06-15 12:00:00,7.23,7.23,7.23,7.23,630489699245,0,2023-06-15 12:34:02
2023-06-16 12:00:00,7.19,7.19,7.19,7.19,625381322511,0,2023-06-16 12:34:01
2023-06-19 12:00:00,7.12,7.12,7.12,7.12,602506929217,0,2023-06-19 12:34:01
2023-06-20 12:00:00,7.06,7.06,7.06,7.06,622268882196,0,2023-06-20 12:34:01
2023-06-21 12:00:00,7.07,7.07,7.07,7.07,674160604465,0,2023-06-21 12:34:01
2023-06-22 12:00:00,7.06,7.06,7.06,7.06,662643338454,0,2023-06-22 12:34:01
2023-06-23 12:00:00,7.05,7.05,7.05,7.05,635966567352,0,2023-06-23 12:34:01
2023-06-26 12:00:00,7.08,7.08,7.08,7.08,585033070761,0,2023-06-26 12:34:02
2023-06-27 12:00:00,7.07,7.07,7.07,7.07,562274370652,0,2023-06-27 12:34:02
2023-06-28 12:00:00,7.11,7.11,7.11,7.11,623334450296,0,2023-06-28 12:34:02
2023-06-29 12:00:00,7.18,7.18,7.18,7.18,678518976086,0,2023-06-29 12:34:03
2023-06-30 12:00:00,7.18,7.18,7.18,7.18,635835589106,0,2023-06-30 12:34:02
2023-07-03 12:00:00,7.15,7.15,7.15,7.15,624929171829,0,2023-07-03 12:34:01
2023-07-04 12:00:00,7.01,7.01,7.01,7.01,677206026985,0,2023-07-04 12:34:01
2023-07-05 12:00:00,7.01,7.01,7.01,7.01,647689668303,0,2023-07-05 12:34:02
2023-07-06 12:00:00,7.04,7.04,7.04,7.04,557358332064,0,2023-07-06 12:34:01
2023-07-07 12:00:00,7.02,7.02,7.02,7.02,652524472951,0,2023-07-07 12:34:01
2023-07-10 12:00:00,7.05,7.05,7.05,7.05,627415697215,0,2023-07-10 12:34:01
2023-07-11 12:00:00,7.41,7.41,7.41,7.41,611165992999,0,2023-07-11 12:34:01
2023-07-12 12:00:00,7.31,7.31,7.31,7.31,709603753837,0,2023-07-12 12:34:01
2023-07-13 12:00:00,7.29,7.29,7.29,7.29,689525681000,0,2023-07-13 12:34:01
2023-07-14 12:00:00,7.43,7.43,7.43,7.43,689815087654,0,2023-07-14 12:34:01
2023-07-17 12:00:00,7.7,7.7,7.7,7.7,714393790562,0,2023-07-17 12:34:01
2023-07-18 12:00:00,7.67,7.67,7.67,7.67,737644043323,0,2023-07-18 12:34:01
2023-07-19 12:00:00,7.66,7.66,7.66,7.66,892216708710,0,2023-07-19 12:34:02
2023-07-20 12:00:00,7.68,7.68,7.68,7.68,941105072706,0,2023-07-20 12:34:01
2023-07-21 12:00:00,7.84,7.84,7.84,7.84,990285875875,0,2023-07-21 12:34:01
2023-07-24 12:00:00,8.14,8.14,8.14,8.14,870423354270,0,2023-07-24 12:34:02
2023-07-25 12:00:00,8.1,8.1,8.1,8.1,1013586671411,0,2023-07-25 12:34:01
2023-07-26 12:00:00,8.09,8.09,8.09,8.09,801638544674,0,2023-07-26 12:34:01
2023-07-27 12:00:00,8.09,8.09,8.09,8.09,799490104837,0,2023-07-27 12:34:01
2023-07-28 12:00:00,8.12,8.12,8.12,8.12,765156338426,0,2023-07-28 12:34:02
2023-07-31 12:00:00,8.14,8.14,8.14,8.14,835183701717,0,2023-07-31 12:34:01
2023-08-01 12:00:00,8.1,8.1,8.1,8.1,767250700205,0,2023-08-01 12:34:02
2023-08-02 12:00:00,7.99,7.99,7.99,7.99,805511981655,0,2023-08-02 12:34:02
2023-08-03 12:00:00,7.91,7.91,7.91,7.91,749830816869,0,2023-08-03 12:34:02
2023-08-04 12:00:00,7.84,7.84,7.84,7.84,754406470758,0,2023-08-04 12:34:02
2023-08-07 12:00:00,7.81,7.81,7.81,7.81,709867831976,0,2023-08-07 12:34:02
2023-08-08 12:00:00,8.1,8.1,8.1,8.1,637770116346,0,2023-08-08 12:34:02
2023-08-09 12:00:00,8.14,8.14,8.14,8.14,871591793679,0,2023-08-09 12:34:02
2023-08-10 12:00:00,8.14,8.14,8.14,8.14,825172129580,0,2023-08-10 12:34:02
2023-08-11 12:00:00,8.18,8.18,8.18,8.18,870887107401,0,2023-08-11 12:34:02
2023-08-14 12:00:00,8.34,8.34,8.34,8.34,844195806533,0,2023-08-14 12:34:01
2023-08-15 12:00:00,11.3,11.3,11.3,11.3,470574529972,0,2023-08-15 12:34:02
2023-08-16 12:00:00,11.46,11.46,11.46,11.46,1157224699552,0,2023-08-16 12:34:02
2023-08-17 12:00:00,11.54,11.54,11.54,11.54,922694496989,0,2023-08-17 12:34:01
2023-08-18 12:00:00,11.55,11.55,11.55,11.55,1004050977972,0,2023-08-18 12:34:01
2023-08-21 12:00:00,11.54,11.54,11.54,11.54,1028091883155,0,2023-08-21 12:34:01
2023-08-22 12:00:00,11.54,11.54,11.54,11.54,1043027847991,0,2023-08-22 12:34:02
2023-08-23 12:00:00,11.52,11.52,11.52,11.52,924772014821,0,2023-08-23 12:34:01
2023-08-24 12:00:00,11.53,11.53,11.53,11.53,1003771792589,0,2023-08-24 12:34:02
2023-08-25 12:00:00,11.61,11.61,11.61,11.61,988555684477,0,2023-08-25 12:34:01
2023-08-28 12:00:00,11.6,11.6,11.6,11.6,815879320236,0,2023-08-28 12:34:02
2023-08-29 12:00:00,11.6,11.6,11.6,11.6,837955706087,0,2023-08-29 12:34:02
2023-08-30 12:00:00,11.6,11.6,11.6,11.6,821010754795,0,2023-08-30 12:34:02
2023-08-31 12:00:00,11.6,11.6,11.6,11.6,847349226071,0,2023-08-31 12:34:01
2023-09-01 12:00:00,11.64,11.64,11.64,11.64,823839997999,0,2023-09-01 12:34:01
2023-09-04 12:00:00,11.61,11.61,11.61,11.61,801500446260,0,2023-09-04 12:34:02
2023-09-05 12:00:00,11.56,11.56,11.56,11.56,843043000677,0,2023-09-05 12:34:02
2023-09-06 12:00:00,11.47,11.47,11.47,11.47,927642319066,0,2023-09-06 12:34:02
2023-09-07 12:00:00,11.33,11.33,11.33,11.33,822212624384,0,2023-09-07 12:34:02
2023-09-08 12:00:00,11.25,11.25,11.25,11.25,823575356477,0,2023-09-08 12:34:02
2023-09-11 12:00:00,11.26,11.26,11.26,11.26,737542225393,0,2023-09-11 12:34:02
2023-09-12 12:00:00,11.58,11.58,11.58,11.58,691438419719,0,2023-09-12 12:34:02
2023-09-13 12:00:00,11.59,11.59,11.59,11.59,918318941667,0,2023-09-13 12:59:59
2023-09-14 12:00:00,11.75,11.75,11.75,11.75,1106049623807,0,2023-09-14 12:34:02
2023-09-15 12:00:00,11.86,11.86,11.86,11.86,1107233250998,0,2023-09-15 12:34:02
2023-09-18 12:00:00,12.25,12.25,12.25,12.25,968543591356,0,2023-09-18 12:34:01
2023-09-19 12:00:00,12.23,12.23,12.23,12.23,888218722369,0,2023-09-19 12:34:01
2023-09-20 12:00:00,12.26,12.26,12.26,12.26,799863853843,0,2023-09-20 12:34:01
2023-09-21 12:00:00,12.24,12.24,12.24,12.24,742289570963,0,2023-09-21 12:34:01
2023-09-22 12:00:00,12.24,12.24,12.24,12.24,775517840356,0,2023-09-22 12:34:01
2023-09-25 12:00:00,12.22,12.22,12.22,12.22,784358149167,0,2023-09-25 12:34:02
2023-09-26 12:00:00,12.21,12.21,12.21,12.21,733172714449,0,2023-09-26 12:34:02
2023-09-27 12:00:00,12.2,12.2,12.2,12.2,816718162428,0,2023-09-27 12:34:02
2023-09-28 12:00:00,12.22,12.22,12.22,12.22,783028014234,0,2023-09-28 12:34:02
2023-09-29 12:00:00,12.25,12.25,12.25,12.25,795691043166,0,2023-09-29 12:34:02
2023-10-02 12:00:00,12.19,12.19,12.19,12.19,926445001136,0,2023-10-02 12:34:01
2023-10-03 12:00:00,12.18,12.18,12.18,12.18,1015353415614,0,2023-10-03 12:34:02
2023-10-04 12:00:00,12.17,12.17,12.17,12.17,906724990986,0,2023-10-04 12:34:02
2023-10-05 12:00:00,12.23,12.23,12.23,12.23,954973734342,0,2023-10-05 12:34:02
2023-10-06 12:00:00,12.35,12.35,12.35,12.35,994752618747,0,2023-10-06 12:34:01
2023-10-09 12:00:00,12.53,12.53,12.53,12.53,887691216660,0,2023-10-09 12:34:01
2023-10-10 12:00:00,12.53,12.53,12.53,12.53,792815429551,0,2023-10-10 12:34:01
2023-10-11 12:00:00,12.5,12.5,12.5,12.5,929826087693,0,2023-10-11 12:34:01
2023-10-12 12:00:00,12.66,12.66,12.66,12.66,916091520840,0,2023-10-12 12:34:01
2023-10-13 12:00:00,12.92,12.92,12.92,12.92,886048716759,0,2023-10-13 12:34:01
2023-10-16 12:00:00,12.94,12.94,12.94,12.94,861499578733,0,2023-10-16 12:34:02
2023-10-17 12:00:00,12.95,12.95,12.95,12.95,951856798052,0,2023-10-17 12:34:02
2023-10-18 12:00:00,12.97,12.97,12.97,12.97,934847972628,0,2023-10-18 12:34:02
2023-10-19 12:00:00,12.92,12.92,12.92,12.92,991232612891,0,2023-10-19 12:34:01
2023-10-20 12:00:00,12.92,12.92,12.92,12.92,987761738111,0,2023-10-20 12:34:02
2023-10-23 12:00:00,12.92,12.92,12.92,12.92,953457812517,0,2023-10-23 12:34:02
2023-10-24 12:00:00,12.87,12.87,12.87,12.87,962959171546,0,2023-10-24 12:34:02
2023-10-25 12:00:00,12.69,12.69,12.69,12.69,1080265285896,0,2023-10-25 12:34:02
2023-10-26 12:00:00,12.25,12.25,12.25,12.25,1181761415620,0,2023-10-26 12:34:02
2023-10-27 12:00:00,12.2,12.2,12.2,12.2,1258196640017,0,2023-10-27 12:34:02
2023-10-30 12:00:00,14.2,14.2,14.2,14.2,281038998588,0,2023-10-30 12:34:02
2023-10-31 12:00:00,14.31,14.31,14.31,14.31,196644226241,0,2023-10-31 12:34:02
2023-11-01 12:00:00,14.29,14.29,14.29,14.29,404060017439,0,2023-11-01 12:34:02
2023-11-02 12:00:00,14.17,14.17,14.17,14.17,496929413820,0,2023-11-02 12:34:02
2023-11-03 12:00:00,14.22,14.22,14.22,14.22,10037598323,0,2023-11-03 12:34:02
2023-11-07 12:00:00,14.15,14.15,14.15,14.15,233364155181,0,2023-11-07 12:34:02
2023-11-08 12:00:00,14.19,14.19,14.19,14.19,167006095780,0,2023-11-08 12:34:02
2023-11-09 12:00:00,14.15,14.15,14.15,14.15,457905211787,0,2023-11-09 12:34:02
2023-11-10 12:00:00,14.25,14.25,14.25,14.25,852158065560,0,2023-11-10 12:34:02
2023-11-13 12:00:00,14.34,14.34,14.34,14.34,610315849636,0,2023-11-13 12:34:01
2023-11-14 12:00:00,14.84,14.84,14.84,14.84,1025845976893,0,2023-11-14 12:34:01
2023-11-15 12:00:00,14.55,14.55,14.55,14.55,955261409366,0,2023-11-15 12:34:01
2023-11-16 12:00:00,14.72,14.72,14.72,14.72,900452781556,0,2023-11-16 12:34:01
2023-11-17 12:00:00,14.88,14.88,14.88,14.88,1006940311248,0,2023-11-17 12:34:01
2023-11-20 12:00:00,14.92,14.92,14.92,14.92,984369904681,0,2023-11-20 12:34:01
2023-11-21 12:00:00,15.01,15.01,15.01,15.01,976960970961,0,2023-11-21 12:34:01
2023-11-22 12:00:00,14.97,14.97,14.97,14.97,1054371421545,0,2023-11-22 12:34:06
2023-11-23 12:00:00,14.96,14.96,14.96,14.96,1024888488696,0,2023-11-23 12:34:00
2023-11-24 12:00:00,15.04,15.04,15.04,15.04,1107848204913,0,2023-11-24 12:34:01
2023-11-27 12:00:00,15.07,15.07,15.07,15.07,1064168709031,0,2023-11-27 12:34:01
2023-11-28 12:00:00,15.07,15.07,15.07,15.07,1022730617242,0,2023-11-28 12:34:01
2023-11-29 12:00:00,14.85,14.85,14.85,14.85,1008007438771,0,2023-11-29 12:34:02
2023-11-30 12:00:00,14.67,14.67,14.67,14.67,872255500646,0,2023-11-30 12:34:02
2023-12-01 12:00:00,14.51,14.51,14.51,14.51,971776632887,0,2023-12-01 12:34:02
2023-12-04 12:00:00,14.52,14.52,14.52,14.52,995927705385,0,2023-12-04 12:34:01
2023-12-05 12:00:00,14.33,14.33,14.33,14.33,965811084083,0,2023-12-05 12:34:01
2023-12-06 12:00:00,14.32,14.32,14.32,14.32,809042395375,0,2023-12-06 12:34:01
2023-12-07 12:00:00,14.27,14.27,14.27,14.27,768401542802,0,2023-12-07 12:34:02
2023-12-08 12:00:00,14.24,14.24,14.24,14.24,855750652684,0,2023-12-08 12:34:02
2023-12-11 12:00:00,14.56,14.56,14.56,14.56,901943068055,0,2023-12-11 12:34:02
2023-12-12 12:00:00,14.65,14.65,14.65,14.65,1054641289098,0,2023-12-12 12:34:02
2023-12-13 12:00:00,14.87,14.87,14.87,14.87,1033261394780,0,2023-12-13 12:34:02
2023-12-14 12:00:00,15.16,15.16,15.16,15.16,1008755088543,0,2023-12-14 12:34:01
2023-12-15 12:00:00,15.44,15.44,15.44,15.44,1138320213735,0,2023-12-15 12:34:01
2023-12-18 12:00:00,15.51,15.51,15.51,15.51,1088291705711,0,2023-12-18 12:34:01
2023-12-19 12:00:00,15.21,15.21,15.21,15.21,1019165959553,0,2023-12-19 12:34:02
2023-12-20 12:00:00,15.25,15.25,15.25,15.25,880236890274,0,2023-12-20 12:34:02
2023-12-21 12:00:00,15.12,15.12,15.12,15.12,820469246848,0,2023-12-21 12:34:02
2023-12-22 12:00:00,15.09,15.09,15.09,15.09,899199229842,0,2023-12-22 12:34:02
2023-12-25 12:00:00,15.12,15.12,15.12,15.12,764779137991,0,2023-12-25 12:34:02
2023-12-26 12:00:00,15.1,15.1,15.1,15.1,699509213445,0,2023-12-26 12:34:01
2023-12-27 12:00:00,15.16,15.16,15.16,15.16,263311149115,0,2023-12-27 12:34:02
2023-12-28 12:00:00,15.19,15.19,15.19,15.19,60023335390,0,2023-12-28 12:34:02
2024-01-09 12:00:00,15.39,15.39,15.39,15.39,638998653574,0,2024-01-09 12:34:01
2024-01-10 12:00:00,15.15,15.15,15.15,15.15,577789281393,0,2024-01-10 12:34:01
2024-01-11 12:00:00,15.16,15.16,15.16,15.16,234235697391,0,2024-01-11 12:34:01
2024-01-12 12:00:00,15.18,15.18,15.18,15.18,99264276525,0,2024-01-12 12:34:02
2024-01-15 12:00:00,15.37,15.37,15.37,15.37,496913735743,0,2024-01-15 12:34:01
2024-01-16 12:00:00,15.42,15.42,15.42,15.42,500353970556,0,2024-01-16 12:34:02
2024-01-17 12:00:00,15.33,15.33,15.33,15.33,953826615939,0,2024-01-17 12:34:02
2024-01-18 12:00:00,15.33,15.33,15.33,15.33,916889968573,0,2024-01-18 12:34:01
2024-01-19 12:00:00,15.39,15.39,15.39,15.39,880348366110,0,2024-01-19 12:34:01
2024-01-22 12:00:00,15.41,15.41,15.41,15.41,956292472237,0,2024-01-22 12:34:02
2024-01-23 12:00:00,15.48,15.48,15.48,15.48,985045152737,0,2024-01-23 12:34:02
2024-01-24 12:00:00,15.49,15.49,15.49,15.49,757756503314,0,2024-01-24 12:34:01
2024-01-25 12:00:00,15.48,15.48,15.48,15.48,981554012390,0,2024-01-25 12:34:01
2024-01-26 12:00:00,15.49,15.49,15.49,15.49,1053662744481,0,2024-01-26 12:34:02
2024-01-29 12:00:00,15.49,15.49,15.49,15.49,1032036104449,0,2024-01-29 12:34:02
2024-01-30 12:00:00,15.49,15.49,15.49,15.49,1049248340179,0,2024-01-30 12:34:01
2024-01-31 12:00:00,15.52,15.52,15.52,15.52,994973479086,0,2024-01-31 12:34:03
2024-02-01 12:00:00,15.49,15.49,15.49,15.49,907853697878,0,2024-02-01 12:34:01
2024-02-02 12:00:00,15.45,15.45,15.45,15.45,954408745645,0,2024-02-02 12:34:02
2024-02-05 12:00:00,15.48,15.48,15.48,15.48,891679103566,0,2024-02-05 12:34:02
2024-02-06 12:00:00,15.55,15.55,15.55,15.55,927686048846,0,2024-02-06 12:34:01
2024-02-07 12:00:00,15.58,15.58,15.58,15.58,946384327263,0,2024-02-07 12:34:01
2024-02-08 12:00:00,15.55,15.55,15.55,15.55,935146566784,0,2024-02-08 12:34:02
2024-02-09 12:00:00,15.54,15.54,15.54,15.54,946402167715,0,2024-02-09 12:34:01
2024-02-12 12:00:00,15.62,15.62,15.62,15.62,950423983719,0,2024-02-12 12:34:02
2024-02-13 12:00:00,15.64,15.64,15.64,15.64,742672815336,0,2024-02-13 12:34:01
2024-02-14 12:00:00,15.5,15.5,15.5,15.5,911162472889,0,2024-02-14 12:34:02
2024-02-15 12:00:00,15.3,15.3,15.3,15.3,928654870792,0,2024-02-15 12:34:01
2024-02-16 12:00:00,15.25,15.25,15.25,15.25,906035360646,0,2024-02-16 12:34:01
2024-02-19 12:00:00,15.25,15.25,15.25,15.25,905334450250,0,2024-02-19 12:34:02
2024-02-20 12:00:00,15.24,15.24,15.24,15.24,932205719993,0,2024-02-20 12:34:01
2024-02-21 12:00:00,15.24,15.24,15.24,15.24,973862059051,0,2024-02-21 12:34:02
2024-02-22 12:00:00,15.25,15.25,15.25,15.25,892512258626,0,2024-02-22 12:34:01
2024-02-26 12:00:00,15.28,15.28,15.28,15.28,995938692434,0,2024-02-26 12:34:02
2024-02-27 12:00:00,15.36,15.36,15.36,15.36,901676179728,0,2024-02-27 12:34:01
2024-02-28 12:00:00,15.39,15.39,15.39,15.39,938022930430,0,2024-02-28 12:34:02
2024-02-29 12:00:00,15.51,15.51,15.51,15.51,928231670555,0,2024-02-29 12:34:01
2024-03-01 12:00:00,15.45,15.45,15.45,15.45,959357349306,0,2024-03-01 12:34:02
2024-03-04 12:00:00,15.19,15.19,15.19,15.19,816665062125,0,2024-03-04 12:34:02
2024-03-05 12:00:00,15.17,15.17,15.17,15.17,780973244723,0,2024-03-05 12:34:02
2024-03-06 12:00:00,15.21,15.21,15.21,15.21,1059647747984,0,2024-03-06 12:34:02
2024-03-07 12:00:00,15.32,15.32,15.32,15.32,1083794801365,0,2024-03-07 12:34:01
2024-03-11 12:00:00,15.43,15.43,15.43,15.43,1129374457037,0,2024-03-11 12:34:01
2024-03-12 12:00:00,15.61,15.61,15.61,15.61,988301809450,0,2024-03-12 12:34:01
2024-03-13 12:00:00,15.48,15.48,15.48,15.48,921316875132,0,2024-03-13 12:34:01
2024-03-14 12:00:00,15.47,15.47,15.47,15.47,913334446805,0,2024-03-14 12:34:01
2024-03-15 12:00:00,15.46,15.46,15.46,15.46,906768264083,0,2024-03-15 12:34:01
2024-03-18 12:00:00,15.43,15.43,15.43,15.43,877818504988,0,2024-03-18 12:34:00
2024-03-19 12:00:00,15.36,15.36,15.36,15.36,887342515336,0,2024-03-19 12:34:01
2024-03-20 12:00:00,15.35,15.35,15.35,15.35,954198612321,0,2024-03-20 12:34:01
2024-03-21 12:00:00,15.29,15.29,15.29,15.29,928078356134,0,2024-03-21 12:34:01
2024-03-22 12:00:00,15.29,15.29,15.29,15.29,990512813649,0,2024-03-22 12:34:01
2024-03-25 12:00:00,15.22,15.22,15.22,15.22,878778755439,0,2024-03-25 12:34:01
2024-03-26 12:00:00,15.32,15.32,15.32,15.32,661767836078,0,2024-03-26 12:34:01
2024-03-27 12:00:00,15.26,15.26,15.26,15.26,961920996533,0,2024-03-27 12:34:01
2024-03-28 12:00:00,15.28,15.28,15.28,15.28,668300867492,0,2024-03-28 12:34:01
2024-03-29 12:00:00,15.41,15.41,15.41,15.41,937073338200,0,2024-03-29 12:34:01
2024-04-01 12:00:00,15.26,15.26,15.26,15.26,967574944060,0,2024-04-01 12:34:01
2024-04-02 12:00:00,15.24,15.24,15.24,15.24,948885337852,0,2024-04-02 12:34:01
2024-04-03 12:00:00,15.25,15.25,15.25,15.25,984666306906,0,2024-04-03 12:34:01
2024-04-04 12:00:00,15.22,15.22,15.22,15.22,949013517234,0,2024-04-04 12:34:02
2024-04-05 12:00:00,15.24,15.24,15.24,15.24,894576829511,0,2024-04-05 12:34:02
2024-04-08 12:00:00,15.31,15.31,15.31,15.31,592734586421,0,2024-04-08 12:34:02
2024-04-09 12:00:00,15.3,15.3,15.3,15.3,766411169633,0,2024-04-09 12:34:01
2024-04-10 12:00:00,15.27,15.27,15.27,15.27,936346830497,0,2024-04-10 12:34:01
2024-04-11 12:00:00,15.27,15.27,15.27,15.27,798063052163,0,2024-04-11 12:34:01
2024-04-12 12:00:00,15.31,15.31,15.31,15.31,897296544430,0,2024-04-12 12:34:01
2024-04-15 12:00:00,15.32,15.32,15.32,15.32,956000932253,0,2024-04-15 12:34:01
2024-04-16 12:00:00,15.36,15.36,15.36,15.36,954950387795,0,2024-04-16 12:34:01
2024-04-17 12:00:00,15.38,15.38,15.38,15.38,929436919397,0,2024-04-17 12:34:01
2024-04-18 12:00:00,15.39,15.39,15.39,15.39,964756746536,0,2024-04-18 12:34:02
2024-04-19 12:00:00,15.45,15.45,15.45,15.45,972011635376,0,2024-04-19 12:34:01
2024-04-22 12:00:00,15.45,15.45,15.45,15.45,922888691112,0,2024-04-22 12:34:01
2024-04-23 12:00:00,15.46,15.46,15.46,15.46,872608381524,0,2024-04-23 12:34:01
2024-04-24 12:00:00,15.45,15.45,15.45,15.45,731814323147,0,2024-04-24 12:34:01
2024-04-25 12:00:00,15.45,15.45,15.45,15.45,528646406182,0,2024-04-25 12:34:01
2024-04-26 12:00:00,15.47,15.47,15.47,15.47,292086508842,0,2024-04-26 12:34:02
2024-05-02 12:00:00,15.57,15.57,15.57,15.57,543343281266,0,2024-05-02 12:34:01
2024-05-03 12:00:00,15.85,15.85,15.85,15.85,654891215051,0,2024-05-03 12:34:01
2024-05-06 12:00:00,15.9,15.9,15.9,15.9,715657919020,0,2024-05-06 12:34:02
2024-05-07 12:00:00,15.87,15.87,15.87,15.87,560156997657,0,2024-05-07 12:34:02
2024-05-08 12:00:00,15.68,15.68,15.68,15.68,120387269277,0,2024-05-08 12:34:01
2024-05-13 12:00:00,15.93,15.93,15.93,15.93,539012233045,0,2024-05-13 12:34:02
2024-05-14 12:00:00,16.01,16.01,16.01,16.01,628416181201,0,2024-05-14 12:34:02
2024-05-15 12:00:00,15.91,15.91,15.91,15.91,735517715206,0,2024-05-15 12:34:02
2024-05-16 12:00:00,15.74,15.74,15.74,15.74,817462182415,0,2024-05-16 12:34:02
2024-05-17 12:00:00,15.67,15.67,15.67,15.67,870336053571,0,2024-05-17 12:34:02
2024-05-20 12:00:00,15.71,15.71,15.71,15.71,788295950036,0,2024-05-20 12:34:01
2024-05-21 12:00:00,15.79,15.79,15.79,15.79,778067431974,0,2024-05-21 12:34:01
2024-05-22 12:00:00,15.77,15.77,15.77,15.77,706993063678,0,2024-05-22 12:34:01
2024-05-23 12:00:00,15.74,15.74,15.74,15.74,709985504590,0,2024-05-23 12:34:01
2024-05-24 12:00:00,15.67,15.67,15.67,15.67,756929641831,0,2024-05-24 12:34:01
2024-05-27 12:00:00,15.58,15.58,15.58,15.58,786491376285,0,2024-05-27 12:34:01
2024-05-28 12:00:00,15.6,15.6,15.6,15.6,688443068345,0,2024-05-28 12:34:01
2024-05-29 12:00:00,15.67,15.67,15.67,15.67,726250464958,0,2024-05-29 12:34:01
2024-05-30 12:00:00,15.77,15.77,15.77,15.77,738293210845,0,2024-05-30 12:34:01
2024-05-31 12:00:00,15.84,15.84,15.84,15.84,737830662805,0,2024-05-31 12:34:01
2024-06-03 12:00:00,15.68,15.68,15.68,15.68,714242959895,0,2024-06-03 12:34:02
2024-06-04 12:00:00,15.56,15.56,15.56,15.56,775881171696,0,2024-06-04 12:34:01
2024-06-05 12:00:00,15.73,15.73,15.73,15.73,861674948770,0,2024-06-05 12:34:01
2024-06-06 12:00:00,15.94,15.94,15.94,15.94,881778738803,0,2024-06-06 12:34:02
2024-06-07 12:00:00,15.96,15.96,15.96,15.96,910000327450,0,2024-06-07 12:34:01
2024-06-10 12:00:00,15.35,15.35,15.35,15.35,816155013296,0,2024-06-10 12:34:01
2024-06-11 12:00:00,15.15,15.15,15.15,15.15,718916551886,0,2024-06-11 12:34:01
2024-06-13 12:00:00,15.35,15.35,15.35,15.35,621096698360,0,2024-06-13 12:34:02
2024-06-14 12:00:00,15.19,15.19,15.19,15.19,537076682869,0,2024-06-14 12:34:02
2024-06-17 12:00:00,15.16,15.16,15.16,15.16,442203521533,0,2024-06-17 12:34:32
2024-06-18 12:00:00,15.23,15.23,15.23,15.23,268344176540,0,2024-06-18 12:34:02
2024-06-19 12:00:00,15.21,15.21,15.21,15.21,280498726653,0,2024-06-19 12:34:01
2024-06-20 12:00:00,15.27,15.27,15.27,15.27,124913371312,0,2024-06-20 12:34:02
2024-06-21 12:00:00,15.22,15.22,15.22,15.22,207153519380,0,2024-06-21 12:34:01
2024-06-24 12:00:00,15.26,15.26,15.26,15.26,164371101050,0,2024-06-24 12:34:01
2024-06-25 12:00:00,15.3,15.3,15.3,15.3,198825429265,0,2024-06-25 12:34:01
2024-06-26 12:00:00,15.3,15.3,15.3,15.3,218699082754,0,2024-06-26 12:34:01
2024-06-27 12:00:00,15.41,15.41,15.41,15.41,453877614825,0,2024-06-27 12:34:02
2024-06-28 12:00:00,15.47,15.47,15.47,15.47,693010578779,0,2024-06-28 12:34:01
2024-07-01 12:00:00,15.5,15.5,15.5,15.5,567060393803,0,2024-07-01 12:34:01
2024-07-02 12:00:00,16.12,16.12,16.12,16.12,690499794955,0,2024-07-02 12:34:02
2024-07-03 12:00:00,16.13,16.13,16.13,16.13,674139091384,0,2024-07-03 12:34:02
2024-07-04 12:00:00,15.38,15.38,15.38,15.38,683786675154,0,2024-07-04 12:34:02
2024-07-05 12:00:00,15.62,15.62,15.62,15.62,678888565947,0,2024-07-05 12:34:02
2024-07-08 12:00:00,15.61,15.61,15.61,15.61,643125651313,0,2024-07-08 12:34:02
2024-07-09 12:00:00,15.74,15.74,15.74,15.74,609154207543,0,2024-07-09 12:34:02
2024-07-10 12:00:00,16.04,16.04,16.04,16.04,741917554089,0,2024-07-10 12:34:01
2024-07-11 12:00:00,16.36,16.36,16.36,16.36,831779402191,0,2024-07-11 12:34:01
2024-07-12 12:00:00,16.24,16.24,16.24,16.24,845288372323,0,2024-07-12 12:34:01
2024-07-15 12:00:00,16.16,16.16,16.16,16.16,775452502023,0,2024-07-15 12:34:02
2024-07-16 12:00:00,16.02,16.02,16.02,16.02,831798715493,0,2024-07-16 12:34:02
2024-07-17 12:00:00,16.0,16.0,16.0,16.0,811953015528,0,2024-07-17 12:34:02
2024-07-18 12:00:00,15.95,15.95,15.95,15.95,788943689619,0,2024-07-18 12:34:02
2024-07-19 12:00:00,15.75,15.75,15.75,15.75,743492044817,0,2024-07-19 12:34:02
2024-07-22 12:00:00,15.32,15.32,15.32,15.32,749388547103,0,2024-07-22 12:34:01
2024-07-23 12:00:00,15.24,15.24,15.24,15.24,623615027870,0,2024-07-23 12:34:01
2024-07-24 12:00:00,15.17,15.17,15.17,15.17,608764178958,0,2024-07-24 12:34:02
2024-07-25 12:00:00,15.1,15.1,15.1,15.1,323643111433,0,2024-07-25 12:34:02
2024-07-26 12:00:00,15.21,15.21,15.21,15.21,514207088246,0,2024-07-26 12:34:01
2024-07-29 12:00:00,17.24,17.24,17.24,17.24,69141935668,0,2024-07-29 12:34:02
2024-07-30 12:00:00,17.1,17.1,17.1,17.1,98371086719,0,2024-07-30 12:34:02
2024-07-31 12:00:00,17.33,17.33,17.33,17.33,135652859283,0,2024-07-31 12:34:02
2024-08-01 12:00:00,17.23,17.23,17.23,17.23,155750528588,0,2024-08-01 12:34:02
2024-08-02 12:00:00,17.15,17.15,17.15,17.15,110514002877,0,2024-08-02 12:34:02
2024-08-05 12:00:00,17.16,17.16,17.16,17.16,81497010321,0,2024-08-05 12:34:02
2024-08-06 12:00:00,17.14,17.14,17.14,17.14,82655245826,0,2024-08-06 12:34:02
2024-08-07 12:00:00,17.26,17.26,17.26,17.26,96332158221,0,2024-08-07 12:34:02
2024-08-08 12:00:00,17.24,17.24,17.24,17.24,95108148209,0,2024-08-08 12:34:02
2024-08-09 12:00:00,17.2,17.2,17.2,17.2,76142336909,0,2024-08-09 12:34:02
2024-08-12 12:00:00,17.17,17.17,17.17,17.17,411518787195,0,2024-08-12 12:34:02
2024-08-13 12:00:00,17.61,17.61,17.61,17.61,622607675286,0,2024-08-13 12:34:02
2024-08-14 12:00:00,17.52,17.52,17.52,17.52,625451646558,0,2024-08-14 12:34:02
2024-08-15 12:00:00,17.42,17.42,17.42,17.42,621201163408,0,2024-08-15 12:34:02
2024-08-16 12:00:00,17.43,17.43,17.43,17.43,666667777230,0,2024-08-16 12:34:01
2024-08-19 12:00:00,17.21,17.21,17.21,17.21,619704054965,0,2024-08-19 12:34:02
2024-08-20 12:00:00,17.24,17.24,17.24,17.24,600974384218,0,2024-08-20 12:34:02
2024-08-21 12:00:00,17.26,17.26,17.26,17.26,542741240186,0,2024-08-21 12:34:02
2024-08-22 12:00:00,17.31,17.31,17.31,17.31,559140733625,0,2024-08-22 12:34:02
2024-08-23 12:00:00,17.66,17.66,17.66,17.66,677585026344,0,2024-08-23 12:34:01
2024-08-26 12:00:00,17.67,17.67,17.67,17.67,581067056659,0,2024-08-26 12:34:02
2024-08-27 12:00:00,17.95,17.95,17.95,17.95,612224522899,0,2024-08-27 12:34:01
2024-08-28 12:00:00,17.73,17.73,17.73,17.73,570699708939,0,2024-08-28 12:34:02
2024-08-29 12:00:00,17.8,17.8,17.8,17.8,624512363438,0,2024-08-29 12:34:02
2024-08-30 12:00:00,18.42,18.42,18.42,18.42,850435329082,0,2024-08-30 12:34:02
2024-09-02 12:00:00,18.28,18.28,18.28,18.28,644888214662,0,2024-09-02 12:34:01
2024-09-03 12:00:00,18.13,18.13,18.13,18.13,793940750126,0,2024-09-03 12:34:02
2024-09-04 12:00:00,18.19,18.19,18.19,18.19,769740726904,0,2024-09-04 12:34:02
2024-09-05 12:00:00,18.18,18.18,18.18,18.18,714098246620,0,2024-09-05 12:34:02
2024-09-06 12:00:00,18.17,18.17,18.17,18.17,609842661208,0,2024-09-06 12:34:01
2024-09-09 12:00:00,17.96,17.96,17.96,17.96,633707779329,0,2024-09-09 12:34:01
2024-09-10 12:00:00,17.52,17.52,17.52,17.52,610682955206,0,2024-09-10 12:34:01
2024-09-11 12:00:00,17.93,17.93,17.93,17.93,655244619834,0,2024-09-11 12:34:01
2024-09-12 12:00:00,18.22,18.22,18.22,18.22,738235260102,0,2024-09-12 12:34:02
2024-09-13 12:00:00,18.33,18.33,18.33,18.33,781240291484,0,2024-09-13 12:34:01
2024-09-16 12:00:00,18.64,18.64,18.64,18.64,639733453837,0,2024-09-16 12:34:02
2024-09-17 12:00:00,18.59,18.59,18.59,18.59,730131803027,0,2024-09-17 12:34:02
2024-09-18 12:00:00,18.51,18.51,18.51,18.51,687679467234,0,2024-09-18 12:34:01
2024-09-19 12:00:00,18.28,18.28,18.28,18.28,603086344571,0,2024-09-19 12:34:02
2024-09-20 12:00:00,18.24,18.24,18.24,18.24,524342344518,0,2024-09-20 12:34:01
2024-09-23 12:00:00,18.18,18.18,18.18,18.18,466867824873,0,2024-09-23 12:59:59
2024-09-24 12:00:00,18.13,18.13,18.13,18.13,397534013752,0,2024-09-24 12:34:02
2024-09-25 12:00:00,18.11,18.11,18.11,18.11,402726340790,0,2024-09-25 12:34:01
2024-09-26 12:00:00,18.13,18.13,18.13,18.13,584748370030,0,2024-09-26 12:34:01
2024-09-27 12:00:00,18.13,18.13,18.13,18.13,576438319429,0,2024-09-27 12:34:02
2024-09-30 12:00:00,18.23,18.23,18.23,18.23,684438147516,0,2024-09-30 12:34:01
2024-10-01 12:00:00,18.19,18.19,18.19,18.19,439654287252,0,2024-10-01 12:34:01
2024-10-02 12:00:00,18.15,18.15,18.15,18.15,479520661964,0,2024-10-02 12:34:02
2024-10-03 12:00:00,18.32,18.32,18.32,18.32,311499490020,0,2024-10-03 12:34:02
2024-10-04 12:00:00,18.27,18.27,18.27,18.27,207653619308,0,2024-10-04 12:34:01
2024-10-07 12:00:00,18.34,18.34,18.34,18.34,253437778504,0,2024-10-07 12:34:01
2024-10-08 12:00:00,18.25,18.25,18.25,18.25,391785375503,0,2024-10-08 12:34:01
2024-10-09 12:00:00,18.29,18.29,18.29,18.29,613701854088,0,2024-10-09 12:34:02
2024-10-10 12:00:00,18.3,18.3,18.3,18.3,506449191137,0,2024-10-10 12:34:01
2024-10-11 12:00:00,18.37,18.37,18.37,18.37,376551408754,0,2024-10-11 12:34:02
2024-10-14 12:00:00,18.52,18.52,18.52,18.52,214131658671,0,2024-10-14 12:34:01
2024-10-15 12:00:00,18.39,18.39,18.39,18.39,270175210008,0,2024-10-15 12:34:02
2024-10-16 12:00:00,18.26,18.26,18.26,18.26,410455525450,0,2024-10-16 12:34:02
2024-10-17 12:00:00,18.35,18.35,18.35,18.35,747679488714,0,2024-10-17 12:34:02
2024-10-18 12:00:00,18.43,18.43,18.43,18.43,825287119211,0,2024-10-18 12:34:02
2024-10-21 12:00:00,18.47,18.47,18.47,18.47,817892500525,0,2024-10-21 12:34:02
2024-10-22 12:00:00,18.45,18.45,18.45,18.45,860573276201,0,2024-10-22 12:34:02
2024-10-23 12:00:00,18.44,18.44,18.44,18.44,911980595549,0,2024-10-23 12:34:02
2024-10-24 12:00:00,18.3,18.3,18.3,18.3,856880320917,0,2024-10-24 12:34:02
2024-10-25 12:00:00,18.27,18.27,18.27,18.27,589429418486,0,2024-10-25 12:34:02
2024-10-28 12:00:00,20.19,20.19,20.19,20.19,246782967163,0,2024-10-28 12:34:01
2024-10-29 12:00:00,20.2,20.2,20.2,20.2,234717389150,0,2024-10-29 12:34:01
2024-10-30 12:00:00,20.42,20.42,20.42,20.42,222313255268,0,2024-10-30 12:34:01
2024-10-31 12:00:00,20.48,20.48,20.48,20.48,263951313499,0,2024-10-31 12:34:01
2024-11-01 12:00:00,20.37,20.37,20.37,20.37,209373761864,0,2024-11-01 12:34:01
2024-11-05 12:00:00,20.35,20.35,20.35,20.35,222918088291,0,2024-11-05 12:34:02
2024-11-06 12:00:00,20.31,20.31,20.31,20.31,242699379487,0,2024-11-06 12:34:01
2024-11-07 12:00:00,20.27,20.27,20.27,20.27,101251234796,0,2024-11-07 12:34:01
2024-11-08 12:00:00,20.45,20.45,20.45,20.45,281356107823,0,2024-11-08 12:34:01
2024-11-11 12:00:00,20.62,20.62,20.62,20.62,270167317157,0,2024-11-11 12:34:01
2024-11-12 12:00:00,20.76,20.76,20.76,20.76,909808484992,0,2024-11-12 12:34:01
2024-11-13 12:00:00,20.24,20.24,20.24,20.24,741785934845,0,2024-11-13 12:34:01
2024-11-14 12:00:00,20.24,20.24,20.24,20.24,701693339966,0,2024-11-14 12:34:01
2024-11-15 12:00:00,20.22,20.22,20.22,20.22,746481056665,0,2024-11-15 12:34:02
2024-11-18 12:00:00,20.21,20.21,20.21,20.21,649443206660,0,2024-11-18 12:34:01
2024-11-19 12:00:00,20.24,20.24,20.24,20.24,709526419879,0,2024-11-19 12:34:01
2024-11-20 12:00:00,20.3,20.3,20.3,20.3,751087008327,0,2024-11-20 12:34:01
2024-11-21 12:00:00,20.24,20.24,20.24,20.24,655018794413,0,2024-11-21 12:34:02
2024-11-22 12:00:00,20.19,20.19,20.19,20.19,673357637632,0,2024-11-22 12:34:02
2024-11-25 12:00:00,20.37,20.37,20.37,20.37,206201113821,0,2024-11-25 12:34:02
2024-11-26 12:00:00,20.37,20.37,20.37,20.37,180517551174,0,2024-11-26 12:34:02
2024-11-27 12:00:00,20.43,20.43,20.43,20.43,272679289942,0,2024-11-27 12:34:02
2024-11-28 12:00:00,20.4,20.4,20.4,20.4,495807758297,0,2024-11-28 12:34:02
2024-11-29 12:00:00,20.39,20.39,20.39,20.39,792656747743,0,2024-11-29 12:34:02
2024-12-02 12:00:00,20.5,20.5,20.5,20.5,807818877475,0,2024-12-02 12:34:02
2024-12-03 12:00:00,20.95,20.95,20.95,20.95,911460742595,0,2024-12-03 12:34:02
2024-12-04 12:00:00,20.76,20.76,20.76,20.76,928289211982,0,2024-12-04 12:34:02
2024-12-05 12:00:00,20.55,20.55,20.55,20.55,834964626255,0,2024-12-05 12:34:02
2024-12-06 12:00:00,20.52,20.52,20.52,20.52,860221580959,0,2024-12-06 12:34:02
2024-12-09 12:00:00,20.29,20.29,20.29,20.29,688402997670,0,2024-12-09 12:34:01
2024-12-10 12:00:00,20.3,20.3,20.3,20.3,854449786373,0,2024-12-10 12:34:02
2024-12-11 12:00:00,20.81,20.81,20.81,20.81,949203842448,0,2024-12-11 12:34:02
2024-12-12 12:00:00,21.41,21.41,21.41,21.41,982737395917,0,2024-12-12 12:34:02
2024-12-13 12:00:00,21.85,21.85,21.85,21.85,1075787424491,0,2024-12-13 12:34:01
2024-12-16 12:00:00,21.84,21.84,21.84,21.84,1146680721544,0,2024-12-16 12:34:02
2024-12-17 12:00:00,21.75,21.75,21.75,21.75,995936559967,0,2024-12-17 12:34:01
2024-12-18 12:00:00,21.66,21.66,21.66,21.66,961023005201,0,2024-12-18 12:34:01
2024-12-19 12:00:00,21.46,21.46,21.46,21.46,952070354354,0,2024-12-19 12:34:02
2024-12-20 12:00:00,21.57,21.57,21.57,21.57,953782437938,0,2024-12-20 12:34:02
2024-12-24 12:00:00,20.25,20.25,20.25,20.25,335593955845,0,2024-12-24 12:34:02
2024-12-25 12:00:00,20.32,20.32,20.32,20.32,181242664751,0,2024-12-25 12:34:02
2024-12-26 12:00:00,20.47,20.47,20.47,20.47,127261913725,0,2024-12-26 12:34:02
2024-12-27 12:00:00,20.43,20.43,20.43,20.43,52639736942,0,2024-12-27 12:34:02
