begin,open,close,high,low,value,volume,end
2014-01-06,5.76,5.76,5.76,5.76,0,0,2014-01-06 23:59:59
2014-01-08,5.46,5.46,5.46,5.46,0,0,2014-01-08 23:59:59
2014-01-09,5.85,5.85,5.85,5.85,0,0,2014-01-09 23:59:59
2014-01-10,5.71,5.71,5.71,5.71,0,0,2014-01-10 23:59:59
2014-01-13,6.13,6.13,6.13,6.13,0,0,2014-01-13 23:59:59
2014-01-14,6.1,6.1,6.1,6.1,0,0,2014-01-14 23:59:59
2014-01-15,6.01,6.01,6.01,6.01,0,0,2014-01-15 23:59:59
2014-01-16,5.9,5.9,5.9,5.9,0,0,2014-01-16 23:59:59
2014-01-17,5.94,5.94,5.94,5.94,0,0,2014-01-17 23:59:59
2014-01-20,5.98,5.98,5.98,5.98,0,0,2014-01-20 23:59:59
2014-01-21,5.97,5.97,5.97,5.97,0,0,2014-01-21 23:59:59
2014-01-22,6.07,6.07,6.07,6.07,0,0,2014-01-22 23:59:59
2014-01-23,6.09,6.09,6.09,6.09,0,0,2014-01-23 23:59:59
2014-01-24,6.05,6.05,6.05,6.05,0,0,2014-01-24 23:59:59
2014-01-27,6.01,6.01,6.01,6.01,0,0,2014-01-27 23:59:59
2014-01-28,5.96,5.96,5.96,5.96,0,0,2014-01-28 23:59:59
2014-01-29,6.0,6.0,6.0,6.0,0,0,2014-01-29 23:59:59
2014-01-30,5.98,5.98,5.98,5.98,0,0,2014-01-30 23:59:59
2014-01-31,5.88,5.88,5.88,5.88,0,0,2014-01-31 23:59:59
2014-02-03,6.01,6.01,6.01,6.01,0,0,2014-02-03 23:59:59
2014-02-04,6.06,6.06,6.06,6.06,0,0,2014-02-04 23:59:59
2014-02-05,5.81,5.81,5.81,5.81,0,0,2014-02-05 23:59:59
2014-02-06,5.82,5.82,5.82,5.82,0,0,2014-02-06 23:59:59
2014-02-07,5.33,5.33,5.33,5.33,0,0,2014-02-07 23:59:59
2014-02-10,5.67,5.67,5.67,5.67,0,0,2014-02-10 23:59:59
2014-02-11,5.87,5.87,5.87,5.87,0,0,2014-02-11 23:59:59
2014-02-12,5.92,5.92,5.92,5.92,0,0,2014-02-12 23:59:59
2014-02-13,5.83,5.83,5.83,5.83,0,0,2014-02-13 23:59:59
2014-02-14,5.82,5.82,5.82,5.82,0,0,2014-02-14 23:59:59
2014-02-17,5.93,5.93,5.93,5.93,0,0,2014-02-17 23:59:59
2014-02-18,5.97,5.97,5.97,5.97,0,0,2014-02-18 23:59:59
2014-02-19,5.86,5.86,5.86,5.86,0,0,2014-02-19 23:59:59
2014-02-20,5.97,5.97,5.97,5.97,0,0,2014-02-20 23:59:59
2014-02-21,5.99,5.99,5.99,5.99,0,0,2014-02-21 23:59:59
2014-02-24,5.99,5.99,5.99,5.99,0,0,2014-02-24 23:59:59
2014-02-25,6.01,6.01,6.01,6.01,0,0,2014-02-25 23:59:59
2014-02-26,6.01,6.01,6.01,6.01,0,0,2014-02-26 23:59:59
2014-02-27,5.95,5.95,5.95,5.95,0,0,2014-02-27 23:59:59
2014-02-28,5.82,5.82,5.82,5.82,0,0,2014-02-28 23:59:59
2014-03-03,6.41,6.41,6.41,6.41,0,0,2014-03-03 23:59:59
2014-03-04,6.57,6.57,6.57,6.57,0,0,2014-03-04 23:59:59
2014-03-05,7.15,7.15,7.15,7.15,0,0,2014-03-05 23:59:59
2014-03-06,7.22,7.22,7.22,7.22,0,0,2014-03-06 23:59:59
2014-03-07,7.17,7.17,7.17,7.17,0,0,2014-03-07 23:59:59
2014-03-11,7.14,7.14,7.14,7.14,0,0,2014-03-11 23:59:59
2014-03-12,7.24,7.24,7.24,7.24,0,0,2014-03-12 23:59:59
2014-03-13,7.05,7.05,7.05,7.05,0,0,2014-03-13 23:59:59
2014-03-14,7.26,7.26,7.26,7.26,0,0,2014-03-14 23:59:59
2014-03-17,7.16,7.16,7.16,7.16,0,0,2014-03-17 23:59:59
2014-03-18,7.17,7.17,7.17,7.17,0,0,2014-03-18 23:59:59
2014-03-19,7.28,7.28,7.28,7.28,0,0,2014-03-19 23:59:59
2014-03-20,7.32,7.32,7.32,7.32,0,0,2014-03-20 23:59:59
2014-03-21,7.34,7.34,7.34,7.34,0,0,2014-03-21 23:59:59
2014-03-24,7.33,7.33,7.33,7.33,0,0,2014-03-24 23:59:59
2014-03-25,7.31,7.31,7.31,7.31,0,0,2014-03-25 23:59:59
2014-03-26,7.36,7.36,7.36,7.36,0,0,2014-03-26 23:59:59
2014-03-27,7.4,7.4,7.4,7.4,0,0,2014-03-27 23:59:59
2014-03-28,7.37,7.37,7.37,7.37,0,0,2014-03-28 23:59:59
2014-03-31,7.26,7.26,7.26,7.26,0,0,2014-03-31 23:59:59
2014-04-01,7.38,7.38,7.38,7.38,0,0,2014-04-01 23:59:59
2014-04-02,7.39,7.39,7.39,7.39,0,0,2014-04-02 23:59:59
2014-04-03,7.36,7.36,7.36,7.36,0,0,2014-04-03 23:59:59
2014-04-04,7.33,7.33,7.33,7.33,0,0,2014-04-04 23:59:59
2014-04-07,7.32,7.32,7.32,7.32,0,0,2014-04-07 23:59:59
2014-04-08,7.29,7.29,7.29,7.29,0,0,2014-04-08 23:59:59
2014-04-09,7.06,7.06,7.06,7.06,0,0,2014-04-09 23:59:59
2014-04-10,7.02,7.02,7.02,7.02,0,0,2014-04-10 23:59:59
2014-04-11,7.16,7.16,7.16,7.16,0,0,2014-04-11 23:59:59
2014-04-14,7.23,7.23,7.23,7.23,0,0,2014-04-14 23:59:59
2014-04-15,7.32,7.32,7.32,7.32,0,0,2014-04-15 23:59:59
2014-04-16,7.42,7.42,7.42,7.42,0,0,2014-04-16 23:59:59
2014-04-17,7.57,7.57,7.57,7.57,0,0,2014-04-17 23:59:59
2014-04-18,7.61,7.61,7.61,7.61,0,0,2014-04-18 23:59:59
2014-04-21,7.58,7.58,7.58,7.58,0,0,2014-04-21 23:59:59
2014-04-22,7.44,7.44,7.44,7.44,0,0,2014-04-22 23:59:59
2014-04-23,7.46,7.46,7.46,7.46,0,0,2014-04-23 23:59:59
2014-04-24,7.49,7.49,7.49,7.49,0,0,2014-04-24 23:59:59
2014-04-25,7.54,7.54,7.54,7.54,0,0,2014-04-25 23:59:59
2014-04-28,7.64,7.64,7.64,7.64,0,0,2014-04-28 23:59:59
2014-04-29,7.66,7.66,7.66,7.66,0,0,2014-04-29 23:59:59
2014-04-30,7.89,7.89,7.89,7.89,0,0,2014-04-30 23:59:59
2014-05-02,7.46,7.46,7.46,7.46,0,0,2014-05-02 23:59:59
2014-05-05,7.98,7.98,7.98,7.98,0,0,2014-05-05 23:59:59
2014-05-06,7.99,7.99,7.99,7.99,0,0,2014-05-06 23:59:59
2014-05-07,7.92,7.92,7.92,7.92,0,0,2014-05-07 23:59:59
2014-05-08,7.63,7.63,7.63,7.63,0,0,2014-05-08 23:59:59
2014-05-12,7.67,7.67,7.67,7.67,0,0,2014-05-12 23:59:59
2014-05-13,7.66,7.66,7.66,7.66,0,0,2014-05-13 23:59:59
2014-05-14,7.7,7.7,7.7,7.7,0,0,2014-05-14 23:59:59
2014-05-15,7.69,7.69,7.69,7.69,0,0,2014-05-15 23:59:59
2014-05-16,7.62,7.62,7.62,7.62,0,0,2014-05-16 23:59:59
2014-05-19,7.68,7.68,7.68,7.68,0,0,2014-05-19 23:59:59
2014-05-20,7.68,7.68,7.68,7.68,0,0,2014-05-20 23:59:59
2014-05-21,7.83,7.83,7.83,7.83,0,0,2014-05-21 23:59:59
2014-05-22,7.81,7.81,7.81,7.81,0,0,2014-05-22 23:59:59
2014-05-23,7.82,7.82,7.82,7.82,0,0,2014-05-23 23:59:59
2014-05-26,7.74,7.74,7.74,7.74,0,0,2014-05-26 23:59:59
2014-05-27,7.79,7.79,7.79,7.79,0,0,2014-05-27 23:59:59
2014-05-28,7.77,7.77,7.77,7.77,0,0,2014-05-28 23:59:59
2014-05-29,7.76,7.76,7.76,7.76,0,0,2014-05-29 23:59:59
2014-05-30,7.73,7.73,7.73,7.73,0,0,2014-05-30 23:59:59
2014-06-02,7.75,7.75,7.75,7.75,0,0,2014-06-02 23:59:59
2014-06-03,7.68,7.68,7.68,7.68,0,0,2014-06-03 23:59:59
2014-06-04,7.51,7.51,7.51,7.51,0,0,2014-06-04 23:59:59
2014-06-05,7.61,7.61,7.61,7.61,0,0,2014-06-05 23:59:59
2014-06-06,7.56,7.56,7.56,7.56,0,0,2014-06-06 23:59:59
2014-06-09,7.58,7.58,7.58,7.58,0,0,2014-06-09 23:59:59
2014-06-10,7.66,7.66,7.66,7.66,0,0,2014-06-10 23:59:59
2014-06-11,7.54,7.54,7.54,7.54,0,0,2014-06-11 23:59:59
2014-06-16,7.54,7.54,7.54,7.54,0,0,2014-06-16 23:59:59
2014-06-17,7.64,7.64,7.64,7.64,0,0,2014-06-17 23:59:59
2014-06-18,7.77,7.77,7.77,7.77,0,0,2014-06-18 23:59:59
2014-06-19,7.71,7.71,7.71,7.71,0,0,2014-06-19 23:59:59
2014-06-20,7.5,7.5,7.5,7.5,0,0,2014-06-20 23:59:59
2014-06-23,7.76,7.76,7.76,7.76,0,0,2014-06-23 23:59:59
2014-06-24,7.79,7.79,7.79,7.79,0,0,2014-06-24 23:59:59
2014-06-25,7.8,7.8,7.8,7.8,0,0,2014-06-25 23:59:59
2014-06-26,7.82,7.82,7.82,7.82,0,0,2014-06-26 23:59:59
2014-06-27,7.62,7.62,7.62,7.62,0,0,2014-06-27 23:59:59
2014-06-30,7.64,7.64,7.64,7.64,0,0,2014-06-30 23:59:59
2014-07-01,7.68,7.68,7.68,7.68,0,0,2014-07-01 23:59:59
2014-07-02,7.74,7.74,7.74,7.74,0,0,2014-07-02 23:59:59
2014-07-03,7.7,7.7,7.7,7.7,0,0,2014-07-03 23:59:59
2014-07-04,7.49,7.49,7.49,7.49,0,0,2014-07-04 23:59:59
2014-07-07,7.6,7.6,7.6,7.6,0,0,2014-07-07 23:59:59
2014-07-08,7.64,7.64,7.64,7.64,0,0,2014-07-08 23:59:59
2014-07-09,7.54,7.54,7.54,7.54,0,0,2014-07-09 23:59:59
2014-07-10,7.5,7.5,7.5,7.5,0,0,2014-07-10 23:59:59
2014-07-11,7.66,7.66,7.66,7.66,0,0,2014-07-11 23:59:59
2014-07-14,7.78,7.78,7.78,7.78,0,0,2014-07-14 23:59:59
2014-07-15,7.77,7.77,7.77,7.77,0,0,2014-07-15 23:59:59
2014-07-16,7.74,7.74,7.74,7.74,0,0,2014-07-16 23:59:59
2014-07-17,7.72,7.72,7.72,7.72,0,0,2014-07-17 23:59:59
2014-07-18,7.63,7.63,7.63,7.63,0,0,2014-07-18 23:59:59
2014-07-21,7.71,7.71,7.71,7.71,0,0,2014-07-21 23:59:59
2014-07-22,7.63,7.63,7.63,7.63,0,0,2014-07-22 23:59:59
2014-07-23,7.76,7.76,7.76,7.76,0,0,2014-07-23 23:59:59
2014-07-24,7.78,7.78,7.78,7.78,0,0,2014-07-24 23:59:59
2014-07-25,7.86,7.86,7.86,7.86,0,0,2014-07-25 23:59:59
2014-07-28,8.02,8.02,8.02,8.02,0,0,2014-07-28 23:59:59
2014-07-29,7.95,7.95,7.95,7.95,0,0,2014-07-29 23:59:59
2014-07-30,8.17,8.17,8.17,8.17,0,0,2014-07-30 23:59:59
2014-07-31,8.01,8.01,8.01,8.01,0,0,2014-07-31 23:59:59
2014-08-01,8.04,8.04,8.04,8.04,0,0,2014-08-01 23:59:59
2014-08-04,7.83,7.83,7.83,7.83,0,0,2014-08-04 23:59:59
2014-08-05,7.85,7.85,7.85,7.85,0,0,2014-08-05 23:59:59
2014-08-06,8.02,8.02,8.02,8.02,0,0,2014-08-06 23:59:59
2014-08-07,7.95,7.95,7.95,7.95,0,0,2014-08-07 23:59:59
2014-08-08,7.9,7.9,7.9,7.9,0,0,2014-08-08 23:59:59
2014-08-11,8.07,8.07,8.07,8.07,0,0,2014-08-11 23:59:59
2014-08-12,8.18,8.18,8.18,8.18,0,0,2014-08-12 23:59:59
2014-08-13,8.03,8.03,8.03,8.03,0,0,2014-08-13 23:59:59
2014-08-14,7.73,7.73,7.73,7.73,0,0,2014-08-14 23:59:59
2014-08-15,7.6,7.6,7.6,7.6,0,0,2014-08-15 23:59:59
2014-08-18,7.6,7.6,7.6,7.6,0,0,2014-08-18 23:59:59
2014-08-19,8.03,8.03,8.03,8.03,0,0,2014-08-19 23:59:59
2014-08-20,8.03,8.03,8.03,8.03,0,0,2014-08-20 23:59:59
2014-08-21,7.92,7.92,7.92,7.92,0,0,2014-08-21 23:59:59
2014-08-22,7.92,7.92,7.92,7.92,0,0,2014-08-22 23:59:59
2014-08-25,8.04,8.04,8.04,8.04,0,0,2014-08-25 23:59:59
2014-08-26,8.06,8.06,8.06,8.06,0,0,2014-08-26 23:59:59
2014-08-27,8.18,8.18,8.18,8.18,0,0,2014-08-27 23:59:59
2014-08-28,7.98,7.98,7.98,7.98,0,0,2014-08-28 23:59:59
2014-08-29,7.65,7.65,7.65,7.65,0,0,2014-08-29 23:59:59
2014-09-01,7.72,7.72,7.72,7.72,0,0,2014-09-01 23:59:59
2014-09-02,7.83,7.83,7.83,7.83,0,0,2014-09-02 23:59:59
2014-09-03,7.75,7.75,7.75,7.75,0,0,2014-09-03 23:59:59
2014-09-04,7.66,7.66,7.66,7.66,0,0,2014-09-04 23:59:59
2014-09-05,7.53,7.53,7.53,7.53,0,0,2014-09-05 23:59:59
2014-09-08,7.25,7.25,7.25,7.25,0,0,2014-09-08 23:59:59
2014-09-09,7.58,7.58,7.58,7.58,0,0,2014-09-09 23:59:59
2014-09-10,7.73,7.73,7.73,7.73,0,0,2014-09-10 23:59:59
2014-09-11,7.87,7.87,7.87,7.87,0,0,2014-09-11 23:59:59
2014-09-12,7.99,7.99,7.99,7.99,0,0,2014-09-12 23:59:59
2014-09-15,7.98,7.98,7.98,7.98,0,0,2014-09-15 23:59:59
2014-09-16,8.09,8.09,8.09,8.09,0,0,2014-09-16 23:59:59
2014-09-17,8.35,8.35,8.35,8.35,0,0,2014-09-17 23:59:59
2014-09-18,8.49,8.49,8.49,8.49,0,0,2014-09-18 23:59:59
2014-09-19,8.24,8.24,8.24,8.24,0,0,2014-09-19 23:59:59
2014-09-22,8.16,8.16,8.16,8.16,0,0,2014-09-22 23:59:59
2014-09-23,8.14,8.14,8.14,8.14,0,0,2014-09-23 23:59:59
2014-09-24,8.08,8.08,8.08,8.08,0,0,2014-09-24 23:59:59
2014-09-25,8.0,8.0,8.0,8.0,0,0,2014-09-25 23:59:59
2014-09-26,8.05,8.05,8.05,8.05,0,0,2014-09-26 23:59:59
2014-09-29,8.1,8.1,8.1,8.1,0,0,2014-09-29 23:59:59
2014-09-30,7.96,7.96,7.96,7.96,0,0,2014-09-30 23:59:59
2014-10-01,7.93,7.93,7.93,7.93,0,0,2014-10-01 23:59:59
2014-10-02,7.96,7.96,7.96,7.96,0,0,2014-10-02 23:59:59
2014-10-03,7.74,7.74,7.74,7.74,0,0,2014-10-03 23:59:59
2014-10-06,7.56,7.56,7.56,7.56,0,0,2014-10-06 23:59:59
2014-10-07,7.53,7.53,7.53,7.53,0,0,2014-10-07 23:59:59
2014-10-08,7.55,7.55,7.55,7.55,0,0,2014-10-08 23:59:59
2014-10-09,7.62,7.62,7.62,7.62,0,0,2014-10-09 23:59:59
2014-10-10,7.8,7.8,7.8,7.8,0,0,2014-10-10 23:59:59
2014-10-13,7.99,7.99,7.99,7.99,0,0,2014-10-13 23:59:59
2014-10-14,8.22,8.22,8.22,8.22,0,0,2014-10-14 23:59:59
2014-10-15,8.45,8.45,8.45,8.45,0,0,2014-10-15 23:59:59
2014-10-16,8.49,8.49,8.49,8.49,0,0,2014-10-16 23:59:59
2014-10-17,8.25,8.25,8.25,8.25,0,0,2014-10-17 23:59:59
2014-10-20,8.2,8.2,8.2,8.2,0,0,2014-10-20 23:59:59
2014-10-21,8.38,8.38,8.38,8.38,0,0,2014-10-21 23:59:59
2014-10-22,8.35,8.35,8.35,8.35,0,0,2014-10-22 23:59:59
2014-10-23,8.3,8.3,8.3,8.3,0,0,2014-10-23 23:59:59
2014-10-24,8.27,8.27,8.27,8.27,0,0,2014-10-24 23:59:59
2014-10-27,8.16,8.16,8.16,8.16,0,0,2014-10-27 23:59:59
2014-10-28,8.11,8.11,8.11,8.11,0,0,2014-10-28 23:59:59
2014-10-29,8.15,8.15,8.15,8.15,0,0,2014-10-29 23:59:59
2014-10-30,8.3,8.3,8.3,8.3,0,0,2014-10-30 23:59:59
2014-10-31,8.17,8.17,8.17,8.17,0,0,2014-10-31 23:59:59
2014-11-03,8.32,8.32,8.32,8.32,0,0,2014-11-03 23:59:59
2014-11-05,9.04,9.04,9.04,9.04,0,0,2014-11-05 23:59:59
2014-11-06,9.25,9.25,9.25,9.25,0,0,2014-11-06 23:59:59
2014-11-07,9.18,9.18,9.18,9.18,0,0,2014-11-07 23:59:59
2014-11-10,9.07,9.07,9.07,9.07,0,0,2014-11-10 23:59:59
2014-11-11,9.07,9.07,9.07,9.07,0,0,2014-11-11 23:59:59
2014-11-12,9.66,9.66,9.66,9.66,0,0,2014-11-12 23:59:59
2014-11-13,9.65,9.65,9.65,9.65,0,0,2014-11-13 23:59:59
2014-11-14,9.56,9.56,9.56,9.56,0,0,2014-11-14 23:59:59
2014-11-17,9.67,9.67,9.67,9.67,0,0,2014-11-17 23:59:59
2014-11-18,9.51,9.51,9.51,9.51,0,0,2014-11-18 23:59:59
2014-11-19,9.87,9.87,9.87,9.87,0,0,2014-11-19 23:59:59
2014-11-20,10.04,10.04,10.04,10.04,0,0,2014-11-20 23:59:59
2014-11-21,10.06,10.06,10.06,10.06,0,0,2014-11-21 23:59:59
2014-11-24,10.18,10.18,10.18,10.18,0,0,2014-11-24 23:59:59
2014-11-25,10.13,10.13,10.13,10.13,0,0,2014-11-25 23:59:59
2014-11-26,10.23,10.23,10.23,10.23,0,0,2014-11-26 23:59:59
2014-11-27,10.27,10.27,10.27,10.27,0,0,2014-11-27 23:59:59
2014-11-28,10.12,10.12,10.12,10.12,0,0,2014-11-28 23:59:59
2014-12-01,10.11,10.11,10.11,10.11,0,0,2014-12-01 23:59:59
2014-12-02,9.97,9.97,9.97,9.97,0,0,2014-12-02 23:59:59
2014-12-03,9.78,9.78,9.78,9.78,0,0,2014-12-03 23:59:59
2014-12-04,9.64,9.64,9.64,9.64,0,0,2014-12-04 23:59:59
2014-12-05,9.65,9.65,9.65,9.65,0,0,2014-12-05 23:59:59
2014-12-08,9.7,9.7,9.7,9.7,0,0,2014-12-08 23:59:59
2014-12-09,9.73,9.73,9.73,9.73,0,0,2014-12-09 23:59:59
2014-12-10,9.54,9.54,9.54,9.54,0,0,2014-12-10 23:59:59
2014-12-11,9.8,9.8,9.8,9.8,0,0,2014-12-11 23:59:59
2014-12-12,10.65,10.65,10.65,10.65,0,0,2014-12-12 23:59:59
2014-12-15,10.57,10.57,10.57,10.57,0,0,2014-12-15 23:59:59
2014-12-16,16.22,16.22,16.22,16.22,0,0,2014-12-16 23:59:59
2014-12-17,17.05,17.05,17.05,17.05,0,0,2014-12-17 23:59:59
2014-12-18,17.41,17.41,17.41,17.41,0,0,2014-12-18 23:59:59
2014-12-19,17.36,17.36,17.36,17.36,0,0,2014-12-19 23:59:59
2014-12-22,17.32,17.32,17.32,17.32,0,0,2014-12-22 23:59:59
2014-12-23,16.63,16.63,16.63,16.63,0,0,2014-12-23 23:59:59
2014-12-24,16.53,16.53,16.53,16.53,0,0,2014-12-24 23:59:59
2014-12-25,16.5,16.5,16.5,16.5,0,0,2014-12-25 23:59:59
2014-12-26,16.75,16.75,16.75,16.75,0,0,2014-12-26 23:59:59
2014-12-29,16.97,16.97,16.97,16.97,0,0,2014-12-29 23:59:59
2014-12-30,16.13,16.13,16.13,16.13,0,0,2014-12-30 23:59:59
2015-01-05,16.13,16.13,16.13,16.13,0,0,2015-01-05 23:59:59
2015-01-06,16.13,16.13,16.13,16.13,0,0,2015-01-06 23:59:59
2015-01-08,16.13,16.13,16.13,16.13,0,0,2015-01-08 23:59:59
2015-01-09,16.13,16.13,16.13,16.13,0,0,2015-01-09 23:59:59
2015-01-12,17.04,17.04,17.04,17.04,0,0,2015-01-12 23:59:59
2015-01-13,16.5,16.5,16.5,16.5,0,0,2015-01-13 23:59:59
2015-01-14,16.91,16.91,16.91,16.91,0,0,2015-01-14 23:59:59
2015-01-15,16.5,16.5,16.5,16.5,0,0,2015-01-15 23:59:59
2015-01-16,16.48,16.48,16.48,16.48,0,0,2015-01-16 23:59:59
2015-01-19,16.47,16.47,16.47,16.47,0,0,2015-01-19 23:59:59
2015-01-20,16.42,16.42,16.42,16.42,0,0,2015-01-20 23:59:59
2015-01-21,16.57,16.57,16.57,16.57,0,0,2015-01-21 23:59:59
2015-01-22,16.89,16.89,16.89,16.89,0,0,2015-01-22 23:59:59
2015-01-23,16.76,16.76,16.76,16.76,0,0,2015-01-23 23:59:59
2015-01-26,16.8,16.8,16.8,16.8,0,0,2015-01-26 23:59:59
2015-01-27,16.88,16.88,16.88,16.88,0,0,2015-01-27 23:59:59
2015-01-28,16.67,16.67,16.67,16.67,0,0,2015-01-28 23:59:59
2015-01-29,16.65,16.65,16.65,16.65,0,0,2015-01-29 23:59:59
2015-01-30,16.45,16.45,16.45,16.45,0,0,2015-01-30 23:59:59
2015-02-02,14.6,14.6,14.6,14.6,0,0,2015-02-02 23:59:59
2015-02-03,14.5,14.5,14.5,14.5,0,0,2015-02-03 23:59:59
2015-02-04,14.58,14.58,14.58,14.58,0,0,2015-02-04 23:59:59
2015-02-05,14.47,14.47,14.47,14.47,0,0,2015-02-05 23:59:59
2015-02-06,14.34,14.34,14.34,14.34,0,0,2015-02-06 23:59:59
2015-02-09,14.38,14.38,14.38,14.38,0,0,2015-02-09 23:59:59
2015-02-10,14.7,14.7,14.7,14.7,0,0,2015-02-10 23:59:59
2015-02-11,15.01,15.01,15.01,15.01,0,0,2015-02-11 23:59:59
2015-02-12,14.91,14.91,14.91,14.91,0,0,2015-02-12 23:59:59
2015-02-13,14.87,14.87,14.87,14.87,0,0,2015-02-13 23:59:59
2015-02-16,14.93,14.93,14.93,14.93,0,0,2015-02-16 23:59:59
2015-02-17,14.89,14.89,14.89,14.89,0,0,2015-02-17 23:59:59
2015-02-18,14.93,14.93,14.93,14.93,0,0,2015-02-18 23:59:59
2015-02-19,14.96,14.96,14.96,14.96,0,0,2015-02-19 23:59:59
2015-02-20,14.89,14.89,14.89,14.89,0,0,2015-02-20 23:59:59
2015-02-24,14.85,14.85,14.85,14.85,0,0,2015-02-24 23:59:59
2015-02-25,14.93,14.93,14.93,14.93,0,0,2015-02-25 23:59:59
2015-02-26,15.21,15.21,15.21,15.21,0,0,2015-02-26 23:59:59
2015-02-27,15.15,15.15,15.15,15.15,0,0,2015-02-27 23:59:59
2015-03-02,15.2,15.2,15.2,15.2,0,0,2015-03-02 23:59:59
2015-03-03,15.26,15.26,15.26,15.26,0,0,2015-03-03 23:59:59
2015-03-04,15.4,15.4,15.4,15.4,0,0,2015-03-04 23:59:59
2015-03-05,15.36,15.36,15.36,15.36,0,0,2015-03-05 23:59:59
2015-03-06,15.37,15.37,15.37,15.37,0,0,2015-03-06 23:59:59
2015-03-10,15.14,15.14,15.14,15.14,0,0,2015-03-10 23:59:59
2015-03-11,15.29,15.29,15.29,15.29,0,0,2015-03-11 23:59:59
2015-03-12,15.12,15.12,15.12,15.12,0,0,2015-03-12 23:59:59
2015-03-13,14.5,14.5,14.5,14.5,0,0,2015-03-13 23:59:59
2015-03-16,13.98,13.98,13.98,13.98,0,0,2015-03-16 23:59:59
2015-03-17,14.16,14.16,14.16,14.16,0,0,2015-03-17 23:59:59
2015-03-18,14.24,14.24,14.24,14.24,0,0,2015-03-18 23:59:59
2015-03-19,14.4,14.4,14.4,14.4,0,0,2015-03-19 23:59:59
2015-03-20,14.34,14.34,14.34,14.34,0,0,2015-03-20 23:59:59
2015-03-23,14.33,14.33,14.33,14.33,0,0,2015-03-23 23:59:59
2015-03-24,14.3,14.3,14.3,14.3,0,0,2015-03-24 23:59:59
2015-03-25,14.31,14.31,14.31,14.31,0,0,2015-03-25 23:59:59
2015-03-26,14.41,14.41,14.41,14.41,0,0,2015-03-26 23:59:59
2015-03-27,14.41,14.41,14.41,14.41,0,0,2015-03-27 23:59:59
2015-03-30,14.25,14.25,14.25,14.25,0,0,2015-03-30 23:59:59
2015-03-31,14.12,14.12,14.12,14.12,0,0,2015-03-31 23:59:59
2015-04-01,14.22,14.22,14.22,14.22,0,0,2015-04-01 23:59:59
2015-04-02,14.19,14.19,14.19,14.19,0,0,2015-04-02 23:59:59
2015-04-03,14.11,14.11,14.11,14.11,0,0,2015-04-03 23:59:59
2015-04-06,14.1,14.1,14.1,14.1,0,0,2015-04-06 23:59:59
2015-04-07,13.96,13.96,13.96,13.96,0,0,2015-04-07 23:59:59
2015-04-08,13.85,13.85,13.85,13.85,0,0,2015-04-08 23:59:59
2015-04-09,13.72,13.72,13.72,13.72,0,0,2015-04-09 23:59:59
2015-04-10,13.67,13.67,13.67,13.67,0,0,2015-04-10 23:59:59
2015-04-13,13.99,13.99,13.99,13.99,0,0,2015-04-13 23:59:59
2015-04-14,14.1,14.1,14.1,14.1,0,0,2015-04-14 23:59:59
2015-04-15,14.18,14.18,14.18,14.18,0,0,2015-04-15 23:59:59
2015-04-16,14.41,14.41,14.41,14.41,0,0,2015-04-16 23:59:59
2015-04-17,14.36,14.36,14.36,14.36,0,0,2015-04-17 23:59:59
2015-04-20,14.18,14.18,14.18,14.18,0,0,2015-04-20 23:59:59
2015-04-21,14.17,14.17,14.17,14.17,0,0,2015-04-21 23:59:59
2015-04-22,14.31,14.31,14.31,14.31,0,0,2015-04-22 23:59:59
2015-04-23,14.12,14.12,14.12,14.12,0,0,2015-04-23 23:59:59
2015-04-24,13.8,13.8,13.8,13.8,0,0,2015-04-24 23:59:59
2015-04-27,13.91,13.91,13.91,13.91,0,0,2015-04-27 23:59:59
2015-04-28,14.16,14.16,14.16,14.16,0,0,2015-04-28 23:59:59
2015-04-29,13.91,13.91,13.91,13.91,0,0,2015-04-29 23:59:59
2015-04-30,13.96,13.96,13.96,13.96,0,0,2015-04-30 23:59:59
2015-05-05,12.74,12.74,12.74,12.74,0,0,2015-05-05 23:59:59
2015-05-06,12.54,12.54,12.54,12.54,0,0,2015-05-06 23:59:59
2015-05-07,12.51,12.51,12.51,12.51,0,0,2015-05-07 23:59:59
2015-05-08,11.93,11.93,11.93,11.93,0,0,2015-05-08 23:59:59
2015-05-12,12.06,12.06,12.06,12.06,0,0,2015-05-12 23:59:59
2015-05-13,12.49,12.49,12.49,12.49,0,0,2015-05-13 23:59:59
2015-05-14,12.73,12.73,12.73,12.73,0,0,2015-05-14 23:59:59
2015-05-15,12.82,12.82,12.82,12.82,0,0,2015-05-15 23:59:59
2015-05-18,12.94,12.94,12.94,12.94,0,0,2015-05-18 23:59:59
2015-05-19,12.94,12.94,12.94,12.94,0,0,2015-05-19 23:59:59
2015-05-20,12.64,12.64,12.64,12.64,0,0,2015-05-20 23:59:59
2015-05-21,12.23,12.23,12.23,12.23,0,0,2015-05-21 23:59:59
2015-05-22,12.17,12.17,12.17,12.17,0,0,2015-05-22 23:59:59
2015-05-25,12.38,12.38,12.38,12.38,0,0,2015-05-25 23:59:59
2015-05-26,12.6,12.6,12.6,12.6,0,0,2015-05-26 23:59:59
2015-05-27,12.84,12.84,12.84,12.84,0,0,2015-05-27 23:59:59
2015-05-28,12.78,12.78,12.78,12.78,0,0,2015-05-28 23:59:59
2015-05-29,12.78,12.78,12.78,12.78,0,0,2015-05-29 23:59:59
2015-06-01,12.6,12.6,12.6,12.6,0,0,2015-06-01 23:59:59
2015-06-02,12.38,12.38,12.38,12.38,0,0,2015-06-02 23:59:59
2015-06-03,12.54,12.54,12.54,12.54,0,0,2015-06-03 23:59:59
2015-06-04,12.74,12.74,12.74,12.74,0,0,2015-06-04 23:59:59
2015-06-05,12.78,12.78,12.78,12.78,0,0,2015-06-05 23:59:59
2015-06-08,12.79,12.79,12.79,12.79,0,0,2015-06-08 23:59:59
2015-06-09,12.91,12.91,12.91,12.91,0,0,2015-06-09 23:59:59
2015-06-10,12.8,12.8,12.8,12.8,0,0,2015-06-10 23:59:59
2015-06-11,12.57,12.57,12.57,12.57,0,0,2015-06-11 23:59:59
2015-06-15,12.5,12.5,12.5,12.5,0,0,2015-06-15 23:59:59
2015-06-16,11.75,11.75,11.75,11.75,0,0,2015-06-16 23:59:59
2015-06-17,11.86,11.86,11.86,11.86,0,0,2015-06-17 23:59:59
2015-06-18,11.93,11.93,11.93,11.93,0,0,2015-06-18 23:59:59
2015-06-19,11.89,11.89,11.89,11.89,0,0,2015-06-19 23:59:59
2015-06-22,11.86,11.86,11.86,11.86,0,0,2015-06-22 23:59:59
2015-06-23,11.9,11.9,11.9,11.9,0,0,2015-06-23 23:59:59
2015-06-24,11.89,11.89,11.89,11.89,0,0,2015-06-24 23:59:59
2015-06-25,11.95,11.95,11.95,11.95,0,0,2015-06-25 23:59:59
2015-06-26,11.93,11.93,11.93,11.93,0,0,2015-06-26 23:59:59
2015-06-29,11.95,11.95,11.95,11.95,0,0,2015-06-29 23:59:59
2015-06-30,11.9,11.9,11.9,11.9,0,0,2015-06-30 23:59:59
2015-07-01,11.8,11.8,11.8,11.8,0,0,2015-07-01 23:59:59
2015-07-02,11.76,11.76,11.76,11.76,0,0,2015-07-02 23:59:59
2015-07-03,11.53,11.53,11.53,11.53,0,0,2015-07-03 23:59:59
2015-07-06,11.23,11.23,11.23,11.23,0,0,2015-07-06 23:59:59
2015-07-07,10.89,10.89,10.89,10.89,0,0,2015-07-07 23:59:59
2015-07-08,11.0,11.0,11.0,11.0,0,0,2015-07-08 23:59:59
2015-07-09,10.88,10.88,10.88,10.88,0,0,2015-07-09 23:59:59
2015-07-10,11.13,11.13,11.13,11.13,0,0,2015-07-10 23:59:59
2015-07-13,11.69,11.69,11.69,11.69,0,0,2015-07-13 23:59:59
2015-07-14,11.7,11.7,11.7,11.7,0,0,2015-07-14 23:59:59
2015-07-15,11.67,11.67,11.67,11.67,0,0,2015-07-15 23:59:59
2015-07-16,11.75,11.75,11.75,11.75,0,0,2015-07-16 23:59:59
2015-07-17,11.87,11.87,11.87,11.87,0,0,2015-07-17 23:59:59
2015-07-20,11.9,11.9,11.9,11.9,0,0,2015-07-20 23:59:59
2015-07-21,11.75,11.75,11.75,11.75,0,0,2015-07-21 23:59:59
2015-07-22,11.77,11.77,11.77,11.77,0,0,2015-07-22 23:59:59
2015-07-23,11.37,11.37,11.37,11.37,0,0,2015-07-23 23:59:59
2015-07-24,11.04,11.04,11.04,11.04,0,0,2015-07-24 23:59:59
2015-07-27,11.2,11.2,11.2,11.2,0,0,2015-07-27 23:59:59
2015-07-28,11.55,11.55,11.55,11.55,0,0,2015-07-28 23:59:59
2015-07-29,11.41,11.41,11.41,11.41,0,0,2015-07-29 23:59:59
2015-07-30,11.08,11.08,11.08,11.08,0,0,2015-07-30 23:59:59
2015-07-31,11.02,11.02,11.02,11.02,0,0,2015-07-31 23:59:59
2015-08-03,10.54,10.54,10.54,10.54,0,0,2015-08-03 23:59:59
2015-08-04,10.39,10.39,10.39,10.39,0,0,2015-08-04 23:59:59
2015-08-05,10.52,10.52,10.52,10.52,0,0,2015-08-05 23:59:59
2015-08-06,10.45,10.45,10.45,10.45,0,0,2015-08-06 23:59:59
2015-08-07,10.43,10.43,10.43,10.43,0,0,2015-08-07 23:59:59
2015-08-10,10.43,10.43,10.43,10.43,0,0,2015-08-10 23:59:59
2015-08-11,10.59,10.59,10.59,10.59,0,0,2015-08-11 23:59:59
2015-08-12,10.78,10.78,10.78,10.78,0,0,2015-08-12 23:59:59
2015-08-13,10.81,10.81,10.81,10.81,0,0,2015-08-13 23:59:59
2015-08-14,11.03,11.03,11.03,11.03,0,0,2015-08-14 23:59:59
2015-08-17,11.1,11.1,11.1,11.1,0,0,2015-08-17 23:59:59
2015-08-18,11.07,11.07,11.07,11.07,0,0,2015-08-18 23:59:59
2015-08-19,10.89,10.89,10.89,10.89,0,0,2015-08-19 23:59:59
2015-08-20,10.78,10.78,10.78,10.78,0,0,2015-08-20 23:59:59
2015-08-21,10.8,10.8,10.8,10.8,0,0,2015-08-21 23:59:59
2015-08-24,10.86,10.86,10.86,10.86,0,0,2015-08-24 23:59:59
2015-08-25,10.97,10.97,10.97,10.97,0,0,2015-08-25 23:59:59
2015-08-26,10.97,10.97,10.97,10.97,0,0,2015-08-26 23:59:59
2015-08-27,11.0,11.0,11.0,11.0,0,0,2015-08-27 23:59:59
2015-08-28,11.02,11.02,11.02,11.02,0,0,2015-08-28 23:59:59
2015-08-31,11.0,11.0,11.0,11.0,0,0,2015-08-31 23:59:59
2015-09-01,10.93,10.93,10.93,10.93,0,0,2015-09-01 23:59:59
2015-09-02,10.86,10.86,10.86,10.86,0,0,2015-09-02 23:59:59
2015-09-03,10.69,10.69,10.69,10.69,0,0,2015-09-03 23:59:59
2015-09-04,10.77,10.77,10.77,10.77,0,0,2015-09-04 23:59:59
2015-09-07,10.76,10.76,10.76,10.76,0,0,2015-09-07 23:59:59
2015-09-08,10.7,10.7,10.7,10.7,0,0,2015-09-08 23:59:59
2015-09-09,10.69,10.69,10.69,10.69,0,0,2015-09-09 23:59:59
2015-09-10,10.52,10.52,10.52,10.52,0,0,2015-09-10 23:59:59
2015-09-11,10.95,10.95,10.95,10.95,0,0,2015-09-11 23:59:59
2015-09-14,11.12,11.12,11.12,11.12,0,0,2015-09-14 23:59:59
2015-09-15,11.47,11.47,11.47,11.47,0,0,2015-09-15 23:59:59
2015-09-16,11.45,11.45,11.45,11.45,0,0,2015-09-16 23:59:59
2015-09-17,11.41,11.41,11.41,11.41,0,0,2015-09-17 23:59:59
2015-09-18,11.28,11.28,11.28,11.28,0,0,2015-09-18 23:59:59
2015-09-21,11.41,11.41,11.41,11.41,0,0,2015-09-21 23:59:59
2015-09-22,11.52,11.52,11.52,11.52,0,0,2015-09-22 23:59:59
2015-09-23,11.46,11.46,11.46,11.46,0,0,2015-09-23 23:59:59
2015-09-24,11.32,11.32,11.32,11.32,0,0,2015-09-24 23:59:59
2015-09-25,11.23,11.23,11.23,11.23,0,0,2015-09-25 23:59:59
2015-09-28,11.33,11.33,11.33,11.33,0,0,2015-09-28 23:59:59
2015-09-29,11.39,11.39,11.39,11.39,0,0,2015-09-29 23:59:59
2015-09-30,11.47,11.47,11.47,11.47,0,0,2015-09-30 23:59:59
2015-10-01,11.36,11.36,11.36,11.36,0,0,2015-10-01 23:59:59
2015-10-02,11.3,11.3,11.3,11.3,0,0,2015-10-02 23:59:59
2015-10-05,11.17,11.17,11.17,11.17,0,0,2015-10-05 23:59:59
2015-10-06,10.45,10.45,10.45,10.45,0,0,2015-10-06 23:59:59
2015-10-07,10.58,10.58,10.58,10.58,0,0,2015-10-07 23:59:59
2015-10-08,10.37,10.37,10.37,10.37,0,0,2015-10-08 23:59:59
2015-10-09,10.54,10.54,10.54,10.54,0,0,2015-10-09 23:59:59
2015-10-12,10.7,10.7,10.7,10.7,0,0,2015-10-12 23:59:59
2015-10-13,11.14,11.14,11.14,11.14,0,0,2015-10-13 23:59:59
2015-10-14,11.28,11.28,11.28,11.28,0,0,2015-10-14 23:59:59
2015-10-15,11.25,11.25,11.25,11.25,0,0,2015-10-15 23:59:59
2015-10-16,11.27,11.27,11.27,11.27,0,0,2015-10-16 23:59:59
2015-10-19,11.29,11.29,11.29,11.29,0,0,2015-10-19 23:59:59
2015-10-20,11.23,11.23,11.23,11.23,0,0,2015-10-20 23:59:59
2015-10-21,11.35,11.35,11.35,11.35,0,0,2015-10-21 23:59:59
2015-10-22,11.29,11.29,11.29,11.29,0,0,2015-10-22 23:59:59
2015-10-23,11.34,11.34,11.34,11.34,0,0,2015-10-23 23:59:59
2015-10-26,11.37,11.37,11.37,11.37,0,0,2015-10-26 23:59:59
2015-10-27,11.38,11.38,11.38,11.38,0,0,2015-10-27 23:59:59
2015-10-28,11.41,11.41,11.41,11.41,0,0,2015-10-28 23:59:59
2015-10-29,11.49,11.49,11.49,11.49,0,0,2015-10-29 23:59:59
2015-10-30,11.46,11.46,11.46,11.46,0,0,2015-10-30 23:59:59
2015-11-02,11.35,11.35,11.35,11.35,0,0,2015-11-02 23:59:59
2015-11-03,11.41,11.41,11.41,11.41,0,0,2015-11-03 23:59:59
2015-11-05,11.42,11.42,11.42,11.42,0,0,2015-11-05 23:59:59
2015-11-06,11.44,11.44,11.44,11.44,0,0,2015-11-06 23:59:59
2015-11-09,11.4,11.4,11.4,11.4,0,0,2015-11-09 23:59:59
2015-11-10,11.25,11.25,11.25,11.25,0,0,2015-11-10 23:59:59
2015-11-11,11.36,11.36,11.36,11.36,0,0,2015-11-11 23:59:59
2015-11-12,11.39,11.39,11.39,11.39,0,0,2015-11-12 23:59:59
2015-11-13,11.38,11.38,11.38,11.38,0,0,2015-11-13 23:59:59
2015-11-16,11.39,11.39,11.39,11.39,0,0,2015-11-16 23:59:59
2015-11-17,11.47,11.47,11.47,11.47,0,0,2015-11-17 23:59:59
2015-11-18,11.53,11.53,11.53,11.53,0,0,2015-11-18 23:59:59
2015-11-19,11.49,11.49,11.49,11.49,0,0,2015-11-19 23:59:59
2015-11-20,11.47,11.47,11.47,11.47,0,0,2015-11-20 23:59:59
2015-11-23,11.41,11.41,11.41,11.41,0,0,2015-11-23 23:59:59
2015-11-24,11.38,11.38,11.38,11.38,0,0,2015-11-24 23:59:59
2015-11-25,11.39,11.39,11.39,11.39,0,0,2015-11-25 23:59:59
2015-11-26,11.44,11.44,11.44,11.44,0,0,2015-11-26 23:59:59
2015-11-27,11.38,11.38,11.38,11.38,0,0,2015-11-27 23:59:59
2015-11-30,11.38,11.38,11.38,11.38,0,0,2015-11-30 23:59:59
2015-12-01,11.43,11.43,11.43,11.43,0,0,2015-12-01 23:59:59
2015-12-02,11.31,11.31,11.31,11.31,0,0,2015-12-02 23:59:59
2015-12-03,11.18,11.18,11.18,11.18,0,0,2015-12-03 23:59:59
2015-12-04,11.15,11.15,11.15,11.15,0,0,2015-12-04 23:59:59
2015-12-07,11.19,11.19,11.19,11.19,0,0,2015-12-07 23:59:59
2015-12-08,11.53,11.53,11.53,11.53,0,0,2015-12-08 23:59:59
2015-12-09,11.59,11.59,11.59,11.59,0,0,2015-12-09 23:59:59
2015-12-10,11.46,11.46,11.46,11.46,0,0,2015-12-10 23:59:59
2015-12-11,11.49,11.49,11.49,11.49,0,0,2015-12-11 23:59:59
2015-12-14,11.44,11.44,11.44,11.44,0,0,2015-12-14 23:59:59
2015-12-15,11.5,11.5,11.5,11.5,0,0,2015-12-15 23:59:59
2015-12-16,11.47,11.47,11.47,11.47,0,0,2015-12-16 23:59:59
2015-12-17,11.52,11.52,11.52,11.52,0,0,2015-12-17 23:59:59
2015-12-18,11.45,11.45,11.45,11.45,0,0,2015-12-18 23:59:59
2015-12-21,11.5,11.5,11.5,11.5,0,0,2015-12-21 23:59:59
2015-12-22,11.38,11.38,11.38,11.38,0,0,2015-12-22 23:59:59
2015-12-23,11.17,11.17,11.17,11.17,0,0,2015-12-23 23:59:59
2015-12-24,11.0,11.0,11.0,11.0,0,0,2015-12-24 23:59:59
2015-12-25,10.98,10.98,10.98,10.98,0,0,2015-12-25 23:59:59
2015-12-28,10.96,10.96,10.96,10.96,0,0,2015-12-28 23:59:59
2015-12-29,10.9,10.9,10.9,10.9,0,0,2015-12-29 23:59:59
2015-12-30,11.44,11.44,11.44,11.44,0,0,2015-12-30 23:59:59
2016-01-04,10.18,10.18,10.18,10.18,0,0,2016-01-04 23:59:59
2016-01-05,10.2,10.2,10.2,10.2,0,0,2016-01-05 23:59:59
2016-01-06,10.2,10.2,10.2,10.2,0,0,2016-01-06 23:59:59
2016-01-11,10.92,10.92,10.92,10.92,0,0,2016-01-11 23:59:59
2016-01-12,10.89,10.89,10.89,10.89,0,0,2016-01-12 23:59:59
2016-01-13,10.97,10.97,10.97,10.97,0,0,2016-01-13 23:59:59
2016-01-14,11.13,11.13,11.13,11.13,0,0,2016-01-14 23:59:59
2016-01-15,11.1,11.1,11.1,11.1,0,0,2016-01-15 23:59:59
2016-01-18,11.14,11.14,11.14,11.14,0,0,2016-01-18 23:59:59
2016-01-19,11.16,11.16,11.16,11.16,0,0,2016-01-19 23:59:59
2016-01-20,11.13,11.13,11.13,11.13,0,0,2016-01-20 23:59:59
2016-01-21,11.1,11.1,11.1,11.1,0,0,2016-01-21 23:59:59
2016-01-22,11.09,11.09,11.09,11.09,0,0,2016-01-22 23:59:59
2016-01-25,11.08,11.08,11.08,11.08,0,0,2016-01-25 23:59:59
2016-01-26,11.06,11.06,11.06,11.06,0,0,2016-01-26 23:59:59
2016-01-27,11.1,11.1,11.1,11.1,0,0,2016-01-27 23:59:59
2016-01-28,11.16,11.16,11.16,11.16,0,0,2016-01-28 23:59:59
2016-01-29,11.17,11.17,11.17,11.17,0,0,2016-01-29 23:59:59
2016-02-01,11.13,11.13,11.13,11.13,0,0,2016-02-01 23:59:59
2016-02-02,11.12,11.12,11.12,11.12,0,0,2016-02-02 23:59:59
2016-02-03,11.17,11.17,11.17,11.17,0,0,2016-02-03 23:59:59
2016-02-04,11.15,11.15,11.15,11.15,0,0,2016-02-04 23:59:59
2016-02-05,11.06,11.06,11.06,11.06,0,0,2016-02-05 23:59:59
2016-02-08,11.04,11.04,11.04,11.04,0,0,2016-02-08 23:59:59
2016-02-09,10.8,10.8,10.8,10.8,0,0,2016-02-09 23:59:59
2016-02-10,10.77,10.77,10.77,10.77,0,0,2016-02-10 23:59:59
2016-02-11,10.86,10.86,10.86,10.86,0,0,2016-02-11 23:59:59
2016-02-12,10.84,10.84,10.84,10.84,0,0,2016-02-12 23:59:59
2016-02-15,10.86,10.86,10.86,10.86,0,0,2016-02-15 23:59:59
2016-02-16,10.87,10.87,10.87,10.87,0,0,2016-02-16 23:59:59
2016-02-17,10.89,10.89,10.89,10.89,0,0,2016-02-17 23:59:59
2016-02-18,11.0,11.0,11.0,11.0,0,0,2016-02-18 23:59:59
2016-02-19,11.03,11.03,11.03,11.03,0,0,2016-02-19 23:59:59
2016-02-20,10.75,10.75,10.75,10.75,0,0,2016-02-20 23:59:59
2016-02-22,10.05,10.05,10.05,10.05,0,0,2016-02-22 23:59:59
2016-02-24,10.97,10.97,10.97,10.97,0,0,2016-02-24 23:59:59
2016-02-25,10.98,10.98,10.98,10.98,0,0,2016-02-25 23:59:59
2016-02-26,10.96,10.96,10.96,10.96,0,0,2016-02-26 23:59:59
2016-02-29,10.96,10.96,10.96,10.96,0,0,2016-02-29 23:59:59
2016-03-01,10.99,10.99,10.99,10.99,0,0,2016-03-01 23:59:59
2016-03-02,10.95,10.95,10.95,10.95,0,0,2016-03-02 23:59:59
2016-03-03,10.97,10.97,10.97,10.97,0,0,2016-03-03 23:59:59
2016-03-04,11.02,11.02,11.02,11.02,0,0,2016-03-04 23:59:59
2016-03-07,10.5,10.5,10.5,10.5,0,0,2016-03-07 23:59:59
2016-03-09,10.96,10.96,10.96,10.96,0,0,2016-03-09 23:59:59
2016-03-10,10.95,10.95,10.95,10.95,0,0,2016-03-10 23:59:59
2016-03-11,10.95,10.95,10.95,10.95,0,0,2016-03-11 23:59:59
2016-03-14,10.94,10.94,10.94,10.94,0,0,2016-03-14 23:59:59
2016-03-15,10.94,10.94,10.94,10.94,0,0,2016-03-15 23:59:59
2016-03-16,10.97,10.97,10.97,10.97,0,0,2016-03-16 23:59:59
2016-03-17,10.97,10.97,10.97,10.97,0,0,2016-03-17 23:59:59
2016-03-18,10.92,10.92,10.92,10.92,0,0,2016-03-18 23:59:59
2016-03-21,10.95,10.95,10.95,10.95,0,0,2016-03-21 23:59:59
2016-03-22,10.97,10.97,10.97,10.97,0,0,2016-03-22 23:59:59
2016-03-23,10.95,10.95,10.95,10.95,0,0,2016-03-23 23:59:59
2016-03-24,10.95,10.95,10.95,10.95,0,0,2016-03-24 23:59:59
2016-03-25,10.95,10.95,10.95,10.95,0,0,2016-03-25 23:59:59
2016-03-28,11.0,11.0,11.0,11.0,0,0,2016-03-28 23:59:59
2016-03-29,11.1,11.1,11.1,11.1,0,0,2016-03-29 23:59:59
2016-03-30,11.09,11.09,11.09,11.09,0,0,2016-03-30 23:59:59
2016-03-31,11.19,11.19,11.19,11.19,0,0,2016-03-31 23:59:59
2016-04-01,11.12,11.12,11.12,11.12,0,0,2016-04-01 23:59:59
2016-04-04,11.01,11.01,11.01,11.01,0,0,2016-04-04 23:59:59
2016-04-05,10.68,10.68,10.68,10.68,0,0,2016-04-05 23:59:59
2016-04-06,10.71,10.71,10.71,10.71,0,0,2016-04-06 23:59:59
2016-04-07,10.92,10.92,10.92,10.92,0,0,2016-04-07 23:59:59
2016-04-08,10.99,10.99,10.99,10.99,0,0,2016-04-08 23:59:59
2016-04-11,10.98,10.98,10.98,10.98,0,0,2016-04-11 23:59:59
2016-04-12,10.98,10.98,10.98,10.98,0,0,2016-04-12 23:59:59
2016-04-13,10.95,10.95,10.95,10.95,0,0,2016-04-13 23:59:59
2016-04-14,10.87,10.87,10.87,10.87,0,0,2016-04-14 23:59:59
2016-04-15,10.94,10.94,10.94,10.94,0,0,2016-04-15 23:59:59
2016-04-18,10.96,10.96,10.96,10.96,0,0,2016-04-18 23:59:59
2016-04-19,11.02,11.02,11.02,11.02,0,0,2016-04-19 23:59:59
2016-04-20,11.0,11.0,11.0,11.0,0,0,2016-04-20 23:59:59
2016-04-21,10.84,10.84,10.84,10.84,0,0,2016-04-21 23:59:59
2016-04-22,10.68,10.68,10.68,10.68,0,0,2016-04-22 23:59:59
2016-04-25,10.72,10.72,10.72,10.72,0,0,2016-04-25 23:59:59
2016-04-26,10.79,10.79,10.79,10.79,0,0,2016-04-26 23:59:59
2016-04-27,10.84,10.84,10.84,10.84,0,0,2016-04-27 23:59:59
2016-04-28,10.87,10.87,10.87,10.87,0,0,2016-04-28 23:59:59
2016-04-29,10.97,10.97,10.97,10.97,0,0,2016-04-29 23:59:59
2016-05-04,10.99,10.99,10.99,10.99,0,0,2016-05-04 23:59:59
2016-05-05,11.06,11.06,11.06,11.06,0,0,2016-05-05 23:59:59
2016-05-06,10.88,10.88,10.88,10.88,0,0,2016-05-06 23:59:59
2016-05-10,10.5,10.5,10.5,10.5,0,0,2016-05-10 23:59:59
2016-05-11,10.61,10.61,10.61,10.61,0,0,2016-05-11 23:59:59
2016-05-12,10.8,10.8,10.8,10.8,0,0,2016-05-12 23:59:59
2016-05-13,10.99,10.99,10.99,10.99,0,0,2016-05-13 23:59:59
2016-05-16,11.15,11.15,11.15,11.15,0,0,2016-05-16 23:59:59
2016-05-17,11.23,11.23,11.23,11.23,0,0,2016-05-17 23:59:59
2016-05-18,11.16,11.16,11.16,11.16,0,0,2016-05-18 23:59:59
2016-05-19,11.12,11.12,11.12,11.12,0,0,2016-05-19 23:59:59
2016-05-20,11.15,11.15,11.15,11.15,0,0,2016-05-20 23:59:59
2016-05-23,11.17,11.17,11.17,11.17,0,0,2016-05-23 23:59:59
2016-05-24,11.19,11.19,11.19,11.19,0,0,2016-05-24 23:59:59
2016-05-25,11.2,11.2,11.2,11.2,0,0,2016-05-25 23:59:59
2016-05-26,11.18,11.18,11.18,11.18,0,0,2016-05-26 23:59:59
2016-05-27,11.24,11.24,11.24,11.24,0,0,2016-05-27 23:59:59
2016-05-30,11.16,11.16,11.16,11.16,0,0,2016-05-30 23:59:59
2016-05-31,11.27,11.27,11.27,11.27,0,0,2016-05-31 23:59:59
2016-06-01,11.31,11.31,11.31,11.31,0,0,2016-06-01 23:59:59
2016-06-02,11.28,11.28,11.28,11.28,0,0,2016-06-02 23:59:59
2016-06-03,11.32,11.32,11.32,11.32,0,0,2016-06-03 23:59:59
2016-06-06,11.16,11.16,11.16,11.16,0,0,2016-06-06 23:59:59
2016-06-07,11.0,11.0,11.0,11.0,0,0,2016-06-07 23:59:59
2016-06-08,10.98,10.98,10.98,10.98,0,0,2016-06-08 23:59:59
2016-06-09,10.98,10.98,10.98,10.98,0,0,2016-06-09 23:59:59
2016-06-10,10.92,10.92,10.92,10.92,0,0,2016-06-10 23:59:59
2016-06-14,10.44,10.44,10.44,10.44,0,0,2016-06-14 23:59:59
2016-06-15,10.44,10.44,10.44,10.44,0,0,2016-06-15 23:59:59
2016-06-16,10.44,10.44,10.44,10.44,0,0,2016-06-16 23:59:59
2016-06-17,10.4,10.4,10.4,10.4,0,0,2016-06-17 23:59:59
2016-06-20,10.44,10.44,10.44,10.44,0,0,2016-06-20 23:59:59
2016-06-21,10.46,10.46,10.46,10.46,0,0,2016-06-21 23:59:59
2016-06-22,10.45,10.45,10.45,10.45,0,0,2016-06-22 23:59:59
2016-06-23,10.43,10.43,10.43,10.43,0,0,2016-06-23 23:59:59
2016-06-24,10.44,10.44,10.44,10.44,0,0,2016-06-24 23:59:59
2016-06-27,10.45,10.45,10.45,10.45,0,0,2016-06-27 23:59:59
2016-06-28,10.48,10.48,10.48,10.48,0,0,2016-06-28 23:59:59
2016-06-29,10.45,10.45,10.45,10.45,0,0,2016-06-29 23:59:59
2016-06-30,10.49,10.49,10.49,10.49,0,0,2016-06-30 23:59:59
2016-07-01,10.43,10.43,10.43,10.43,0,0,2016-07-01 23:59:59
2016-07-04,10.36,10.36,10.36,10.36,0,0,2016-07-04 23:59:59
2016-07-05,10.32,10.32,10.32,10.32,0,0,2016-07-05 23:59:59
2016-07-06,10.32,10.32,10.32,10.32,0,0,2016-07-06 23:59:59
2016-07-07,10.36,10.36,10.36,10.36,0,0,2016-07-07 23:59:59
2016-07-08,10.39,10.39,10.39,10.39,0,0,2016-07-08 23:59:59
2016-07-11,10.39,10.39,10.39,10.39,0,0,2016-07-11 23:59:59
2016-07-12,10.44,10.44,10.44,10.44,0,0,2016-07-12 23:59:59
2016-07-13,10.46,10.46,10.46,10.46,0,0,2016-07-13 23:59:59
2016-07-14,10.48,10.48,10.48,10.48,0,0,2016-07-14 23:59:59
2016-07-15,10.46,10.46,10.46,10.46,0,0,2016-07-15 23:59:59
2016-07-18,10.46,10.46,10.46,10.46,0,0,2016-07-18 23:59:59
2016-07-19,10.46,10.46,10.46,10.46,0,0,2016-07-19 23:59:59
2016-07-20,10.4,10.4,10.4,10.4,0,0,2016-07-20 23:59:59
2016-07-21,10.42,10.42,10.42,10.42,0,0,2016-07-21 23:59:59
2016-07-22,10.42,10.42,10.42,10.42,0,0,2016-07-22 23:59:59
2016-07-25,10.43,10.43,10.43,10.43,0,0,2016-07-25 23:59:59
2016-07-26,10.51,10.51,10.51,10.51,0,0,2016-07-26 23:59:59
2016-07-27,10.58,10.58,10.58,10.58,0,0,2016-07-27 23:59:59
2016-07-28,10.56,10.56,10.56,10.56,0,0,2016-07-28 23:59:59
2016-07-29,10.58,10.58,10.58,10.58,0,0,2016-07-29 23:59:59
2016-08-01,10.49,10.49,10.49,10.49,0,0,2016-08-01 23:59:59
2016-08-02,10.33,10.33,10.33,10.33,0,0,2016-08-02 23:59:59
2016-08-03,10.42,10.42,10.42,10.42,0,0,2016-08-03 23:59:59
2016-08-04,10.45,10.45,10.45,10.45,0,0,2016-08-04 23:59:59
2016-08-05,10.48,10.48,10.48,10.48,0,0,2016-08-05 23:59:59
2016-08-08,10.46,10.46,10.46,10.46,0,0,2016-08-08 23:59:59
2016-08-09,10.45,10.45,10.45,10.45,0,0,2016-08-09 23:59:59
2016-08-10,10.46,10.46,10.46,10.46,0,0,2016-08-10 23:59:59
2016-08-11,10.44,10.44,10.44,10.44,0,0,2016-08-11 23:59:59
2016-08-12,10.43,10.43,10.43,10.43,0,0,2016-08-12 23:59:59
2016-08-15,10.43,10.43,10.43,10.43,0,0,2016-08-15 23:59:59
2016-08-16,10.43,10.43,10.43,10.43,0,0,2016-08-16 23:59:59
2016-08-17,10.46,10.46,10.46,10.46,0,0,2016-08-17 23:59:59
2016-08-18,10.43,10.43,10.43,10.43,0,0,2016-08-18 23:59:59
2016-08-19,10.47,10.47,10.47,10.47,0,0,2016-08-19 23:59:59
2016-08-22,10.44,10.44,10.44,10.44,0,0,2016-08-22 23:59:59
2016-08-23,10.44,10.44,10.44,10.44,0,0,2016-08-23 23:59:59
2016-08-24,10.43,10.43,10.43,10.43,0,0,2016-08-24 23:59:59
2016-08-25,10.41,10.41,10.41,10.41,0,0,2016-08-25 23:59:59
2016-08-26,10.45,10.45,10.45,10.45,0,0,2016-08-26 23:59:59
2016-08-29,10.46,10.46,10.46,10.46,0,0,2016-08-29 23:59:59
2016-08-30,10.46,10.46,10.46,10.46,0,0,2016-08-30 23:59:59
2016-08-31,10.46,10.46,10.46,10.46,0,0,2016-08-31 23:59:59
2016-09-01,10.46,10.46,10.46,10.46,0,0,2016-09-01 23:59:59
2016-09-02,10.44,10.44,10.44,10.44,0,0,2016-09-02 23:59:59
2016-09-05,10.47,10.47,10.47,10.47,0,0,2016-09-05 23:59:59
2016-09-06,10.45,10.45,10.45,10.45,0,0,2016-09-06 23:59:59
2016-09-07,10.46,10.46,10.46,10.46,0,0,2016-09-07 23:59:59
2016-09-08,10.46,10.46,10.46,10.46,0,0,2016-09-08 23:59:59
2016-09-09,10.4,10.4,10.4,10.4,0,0,2016-09-09 23:59:59
2016-09-12,10.4,10.4,10.4,10.4,0,0,2016-09-12 23:59:59
2016-09-13,10.45,10.45,10.45,10.45,0,0,2016-09-13 23:59:59
2016-09-14,10.41,10.41,10.41,10.41,0,0,2016-09-14 23:59:59
2016-09-15,10.53,10.53,10.53,10.53,0,0,2016-09-15 23:59:59
2016-09-16,10.59,10.59,10.59,10.59,0,0,2016-09-16 23:59:59
2016-09-19,10.12,10.12,10.12,10.12,0,0,2016-09-19 23:59:59
2016-09-20,10.16,10.16,10.16,10.16,0,0,2016-09-20 23:59:59
2016-09-21,10.04,10.04,10.04,10.04,0,0,2016-09-21 23:59:59
2016-09-22,9.88,9.88,9.88,9.88,0,0,2016-09-22 23:59:59
2016-09-23,9.89,9.89,9.89,9.89,0,0,2016-09-23 23:59:59
2016-09-26,9.89,9.89,9.89,9.89,0,0,2016-09-26 23:59:59
2016-09-27,10.0,10.0,10.0,10.0,0,0,2016-09-27 23:59:59
2016-09-28,10.11,10.11,10.11,10.11,0,0,2016-09-28 23:59:59
2016-09-29,10.34,10.34,10.34,10.34,0,0,2016-09-29 23:59:59
2016-09-30,10.55,10.55,10.55,10.55,0,0,2016-09-30 23:59:59
2016-10-03,10.29,10.29,10.29,10.29,0,0,2016-10-03 23:59:59
2016-10-04,10.17,10.17,10.17,10.17,0,0,2016-10-04 23:59:59
2016-10-05,10.37,10.37,10.37,10.37,0,0,2016-10-05 23:59:59
2016-10-06,10.35,10.35,10.35,10.35,0,0,2016-10-06 23:59:59
2016-10-07,10.34,10.34,10.34,10.34,0,0,2016-10-07 23:59:59
2016-10-10,10.36,10.36,10.36,10.36,0,0,2016-10-10 23:59:59
2016-10-11,10.45,10.45,10.45,10.45,0,0,2016-10-11 23:59:59
2016-10-12,10.44,10.44,10.44,10.44,0,0,2016-10-12 23:59:59
2016-10-13,10.39,10.39,10.39,10.39,0,0,2016-10-13 23:59:59
2016-10-14,10.4,10.4,10.4,10.4,0,0,2016-10-14 23:59:59
2016-10-17,10.42,10.42,10.42,10.42,0,0,2016-10-17 23:59:59
2016-10-18,10.48,10.48,10.48,10.48,0,0,2016-10-18 23:59:59
2016-10-19,10.46,10.46,10.46,10.46,0,0,2016-10-19 23:59:59
2016-10-20,10.45,10.45,10.45,10.45,0,0,2016-10-20 23:59:59
2016-10-21,10.42,10.42,10.42,10.42,0,0,2016-10-21 23:59:59
2016-10-24,10.41,10.41,10.41,10.41,0,0,2016-10-24 23:59:59
2016-10-25,10.41,10.41,10.41,10.41,0,0,2016-10-25 23:59:59
2016-10-26,10.41,10.41,10.41,10.41,0,0,2016-10-26 23:59:59
2016-10-27,10.38,10.38,10.38,10.38,0,0,2016-10-27 23:59:59
2016-10-28,10.39,10.39,10.39,10.39,0,0,2016-10-28 23:59:59
2016-10-31,10.37,10.37,10.37,10.37,0,0,2016-10-31 23:59:59
2016-11-01,10.39,10.39,10.39,10.39,0,0,2016-11-01 23:59:59
2016-11-02,10.17,10.17,10.17,10.17,0,0,2016-11-02 23:59:59
2016-11-03,9.81,9.81,9.81,9.81,0,0,2016-11-03 23:59:59
2016-11-07,9.54,9.54,9.54,9.54,0,0,2016-11-07 23:59:59
2016-11-08,9.49,9.49,9.49,9.49,0,0,2016-11-08 23:59:59
2016-11-09,9.91,9.91,9.91,9.91,0,0,2016-11-09 23:59:59
2016-11-10,10.06,10.06,10.06,10.06,0,0,2016-11-10 23:59:59
2016-11-11,10.06,10.06,10.06,10.06,0,0,2016-11-11 23:59:59
2016-11-14,10.13,10.13,10.13,10.13,0,0,2016-11-14 23:59:59
2016-11-15,10.17,10.17,10.17,10.17,0,0,2016-11-15 23:59:59
2016-11-16,10.21,10.21,10.21,10.21,0,0,2016-11-16 23:59:59
2016-11-17,10.15,10.15,10.15,10.15,0,0,2016-11-17 23:59:59
2016-11-18,10.14,10.14,10.14,10.14,0,0,2016-11-18 23:59:59
2016-11-21,10.12,10.12,10.12,10.12,0,0,2016-11-21 23:59:59
2016-11-22,10.13,10.13,10.13,10.13,0,0,2016-11-22 23:59:59
2016-11-23,10.11,10.11,10.11,10.11,0,0,2016-11-23 23:59:59
2016-11-24,10.09,10.09,10.09,10.09,0,0,2016-11-24 23:59:59
2016-11-25,10.1,10.1,10.1,10.1,0,0,2016-11-25 23:59:59
2016-11-28,10.14,10.14,10.14,10.14,0,0,2016-11-28 23:59:59
2016-11-29,10.23,10.23,10.23,10.23,0,0,2016-11-29 23:59:59
2016-11-30,10.16,10.16,10.16,10.16,0,0,2016-11-30 23:59:59
2016-12-01,10.17,10.17,10.17,10.17,0,0,2016-12-01 23:59:59
2016-12-02,10.15,10.15,10.15,10.15,0,0,2016-12-02 23:59:59
2016-12-05,10.1,10.1,10.1,10.1,0,0,2016-12-05 23:59:59
2016-12-06,10.2,10.2,10.2,10.2,0,0,2016-12-06 23:59:59
2016-12-07,10.15,10.15,10.15,10.15,0,0,2016-12-07 23:59:59
2016-12-08,10.17,10.17,10.17,10.17,0,0,2016-12-08 23:59:59
2016-12-09,10.16,10.16,10.16,10.16,0,0,2016-12-09 23:59:59
2016-12-12,10.13,10.13,10.13,10.13,0,0,2016-12-12 23:59:59
2016-12-13,10.14,10.14,10.14,10.14,0,0,2016-12-13 23:59:59
2016-12-14,10.15,10.15,10.15,10.15,0,0,2016-12-14 23:59:59
2016-12-15,10.14,10.14,10.14,10.14,0,0,2016-12-15 23:59:59
2016-12-16,10.13,10.13,10.13,10.13,0,0,2016-12-16 23:59:59
2016-12-19,10.11,10.11,10.11,10.11,0,0,2016-12-19 23:59:59
2016-12-20,10.12,10.12,10.12,10.12,0,0,2016-12-20 23:59:59
2016-12-21,10.06,10.06,10.06,10.06,0,0,2016-12-21 23:59:59
2016-12-22,10.19,10.19,10.19,10.19,0,0,2016-12-22 23:59:59
2016-12-23,10.14,10.14,10.14,10.14,0,0,2016-12-23 23:59:59
2016-12-26,10.17,10.17,10.17,10.17,0,0,2016-12-26 23:59:59
2016-12-27,10.25,10.25,10.25,10.25,0,0,2016-12-27 23:59:59
2016-12-28,10.39,10.39,10.39,10.39,0,0,2016-12-28 23:59:59
2016-12-29,10.24,10.24,10.24,10.24,0,0,2016-12-29 23:59:59
2016-12-30,10.39,10.39,10.39,10.39,0,0,2016-12-30 23:59:59
2017-01-03,9.75,9.75,9.75,9.75,0,0,2017-01-03 23:59:59
2017-01-04,10.03,10.03,10.03,10.03,0,0,2017-01-04 23:59:59
2017-01-05,9.51,9.51,9.51,9.51,0,0,2017-01-05 23:59:59
2017-01-06,9.09,9.09,9.09,9.09,0,0,2017-01-06 23:59:59
2017-01-09,10.14,10.14,10.14,10.14,0,0,2017-01-09 23:59:59
2017-01-10,10.16,10.16,10.16,10.16,0,0,2017-01-10 23:59:59
2017-01-11,10.13,10.13,10.13,10.13,0,0,2017-01-11 23:59:59
2017-01-12,10.25,10.25,10.25,10.25,0,0,2017-01-12 23:59:59
2017-01-13,10.04,10.04,10.04,10.04,0,0,2017-01-13 23:59:59
2017-01-16,10.07,10.07,10.07,10.07,0,0,2017-01-16 23:59:59
2017-01-17,10.22,10.22,10.22,10.22,0,0,2017-01-17 23:59:59
2017-01-18,10.14,10.14,10.14,10.14,0,0,2017-01-18 23:59:59
2017-01-19,10.18,10.18,10.18,10.18,0,0,2017-01-19 23:59:59
2017-01-20,10.14,10.14,10.14,10.14,0,0,2017-01-20 23:59:59
2017-01-23,10.03,10.03,10.03,10.03,0,0,2017-01-23 23:59:59
2017-01-24,10.01,10.01,10.01,10.01,0,0,2017-01-24 23:59:59
2017-01-25,10.13,10.13,10.13,10.13,0,0,2017-01-25 23:59:59
2017-01-26,10.24,10.24,10.24,10.24,0,0,2017-01-26 23:59:59
2017-01-27,10.25,10.25,10.25,10.25,0,0,2017-01-27 23:59:59
2017-01-30,10.22,10.22,10.22,10.22,0,0,2017-01-30 23:59:59
2017-01-31,10.23,10.23,10.23,10.23,0,0,2017-01-31 23:59:59
2017-02-01,10.18,10.18,10.18,10.18,0,0,2017-02-01 23:59:59
2017-02-02,10.08,10.08,10.08,10.08,0,0,2017-02-02 23:59:59
2017-02-03,9.96,9.96,9.96,9.96,0,0,2017-02-03 23:59:59
2017-02-06,9.9,9.9,9.9,9.9,0,0,2017-02-06 23:59:59
2017-02-07,9.82,9.82,9.82,9.82,0,0,2017-02-07 23:59:59
2017-02-08,9.99,9.99,9.99,9.99,0,0,2017-02-08 23:59:59
2017-02-09,10.09,10.09,10.09,10.09,0,0,2017-02-09 23:59:59
2017-02-10,10.11,10.11,10.11,10.11,0,0,2017-02-10 23:59:59
2017-02-13,10.14,10.14,10.14,10.14,0,0,2017-02-13 23:59:59
2017-02-14,10.13,10.13,10.13,10.13,0,0,2017-02-14 23:59:59
2017-02-15,10.1,10.1,10.1,10.1,0,0,2017-02-15 23:59:59
2017-02-16,10.17,10.17,10.17,10.17,0,0,2017-02-16 23:59:59
2017-02-17,10.23,10.23,10.23,10.23,0,0,2017-02-17 23:59:59
2017-02-20,10.19,10.19,10.19,10.19,0,0,2017-02-20 23:59:59
2017-02-21,10.15,10.15,10.15,10.15,0,0,2017-02-21 23:59:59
2017-02-22,10.12,10.12,10.12,10.12,0,0,2017-02-22 23:59:59
2017-02-24,10.37,10.37,10.37,10.37,0,0,2017-02-24 23:59:59
2017-02-27,10.17,10.17,10.17,10.17,0,0,2017-02-27 23:59:59
2017-02-28,10.13,10.13,10.13,10.13,0,0,2017-02-28 23:59:59
2017-03-01,10.14,10.14,10.14,10.14,0,0,2017-03-01 23:59:59
2017-03-02,10.14,10.14,10.14,10.14,0,0,2017-03-02 23:59:59
2017-03-03,9.98,9.98,9.98,9.98,0,0,2017-03-03 23:59:59
2017-03-06,10.05,10.05,10.05,10.05,0,0,2017-03-06 23:59:59
2017-03-07,9.99,9.99,9.99,9.99,0,0,2017-03-07 23:59:59
2017-03-09,10.04,10.04,10.04,10.04,0,0,2017-03-09 23:59:59
2017-03-10,10.08,10.08,10.08,10.08,0,0,2017-03-10 23:59:59
2017-03-13,10.0,10.0,10.0,10.0,0,0,2017-03-13 23:59:59
2017-03-14,10.04,10.04,10.04,10.04,0,0,2017-03-14 23:59:59
2017-03-15,10.02,10.02,10.02,10.02,0,0,2017-03-15 23:59:59
2017-03-16,10.03,10.03,10.03,10.03,0,0,2017-03-16 23:59:59
2017-03-17,10.09,10.09,10.09,10.09,0,0,2017-03-17 23:59:59
2017-03-20,10.08,10.08,10.08,10.08,0,0,2017-03-20 23:59:59
2017-03-21,10.12,10.12,10.12,10.12,0,0,2017-03-21 23:59:59
2017-03-22,10.15,10.15,10.15,10.15,0,0,2017-03-22 23:59:59
2017-03-23,10.1,10.1,10.1,10.1,0,0,2017-03-23 23:59:59
2017-03-24,10.12,10.12,10.12,10.12,0,0,2017-03-24 23:59:59
2017-03-27,9.86,9.86,9.86,9.86,0,0,2017-03-27 23:59:59
2017-03-28,9.91,9.91,9.91,9.91,0,0,2017-03-28 23:59:59
2017-03-29,10.0,10.0,10.0,10.0,0,0,2017-03-29 23:59:59
2017-03-30,10.15,10.15,10.15,10.15,0,0,2017-03-30 23:59:59
2017-03-31,10.13,10.13,10.13,10.13,0,0,2017-03-31 23:59:59
2017-04-03,10.03,10.03,10.03,10.03,0,0,2017-04-03 23:59:59
2017-04-04,9.91,9.91,9.91,9.91,0,0,2017-04-04 23:59:59
2017-04-05,9.79,9.79,9.79,9.79,0,0,2017-04-05 23:59:59
2017-04-06,9.53,9.53,9.53,9.53,0,0,2017-04-06 23:59:59
2017-04-07,9.43,9.43,9.43,9.43,0,0,2017-04-07 23:59:59
2017-04-10,9.5,9.5,9.5,9.5,0,0,2017-04-10 23:59:59
2017-04-11,9.55,9.55,9.55,9.55,0,0,2017-04-11 23:59:59
2017-04-12,9.65,9.65,9.65,9.65,0,0,2017-04-12 23:59:59
2017-04-13,9.65,9.65,9.65,9.65,0,0,2017-04-13 23:59:59
2017-04-14,9.64,9.64,9.64,9.64,0,0,2017-04-14 23:59:59
2017-04-17,9.66,9.66,9.66,9.66,0,0,2017-04-17 23:59:59
2017-04-18,9.73,9.73,9.73,9.73,0,0,2017-04-18 23:59:59
2017-04-19,9.75,9.75,9.75,9.75,0,0,2017-04-19 23:59:59
2017-04-20,9.79,9.79,9.79,9.79,0,0,2017-04-20 23:59:59
2017-04-21,9.74,9.74,9.74,9.74,0,0,2017-04-21 23:59:59
2017-04-24,9.67,9.67,9.67,9.67,0,0,2017-04-24 23:59:59
2017-04-25,9.68,9.68,9.68,9.68,0,0,2017-04-25 23:59:59
2017-04-26,9.78,9.78,9.78,9.78,0,0,2017-04-26 23:59:59
2017-04-27,9.78,9.78,9.78,9.78,0,0,2017-04-27 23:59:59
2017-04-28,9.8,9.8,9.8,9.8,0,0,2017-04-28 23:59:59
2017-05-02,9.3,9.3,9.3,9.3,0,0,2017-05-02 23:59:59
2017-05-03,9.41,9.41,9.41,9.41,0,0,2017-05-03 23:59:59
2017-05-04,9.57,9.57,9.57,9.57,0,0,2017-05-04 23:59:59
2017-05-05,9.67,9.67,9.67,9.67,0,0,2017-05-05 23:59:59
2017-05-10,9.54,9.54,9.54,9.54,0,0,2017-05-10 23:59:59
2017-05-11,9.39,9.39,9.39,9.39,0,0,2017-05-11 23:59:59
2017-05-12,9.26,9.26,9.26,9.26,0,0,2017-05-12 23:59:59
2017-05-15,9.19,9.19,9.19,9.19,0,0,2017-05-15 23:59:59
2017-05-16,9.17,9.17,9.17,9.17,0,0,2017-05-16 23:59:59
2017-05-17,9.17,9.17,9.17,9.17,0,0,2017-05-17 23:59:59
2017-05-18,9.21,9.21,9.21,9.21,0,0,2017-05-18 23:59:59
2017-05-19,9.25,9.25,9.25,9.25,0,0,2017-05-19 23:59:59
2017-05-22,9.24,9.24,9.24,9.24,0,0,2017-05-22 23:59:59
2017-05-23,9.24,9.24,9.24,9.24,0,0,2017-05-23 23:59:59
2017-05-24,9.25,9.25,9.25,9.25,0,0,2017-05-24 23:59:59
2017-05-25,9.24,9.24,9.24,9.24,0,0,2017-05-25 23:59:59
2017-05-26,9.27,9.27,9.27,9.27,0,0,2017-05-26 23:59:59
2017-05-29,9.29,9.29,9.29,9.29,0,0,2017-05-29 23:59:59
2017-05-30,9.33,9.33,9.33,9.33,0,0,2017-05-30 23:59:59
2017-05-31,9.35,9.35,9.35,9.35,0,0,2017-05-31 23:59:59
2017-06-01,9.32,9.32,9.32,9.32,0,0,2017-06-01 23:59:59
2017-06-02,9.32,9.32,9.32,9.32,0,0,2017-06-02 23:59:59
2017-06-05,9.24,9.24,9.24,9.24,0,0,2017-06-05 23:59:59
2017-06-06,9.53,9.53,9.53,9.53,0,0,2017-06-06 23:59:59
2017-06-07,9.35,9.35,9.35,9.35,0,0,2017-06-07 23:59:59
2017-06-08,9.31,9.31,9.31,9.31,0,0,2017-06-08 23:59:59
2017-06-09,9.3,9.3,9.3,9.3,0,0,2017-06-09 23:59:59
2017-06-13,9.31,9.31,9.31,9.31,0,0,2017-06-13 23:59:59
2017-06-14,9.25,9.25,9.25,9.25,0,0,2017-06-14 23:59:59
2017-06-15,9.29,9.29,9.29,9.29,0,0,2017-06-15 23:59:59
2017-06-16,9.28,9.28,9.28,9.28,0,0,2017-06-16 23:59:59
2017-06-19,9.06,9.06,9.06,9.06,0,0,2017-06-19 23:59:59
2017-06-20,9.15,9.15,9.15,9.15,0,0,2017-06-20 23:59:59
2017-06-21,9.12,9.12,9.12,9.12,0,0,2017-06-21 23:59:59
2017-06-22,9.1,9.1,9.1,9.1,0,0,2017-06-22 23:59:59
2017-06-23,8.91,8.91,8.91,8.91,0,0,2017-06-23 23:59:59
2017-06-26,8.97,8.97,8.97,8.97,0,0,2017-06-26 23:59:59
2017-06-27,9.07,9.07,9.07,9.07,0,0,2017-06-27 23:59:59
2017-06-28,9.22,9.22,9.22,9.22,0,0,2017-06-28 23:59:59
2017-06-29,9.27,9.27,9.27,9.27,0,0,2017-06-29 23:59:59
2017-06-30,9.33,9.33,9.33,9.33,0,0,2017-06-30 23:59:59
2017-07-03,9.18,9.18,9.18,9.18,0,0,2017-07-03 23:59:59
2017-07-04,9.21,9.21,9.21,9.21,0,0,2017-07-04 23:59:59
2017-07-05,9.17,9.17,9.17,9.17,0,0,2017-07-05 23:59:59
2017-07-06,9.19,9.19,9.19,9.19,0,0,2017-07-06 23:59:59
2017-07-07,9.18,9.18,9.18,9.18,0,0,2017-07-07 23:59:59
2017-07-10,9.1,9.1,9.1,9.1,0,0,2017-07-10 23:59:59
2017-07-11,8.81,8.81,8.81,8.81,0,0,2017-07-11 23:59:59
2017-07-12,8.9,8.9,8.9,8.9,0,0,2017-07-12 23:59:59
2017-07-13,8.94,8.94,8.94,8.94,0,0,2017-07-13 23:59:59
2017-07-14,8.87,8.87,8.87,8.87,0,0,2017-07-14 23:59:59
2017-07-17,8.89,8.89,8.89,8.89,0,0,2017-07-17 23:59:59
2017-07-18,8.93,8.93,8.93,8.93,0,0,2017-07-18 23:59:59
2017-07-19,8.93,8.93,8.93,8.93,0,0,2017-07-19 23:59:59
2017-07-20,8.97,8.97,8.97,8.97,0,0,2017-07-20 23:59:59
2017-07-21,8.98,8.98,8.98,8.98,0,0,2017-07-21 23:59:59
2017-07-24,9.0,9.0,9.0,9.0,0,0,2017-07-24 23:59:59
2017-07-25,9.0,9.0,9.0,9.0,0,0,2017-07-25 23:59:59
2017-07-26,9.01,9.01,9.01,9.01,0,0,2017-07-26 23:59:59
2017-07-27,9.1,9.1,9.1,9.1,0,0,2017-07-27 23:59:59
2017-07-28,9.17,9.17,9.17,9.17,0,0,2017-07-28 23:59:59
2017-07-31,9.16,9.16,9.16,9.16,0,0,2017-07-31 23:59:59
2017-08-01,9.03,9.03,9.03,9.03,0,0,2017-08-01 23:59:59
2017-08-02,8.96,8.96,8.96,8.96,0,0,2017-08-02 23:59:59
2017-08-03,8.9,8.9,8.9,8.9,0,0,2017-08-03 23:59:59
2017-08-04,8.63,8.63,8.63,8.63,0,0,2017-08-04 23:59:59
2017-08-07,8.39,8.39,8.39,8.39,0,0,2017-08-07 23:59:59
2017-08-08,8.41,8.41,8.41,8.41,0,0,2017-08-08 23:59:59
2017-08-09,8.65,8.65,8.65,8.65,0,0,2017-08-09 23:59:59
2017-08-10,8.69,8.69,8.69,8.69,0,0,2017-08-10 23:59:59
2017-08-11,8.56,8.56,8.56,8.56,0,0,2017-08-11 23:59:59
2017-08-14,8.38,8.38,8.38,8.38,0,0,2017-08-14 23:59:59
2017-08-15,8.37,8.37,8.37,8.37,0,0,2017-08-15 23:59:59
2017-08-16,8.56,8.56,8.56,8.56,0,0,2017-08-16 23:59:59
2017-08-17,8.71,8.71,8.71,8.71,0,0,2017-08-17 23:59:59
2017-08-18,8.63,8.63,8.63,8.63,0,0,2017-08-18 23:59:59
2017-08-21,8.61,8.61,8.61,8.61,0,0,2017-08-21 23:59:59
2017-08-22,8.59,8.59,8.59,8.59,0,0,2017-08-22 23:59:59
2017-08-23,8.61,8.61,8.61,8.61,0,0,2017-08-23 23:59:59
2017-08-24,8.56,8.56,8.56,8.56,0,0,2017-08-24 23:59:59
2017-08-25,8.56,8.56,8.56,8.56,0,0,2017-08-25 23:59:59
2017-08-28,8.69,8.69,8.69,8.69,0,0,2017-08-28 23:59:59
2017-08-29,8.71,8.71,8.71,8.71,0,0,2017-08-29 23:59:59
2017-08-30,8.7,8.7,8.7,8.7,0,0,2017-08-30 23:59:59
2017-08-31,8.75,8.75,8.75,8.75,0,0,2017-08-31 23:59:59
2017-09-01,8.68,8.68,8.68,8.68,0,0,2017-09-01 23:59:59
2017-09-04,8.85,8.85,8.85,8.85,0,0,2017-09-04 23:59:59
2017-09-05,8.95,8.95,8.95,8.95,0,0,2017-09-05 23:59:59
2017-09-06,8.78,8.78,8.78,8.78,0,0,2017-09-06 23:59:59
2017-09-07,8.65,8.65,8.65,8.65,0,0,2017-09-07 23:59:59
2017-09-08,8.54,8.54,8.54,8.54,0,0,2017-09-08 23:59:59
2017-09-11,8.51,8.51,8.51,8.51,0,0,2017-09-11 23:59:59
2017-09-12,8.51,8.51,8.51,8.51,0,0,2017-09-12 23:59:59
2017-09-13,8.42,8.42,8.42,8.42,0,0,2017-09-13 23:59:59
2017-09-14,8.42,8.42,8.42,8.42,0,0,2017-09-14 23:59:59
2017-09-15,8.66,8.66,8.66,8.66,0,0,2017-09-15 23:59:59
2017-09-18,8.28,8.28,8.28,8.28,0,0,2017-09-18 23:59:59
2017-09-19,8.27,8.27,8.27,8.27,0,0,2017-09-19 23:59:59
2017-09-20,8.34,8.34,8.34,8.34,0,0,2017-09-20 23:59:59
2017-09-21,8.34,8.34,8.34,8.34,0,0,2017-09-21 23:59:59
2017-09-22,8.34,8.34,8.34,8.34,0,0,2017-09-22 23:59:59
2017-09-25,8.33,8.33,8.33,8.33,0,0,2017-09-25 23:59:59
2017-09-26,8.32,8.32,8.32,8.32,0,0,2017-09-26 23:59:59
2017-09-27,8.32,8.32,8.32,8.32,0,0,2017-09-27 23:59:59
2017-09-28,8.34,8.34,8.34,8.34,0,0,2017-09-28 23:59:59
2017-09-29,8.58,8.58,8.58,8.58,0,0,2017-09-29 23:59:59
2017-10-02,8.34,8.34,8.34,8.34,0,0,2017-10-02 23:59:59
2017-10-03,8.24,8.24,8.24,8.24,0,0,2017-10-03 23:59:59
2017-10-04,8.23,8.23,8.23,8.23,0,0,2017-10-04 23:59:59
2017-10-05,8.19,8.19,8.19,8.19,0,0,2017-10-05 23:59:59
2017-10-06,8.15,8.15,8.15,8.15,0,0,2017-10-06 23:59:59
2017-10-09,8.23,8.23,8.23,8.23,0,0,2017-10-09 23:59:59
2017-10-10,8.24,8.24,8.24,8.24,0,0,2017-10-10 23:59:59
2017-10-11,8.17,8.17,8.17,8.17,0,0,2017-10-11 23:59:59
2017-10-12,8.18,8.18,8.18,8.18,0,0,2017-10-12 23:59:59
2017-10-13,8.22,8.22,8.22,8.22,0,0,2017-10-13 23:59:59
2017-10-16,8.24,8.24,8.24,8.24,0,0,2017-10-16 23:59:59
2017-10-17,8.27,8.27,8.27,8.27,0,0,2017-10-17 23:59:59
2017-10-18,8.21,8.21,8.21,8.21,0,0,2017-10-18 23:59:59
2017-10-19,8.0,8.0,8.0,8.0,0,0,2017-10-19 23:59:59
2017-10-20,7.86,7.86,7.86,7.86,0,0,2017-10-20 23:59:59
2017-10-23,8.0,8.0,8.0,8.0,0,0,2017-10-23 23:59:59
2017-10-24,8.04,8.04,8.04,8.04,0,0,2017-10-24 23:59:59
2017-10-25,8.02,8.02,8.02,8.02,0,0,2017-10-25 23:59:59
2017-10-26,8.14,8.14,8.14,8.14,0,0,2017-10-26 23:59:59
2017-10-27,8.19,8.19,8.19,8.19,0,0,2017-10-27 23:59:59
2017-10-30,8.05,8.05,8.05,8.05,0,0,2017-10-30 23:59:59
2017-10-31,8.31,8.31,8.31,8.31,0,0,2017-10-31 23:59:59
2017-11-01,8.16,8.16,8.16,8.16,0,0,2017-11-01 23:59:59
2017-11-02,8.26,8.26,8.26,8.26,0,0,2017-11-02 23:59:59
2017-11-03,8.22,8.22,8.22,8.22,0,0,2017-11-03 23:59:59
2017-11-07,7.94,7.94,7.94,7.94,0,0,2017-11-07 23:59:59
2017-11-08,7.86,7.86,7.86,7.86,0,0,2017-11-08 23:59:59
2017-11-09,7.94,7.94,7.94,7.94,0,0,2017-11-09 23:59:59
2017-11-10,8.02,8.02,8.02,8.02,0,0,2017-11-10 23:59:59
2017-11-13,8.01,8.01,8.01,8.01,0,0,2017-11-13 23:59:59
2017-11-14,8.04,8.04,8.04,8.04,0,0,2017-11-14 23:59:59
2017-11-15,8.05,8.05,8.05,8.05,0,0,2017-11-15 23:59:59
2017-11-16,8.05,8.05,8.05,8.05,0,0,2017-11-16 23:59:59
2017-11-17,8.07,8.07,8.07,8.07,0,0,2017-11-17 23:59:59
2017-11-20,8.08,8.08,8.08,8.08,0,0,2017-11-20 23:59:59
2017-11-21,8.12,8.12,8.12,8.12,0,0,2017-11-21 23:59:59
2017-11-22,8.08,8.08,8.08,8.08,0,0,2017-11-22 23:59:59
2017-11-23,7.98,7.98,7.98,7.98,0,0,2017-11-23 23:59:59
2017-11-24,7.88,7.88,7.88,7.88,0,0,2017-11-24 23:59:59
2017-11-27,7.97,7.97,7.97,7.97,0,0,2017-11-27 23:59:59
2017-11-28,8.09,8.09,8.09,8.09,0,0,2017-11-28 23:59:59
2017-11-29,8.2,8.2,8.2,8.2,0,0,2017-11-29 23:59:59
2017-11-30,8.36,8.36,8.36,8.36,0,0,2017-11-30 23:59:59
2017-12-01,8.2,8.2,8.2,8.2,0,0,2017-12-01 23:59:59
2017-12-04,8.06,8.06,8.06,8.06,0,0,2017-12-04 23:59:59
2017-12-05,8.05,8.05,8.05,8.05,0,0,2017-12-05 23:59:59
2017-12-06,8.07,8.07,8.07,8.07,0,0,2017-12-06 23:59:59
2017-12-07,8.13,8.13,8.13,8.13,0,0,2017-12-07 23:59:59
2017-12-08,8.15,8.15,8.15,8.15,0,0,2017-12-08 23:59:59
2017-12-11,8.08,8.08,8.08,8.08,0,0,2017-12-11 23:59:59
2017-12-12,8.06,8.06,8.06,8.06,0,0,2017-12-12 23:59:59
2017-12-13,8.0,8.0,8.0,8.0,0,0,2017-12-13 23:59:59
2017-12-14,8.0,8.0,8.0,8.0,0,0,2017-12-14 23:59:59
2017-12-15,8.03,8.03,8.03,8.03,0,0,2017-12-15 23:59:59
2017-12-18,7.63,7.63,7.63,7.63,0,0,2017-12-18 23:59:59
2017-12-19,7.64,7.64,7.64,7.64,0,0,2017-12-19 23:59:59
2017-12-20,7.58,7.58,7.58,7.58,0,0,2017-12-20 23:59:59
2017-12-21,7.58,7.58,7.58,7.58,0,0,2017-12-21 23:59:59
2017-12-22,7.61,7.61,7.61,7.61,0,0,2017-12-22 23:59:59
2017-12-25,7.65,7.65,7.65,7.65,0,0,2017-12-25 23:59:59
2017-12-26,7.69,7.69,7.69,7.69,0,0,2017-12-26 23:59:59
2017-12-27,7.69,7.69,7.69,7.69,0,0,2017-12-27 23:59:59
2017-12-28,7.69,7.69,7.69,7.69,0,0,2017-12-28 23:59:59
2017-12-29,7.48,7.48,7.48,7.48,0,0,2017-12-29 23:59:59
2018-01-09,7.5,7.5,7.5,7.5,0,0,2018-01-09 23:59:59
2018-01-10,7.11,7.11,7.11,7.11,0,0,2018-01-10 23:59:59
2018-01-11,7.12,7.12,7.12,7.12,0,0,2018-01-11 23:59:59
2018-01-12,7.1,7.1,7.1,7.1,0,0,2018-01-12 23:59:59
2018-01-15,7.19,7.19,7.19,7.19,0,0,2018-01-15 23:59:59
2018-01-16,7.47,7.47,7.47,7.47,0,0,2018-01-16 23:59:59
2018-01-17,7.36,7.36,7.36,7.36,0,0,2018-01-17 23:59:59
2018-01-18,7.33,7.33,7.33,7.33,0,0,2018-01-18 23:59:59
2018-01-19,7.25,7.25,7.25,7.25,0,0,2018-01-19 23:59:59
2018-01-22,7.3,7.3,7.3,7.3,0,0,2018-01-22 23:59:59
2018-01-23,7.09,7.09,7.09,7.09,0,0,2018-01-23 23:59:59
2018-01-24,7.0,7.0,7.0,7.0,0,0,2018-01-24 23:59:59
2018-01-25,7.0,7.0,7.0,7.0,0,0,2018-01-25 23:59:59
2018-01-26,7.35,7.35,7.35,7.35,0,0,2018-01-26 23:59:59
2018-01-29,7.36,7.36,7.36,7.36,0,0,2018-01-29 23:59:59
2018-01-30,7.39,7.39,7.39,7.39,0,0,2018-01-30 23:59:59
2018-01-31,7.49,7.49,7.49,7.49,0,0,2018-01-31 23:59:59
2018-02-01,7.39,7.39,7.39,7.39,0,0,2018-02-01 23:59:59
2018-02-02,7.29,7.29,7.29,7.29,0,0,2018-02-02 23:59:59
2018-02-05,7.32,7.32,7.32,7.32,0,0,2018-02-05 23:59:59
2018-02-06,7.29,7.29,7.29,7.29,0,0,2018-02-06 23:59:59
2018-02-07,7.17,7.17,7.17,7.17,0,0,2018-02-07 23:59:59
2018-02-08,7.09,7.09,7.09,7.09,0,0,2018-02-08 23:59:59
2018-02-09,7.09,7.09,7.09,7.09,0,0,2018-02-09 23:59:59
2018-02-12,7.01,7.01,7.01,7.01,0,0,2018-02-12 23:59:59
2018-02-13,7.0,7.0,7.0,7.0,0,0,2018-02-13 23:59:59
2018-02-14,7.18,7.18,7.18,7.18,0,0,2018-02-14 23:59:59
2018-02-15,7.36,7.36,7.36,7.36,0,0,2018-02-15 23:59:59
2018-02-16,7.37,7.37,7.37,7.37,0,0,2018-02-16 23:59:59
2018-02-19,7.41,7.41,7.41,7.41,0,0,2018-02-19 23:59:59
2018-02-20,7.4,7.4,7.4,7.4,0,0,2018-02-20 23:59:59
2018-02-21,7.35,7.35,7.35,7.35,0,0,2018-02-21 23:59:59
2018-02-22,7.2,7.2,7.2,7.2,0,0,2018-02-22 23:59:59
2018-02-26,7.3,7.3,7.3,7.3,0,0,2018-02-26 23:59:59
2018-02-27,7.41,7.41,7.41,7.41,0,0,2018-02-27 23:59:59
2018-02-28,7.43,7.43,7.43,7.43,0,0,2018-02-28 23:59:59
2018-03-01,7.4,7.4,7.4,7.4,0,0,2018-03-01 23:59:59
2018-03-02,7.43,7.43,7.43,7.43,0,0,2018-03-02 23:59:59
2018-03-05,7.32,7.32,7.32,7.32,0,0,2018-03-05 23:59:59
2018-03-06,7.36,7.36,7.36,7.36,0,0,2018-03-06 23:59:59
2018-03-07,7.27,7.27,7.27,7.27,0,0,2018-03-07 23:59:59
2018-03-12,7.4,7.4,7.4,7.4,0,0,2018-03-12 23:59:59
2018-03-13,7.39,7.39,7.39,7.39,0,0,2018-03-13 23:59:59
2018-03-14,7.42,7.42,7.42,7.42,0,0,2018-03-14 23:59:59
2018-03-15,7.4,7.4,7.4,7.4,0,0,2018-03-15 23:59:59
2018-03-16,7.4,7.4,7.4,7.4,0,0,2018-03-16 23:59:59
2018-03-19,7.35,7.35,7.35,7.35,0,0,2018-03-19 23:59:59
2018-03-20,7.23,7.23,7.23,7.23,0,0,2018-03-20 23:59:59
2018-03-21,7.34,7.34,7.34,7.34,0,0,2018-03-21 23:59:59
2018-03-22,7.23,7.23,7.23,7.23,0,0,2018-03-22 23:59:59
2018-03-23,7.19,7.19,7.19,7.19,0,0,2018-03-23 23:59:59
2018-03-26,7.21,7.21,7.21,7.21,0,0,2018-03-26 23:59:59
2018-03-27,7.24,7.24,7.24,7.24,0,0,2018-03-27 23:59:59
2018-03-28,7.22,7.22,7.22,7.22,0,0,2018-03-28 23:59:59
2018-03-29,7.16,7.16,7.16,7.16,0,0,2018-03-29 23:59:59
2018-03-30,7.21,7.21,7.21,7.21,0,0,2018-03-30 23:59:59
2018-04-02,7.19,7.19,7.19,7.19,0,0,2018-04-02 23:59:59
2018-04-03,7.05,7.05,7.05,7.05,0,0,2018-04-03 23:59:59
2018-04-04,7.11,7.11,7.11,7.11,0,0,2018-04-04 23:59:59
2018-04-05,7.15,7.15,7.15,7.15,0,0,2018-04-05 23:59:59
2018-04-06,7.07,7.07,7.07,7.07,0,0,2018-04-06 23:59:59
2018-04-09,7.09,7.09,7.09,7.09,0,0,2018-04-09 23:59:59
2018-04-10,7.11,7.11,7.11,7.11,0,0,2018-04-10 23:59:59
2018-04-11,7.15,7.15,7.15,7.15,0,0,2018-04-11 23:59:59
2018-04-12,6.99,6.99,6.99,6.99,0,0,2018-04-12 23:59:59
2018-04-13,6.97,6.97,6.97,6.97,0,0,2018-04-13 23:59:59
2018-04-16,7.1,7.1,7.1,7.1,0,0,2018-04-16 23:59:59
2018-04-17,7.06,7.06,7.06,7.06,0,0,2018-04-17 23:59:59
2018-04-18,7.1,7.1,7.1,7.1,0,0,2018-04-18 23:59:59
2018-04-19,7.1,7.1,7.1,7.1,0,0,2018-04-19 23:59:59
2018-04-20,7.08,7.08,7.08,7.08,0,0,2018-04-20 23:59:59
2018-04-23,7.06,7.06,7.06,7.06,0,0,2018-04-23 23:59:59
2018-04-24,6.92,6.92,6.92,6.92,0,0,2018-04-24 23:59:59
2018-04-25,7.04,7.04,7.04,7.04,0,0,2018-04-25 23:59:59
2018-04-26,7.17,7.17,7.17,7.17,0,0,2018-04-26 23:59:59
2018-04-27,7.13,7.13,7.13,7.13,0,0,2018-04-27 23:59:59
2018-04-28,7.02,7.02,7.02,7.02,0,0,2018-04-28 23:59:59
2018-05-03,7.08,7.08,7.08,7.08,0,0,2018-05-03 23:59:59
2018-05-04,6.97,6.97,6.97,6.97,0,0,2018-05-04 23:59:59
2018-05-07,7.04,7.04,7.04,7.04,0,0,2018-05-07 23:59:59
2018-05-08,6.5,6.5,6.5,6.5,0,0,2018-05-08 23:59:59
2018-05-10,6.97,6.97,6.97,6.97,0,0,2018-05-10 23:59:59
2018-05-11,7.03,7.03,7.03,7.03,0,0,2018-05-11 23:59:59
2018-05-14,7.01,7.01,7.01,7.01,0,0,2018-05-14 23:59:59
2018-05-15,7.03,7.03,7.03,7.03,0,0,2018-05-15 23:59:59
2018-05-16,7.05,7.05,7.05,7.05,0,0,2018-05-16 23:59:59
2018-05-17,7.11,7.11,7.11,7.11,0,0,2018-05-17 23:59:59
2018-05-18,7.21,7.21,7.21,7.21,0,0,2018-05-18 23:59:59
2018-05-21,7.13,7.13,7.13,7.13,0,0,2018-05-21 23:59:59
2018-05-22,7.12,7.12,7.12,7.12,0,0,2018-05-22 23:59:59
2018-05-23,7.13,7.13,7.13,7.13,0,0,2018-05-23 23:59:59
2018-05-24,7.05,7.05,7.05,7.05,0,0,2018-05-24 23:59:59
2018-05-25,7.08,7.08,7.08,7.08,0,0,2018-05-25 23:59:59
2018-05-28,7.12,7.12,7.12,7.12,0,0,2018-05-28 23:59:59
2018-05-29,7.12,7.12,7.12,7.12,0,0,2018-05-29 23:59:59
2018-05-30,7.13,7.13,7.13,7.13,0,0,2018-05-30 23:59:59
2018-05-31,7.19,7.19,7.19,7.19,0,0,2018-05-31 23:59:59
2018-06-01,7.08,7.08,7.08,7.08,0,0,2018-06-01 23:59:59
2018-06-04,7.07,7.07,7.07,7.07,0,0,2018-06-04 23:59:59
2018-06-05,7.03,7.03,7.03,7.03,0,0,2018-06-05 23:59:59
2018-06-06,7.08,7.08,7.08,7.08,0,0,2018-06-06 23:59:59
2018-06-07,7.14,7.14,7.14,7.14,0,0,2018-06-07 23:59:59
2018-06-08,6.98,6.98,6.98,6.98,0,0,2018-06-08 23:59:59
2018-06-13,7.1,7.1,7.1,7.1,0,0,2018-06-13 23:59:59
2018-06-14,7.05,7.05,7.05,7.05,0,0,2018-06-14 23:59:59
2018-06-15,7.08,7.08,7.08,7.08,0,0,2018-06-15 23:59:59
2018-06-18,7.12,7.12,7.12,7.12,0,0,2018-06-18 23:59:59
2018-06-19,7.14,7.14,7.14,7.14,0,0,2018-06-19 23:59:59
2018-06-20,7.13,7.13,7.13,7.13,0,0,2018-06-20 23:59:59
2018-06-21,6.98,6.98,6.98,6.98,0,0,2018-06-21 23:59:59
2018-06-22,7.03,7.03,7.03,7.03,0,0,2018-06-22 23:59:59
2018-06-25,7.3,7.3,7.3,7.3,0,0,2018-06-25 23:59:59
2018-06-26,7.2,7.2,7.2,7.2,0,0,2018-06-26 23:59:59
2018-06-27,7.13,7.13,7.13,7.13,0,0,2018-06-27 23:59:59
2018-06-28,7.11,7.11,7.11,7.11,0,0,2018-06-28 23:59:59
2018-06-29,7.29,7.29,7.29,7.29,0,0,2018-06-29 23:59:59
2018-07-02,7.11,7.11,7.11,7.11,0,0,2018-07-02 23:59:59
2018-07-03,6.97,6.97,6.97,6.97,0,0,2018-07-03 23:59:59
2018-07-04,7.13,7.13,7.13,7.13,0,0,2018-07-04 23:59:59
2018-07-05,7.07,7.07,7.07,7.07,0,0,2018-07-05 23:59:59
2018-07-06,7.13,7.13,7.13,7.13,0,0,2018-07-06 23:59:59
2018-07-09,6.96,6.96,6.96,6.96,0,0,2018-07-09 23:59:59
2018-07-10,7.12,7.12,7.12,7.12,0,0,2018-07-10 23:59:59
2018-07-11,7.2,7.2,7.2,7.2,0,0,2018-07-11 23:59:59
2018-07-12,7.27,7.27,7.27,7.27,0,0,2018-07-12 23:59:59
2018-07-13,7.29,7.29,7.29,7.29,0,0,2018-07-13 23:59:59
2018-07-16,7.28,7.28,7.28,7.28,0,0,2018-07-16 23:59:59
2018-07-17,7.25,7.25,7.25,7.25,0,0,2018-07-17 23:59:59
2018-07-18,7.25,7.25,7.25,7.25,0,0,2018-07-18 23:59:59
2018-07-19,7.21,7.21,7.21,7.21,0,0,2018-07-19 23:59:59
2018-07-20,7.16,7.16,7.16,7.16,0,0,2018-07-20 23:59:59
2018-07-23,7.16,7.16,7.16,7.16,0,0,2018-07-23 23:59:59
2018-07-24,6.97,6.97,6.97,6.97,0,0,2018-07-24 23:59:59
2018-07-25,6.92,6.92,6.92,6.92,0,0,2018-07-25 23:59:59
2018-07-26,7.08,7.08,7.08,7.08,0,0,2018-07-26 23:59:59
2018-07-27,7.4,7.4,7.4,7.4,0,0,2018-07-27 23:59:59
2018-07-30,7.93,7.93,7.93,7.93,0,0,2018-07-30 23:59:59
2018-07-31,7.94,7.94,7.94,7.94,0,0,2018-07-31 23:59:59
2018-08-01,7.13,7.13,7.13,7.13,0,0,2018-08-01 23:59:59
2018-08-02,7.06,7.06,7.06,7.06,0,0,2018-08-02 23:59:59
2018-08-03,6.87,6.87,6.87,6.87,0,0,2018-08-03 23:59:59
2018-08-06,7.02,7.02,7.02,7.02,0,0,2018-08-06 23:59:59
2018-08-07,7.0,7.0,7.0,7.0,0,0,2018-08-07 23:59:59
2018-08-08,7.12,7.12,7.12,7.12,0,0,2018-08-08 23:59:59
2018-08-09,7.28,7.28,7.28,7.28,0,0,2018-08-09 23:59:59
2018-08-10,7.26,7.26,7.26,7.26,0,0,2018-08-10 23:59:59
2018-08-13,7.22,7.22,7.22,7.22,0,0,2018-08-13 23:59:59
2018-08-14,7.25,7.25,7.25,7.25,0,0,2018-08-14 23:59:59
2018-08-15,7.14,7.14,7.14,7.14,0,0,2018-08-15 23:59:59
2018-08-16,7.14,7.14,7.14,7.14,0,0,2018-08-16 23:59:59
2018-08-17,7.12,7.12,7.12,7.12,0,0,2018-08-17 23:59:59
2018-08-20,7.09,7.09,7.09,7.09,0,0,2018-08-20 23:59:59
2018-08-21,6.86,6.86,6.86,6.86,0,0,2018-08-21 23:59:59
2018-08-22,7.01,7.01,7.01,7.01,0,0,2018-08-22 23:59:59
2018-08-23,7.01,7.01,7.01,7.01,0,0,2018-08-23 23:59:59
2018-08-24,6.84,6.84,6.84,6.84,0,0,2018-08-24 23:59:59
2018-08-27,7.07,7.07,7.07,7.07,0,0,2018-08-27 23:59:59
2018-08-28,7.27,7.27,7.27,7.27,0,0,2018-08-28 23:59:59
2018-08-29,7.1,7.1,7.1,7.1,0,0,2018-08-29 23:59:59
2018-08-30,7.2,7.2,7.2,7.2,0,0,2018-08-30 23:59:59
2018-08-31,7.27,7.27,7.27,7.27,0,0,2018-08-31 23:59:59
2018-09-03,7.22,7.22,7.22,7.22,0,0,2018-09-03 23:59:59
2018-09-04,7.25,7.25,7.25,7.25,0,0,2018-09-04 23:59:59
2018-09-05,7.28,7.28,7.28,7.28,0,0,2018-09-05 23:59:59
2018-09-06,7.24,7.24,7.24,7.24,0,0,2018-09-06 23:59:59
2018-09-07,7.2,7.2,7.2,7.2,0,0,2018-09-07 23:59:59
2018-09-10,7.25,7.25,7.25,7.25,0,0,2018-09-10 23:59:59
2018-09-11,7.25,7.25,7.25,7.25,0,0,2018-09-11 23:59:59
2018-09-12,7.28,7.28,7.28,7.28,0,0,2018-09-12 23:59:59
2018-09-13,7.22,7.22,7.22,7.22,0,0,2018-09-13 23:59:59
2018-09-14,7.19,7.19,7.19,7.19,0,0,2018-09-14 23:59:59
2018-09-17,7.44,7.44,7.44,7.44,0,0,2018-09-17 23:59:59
2018-09-18,7.33,7.33,7.33,7.33,0,0,2018-09-18 23:59:59
2018-09-19,7.35,7.35,7.35,7.35,0,0,2018-09-19 23:59:59
2018-09-20,7.31,7.31,7.31,7.31,0,0,2018-09-20 23:59:59
2018-09-21,7.42,7.42,7.42,7.42,0,0,2018-09-21 23:59:59
2018-09-24,7.49,7.49,7.49,7.49,0,0,2018-09-24 23:59:59
2018-09-25,7.5,7.5,7.5,7.5,0,0,2018-09-25 23:59:59
2018-09-26,7.81,7.81,7.81,7.81,0,0,2018-09-26 23:59:59
2018-09-27,7.6,7.6,7.6,7.6,0,0,2018-09-27 23:59:59
2018-09-28,7.78,7.78,7.78,7.78,0,0,2018-09-28 23:59:59
2018-10-01,7.6,7.6,7.6,7.6,0,0,2018-10-01 23:59:59
2018-10-02,7.4,7.4,7.4,7.4,0,0,2018-10-02 23:59:59
2018-10-03,7.5,7.5,7.5,7.5,0,0,2018-10-03 23:59:59
2018-10-04,7.56,7.56,7.56,7.56,0,0,2018-10-04 23:59:59
2018-10-05,7.75,7.75,7.75,7.75,0,0,2018-10-05 23:59:59
2018-10-08,7.73,7.73,7.73,7.73,0,0,2018-10-08 23:59:59
2018-10-09,7.63,7.63,7.63,7.63,0,0,2018-10-09 23:59:59
2018-10-10,7.54,7.54,7.54,7.54,0,0,2018-10-10 23:59:59
2018-10-11,7.6,7.6,7.6,7.6,0,0,2018-10-11 23:59:59
2018-10-12,7.6,7.6,7.6,7.6,0,0,2018-10-12 23:59:59
2018-10-15,7.59,7.59,7.59,7.59,0,0,2018-10-15 23:59:59
2018-10-16,7.55,7.55,7.55,7.55,0,0,2018-10-16 23:59:59
2018-10-17,7.4,7.4,7.4,7.4,0,0,2018-10-17 23:59:59
2018-10-18,7.4,7.4,7.4,7.4,0,0,2018-10-18 23:59:59
2018-10-19,7.52,7.52,7.52,7.52,0,0,2018-10-19 23:59:59
2018-10-22,7.42,7.42,7.42,7.42,0,0,2018-10-22 23:59:59
2018-10-23,7.27,7.27,7.27,7.27,0,0,2018-10-23 23:59:59
2018-10-24,7.25,7.25,7.25,7.25,0,0,2018-10-24 23:59:59
2018-10-25,7.19,7.19,7.19,7.19,0,0,2018-10-25 23:59:59
2018-10-26,7.33,7.33,7.33,7.33,0,0,2018-10-26 23:59:59
2018-10-29,7.19,7.19,7.19,7.19,0,0,2018-10-29 23:59:59
2018-10-30,7.15,7.15,7.15,7.15,0,0,2018-10-30 23:59:59
2018-10-31,7.21,7.21,7.21,7.21,0,0,2018-10-31 23:59:59
2018-11-01,6.87,6.87,6.87,6.87,0,0,2018-11-01 23:59:59
2018-11-02,7.44,7.44,7.44,7.44,0,0,2018-11-02 23:59:59
2018-11-06,7.49,7.49,7.49,7.49,0,0,2018-11-06 23:59:59
2018-11-07,7.42,7.42,7.42,7.42,0,0,2018-11-07 23:59:59
2018-11-08,7.35,7.35,7.35,7.35,0,0,2018-11-08 23:59:59
2018-11-09,7.42,7.42,7.42,7.42,0,0,2018-11-09 23:59:59
2018-11-12,7.43,7.43,7.43,7.43,0,0,2018-11-12 23:59:59
2018-11-13,7.47,7.47,7.47,7.47,0,0,2018-11-13 23:59:59
2018-11-14,7.48,7.48,7.48,7.48,0,0,2018-11-14 23:59:59
2018-11-15,7.26,7.26,7.26,7.26,0,0,2018-11-15 23:59:59
2018-11-16,7.07,7.07,7.07,7.07,0,0,2018-11-16 23:59:59
2018-11-19,7.3,7.3,7.3,7.3,0,0,2018-11-19 23:59:59
2018-11-20,7.18,7.18,7.18,7.18,0,0,2018-11-20 23:59:59
2018-11-21,7.36,7.36,7.36,7.36,0,0,2018-11-21 23:59:59
2018-11-22,7.12,7.12,7.12,7.12,0,0,2018-11-22 23:59:59
2018-11-23,7.1,7.1,7.1,7.1,0,0,2018-11-23 23:59:59
2018-11-26,7.54,7.54,7.54,7.54,0,0,2018-11-26 23:59:59
2018-11-27,7.68,7.68,7.68,7.68,0,0,2018-11-27 23:59:59
2018-11-28,7.56,7.56,7.56,7.56,0,0,2018-11-28 23:59:59
2018-11-29,7.44,7.44,7.44,7.44,0,0,2018-11-29 23:59:59
2018-11-30,7.57,7.57,7.57,7.57,0,0,2018-11-30 23:59:59
2018-12-03,7.5,7.5,7.5,7.5,0,0,2018-12-03 23:59:59
2018-12-04,7.44,7.44,7.44,7.44,0,0,2018-12-04 23:59:59
2018-12-05,7.44,7.44,7.44,7.44,0,0,2018-12-05 23:59:59
2018-12-06,7.47,7.47,7.47,7.47,0,0,2018-12-06 23:59:59
2018-12-07,7.46,7.46,7.46,7.46,0,0,2018-12-07 23:59:59
2018-12-10,7.5,7.5,7.5,7.5,0,0,2018-12-10 23:59:59
2018-12-11,7.56,7.56,7.56,7.56,0,0,2018-12-11 23:59:59
2018-12-12,7.49,7.49,7.49,7.49,0,0,2018-12-12 23:59:59
2018-12-13,7.49,7.49,7.49,7.49,0,0,2018-12-13 23:59:59
2018-12-14,7.51,7.51,7.51,7.51,0,0,2018-12-14 23:59:59
2018-12-17,7.77,7.77,7.77,7.77,0,0,2018-12-17 23:59:59
2018-12-18,7.66,7.66,7.66,7.66,0,0,2018-12-18 23:59:59
2018-12-19,7.69,7.69,7.69,7.69,0,0,2018-12-19 23:59:59
2018-12-20,7.62,7.62,7.62,7.62,0,0,2018-12-20 23:59:59
2018-12-21,7.69,7.69,7.69,7.69,0,0,2018-12-21 23:59:59
2018-12-24,7.64,7.64,7.64,7.64,0,0,2018-12-24 23:59:59
2018-12-25,7.7,7.7,7.7,7.7,0,0,2018-12-25 23:59:59
2018-12-26,7.69,7.69,7.69,7.69,0,0,2018-12-26 23:59:59
2018-12-27,7.51,7.51,7.51,7.51,0,0,2018-12-27 23:59:59
2018-12-28,7.29,7.29,7.29,7.29,0,0,2018-12-28 23:59:59
2019-01-09,7.71,7.71,7.71,7.71,0,0,2019-01-09 23:59:59
2019-01-10,7.68,7.68,7.68,7.68,0,0,2019-01-10 23:59:59
2019-01-11,7.51,7.51,7.51,7.51,0,0,2019-01-11 23:59:59
2019-01-14,7.56,7.56,7.56,7.56,0,0,2019-01-14 23:59:59
2019-01-15,7.62,7.62,7.62,7.62,0,0,2019-01-15 23:59:59
2019-01-16,7.57,7.57,7.57,7.57,0,0,2019-01-16 23:59:59
2019-01-17,7.6,7.6,7.6,7.6,0,0,2019-01-17 23:59:59
2019-01-18,7.66,7.66,7.66,7.66,0,0,2019-01-18 23:59:59
2019-01-21,7.73,7.73,7.73,7.73,0,0,2019-01-21 23:59:59
2019-01-22,7.74,7.74,7.74,7.74,0,0,2019-01-22 23:59:59
2019-01-23,7.66,7.66,7.66,7.66,0,0,2019-01-23 23:59:59
2019-01-24,7.68,7.68,7.68,7.68,0,0,2019-01-24 23:59:59
2019-01-25,7.75,7.75,7.75,7.75,0,0,2019-01-25 23:59:59
2019-01-28,7.83,7.83,7.83,7.83,0,0,2019-01-28 23:59:59
2019-01-29,7.95,7.95,7.95,7.95,0,0,2019-01-29 23:59:59
2019-01-30,7.81,7.81,7.81,7.81,0,0,2019-01-30 23:59:59
2019-01-31,7.84,7.84,7.84,7.84,0,0,2019-01-31 23:59:59
2019-02-01,7.51,7.51,7.51,7.51,0,0,2019-02-01 23:59:59
2019-02-04,7.56,7.56,7.56,7.56,0,0,2019-02-04 23:59:59
2019-02-05,7.7,7.7,7.7,7.7,0,0,2019-02-05 23:59:59
2019-02-06,7.65,7.65,7.65,7.65,0,0,2019-02-06 23:59:59
2019-02-07,7.68,7.68,7.68,7.68,0,0,2019-02-07 23:59:59
2019-02-08,7.64,7.64,7.64,7.64,0,0,2019-02-08 23:59:59
2019-02-11,7.64,7.64,7.64,7.64,0,0,2019-02-11 23:59:59
2019-02-12,7.63,7.63,7.63,7.63,0,0,2019-02-12 23:59:59
2019-02-13,7.54,7.54,7.54,7.54,0,0,2019-02-13 23:59:59
2019-02-14,7.41,7.41,7.41,7.41,0,0,2019-02-14 23:59:59
2019-02-15,7.56,7.56,7.56,7.56,0,0,2019-02-15 23:59:59
2019-02-18,7.56,7.56,7.56,7.56,0,0,2019-02-18 23:59:59
2019-02-19,7.56,7.56,7.56,7.56,0,0,2019-02-19 23:59:59
2019-02-20,7.42,7.42,7.42,7.42,0,0,2019-02-20 23:59:59
2019-02-21,7.32,7.32,7.32,7.32,0,0,2019-02-21 23:59:59
2019-02-22,7.12,7.12,7.12,7.12,0,0,2019-02-22 23:59:59
2019-02-25,7.38,7.38,7.38,7.38,0,0,2019-02-25 23:59:59
2019-02-26,7.46,7.46,7.46,7.46,0,0,2019-02-26 23:59:59
2019-02-27,7.6,7.6,7.6,7.6,0,0,2019-02-27 23:59:59
2019-02-28,7.7,7.7,7.7,7.7,0,0,2019-02-28 23:59:59
2019-03-01,7.69,7.69,7.69,7.69,0,0,2019-03-01 23:59:59
2019-03-04,7.54,7.54,7.54,7.54,0,0,2019-03-04 23:59:59
2019-03-05,7.66,7.66,7.66,7.66,0,0,2019-03-05 23:59:59
2019-03-06,7.62,7.62,7.62,7.62,0,0,2019-03-06 23:59:59
2019-03-07,7.66,7.66,7.66,7.66,0,0,2019-03-07 23:59:59
2019-03-11,7.7,7.7,7.7,7.7,0,0,2019-03-11 23:59:59
2019-03-12,7.7,7.7,7.7,7.7,0,0,2019-03-12 23:59:59
2019-03-13,7.58,7.58,7.58,7.58,0,0,2019-03-13 23:59:59
2019-03-14,7.47,7.47,7.47,7.47,0,0,2019-03-14 23:59:59
2019-03-15,7.51,7.51,7.51,7.51,0,0,2019-03-15 23:59:59
2019-03-18,7.49,7.49,7.49,7.49,0,0,2019-03-18 23:59:59
2019-03-19,7.59,7.59,7.59,7.59,0,0,2019-03-19 23:59:59
2019-03-20,7.57,7.57,7.57,7.57,0,0,2019-03-20 23:59:59
2019-03-21,7.52,7.52,7.52,7.52,0,0,2019-03-21 23:59:59
2019-03-22,7.52,7.52,7.52,7.52,0,0,2019-03-22 23:59:59
2019-03-25,7.59,7.59,7.59,7.59,0,0,2019-03-25 23:59:59
2019-03-26,7.69,7.69,7.69,7.69,0,0,2019-03-26 23:59:59
2019-03-27,7.69,7.69,7.69,7.69,0,0,2019-03-27 23:59:59
2019-03-28,7.59,7.59,7.59,7.59,0,0,2019-03-28 23:59:59
2019-03-29,7.89,7.89,7.89,7.89,0,0,2019-03-29 23:59:59
2019-04-01,7.63,7.63,7.63,7.63,0,0,2019-04-01 23:59:59
2019-04-02,7.61,7.61,7.61,7.61,0,0,2019-04-02 23:59:59
2019-04-03,7.63,7.63,7.63,7.63,0,0,2019-04-03 23:59:59
2019-04-04,7.62,7.62,7.62,7.62,0,0,2019-04-04 23:59:59
2019-04-05,7.78,7.78,7.78,7.78,0,0,2019-04-05 23:59:59
2019-04-08,7.64,7.64,7.64,7.64,0,0,2019-04-08 23:59:59
2019-04-09,7.59,7.59,7.59,7.59,0,0,2019-04-09 23:59:59
2019-04-10,7.55,7.55,7.55,7.55,0,0,2019-04-10 23:59:59
2019-04-11,7.68,7.68,7.68,7.68,0,0,2019-04-11 23:59:59
2019-04-12,7.69,7.69,7.69,7.69,0,0,2019-04-12 23:59:59
2019-04-15,7.76,7.76,7.76,7.76,0,0,2019-04-15 23:59:59
2019-04-16,7.95,7.95,7.95,7.95,0,0,2019-04-16 23:59:59
2019-04-17,7.52,7.52,7.52,7.52,0,0,2019-04-17 23:59:59
2019-04-18,7.59,7.59,7.59,7.59,0,0,2019-04-18 23:59:59
2019-04-19,7.53,7.53,7.53,7.53,0,0,2019-04-19 23:59:59
2019-04-22,7.49,7.49,7.49,7.49,0,0,2019-04-22 23:59:59
2019-04-23,7.39,7.39,7.39,7.39,0,0,2019-04-23 23:59:59
2019-04-24,7.42,7.42,7.42,7.42,0,0,2019-04-24 23:59:59
2019-04-25,7.49,7.49,7.49,7.49,0,0,2019-04-25 23:59:59
2019-04-26,7.57,7.57,7.57,7.57,0,0,2019-04-26 23:59:59
2019-04-29,7.57,7.57,7.57,7.57,0,0,2019-04-29 23:59:59
2019-05-06,7.28,7.28,7.28,7.28,0,0,2019-05-06 23:59:59
2019-05-07,7.5,7.5,7.5,7.5,0,0,2019-05-07 23:59:59
2019-05-13,7.64,7.64,7.64,7.64,0,0,2019-05-13 23:59:59
2019-05-14,7.7,7.7,7.7,7.7,0,0,2019-05-14 23:59:59
2019-05-15,7.65,7.65,7.65,7.65,0,0,2019-05-15 23:59:59
2019-05-16,7.55,7.55,7.55,7.55,0,0,2019-05-16 23:59:59
2019-05-17,7.57,7.57,7.57,7.57,0,0,2019-05-17 23:59:59
2019-05-20,7.66,7.66,7.66,7.66,0,0,2019-05-20 23:59:59
2019-05-21,7.67,7.67,7.67,7.67,0,0,2019-05-21 23:59:59
2019-05-22,7.49,7.49,7.49,7.49,0,0,2019-05-22 23:59:59
2019-05-23,7.46,7.46,7.46,7.46,0,0,2019-05-23 23:59:59
2019-05-24,7.29,7.29,7.29,7.29,0,0,2019-05-24 23:59:59
2019-05-27,7.48,7.48,7.48,7.48,0,0,2019-05-27 23:59:59
2019-05-28,7.77,7.77,7.77,7.77,0,0,2019-05-28 23:59:59
2019-05-29,7.84,7.84,7.84,7.84,0,0,2019-05-29 23:59:59
2019-05-30,7.93,7.93,7.93,7.93,0,0,2019-05-30 23:59:59
2019-05-31,7.89,7.89,7.89,7.89,0,0,2019-05-31 23:59:59
2019-06-03,7.66,7.66,7.66,7.66,0,0,2019-06-03 23:59:59
2019-06-04,7.71,7.71,7.71,7.71,0,0,2019-06-04 23:59:59
2019-06-05,7.7,7.7,7.7,7.7,0,0,2019-06-05 23:59:59
2019-06-06,7.81,7.81,7.81,7.81,0,0,2019-06-06 23:59:59
2019-06-07,7.64,7.64,7.64,7.64,0,0,2019-06-07 23:59:59
2019-06-10,7.6,7.6,7.6,7.6,0,0,2019-06-10 23:59:59
2019-06-11,7.59,7.59,7.59,7.59,0,0,2019-06-11 23:59:59
2019-06-13,7.55,7.55,7.55,7.55,0,0,2019-06-13 23:59:59
2019-06-14,7.44,7.44,7.44,7.44,0,0,2019-06-14 23:59:59
2019-06-17,7.42,7.42,7.42,7.42,0,0,2019-06-17 23:59:59
2019-06-18,7.54,7.54,7.54,7.54,0,0,2019-06-18 23:59:59
2019-06-19,7.53,7.53,7.53,7.53,0,0,2019-06-19 23:59:59
2019-06-20,7.55,7.55,7.55,7.55,0,0,2019-06-20 23:59:59
2019-06-21,7.58,7.58,7.58,7.58,0,0,2019-06-21 23:59:59
2019-06-24,7.53,7.53,7.53,7.53,0,0,2019-06-24 23:59:59
2019-06-25,7.51,7.51,7.51,7.51,0,0,2019-06-25 23:59:59
2019-06-26,7.54,7.54,7.54,7.54,0,0,2019-06-26 23:59:59
2019-06-27,7.53,7.53,7.53,7.53,0,0,2019-06-27 23:59:59
2019-06-28,7.54,7.54,7.54,7.54,0,0,2019-06-28 23:59:59
2019-07-01,7.49,7.49,7.49,7.49,0,0,2019-07-01 23:59:59
2019-07-02,7.4,7.4,7.4,7.4,0,0,2019-07-02 23:59:59
2019-07-03,7.34,7.34,7.34,7.34,0,0,2019-07-03 23:59:59
2019-07-04,7.37,7.37,7.37,7.37,0,0,2019-07-04 23:59:59
2019-07-05,7.38,7.38,7.38,7.38,0,0,2019-07-05 23:59:59
2019-07-08,7.36,7.36,7.36,7.36,0,0,2019-07-08 23:59:59
2019-07-09,7.24,7.24,7.24,7.24,0,0,2019-07-09 23:59:59
2019-07-10,7.37,7.37,7.37,7.37,0,0,2019-07-10 23:59:59
2019-07-11,7.35,7.35,7.35,7.35,0,0,2019-07-11 23:59:59
2019-07-12,7.25,7.25,7.25,7.25,0,0,2019-07-12 23:59:59
2019-07-15,7.24,7.24,7.24,7.24,0,0,2019-07-15 23:59:59
2019-07-16,7.29,7.29,7.29,7.29,0,0,2019-07-16 23:59:59
2019-07-17,7.3,7.3,7.3,7.3,0,0,2019-07-17 23:59:59
2019-07-18,7.38,7.38,7.38,7.38,0,0,2019-07-18 23:59:59
2019-07-19,7.37,7.37,7.37,7.37,0,0,2019-07-19 23:59:59
2019-07-22,7.34,7.34,7.34,7.34,0,0,2019-07-22 23:59:59
2019-07-23,7.28,7.28,7.28,7.28,0,0,2019-07-23 23:59:59
2019-07-24,7.19,7.19,7.19,7.19,0,0,2019-07-24 23:59:59
2019-07-25,7.15,7.15,7.15,7.15,0,0,2019-07-25 23:59:59
2019-07-26,7.11,7.11,7.11,7.11,0,0,2019-07-26 23:59:59
2019-07-29,7.15,7.15,7.15,7.15,0,0,2019-07-29 23:59:59
2019-07-30,7.27,7.27,7.27,7.27,0,0,2019-07-30 23:59:59
2019-07-31,7.35,7.35,7.35,7.35,0,0,2019-07-31 23:59:59
2019-08-01,7.24,7.24,7.24,7.24,0,0,2019-08-01 23:59:59
2019-08-02,7.19,7.19,7.19,7.19,0,0,2019-08-02 23:59:59
2019-08-05,7.04,7.04,7.04,7.04,0,0,2019-08-05 23:59:59
2019-08-06,7.02,7.02,7.02,7.02,0,0,2019-08-06 23:59:59
2019-08-07,7.21,7.21,7.21,7.21,0,0,2019-08-07 23:59:59
2019-08-08,7.11,7.11,7.11,7.11,0,0,2019-08-08 23:59:59
2019-08-09,7.01,7.01,7.01,7.01,0,0,2019-08-09 23:59:59
2019-08-12,7.08,7.08,7.08,7.08,0,0,2019-08-12 23:59:59
2019-08-13,7.01,7.01,7.01,7.01,0,0,2019-08-13 23:59:59
2019-08-14,7.02,7.02,7.02,7.02,0,0,2019-08-14 23:59:59
2019-08-15,7.02,7.02,7.02,7.02,0,0,2019-08-15 23:59:59
2019-08-16,7.05,7.05,7.05,7.05,0,0,2019-08-16 23:59:59
2019-08-19,7.08,7.08,7.08,7.08,0,0,2019-08-19 23:59:59
2019-08-20,7.1,7.1,7.1,7.1,0,0,2019-08-20 23:59:59
2019-08-21,7.02,7.02,7.02,7.02,0,0,2019-08-21 23:59:59
2019-08-22,7.01,7.01,7.01,7.01,0,0,2019-08-22 23:59:59
2019-08-23,6.99,6.99,6.99,6.99,0,0,2019-08-23 23:59:59
2019-08-26,7.09,7.09,7.09,7.09,0,0,2019-08-26 23:59:59
2019-08-27,7.23,7.23,7.23,7.23,0,0,2019-08-27 23:59:59
2019-08-28,7.18,7.18,7.18,7.18,0,0,2019-08-28 23:59:59
2019-08-29,7.1,7.1,7.1,7.1,0,0,2019-08-29 23:59:59
2019-08-30,7.09,7.09,7.09,7.09,0,0,2019-08-30 23:59:59
2019-09-02,7.07,7.07,7.07,7.07,0,0,2019-09-02 23:59:59
2019-09-03,7.2,7.2,7.2,7.2,0,0,2019-09-03 23:59:59
2019-09-04,6.95,6.95,6.95,6.95,0,0,2019-09-04 23:59:59
2019-09-05,6.87,6.87,6.87,6.87,0,0,2019-09-05 23:59:59
2019-09-06,6.9,6.9,6.9,6.9,0,0,2019-09-06 23:59:59
2019-09-09,6.86,6.86,6.86,6.86,0,0,2019-09-09 23:59:59
2019-09-10,6.92,6.92,6.92,6.92,0,0,2019-09-10 23:59:59
2019-09-11,6.75,6.75,6.75,6.75,0,0,2019-09-11 23:59:59
2019-09-12,6.79,6.79,6.79,6.79,0,0,2019-09-12 23:59:59
2019-09-13,6.84,6.84,6.84,6.84,0,0,2019-09-13 23:59:59
2019-09-16,6.78,6.78,6.78,6.78,0,0,2019-09-16 23:59:59
2019-09-17,6.77,6.77,6.77,6.77,0,0,2019-09-17 23:59:59
2019-09-18,6.77,6.77,6.77,6.77,0,0,2019-09-18 23:59:59
2019-09-19,6.76,6.76,6.76,6.76,0,0,2019-09-19 23:59:59
2019-09-20,6.76,6.76,6.76,6.76,0,0,2019-09-20 23:59:59
2019-09-23,6.73,6.73,6.73,6.73,0,0,2019-09-23 23:59:59
2019-09-24,6.68,6.68,6.68,6.68,0,0,2019-09-24 23:59:59
2019-09-25,6.79,6.79,6.79,6.79,0,0,2019-09-25 23:59:59
2019-09-26,6.8,6.8,6.8,6.8,0,0,2019-09-26 23:59:59
2019-09-27,6.8,6.8,6.8,6.8,0,0,2019-09-27 23:59:59
2019-09-30,6.87,6.87,6.87,6.87,0,0,2019-09-30 23:59:59
2019-10-01,6.88,6.88,6.88,6.88,0,0,2019-10-01 23:59:59
2019-10-02,6.88,6.88,6.88,6.88,0,0,2019-10-02 23:59:59
2019-10-03,6.89,6.89,6.89,6.89,0,0,2019-10-03 23:59:59
2019-10-04,6.84,6.84,6.84,6.84,0,0,2019-10-04 23:59:59
2019-10-07,6.94,6.94,6.94,6.94,0,0,2019-10-07 23:59:59
2019-10-08,6.99,6.99,6.99,6.99,0,0,2019-10-08 23:59:59
2019-10-09,6.82,6.82,6.82,6.82,0,0,2019-10-09 23:59:59
2019-10-10,6.81,6.81,6.81,6.81,0,0,2019-10-10 23:59:59
2019-10-11,6.75,6.75,6.75,6.75,0,0,2019-10-11 23:59:59
2019-10-14,6.77,6.77,6.77,6.77,0,0,2019-10-14 23:59:59
2019-10-15,6.8,6.8,6.8,6.8,0,0,2019-10-15 23:59:59
2019-10-16,6.85,6.85,6.85,6.85,0,0,2019-10-16 23:59:59
2019-10-17,6.78,6.78,6.78,6.78,0,0,2019-10-17 23:59:59
2019-10-18,6.74,6.74,6.74,6.74,0,0,2019-10-18 23:59:59
2019-10-21,6.68,6.68,6.68,6.68,0,0,2019-10-21 23:59:59
2019-10-22,6.6,6.6,6.6,6.6,0,0,2019-10-22 23:59:59
2019-10-23,6.63,6.63,6.63,6.63,0,0,2019-10-23 23:59:59
2019-10-24,6.65,6.65,6.65,6.65,0,0,2019-10-24 23:59:59
2019-10-25,6.67,6.67,6.67,6.67,0,0,2019-10-25 23:59:59
2019-10-28,6.63,6.63,6.63,6.63,0,0,2019-10-28 23:59:59
2019-10-29,6.74,6.74,6.74,6.74,0,0,2019-10-29 23:59:59
2019-10-30,6.56,6.56,6.56,6.56,0,0,2019-10-30 23:59:59
2019-10-31,6.51,6.51,6.51,6.51,0,0,2019-10-31 23:59:59
2019-11-01,6.4,6.4,6.4,6.4,0,0,2019-11-01 23:59:59
2019-11-05,6.26,6.26,6.26,6.26,0,0,2019-11-05 23:59:59
2019-11-06,6.37,6.37,6.37,6.37,0,0,2019-11-06 23:59:59
2019-11-07,6.42,6.42,6.42,6.42,0,0,2019-11-07 23:59:59
2019-11-08,6.41,6.41,6.41,6.41,0,0,2019-11-08 23:59:59
2019-11-11,6.37,6.37,6.37,6.37,0,0,2019-11-11 23:59:59
2019-11-12,6.37,6.37,6.37,6.37,0,0,2019-11-12 23:59:59
2019-11-13,6.4,6.4,6.4,6.4,0,0,2019-11-13 23:59:59
2019-11-14,6.49,6.49,6.49,6.49,0,0,2019-11-14 23:59:59
2019-11-15,6.45,6.45,6.45,6.45,0,0,2019-11-15 23:59:59
2019-11-18,6.48,6.48,6.48,6.48,0,0,2019-11-18 23:59:59
2019-11-19,6.48,6.48,6.48,6.48,0,0,2019-11-19 23:59:59
2019-11-20,6.52,6.52,6.52,6.52,0,0,2019-11-20 23:59:59
2019-11-21,6.48,6.48,6.48,6.48,0,0,2019-11-21 23:59:59
2019-11-22,6.45,6.45,6.45,6.45,0,0,2019-11-22 23:59:59
2019-11-25,6.48,6.48,6.48,6.48,0,0,2019-11-25 23:59:59
2019-11-26,6.53,6.53,6.53,6.53,0,0,2019-11-26 23:59:59
2019-11-27,6.51,6.51,6.51,6.51,0,0,2019-11-27 23:59:59
2019-11-28,6.52,6.52,6.52,6.52,0,0,2019-11-28 23:59:59
2019-11-29,6.54,6.54,6.54,6.54,0,0,2019-11-29 23:59:59
2019-12-02,6.5,6.5,6.5,6.5,0,0,2019-12-02 23:59:59
2019-12-03,6.52,6.52,6.52,6.52,0,0,2019-12-03 23:59:59
2019-12-04,6.5,6.5,6.5,6.5,0,0,2019-12-04 23:59:59
2019-12-05,6.38,6.38,6.38,6.38,0,0,2019-12-05 23:59:59
2019-12-06,6.3,6.3,6.3,6.3,0,0,2019-12-06 23:59:59
2019-12-09,6.32,6.32,6.32,6.32,0,0,2019-12-09 23:59:59
2019-12-10,6.26,6.26,6.26,6.26,0,0,2019-12-10 23:59:59
2019-12-11,6.26,6.26,6.26,6.26,0,0,2019-12-11 23:59:59
2019-12-12,6.05,6.05,6.05,6.05,0,0,2019-12-12 23:59:59
2019-12-13,6.0,6.0,6.0,6.0,0,0,2019-12-13 23:59:59
2019-12-16,6.0,6.0,6.0,6.0,0,0,2019-12-16 23:59:59
2019-12-17,6.0,6.0,6.0,6.0,0,0,2019-12-17 23:59:59
2019-12-18,6.01,6.01,6.01,6.01,0,0,2019-12-18 23:59:59
2019-12-19,6.03,6.03,6.03,6.03,0,0,2019-12-19 23:59:59
2019-12-20,6.08,6.08,6.08,6.08,0,0,2019-12-20 23:59:59
2019-12-23,6.1,6.1,6.1,6.1,0,0,2019-12-23 23:59:59
2019-12-24,6.19,6.19,6.19,6.19,0,0,2019-12-24 23:59:59
2019-12-25,6.18,6.18,6.18,6.18,0,0,2019-12-25 23:59:59
2019-12-26,6.2,6.2,6.2,6.2,0,0,2019-12-26 23:59:59
2019-12-27,6.25,6.25,6.25,6.25,0,0,2019-12-27 23:59:59
2019-12-30,6.34,6.34,6.34,6.34,0,0,2019-12-30 23:59:59
2020-01-09,6.23,6.23,6.23,6.23,0,0,2020-01-09 23:59:59
2020-01-10,6.2,6.2,6.2,6.2,0,0,2020-01-10 23:59:59
2020-01-13,6.03,6.03,6.03,6.03,0,0,2020-01-13 23:59:59
2020-01-14,5.95,5.95,5.95,5.95,0,0,2020-01-14 23:59:59
2020-01-15,6.03,6.03,6.03,6.03,0,0,2020-01-15 23:59:59
2020-01-16,6.05,6.05,6.05,6.05,0,0,2020-01-16 23:59:59
2020-01-17,6.06,6.06,6.06,6.06,0,0,2020-01-17 23:59:59
2020-01-20,6.06,6.06,6.06,6.06,0,0,2020-01-20 23:59:59
2020-01-21,6.04,6.04,6.04,6.04,0,0,2020-01-21 23:59:59
2020-01-22,6.03,6.03,6.03,6.03,0,0,2020-01-22 23:59:59
2020-01-23,6.01,6.01,6.01,6.01,0,0,2020-01-23 23:59:59
2020-01-24,6.0,6.0,6.0,6.0,0,0,2020-01-24 23:59:59
2020-01-27,6.07,6.07,6.07,6.07,0,0,2020-01-27 23:59:59
2020-01-28,6.21,6.21,6.21,6.21,0,0,2020-01-28 23:59:59
2020-01-29,6.16,6.16,6.16,6.16,0,0,2020-01-29 23:59:59
2020-01-30,6.16,6.16,6.16,6.16,0,0,2020-01-30 23:59:59
2020-01-31,6.13,6.13,6.13,6.13,0,0,2020-01-31 23:59:59
2020-02-03,6.05,6.05,6.05,6.05,0,0,2020-02-03 23:59:59
2020-02-04,6.04,6.04,6.04,6.04,0,0,2020-02-04 23:59:59
2020-02-05,6.04,6.04,6.04,6.04,0,0,2020-02-05 23:59:59
2020-02-06,6.04,6.04,6.04,6.04,0,0,2020-02-06 23:59:59
2020-02-07,6.04,6.04,6.04,6.04,0,0,2020-02-07 23:59:59
2020-02-10,6.0,6.0,6.0,6.0,0,0,2020-02-10 23:59:59
2020-02-11,5.94,5.94,5.94,5.94,0,0,2020-02-11 23:59:59
2020-02-12,5.79,5.79,5.79,5.79,0,0,2020-02-12 23:59:59
2020-02-13,5.76,5.76,5.76,5.76,0,0,2020-02-13 23:59:59
2020-02-14,5.8,5.8,5.8,5.8,0,0,2020-02-14 23:59:59
2020-02-17,5.79,5.79,5.79,5.79,0,0,2020-02-17 23:59:59
2020-02-18,5.78,5.78,5.78,5.78,0,0,2020-02-18 23:59:59
2020-02-19,5.76,5.76,5.76,5.76,0,0,2020-02-19 23:59:59
2020-02-20,5.77,5.77,5.77,5.77,0,0,2020-02-20 23:59:59
2020-02-21,5.75,5.75,5.75,5.75,0,0,2020-02-21 23:59:59
2020-02-25,5.75,5.75,5.75,5.75,0,0,2020-02-25 23:59:59
2020-02-26,5.93,5.93,5.93,5.93,0,0,2020-02-26 23:59:59
2020-02-27,5.97,5.97,5.97,5.97,0,0,2020-02-27 23:59:59
2020-02-28,6.04,6.04,6.04,6.04,0,0,2020-02-28 23:59:59
2020-03-02,5.96,5.96,5.96,5.96,0,0,2020-03-02 23:59:59
2020-03-03,5.92,5.92,5.92,5.92,0,0,2020-03-03 23:59:59
2020-03-04,5.9,5.9,5.9,5.9,0,0,2020-03-04 23:59:59
2020-03-05,5.91,5.91,5.91,5.91,0,0,2020-03-05 23:59:59
2020-03-06,5.91,5.91,5.91,5.91,0,0,2020-03-06 23:59:59
2020-03-10,6.35,6.35,6.35,6.35,0,0,2020-03-10 23:59:59
2020-03-11,5.8,5.8,5.8,5.8,0,0,2020-03-11 23:59:59
2020-03-12,5.54,5.54,5.54,5.54,0,0,2020-03-12 23:59:59
2020-03-13,5.43,5.43,5.43,5.43,0,0,2020-03-13 23:59:59
2020-03-16,5.45,5.45,5.45,5.45,0,0,2020-03-16 23:59:59
2020-03-17,5.44,5.44,5.44,5.44,0,0,2020-03-17 23:59:59
2020-03-18,5.56,5.56,5.56,5.56,0,0,2020-03-18 23:59:59
2020-03-19,5.63,5.63,5.63,5.63,0,0,2020-03-19 23:59:59
2020-03-20,5.81,5.81,5.81,5.81,0,0,2020-03-20 23:59:59
2020-03-23,5.93,5.93,5.93,5.93,0,0,2020-03-23 23:59:59
2020-03-24,5.95,5.95,5.95,5.95,0,0,2020-03-24 23:59:59
2020-03-25,5.93,5.93,5.93,5.93,0,0,2020-03-25 23:59:59
2020-03-26,5.97,5.97,5.97,5.97,0,0,2020-03-26 23:59:59
2020-03-27,6.16,6.16,6.16,6.16,0,0,2020-03-27 23:59:59
2020-03-30,6.25,6.25,6.25,6.25,0,0,2020-03-30 23:59:59
2020-03-31,5.69,5.69,5.69,5.69,0,0,2020-03-31 23:59:59
2020-04-01,5.2,5.2,5.2,5.2,0,0,2020-04-01 23:59:59
2020-04-02,5.56,5.56,5.56,5.56,0,0,2020-04-02 23:59:59
2020-04-03,5.75,5.75,5.75,5.75,0,0,2020-04-03 23:59:59
2020-04-06,5.9,5.9,5.9,5.9,0,0,2020-04-06 23:59:59
2020-04-07,5.85,5.85,5.85,5.85,0,0,2020-04-07 23:59:59
2020-04-08,5.82,5.82,5.82,5.82,0,0,2020-04-08 23:59:59
2020-04-09,5.97,5.97,5.97,5.97,0,0,2020-04-09 23:59:59
2020-04-10,6.09,6.09,6.09,6.09,0,0,2020-04-10 23:59:59
2020-04-13,6.04,6.04,6.04,6.04,0,0,2020-04-13 23:59:59
2020-04-14,5.99,5.99,5.99,5.99,0,0,2020-04-14 23:59:59
2020-04-15,6.0,6.0,6.0,6.0,0,0,2020-04-15 23:59:59
2020-04-16,6.04,6.04,6.04,6.04,0,0,2020-04-16 23:59:59
2020-04-17,6.15,6.15,6.15,6.15,0,0,2020-04-17 23:59:59
2020-04-20,6.16,6.16,6.16,6.16,0,0,2020-04-20 23:59:59
2020-04-21,6.31,6.31,6.31,6.31,0,0,2020-04-21 23:59:59
2020-04-22,6.37,6.37,6.37,6.37,0,0,2020-04-22 23:59:59
2020-04-23,6.27,6.27,6.27,6.27,0,0,2020-04-23 23:59:59
2020-04-24,5.88,5.88,5.88,5.88,0,0,2020-04-24 23:59:59
2020-04-27,5.54,5.54,5.54,5.54,0,0,2020-04-27 23:59:59
2020-04-28,5.55,5.55,5.55,5.55,0,0,2020-04-28 23:59:59
2020-04-29,5.79,5.79,5.79,5.79,0,0,2020-04-29 23:59:59
2020-04-30,5.75,5.75,5.75,5.75,0,0,2020-04-30 23:59:59
2020-05-06,5.5,5.5,5.5,5.5,0,0,2020-05-06 23:59:59
2020-05-07,5.41,5.41,5.41,5.41,0,0,2020-05-07 23:59:59
2020-05-08,5.21,5.21,5.21,5.21,0,0,2020-05-08 23:59:59
2020-05-12,5.39,5.39,5.39,5.39,0,0,2020-05-12 23:59:59
2020-05-13,5.54,5.54,5.54,5.54,0,0,2020-05-13 23:59:59
2020-05-14,5.54,5.54,5.54,5.54,0,0,2020-05-14 23:59:59
2020-05-15,5.43,5.43,5.43,5.43,0,0,2020-05-15 23:59:59
2020-05-18,5.44,5.44,5.44,5.44,0,0,2020-05-18 23:59:59
2020-05-19,5.45,5.45,5.45,5.45,0,0,2020-05-19 23:59:59
2020-05-20,5.47,5.47,5.47,5.47,0,0,2020-05-20 23:59:59
2020-05-21,5.48,5.48,5.48,5.48,0,0,2020-05-21 23:59:59
2020-05-22,5.5,5.5,5.5,5.5,0,0,2020-05-22 23:59:59
2020-05-25,5.5,5.5,5.5,5.5,0,0,2020-05-25 23:59:59
2020-05-26,5.51,5.51,5.51,5.51,0,0,2020-05-26 23:59:59
2020-05-27,5.51,5.51,5.51,5.51,0,0,2020-05-27 23:59:59
2020-05-28,5.54,5.54,5.54,5.54,0,0,2020-05-28 23:59:59
2020-05-29,5.59,5.59,5.59,5.59,0,0,2020-05-29 23:59:59
2020-06-01,5.51,5.51,5.51,5.51,0,0,2020-06-01 23:59:59
2020-06-02,5.43,5.43,5.43,5.43,0,0,2020-06-02 23:59:59
2020-06-03,5.41,5.41,5.41,5.41,0,0,2020-06-03 23:59:59
2020-06-04,5.42,5.42,5.42,5.42,0,0,2020-06-04 23:59:59
2020-06-05,5.38,5.38,5.38,5.38,0,0,2020-06-05 23:59:59
2020-06-08,5.23,5.23,5.23,5.23,0,0,2020-06-08 23:59:59
2020-06-09,5.23,5.23,5.23,5.23,0,0,2020-06-09 23:59:59
2020-06-10,5.25,5.25,5.25,5.25,0,0,2020-06-10 23:59:59
2020-06-11,5.13,5.13,5.13,5.13,0,0,2020-06-11 23:59:59
2020-06-15,5.12,5.12,5.12,5.12,0,0,2020-06-15 23:59:59
2020-06-16,5.12,5.12,5.12,5.12,0,0,2020-06-16 23:59:59
2020-06-17,4.97,4.97,4.97,4.97,0,0,2020-06-17 23:59:59
2020-06-18,4.89,4.89,4.89,4.89,0,0,2020-06-18 23:59:59
2020-06-19,4.75,4.75,4.75,4.75,0,0,2020-06-19 23:59:59
2020-06-22,4.5,4.5,4.5,4.5,0,0,2020-06-22 23:59:59
2020-06-23,4.49,4.49,4.49,4.49,0,0,2020-06-23 23:59:59
2020-06-25,4.52,4.52,4.52,4.52,0,0,2020-06-25 23:59:59
2020-06-26,4.62,4.62,4.62,4.62,0,0,2020-06-26 23:59:59
2020-06-29,4.55,4.55,4.55,4.55,0,0,2020-06-29 23:59:59
2020-06-30,4.6,4.6,4.6,4.6,0,0,2020-06-30 23:59:59
2020-07-02,4.47,4.47,4.47,4.47,0,0,2020-07-02 23:59:59
2020-07-03,4.23,4.23,4.23,4.23,0,0,2020-07-03 23:59:59
2020-07-06,4.25,4.25,4.25,4.25,0,0,2020-07-06 23:59:59
2020-07-07,4.36,4.36,4.36,4.36,0,0,2020-07-07 23:59:59
2020-07-08,4.4,4.4,4.4,4.4,0,0,2020-07-08 23:59:59
2020-07-09,4.48,4.48,4.48,4.48,0,0,2020-07-09 23:59:59
2020-07-10,4.4,4.4,4.4,4.4,0,0,2020-07-10 23:59:59
2020-07-13,4.41,4.41,4.41,4.41,0,0,2020-07-13 23:59:59
2020-07-14,4.43,4.43,4.43,4.43,0,0,2020-07-14 23:59:59
2020-07-15,4.34,4.34,4.34,4.34,0,0,2020-07-15 23:59:59
2020-07-16,4.22,4.22,4.22,4.22,0,0,2020-07-16 23:59:59
2020-07-17,4.16,4.16,4.16,4.16,0,0,2020-07-17 23:59:59
2020-07-20,4.18,4.18,4.18,4.18,0,0,2020-07-20 23:59:59
2020-07-21,4.33,4.33,4.33,4.33,0,0,2020-07-21 23:59:59
2020-07-22,4.21,4.21,4.21,4.21,0,0,2020-07-22 23:59:59
2020-07-23,4.13,4.13,4.13,4.13,0,0,2020-07-23 23:59:59
2020-07-24,4.01,4.01,4.01,4.01,0,0,2020-07-24 23:59:59
2020-07-27,4.03,4.03,4.03,4.03,0,0,2020-07-27 23:59:59
2020-07-28,4.11,4.11,4.11,4.11,0,0,2020-07-28 23:59:59
2020-07-29,4.17,4.17,4.17,4.17,0,0,2020-07-29 23:59:59
2020-07-30,4.29,4.29,4.29,4.29,0,0,2020-07-30 23:59:59
2020-07-31,4.4,4.4,4.4,4.4,0,0,2020-07-31 23:59:59
2020-08-03,4.14,4.14,4.14,4.14,0,0,2020-08-03 23:59:59
2020-08-04,4.12,4.12,4.12,4.12,0,0,2020-08-04 23:59:59
2020-08-05,4.15,4.15,4.15,4.15,0,0,2020-08-05 23:59:59
2020-08-06,4.22,4.22,4.22,4.22,0,0,2020-08-06 23:59:59
2020-08-07,4.21,4.21,4.21,4.21,0,0,2020-08-07 23:59:59
2020-08-10,4.2,4.2,4.2,4.2,0,0,2020-08-10 23:59:59
2020-08-11,4.2,4.2,4.2,4.2,0,0,2020-08-11 23:59:59
2020-08-12,4.19,4.19,4.19,4.19,0,0,2020-08-12 23:59:59
2020-08-13,4.16,4.16,4.16,4.16,0,0,2020-08-13 23:59:59
2020-08-14,4.12,4.12,4.12,4.12,0,0,2020-08-14 23:59:59
2020-08-17,4.14,4.14,4.14,4.14,0,0,2020-08-17 23:59:59
2020-08-18,4.14,4.14,4.14,4.14,0,0,2020-08-18 23:59:59
2020-08-19,4.17,4.17,4.17,4.17,0,0,2020-08-19 23:59:59
2020-08-20,4.17,4.17,4.17,4.17,0,0,2020-08-20 23:59:59
2020-08-21,4.15,4.15,4.15,4.15,0,0,2020-08-21 23:59:59
2020-08-24,4.18,4.18,4.18,4.18,0,0,2020-08-24 23:59:59
2020-08-25,4.17,4.17,4.17,4.17,0,0,2020-08-25 23:59:59
2020-08-26,4.27,4.27,4.27,4.27,0,0,2020-08-26 23:59:59
2020-08-27,4.26,4.26,4.26,4.26,0,0,2020-08-27 23:59:59
2020-08-28,4.26,4.26,4.26,4.26,0,0,2020-08-28 23:59:59
2020-08-31,4.25,4.25,4.25,4.25,0,0,2020-08-31 23:59:59
2020-09-01,4.22,4.22,4.22,4.22,0,0,2020-09-01 23:59:59
2020-09-02,4.23,4.23,4.23,4.23,0,0,2020-09-02 23:59:59
2020-09-03,4.22,4.22,4.22,4.22,0,0,2020-09-03 23:59:59
2020-09-04,4.23,4.23,4.23,4.23,0,0,2020-09-04 23:59:59
2020-09-07,4.19,4.19,4.19,4.19,0,0,2020-09-07 23:59:59
2020-09-08,4.2,4.2,4.2,4.2,0,0,2020-09-08 23:59:59
2020-09-09,4.24,4.24,4.24,4.24,0,0,2020-09-09 23:59:59
2020-09-10,4.22,4.22,4.22,4.22,0,0,2020-09-10 23:59:59
2020-09-11,4.23,4.23,4.23,4.23,0,0,2020-09-11 23:59:59
2020-09-14,4.22,4.22,4.22,4.22,0,0,2020-09-14 23:59:59
2020-09-15,4.25,4.25,4.25,4.25,0,0,2020-09-15 23:59:59
2020-09-16,4.29,4.29,4.29,4.29,0,0,2020-09-16 23:59:59
2020-09-17,4.3,4.3,4.3,4.3,0,0,2020-09-17 23:59:59
2020-09-18,4.31,4.31,4.31,4.31,0,0,2020-09-18 23:59:59
2020-09-21,4.29,4.29,4.29,4.29,0,0,2020-09-21 23:59:59
2020-09-22,4.25,4.25,4.25,4.25,0,0,2020-09-22 23:59:59
2020-09-23,4.23,4.23,4.23,4.23,0,0,2020-09-23 23:59:59
2020-09-24,4.16,4.16,4.16,4.16,0,0,2020-09-24 23:59:59
2020-09-25,4.19,4.19,4.19,4.19,0,0,2020-09-25 23:59:59
2020-09-28,4.25,4.25,4.25,4.25,0,0,2020-09-28 23:59:59
2020-09-29,4.26,4.26,4.26,4.26,0,0,2020-09-29 23:59:59
2020-09-30,4.28,4.28,4.28,4.28,0,0,2020-09-30 23:59:59
2020-10-01,4.19,4.19,4.19,4.19,0,0,2020-10-01 23:59:59
2020-10-02,3.99,3.99,3.99,3.99,0,0,2020-10-02 23:59:59
2020-10-05,4.23,4.23,4.23,4.23,0,0,2020-10-05 23:59:59
2020-10-06,4.21,4.21,4.21,4.21,0,0,2020-10-06 23:59:59
2020-10-07,4.22,4.22,4.22,4.22,0,0,2020-10-07 23:59:59
2020-10-08,4.33,4.33,4.33,4.33,0,0,2020-10-08 23:59:59
2020-10-09,4.35,4.35,4.35,4.35,0,0,2020-10-09 23:59:59
2020-10-12,4.35,4.35,4.35,4.35,0,0,2020-10-12 23:59:59
2020-10-13,4.38,4.38,4.38,4.38,0,0,2020-10-13 23:59:59
2020-10-14,4.3,4.3,4.3,4.3,0,0,2020-10-14 23:59:59
2020-10-15,4.3,4.3,4.3,4.3,0,0,2020-10-15 23:59:59
2020-10-16,4.26,4.26,4.26,4.26,0,0,2020-10-16 23:59:59
2020-10-19,4.33,4.33,4.33,4.33,0,0,2020-10-19 23:59:59
2020-10-20,4.3,4.3,4.3,4.3,0,0,2020-10-20 23:59:59
2020-10-21,4.31,4.31,4.31,4.31,0,0,2020-10-21 23:59:59
2020-10-22,4.31,4.31,4.31,4.31,0,0,2020-10-22 23:59:59
2020-10-23,4.31,4.31,4.31,4.31,0,0,2020-10-23 23:59:59
2020-10-26,4.32,4.32,4.32,4.32,0,0,2020-10-26 23:59:59
2020-10-27,4.34,4.34,4.34,4.34,0,0,2020-10-27 23:59:59
2020-10-28,4.32,4.32,4.32,4.32,0,0,2020-10-28 23:59:59
2020-10-29,4.36,4.36,4.36,4.36,0,0,2020-10-29 23:59:59
2020-10-30,4.38,4.38,4.38,4.38,0,0,2020-10-30 23:59:59
2020-11-02,4.31,4.31,4.31,4.31,0,0,2020-11-02 23:59:59
2020-11-03,4.27,4.27,4.27,4.27,0,0,2020-11-03 23:59:59
2020-11-05,4.28,4.28,4.28,4.28,0,0,2020-11-05 23:59:59
2020-11-06,4.31,4.31,4.31,4.31,0,0,2020-11-06 23:59:59
2020-11-09,4.15,4.15,4.15,4.15,0,0,2020-11-09 23:59:59
2020-11-10,4.07,4.07,4.07,4.07,0,0,2020-11-10 23:59:59
2020-11-11,4.13,4.13,4.13,4.13,0,0,2020-11-11 23:59:59
2020-11-12,4.25,4.25,4.25,4.25,0,0,2020-11-12 23:59:59
2020-11-13,4.25,4.25,4.25,4.25,0,0,2020-11-13 23:59:59
2020-11-16,4.18,4.18,4.18,4.18,0,0,2020-11-16 23:59:59
2020-11-17,4.14,4.14,4.14,4.14,0,0,2020-11-17 23:59:59
2020-11-18,4.16,4.16,4.16,4.16,0,0,2020-11-18 23:59:59
2020-11-19,4.1,4.1,4.1,4.1,0,0,2020-11-19 23:59:59
2020-11-20,4.08,4.08,4.08,4.08,0,0,2020-11-20 23:59:59
2020-11-23,4.07,4.07,4.07,4.07,0,0,2020-11-23 23:59:59
2020-11-24,4.06,4.06,4.06,4.06,0,0,2020-11-24 23:59:59
2020-11-25,4.06,4.06,4.06,4.06,0,0,2020-11-25 23:59:59
2020-11-26,4.09,4.09,4.09,4.09,0,0,2020-11-26 23:59:59
2020-11-27,4.08,4.08,4.08,4.08,0,0,2020-11-27 23:59:59
2020-11-30,4.07,4.07,4.07,4.07,0,0,2020-11-30 23:59:59
2020-12-01,4.08,4.08,4.08,4.08,0,0,2020-12-01 23:59:59
2020-12-02,4.07,4.07,4.07,4.07,0,0,2020-12-02 23:59:59
2020-12-03,4.05,4.05,4.05,4.05,0,0,2020-12-03 23:59:59
2020-12-04,4.01,4.01,4.01,4.01,0,0,2020-12-04 23:59:59
2020-12-07,3.77,3.77,3.77,3.77,0,0,2020-12-07 23:59:59
2020-12-08,4.01,4.01,4.01,4.01,0,0,2020-12-08 23:59:59
2020-12-09,4.07,4.07,4.07,4.07,0,0,2020-12-09 23:59:59
2020-12-10,4.21,4.21,4.21,4.21,0,0,2020-12-10 23:59:59
2020-12-11,4.23,4.23,4.23,4.23,0,0,2020-12-11 23:59:59
2020-12-14,4.27,4.27,4.27,4.27,0,0,2020-12-14 23:59:59
2020-12-15,4.32,4.32,4.32,4.32,0,0,2020-12-15 23:59:59
2020-12-16,4.31,4.31,4.31,4.31,0,0,2020-12-16 23:59:59
2020-12-17,4.35,4.35,4.35,4.35,0,0,2020-12-17 23:59:59
2020-12-18,4.35,4.35,4.35,4.35,0,0,2020-12-18 23:59:59
2020-12-21,4.36,4.36,4.36,4.36,0,0,2020-12-21 23:59:59
2020-12-22,4.4,4.4,4.4,4.4,0,0,2020-12-22 23:59:59
2020-12-23,4.35,4.35,4.35,4.35,0,0,2020-12-23 23:59:59
2020-12-24,4.31,4.31,4.31,4.31,0,0,2020-12-24 23:59:59
2020-12-25,4.27,4.27,4.27,4.27,0,0,2020-12-25 23:59:59
2020-12-28,4.25,4.25,4.25,4.25,0,0,2020-12-28 23:59:59
2020-12-29,4.27,4.27,4.27,4.27,0,0,2020-12-29 23:59:59
2020-12-30,4.48,4.48,4.48,4.48,0,0,2020-12-30 23:59:59
2021-01-11,4.36,4.36,4.36,4.36,0,0,2021-01-11 23:59:59
2021-01-12,4.32,4.32,4.32,4.32,0,0,2021-01-12 23:59:59
2021-01-13,4.25,4.25,4.25,4.25,0,0,2021-01-13 23:59:59
2021-01-14,4.26,4.26,4.26,4.26,0,0,2021-01-14 23:59:59
2021-01-15,4.33,4.33,4.33,4.33,0,0,2021-01-15 23:59:59
2021-01-18,4.33,4.33,4.33,4.33,0,0,2021-01-18 23:59:59
2021-01-19,4.37,4.37,4.37,4.37,0,0,2021-01-19 23:59:59
2021-01-20,4.4,4.4,4.4,4.4,0,0,2021-01-20 23:59:59
2021-01-21,4.4,4.4,4.4,4.4,0,0,2021-01-21 23:59:59
2021-01-22,4.34,4.34,4.34,4.34,0,0,2021-01-22 23:59:59
2021-01-25,4.31,4.31,4.31,4.31,0,0,2021-01-25 23:59:59
2021-01-26,4.32,4.32,4.32,4.32,0,0,2021-01-26 23:59:59
2021-01-27,4.32,4.32,4.32,4.32,0,0,2021-01-27 23:59:59
2021-01-28,4.3,4.3,4.3,4.3,0,0,2021-01-28 23:59:59
2021-01-29,4.34,4.34,4.34,4.34,0,0,2021-01-29 23:59:59
2021-02-01,4.31,4.31,4.31,4.31,0,0,2021-02-01 23:59:59
2021-02-02,4.24,4.24,4.24,4.24,0,0,2021-02-02 23:59:59
2021-02-03,4.11,4.11,4.11,4.11,0,0,2021-02-03 23:59:59
2021-02-04,4.05,4.05,4.05,4.05,0,0,2021-02-04 23:59:59
2021-02-05,3.95,3.95,3.95,3.95,0,0,2021-02-05 23:59:59
2021-02-08,3.53,3.53,3.53,3.53,0,0,2021-02-08 23:59:59
2021-02-09,4.02,4.02,4.02,4.02,0,0,2021-02-09 23:59:59
2021-02-10,4.19,4.19,4.19,4.19,0,0,2021-02-10 23:59:59
2021-02-11,4.03,4.03,4.03,4.03,0,0,2021-02-11 23:59:59
2021-02-12,4.01,4.01,4.01,4.01,0,0,2021-02-12 23:59:59
2021-02-15,3.99,3.99,3.99,3.99,0,0,2021-02-15 23:59:59
2021-02-16,4.01,4.01,4.01,4.01,0,0,2021-02-16 23:59:59
2021-02-17,4.02,4.02,4.02,4.02,0,0,2021-02-17 23:59:59
2021-02-18,4.18,4.18,4.18,4.18,0,0,2021-02-18 23:59:59
2021-02-19,4.17,4.17,4.17,4.17,0,0,2021-02-19 23:59:59
2021-02-24,4.16,4.16,4.16,4.16,0,0,2021-02-24 23:59:59
2021-02-25,4.13,4.13,4.13,4.13,0,0,2021-02-25 23:59:59
2021-02-26,4.2,4.2,4.2,4.2,0,0,2021-02-26 23:59:59
2021-03-01,4.14,4.14,4.14,4.14,0,0,2021-03-01 23:59:59
2021-03-02,4.08,4.08,4.08,4.08,0,0,2021-03-02 23:59:59
2021-03-03,4.06,4.06,4.06,4.06,0,0,2021-03-03 23:59:59
2021-03-04,4.05,4.05,4.05,4.05,0,0,2021-03-04 23:59:59
2021-03-05,3.88,3.88,3.88,3.88,0,0,2021-03-05 23:59:59
2021-03-09,4.05,4.05,4.05,4.05,0,0,2021-03-09 23:59:59
2021-03-10,4.11,4.11,4.11,4.11,0,0,2021-03-10 23:59:59
2021-03-11,4.14,4.14,4.14,4.14,0,0,2021-03-11 23:59:59
2021-03-12,4.14,4.14,4.14,4.14,0,0,2021-03-12 23:59:59
2021-03-15,4.15,4.15,4.15,4.15,0,0,2021-03-15 23:59:59
2021-03-16,4.16,4.16,4.16,4.16,0,0,2021-03-16 23:59:59
2021-03-17,4.11,4.11,4.11,4.11,0,0,2021-03-17 23:59:59
2021-03-18,4.11,4.11,4.11,4.11,0,0,2021-03-18 23:59:59
2021-03-19,4.12,4.12,4.12,4.12,0,0,2021-03-19 23:59:59
2021-03-22,4.39,4.39,4.39,4.39,0,0,2021-03-22 23:59:59
2021-03-23,4.35,4.35,4.35,4.35,0,0,2021-03-23 23:59:59
2021-03-24,4.32,4.32,4.32,4.32,0,0,2021-03-24 23:59:59
2021-03-25,4.4,4.4,4.4,4.4,0,0,2021-03-25 23:59:59
2021-03-26,4.56,4.56,4.56,4.56,0,0,2021-03-26 23:59:59
2021-03-29,4.49,4.49,4.49,4.49,0,0,2021-03-29 23:59:59
2021-03-30,4.5,4.5,4.5,4.5,0,0,2021-03-30 23:59:59
2021-03-31,4.5,4.5,4.5,4.5,0,0,2021-03-31 23:59:59
2021-04-01,4.46,4.46,4.46,4.46,0,0,2021-04-01 23:59:59
2021-04-02,4.45,4.45,4.45,4.45,0,0,2021-04-02 23:59:59
2021-04-05,4.36,4.36,4.36,4.36,0,0,2021-04-05 23:59:59
2021-04-06,4.29,4.29,4.29,4.29,0,0,2021-04-06 23:59:59
2021-04-07,4.35,4.35,4.35,4.35,0,0,2021-04-07 23:59:59
2021-04-08,4.5,4.5,4.5,4.5,0,0,2021-04-08 23:59:59
2021-04-09,4.48,4.48,4.48,4.48,0,0,2021-04-09 23:59:59
2021-04-12,4.58,4.58,4.58,4.58,0,0,2021-04-12 23:59:59
2021-04-13,4.6,4.6,4.6,4.6,0,0,2021-04-13 23:59:59
2021-04-14,4.55,4.55,4.55,4.55,0,0,2021-04-14 23:59:59
2021-04-15,4.57,4.57,4.57,4.57,0,0,2021-04-15 23:59:59
2021-04-16,4.59,4.59,4.59,4.59,0,0,2021-04-16 23:59:59
2021-04-19,4.49,4.49,4.49,4.49,0,0,2021-04-19 23:59:59
2021-04-20,4.41,4.41,4.41,4.41,0,0,2021-04-20 23:59:59
2021-04-21,4.4,4.4,4.4,4.4,0,0,2021-04-21 23:59:59
2021-04-22,4.45,4.45,4.45,4.45,0,0,2021-04-22 23:59:59
2021-04-23,4.54,4.54,4.54,4.54,0,0,2021-04-23 23:59:59
2021-04-26,4.94,4.94,4.94,4.94,0,0,2021-04-26 23:59:59
2021-04-27,4.85,4.85,4.85,4.85,0,0,2021-04-27 23:59:59
2021-04-28,4.85,4.85,4.85,4.85,0,0,2021-04-28 23:59:59
2021-04-29,4.95,4.95,4.95,4.95,0,0,2021-04-29 23:59:59
2021-04-30,4.82,4.82,4.82,4.82,0,0,2021-04-30 23:59:59
2021-05-04,4.72,4.72,4.72,4.72,0,0,2021-05-04 23:59:59
2021-05-05,4.64,4.64,4.64,4.64,0,0,2021-05-05 23:59:59
2021-05-06,4.32,4.32,4.32,4.32,0,0,2021-05-06 23:59:59
2021-05-07,4.23,4.23,4.23,4.23,0,0,2021-05-07 23:59:59
2021-05-11,4.8,4.8,4.8,4.8,0,0,2021-05-11 23:59:59
2021-05-12,4.77,4.77,4.77,4.77,0,0,2021-05-12 23:59:59
2021-05-13,4.85,4.85,4.85,4.85,0,0,2021-05-13 23:59:59
2021-05-14,4.89,4.89,4.89,4.89,0,0,2021-05-14 23:59:59
2021-05-17,4.95,4.95,4.95,4.95,0,0,2021-05-17 23:59:59
2021-05-18,5.0,5.0,5.0,5.0,0,0,2021-05-18 23:59:59
2021-05-19,4.96,4.96,4.96,4.96,0,0,2021-05-19 23:59:59
2021-05-20,4.89,4.89,4.89,4.89,0,0,2021-05-20 23:59:59
2021-05-21,4.89,4.89,4.89,4.89,0,0,2021-05-21 23:59:59
2021-05-24,4.85,4.85,4.85,4.85,0,0,2021-05-24 23:59:59
2021-05-25,4.83,4.83,4.83,4.83,0,0,2021-05-25 23:59:59
2021-05-26,4.92,4.92,4.92,4.92,0,0,2021-05-26 23:59:59
2021-05-27,4.94,4.94,4.94,4.94,0,0,2021-05-27 23:59:59
2021-05-28,4.99,4.99,4.99,4.99,0,0,2021-05-28 23:59:59
2021-05-31,5.0,5.0,5.0,5.0,0,0,2021-05-31 23:59:59
2021-06-01,4.85,4.85,4.85,4.85,0,0,2021-06-01 23:59:59
2021-06-02,4.8,4.8,4.8,4.8,0,0,2021-06-02 23:59:59
2021-06-03,4.76,4.76,4.76,4.76,0,0,2021-06-03 23:59:59
2021-06-04,4.68,4.68,4.68,4.68,0,0,2021-06-04 23:59:59
2021-06-07,4.64,4.64,4.64,4.64,0,0,2021-06-07 23:59:59
2021-06-08,4.71,4.71,4.71,4.71,0,0,2021-06-08 23:59:59
2021-06-09,5.0,5.0,5.0,5.0,0,0,2021-06-09 23:59:59
2021-06-10,5.11,5.11,5.11,5.11,0,0,2021-06-10 23:59:59
2021-06-11,5.3,5.3,5.3,5.3,0,0,2021-06-11 23:59:59
2021-06-15,5.4,5.4,5.4,5.4,0,0,2021-06-15 23:59:59
2021-06-16,5.45,5.45,5.45,5.45,0,0,2021-06-16 23:59:59
2021-06-17,5.45,5.45,5.45,5.45,0,0,2021-06-17 23:59:59
2021-06-18,5.43,5.43,5.43,5.43,0,0,2021-06-18 23:59:59
2021-06-21,5.35,5.35,5.35,5.35,0,0,2021-06-21 23:59:59
2021-06-22,5.26,5.26,5.26,5.26,0,0,2021-06-22 23:59:59
2021-06-23,5.15,5.15,5.15,5.15,0,0,2021-06-23 23:59:59
2021-06-24,5.14,5.14,5.14,5.14,0,0,2021-06-24 23:59:59
2021-06-25,5.31,5.31,5.31,5.31,0,0,2021-06-25 23:59:59
2021-06-28,5.43,5.43,5.43,5.43,0,0,2021-06-28 23:59:59
2021-06-29,5.44,5.44,5.44,5.44,0,0,2021-06-29 23:59:59
2021-06-30,5.45,5.45,5.45,5.45,0,0,2021-06-30 23:59:59
2021-07-01,5.18,5.18,5.18,5.18,0,0,2021-07-01 23:59:59
2021-07-02,5.23,5.23,5.23,5.23,0,0,2021-07-02 23:59:59
2021-07-05,5.33,5.33,5.33,5.33,0,0,2021-07-05 23:59:59
2021-07-06,5.38,5.38,5.38,5.38,0,0,2021-07-06 23:59:59
2021-07-07,5.4,5.4,5.4,5.4,0,0,2021-07-07 23:59:59
2021-07-08,5.47,5.47,5.47,5.47,0,0,2021-07-08 23:59:59
2021-07-09,5.49,5.49,5.49,5.49,0,0,2021-07-09 23:59:59
2021-07-12,5.53,5.53,5.53,5.53,0,0,2021-07-12 23:59:59
2021-07-13,5.57,5.57,5.57,5.57,0,0,2021-07-13 23:59:59
2021-07-14,5.64,5.64,5.64,5.64,0,0,2021-07-14 23:59:59
2021-07-15,5.7,5.7,5.7,5.7,0,0,2021-07-15 23:59:59
2021-07-16,5.77,5.77,5.77,5.77,0,0,2021-07-16 23:59:59
2021-07-19,5.8,5.8,5.8,5.8,0,0,2021-07-19 23:59:59
2021-07-20,5.88,5.88,5.88,5.88,0,0,2021-07-20 23:59:59
2021-07-21,5.89,5.89,5.89,5.89,0,0,2021-07-21 23:59:59
2021-07-22,5.81,5.81,5.81,5.81,0,0,2021-07-22 23:59:59
2021-07-23,5.8,5.8,5.8,5.8,0,0,2021-07-23 23:59:59
2021-07-26,6.31,6.31,6.31,6.31,0,0,2021-07-26 23:59:59
2021-07-27,6.27,6.27,6.27,6.27,0,0,2021-07-27 23:59:59
2021-07-28,6.28,6.28,6.28,6.28,0,0,2021-07-28 23:59:59
2021-07-29,7.02,7.02,7.02,7.02,0,0,2021-07-29 23:59:59
2021-07-30,7.06,7.06,7.06,7.06,0,0,2021-07-30 23:59:59
2021-08-02,6.38,6.38,6.38,6.38,0,0,2021-08-02 23:59:59
2021-08-03,5.85,5.85,5.85,5.85,0,0,2021-08-03 23:59:59
2021-08-04,6.0,6.0,6.0,6.0,0,0,2021-08-04 23:59:59
2021-08-05,5.69,5.69,5.69,5.69,0,0,2021-08-05 23:59:59
2021-08-06,6.11,6.11,6.11,6.11,0,0,2021-08-06 23:59:59
2021-08-09,6.26,6.26,6.26,6.26,0,0,2021-08-09 23:59:59
2021-08-10,6.27,6.27,6.27,6.27,0,0,2021-08-10 23:59:59
2021-08-11,6.38,6.38,6.38,6.38,0,0,2021-08-11 23:59:59
2021-08-12,6.29,6.29,6.29,6.29,0,0,2021-08-12 23:59:59
2021-08-13,6.33,6.33,6.33,6.33,0,0,2021-08-13 23:59:59
2021-08-16,6.44,6.44,6.44,6.44,0,0,2021-08-16 23:59:59
2021-08-17,6.63,6.63,6.63,6.63,0,0,2021-08-17 23:59:59
2021-08-18,6.61,6.61,6.61,6.61,0,0,2021-08-18 23:59:59
2021-08-19,6.5,6.5,6.5,6.5,0,0,2021-08-19 23:59:59
2021-08-20,6.52,6.52,6.52,6.52,0,0,2021-08-20 23:59:59
2021-08-23,6.47,6.47,6.47,6.47,0,0,2021-08-23 23:59:59
2021-08-24,6.5,6.5,6.5,6.5,0,0,2021-08-24 23:59:59
2021-08-25,6.57,6.57,6.57,6.57,0,0,2021-08-25 23:59:59
2021-08-26,6.5,6.5,6.5,6.5,0,0,2021-08-26 23:59:59
2021-08-27,6.46,6.46,6.46,6.46,0,0,2021-08-27 23:59:59
2021-08-30,6.48,6.48,6.48,6.48,0,0,2021-08-30 23:59:59
2021-08-31,6.51,6.51,6.51,6.51,0,0,2021-08-31 23:59:59
2021-09-01,6.31,6.31,6.31,6.31,0,0,2021-09-01 23:59:59
2021-09-02,6.08,6.08,6.08,6.08,0,0,2021-09-02 23:59:59
2021-09-03,6.37,6.37,6.37,6.37,0,0,2021-09-03 23:59:59
2021-09-06,6.35,6.35,6.35,6.35,0,0,2021-09-06 23:59:59
2021-09-07,6.45,6.45,6.45,6.45,0,0,2021-09-07 23:59:59
2021-09-08,6.53,6.53,6.53,6.53,0,0,2021-09-08 23:59:59
2021-09-09,6.72,6.72,6.72,6.72,0,0,2021-09-09 23:59:59
2021-09-10,6.86,6.86,6.86,6.86,0,0,2021-09-10 23:59:59
2021-09-13,6.74,6.74,6.74,6.74,0,0,2021-09-13 23:59:59
2021-09-14,6.8,6.8,6.8,6.8,0,0,2021-09-14 23:59:59
2021-09-15,6.84,6.84,6.84,6.84,0,0,2021-09-15 23:59:59
2021-09-16,6.79,6.79,6.79,6.79,0,0,2021-09-16 23:59:59
2021-09-17,6.8,6.8,6.8,6.8,0,0,2021-09-17 23:59:59
2021-09-20,6.8,6.8,6.8,6.8,0,0,2021-09-20 23:59:59
2021-09-21,6.78,6.78,6.78,6.78,0,0,2021-09-21 23:59:59
2021-09-22,6.77,6.77,6.77,6.77,0,0,2021-09-22 23:59:59
2021-09-23,6.67,6.67,6.67,6.67,0,0,2021-09-23 23:59:59
2021-09-24,6.6,6.6,6.6,6.6,0,0,2021-09-24 23:59:59
2021-09-27,6.74,6.74,6.74,6.74,0,0,2021-09-27 23:59:59
2021-09-28,6.94,6.94,6.94,6.94,0,0,2021-09-28 23:59:59
2021-09-29,6.91,6.91,6.91,6.91,0,0,2021-09-29 23:59:59
2021-09-30,6.97,6.97,6.97,6.97,0,0,2021-09-30 23:59:59
2021-10-01,6.77,6.77,6.77,6.77,0,0,2021-10-01 23:59:59
2021-10-04,6.71,6.71,6.71,6.71,0,0,2021-10-04 23:59:59
2021-10-05,6.61,6.61,6.61,6.61,0,0,2021-10-05 23:59:59
2021-10-06,6.59,6.59,6.59,6.59,0,0,2021-10-06 23:59:59
2021-10-07,6.49,6.49,6.49,6.49,0,0,2021-10-07 23:59:59
2021-10-08,6.48,6.48,6.48,6.48,0,0,2021-10-08 23:59:59
2021-10-11,6.62,6.62,6.62,6.62,0,0,2021-10-11 23:59:59
2021-10-12,6.64,6.64,6.64,6.64,0,0,2021-10-12 23:59:59
2021-10-13,6.77,6.77,6.77,6.77,0,0,2021-10-13 23:59:59
2021-10-14,6.92,6.92,6.92,6.92,0,0,2021-10-14 23:59:59
2021-10-15,6.97,6.97,6.97,6.97,0,0,2021-10-15 23:59:59
2021-10-18,7.0,7.0,7.0,7.0,0,0,2021-10-18 23:59:59
2021-10-19,7.01,7.01,7.01,7.01,0,0,2021-10-19 23:59:59
2021-10-20,7.04,7.04,7.04,7.04,0,0,2021-10-20 23:59:59
2021-10-21,7.03,7.03,7.03,7.03,0,0,2021-10-21 23:59:59
2021-10-22,7.02,7.02,7.02,7.02,0,0,2021-10-22 23:59:59
2021-10-25,7.48,7.48,7.48,7.48,0,0,2021-10-25 23:59:59
2021-10-26,7.48,7.48,7.48,7.48,0,0,2021-10-26 23:59:59
2021-10-27,7.46,7.46,7.46,7.46,0,0,2021-10-27 23:59:59
2021-10-28,7.42,7.42,7.42,7.42,0,0,2021-10-28 23:59:59
2021-10-29,7.45,7.45,7.45,7.45,0,0,2021-10-29 23:59:59
2021-11-01,7.27,7.27,7.27,7.27,0,0,2021-11-01 23:59:59
2021-11-02,6.93,6.93,6.93,6.93,0,0,2021-11-02 23:59:59
2021-11-03,7.33,7.33,7.33,7.33,0,0,2021-11-03 23:59:59
2021-11-08,7.43,7.43,7.43,7.43,0,0,2021-11-08 23:59:59
2021-11-09,7.57,7.57,7.57,7.57,0,0,2021-11-09 23:59:59
2021-11-10,7.52,7.52,7.52,7.52,0,0,2021-11-10 23:59:59
2021-11-11,7.42,7.42,7.42,7.42,0,0,2021-11-11 23:59:59
2021-11-12,7.42,7.42,7.42,7.42,0,0,2021-11-12 23:59:59
2021-11-15,7.46,7.46,7.46,7.46,0,0,2021-11-15 23:59:59
2021-11-16,7.58,7.58,7.58,7.58,0,0,2021-11-16 23:59:59
2021-11-17,7.58,7.58,7.58,7.58,0,0,2021-11-17 23:59:59
2021-11-18,7.57,7.57,7.57,7.57,0,0,2021-11-18 23:59:59
2021-11-19,7.47,7.47,7.47,7.47,0,0,2021-11-19 23:59:59
2021-11-22,7.48,7.48,7.48,7.48,0,0,2021-11-22 23:59:59
2021-11-23,7.41,7.41,7.41,7.41,0,0,2021-11-23 23:59:59
2021-11-24,7.37,7.37,7.37,7.37,0,0,2021-11-24 23:59:59
2021-11-25,7.42,7.42,7.42,7.42,0,0,2021-11-25 23:59:59
2021-11-26,7.4,7.4,7.4,7.4,0,0,2021-11-26 23:59:59
2021-11-29,7.33,7.33,7.33,7.33,0,0,2021-11-29 23:59:59
2021-11-30,7.44,7.44,7.44,7.44,0,0,2021-11-30 23:59:59
2021-12-01,7.31,7.31,7.31,7.31,0,0,2021-12-01 23:59:59
2021-12-02,7.12,7.12,7.12,7.12,0,0,2021-12-02 23:59:59
2021-12-03,7.15,7.15,7.15,7.15,0,0,2021-12-03 23:59:59
2021-12-06,7.38,7.38,7.38,7.38,0,0,2021-12-06 23:59:59
2021-12-07,7.32,7.32,7.32,7.32,0,0,2021-12-07 23:59:59
2021-12-08,7.57,7.57,7.57,7.57,0,0,2021-12-08 23:59:59
2021-12-09,7.6,7.6,7.6,7.6,0,0,2021-12-09 23:59:59
2021-12-10,7.58,7.58,7.58,7.58,0,0,2021-12-10 23:59:59
2021-12-13,7.58,7.58,7.58,7.58,0,0,2021-12-13 23:59:59
2021-12-14,7.48,7.48,7.48,7.48,0,0,2021-12-14 23:59:59
2021-12-15,7.39,7.39,7.39,7.39,0,0,2021-12-15 23:59:59
2021-12-16,7.45,7.45,7.45,7.45,0,0,2021-12-16 23:59:59
2021-12-17,7.55,7.55,7.55,7.55,0,0,2021-12-17 23:59:59
2021-12-20,8.18,8.18,8.18,8.18,0,0,2021-12-20 23:59:59
2021-12-21,7.98,7.98,7.98,7.98,0,0,2021-12-21 23:59:59
2021-12-22,8.2,8.2,8.2,8.2,0,0,2021-12-22 23:59:59
2021-12-23,8.0,8.0,8.0,8.0,0,0,2021-12-23 23:59:59
2021-12-24,8.17,8.17,8.17,8.17,0,0,2021-12-24 23:59:59
2021-12-27,8.03,8.03,8.03,8.03,0,0,2021-12-27 23:59:59
2021-12-28,8.21,8.21,8.21,8.21,0,0,2021-12-28 23:59:59
2021-12-29,8.27,8.27,8.27,8.27,0,0,2021-12-29 23:59:59
2022-01-10,8.41,8.41,8.41,8.41,0,0,2022-01-10 23:59:59
2022-01-11,8.28,8.28,8.28,8.28,0,0,2022-01-11 23:59:59
2022-01-12,8.31,8.31,8.31,8.31,0,0,2022-01-12 23:59:59
2022-01-13,8.14,8.14,8.14,8.14,0,0,2022-01-13 23:59:59
2022-01-14,8.19,8.19,8.19,8.19,0,0,2022-01-14 23:59:59
2022-01-17,8.31,8.31,8.31,8.31,0,0,2022-01-17 23:59:59
2022-01-18,8.37,8.37,8.37,8.37,0,0,2022-01-18 23:59:59
2022-01-19,8.44,8.44,8.44,8.44,0,0,2022-01-19 23:59:59
2022-01-20,8.45,8.45,8.45,8.45,0,0,2022-01-20 23:59:59
2022-01-21,8.51,8.51,8.51,8.51,0,0,2022-01-21 23:59:59
2022-01-24,8.5,8.5,8.5,8.5,0,0,2022-01-24 23:59:59
2022-01-25,8.56,8.56,8.56,8.56,0,0,2022-01-25 23:59:59
2022-01-26,8.6,8.6,8.6,8.6,0,0,2022-01-26 23:59:59
2022-01-27,8.59,8.59,8.59,8.59,0,0,2022-01-27 23:59:59
2022-01-28,8.54,8.54,8.54,8.54,0,0,2022-01-28 23:59:59
2022-01-31,8.4,8.4,8.4,8.4,0,0,2022-01-31 23:59:59
2022-02-01,8.15,8.15,8.15,8.15,0,0,2022-02-01 23:59:59
2022-02-02,8.25,8.25,8.25,8.25,0,0,2022-02-02 23:59:59
2022-02-03,8.17,8.17,8.17,8.17,0,0,2022-02-03 23:59:59
2022-02-04,8.14,8.14,8.14,8.14,0,0,2022-02-04 23:59:59
2022-02-07,8.08,8.08,8.08,8.08,0,0,2022-02-07 23:59:59
2022-02-08,8.19,8.19,8.19,8.19,0,0,2022-02-08 23:59:59
2022-02-09,8.5,8.5,8.5,8.5,0,0,2022-02-09 23:59:59
2022-02-10,8.64,8.64,8.64,8.64,0,0,2022-02-10 23:59:59
2022-02-11,8.96,8.96,8.96,8.96,0,0,2022-02-11 23:59:59
2022-02-14,9.3,9.3,9.3,9.3,0,0,2022-02-14 23:59:59
2022-02-15,9.56,9.56,9.56,9.56,0,0,2022-02-15 23:59:59
2022-02-16,9.56,9.56,9.56,9.56,0,0,2022-02-16 23:59:59
2022-02-17,9.57,9.57,9.57,9.57,0,0,2022-02-17 23:59:59
2022-02-18,9.61,9.61,9.61,9.61,0,0,2022-02-18 23:59:59
2022-02-21,9.58,9.58,9.58,9.58,0,0,2022-02-21 23:59:59
2022-02-22,9.81,9.81,9.81,9.81,0,0,2022-02-22 23:59:59
2022-02-24,11.33,11.33,11.33,11.33,0,0,2022-02-24 23:59:59
2022-02-25,9.78,9.78,9.78,9.78,0,0,2022-02-25 23:59:59
2022-02-28,20.27,20.27,20.27,20.27,0,0,2022-02-28 23:59:59
2022-03-01,20.44,20.44,20.44,20.44,0,0,2022-03-01 23:59:59
2022-03-02,19.89,19.89,19.89,19.89,0,0,2022-03-02 23:59:59
2022-03-03,18.85,18.85,18.85,18.85,0,0,2022-03-03 23:59:59
2022-03-04,19.24,19.24,19.24,19.24,0,0,2022-03-04 23:59:59
2022-03-09,19.43,19.43,19.43,19.43,0,0,2022-03-09 23:59:59
2022-03-10,19.51,19.51,19.51,19.51,0,0,2022-03-10 23:59:59
2022-03-11,19.48,19.48,19.48,19.48,0,0,2022-03-11 23:59:59
2022-03-14,19.53,19.53,19.53,19.53,0,0,2022-03-14 23:59:59
2022-03-15,19.59,19.59,19.59,19.59,0,0,2022-03-15 23:59:59
2022-03-16,19.62,19.62,19.62,19.62,0,0,2022-03-16 23:59:59
2022-03-17,19.5,19.5,19.5,19.5,0,0,2022-03-17 23:59:59
2022-03-18,19.53,19.53,19.53,19.53,0,0,2022-03-18 23:59:59
2022-03-21,19.5,19.5,19.5,19.5,0,0,2022-03-21 23:59:59
2022-03-22,19.07,19.07,19.07,19.07,0,0,2022-03-22 23:59:59
2022-03-23,19.05,19.05,19.05,19.05,0,0,2022-03-23 23:59:59
2022-03-24,19.05,19.05,19.05,19.05,0,0,2022-03-24 23:59:59
2022-03-25,19.19,19.19,19.19,19.19,0,0,2022-03-25 23:59:59
2022-03-28,19.13,19.13,19.13,19.13,0,0,2022-03-28 23:59:59
2022-03-29,19.26,19.26,19.26,19.26,0,0,2022-03-29 23:59:59
2022-03-30,19.25,19.25,19.25,19.25,0,0,2022-03-30 23:59:59
2022-03-31,19.2,19.2,19.2,19.2,0,0,2022-03-31 23:59:59
2022-04-01,19.21,19.21,19.21,19.21,0,0,2022-04-01 23:59:59
2022-04-04,19.23,19.23,19.23,19.23,0,0,2022-04-04 23:59:59
2022-04-05,19.24,19.24,19.24,19.24,0,0,2022-04-05 23:59:59
2022-04-06,19.21,19.21,19.21,19.21,0,0,2022-04-06 23:59:59
2022-04-07,19.16,19.16,19.16,19.16,0,0,2022-04-07 23:59:59
2022-04-08,19.14,19.14,19.14,19.14,0,0,2022-04-08 23:59:59
2022-04-11,16.19,16.19,16.19,16.19,0,0,2022-04-11 23:59:59
2022-04-12,16.17,16.17,16.17,16.17,0,0,2022-04-12 23:59:59
2022-04-13,16.19,16.19,16.19,16.19,0,0,2022-04-13 23:59:59
2022-04-14,16.21,16.21,16.21,16.21,0,0,2022-04-14 23:59:59
2022-04-15,16.2,16.2,16.2,16.2,0,0,2022-04-15 23:59:59
2022-04-18,16.2,16.2,16.2,16.2,0,0,2022-04-18 23:59:59
2022-04-19,16.2,16.2,16.2,16.2,0,0,2022-04-19 23:59:59
2022-04-20,16.2,16.2,16.2,16.2,0,0,2022-04-20 23:59:59
2022-04-21,16.21,16.21,16.21,16.21,0,0,2022-04-21 23:59:59
2022-04-22,16.21,16.21,16.21,16.21,0,0,2022-04-22 23:59:59
2022-04-25,16.22,16.22,16.22,16.22,0,0,2022-04-25 23:59:59
2022-04-26,16.29,16.29,16.29,16.29,0,0,2022-04-26 23:59:59
2022-04-27,16.29,16.29,16.29,16.29,0,0,2022-04-27 23:59:59
2022-04-28,16.31,16.31,16.31,16.31,0,0,2022-04-28 23:59:59
2022-04-29,16.62,16.62,16.62,16.62,0,0,2022-04-29 23:59:59
2022-05-04,13.53,13.53,13.53,13.53,0,0,2022-05-04 23:59:59
2022-05-05,13.87,13.87,13.87,13.87,0,0,2022-05-05 23:59:59
2022-05-06,14.11,14.11,14.11,14.11,0,0,2022-05-06 23:59:59
2022-05-11,14.09,14.09,14.09,14.09,0,0,2022-05-11 23:59:59
2022-05-12,14.07,14.07,14.07,14.07,0,0,2022-05-12 23:59:59
2022-05-13,13.83,13.83,13.83,13.83,0,0,2022-05-13 23:59:59
2022-05-16,13.69,13.69,13.69,13.69,0,0,2022-05-16 23:59:59
2022-05-17,13.86,13.86,13.86,13.86,0,0,2022-05-17 23:59:59
2022-05-18,13.8,13.8,13.8,13.8,0,0,2022-05-18 23:59:59
2022-05-19,13.7,13.7,13.7,13.7,0,0,2022-05-19 23:59:59
2022-05-20,13.65,13.65,13.65,13.65,0,0,2022-05-20 23:59:59
2022-05-23,13.62,13.62,13.62,13.62,0,0,2022-05-23 23:59:59
2022-05-24,13.58,13.58,13.58,13.58,0,0,2022-05-24 23:59:59
2022-05-25,13.59,13.59,13.59,13.59,0,0,2022-05-25 23:59:59
2022-05-26,13.08,13.08,13.08,13.08,0,0,2022-05-26 23:59:59
2022-05-27,10.71,10.71,10.71,10.71,0,0,2022-05-27 23:59:59
2022-05-30,10.71,10.71,10.71,10.71,0,0,2022-05-30 23:59:59
2022-05-31,10.79,10.79,10.79,10.79,0,0,2022-05-31 23:59:59
2022-06-01,10.77,10.77,10.77,10.77,0,0,2022-06-01 23:59:59
2022-06-02,10.7,10.7,10.7,10.7,0,0,2022-06-02 23:59:59
2022-06-03,10.55,10.55,10.55,10.55,0,0,2022-06-03 23:59:59
2022-06-06,10.4,10.4,10.4,10.4,0,0,2022-06-06 23:59:59
2022-06-07,10.33,10.33,10.33,10.33,0,0,2022-06-07 23:59:59
2022-06-08,10.69,10.69,10.69,10.69,0,0,2022-06-08 23:59:59
2022-06-09,11.37,11.37,11.37,11.37,0,0,2022-06-09 23:59:59
2022-06-10,10.92,10.92,10.92,10.92,0,0,2022-06-10 23:59:59
2022-06-14,9.65,9.65,9.65,9.65,0,0,2022-06-14 23:59:59
2022-06-15,9.74,9.74,9.74,9.74,0,0,2022-06-15 23:59:59
2022-06-16,9.34,9.34,9.34,9.34,0,0,2022-06-16 23:59:59
2022-06-17,9.02,9.02,9.02,9.02,0,0,2022-06-17 23:59:59
2022-06-20,8.98,8.98,8.98,8.98,0,0,2022-06-20 23:59:59
2022-06-21,8.85,8.85,8.85,8.85,0,0,2022-06-21 23:59:59
2022-06-22,8.87,8.87,8.87,8.87,0,0,2022-06-22 23:59:59
2022-06-23,8.91,8.91,8.91,8.91,0,0,2022-06-23 23:59:59
2022-06-24,8.91,8.91,8.91,8.91,0,0,2022-06-24 23:59:59
2022-06-27,8.89,8.89,8.89,8.89,0,0,2022-06-27 23:59:59
2022-06-28,8.97,8.97,8.97,8.97,0,0,2022-06-28 23:59:59
2022-06-29,9.02,9.02,9.02,9.02,0,0,2022-06-29 23:59:59
2022-06-30,9.02,9.02,9.02,9.02,0,0,2022-06-30 23:59:59
2022-07-01,8.99,8.99,8.99,8.99,0,0,2022-07-01 23:59:59
2022-07-04,8.87,8.87,8.87,8.87,0,0,2022-07-04 23:59:59
2022-07-05,8.86,8.86,8.86,8.86,0,0,2022-07-05 23:59:59
2022-07-06,9.0,9.0,9.0,9.0,0,0,2022-07-06 23:59:59
2022-07-07,9.03,9.03,9.03,9.03,0,0,2022-07-07 23:59:59
2022-07-08,9.09,9.09,9.09,9.09,0,0,2022-07-08 23:59:59
2022-07-11,9.24,9.24,9.24,9.24,0,0,2022-07-11 23:59:59
2022-07-12,9.49,9.49,9.49,9.49,0,0,2022-07-12 23:59:59
2022-07-13,9.32,9.32,9.32,9.32,0,0,2022-07-13 23:59:59
2022-07-14,9.3,9.3,9.3,9.3,0,0,2022-07-14 23:59:59
2022-07-15,9.33,9.33,9.33,9.33,0,0,2022-07-15 23:59:59
2022-07-18,9.37,9.37,9.37,9.37,0,0,2022-07-18 23:59:59
2022-07-19,9.46,9.46,9.46,9.46,0,0,2022-07-19 23:59:59
2022-07-20,9.5,9.5,9.5,9.5,0,0,2022-07-20 23:59:59
2022-07-21,9.47,9.47,9.47,9.47,0,0,2022-07-21 23:59:59
2022-07-22,9.31,9.31,9.31,9.31,0,0,2022-07-22 23:59:59
2022-07-25,8.09,8.09,8.09,8.09,0,0,2022-07-25 23:59:59
2022-07-26,8.29,8.29,8.29,8.29,0,0,2022-07-26 23:59:59
2022-07-27,8.24,8.24,8.24,8.24,0,0,2022-07-27 23:59:59
2022-07-28,8.1,8.1,8.1,8.1,0,0,2022-07-28 23:59:59
2022-07-29,8.15,8.15,8.15,8.15,0,0,2022-07-29 23:59:59
2022-08-01,8.02,8.02,8.02,8.02,0,0,2022-08-01 23:59:59
2022-08-02,8.0,8.0,8.0,8.0,0,0,2022-08-02 23:59:59
2022-08-03,7.82,7.82,7.82,7.82,0,0,2022-08-03 23:59:59
2022-08-04,7.8,7.8,7.8,7.8,0,0,2022-08-04 23:59:59
2022-08-05,7.75,7.75,7.75,7.75,0,0,2022-08-05 23:59:59
2022-08-08,7.75,7.75,7.75,7.75,0,0,2022-08-08 23:59:59
2022-08-09,7.91,7.91,7.91,7.91,0,0,2022-08-09 23:59:59
2022-08-10,7.89,7.89,7.89,7.89,0,0,2022-08-10 23:59:59
2022-08-11,7.9,7.9,7.9,7.9,0,0,2022-08-11 23:59:59
2022-08-12,7.9,7.9,7.9,7.9,0,0,2022-08-12 23:59:59
2022-08-15,7.9,7.9,7.9,7.9,0,0,2022-08-15 23:59:59
2022-08-16,7.91,7.91,7.91,7.91,0,0,2022-08-16 23:59:59
2022-08-17,7.91,7.91,7.91,7.91,0,0,2022-08-17 23:59:59
2022-08-18,7.91,7.91,7.91,7.91,0,0,2022-08-18 23:59:59
2022-08-19,7.92,7.92,7.92,7.92,0,0,2022-08-19 23:59:59
2022-08-22,7.91,7.91,7.91,7.91,0,0,2022-08-22 23:59:59
2022-08-23,7.91,7.91,7.91,7.91,0,0,2022-08-23 23:59:59
2022-08-24,7.92,7.92,7.92,7.92,0,0,2022-08-24 23:59:59
2022-08-25,7.98,7.98,7.98,7.98,0,0,2022-08-25 23:59:59
2022-08-26,8.12,8.12,8.12,8.12,0,0,2022-08-26 23:59:59
2022-08-29,8.12,8.12,8.12,8.12,0,0,2022-08-29 23:59:59
2022-08-30,8.08,8.08,8.08,8.08,0,0,2022-08-30 23:59:59
2022-08-31,7.93,7.93,7.93,7.93,0,0,2022-08-31 23:59:59
2022-09-01,7.87,7.87,7.87,7.87,0,0,2022-09-01 23:59:59
2022-09-02,7.87,7.87,7.87,7.87,0,0,2022-09-02 23:59:59
2022-09-05,7.88,7.88,7.88,7.88,0,0,2022-09-05 23:59:59
2022-09-06,7.9,7.9,7.9,7.9,0,0,2022-09-06 23:59:59
2022-09-07,7.77,7.77,7.77,7.77,0,0,2022-09-07 23:59:59
2022-09-08,7.77,7.77,7.77,7.77,0,0,2022-09-08 23:59:59
2022-09-09,7.79,7.79,7.79,7.79,0,0,2022-09-09 23:59:59
2022-09-12,7.61,7.61,7.61,7.61,0,0,2022-09-12 23:59:59
2022-09-13,7.73,7.73,7.73,7.73,0,0,2022-09-13 23:59:59
2022-09-14,7.78,7.78,7.78,7.78,0,0,2022-09-14 23:59:59
2022-09-15,7.71,7.71,7.71,7.71,0,0,2022-09-15 23:59:59
2022-09-16,7.56,7.56,7.56,7.56,0,0,2022-09-16 23:59:59
2022-09-19,7.35,7.35,7.35,7.35,0,0,2022-09-19 23:59:59
2022-09-20,7.48,7.48,7.48,7.48,0,0,2022-09-20 23:59:59
2022-09-21,7.52,7.52,7.52,7.52,0,0,2022-09-21 23:59:59
2022-09-22,7.45,7.45,7.45,7.45,0,0,2022-09-22 23:59:59
2022-09-23,7.43,7.43,7.43,7.43,0,0,2022-09-23 23:59:59
2022-09-26,7.48,7.48,7.48,7.48,0,0,2022-09-26 23:59:59
2022-09-27,7.7,7.7,7.7,7.7,0,0,2022-09-27 23:59:59
2022-09-28,7.74,7.74,7.74,7.74,0,0,2022-09-28 23:59:59
2022-09-29,7.79,7.79,7.79,7.79,0,0,2022-09-29 23:59:59
2022-09-30,7.87,7.87,7.87,7.87,0,0,2022-09-30 23:59:59
2022-10-03,8.08,8.08,8.08,8.08,0,0,2022-10-03 23:59:59
2022-10-04,7.95,7.95,7.95,7.95,0,0,2022-10-04 23:59:59
2022-10-05,7.94,7.94,7.94,7.94,0,0,2022-10-05 23:59:59
2022-10-06,7.84,7.84,7.84,7.84,0,0,2022-10-06 23:59:59
2022-10-07,7.78,7.78,7.78,7.78,0,0,2022-10-07 23:59:59
2022-10-10,7.65,7.65,7.65,7.65,0,0,2022-10-10 23:59:59
2022-10-11,7.52,7.52,7.52,7.52,0,0,2022-10-11 23:59:59
2022-10-12,7.53,7.53,7.53,7.53,0,0,2022-10-12 23:59:59
2022-10-13,7.45,7.45,7.45,7.45,0,0,2022-10-13 23:59:59
2022-10-14,7.42,7.42,7.42,7.42,0,0,2022-10-14 23:59:59
2022-10-17,7.5,7.5,7.5,7.5,0,0,2022-10-17 23:59:59
2022-10-18,7.55,7.55,7.55,7.55,0,0,2022-10-18 23:59:59
2022-10-19,7.49,7.49,7.49,7.49,0,0,2022-10-19 23:59:59
2022-10-20,7.46,7.46,7.46,7.46,0,0,2022-10-20 23:59:59
2022-10-21,7.39,7.39,7.39,7.39,0,0,2022-10-21 23:59:59
2022-10-24,7.41,7.41,7.41,7.41,0,0,2022-10-24 23:59:59
2022-10-25,7.46,7.46,7.46,7.46,0,0,2022-10-25 23:59:59
2022-10-26,7.5,7.5,7.5,7.5,0,0,2022-10-26 23:59:59
2022-10-27,7.51,7.51,7.51,7.51,0,0,2022-10-27 23:59:59
2022-10-28,7.5,7.5,7.5,7.5,0,0,2022-10-28 23:59:59
2022-10-31,7.5,7.5,7.5,7.5,0,0,2022-10-31 23:59:59
2022-11-01,7.54,7.54,7.54,7.54,0,0,2022-11-01 23:59:59
2022-11-02,7.57,7.57,7.57,7.57,0,0,2022-11-02 23:59:59
2022-11-03,7.63,7.63,7.63,7.63,0,0,2022-11-03 23:59:59
2022-11-07,7.61,7.61,7.61,7.61,0,0,2022-11-07 23:59:59
2022-11-08,7.56,7.56,7.56,7.56,0,0,2022-11-08 23:59:59
2022-11-09,7.54,7.54,7.54,7.54,0,0,2022-11-09 23:59:59
2022-11-10,7.43,7.43,7.43,7.43,0,0,2022-11-10 23:59:59
2022-11-11,7.39,7.39,7.39,7.39,0,0,2022-11-11 23:59:59
2022-11-14,7.05,7.05,7.05,7.05,0,0,2022-11-14 23:59:59
2022-11-15,7.2,7.2,7.2,7.2,0,0,2022-11-15 23:59:59
2022-11-16,7.37,7.37,7.37,7.37,0,0,2022-11-16 23:59:59
2022-11-17,7.43,7.43,7.43,7.43,0,0,2022-11-17 23:59:59
2022-11-18,7.46,7.46,7.46,7.46,0,0,2022-11-18 23:59:59
2022-11-21,7.42,7.42,7.42,7.42,0,0,2022-11-21 23:59:59
2022-11-22,7.33,7.33,7.33,7.33,0,0,2022-11-22 23:59:59
2022-11-23,7.07,7.07,7.07,7.07,0,0,2022-11-23 23:59:59
2022-11-24,6.83,6.83,6.83,6.83,0,0,2022-11-24 23:59:59
2022-11-25,6.84,6.84,6.84,6.84,0,0,2022-11-25 23:59:59
2022-11-28,6.95,6.95,6.95,6.95,0,0,2022-11-28 23:59:59
2022-11-29,7.06,7.06,7.06,7.06,0,0,2022-11-29 23:59:59
2022-11-30,7.21,7.21,7.21,7.21,0,0,2022-11-30 23:59:59
2022-12-01,7.05,7.05,7.05,7.05,0,0,2022-12-01 23:59:59
2022-12-02,7.37,7.37,7.37,7.37,0,0,2022-12-02 23:59:59
2022-12-05,7.24,7.24,7.24,7.24,0,0,2022-12-05 23:59:59
2022-12-06,7.27,7.27,7.27,7.27,0,0,2022-12-06 23:59:59
2022-12-07,7.33,7.33,7.33,7.33,0,0,2022-12-07 23:59:59
2022-12-08,7.29,7.29,7.29,7.29,0,0,2022-12-08 23:59:59
2022-12-09,7.32,7.32,7.32,7.32,0,0,2022-12-09 23:59:59
2022-12-12,7.3,7.3,7.3,7.3,0,0,2022-12-12 23:59:59
2022-12-13,7.34,7.34,7.34,7.34,0,0,2022-12-13 23:59:59
2022-12-14,7.3,7.3,7.3,7.3,0,0,2022-12-14 23:59:59
2022-12-15,7.32,7.32,7.32,7.32,0,0,2022-12-15 23:59:59
2022-12-16,7.33,7.33,7.33,7.33,0,0,2022-12-16 23:59:59
2022-12-19,7.33,7.33,7.33,7.33,0,0,2022-12-19 23:59:59
2022-12-20,7.36,7.36,7.36,7.36,0,0,2022-12-20 23:59:59
2022-12-21,7.35,7.35,7.35,7.35,0,0,2022-12-21 23:59:59
2022-12-22,7.33,7.33,7.33,7.33,0,0,2022-12-22 23:59:59
2022-12-23,7.25,7.25,7.25,7.25,0,0,2022-12-23 23:59:59
2022-12-26,7.17,7.17,7.17,7.17,0,0,2022-12-26 23:59:59
2022-12-27,7.16,7.16,7.16,7.16,0,0,2022-12-27 23:59:59
2022-12-28,7.17,7.17,7.17,7.17,0,0,2022-12-28 23:59:59
2022-12-29,7.2,7.2,7.2,7.2,0,0,2022-12-29 23:59:59
2023-01-09,7.04,7.04,7.04,7.04,0,0,2023-01-09 23:59:59
2023-01-10,7.1,7.1,7.1,7.1,0,0,2023-01-10 23:59:59
2023-01-11,7.1,7.1,7.1,7.1,0,0,2023-01-11 23:59:59
2023-01-12,6.85,6.85,6.85,6.85,0,0,2023-01-12 23:59:59
2023-01-13,6.71,6.71,6.71,6.71,0,0,2023-01-13 23:59:59
2023-01-16,6.81,6.81,6.81,6.81,0,0,2023-01-16 23:59:59
2023-01-17,7.13,7.13,7.13,7.13,0,0,2023-01-17 23:59:59
2023-01-18,7.04,7.04,7.04,7.04,0,0,2023-01-18 23:59:59
2023-01-19,7.0,7.0,7.0,7.0,0,0,2023-01-19 23:59:59
2023-01-20,6.9,6.9,6.9,6.9,0,0,2023-01-20 23:59:59
2023-01-23,6.9,6.9,6.9,6.9,0,0,2023-01-23 23:59:59
2023-01-24,6.84,6.84,6.84,6.84,0,0,2023-01-24 23:59:59
2023-01-25,6.91,6.91,6.91,6.91,0,0,2023-01-25 23:59:59
2023-01-26,6.87,6.87,6.87,6.87,0,0,2023-01-26 23:59:59
2023-01-27,6.85,6.85,6.85,6.85,0,0,2023-01-27 23:59:59
2023-01-30,6.86,6.86,6.86,6.86,0,0,2023-01-30 23:59:59
2023-01-31,7.05,7.05,7.05,7.05,0,0,2023-01-31 23:59:59
2023-02-01,7.01,7.01,7.01,7.01,0,0,2023-02-01 23:59:59
2023-02-02,7.0,7.0,7.0,7.0,0,0,2023-02-02 23:59:59
2023-02-03,6.94,6.94,6.94,6.94,0,0,2023-02-03 23:59:59
2023-02-06,6.9,6.9,6.9,6.9,0,0,2023-02-06 23:59:59
2023-02-07,6.81,6.81,6.81,6.81,0,0,2023-02-07 23:59:59
2023-02-08,6.91,6.91,6.91,6.91,0,0,2023-02-08 23:59:59
2023-02-09,6.81,6.81,6.81,6.81,0,0,2023-02-09 23:59:59
2023-02-10,6.8,6.8,6.8,6.8,0,0,2023-02-10 23:59:59
2023-02-13,6.73,6.73,6.73,6.73,0,0,2023-02-13 23:59:59
2023-02-14,6.93,6.93,6.93,6.93,0,0,2023-02-14 23:59:59
2023-02-15,7.05,7.05,7.05,7.05,0,0,2023-02-15 23:59:59
2023-02-16,7.13,7.13,7.13,7.13,0,0,2023-02-16 23:59:59
2023-02-17,7.24,7.24,7.24,7.24,0,0,2023-02-17 23:59:59
2023-02-20,7.33,7.33,7.33,7.33,0,0,2023-02-20 23:59:59
2023-02-21,7.46,7.46,7.46,7.46,0,0,2023-02-21 23:59:59
2023-02-22,7.45,7.45,7.45,7.45,0,0,2023-02-22 23:59:59
2023-02-27,7.44,7.44,7.44,7.44,0,0,2023-02-27 23:59:59
2023-02-28,7.67,7.67,7.67,7.67,0,0,2023-02-28 23:59:59
2023-03-01,7.65,7.65,7.65,7.65,0,0,2023-03-01 23:59:59
2023-03-02,7.53,7.53,7.53,7.53,0,0,2023-03-02 23:59:59
2023-03-03,7.67,7.67,7.67,7.67,0,0,2023-03-03 23:59:59
2023-03-06,7.67,7.67,7.67,7.67,0,0,2023-03-06 23:59:59
2023-03-07,7.72,7.72,7.72,7.72,0,0,2023-03-07 23:59:59
2023-03-09,7.49,7.49,7.49,7.49,0,0,2023-03-09 23:59:59
2023-03-10,7.22,7.22,7.22,7.22,0,0,2023-03-10 23:59:59
2023-03-13,7.0,7.0,7.0,7.0,0,0,2023-03-13 23:59:59
2023-03-14,7.11,7.11,7.11,7.11,0,0,2023-03-14 23:59:59
2023-03-15,7.19,7.19,7.19,7.19,0,0,2023-03-15 23:59:59
2023-03-16,7.19,7.19,7.19,7.19,0,0,2023-03-16 23:59:59
2023-03-17,7.23,7.23,7.23,7.23,0,0,2023-03-17 23:59:59
2023-03-20,7.19,7.19,7.19,7.19,0,0,2023-03-20 23:59:59
2023-03-21,7.25,7.25,7.25,7.25,0,0,2023-03-21 23:59:59
2023-03-22,7.2,7.2,7.2,7.2,0,0,2023-03-22 23:59:59
2023-03-23,7.02,7.02,7.02,7.02,0,0,2023-03-23 23:59:59
2023-03-24,7.04,7.04,7.04,7.04,0,0,2023-03-24 23:59:59
2023-03-27,7.13,7.13,7.13,7.13,0,0,2023-03-27 23:59:59
2023-03-28,7.2,7.2,7.2,7.2,0,0,2023-03-28 23:59:59
2023-03-29,7.55,7.55,7.55,7.55,0,0,2023-03-29 23:59:59
2023-03-30,7.17,7.17,7.17,7.17,0,0,2023-03-30 23:59:59
2023-03-31,7.36,7.36,7.36,7.36,0,0,2023-03-31 23:59:59
2023-04-03,7.13,7.13,7.13,7.13,0,0,2023-04-03 23:59:59
2023-04-04,7.03,7.03,7.03,7.03,0,0,2023-04-04 23:59:59
2023-04-05,6.93,6.93,6.93,6.93,0,0,2023-04-05 23:59:59
2023-04-06,6.91,6.91,6.91,6.91,0,0,2023-04-06 23:59:59
2023-04-07,7.02,7.02,7.02,7.02,0,0,2023-04-07 23:59:59
2023-04-10,7.01,7.01,7.01,7.01,0,0,2023-04-10 23:59:59
2023-04-11,7.12,7.12,7.12,7.12,0,0,2023-04-11 23:59:59
2023-04-12,7.14,7.14,7.14,7.14,0,0,2023-04-12 23:59:59
2023-04-13,7.18,7.18,7.18,7.18,0,0,2023-04-13 23:59:59
2023-04-14,7.33,7.33,7.33,7.33,0,0,2023-04-14 23:59:59
2023-04-17,7.38,7.38,7.38,7.38,0,0,2023-04-17 23:59:59
2023-04-18,7.49,7.49,7.49,7.49,0,0,2023-04-18 23:59:59
2023-04-19,7.42,7.42,7.42,7.42,0,0,2023-04-19 23:59:59
2023-04-20,7.26,7.26,7.26,7.26,0,0,2023-04-20 23:59:59
2023-04-21,7.11,7.11,7.11,7.11,0,0,2023-04-21 23:59:59
2023-04-24,7.07,7.07,7.07,7.07,0,0,2023-04-24 23:59:59
2023-04-25,7.05,7.05,7.05,7.05,0,0,2023-04-25 23:59:59
2023-04-26,6.89,6.89,6.89,6.89,0,0,2023-04-26 23:59:59
2023-04-27,6.76,6.76,6.76,6.76,0,0,2023-04-27 23:59:59
2023-04-28,7.25,7.25,7.25,7.25,0,0,2023-04-28 23:59:59
2023-05-02,7.4,7.4,7.4,7.4,0,0,2023-05-02 23:59:59
2023-05-03,7.12,7.12,7.12,7.12,0,0,2023-05-03 23:59:59
2023-05-04,7.11,7.11,7.11,7.11,0,0,2023-05-04 23:59:59
2023-05-05,6.92,6.92,6.92,6.92,0,0,2023-05-05 23:59:59
2023-05-10,7.24,7.24,7.24,7.24,0,0,2023-05-10 23:59:59
2023-05-11,7.13,7.13,7.13,7.13,0,0,2023-05-11 23:59:59
2023-05-12,7.04,7.04,7.04,7.04,0,0,2023-05-12 23:59:59
2023-05-15,7.19,7.19,7.19,7.19,0,0,2023-05-15 23:59:59
2023-05-16,7.41,7.41,7.41,7.41,0,0,2023-05-16 23:59:59
2023-05-17,7.15,7.15,7.15,7.15,0,0,2023-05-17 23:59:59
2023-05-18,7.24,7.24,7.24,7.24,0,0,2023-05-18 23:59:59
2023-05-19,7.25,7.25,7.25,7.25,0,0,2023-05-19 23:59:59
2023-05-22,7.26,7.26,7.26,7.26,0,0,2023-05-22 23:59:59
2023-05-23,7.25,7.25,7.25,7.25,0,0,2023-05-23 23:59:59
2023-05-24,7.25,7.25,7.25,7.25,0,0,2023-05-24 23:59:59
2023-05-25,7.2,7.2,7.2,7.2,0,0,2023-05-25 23:59:59
2023-05-26,7.17,7.17,7.17,7.17,0,0,2023-05-26 23:59:59
2023-05-29,7.27,7.27,7.27,7.27,0,0,2023-05-29 23:59:59
2023-05-30,7.21,7.21,7.21,7.21,0,0,2023-05-30 23:59:59
2023-05-31,7.21,7.21,7.21,7.21,0,0,2023-05-31 23:59:59
2023-06-01,7.22,7.22,7.22,7.22,0,0,2023-06-01 23:59:59
2023-06-02,7.25,7.25,7.25,7.25,0,0,2023-06-02 23:59:59
2023-06-05,7.25,7.25,7.25,7.25,0,0,2023-06-05 23:59:59
2023-06-06,7.27,7.27,7.27,7.27,0,0,2023-06-06 23:59:59
2023-06-07,7.28,7.28,7.28,7.28,0,0,2023-06-07 23:59:59
2023-06-08,7.24,7.24,7.24,7.24,0,0,2023-06-08 23:59:59
2023-06-09,7.21,7.21,7.21,7.21,0,0,2023-06-09 23:59:59
2023-06-13,7.37,7.37,7.37,7.37,0,0,2023-06-13 23:59:59
2023-06-14,7.33,7.33,7.33,7.33,0,0,2023-06-14 23:59:59
2023-06-15,7.26,7.26,7.26,7.26,0,0,2023-06-15 23:59:59
2023-06-16,7.25,7.25,7.25,7.25,0,0,2023-06-16 23:59:59
2023-06-19,7.18,7.18,7.18,7.18,0,0,2023-06-19 23:59:59
2023-06-20,7.1,7.1,7.1,7.1,0,0,2023-06-20 23:59:59
2023-06-21,7.1,7.1,7.1,7.1,0,0,2023-06-21 23:59:59
2023-06-22,7.11,7.11,7.11,7.11,0,0,2023-06-22 23:59:59
2023-06-23,7.1,7.1,7.1,7.1,0,0,2023-06-23 23:59:59
2023-06-26,7.14,7.14,7.14,7.14,0,0,2023-06-26 23:59:59
2023-06-27,7.11,7.11,7.11,7.11,0,0,2023-06-27 23:59:59
2023-06-28,7.23,7.23,7.23,7.23,0,0,2023-06-28 23:59:59
2023-06-29,7.34,7.34,7.34,7.34,0,0,2023-06-29 23:59:59
2023-06-30,7.44,7.44,7.44,7.44,0,0,2023-06-30 23:59:59
2023-07-03,7.39,7.39,7.39,7.39,0,0,2023-07-03 23:59:59
2023-07-04,7.15,7.15,7.15,7.15,0,0,2023-07-04 23:59:59
2023-07-05,7.17,7.17,7.17,7.17,0,0,2023-07-05 23:59:59
2023-07-06,7.18,7.18,7.18,7.18,0,0,2023-07-06 23:59:59
2023-07-07,7.17,7.17,7.17,7.17,0,0,2023-07-07 23:59:59
2023-07-10,7.19,7.19,7.19,7.19,0,0,2023-07-10 23:59:59
2023-07-11,7.52,7.52,7.52,7.52,0,0,2023-07-11 23:59:59
2023-07-12,7.48,7.48,7.48,7.48,0,0,2023-07-12 23:59:59
2023-07-13,7.47,7.47,7.47,7.47,0,0,2023-07-13 23:59:59
2023-07-14,7.6,7.6,7.6,7.6,0,0,2023-07-14 23:59:59
2023-07-17,7.97,7.97,7.97,7.97,0,0,2023-07-17 23:59:59
2023-07-18,7.89,7.89,7.89,7.89,0,0,2023-07-18 23:59:59
2023-07-19,7.87,7.87,7.87,7.87,0,0,2023-07-19 23:59:59
2023-07-20,7.89,7.89,7.89,7.89,0,0,2023-07-20 23:59:59
2023-07-21,8.03,8.03,8.03,8.03,0,0,2023-07-21 23:59:59
2023-07-24,8.2,8.2,8.2,8.2,0,0,2023-07-24 23:59:59
2023-07-25,8.19,8.19,8.19,8.19,0,0,2023-07-25 23:59:59
2023-07-26,8.19,8.19,8.19,8.19,0,0,2023-07-26 23:59:59
2023-07-27,8.19,8.19,8.19,8.19,0,0,2023-07-27 23:59:59
2023-07-28,8.2,8.2,8.2,8.2,0,0,2023-07-28 23:59:59
2023-07-31,8.25,8.25,8.25,8.25,0,0,2023-07-31 23:59:59
2023-08-01,8.16,8.16,8.16,8.16,0,0,2023-08-01 23:59:59
2023-08-02,8.08,8.08,8.08,8.08,0,0,2023-08-02 23:59:59
2023-08-03,7.93,7.93,7.93,7.93,0,0,2023-08-03 23:59:59
2023-08-04,7.88,7.88,7.88,7.88,0,0,2023-08-04 23:59:59
2023-08-07,7.9,7.9,7.9,7.9,0,0,2023-08-07 23:59:59
2023-08-08,8.25,8.25,8.25,8.25,0,0,2023-08-08 23:59:59
2023-08-09,8.31,8.31,8.31,8.31,0,0,2023-08-09 23:59:59
2023-08-10,8.27,8.27,8.27,8.27,0,0,2023-08-10 23:59:59
2023-08-11,8.45,8.45,8.45,8.45,0,0,2023-08-11 23:59:59
2023-08-14,8.58,8.58,8.58,8.58,0,0,2023-08-14 23:59:59
2023-08-15,11.44,11.44,11.44,11.44,0,0,2023-08-15 23:59:59
2023-08-16,11.79,11.79,11.79,11.79,0,0,2023-08-16 23:59:59
2023-08-17,11.82,11.82,11.82,11.82,0,0,2023-08-17 23:59:59
2023-08-18,11.9,11.9,11.9,11.9,0,0,2023-08-18 23:59:59
2023-08-21,11.89,11.89,11.89,11.89,0,0,2023-08-21 23:59:59
2023-08-22,11.86,11.86,11.86,11.86,0,0,2023-08-22 23:59:59
2023-08-23,11.86,11.86,11.86,11.86,0,0,2023-08-23 23:59:59
2023-08-24,11.86,11.86,11.86,11.86,0,0,2023-08-24 23:59:59
2023-08-25,11.89,11.89,11.89,11.89,0,0,2023-08-25 23:59:59
2023-08-28,11.86,11.86,11.86,11.86,0,0,2023-08-28 23:59:59
2023-08-29,11.88,11.88,11.88,11.88,0,0,2023-08-29 23:59:59
2023-08-30,11.88,11.88,11.88,11.88,0,0,2023-08-30 23:59:59
2023-08-31,11.82,11.82,11.82,11.82,0,0,2023-08-31 23:59:59
2023-09-01,11.85,11.85,11.85,11.85,0,0,2023-09-01 23:59:59
2023-09-04,11.86,11.86,11.86,11.86,0,0,2023-09-04 23:59:59
2023-09-05,11.83,11.83,11.83,11.83,0,0,2023-09-05 23:59:59
2023-09-06,11.77,11.77,11.77,11.77,0,0,2023-09-06 23:59:59
2023-09-07,11.65,11.65,11.65,11.65,0,0,2023-09-07 23:59:59
2023-09-08,11.57,11.57,11.57,11.57,0,0,2023-09-08 23:59:59
2023-09-11,11.57,11.57,11.57,11.57,0,0,2023-09-11 23:59:59
2023-09-12,11.99,11.99,11.99,11.99,0,0,2023-09-12 23:59:59
2023-09-13,12.01,12.01,12.01,12.01,0,0,2023-09-13 23:59:59
2023-09-14,12.34,12.34,12.34,12.34,0,0,2023-09-14 23:59:59
2023-09-15,12.35,12.35,12.35,12.35,0,0,2023-09-15 23:59:59
2023-09-18,12.59,12.59,12.59,12.59,0,0,2023-09-18 23:59:59
2023-09-19,12.4,12.4,12.4,12.4,0,0,2023-09-19 23:59:59
2023-09-20,12.47,12.47,12.47,12.47,0,0,2023-09-20 23:59:59
2023-09-21,12.45,12.45,12.45,12.45,0,0,2023-09-21 23:59:59
2023-09-22,12.33,12.33,12.33,12.33,0,0,2023-09-22 23:59:59
2023-09-25,12.42,12.42,12.42,12.42,0,0,2023-09-25 23:59:59
2023-09-26,12.45,12.45,12.45,12.45,0,0,2023-09-26 23:59:59
2023-09-27,12.48,12.48,12.48,12.48,0,0,2023-09-27 23:59:59
2023-09-28,12.55,12.55,12.55,12.55,0,0,2023-09-28 23:59:59
2023-09-29,12.56,12.56,12.56,12.56,0,0,2023-09-29 23:59:59
2023-10-02,12.46,12.46,12.46,12.46,0,0,2023-10-02 23:59:59
2023-10-03,12.43,12.43,12.43,12.43,0,0,2023-10-03 23:59:59
2023-10-04,12.41,12.41,12.41,12.41,0,0,2023-10-04 23:59:59
2023-10-05,12.48,12.48,12.48,12.48,0,0,2023-10-05 23:59:59
2023-10-06,12.55,12.55,12.55,12.55,0,0,2023-10-06 23:59:59
2023-10-09,12.86,12.86,12.86,12.86,0,0,2023-10-09 23:59:59
2023-10-10,13.0,13.0,13.0,13.0,0,0,2023-10-10 23:59:59
2023-10-11,12.87,12.87,12.87,12.87,0,0,2023-10-11 23:59:59
2023-10-12,12.97,12.97,12.97,12.97,0,0,2023-10-12 23:59:59
2023-10-13,13.19,13.19,13.19,13.19,0,0,2023-10-13 23:59:59
2023-10-16,13.15,13.15,13.15,13.15,0,0,2023-10-16 23:59:59
2023-10-17,13.15,13.15,13.15,13.15,0,0,2023-10-17 23:59:59
2023-10-18,13.15,13.15,13.15,13.15,0,0,2023-10-18 23:59:59
2023-10-19,13.11,13.11,13.11,13.11,0,0,2023-10-19 23:59:59
2023-10-20,13.13,13.13,13.13,13.13,0,0,2023-10-20 23:59:59
2023-10-23,13.1,13.1,13.1,13.1,0,0,2023-10-23 23:59:59
2023-10-24,13.03,13.03,13.03,13.03,0,0,2023-10-24 23:59:59
2023-10-25,12.89,12.89,12.89,12.89,0,0,2023-10-25 23:59:59
2023-10-26,12.64,12.64,12.64,12.64,0,0,2023-10-26 23:59:59
2023-10-27,12.62,12.62,12.62,12.62,0,0,2023-10-27 23:59:59
2023-10-30,14.2,14.2,14.2,14.2,0,0,2023-10-30 23:59:59
2023-10-31,14.5,14.5,14.5,14.5,0,0,2023-10-31 23:59:59
2023-11-01,14.38,14.38,14.38,14.38,0,0,2023-11-01 23:59:59
2023-11-02,14.3,14.3,14.3,14.3,0,0,2023-11-02 23:59:59
2023-11-03,14.13,14.13,14.13,14.13,0,0,2023-11-03 23:59:59
2023-11-07,14.19,14.19,14.19,14.19,0,0,2023-11-07 23:59:59
2023-11-08,14.3,14.3,14.3,14.3,0,0,2023-11-08 23:59:59
2023-11-09,14.58,14.58,14.58,14.58,0,0,2023-11-09 23:59:59
2023-11-10,14.56,14.56,14.56,14.56,0,0,2023-11-10 23:59:59
2023-11-13,14.7,14.7,14.7,14.7,0,0,2023-11-13 23:59:59
2023-11-14,15.03,15.03,15.03,15.03,0,0,2023-11-14 23:59:59
2023-11-15,14.73,14.73,14.73,14.73,0,0,2023-11-15 23:59:59
2023-11-16,14.99,14.99,14.99,14.99,0,0,2023-11-16 23:59:59
2023-11-17,15.02,15.02,15.02,15.02,0,0,2023-11-17 23:59:59
2023-11-20,15.06,15.06,15.06,15.06,0,0,2023-11-20 23:59:59
2023-11-21,15.17,15.17,15.17,15.17,0,0,2023-11-21 23:59:59
2023-11-22,15.14,15.14,15.14,15.14,0,0,2023-11-22 23:59:59
2023-11-23,15.11,15.11,15.11,15.11,0,0,2023-11-23 23:59:59
2023-11-24,15.14,15.14,15.14,15.14,0,0,2023-11-24 23:59:59
2023-11-27,15.2,15.2,15.2,15.2,0,0,2023-11-27 23:59:59
2023-11-28,15.24,15.24,15.24,15.24,0,0,2023-11-28 23:59:59
2023-11-29,15.09,15.09,15.09,15.09,0,0,2023-11-29 23:59:59
2023-11-30,15.02,15.02,15.02,15.02,0,0,2023-11-30 23:59:59
2023-12-01,14.82,14.82,14.82,14.82,0,0,2023-12-01 23:59:59
2023-12-04,14.75,14.75,14.75,14.75,0,0,2023-12-04 23:59:59
2023-12-05,14.55,14.55,14.55,14.55,0,0,2023-12-05 23:59:59
2023-12-06,14.56,14.56,14.56,14.56,0,0,2023-12-06 23:59:59
2023-12-07,14.49,14.49,14.49,14.49,0,0,2023-12-07 23:59:59
2023-12-08,14.51,14.51,14.51,14.51,0,0,2023-12-08 23:59:59
2023-12-11,14.86,14.86,14.86,14.86,0,0,2023-12-11 23:59:59
2023-12-12,15.05,15.05,15.05,15.05,0,0,2023-12-12 23:59:59
2023-12-13,15.36,15.36,15.36,15.36,0,0,2023-12-13 23:59:59
2023-12-14,15.7,15.7,15.7,15.7,0,0,2023-12-14 23:59:59
2023-12-15,15.88,15.88,15.88,15.88,0,0,2023-12-15 23:59:59
2023-12-18,15.7,15.7,15.7,15.7,0,0,2023-12-18 23:59:59
2023-12-19,15.49,15.49,15.49,15.49,0,0,2023-12-19 23:59:59
2023-12-20,15.51,15.51,15.51,15.51,0,0,2023-12-20 23:59:59
2023-12-21,15.39,15.39,15.39,15.39,0,0,2023-12-21 23:59:59
2023-12-22,15.39,15.39,15.39,15.39,0,0,2023-12-22 23:59:59
2023-12-25,15.37,15.37,15.37,15.37,0,0,2023-12-25 23:59:59
2023-12-26,15.36,15.36,15.36,15.36,0,0,2023-12-26 23:59:59
2023-12-27,15.31,15.31,15.31,15.31,0,0,2023-12-27 23:59:59
2023-12-28,15.31,15.31,15.31,15.31,0,0,2023-12-28 23:59:59
2024-01-09,15.84,15.84,15.84,15.84,0,0,2024-01-09 23:59:59
2024-01-10,15.38,15.38,15.38,15.38,0,0,2024-01-10 23:59:59
2024-01-11,15.14,15.14,15.14,15.14,0,0,2024-01-11 23:59:59
2024-01-12,15.09,15.09,15.09,15.09,0,0,2024-01-12 23:59:59
2024-01-15,15.67,15.67,15.67,15.67,0,0,2024-01-15 23:59:59
2024-01-16,15.59,15.59,15.59,15.59,0,0,2024-01-16 23:59:59
2024-01-17,15.57,15.57,15.57,15.57,0,0,2024-01-17 23:59:59
2024-01-18,15.56,15.56,15.56,15.56,0,0,2024-01-18 23:59:59
2024-01-19,15.69,15.69,15.69,15.69,0,0,2024-01-19 23:59:59
2024-01-22,15.78,15.78,15.78,15.78,0,0,2024-01-22 23:59:59
2024-01-23,15.82,15.82,15.82,15.82,0,0,2024-01-23 23:59:59
2024-01-24,15.87,15.87,15.87,15.87,0,0,2024-01-24 23:59:59
2024-01-25,15.9,15.9,15.9,15.9,0,0,2024-01-25 23:59:59
2024-01-26,15.7,15.7,15.7,15.7,0,0,2024-01-26 23:59:59
2024-01-29,15.66,15.66,15.66,15.66,0,0,2024-01-29 23:59:59
2024-01-30,15.8,15.8,15.8,15.8,0,0,2024-01-30 23:59:59
2024-01-31,15.81,15.81,15.81,15.81,0,0,2024-01-31 23:59:59
2024-02-01,15.79,15.79,15.79,15.79,0,0,2024-02-01 23:59:59
2024-02-02,15.81,15.81,15.81,15.81,0,0,2024-02-02 23:59:59
2024-02-05,15.85,15.85,15.85,15.85,0,0,2024-02-05 23:59:59
2024-02-06,15.97,15.97,15.97,15.97,0,0,2024-02-06 23:59:59
2024-02-07,16.0,16.0,16.0,16.0,0,0,2024-02-07 23:59:59
2024-02-08,15.89,15.89,15.89,15.89,0,0,2024-02-08 23:59:59
2024-02-09,15.84,15.84,15.84,15.84,0,0,2024-02-09 23:59:59
2024-02-12,16.04,16.04,16.04,16.04,0,0,2024-02-12 23:59:59
2024-02-13,16.05,16.05,16.05,16.05,0,0,2024-02-13 23:59:59
2024-02-14,15.82,15.82,15.82,15.82,0,0,2024-02-14 23:59:59
2024-02-15,15.49,15.49,15.49,15.49,0,0,2024-02-15 23:59:59
2024-02-16,15.4,15.4,15.4,15.4,0,0,2024-02-16 23:59:59
2024-02-19,15.36,15.36,15.36,15.36,0,0,2024-02-19 23:59:59
2024-02-20,15.45,15.45,15.45,15.45,0,0,2024-02-20 23:59:59
2024-02-21,15.46,15.46,15.46,15.46,0,0,2024-02-21 23:59:59
2024-02-22,15.57,15.57,15.57,15.57,0,0,2024-02-22 23:59:59
2024-02-26,15.61,15.61,15.61,15.61,0,0,2024-02-26 23:59:59
2024-02-27,15.72,15.72,15.72,15.72,0,0,2024-02-27 23:59:59
2024-02-28,15.75,15.75,15.75,15.75,0,0,2024-02-28 23:59:59
2024-02-29,15.95,15.95,15.95,15.95,0,0,2024-02-29 23:59:59
2024-03-01,15.65,15.65,15.65,15.65,0,0,2024-03-01 23:59:59
2024-03-04,15.25,15.25,15.25,15.25,0,0,2024-03-04 23:59:59
2024-03-05,15.26,15.26,15.26,15.26,0,0,2024-03-05 23:59:59
2024-03-06,15.38,15.38,15.38,15.38,0,0,2024-03-06 23:59:59
2024-03-07,15.5,15.5,15.5,15.5,0,0,2024-03-07 23:59:59
2024-03-11,15.78,15.78,15.78,15.78,0,0,2024-03-11 23:59:59
2024-03-12,16.03,16.03,16.03,16.03,0,0,2024-03-12 23:59:59
2024-03-13,15.72,15.72,15.72,15.72,0,0,2024-03-13 23:59:59
2024-03-14,15.78,15.78,15.78,15.78,0,0,2024-03-14 23:59:59
2024-03-15,15.79,15.79,15.79,15.79,0,0,2024-03-15 23:59:59
2024-03-18,15.76,15.76,15.76,15.76,0,0,2024-03-18 23:59:59
2024-03-19,15.72,15.72,15.72,15.72,0,0,2024-03-19 23:59:59
2024-03-20,15.55,15.55,15.55,15.55,0,0,2024-03-20 23:59:59
2024-03-21,15.42,15.42,15.42,15.42,0,0,2024-03-21 23:59:59
2024-03-22,15.39,15.39,15.39,15.39,0,0,2024-03-22 23:59:59
2024-03-25,15.3,15.3,15.3,15.3,0,0,2024-03-25 23:59:59
2024-03-26,15.66,15.66,15.66,15.66,0,0,2024-03-26 23:59:59
2024-03-27,15.46,15.46,15.46,15.46,0,0,2024-03-27 23:59:59
2024-03-28,15.4,15.4,15.4,15.4,0,0,2024-03-28 23:59:59
2024-03-29,15.93,15.93,15.93,15.93,0,0,2024-03-29 23:59:59
2024-04-01,15.43,15.43,15.43,15.43,0,0,2024-04-01 23:59:59
2024-04-02,15.41,15.41,15.41,15.41,0,0,2024-04-02 23:59:59
2024-04-03,15.47,15.47,15.47,15.47,0,0,2024-04-03 23:59:59
2024-04-04,15.42,15.42,15.42,15.42,0,0,2024-04-04 23:59:59
2024-04-05,15.38,15.38,15.38,15.38,0,0,2024-04-05 23:59:59
2024-04-08,15.63,15.63,15.63,15.63,0,0,2024-04-08 23:59:59
2024-04-09,15.59,15.59,15.59,15.59,0,0,2024-04-09 23:59:59
2024-04-10,15.52,15.52,15.52,15.52,0,0,2024-04-10 23:59:59
2024-04-11,15.65,15.65,15.65,15.65,0,0,2024-04-11 23:59:59
2024-04-12,15.69,15.69,15.69,15.69,0,0,2024-04-12 23:59:59
2024-04-15,15.68,15.68,15.68,15.68,0,0,2024-04-15 23:59:59
2024-04-16,15.75,15.75,15.75,15.75,0,0,2024-04-16 23:59:59
2024-04-17,15.66,15.66,15.66,15.66,0,0,2024-04-17 23:59:59
2024-04-18,15.69,15.69,15.69,15.69,0,0,2024-04-18 23:59:59
2024-04-19,15.71,15.71,15.71,15.71,0,0,2024-04-19 23:59:59
2024-04-22,15.62,15.62,15.62,15.62,0,0,2024-04-22 23:59:59
2024-04-23,15.57,15.57,15.57,15.57,0,0,2024-04-23 23:59:59
2024-04-24,15.56,15.56,15.56,15.56,0,0,2024-04-24 23:59:59
2024-04-25,15.53,15.53,15.53,15.53,0,0,2024-04-25 23:59:59
2024-04-26,15.58,15.58,15.58,15.58,0,0,2024-04-26 23:59:59
2024-05-02,15.92,15.92,15.92,15.92,0,0,2024-05-02 23:59:59
2024-05-03,16.18,16.18,16.18,16.18,0,0,2024-05-03 23:59:59
2024-05-06,16.24,16.24,16.24,16.24,0,0,2024-05-06 23:59:59
2024-05-07,16.12,16.12,16.12,16.12,0,0,2024-05-07 23:59:59
2024-05-08,16.16,16.16,16.16,16.16,0,0,2024-05-08 23:59:59
2024-05-13,16.21,16.21,16.21,16.21,0,0,2024-05-13 23:59:59
2024-05-14,16.26,16.26,16.26,16.26,0,0,2024-05-14 23:59:59
2024-05-15,16.04,16.04,16.04,16.04,0,0,2024-05-15 23:59:59
2024-05-16,15.86,15.86,15.86,15.86,0,0,2024-05-16 23:59:59
2024-05-17,15.8,15.8,15.8,15.8,0,0,2024-05-17 23:59:59
2024-05-20,15.82,15.82,15.82,15.82,0,0,2024-05-20 23:59:59
2024-05-21,15.89,15.89,15.89,15.89,0,0,2024-05-21 23:59:59
2024-05-22,15.9,15.9,15.9,15.9,0,0,2024-05-22 23:59:59
2024-05-23,15.91,15.91,15.91,15.91,0,0,2024-05-23 23:59:59
2024-05-24,15.88,15.88,15.88,15.88,0,0,2024-05-24 23:59:59
2024-05-27,15.81,15.81,15.81,15.81,0,0,2024-05-27 23:59:59
2024-05-28,15.78,15.78,15.78,15.78,0,0,2024-05-28 23:59:59
2024-05-29,15.88,15.88,15.88,15.88,0,0,2024-05-29 23:59:59
2024-05-30,16.0,16.0,16.0,16.0,0,0,2024-05-30 23:59:59
2024-05-31,16.21,16.21,16.21,16.21,0,0,2024-05-31 23:59:59
2024-06-03,16.01,16.01,16.01,16.01,0,0,2024-06-03 23:59:59
2024-06-04,15.89,15.89,15.89,15.89,0,0,2024-06-04 23:59:59
2024-06-05,16.04,16.04,16.04,16.04,0,0,2024-06-05 23:59:59
2024-06-06,16.24,16.24,16.24,16.24,0,0,2024-06-06 23:59:59
2024-06-07,16.3,16.3,16.3,16.3,0,0,2024-06-07 23:59:59
2024-06-10,15.53,15.53,15.53,15.53,0,0,2024-06-10 23:59:59
2024-06-11,15.36,15.36,15.36,15.36,0,0,2024-06-11 23:59:59
2024-06-13,15.8,15.8,15.8,15.8,0,0,2024-06-13 23:59:59
2024-06-14,15.46,15.46,15.46,15.46,0,0,2024-06-14 23:59:59
2024-06-17,15.43,15.43,15.43,15.43,0,0,2024-06-17 23:59:59
2024-06-18,15.31,15.31,15.31,15.31,0,0,2024-06-18 23:59:59
2024-06-19,15.28,15.28,15.28,15.28,0,0,2024-06-19 23:59:59
2024-06-20,15.24,15.24,15.24,15.24,0,0,2024-06-20 23:59:59
2024-06-21,15.18,15.18,15.18,15.18,0,0,2024-06-21 23:59:59
2024-06-24,15.18,15.18,15.18,15.18,0,0,2024-06-24 23:59:59
2024-06-25,15.39,15.39,15.39,15.39,0,0,2024-06-25 23:59:59
2024-06-26,15.38,15.38,15.38,15.38,0,0,2024-06-26 23:59:59
2024-06-27,15.57,15.57,15.57,15.57,0,0,2024-06-27 23:59:59
2024-06-28,15.93,15.93,15.93,15.93,0,0,2024-06-28 23:59:59
2024-07-01,15.82,15.82,15.82,15.82,0,0,2024-07-01 23:59:59
2024-07-02,16.42,16.42,16.42,16.42,0,0,2024-07-02 23:59:59
2024-07-03,16.27,16.27,16.27,16.27,0,0,2024-07-03 23:59:59
2024-07-04,15.58,15.58,15.58,15.58,0,0,2024-07-04 23:59:59
2024-07-05,15.84,15.84,15.84,15.84,0,0,2024-07-05 23:59:59
2024-07-08,15.76,15.76,15.76,15.76,0,0,2024-07-08 23:59:59
2024-07-09,15.93,15.93,15.93,15.93,0,0,2024-07-09 23:59:59
2024-07-10,16.32,16.32,16.32,16.32,0,0,2024-07-10 23:59:59
2024-07-11,16.58,16.58,16.58,16.58,0,0,2024-07-11 23:59:59
2024-07-12,16.39,16.39,16.39,16.39,0,0,2024-07-12 23:59:59
2024-07-15,16.29,16.29,16.29,16.29,0,0,2024-07-15 23:59:59
2024-07-16,16.21,16.21,16.21,16.21,0,0,2024-07-16 23:59:59
2024-07-17,16.2,16.2,16.2,16.2,0,0,2024-07-17 23:59:59
2024-07-18,16.11,16.11,16.11,16.11,0,0,2024-07-18 23:59:59
2024-07-19,15.93,15.93,15.93,15.93,0,0,2024-07-19 23:59:59
2024-07-22,15.4,15.4,15.4,15.4,0,0,2024-07-22 23:59:59
2024-07-23,15.43,15.43,15.43,15.43,0,0,2024-07-23 23:59:59
2024-07-24,15.25,15.25,15.25,15.25,0,0,2024-07-24 23:59:59
2024-07-25,15.22,15.22,15.22,15.22,0,0,2024-07-25 23:59:59
2024-07-26,15.53,15.53,15.53,15.53,0,0,2024-07-26 23:59:59
2024-07-29,17.06,17.06,17.06,17.06,0,0,2024-07-29 23:59:59
2024-07-30,17.01,17.01,17.01,17.01,0,0,2024-07-30 23:59:59
2024-07-31,17.34,17.34,17.34,17.34,0,0,2024-07-31 23:59:59
2024-08-01,17.13,17.13,17.13,17.13,0,0,2024-08-01 23:59:59
2024-08-02,17.03,17.03,17.03,17.03,0,0,2024-08-02 23:59:59
2024-08-05,17.09,17.09,17.09,17.09,0,0,2024-08-05 23:59:59
2024-08-06,17.04,17.04,17.04,17.04,0,0,2024-08-06 23:59:59
2024-08-07,17.23,17.23,17.23,17.23,0,0,2024-08-07 23:59:59
2024-08-08,17.19,17.19,17.19,17.19,0,0,2024-08-08 23:59:59
2024-08-09,17.22,17.22,17.22,17.22,0,0,2024-08-09 23:59:59
2024-08-12,17.55,17.55,17.55,17.55,0,0,2024-08-12 23:59:59
2024-08-13,18.14,18.14,18.14,18.14,0,0,2024-08-13 23:59:59
2024-08-14,17.88,17.88,17.88,17.88,0,0,2024-08-14 23:59:59
2024-08-15,17.6,17.6,17.6,17.6,0,0,2024-08-15 23:59:59
2024-08-16,17.54,17.54,17.54,17.54,0,0,2024-08-16 23:59:59
2024-08-19,17.47,17.47,17.47,17.47,0,0,2024-08-19 23:59:59
2024-08-20,17.51,17.51,17.51,17.51,0,0,2024-08-20 23:59:59
2024-08-21,17.58,17.58,17.58,17.58,0,0,2024-08-21 23:59:59
2024-08-22,17.63,17.63,17.63,17.63,0,0,2024-08-22 23:59:59
2024-08-23,18.06,18.06,18.06,18.06,0,0,2024-08-23 23:59:59
2024-08-26,18.01,18.01,18.01,18.01,0,0,2024-08-26 23:59:59
2024-08-27,18.42,18.42,18.42,18.42,0,0,2024-08-27 23:59:59
2024-08-28,17.83,17.83,17.83,17.83,0,0,2024-08-28 23:59:59
2024-08-29,18.14,18.14,18.14,18.14,0,0,2024-08-29 23:59:59
2024-08-30,18.87,18.87,18.87,18.87,0,0,2024-08-30 23:59:59
2024-09-02,18.65,18.65,18.65,18.65,0,0,2024-09-02 23:59:59
2024-09-03,18.24,18.24,18.24,18.24,0,0,2024-09-03 23:59:59
2024-09-04,18.34,18.34,18.34,18.34,0,0,2024-09-04 23:59:59
2024-09-05,18.37,18.37,18.37,18.37,0,0,2024-09-05 23:59:59
2024-09-06,18.49,18.49,18.49,18.49,0,0,2024-09-06 23:59:59
2024-09-09,18.16,18.16,18.16,18.16,0,0,2024-09-09 23:59:59
2024-09-10,17.78,17.78,17.78,17.78,0,0,2024-09-10 23:59:59
2024-09-11,18.2,18.2,18.2,18.2,0,0,2024-09-11 23:59:59
2024-09-12,18.36,18.36,18.36,18.36,0,0,2024-09-12 23:59:59
2024-09-13,18.45,18.45,18.45,18.45,0,0,2024-09-13 23:59:59
2024-09-16,18.8,18.8,18.8,18.8,0,0,2024-09-16 23:59:59
2024-09-17,18.61,18.61,18.61,18.61,0,0,2024-09-17 23:59:59
2024-09-18,18.51,18.51,18.51,18.51,0,0,2024-09-18 23:59:59
2024-09-19,18.51,18.51,18.51,18.51,0,0,2024-09-19 23:59:59
2024-09-20,18.36,18.36,18.36,18.36,0,0,2024-09-20 23:59:59
2024-09-23,18.39,18.39,18.39,18.39,0,0,2024-09-23 23:59:59
2024-09-24,18.27,18.27,18.27,18.27,0,0,2024-09-24 23:59:59
2024-09-25,18.3,18.3,18.3,18.3,0,0,2024-09-25 23:59:59
2024-09-26,18.3,18.3,18.3,18.3,0,0,2024-09-26 23:59:59
2024-09-27,18.28,18.28,18.28,18.28,0,0,2024-09-27 23:59:59
2024-10-02,18.31,18.31,18.31,18.31,0,0,2024-10-02 23:59:59
2024-10-03,18.27,18.27,18.27,18.27,0,0,2024-10-03 23:59:59
2024-10-04,18.24,18.24,18.24,18.24,0,0,2024-10-04 23:59:59
2024-10-07,18.23,18.23,18.23,18.23,0,0,2024-10-07 23:59:59
2024-10-08,18.37,18.37,18.37,18.37,0,0,2024-10-08 23:59:59
2024-10-09,18.71,18.71,18.71,18.71,0,0,2024-10-09 23:59:59
2024-10-10,18.68,18.68,18.68,18.68,0,0,2024-10-10 23:59:59
2024-10-11,18.67,18.67,18.67,18.67,0,0,2024-10-11 23:59:59
2024-10-14,18.54,18.54,18.54,18.54,0,0,2024-10-14 23:59:59
2024-10-15,18.48,18.48,18.48,18.48,0,0,2024-10-15 23:59:59
2024-10-16,18.65,18.65,18.65,18.65,0,0,2024-10-16 23:59:59
2024-10-17,18.88,18.88,18.88,18.88,0,0,2024-10-17 23:59:59
2024-10-18,18.82,18.82,18.82,18.82,0,0,2024-10-18 23:59:59
2024-10-21,18.78,18.78,18.78,18.78,0,0,2024-10-21 23:59:59
2024-10-22,18.64,18.64,18.64,18.64,0,0,2024-10-22 23:59:59
2024-10-23,18.66,18.66,18.66,18.66,0,0,2024-10-23 23:59:59
2024-10-24,18.49,18.49,18.49,18.49,0,0,2024-10-24 23:59:59
2024-10-25,18.49,18.49,18.49,18.49,0,0,2024-10-25 23:59:59
2024-10-28,20.12,20.12,20.12,20.12,0,0,2024-10-28 23:59:59
2024-10-29,20.18,20.18,20.18,20.18,0,0,2024-10-29 23:59:59
2024-10-30,20.46,20.46,20.46,20.46,0,0,2024-10-30 23:59:59
2024-10-31,20.4,20.4,20.4,20.4,0,0,2024-10-31 23:59:59
2024-11-01,20.32,20.32,20.32,20.32,0,0,2024-11-01 23:59:59
2024-11-05,20.3,20.3,20.3,20.3,0,0,2024-11-05 23:59:59
2024-11-06,20.26,20.26,20.26,20.26,0,0,2024-11-06 23:59:59
2024-11-07,20.23,20.23,20.23,20.23,0,0,2024-11-07 23:59:59
2024-11-08,20.38,20.38,20.38,20.38,0,0,2024-11-08 23:59:59
2024-11-11,20.66,20.66,20.66,20.66,0,0,2024-11-11 23:59:59
2024-11-12,21.53,21.53,21.53,21.53,0,0,2024-11-12 23:59:59
2024-11-13,20.54,20.54,20.54,20.54,0,0,2024-11-13 23:59:59
2024-11-14,20.64,20.64,20.64,20.64,0,0,2024-11-14 23:59:59
2024-11-15,20.59,20.59,20.59,20.59,0,0,2024-11-15 23:59:59
2024-11-18,20.63,20.63,20.63,20.63,0,0,2024-11-18 23:59:59
2024-11-19,20.62,20.62,20.62,20.62,0,0,2024-11-19 23:59:59
2024-11-20,20.62,20.62,20.62,20.62,0,0,2024-11-20 23:59:59
2024-11-21,20.55,20.55,20.55,20.55,0,0,2024-11-21 23:59:59
2024-11-22,20.43,20.43,20.43,20.43,0,0,2024-11-22 23:59:59
2024-11-25,20.32,20.32,20.32,20.32,0,0,2024-11-25 23:59:59
2024-11-26,20.33,20.33,20.33,20.33,0,0,2024-11-26 23:59:59
2024-11-27,20.56,20.56,20.56,20.56,0,0,2024-11-27 23:59:59
2024-11-28,20.87,20.87,20.87,20.87,0,0,2024-11-28 23:59:59
2024-11-29,20.68,20.68,20.68,20.68,0,0,2024-11-29 23:59:59
2024-12-02,20.87,20.87,20.87,20.87,0,0,2024-12-02 23:59:59
2024-12-03,21.1,21.1,21.1,21.1,0,0,2024-12-03 23:59:59
2024-12-04,20.91,20.91,20.91,20.91,0,0,2024-12-04 23:59:59
2024-12-05,20.7,20.7,20.7,20.7,0,0,2024-12-05 23:59:59
2024-12-06,20.63,20.63,20.63,20.63,0,0,2024-12-06 23:59:59
2024-12-09,20.31,20.31,20.31,20.31,0,0,2024-12-09 23:59:59
2024-12-10,20.35,20.35,20.35,20.35,0,0,2024-12-10 23:59:59
2024-12-11,21.21,21.21,21.21,21.21,0,0,2024-12-11 23:59:59
2024-12-12,21.62,21.62,21.62,21.62,0,0,2024-12-12 23:59:59
2024-12-13,21.91,21.91,21.91,21.91,0,0,2024-12-13 23:59:59
2024-12-16,21.82,21.82,21.82,21.82,0,0,2024-12-16 23:59:59
2024-12-17,21.75,21.75,21.75,21.75,0,0,2024-12-17 23:59:59
2024-12-18,21.7,21.7,21.7,21.7,0,0,2024-12-18 23:59:59
2024-12-19,21.61,21.61,21.61,21.61,0,0,2024-12-19 23:59:59
2024-12-20,21.71,21.71,21.71,21.71,0,0,2024-12-20 23:59:59
2024-12-23,20.35,20.35,20.35,20.35,0,0,2024-12-23 23:59:59
2024-12-24,20.36,20.36,20.36,20.36,0,0,2024-12-24 23:59:59
2024-12-25,20.4,20.4,20.4,20.4,0,0,2024-12-25 23:59:59
2024-12-26,20.36,20.36,20.36,20.36,0,0,2024-12-26 23:59:59
2024-12-27,20.35,20.35,20.35,20.35,0,0,2024-12-27 23:59:59
2025-01-09,20.59,20.59,20.59,20.59,0,0,2025-01-09 23:59:59
2025-01-10,20.53,20.53,20.53,20.53,0,0,2025-01-10 23:59:59
2025-01-13,20.26,20.26,20.26,20.26,0,0,2025-01-13 23:59:59
2025-01-14,20.37,20.37,20.37,20.37,0,0,2025-01-14 23:59:59
2025-01-15,20.62,20.62,20.62,20.62,0,0,2025-01-15 23:59:59
2025-01-16,20.84,20.84,20.84,20.84,0,0,2025-01-16 23:59:59
2025-01-17,20.97,20.97,20.97,20.97,0,0,2025-01-17 23:59:59
2025-01-20,21.02,21.02,21.02,21.02,0,0,2025-01-20 23:59:59
2025-01-21,21.02,21.02,21.02,21.02,0,0,2025-01-21 23:59:59
2025-01-22,20.96,20.96,20.96,20.96,0,0,2025-01-22 23:59:59
2025-01-23,20.62,20.62,20.62,20.62,0,0,2025-01-23 23:59:59
2025-01-24,20.51,20.51,20.51,20.51,0,0,2025-01-24 23:59:59
2025-01-27,20.47,20.47,20.47,20.47,0,0,2025-01-27 23:59:59
2025-01-28,20.49,20.49,20.49,20.49,0,0,2025-01-28 23:59:59
2025-01-29,20.54,20.54,20.54,20.54,0,0,2025-01-29 23:59:59
2025-01-30,20.46,20.46,20.46,20.46,0,0,2025-01-30 23:59:59
2025-01-31,20.43,20.43,20.43,20.43,0,0,2025-01-31 23:59:59
2025-02-03,20.42,20.42,20.42,20.42,0,0,2025-02-03 23:59:59
2025-02-04,20.25,20.25,20.25,20.25,0,0,2025-02-04 23:59:59
2025-02-05,20.22,20.22,20.22,20.22,0,0,2025-02-05 23:59:59
2025-02-06,20.33,20.33,20.33,20.33,0,0,2025-02-06 23:59:59
2025-02-07,20.25,20.25,20.25,20.25,0,0,2025-02-07 23:59:59
2025-02-10,20.41,20.41,20.41,20.41,0,0,2025-02-10 23:59:59
2025-02-11,21.17,21.17,21.17,21.17,0,0,2025-02-11 23:59:59
2025-02-12,20.74,20.74,20.74,20.74,0,0,2025-02-12 23:59:59
2025-02-13,20.82,20.82,20.82,20.82,0,0,2025-02-13 23:59:59
2025-02-14,20.85,20.85,20.85,20.85,0,0,2025-02-14 23:59:59
2025-02-17,20.85,20.85,20.85,20.85,0,0,2025-02-17 23:59:59
2025-02-18,20.92,20.92,20.92,20.92,0,0,2025-02-18 23:59:59
2025-02-19,20.94,20.94,20.94,20.94,0,0,2025-02-19 23:59:59
2025-02-20,21.08,21.08,21.08,21.08,0,0,2025-02-20 23:59:59
2025-02-21,21.23,21.23,21.23,21.23,0,0,2025-02-21 23:59:59
2025-02-24,21.25,21.25,21.25,21.25,0,0,2025-02-24 23:59:59
2025-02-25,21.09,21.09,21.09,21.09,0,0,2025-02-25 23:59:59
2025-02-26,21.1,21.1,21.1,21.1,0,0,2025-02-26 23:59:59
2025-02-27,21.1,21.1,21.1,21.1,0,0,2025-02-27 23:59:59
2025-02-28,21.11,21.11,21.11,21.11,0,0,2025-02-28 23:59:59
2025-03-03,21.4,21.4,21.4,21.4,0,0,2025-03-03 23:59:59
2025-03-04,21.5,21.5,21.5,21.5,0,0,2025-03-04 23:59:59
2025-03-05,21.53,21.53,21.53,21.53,0,0,2025-03-05 23:59:59
2025-03-06,21.39,21.39,21.39,21.39,0,0,2025-03-06 23:59:59
2025-03-07,21.46,21.46,21.46,21.46,0,0,2025-03-07 23:59:59
2025-03-10,21.43,21.43,21.43,21.43,0,0,2025-03-10 23:59:59
2025-03-11,21.07,21.07,21.07,21.07,0,0,2025-03-11 23:59:59
2025-03-12,21.15,21.15,21.15,21.15,0,0,2025-03-12 23:59:59
2025-03-13,21.36,21.36,21.36,21.36,0,0,2025-03-13 23:59:59
2025-03-14,21.48,21.48,21.48,21.48,0,0,2025-03-14 23:59:59
2025-03-17,21.5,21.5,21.5,21.5,0,0,2025-03-17 23:59:59
2025-03-18,21.5,21.5,21.5,21.5,0,0,2025-03-18 23:59:59
2025-03-19,21.5,21.5,21.5,21.5,0,0,2025-03-19 23:59:59
2025-03-20,21.5,21.5,21.5,21.5,0,0,2025-03-20 23:59:59
2025-03-21,21.45,21.45,21.45,21.45,0,0,2025-03-21 23:59:59
2025-03-24,21.45,21.45,21.45,21.45,0,0,2025-03-24 23:59:59
2025-03-25,21.55,21.55,21.55,21.55,0,0,2025-03-25 23:59:59
2025-03-26,21.6,21.6,21.6,21.6,0,0,2025-03-26 23:59:59
2025-03-27,21.53,21.53,21.53,21.53,0,0,2025-03-27 23:59:59
2025-03-28,20.95,20.95,20.95,20.95,0,0,2025-03-28 23:59:59
2025-03-31,21.65,21.65,21.65,21.65,0,0,2025-03-31 23:59:59
2025-04-01,21.65,21.65,21.65,21.65,0,0,2025-04-01 23:59:59
2025-04-02,21.66,21.66,21.66,21.66,0,0,2025-04-02 23:59:59
2025-04-03,21.66,21.66,21.66,21.66,0,0,2025-04-03 23:59:59
2025-04-04,21.66,21.66,21.66,21.66,0,0,2025-04-04 23:59:59
2025-04-07,21.46,21.46,21.46,21.46,0,0,2025-04-07 23:59:59
2025-04-08,21.18,21.18,21.18,21.18,0,0,2025-04-08 23:59:59
2025-04-09,21.45,21.45,21.45,21.45,0,0,2025-04-09 23:59:59
2025-04-10,21.46,21.46,21.46,21.46,0,0,2025-04-10 23:59:59
2025-04-11,21.48,21.48,21.48,21.48,0,0,2025-04-11 23:59:59
2025-04-14,21.39,21.39,21.39,21.39,0,0,2025-04-14 23:59:59
2025-04-15,21.3,21.3,21.3,21.3,0,0,2025-04-15 23:59:59
2025-04-16,20.81,20.81,20.81,20.81,0,0,2025-04-16 23:59:59
2025-04-17,20.36,20.36,20.36,20.36,0,0,2025-04-17 23:59:59
2025-04-18,20.4,20.4,20.4,20.4,0,0,2025-04-18 23:59:59
2025-04-21,20.63,20.63,20.63,20.63,0,0,2025-04-21 23:59:59
2025-04-22,20.67,20.67,20.67,20.67,0,0,2025-04-22 23:59:59
2025-04-23,20.79,20.79,20.79,20.79,0,0,2025-04-23 23:59:59
2025-04-24,20.69,20.69,20.69,20.69,0,0,2025-04-24 23:59:59
2025-04-25,20.62,20.62,20.62,20.62,0,0,2025-04-25 23:59:59
2025-04-28,20.47,20.47,20.47,20.47,0,0,2025-04-28 23:59:59
2025-04-29,20.5,20.5,20.5,20.5,0,0,2025-04-29 23:59:59
2025-04-30,20.75,20.75,20.75,20.75,0,0,2025-04-30 23:59:59
2025-05-05,20.51,20.51,20.51,20.51,0,0,2025-05-05 23:59:59
2025-05-06,20.69,20.69,20.69,20.69,0,0,2025-05-06 23:59:59
2025-05-07,20.73,20.73,20.73,20.73,0,0,2025-05-07 23:59:59
2025-05-12,20.67,20.67,20.67,20.67,0,0,2025-05-12 23:59:59
2025-05-13,20.82,20.82,20.82,20.82,0,0,2025-05-13 23:59:59
2025-05-14,20.89,20.89,20.89,20.89,0,0,2025-05-14 23:59:59
2025-05-15,21.04,21.04,21.04,21.04,0,0,2025-05-15 23:59:59
2025-05-16,21.1,21.1,21.1,21.1,0,0,2025-05-16 23:59:59
2025-05-19,20.91,20.91,20.91,20.91,0,0,2025-05-19 23:59:59
2025-05-20,20.79,20.79,20.79,20.79,0,0,2025-05-20 23:59:59
2025-05-21,20.79,20.79,20.79,20.79,0,0,2025-05-21 23:59:59
2025-05-22,20.75,20.75,20.75,20.75,0,0,2025-05-22 23:59:59
2025-05-23,20.75,20.75,20.75,20.75,0,0,2025-05-23 23:59:59
2025-05-26,20.67,20.67,20.67,20.67,0,0,2025-05-26 23:59:59
2025-05-27,20.63,20.63,20.63,20.63,0,0,2025-05-27 23:59:59
2025-05-28,21.04,21.04,21.04,21.04,0,0,2025-05-28 23:59:59
2025-05-29,20.95,20.95,20.95,20.95,0,0,2025-05-29 23:59:59
2025-05-30,21.01,21.01,21.01,21.01,0,0,2025-05-30 23:59:59
2025-06-02,21.19,21.19,21.19,21.19,0,0,2025-06-02 23:59:59
2025-06-03,21.38,21.38,21.38,21.38,0,0,2025-06-03 23:59:59
2025-06-04,20.91,20.91,20.91,20.91,0,0,2025-06-04 23:59:59
2025-06-05,20.51,20.51,20.51,20.51,0,0,2025-06-05 23:59:59
2025-06-06,20.26,20.26,20.26,20.26,0,0,2025-06-06 23:59:59
2025-06-09,19.75,19.75,19.75,19.75,0,0,2025-06-09 23:59:59
2025-06-10,19.9,19.9,19.9,19.9,0,0,2025-06-10 23:59:59
2025-06-11,19.92,19.92,19.92,19.92,0,0,2025-06-11 23:59:59
2025-06-16,19.82,19.82,19.82,19.82,0,0,2025-06-16 23:59:59
2025-06-17,19.8,19.8,19.8,19.8,0,0,2025-06-17 23:59:59
2025-06-18,19.75,19.75,19.75,19.75,0,0,2025-06-18 23:59:59
2025-06-19,19.74,19.74,19.74,19.74,0,0,2025-06-19 23:59:59
2025-06-20,19.74,19.74,19.74,19.74,0,0,2025-06-20 23:59:59
2025-06-23,19.72,19.72,19.72,19.72,0,0,2025-06-23 23:59:59
2025-06-24,19.68,19.68,19.68,19.68,0,0,2025-06-24 23:59:59
2025-06-25,19.65,19.65,19.65,19.65,0,0,2025-06-25 23:59:59
2025-06-26,19.65,19.65,19.65,19.65,0,0,2025-06-26 23:59:59
2025-06-27,19.81,19.81,19.81,19.81,0,0,2025-06-27 23:59:59
2025-06-30,20.19,20.19,20.19,20.19,0,0,2025-06-30 23:59:59
2025-07-01,19.97,19.97,19.97,19.97,0,0,2025-07-01 23:59:59
2025-07-02,20.02,20.02,20.02,20.02,0,0,2025-07-02 23:59:59
2025-07-03,19.86,19.86,19.86,19.86,0,0,2025-07-03 23:59:59
2025-07-04,19.9,19.9,19.9,19.9,0,0,2025-07-04 23:59:59
2025-07-07,19.91,19.91,19.91,19.91,0,0,2025-07-07 23:59:59
2025-07-08,19.89,19.89,19.89,19.89,0,0,2025-07-08 23:59:59
2025-07-09,19.58,19.58,19.58,19.58,0,0,2025-07-09 23:59:59
2025-07-10,19.02,19.02,19.02,19.02,0,0,2025-07-10 23:59:59
2025-07-11,18.99,18.99,18.99,18.99,0,0,2025-07-11 23:59:59
2025-07-14,19.03,19.03,19.03,19.03,0,0,2025-07-14 23:59:59
2025-07-15,19.05,19.05,19.05,19.05,0,0,2025-07-15 23:59:59
2025-07-16,19.11,19.11,19.11,19.11,0,0,2025-07-16 23:59:59
2025-07-17,19.11,19.11,19.11,19.11,0,0,2025-07-17 23:59:59
2025-07-18,19.0,19.0,19.0,19.0,0,0,2025-07-18 23:59:59
2025-07-21,19.02,19.02,19.02,19.02,0,0,2025-07-21 23:59:59
2025-07-22,18.96,18.96,18.96,18.96,0,0,2025-07-22 23:59:59
2025-07-23,18.95,18.95,18.95,18.95,0,0,2025-07-23 23:59:59
2025-07-24,18.95,18.95,18.95,18.95,0,0,2025-07-24 23:59:59
2025-07-25,18.98,18.98,18.98,18.98,0,0,2025-07-25 23:59:59
2025-07-28,18.38,18.38,18.38,18.38,0,0,2025-07-28 23:59:59
2025-07-29,18.65,18.65,18.65,18.65,0,0,2025-07-29 23:59:59
2025-07-30,18.58,18.58,18.58,18.58,0,0,2025-07-30 23:59:59
2025-07-31,18.12,18.12,18.12,18.12,0,0,2025-07-31 23:59:59
2025-08-01,18.07,18.07,18.07,18.07,0,0,2025-08-01 23:59:59
2025-08-04,17.93,17.93,17.93,17.93,0,0,2025-08-04 23:59:59
2025-08-05,17.69,17.69,17.69,17.69,0,0,2025-08-05 23:59:59
2025-08-06,17.73,17.73,17.73,17.73,0,0,2025-08-06 23:59:59
2025-08-07,17.71,17.71,17.71,17.71,0,0,2025-08-07 23:59:59
2025-08-08,17.74,17.74,17.74,17.74,0,0,2025-08-08 23:59:59
2025-08-11,17.52,17.52,17.52,17.52,0,0,2025-08-11 23:59:59
2025-08-12,17.03,17.03,17.03,17.03,0,0,2025-08-12 23:59:59
2025-08-13,17.66,17.66,17.66,17.66,0,0,2025-08-13 23:59:59
2025-08-14,17.79,17.79,17.79,17.79,0,0,2025-08-14 23:59:59
2025-08-15,17.74,17.74,17.74,17.74,0,0,2025-08-15 23:59:59
2025-08-18,17.7,17.7,17.7,17.7,0,0,2025-08-18 23:59:59
2025-08-19,17.69,17.69,17.69,17.69,0,0,2025-08-19 23:59:59
2025-08-20,17.71,17.71,17.71,17.71,0,0,2025-08-20 23:59:59
2025-08-21,17.71,17.71,17.71,17.71,0,0,2025-08-21 23:59:59
2025-08-22,17.71,17.71,17.71,17.71,0,0,2025-08-22 23:59:59
2025-08-25,17.68,17.68,17.68,17.68,0,0,2025-08-25 23:59:59
2025-08-26,17.66,17.66,17.66,17.66,0,0,2025-08-26 23:59:59
2025-08-27,17.66,17.66,17.66,17.66,0,0,2025-08-27 23:59:59
2025-08-28,17.66,17.66,17.66,17.66,0,0,2025-08-28 23:59:59
2025-08-29,17.66,17.66,17.66,17.66,0,0,2025-08-29 23:59:59
2025-09-01,17.66,17.66,17.66,17.66,0,0,2025-09-01 23:59:59
2025-09-02,17.68,17.68,17.68,17.68,0,0,2025-09-02 23:59:59
2025-09-03,17.71,17.71,17.71,17.71,0,0,2025-09-03 23:59:59
2025-09-04,17.7,17.7,17.7,17.7,0,0,2025-09-04 23:59:59
2025-09-05,17.68,17.68,17.68,17.68,0,0,2025-09-05 23:59:59
2025-09-08,17.67,17.67,17.67,17.67,0,0,2025-09-08 23:59:59
2025-09-09,17.68,17.68,17.68,17.68,0,0,2025-09-09 23:59:59
2025-09-10,17.08,17.08,17.08,17.08,0,0,2025-09-10 23:59:59
2025-09-11,16.92,16.92,16.92,16.92,0,0,2025-09-11 23:59:59
2025-09-12,17.01,17.01,17.01,17.01,0,0,2025-09-12 23:59:59
2025-09-15,16.77,16.77,16.77,16.77,0,0,2025-09-15 23:59:59
2025-09-16,16.85,16.85,16.85,16.85,0,0,2025-09-16 23:59:59
2025-09-17,16.85,16.85,16.85,16.85,0,0,2025-09-17 23:59:59
2025-09-18,16.86,16.86,16.86,16.86,0,0,2025-09-18 23:59:59
2025-09-19,16.93,16.93,16.93,16.93,0,0,2025-09-19 23:59:59
2025-09-22,16.95,16.95,16.95,16.95,0,0,2025-09-22 23:59:59
2025-09-23,16.93,16.93,16.93,16.93,0,0,2025-09-23 23:59:59
2025-09-24,16.93,16.93,16.93,16.93,0,0,2025-09-24 23:59:59
2025-09-25,16.96,16.96,16.96,16.96,0,0,2025-09-25 23:59:59
2025-09-26,17.0,17.0,17.0,17.0,0,0,2025-09-26 23:59:59
2025-09-29,16.98,16.98,16.98,16.98,0,0,2025-09-29 23:59:59
2025-09-30,17.03,17.03,17.03,17.03,0,0,2025-09-30 23:59:59
2025-10-01,16.89,16.89,16.89,16.89,0,0,2025-10-01 23:59:59
2025-10-02,16.72,16.72,16.72,16.72,0,0,2025-10-02 23:59:59
2025-10-03,16.85,16.85,16.85,16.85,0,0,2025-10-03 23:59:59
2025-10-06,16.93,16.93,16.93,16.93,0,0,2025-10-06 23:59:59
2025-10-07,16.93,16.93,16.93,16.93,0,0,2025-10-07 23:59:59
2025-10-08,16.71,16.71,16.71,16.71,0,0,2025-10-08 23:59:59
2025-10-09,16.58,16.58,16.58,16.58,0,0,2025-10-09 23:59:59
2025-10-10,16.29,16.29,16.29,16.29,0,0,2025-10-10 23:59:59
2025-10-13,16.28,16.28,16.28,16.28,0,0,2025-10-13 23:59:59
2025-10-14,16.3,16.3,16.3,16.3,0,0,2025-10-14 23:59:59
2025-10-15,16.37,16.37,16.37,16.37,0,0,2025-10-15 23:59:59
2025-10-16,16.37,16.37,16.37,16.37,0,0,2025-10-16 23:59:59
2025-10-17,16.46,16.46,16.46,16.46,0,0,2025-10-17 23:59:59
2025-10-20,16.41,16.41,16.41,16.41,0,0,2025-10-20 23:59:59
2025-10-21,16.38,16.38,16.38,16.38,0,0,2025-10-21 23:59:59
2025-10-22,16.38,16.38,16.38,16.38,0,0,2025-10-22 23:59:59
2025-10-23,16.4,16.4,16.4,16.4,0,0,2025-10-23 23:59:59
2025-10-24,16.43,16.43,16.43,16.43,0,0,2025-10-24 23:59:59
2025-10-27,16.26,16.26,16.26,16.26,0,0,2025-10-27 23:59:59
2025-10-28,16.35,16.35,16.35,16.35,0,0,2025-10-28 23:59:59
2025-10-29,16.29,16.29,16.29,16.29,0,0,2025-10-29 23:59:59
2025-10-30,16.04,16.04,16.04,16.04,0,0,2025-10-30 23:59:59
2025-10-31,16.35,16.35,16.35,16.35,0,0,2025-10-31 23:59:59
2025-11-05,16.22,16.22,16.22,16.22,0,0,2025-11-05 23:59:59
2025-11-06,16.34,16.34,16.34,16.34,0,0,2025-11-06 23:59:59
2025-11-07,16.34,16.34,16.34,16.34,0,0,2025-11-07 23:59:59
2025-11-10,16.34,16.34,16.34,16.34,0,0,2025-11-10 23:59:59
2025-11-11,16.38,16.38,16.38,16.38,0,0,2025-11-11 23:59:59
2025-11-12,16.26,16.26,16.26,16.26,0,0,2025-11-12 23:59:59
2025-11-13,16.45,16.45,16.45,16.45,0,0,2025-11-13 23:59:59
2025-11-14,16.52,16.52,16.52,16.52,0,0,2025-11-14 23:59:59
2025-11-17,16.33,16.33,16.33,16.33,0,0,2025-11-17 23:59:59
2025-11-18,16.27,16.27,16.27,16.27,0,0,2025-11-18 23:59:59
2025-11-19,16.09,16.09,16.09,16.09,0,0,2025-11-19 23:59:59
2025-11-20,16.1,16.1,16.1,16.1,0,0,2025-11-20 23:59:59
2025-11-21,16.13,16.13,16.13,16.13,0,0,2025-11-21 23:59:59
2025-11-24,16.1,16.1,16.1,16.1,0,0,2025-11-24 23:59:59
2025-11-25,16.05,16.05,16.05,16.05,0,0,2025-11-25 23:59:59
2025-11-26,16.06,16.06,16.06,16.06,0,0,2025-11-26 23:59:59
2025-11-27,15.98,15.98,15.98,15.98,0,0,2025-11-27 23:59:59
2025-11-28,16.06,16.06,16.06,16.06,0,0,2025-11-28 23:59:59
2025-12-01,16.05,16.05,16.05,16.05,0,0,2025-12-01 23:59:59
2025-12-02,16.16,16.16,16.16,16.16,0,0,2025-12-02 23:59:59
2025-12-03,16.21,16.21,16.21,16.21,0,0,2025-12-03 23:59:59
2025-12-04,16.44,16.44,16.44,16.44,0,0,2025-12-04 23:59:59
2025-12-05,16.48,16.48,16.48,16.48,0,0,2025-12-05 23:59:59
2025-12-08,16.35,16.35,16.35,16.35,0,0,2025-12-08 23:59:59
2025-12-09,16.15,16.15,16.15,16.15,0,0,2025-12-09 23:59:59
2025-12-10,16.0,16.0,16.0,16.0,0,0,2025-12-10 23:59:59
2025-12-11,15.95,15.95,15.95,15.95,0,0,2025-12-11 23:59:59
2025-12-12,15.82,15.82,15.82,15.82,0,0,2025-12-12 23:59:59
2025-12-15,15.74,15.74,15.74,15.74,0,0,2025-12-15 23:59:59
2025-12-16,15.78,15.78,15.78,15.78,0,0,2025-12-16 23:59:59
2025-12-17,15.76,15.76,15.76,15.76,0,0,2025-12-17 23:59:59
2025-12-18,15.77,15.77,15.77,15.77,0,0,2025-12-18 23:59:59
2025-12-19,15.8,15.8,15.8,15.8,0,0,2025-12-19 23:59:59
2025-12-22,15.81,15.81,15.81,15.81,0,0,2025-12-22 23:59:59
2025-12-23,16.26,16.26,16.26,16.26,0,0,2025-12-23 23:59:59
2025-12-24,15.94,15.94,15.94,15.94,0,0,2025-12-24 23:59:59
2025-12-25,15.76,15.76,15.76,15.76,0,0,2025-12-25 23:59:59
2025-12-26,15.76,15.76,15.76,15.76,0,0,2025-12-26 23:59:59
2025-12-29,15.77,15.77,15.77,15.77,0,0,2025-12-29 23:59:59
2026-01-12,15.62,15.62,15.62,15.62,0,0,2026-01-12 23:59:59
2026-01-13,15.16,15.16,15.16,15.16,0,0,2026-01-13 23:59:59
2026-01-14,15.52,15.52,15.52,15.52,0,0,2026-01-14 23:59:59
2026-01-15,15.71,15.71,15.71,15.71,0,0,2026-01-15 23:59:59
2026-01-16,15.82,15.82,15.82,15.82,0,0,2026-01-16 23:59:59
2026-01-19,15.75,15.75,15.75,15.75,0,0,2026-01-19 23:59:59
2026-01-20,15.71,15.71,15.71,15.71,0,0,2026-01-20 23:59:59
2026-01-21,15.7,15.7,15.7,15.7,0,0,2026-01-21 23:59:59
2026-01-22,15.58,15.58,15.58,15.58,0,0,2026-01-22 23:59:59
2026-01-23,15.49,15.49,15.49,15.49,0,0,2026-01-23 23:59:59
2026-01-26,15.65,15.65,15.65,15.65,0,0,2026-01-26 23:59:59
2026-01-27,15.53,15.53,15.53,15.53,0,0,2026-01-27 23:59:59
2026-01-28,15.69,15.69,15.69,15.69,0,0,2026-01-28 23:59:59
2026-01-29,15.87,15.87,15.87,15.87,0,0,2026-01-29 23:59:59
2026-01-30,15.85,15.85,15.85,15.85,0,0,2026-01-30 23:59:59
2026-02-02,15.77,15.77,15.77,15.77,0,0,2026-02-02 23:59:59
2026-02-03,15.66,15.66,15.66,15.66,0,0,2026-02-03 23:59:59
2026-02-04,15.57,15.57,15.57,15.57,0,0,2026-02-04 23:59:59
2026-02-05,15.45,15.45,15.45,15.45,0,0,2026-02-05 23:59:59
2026-02-06,15.34,15.34,15.34,15.34,0,0,2026-02-06 23:59:59
2026-02-09,15.3,15.3,15.3,15.3,0,0,2026-02-09 23:59:59
2026-02-10,15.24,15.24,15.24,15.24,0,0,2026-02-10 23:59:59
2026-02-11,15.28,15.28,15.28,15.28,0,0,2026-02-11 23:59:59
2026-02-12,15.21,15.21,15.21,15.21,0,0,2026-02-12 23:59:59
2026-02-13,15.28,15.28,15.28,15.28,0,0,2026-02-13 23:59:59
2026-02-16,15.15,15.15,15.15,15.15,0,0,2026-02-16 23:59:59
2026-02-17,15.19,15.19,15.19,15.19,0,0,2026-02-17 23:59:59
2026-02-18,15.29,15.29,15.29,15.29,0,0,2026-02-18 23:59:59
2026-02-19,15.21,15.21,15.21,15.21,0,0,2026-02-19 23:59:59
2026-02-20,15.3,15.3,15.3,15.3,0,0,2026-02-20 23:59:59
2026-02-24,15.28,15.28,15.28,15.28,0,0,2026-02-24 23:59:59
2026-02-25,15.16,15.16,15.16,15.16,0,0,2026-02-25 23:59:59
2026-02-26,15.15,15.15,15.15,15.15,0,0,2026-02-26 23:59:59
2026-02-27,15.19,15.19,15.19,15.19,0,0,2026-02-27 23:59:59
2026-03-02,15.2,15.2,15.2,15.2,0,0,2026-03-02 23:59:59
2026-03-03,15.27,15.27,15.27,15.27,0,0,2026-03-03 23:59:59
2026-03-04,15.27,15.27,15.27,15.27,0,0,2026-03-04 23:59:59
2026-03-05,15.27,15.27,15.27,15.27,0,0,2026-03-05 23:59:59
2026-03-06,15.26,15.26,15.26,15.26,0,0,2026-03-06 23:59:59
2026-03-10,15.26,15.26,15.26,15.26,0,0,2026-03-10 23:59:59
2026-03-11,15.02,15.02,15.02,15.02,0,0,2026-03-11 23:59:59
2026-03-12,14.87,14.87,14.87,14.87,0,0,2026-03-12 23:59:59
2026-03-13,14.8,14.8,14.8,14.8,0,0,2026-03-13 23:59:59
2026-03-16,14.77,14.77,14.77,14.77,0,0,2026-03-16 23:59:59
2026-03-17,14.75,14.75,14.75,14.75,0,0,2026-03-17 23:59:59
2026-03-18,14.78,14.78,14.78,14.78,0,0,2026-03-18 23:59:59
2026-03-19,14.78,14.78,14.78,14.78,0,0,2026-03-19 23:59:59
2026-03-20,14.75,14.75,14.75,14.75,0,0,2026-03-20 23:59:59
2026-03-23,14.68,14.68,14.68,14.68,0,0,2026-03-23 23:59:59
2026-03-24,14.96,14.96,14.96,14.96,0,0,2026-03-24 23:59:59
2026-03-25,14.82,14.82,14.82,14.82,0,0,2026-03-25 23:59:59
2026-03-26,14.58,14.58,14.58,14.58,0,0,2026-03-26 23:59:59
2026-03-27,14.58,14.58,14.58,14.58,0,0,2026-03-27 23:59:59
2026-03-30,14.6,14.6,14.6,14.6,0,0,2026-03-30 23:59:59
2026-03-31,14.69,14.69,14.69,14.69,0,0,2026-03-31 23:59:59
2026-04-01,14.76,14.76,14.76,14.76,0,0,2026-04-01 23:59:59
2026-04-02,14.77,14.77,14.77,14.77,0,0,2026-04-02 23:59:59
2026-04-03,14.78,14.78,14.78,14.78,0,0,2026-04-03 23:59:59
2026-04-06,14.77,14.77,14.77,14.77,0,0,2026-04-06 23:59:59
2026-04-07,14.74,14.74,14.74,14.74,0,0,2026-04-07 23:59:59
2026-04-08,14.72,14.72,14.72,14.72,0,0,2026-04-08 23:59:59
2026-04-09,14.66,14.66,14.66,14.66,0,0,2026-04-09 23:59:59
2026-04-10,14.6,14.6,14.6,14.6,0,0,2026-04-10 23:59:59
2026-04-13,14.59,14.59,14.59,14.59,0,0,2026-04-13 23:59:59
2026-04-14,14.54,14.54,14.54,14.54,0,0,2026-04-14 23:59:59
2026-04-15,14.53,14.53,14.53,14.53,0,0,2026-04-15 23:59:59
2026-04-16,14.48,14.48,14.48,14.48,0,0,2026-04-16 23:59:59
2026-04-17,14.47,14.47,14.47,14.47,0,0,2026-04-17 23:59:59
