begin,open,close,high,low,value,volume,end
2014-01-06,246.04999999999998,242.30000000000004,247.5,242.00000000000003,682214030.8,14020850000,2014-01-06 23:59:59
2014-01-08,243.0,239.55,243.0,239.5,498042475.8,10341130000,2014-01-08 23:59:59
2014-01-09,239.6,240.60000000000005,242.00000000000003,238.7,838162139.9,17420160000,2014-01-09 23:59:59
2014-01-10,240.15,242.30000000000004,242.89999999999998,239.0,771266793.8,15982840000,2014-01-10 23:59:59
2014-01-13,242.05,244.6,246.45,241.25,1213799793.6,24850300000,2014-01-13 23:59:59
2014-01-14,242.64999999999998,245.55,247.0,242.00000000000003,2148924357.9,43911520000,2014-01-14 23:59:59
2014-01-15,246.29999999999998,245.25000000000003,248.10000000000002,243.3,1558963474.3,31784590000,2014-01-15 23:59:59
2014-01-16,245.40000000000003,243.4,246.65,242.69999999999996,891827887.6,18252210000,2014-01-16 23:59:59
2014-01-17,243.4,242.00000000000003,244.35,241.54999999999998,1035887664.1,21341910000,2014-01-17 23:59:59
2014-01-20,242.00000000000003,240.99999999999997,243.3,240.65000000000003,989529343.5,20439300000,2014-01-20 23:59:59
2014-01-21,242.5,241.85000000000002,243.65000000000003,241.2,854793154.4,17648650000,2014-01-21 23:59:59
2014-01-22,242.25,238.35,242.30000000000004,237.15,1786194247.6,37384130000,2014-01-22 23:59:59
2014-01-23,237.5,237.75,241.60000000000002,237.35,1368415899.5,28520340000,2014-01-23 23:59:59
2014-01-24,237.5,234.8,239.24999999999997,233.55,2397111245.9,50674750000,2014-01-24 23:59:59
2014-01-27,232.55,231.89999999999998,234.25,230.0,2379294394.5,51290530000,2014-01-27 23:59:59
2014-01-28,231.89999999999998,231.35,233.5,230.05,1222390061.8,26386290000,2014-01-28 23:59:59
2014-01-29,232.95,231.79999999999998,235.55000000000004,230.95000000000002,2488481050.7,53246310000,2014-01-29 23:59:59
2014-01-30,231.05,229.0,233.4,227.7,2140648636.3,46565970000,2014-01-30 23:59:59
2014-01-31,229.0,227.20000000000002,230.9,226.10000000000002,1469318210.7,32166550000,2014-01-31 23:59:59
2014-02-03,229.0,226.35,229.54999999999998,225.99999999999997,1252950192.4,27480150000,2014-02-03 23:59:59
2014-02-04,224.69999999999996,226.74999999999997,227.45000000000002,222.75,1232976735.2,27386710000,2014-02-04 23:59:59
2014-02-05,227.6,231.05,231.4,226.55,1367000846.3,29808210000,2014-02-05 23:59:59
2014-02-06,231.4,230.5,232.75,230.15,1043086280.4,22550610000,2014-02-06 23:59:59
2014-02-07,231.49999999999997,230.15,231.7,228.8,796482551.3,17320950000,2014-02-07 23:59:59
2014-02-10,230.5,227.75000000000003,231.45,227.75000000000003,622801137.0,13566300000,2014-02-10 23:59:59
2014-02-11,228.4,227.75000000000003,229.35,226.65,757416656.9,16605030000,2014-02-11 23:59:59
2014-02-12,228.85,232.84999999999997,233.14999999999998,228.65,1450586462.6,31395830000,2014-02-12 23:59:59
2014-02-13,231.05,228.09999999999997,231.85,228.09999999999997,843098913.2,18308300000,2014-02-13 23:59:59
2014-02-14,229.50000000000003,229.54999999999998,231.49999999999997,229.25,1126412946.6,24441720000,2014-02-14 23:59:59
2014-02-17,231.0,231.0,232.45,230.1,511095506.8,11044500000,2014-02-17 23:59:59
2014-02-18,231.95000000000002,230.15,232.50000000000003,229.54999999999998,979811190.2,21201990000,2014-02-18 23:59:59
2014-02-19,229.0,225.54999999999998,230.54999999999998,224.4,1650353711.5,36336110000,2014-02-19 23:59:59
2014-02-20,223.75,225.75,226.74999999999997,222.5,1487986155.7,33199830000,2014-02-20 23:59:59
2014-02-21,226.5,226.6,227.9,225.89999999999998,848103526.3,18691230000,2014-02-21 23:59:59
2014-02-24,226.65,225.70000000000005,227.5,224.74999999999994,957610239.8,21180200000,2014-02-24 23:59:59
2014-02-25,226.5,222.95,226.5,222.70000000000002,923445419.8,20609990000,2014-02-25 23:59:59
2014-02-26,222.95,220.05,224.25,219.75000000000003,1250209621.0,28236790000,2014-02-26 23:59:59
2014-02-27,220.1,212.25,221.04999999999998,209.6,2676348682.8,62771150000,2014-02-27 23:59:59
2014-02-28,210.79999999999998,210.65,212.25,207.75000000000003,2075046153.3,49398230000,2014-02-28 23:59:59
2014-03-03,200.1,173.75000000000003,204.4,167.85000000000002,5190361065.4,142761780000,2014-03-03 23:59:59
2014-03-04,173.75000000000003,187.10000000000002,188.55,173.0,3766282608.5,102850790000,2014-03-04 23:59:59
2014-03-05,185.99999999999997,181.5,186.20000000000002,177.8,3125778649.4,86185640000,2014-03-05 23:59:59
2014-03-06,182.5,176.2,185.05,171.25,2769008381.0,77911840000,2014-03-06 23:59:59
2014-03-07,174.5,175.5,180.5,174.15,1874111217.8,52852430000,2014-03-07 23:59:59
2014-03-11,171.60000000000002,167.54999999999998,172.45,165.25000000000003,3053980523.2,90412820000,2014-03-11 23:59:59
2014-03-12,165.04999999999998,158.55,165.8,158.55,2618968788.9,80938750000,2014-03-12 23:59:59
2014-03-13,160.55,159.5,163.85,159.0,3443081062.8,107010340000,2014-03-13 23:59:59
2014-03-14,155.95,160.0,160.29999999999998,148.75,3624768032.8,117536230000,2014-03-14 23:59:59
2014-03-17,162.5,165.5,169.4,158.15,3275383214.5,100682030000,2014-03-17 23:59:59
2014-03-18,169.25,171.55,172.75,165.25000000000003,3707230741.6,109044770000,2014-03-18 23:59:59
2014-03-19,171.65,170.8,174.25,168.75,2669828261.0,77919200000,2014-03-19 23:59:59
2014-03-20,168.20000000000002,174.5,176.75,167.64999999999998,2085809899.8,60469470000,2014-03-20 23:59:59
2014-03-21,169.35,170.24999999999997,170.7,165.6,2439162068.2,72663420000,2014-03-21 23:59:59
2014-03-24,171.04999999999998,170.55,174.0,170.0,1189860747.2,34512250000,2014-03-24 23:59:59
2014-03-25,170.7,176.9,177.75,168.65,2138141793.2,61314780000,2014-03-25 23:59:59
2014-03-26,177.29999999999998,182.25000000000003,184.05,177.1,2420541474.9,67195510000,2014-03-26 23:59:59
2014-03-27,180.5,182.45000000000002,187.0,180.10000000000002,3272132500.7,89429350000,2014-03-27 23:59:59
2014-03-28,183.39999999999998,191.1,194.49999999999997,183.04999999999998,3365729459.6,88999000000,2014-03-28 23:59:59
2014-03-31,192.05,198.00000000000003,199.4,191.0,3802546689.0,97311380000,2014-03-31 23:59:59
2014-04-01,199.0,197.0,202.75,195.8,3432714141.6,86374630000,2014-04-01 23:59:59
2014-04-02,197.5,194.75,197.75,190.0,4214588472.2,109080120000,2014-04-02 23:59:59
2014-04-03,195.45,191.1,198.25000000000003,188.5,3317098119.6,85808590000,2014-04-03 23:59:59
2014-04-04,197.5,194.49999999999997,198.00000000000003,191.85,5349926665.2,137071920000,2014-04-04 23:59:59
2014-04-07,192.20000000000002,188.70000000000002,193.20000000000002,184.54999999999998,3031276940.5,80280130000,2014-04-07 23:59:59
2014-04-08,188.8,191.25,192.20000000000002,185.5,2963830142.4,78062340000,2014-04-08 23:59:59
2014-04-09,191.25,191.99999999999997,194.25,188.14999999999998,1992059388.2,52053840000,2014-04-09 23:59:59
2014-04-10,193.0,195.50000000000006,197.4,192.20000000000002,2165060554.2,55546800000,2014-04-10 23:59:59
2014-04-11,192.55,198.4,200.0,192.49999999999997,4817243622.6,121899550000,2014-04-11 23:59:59
2014-04-14,196.0,196.90000000000003,197.95,193.84999999999997,2973854902.7,76009120000,2014-04-14 23:59:59
2014-04-15,197.5,191.14999999999998,197.85,190.9,2820322134.7,73144850000,2014-04-15 23:59:59
2014-04-16,192.49999999999997,191.65,193.9,189.65,2031800405.4,53001980000,2014-04-16 23:59:59
2014-04-17,192.49999999999997,191.85,193.55,189.05,2210486641.2,57645350000,2014-04-17 23:59:59
2014-04-18,194.49999999999997,194.55,196.6,193.84999999999997,1653363022.5,42394530000,2014-04-18 23:59:59
2014-04-21,195.0,192.65,195.0,192.25,863300869.1,22331210000,2014-04-21 23:59:59
2014-04-22,192.65,191.95,193.84999999999997,190.54999999999998,1918366577.5,49899740000,2014-04-22 23:59:59
2014-04-23,191.4,191.7,192.7,189.60000000000002,2550752275.8,66842570000,2014-04-23 23:59:59
2014-04-24,192.10000000000005,189.95000000000002,193.0,186.65,4239149205.6,111668360000,2014-04-24 23:59:59
2014-04-25,189.0,186.6,190.5,183.60000000000002,3024438693.4,80558700000,2014-04-25 23:59:59
2014-04-28,186.10000000000002,191.25,193.20000000000002,183.0,2390790018.2,63373380000,2014-04-28 23:59:59
2014-04-29,192.95,192.9,196.1,191.99999999999997,1672537007.2,43055270000,2014-04-29 23:59:59
2014-04-30,191.99999999999997,193.24999999999997,195.54999999999995,191.99999999999997,1373679653.5,35459700000,2014-04-30 23:59:59
2014-05-02,192.75,193.0,193.65,191.25,729557574.3,18939090000,2014-05-02 23:59:59
2014-05-05,191.5,193.50000000000003,198.90000000000006,191.5,1920058058.3,49372990000,2014-05-05 23:59:59
2014-05-06,195.0,199.55,200.35,193.75,2743802864.3,69362060000,2014-05-06 23:59:59
2014-05-07,199.0,208.0,218.39999999999998,198.7,5156009262.7,123953650000,2014-05-07 23:59:59
2014-05-08,209.15,211.1,215.65,208.74999999999997,2627637588.9,62080690000,2014-05-08 23:59:59
2014-05-12,212.50000000000003,221.00000000000003,221.15,210.0,3327894741.1,77167930000,2014-05-12 23:59:59
2014-05-13,221.69999999999996,224.00000000000003,227.85,219.75000000000003,6067645629.2,135218720000,2014-05-13 23:59:59
2014-05-14,225.70000000000005,223.29999999999998,226.3,221.5,3113329498.9,69719520000,2014-05-14 23:59:59
2014-05-15,223.15,221.64999999999998,227.20000000000002,221.55,2986247738.7,66623790000,2014-05-15 23:59:59
2014-05-16,220.79999999999998,224.95000000000002,224.95000000000002,219.2,2495354757.6,56198590000,2014-05-16 23:59:59
2014-05-19,225.0,230.5,231.7,224.9,2845621237.6,62328700000,2014-05-19 23:59:59
2014-05-20,230.64999999999998,233.5,233.85000000000002,226.74999999999997,3251933764.5,70524100000,2014-05-20 23:59:59
2014-05-21,232.50000000000003,236.64999999999998,236.85000000000002,230.25,3724956310.5,79671250000,2014-05-21 23:59:59
2014-05-22,237.1,235.0,238.10000000000002,233.10000000000002,1731319062.5,36832660000,2014-05-22 23:59:59
2014-05-23,235.15,236.4,237.5,233.14999999999998,1298041425.0,27513070000,2014-05-23 23:59:59
2014-05-26,236.45,239.8,240.9,236.15,1604939399.1,33577780000,2014-05-26 23:59:59
2014-05-27,241.1,234.29999999999998,241.1,227.95,6164992878.1,132407970000,2014-05-27 23:59:59
2014-05-28,234.70000000000002,236.24999999999997,236.7,231.75,3313293529.4,70652580000,2014-05-28 23:59:59
2014-05-29,237.1,240.0,240.49999999999997,235.1,2601394960.6,54623180000,2014-05-29 23:59:59
2014-05-30,240.04999999999998,239.5,241.34999999999997,238.00000000000003,1948720257.5,40699490000,2014-05-30 23:59:59
2014-06-02,238.4,247.5,250.0,238.4,4081431688.5,82753570000,2014-06-02 23:59:59
2014-06-03,247.0,254.99999999999997,255.7,246.0,5707050542.7,113300050000,2014-06-03 23:59:59
2014-06-04,255.10000000000002,255.59999999999997,258.84999999999997,250.9,4225738586.1,82771970000,2014-06-04 23:59:59
2014-06-05,255.5,242.2,257.4,241.70000000000002,3900386861.0,78620730000,2014-06-05 23:59:59
2014-06-06,243.70000000000002,234.45000000000002,244.85,232.45,4521422629.2,95560750000,2014-06-06 23:59:59
2014-06-09,235.50000000000003,236.54999999999998,239.14999999999998,233.5,1217070636.3,25664460000,2014-06-09 23:59:59
2014-06-10,236.85000000000002,235.0,237.1,230.1,2580788059.9,55349660000,2014-06-10 23:59:59
2014-06-11,235.0,234.89999999999998,235.70000000000002,231.49999999999997,1248199735.5,26737080000,2014-06-11 23:59:59
2014-06-16,233.4,232.15000000000003,234.95,230.0,2793003187.5,59844390000,2014-06-16 23:59:59
2014-06-17,232.35,234.0,235.45,231.05,1508282297.7,32375170000,2014-06-17 23:59:59
2014-06-18,235.05,229.75,235.2,228.9,2068427186.6,44560930000,2014-06-18 23:59:59
2014-06-19,232.05,228.5,232.45,228.25000000000003,1746639719.1,37922530000,2014-06-19 23:59:59
2014-06-20,229.75,224.5,229.75,221.79999999999998,2351605375.1,52091480000,2014-06-20 23:59:59
2014-06-23,224.64999999999998,223.29999999999998,225.85000000000002,219.89999999999998,2246733732.4,50434050000,2014-06-23 23:59:59
2014-06-24,224.54999999999998,220.5,228.35000000000002,220.5,4541583085.1,101338590000,2014-06-24 23:59:59
2014-06-25,219.1,215.5,219.75000000000003,215.15,3169383192.9,72826330000,2014-06-25 23:59:59
2014-06-26,216.0,213.95000000000002,218.1,209.5,2996669810.3,69990080000,2014-06-26 23:59:59
2014-06-27,214.45,210.65,215.79999999999998,209.75000000000003,3777195001.7,89276470000,2014-06-27 23:59:59
2014-06-30,207.75000000000003,205.5,208.95000000000002,203.35000000000002,1992472459.6,48566320000,2014-06-30 23:59:59
2014-07-01,205.65,205.29999999999998,207.2,203.99999999999997,1126078749.9,27386470000,2014-07-01 23:59:59
2014-07-02,205.34999999999997,209.1,209.1,205.29999999999998,1547889692.1,37375750000,2014-07-02 23:59:59
2014-07-03,209.4,211.1,213.19999999999996,209.20000000000002,1992786234.8,47246160000,2014-07-03 23:59:59
2014-07-04,211.35000000000002,204.95,211.9,204.5,1561064230.0,37578090000,2014-07-04 23:59:59
2014-07-07,205.8,213.95000000000002,215.35,203.99999999999997,2734056721.9,65250420000,2014-07-07 23:59:59
2014-07-08,214.0,214.0,217.0,212.50000000000003,2724235235.1,63280500000,2014-07-08 23:59:59
2014-07-09,213.49999999999997,213.15000000000003,215.6,211.1,1893944676.5,44390970000,2014-07-09 23:59:59
2014-07-10,213.75000000000003,208.5,214.85000000000005,206.0,2151734660.4,51130580000,2014-07-10 23:59:59
2014-07-11,209.55,208.20000000000002,209.95,205.14999999999998,1728681801.5,41704760000,2014-07-11 23:59:59
2014-07-14,209.4,205.8,210.0,205.55,1401382059.3,33716230000,2014-07-14 23:59:59
2014-07-15,207.0,205.95,207.15,204.14999999999998,1434667636.2,34900500000,2014-07-15 23:59:59
2014-07-16,205.85,206.50000000000003,208.89999999999998,204.45000000000002,1777112952.7,43052870000,2014-07-16 23:59:59
2014-07-17,203.95,203.45,204.95,193.50000000000003,2723696843.5,68141860000,2014-07-17 23:59:59
2014-07-18,198.00000000000003,202.45,202.7,197.75,1844815953.6,45900540000,2014-07-18 23:59:59
2014-07-21,202.64999999999998,202.5,205.45000000000002,200.29999999999995,1563009131.7,38578900000,2014-07-21 23:59:59
2014-07-22,203.99999999999997,204.75,208.99999999999997,203.99999999999997,2285897123.4,55400350000,2014-07-22 23:59:59
2014-07-23,205.5,201.25,207.2,198.5,3389281553.5,84198090000,2014-07-23 23:59:59
2014-07-24,198.15,200.70000000000002,201.05,193.04999999999998,1955969517.1,49324350000,2014-07-24 23:59:59
2014-07-25,199.5,201.9,201.9,198.5,1283565359.7,32037500000,2014-07-25 23:59:59
2014-07-28,198.55000000000004,199.5,202.29999999999998,196.55,1777078825.2,44613290000,2014-07-28 23:59:59
2014-07-29,197.5,200.59999999999997,203.5,195.95000000000002,1753319673.2,44051920000,2014-07-29 23:59:59
2014-07-30,194.75,198.00000000000003,200.70000000000002,193.04999999999998,1993733640.8,50402940000,2014-07-30 23:59:59
2014-07-31,197.05,199.0,200.0,197.05,977679796.1,24594420000,2014-07-31 23:59:59
2014-08-01,197.65,200.0,201.9,190.5,2553027784.1,65366160000,2014-08-01 23:59:59
2014-08-04,200.0,206.2,206.50000000000003,199.5,1682990487.4,41428900000,2014-08-04 23:59:59
2014-08-05,207.2,205.00000000000006,207.64999999999998,203.15,1571663899.3,38327090000,2014-08-05 23:59:59
2014-08-06,204.25,195.05,205.65,195.05,1799788399.4,44978360000,2014-08-06 23:59:59
2014-08-07,194.0,190.5,195.89999999999998,185.65,2704516392.4,70939100000,2014-08-07 23:59:59
2014-08-08,191.0,187.7,192.79999999999998,187.7,1675140411.3,44064940000,2014-08-08 23:59:59
2014-08-11,194.75,196.25,197.4,193.4,1405884828.1000006,35942980000,2014-08-11 20:30:02
2014-08-12,195.1,192.15000000000003,196.25,191.20000000000002,1213655314.3999994,31347300000,2014-08-12 20:30:02
2014-08-13,191.5,194.8,195.89999999999998,190.05,950867733.0000008,24583700000,2014-08-13 20:29:41
2014-08-14,195.29999999999998,197.3,198.15,194.49999999999997,763491073.7999995,19409530000,2014-08-14 20:29:56
2014-08-15,196.75000000000003,197.0,198.25000000000003,194.8,535959504.80000037,13627440000,2014-08-15 20:29:46
2014-08-18,196.6,196.3,198.7,195.54999999999995,607785114.9,15440000000,2014-08-18 20:29:46
2014-08-19,197.0,197.5,198.35,196.05,726100221.3000003,18390040000,2014-08-19 20:29:47
2014-08-20,197.54999999999998,197.7,198.10000000000002,195.60000000000002,759871909.3,19299840000,2014-08-20 20:29:42
2014-08-21,198.00000000000003,199.1,202.7,197.20000000000005,1580341183.1,39429400000,2014-08-21 20:29:56
2014-08-22,200.0,196.35,202.45,195.70000000000002,1342753946.4999998,33860900000,2014-08-22 20:29:56
2014-08-25,197.5,201.2,201.4,196.75000000000003,869865877.1,21828820000,2014-08-25 20:29:51
2014-08-26,201.45,199.90000000000003,202.4,198.79999999999998,817467986.5000011,20369560000,2014-08-26 20:29:51
2014-08-27,200.9,199.04999999999998,201.35,199.0,731509519.0,18277820000,2014-08-27 23:59:59
2014-08-28,199.04999999999998,191.89999999999998,199.4,189.75,2015264112.7,52173710000,2014-08-28 23:59:59
2014-08-29,191.99999999999997,191.99999999999997,192.75,188.65,938533540.2,24614950000,2014-08-29 23:59:59
2014-09-01,192.9,191.6,194.9,190.15,1191129358.0,30965330000,2014-09-01 23:59:59
2014-09-02,191.6,191.85,192.65,190.85000000000002,678813504.8,17702370000,2014-09-02 23:59:59
2014-09-03,192.25,198.94999999999996,199.45000000000002,191.99999999999997,1929156657.1,49008560000,2014-09-03 23:59:59
2014-09-04,200.0,204.25,205.45000000000002,196.85000000000005,1760372627.8,43772210000,2014-09-04 23:59:59
2014-09-05,203.00000000000003,207.45,207.64999999999998,202.6,1727115294.1,41957650000,2014-09-05 23:59:59
2014-09-08,206.29999999999998,203.05,207.15,203.00000000000003,935737310.3,22836540000,2014-09-08 23:59:59
2014-09-09,203.10000000000002,203.35000000000002,206.05,202.25,799072126.5,19551390000,2014-09-09 23:59:59
2014-09-10,202.75,203.35000000000002,204.45000000000002,201.05,647640287.7,15971010000,2014-09-10 23:59:59
2014-09-11,203.35000000000002,199.24999999999997,204.85,198.3,1014404795.8,25183110000,2014-09-11 23:59:59
2014-09-12,198.75,198.7,200.85,197.20000000000005,947190275.3,23753870000,2014-09-12 23:59:59
2014-09-15,198.45000000000002,196.75000000000003,199.85,195.45,1180594162.6,29930630000,2014-09-15 23:59:59
2014-09-16,196.75000000000003,200.9,202.34999999999997,196.4,935896494.5,23443680000,2014-09-16 23:59:59
2014-09-17,200.8,201.74999999999997,202.7,199.04999999999998,867335877.9,21582630000,2014-09-17 23:59:59
2014-09-18,201.2,200.49999999999997,202.79999999999998,199.60000000000002,585978907.3,14554980000,2014-09-18 23:59:59
2014-09-19,200.59999999999997,199.95000000000002,200.64999999999995,196.7,1126116515.2,28307660000,2014-09-19 23:59:59
2014-09-22,199.1,197.65,200.39999999999998,197.65,485546404.7,12200080000,2014-09-22 23:59:59
2014-09-23,198.25000000000003,202.15,202.79999999999998,198.25000000000003,845783916.9,21088340000,2014-09-23 23:59:59
2014-09-24,202.54999999999998,204.10000000000002,205.75,202.54999999999998,720322504.8,17626830000,2014-09-24 23:59:59
2014-09-25,205.5,202.2,206.15,200.39999999999998,763877462.1,18729570000,2014-09-25 23:59:59
2014-09-26,200.25000000000006,200.8,202.05,198.5,718800985.0,17915420000,2014-09-26 23:59:59
2014-09-29,201.5,196.25,202.25,195.89999999999998,757485630.5,19085620000,2014-09-29 23:59:59
2014-09-30,196.55,190.2,198.20000000000002,190.2,755303434.7,19268730000,2014-09-30 23:59:59
2014-10-01,192.49999999999997,191.0,195.50000000000006,191.0,745972630.9,19258860000,2014-10-01 23:59:59
2014-10-02,190.54999999999998,190.29999999999998,193.1,189.0,943829745.4,24709970000,2014-10-02 23:59:59
2014-10-03,191.05,194.0,194.70000000000002,191.0,691368596.9,17914180000,2014-10-03 23:59:59
2014-10-06,195.0,199.14999999999998,200.45000000000002,195.0,710683903.8,17931860000,2014-10-06 23:59:59
2014-10-07,199.5,195.95000000000002,200.75,194.75,767473444.3,19531410000,2014-10-07 23:59:59
2014-10-08,194.55,191.65,194.9,191.65,764428065.9,19775720000,2014-10-08 23:59:59
2014-10-09,194.0,192.65,195.20000000000002,192.55,737590013.2,19045510000,2014-10-09 23:59:59
2014-10-10,190.4,192.6,194.49999999999997,190.0,1108672701.2,28863080000,2014-10-10 23:59:59
2014-10-13,191.5,195.25,197.5,191.5,931664777.0,23786260000,2014-10-13 23:59:59
2014-10-14,195.50000000000006,197.5,198.90000000000006,195.25,809494479.4,20556460000,2014-10-14 23:59:59
2014-10-15,198.20000000000002,194.75,198.35,193.80000000000004,1041694791.6,26578430000,2014-10-15 23:59:59
2014-10-16,195.15000000000003,193.24999999999997,198.15,193.0,1036151305.2,26441090000,2014-10-16 23:59:59
2014-10-17,194.75,197.54999999999998,198.7,194.55,668133561.8,16963640000,2014-10-17 23:59:59
2014-10-20,197.54999999999998,197.0,200.0,195.8,690787898.6,17481190000,2014-10-20 23:59:59
2014-10-21,196.5,195.20000000000002,197.35,195.0,727652764.4,18541110000,2014-10-21 23:59:59
2014-10-22,196.5,191.5,196.90000000000003,191.1,811669094.4,21045270000,2014-10-22 23:59:59
2014-10-23,190.54999999999998,188.85,191.14999999999998,188.35000000000002,659845505.5,17395470000,2014-10-23 23:59:59
2014-10-24,189.2,191.85,191.85,186.75,618160204.7,16344270000,2014-10-24 23:59:59
2014-10-27,193.3,192.25,195.70000000000002,191.25,849441572.4,21922720000,2014-10-27 23:59:59
2014-10-28,193.3,194.25,195.54999999999995,191.35,805188956.4,20716480000,2014-10-28 23:59:59
2014-10-29,196.2,198.00000000000003,199.35000000000002,194.0,1358796701.3,34505490000,2014-10-29 23:59:59
2014-10-30,197.0,199.14999999999998,199.35000000000002,196.0,1722674914.2,43488110000,2014-10-30 23:59:59
2014-10-31,199.0,199.65,200.49999999999997,194.35000000000002,2364935013.2,59878890000,2014-10-31 23:59:59
2014-11-03,199.2,200.45000000000002,200.45000000000002,197.24999999999997,649824883.9,16277150000,2014-11-03 23:59:59
2014-11-05,196.05,200.04999999999998,201.0,196.05,1642976545.7,41227810000,2014-11-05 23:59:59
2014-11-06,200.0,200.9,203.05,200.0,1542249973.3,38200520000,2014-11-06 23:59:59
2014-11-07,201.65000000000003,201.60000000000005,204.8,200.25000000000006,2149012695.8,53091800000,2014-11-07 23:59:59
2014-11-10,199.85,210.95,211.75,199.85,1644598823.0,40033750000,2014-11-10 23:59:59
2014-11-11,211.39999999999998,210.14999999999995,221.99999999999997,210.14999999999995,4061230959.1,93467360000,2014-11-11 23:59:59
2014-11-12,211.04999999999998,219.54999999999998,219.99999999999994,210.0,4341352003.8,100224630000,2014-11-12 23:59:59
2014-11-13,219.25000000000003,223.60000000000002,228.0,218.95000000000002,5995893380.8,133593500000,2014-11-13 23:59:59
2014-11-14,222.65000000000003,218.75,225.5,215.4,3957488020.2,90181190000,2014-11-14 23:59:59
2014-11-17,218.35,219.3,220.65,215.5,2574613191.0,58907310000,2014-11-17 23:59:59
2014-11-18,219.7,219.64999999999995,222.8,218.0,1369288244.0,31081930000,2014-11-18 23:59:59
2014-11-19,221.75,219.79999999999998,221.75,218.24999999999997,1004968340.5,22873250000,2014-11-19 23:59:59
2014-11-20,219.54999999999998,221.00000000000003,221.79999999999998,218.0,1051960964.8,23888310000,2014-11-20 23:59:59
2014-11-21,221.04999999999998,226.3,228.35000000000002,219.60000000000005,1482251445.1,33088880000,2014-11-21 23:59:59
2014-11-24,227.9,231.0,232.50000000000003,224.35000000000002,2960609782.1,64639910000,2014-11-24 23:59:59
2014-11-25,231.0,230.0,234.14999999999998,229.70000000000002,3489949816.0,75352420000,2014-11-25 23:59:59
2014-11-26,230.0,236.0,236.24999999999997,225.99999999999997,3277527905.9,71152180000,2014-11-26 23:59:59
2014-11-27,235.75,233.5,238.45000000000002,229.50000000000003,6257788210.3,134442600000,2014-11-27 23:59:59
2014-11-28,232.50000000000003,233.5,234.75,223.75,4340250570.3,94211710000,2014-11-28 23:59:59
2014-12-01,230.54999999999998,233.75,237.25000000000003,228.09999999999997,2731574829.8,58522560000,2014-12-01 23:59:59
2014-12-02,234.5,234.95,236.54999999999998,231.54999999999998,1477320284.5,31535850000,2014-12-02 23:59:59
2014-12-03,229.9,246.25,254.15,229.9,4311619597.9,88215950000,2014-12-03 23:59:59
2014-12-04,246.45,259.99999999999994,275.8,246.25,8828243728.8,167807260000,2014-12-04 23:59:59
2014-12-05,262.0,254.99999999999997,265.0,251.0,3919429919.0,76275770000,2014-12-05 23:59:59
2014-12-08,255.75,254.5,260.5,248.5,3174581903.8,62641770000,2014-12-08 23:59:59
2014-12-09,259.99999999999994,261.65000000000003,266.75,252.25,3952547431.9,75779810000,2014-12-09 23:59:59
2014-12-10,262.1,269.5,273.75,260.95,4505843889.5,83644730000,2014-12-10 23:59:59
2014-12-11,269.80000000000007,277.5,277.5,266.5,6385858518.5,117103010000,2014-12-11 23:59:59
2014-12-12,275.55,285.0,285.70000000000005,272.6,5207298858.7,93149100000,2014-12-12 23:59:59
2014-12-15,285.0,284.00000000000006,288.0,280.55,3850034556.5,67617470000,2014-12-15 23:59:59
2014-12-16,283.5,279.99999999999994,302.4,260.55,8939377257.0,159256200000,2014-12-16 23:59:59
2014-12-17,283.45,277.5,289.7,262.8,4020823921.3,73956950000,2014-12-17 23:59:59
2014-12-18,279.99999999999994,276.7,283.34999999999997,265.0,3842718041.5,70191930000,2014-12-18 23:59:59
2014-12-19,275.05,276.25000000000006,277.95,268.25,1897761785.5,34823500000,2014-12-19 23:59:59
2014-12-22,283.25,305.5,308.05,275.84999999999997,6878916135.9,115181310000,2014-12-22 23:59:59
2014-12-23,306.4,306.5,322.2,298.5,6418984817.8,104870340000,2014-12-23 23:59:59
2014-12-24,305.0,330.05,332.4,298.7,4440732498.7,70120840000,2014-12-24 23:59:59
2014-12-25,330.29999999999995,350.05,352.84999999999997,328.55,8001056877.7,116315950000,2014-12-25 23:59:59
2014-12-26,350.00000000000006,344.75,358.25,335.15000000000003,4981359138.4,72063370000,2014-12-26 23:59:59
2014-12-29,345.15,334.95,350.00000000000006,325.0,6338879997.1,93626250000,2014-12-29 23:59:59
2014-12-30,334.4,335.0,340.0,323.05,4575021462.5,69270080000,2014-12-30 23:59:59
2015-01-05,327.3,337.5,346.5,327.3,1158817881.6,17112760000,2015-01-05 23:59:59
2015-01-06,334.1,333.3,344.7,330.90000000000003,880114229.8,13044650000,2015-01-06 23:59:59
2015-01-08,333.20000000000005,337.05,346.7,332.55,1060821643.9,15525650000,2015-01-08 23:59:59
2015-01-09,337.85,326.55,344.9,320.5,1156089662.0,17549210000,2015-01-09 23:59:59
2015-01-12,322.24999999999994,317.65000000000003,336.1,317.65000000000003,1349964055.1,20665690000,2015-01-12 23:59:59
2015-01-13,315.0,302.5,320.5,297.59999999999997,1257558318.9,20204310000,2015-01-13 23:59:59
2015-01-14,298.75,300.5,307.7,295.5,1285648602.4,21346090000,2015-01-14 23:59:59
2015-01-15,305.5,313.65,322.2,300.9,2379251286.9,37956200000,2015-01-15 23:59:59
2015-01-16,313.50000000000006,326.1,328.09999999999997,308.1,1747989074.4,27055110000,2015-01-16 23:59:59
2015-01-19,324.54999999999995,320.05,337.5,318.50000000000006,1721712723.6,26072970000,2015-01-19 23:59:59
2015-01-20,321.5,310.5,322.35,306.0,1793372140.0,28529010000,2015-01-20 23:59:59
2015-01-21,311.95,317.5,317.5,306.34999999999997,1337827633.5,21436620000,2015-01-21 23:59:59
2015-01-22,318.45,318.09999999999997,325.45,315.59999999999997,1798173851.6,28040980000,2015-01-22 23:59:59
2015-01-23,320.0,319.0,324.45,315.75,1292700579.7,20225880000,2015-01-23 23:59:59
2015-01-26,317.5,313.0,317.5,304.35,1277238756.1,20564780000,2015-01-26 23:59:59
2015-01-27,305.0,318.2,319.95000000000005,302.04999999999995,1180353588.9,18950560000,2015-01-27 23:59:59
2015-01-28,320.09999999999997,335.90000000000003,341.05,320.09999999999997,2591105644.3,38979740000,2015-01-28 23:59:59
2015-01-29,336.1,332.5,350.75,330.15000000000003,2899784993.7,42599090000,2015-01-29 23:59:59
2015-01-30,334.45000000000005,344.7,344.7,329.15,2447380393.9,36239850000,2015-01-30 23:59:59
2015-02-02,348.0,334.8,348.5,333.25,1156127172.0,17066770000,2015-02-02 23:59:59
2015-02-03,335.2,338.5,340.0,332.5,1076386022.9,15971080000,2015-02-03 23:59:59
2015-02-04,340.0,334.45000000000005,344.3,331.75000000000006,642737559.9,9548220000,2015-02-04 23:59:59
2015-02-05,334.0,339.3,344.75,330.4,1464570449.3,21572910000,2015-02-05 23:59:59
2015-02-06,340.0,341.3,347.70000000000005,339.04999999999995,1508217645.1,21960880000,2015-02-06 23:59:59
2015-02-09,341.65000000000003,340.0,350.00000000000006,337.85,1827665611.7,26475980000,2015-02-09 23:59:59
2015-02-10,341.0,341.05,346.0,336.7,752061885.0,10992540000,2015-02-10 23:59:59
2015-02-11,344.0,345.25,348.5,343.05,1169744159.1,16867050000,2015-02-11 23:59:59
2015-02-12,349.5,345.00000000000006,359.95,332.75,2295260114.1,33250720000,2015-02-12 23:59:59
2015-02-13,347.25,347.0,349.79999999999995,343.3,1628422790.5,23517780000,2015-02-13 23:59:59
2015-02-16,347.55,336.25,348.15,336.05,1218255903.9,17906420000,2015-02-16 23:59:59
2015-02-17,337.5,335.45,347.59999999999997,331.5,1875967744.2,27622120000,2015-02-17 23:59:59
2015-02-18,335.65,334.2,341.74999999999994,334.2,1199833214.1,17737710000,2015-02-18 23:59:59
2015-02-19,335.0,334.8,335.25,323.70000000000005,1567394411.6,23920190000,2015-02-19 23:59:59
2015-02-20,337.45,333.00000000000006,338.55,329.1,970053668.3,14563250000,2015-02-20 23:59:59
2015-02-24,322.5,322.55,328.29999999999995,318.75,1112586668.1,17262340000,2015-02-24 23:59:59
2015-02-25,323.09999999999997,333.5,333.5,316.95,1880190157.2,28983390000,2015-02-25 23:59:59
2015-02-26,336.74999999999994,350.5,353.9,334.65000000000003,3891355652.6,56316620000,2015-02-26 23:59:59
2015-02-27,350.00000000000006,340.0,353.2,337.99999999999994,2362574131.9,34274590000,2015-02-27 23:59:59
2015-03-02,340.0,340.49999999999994,343.95000000000005,336.9,752003309.3,11052570000,2015-03-02 23:59:59
2015-03-03,329.25000000000006,347.55,347.70000000000005,329.25000000000006,1328859753.3,19321130000,2015-03-03 23:59:59
2015-03-04,345.00000000000006,340.0,349.4,340.0,827905333.6,12033230000,2015-03-04 23:59:59
2015-03-05,340.49999999999994,332.0,343.3,330.0,1430781123.9,21250130000,2015-03-05 23:59:59
2015-03-06,332.0,323.6,334.2,323.6,918981458.4,14009100000,2015-03-06 23:59:59
2015-03-10,321.45,313.0,324.54999999999995,313.0,1490088892.9,23501980000,2015-03-10 23:59:59
2015-03-11,311.8,316.40000000000003,319.5,308.3,1069762654.0,16947000000,2015-03-11 23:59:59
2015-03-12,318.75,322.5,323.15000000000003,305.1,1575966357.9,25133440000,2015-03-12 23:59:59
2015-03-13,325.0,316.6,325.25,314.5,1299808833.0,20382770000,2015-03-13 23:59:59
2015-03-16,314.84999999999997,310.5,317.5,304.04999999999995,1511901156.6,24367790000,2015-03-16 23:59:59
2015-03-17,312.54999999999995,305.0,313.70000000000005,305.0,632292497.2,10245730000,2015-03-17 23:59:59
2015-03-18,306.75000000000006,312.0,312.0,301.65000000000003,1219612542.1,19977760000,2015-03-18 23:59:59
2015-03-19,316.5,311.50000000000006,317.4,307.8,955047527.2,15271810000,2015-03-19 23:59:59
2015-03-20,310.05,317.0,317.0,305.05000000000007,1409644524.1,22727930000,2015-03-20 23:59:59
2015-03-23,318.0,308.59999999999997,319.75000000000006,308.25,777081551.7,12447400000,2015-03-23 23:59:59
2015-03-24,308.59999999999997,315.0,315.2,305.5,953569993.8,15339540000,2015-03-24 23:59:59
2015-03-25,315.0,314.0,317.2,307.8,946024921.8,15148970000,2015-03-25 23:59:59
2015-03-26,315.0,303.0,319.45,301.70000000000005,1250385207.1,20211180000,2015-03-26 23:59:59
2015-03-27,303.0,297.5,304.7,295.5,901179622.0,15006700000,2015-03-27 23:59:59
2015-03-30,298.25,300.09999999999997,303.5,298.0,720158363.9,11966280000,2015-03-30 23:59:59
2015-03-31,300.5,300.0,303.0,291.85,2062463617.5,34516020000,2015-03-31 23:59:59
2015-04-01,300.0,301.95,304.45,297.7,809491454.4,13428980000,2015-04-01 23:59:59
2015-04-02,302.5,308.49999999999994,308.49999999999994,299.05,1306090955.1,21545260000,2015-04-02 23:59:59
2015-04-03,308.75,308.1,312.9,306.09999999999997,940118993.3,15184410000,2015-04-03 23:59:59
2015-04-06,308.0,311.50000000000006,314.2,307.59999999999997,657131066.3,10565300000,2015-04-06 23:59:59
2015-04-07,313.0,300.7,313.25,298.9,2227892677.0,36666330000,2015-04-07 23:59:59
2015-04-08,302.34999999999997,300.0,302.34999999999997,295.0,3407183573.4,56815610000,2015-04-08 23:59:59
2015-04-09,300.0,293.95,309.5,293.25,6027542356.1,100181110000,2015-04-09 23:59:59
2015-04-10,293.6,293.5,294.8,283.25,2671227946.7,46047320000,2015-04-10 23:59:59
2015-04-13,295.05,295.15,299.7,290.05,1454432670.7,24571600000,2015-04-13 23:59:59
2015-04-14,294.5,289.49999999999994,294.9,287.75,956196097.3,16477000000,2015-04-14 23:59:59
2015-04-15,289.34999999999997,291.3,293.5,287.6,756830258.3,13009640000,2015-04-15 23:59:59
2015-04-16,292.50000000000006,294.55,294.75,289.1000000000001,1097133950.8,18805830000,2015-04-16 23:59:59
2015-04-17,293.90000000000003,290.25,295.85,290.0,1409281019.4,24216940000,2015-04-17 23:59:59
2015-04-20,290.55,290.0,292.0,288.65,1440302232.0,24810340000,2015-04-20 23:59:59
2015-04-21,290.0,292.50000000000006,294.15,289.15000000000003,796152767.0,13610610000,2015-04-21 23:59:59
2015-04-22,294.59999999999997,290.7,294.59999999999997,290.0,946011272.1,16265240000,2015-04-22 23:59:59
2015-04-23,290.50000000000006,284.5,291.75,281.95,1638271382.7,28619540000,2015-04-23 23:59:59
2015-04-24,285.45,299.2,299.45,278.75,2289261600.6,39347940000,2015-04-24 23:59:59
2015-04-27,299.9,299.55,302.90000000000003,296.2,1777054867.5,29614610000,2015-04-27 23:59:59
2015-04-28,298.0,310.75,314.3,298.0,3618579781.8,58641230000,2015-04-28 23:59:59
2015-04-29,310.75,315.5,318.25,308.59999999999997,1789493859.5,28405700000,2015-04-29 23:59:59
2015-04-30,315.04999999999995,327.5,327.5,315.0,2191878286.0,33950960000,2015-04-30 23:59:59
2015-05-05,327.5,342.75,344.45000000000005,326.15,2560157046.3,38054970000,2015-05-05 23:59:59
2015-05-06,343.25,341.54999999999995,347.29999999999995,340.0,2903223955.7,42292070000,2015-05-06 23:59:59
2015-05-07,340.15,337.59999999999997,341.54999999999995,337.25,2259918134.7,33351280000,2015-05-07 23:59:59
2015-05-08,337.99999999999994,337.5,341.34999999999997,333.34999999999997,2227058413.9,33063410000,2015-05-08 23:59:59
2015-05-12,336.34999999999997,332.35,338.55,330.50000000000006,1693778472.2,25294940000,2015-05-12 23:59:59
2015-05-13,332.25,330.0,332.3,327.5,4335980381.2,65824060000,2015-05-13 23:59:59
2015-05-14,331.5,325.75,331.6,325.75,4600215976.8,69967780000,2015-05-14 23:59:59
2015-05-15,327.55,342.15000000000003,343.0,326.20000000000005,4078816284.2,60929400000,2015-05-15 23:59:59
2015-05-18,342.2,354.99999999999994,355.55,340.15,3003943156.7,43034720000,2015-05-18 23:59:59
2015-05-19,354.99999999999994,360.1,363.95,348.5,4800310018.4,67071340000,2015-05-19 23:59:59
2015-05-20,357.55,360.0,363.0,353.5,3221328187.7,44877790000,2015-05-20 23:59:59
2015-05-21,360.40000000000003,375.34999999999997,375.34999999999997,359.0,6451974362.3,86903640000,2015-05-21 23:59:59
2015-05-22,376.0,388.85,389.75,376.0,4968995959.8,64516680000,2015-05-22 23:59:59
2015-05-25,389.70000000000005,397.5,399.5,389.70000000000005,4767280370.2,60105550000,2015-05-25 23:59:59
2015-05-26,399.6,407.5,409.75000000000006,397.5,6315454003.2,78017280000,2015-05-26 23:59:59
2015-05-27,408.34999999999997,413.00000000000006,416.0,407.5,6278457030.1,76157790000,2015-05-27 23:59:59
2015-05-28,412.55,402.5,414.75,401.5,7493794323.5,91991260000,2015-05-28 23:59:59
2015-05-29,402.5,401.25,407.5,398.0,5193426966.6,64522710000,2015-05-29 23:59:59
2015-06-01,402.5,401.75,407.30000000000007,397.8999999999999,3325851867.1,41475250000,2015-06-01 23:59:59
2015-06-02,401.25,401.05,409.45000000000005,401.05,1529856318.2,18889460000,2015-06-02 23:59:59
2015-06-03,401.05,405.25,406.00000000000006,400.75,2813292436.2,34910340000,2015-06-03 23:59:59
2015-06-04,405.0,405.25,407.25,404.95,4653670124.0,57389270000,2015-06-04 23:59:59
2015-06-05,404.8,405.35,408.34999999999997,402.5,4276556394.7,52812660000,2015-06-05 23:59:59
2015-06-08,405.4,409.5,412.25,402.5,4564446265.6,56096320000,2015-06-08 23:59:59
2015-06-09,410.0000000000001,408.75,413.8499999999999,402.5,5666274172.5,69761490000,2015-06-09 23:59:59
2015-06-10,408.95,402.6,408.95,402.5,2980199189.7,36991190000,2015-06-10 23:59:59
2015-06-11,402.0,402.0,403.45,399.25,1824387705.3,22678450000,2015-06-11 23:59:59
2015-06-15,401.05,401.95,404.05,400.0,5394889225.3,67135960000,2015-06-15 23:59:59
2015-06-16,400.55,400.0,402.5,400.0,2370836166.5,29610830000,2015-06-16 23:59:59
2015-06-17,399.95000000000005,400.05,401.15,395.59999999999997,1695448653.0,21198120000,2015-06-17 23:59:59
2015-06-18,399.80000000000007,399.5,400.65000000000003,399.0,992658747.6,12406710000,2015-06-18 23:59:59
2015-06-19,400.0,400.09999999999997,400.35,399.3,2133191561.4,26664220000,2015-06-19 23:59:59
2015-06-22,399.6,397.5499999999999,403.9999999999999,393.0,5107601286.1,64091470000,2015-06-22 23:59:59
2015-06-23,396.3,391.95,398.55,385.5,3147885630.6,40316340000,2015-06-23 23:59:59
2015-06-24,391.5,389.5,392.0,382.5,2415315090.7,31285630000,2015-06-24 23:59:59
2015-06-25,388.0,390.0,395.25,385.55,1970652133.7,25238490000,2015-06-25 23:59:59
2015-06-26,388.99999999999994,390.0,393.75,384.99999999999994,966339013.7,12403190000,2015-06-26 23:59:59
2015-06-29,384.25,390.59999999999997,392.25000000000006,384.25,712106071.4,9144520000,2015-06-29 23:59:59
2015-06-30,390.05000000000007,395.0,395.9,385.24999999999994,2119761696.0,27127490000,2015-06-30 23:59:59
2015-07-01,393.85,385.95,397.15,385.95,1739717065.2,22295650000,2015-07-01 23:59:59
2015-07-02,386.70000000000005,387.3,390.6500000000001,383.55,1857061325.0,24025770000,2015-07-02 23:59:59
2015-07-03,383.8500000000001,379.20000000000005,384.34999999999997,379.20000000000005,1235123071.5,16196430000,2015-07-03 23:59:59
2015-07-06,375.5,372.5,380.8,370.0,1590783507.4,21188050000,2015-07-06 23:59:59
2015-07-07,371.0,373.0,376.59999999999997,370.0,1257442403.2,16893800000,2015-07-07 23:59:59
2015-07-08,373.5,366.59999999999997,376.35,366.55,1400705725.1,18881050000,2015-07-08 23:59:59
2015-07-09,369.40000000000003,365.05,370.7,365.0,805426657.2,10950740000,2015-07-09 23:59:59
2015-07-10,367.75,376.0,378.85,362.84999999999997,1474198480.1,19892830000,2015-07-10 23:59:59
2015-07-13,375.5,372.75,378.4,371.4,939866140.9,12568270000,2015-07-13 23:59:59
2015-07-14,372.75,374.75,383.55,370.5,1719281772.7,22914200000,2015-07-14 23:59:59
2015-07-15,374.95,374.5,378.59999999999997,371.4,1326286271.5,17676670000,2015-07-15 23:59:59
2015-07-16,371.5,371.2,375.0,370.6,699330251.7,9378220000,2015-07-16 23:59:59
2015-07-17,371.0,370.05,373.45000000000005,370.0,550006961.2,7404920000,2015-07-17 23:59:59
2015-07-20,370.9,364.2,371.7,362.45,904408332.5,12334220000,2015-07-20 23:59:59
2015-07-21,365.15,366.25,367.5,363.65000000000003,768098751.7,10495120000,2015-07-21 23:59:59
2015-07-22,364.59999999999997,366.15000000000003,366.5,362.84999999999997,641174623.0,8797230000,2015-07-22 23:59:59
2015-07-23,366.05,363.75,368.4,363.4,530412160.7,7253000000,2015-07-23 23:59:59
2015-07-24,364.4,359.5,367.34999999999997,359.29999999999995,1187224725.8,16344770000,2015-07-24 23:59:59
2015-07-27,360.05,361.5,361.79999999999995,354.45,823175718.3,11498900000,2015-07-27 23:59:59
2015-07-28,360.54999999999995,361.25,363.75,359.25,916965562.2,12659260000,2015-07-28 23:59:59
2015-07-29,360.9,361.45,365.0,358.65000000000003,1208383272.7,16751920000,2015-07-29 23:59:59
2015-07-30,360.75000000000006,359.79999999999995,362.35,358.04999999999995,1368375530.4,18972140000,2015-07-30 23:59:59
2015-07-31,359.2,360.0,363.25000000000006,358.45000000000005,1436006839.1,19921010000,2015-07-31 23:59:59
2015-08-03,358.0,360.0,362.00000000000006,357.0,1120726628.2,15573200000,2015-08-03 23:59:59
2015-08-04,359.95,354.99999999999994,361.59999999999997,353.5,1873432787.0,26252840000,2015-08-04 23:59:59
2015-08-05,353.54999999999995,354.99999999999994,357.45,353.54999999999995,1760446550.2,24783990000,2015-08-05 23:59:59
2015-08-06,355.15,352.65,356.24999999999994,350.6,843068336.7,11913330000,2015-08-06 23:59:59
2015-08-07,354.35,354.05,357.84999999999997,353.2,474789771.0,6695040000,2015-08-07 23:59:59
2015-08-10,353.54999999999995,352.2,356.55,350.8,664661489.7,9396910000,2015-08-10 23:59:59
2015-08-11,353.7,352.49999999999994,353.7,350.20000000000005,758079544.7,10761710000,2015-08-11 23:59:59
2015-08-12,351.75,351.2,357.45,350.00000000000006,1156759042.1,16382610000,2015-08-12 23:59:59
2015-08-13,352.49999999999994,352.70000000000005,353.5,351.5,847336001.5,12026920000,2015-08-13 23:59:59
2015-08-14,352.65,352.09999999999997,354.15000000000003,352.05,618975476.5,8769080000,2015-08-14 23:59:59
2015-08-17,352.15000000000003,351.75,352.4,348.54999999999995,1030114690.3,14702280000,2015-08-17 23:59:59
2015-08-18,350.5,348.3,351.15,348.25,721255444.5,10306390000,2015-08-18 23:59:59
2015-08-19,348.0,346.65000000000003,350.55,345.00000000000006,637112411.5,9164130000,2015-08-19 23:59:59
2015-08-20,346.5,347.0,349.05,344.45000000000005,826444034.1,11937920000,2015-08-20 23:59:59
2015-08-21,345.05,343.5,346.75,342.75,767536445.4,11144570000,2015-08-21 23:59:59
2015-08-24,339.0,332.59999999999997,343.40000000000003,325.99999999999994,1518965907.8,22559930000,2015-08-24 23:59:59
2015-08-25,332.75,350.00000000000006,351.95,332.75,1304280273.1,18951950000,2015-08-25 23:59:59
2015-08-26,350.00000000000006,349.0,354.90000000000003,346.55,1228420259.4,17547780000,2015-08-26 23:59:59
2015-08-27,350.75,349.25,354.79999999999995,347.75,1360444967.6,19389950000,2015-08-27 23:59:59
2015-08-28,350.05,348.25,351.25000000000006,347.95,802176718.1,11466830000,2015-08-28 23:59:59
2015-08-31,348.5,345.00000000000006,350.55,342.55,558745478.7,8058030000,2015-08-31 23:59:59
2015-09-01,345.00000000000006,336.40000000000003,346.6,333.00000000000006,1953479883.7,28966200000,2015-09-01 23:59:59
2015-09-02,335.0,334.75,338.6,330.50000000000006,795033295.6,11869100000,2015-09-02 23:59:59
2015-09-03,336.0,339.24999999999994,339.55,332.95,615799915.5,9161320000,2015-09-03 23:59:59
2015-09-04,337.59999999999997,337.5,344.1,335.50000000000006,879940437.8,12932770000,2015-09-04 23:59:59
2015-09-07,336.5,341.5,343.5,335.50000000000006,497174644.4,7301730000,2015-09-07 23:59:59
2015-09-08,342.09999999999997,348.8,354.4,342.09999999999997,1356521005.3,19378470000,2015-09-08 23:59:59
2015-09-09,353.25,345.90000000000003,353.25,345.90000000000003,839936841.8,12014600000,2015-09-09 23:59:59
2015-09-10,344.45000000000005,345.5,345.7,341.6,702289094.0,10197610000,2015-09-10 23:59:59
2015-09-11,345.7,348.5,350.00000000000006,345.00000000000006,685325339.5,9849860000,2015-09-11 23:59:59
2015-09-14,348.40000000000003,349.45,350.00000000000006,347.45,609315961.3,8715740000,2015-09-14 23:59:59
2015-09-15,348.8,348.45,349.9,345.15,742361731.8,10663690000,2015-09-15 23:59:59
2015-09-16,349.5,343.0,349.79999999999995,341.3,1606618121.0,23160600000,2015-09-16 23:59:59
2015-09-17,343.6,346.45000000000005,349.35,341.2,474502655.6,6852990000,2015-09-17 23:59:59
2015-09-18,350.00000000000006,339.9,351.5,337.75,1362808866.0,19826530000,2015-09-18 23:59:59
2015-09-21,344.2,341.0,344.55,340.49999999999994,321460496.8,4693210000,2015-09-21 23:59:59
2015-09-22,341.34999999999997,336.34999999999997,342.25,333.5,679231439.8,10070370000,2015-09-22 23:59:59
2015-09-23,335.65,335.05,338.25,331.3,842020842.1,12621780000,2015-09-23 23:59:59
2015-09-24,334.59999999999997,336.65,342.5,329.04999999999995,1795180312.8,26764240000,2015-09-24 23:59:59
2015-09-25,339.95,337.35,345.7,333.6,1008944487.6,14891980000,2015-09-25 23:59:59
2015-09-28,336.5,334.75,337.25,331.0,531310973.4,7965910000,2015-09-28 23:59:59
2015-09-29,333.09999999999997,334.75,335.6,331.25,654768115.4,9818220000,2015-09-29 23:59:59
2015-09-30,334.85,338.5,342.2,334.59999999999997,762080390.9,11236950000,2015-09-30 23:59:59
2015-10-01,341.0,338.34999999999997,341.0,335.8,298526796.0,4407730000,2015-10-01 23:59:59
2015-10-02,338.34999999999997,335.0,339.7,332.65000000000003,428145447.2,6385690000,2015-10-02 23:59:59
2015-10-05,336.74999999999994,340.49999999999994,342.5,335.0,1200510754.0,17726240000,2015-10-05 23:59:59
2015-10-06,341.5,346.6,346.6,340.15,770233115.8,11227780000,2015-10-06 23:59:59
2015-10-07,346.75,357.0,358.85,341.15,2448491261.2,35043990000,2015-10-07 23:59:59
2015-10-08,355.95,370.0,371.65,352.49999999999994,2553834260.7,35266570000,2015-10-08 23:59:59
2015-10-09,371.55,380.0,381.0,367.25,2110206740.9,28294880000,2015-10-09 23:59:59
2015-10-12,381.2,390.5,394.25,377.9,3004618180.9,38658440000,2015-10-12 23:59:59
2015-10-13,389.1,386.75,389.1,379.8,1275213401.7,16623270000,2015-10-13 23:59:59
2015-10-14,384.45,385.4,387.74999999999994,380.75,769092494.7,10014540000,2015-10-14 23:59:59
2015-10-15,385.8,387.5,395.0,385.8,1245447323.5,15885520000,2015-10-15 23:59:59
2015-10-16,387.5,377.0,393.15000000000003,375.54999999999995,1096858544.1,14220660000,2015-10-16 23:59:59
2015-10-19,375.5,376.45,380.34999999999997,370.2,1285667162.4,17127000000,2015-10-19 23:59:59
2015-10-20,377.34999999999997,377.54999999999995,379.75,373.59999999999997,1345642761.1,17824060000,2015-10-20 23:59:59
2015-10-21,377.0,374.70000000000005,377.9,369.09999999999997,910471234.9,12218570000,2015-10-21 23:59:59
2015-10-22,374.70000000000005,372.55,386.84999999999997,372.15,1777217666.7,23462480000,2015-10-22 23:59:59
2015-10-23,373.75,373.75,379.3,370.5,1199859744.3,16029490000,2015-10-23 23:59:59
2015-10-26,375.0,361.5,376.50000000000006,354.3,1716501809.9,23602000000,2015-10-26 23:59:59
2015-10-27,359.59999999999997,367.5,367.5,353.05,1035797749.6,14346090000,2015-10-27 23:59:59
2015-10-28,367.5,358.95000000000005,372.95000000000005,357.65,1297170492.7,17824040000,2015-10-28 23:59:59
2015-10-29,358.95000000000005,359.79999999999995,362.90000000000003,349.09999999999997,1245933124.9,17419380000,2015-10-29 23:59:59
2015-10-30,359.05,361.75,364.45,357.0,920911238.9,12760610000,2015-10-30 23:59:59
2015-11-02,360.34999999999997,362.5,365.0,358.0,593955532.3,8186730000,2015-11-02 23:59:59
2015-11-03,364.65,369.8,369.8,360.0,1588842819.1,21772840000,2015-11-03 23:59:59
2015-11-05,367.5,380.75,384.84999999999997,367.5,1492693319.4,19717000000,2015-11-05 23:59:59
2015-11-06,382.5,379.25,387.1,374.5,1205324698.2,15864750000,2015-11-06 23:59:59
2015-11-09,378.4,380.0,381.29999999999995,376.0,520074923.6,6874410000,2015-11-09 23:59:59
2015-11-10,379.75,378.79999999999995,380.5,373.35,874182404.4,11565320000,2015-11-10 23:59:59
2015-11-11,378.75,380.0,381.0,376.2,649137395.8,8561190000,2015-11-11 23:59:59
2015-11-12,378.35,377.1,380.5,377.1,454070267.3,5998000000,2015-11-12 23:59:59
2015-11-13,375.9,379.00000000000006,379.00000000000006,370.15,1199688266.1,15971730000,2015-11-13 23:59:59
2015-11-16,378.0,379.40000000000003,380.7,377.75000000000006,648913939.2,8563020000,2015-11-16 23:59:59
2015-11-17,380.15,379.75,394.3,375.8,2559162598.9,33335800000,2015-11-17 23:59:59
2015-11-18,381.94999999999993,380.5,388.3999999999999,379.7,1566092176.1,20393910000,2015-11-18 23:59:59
2015-11-19,386.45,381.0,386.49999999999994,374.29999999999995,1185963382.3,15603420000,2015-11-19 23:59:59
2015-11-20,380.0,380.04999999999995,384.75,376.59999999999997,814428569.7,10671840000,2015-11-20 23:59:59
2015-11-23,380.95,381.5000000000001,384.75,375.7,685393698.3,8975110000,2015-11-23 23:59:59
2015-11-24,381.35,364.15000000000003,383.8500000000001,358.54999999999995,2096718237.0,28413060000,2015-11-24 23:59:59
2015-11-25,365.5,372.5,373.59999999999997,362.05,749862304.3,10194990000,2015-11-25 23:59:59
2015-11-26,371.05,380.0,380.0,371.0,895525193.8,11893000000,2015-11-26 23:59:59
2015-11-27,379.5,363.55,380.5,363.55,972301528.6,13102700000,2015-11-27 23:59:59
2015-11-30,363.0,354.99999999999994,367.75,353.3,1290693870.2,17901100000,2015-11-30 23:59:59
2015-12-01,357.84999999999997,366.4,367.15,356.2,898550161.1,12426180000,2015-12-01 23:59:59
2015-12-02,367.5,361.25,369.95,357.45,677304254.3,9326310000,2015-12-02 23:59:59
2015-12-03,359.4,358.5,362.75,356.9,447642266.1,6219610000,2015-12-03 23:59:59
2015-12-04,359.29999999999995,361.5,366.65000000000003,357.0,1130515707.2,15648630000,2015-12-04 23:59:59
2015-12-07,360.0,362.35,363.55,359.0,666987411.9,9246970000,2015-12-07 23:59:59
2015-12-08,361.25,362.25,364.09999999999997,360.45,711638443.1,9832740000,2015-12-08 23:59:59
2015-12-09,362.90000000000003,375.25,380.0,361.75,1867694840.6,25003200000,2015-12-09 23:59:59
2015-12-10,375.15,378.75,384.25,373.7,1310839485.0,17256640000,2015-12-10 23:59:59
2015-12-11,377.05,378.5,383.5,377.05,881778095.6,11613310000,2015-12-11 23:59:59
2015-12-14,376.05,378.75,379.75,374.75,1492878743.4,19785320000,2015-12-14 23:59:59
2015-12-15,379.5,381.2,381.94999999999993,376.50000000000006,1589135599.5,20950450000,2015-12-15 23:59:59
2015-12-16,381.0,387.5,390.0,379.65,1064424494.7,13778740000,2015-12-16 23:59:59
2015-12-17,388.55,393.85,399.5,388.55,1730394029.8,21865770000,2015-12-17 23:59:59
2015-12-18,393.50000000000006,376.0,394.05000000000007,376.0,1266758868.4,16468940000,2015-12-18 23:59:59
2015-12-21,377.6,381.70000000000005,383.9,377.6,687781569.9,9035640000,2015-12-21 23:59:59
2015-12-22,381.55,387.1,391.44999999999993,380.8,547411015.7,7065610000,2015-12-22 23:59:59
2015-12-23,385.3499999999999,393.2,396.20000000000005,385.3499999999999,724049554.8,9236430000,2015-12-23 23:59:59
2015-12-24,394.1499999999999,385.04999999999995,394.8499999999999,383.6000000000001,466248452.1,6010750000,2015-12-24 23:59:59
2015-12-25,386.49999999999994,385.5,389.45,380.1,540602452.0,7049830000,2015-12-25 23:59:59
2015-12-28,384.99999999999994,380.0,387.2,380.0,457479554.2,5985120000,2015-12-28 23:59:59
2015-12-29,380.1,391.0000000000001,392.34999999999997,378.15000000000003,1431764080.6,18485760000,2015-12-29 23:59:59
2015-12-30,391.75,398.49999999999994,399.3,386.8,6087497245.4,76858480000,2015-12-30 23:59:59
2016-01-04,397.5499999999999,385.95,397.5499999999999,385.1,561912833.8,7231010000,2016-01-04 23:59:59
2016-01-05,383.99999999999994,376.59999999999997,390.95,375.0,951809503.5,12518090000,2016-01-05 23:59:59
2016-01-06,377.5,375.85,377.5,370.0,813672263.7,10884300000,2016-01-06 23:59:59
2016-01-11,369.0,361.25,369.49999999999994,360.0,816301346.3,11191900000,2016-01-11 23:59:59
2016-01-12,358.15,368.1,372.15,353.05,1468535362.2,20079840000,2016-01-12 23:59:59
2016-01-13,371.25,361.25,373.24999999999994,360.5,1192383825.4,16353010000,2016-01-13 23:59:59
2016-01-14,354.99999999999994,359.29999999999995,365.0,354.99999999999994,1462301901.8,20367000000,2016-01-14 23:59:59
2016-01-15,356.95,347.50000000000006,360.75000000000006,345.00000000000006,2478050335.6,35405950000,2016-01-15 23:59:59
2016-01-18,346.85,347.0,349.85,338.95,1541089480.6,22298920000,2016-01-18 23:59:59
2016-01-19,352.25,347.0,356.0,341.1,1990923107.2,28615910000,2016-01-19 23:59:59
2016-01-20,342.0,337.5,343.9,331.7,2189823072.3,32411150000,2016-01-20 23:59:59
2016-01-21,337.45,337.45,341.45000000000005,330.25,1932621480.0,28838630000,2016-01-21 23:59:59
2016-01-22,341.0,348.0,351.8,330.70000000000005,2986468941.8,43884860000,2016-01-22 23:59:59
2016-01-25,352.75,342.25,353.0,339.0,1352834033.4,19654040000,2016-01-25 23:59:59
2016-01-26,338.75,338.3,341.25,335.0,804711090.0,11883740000,2016-01-26 23:59:59
2016-01-27,339.04999999999995,343.34999999999997,344.4,338.15,914086806.9,13366390000,2016-01-27 23:59:59
2016-01-28,343.75,358.0,358.2,340.45,2214358623.6,31405350000,2016-01-28 23:59:59
2016-01-29,359.29999999999995,368.5,368.5,356.35,1968629160.4,27124140000,2016-01-29 23:59:59
2016-02-01,367.00000000000006,367.5,374.25,362.55,1130506758.5,15351700000,2016-02-01 23:59:59
2016-02-02,364.15000000000003,353.7,368.5,350.65,1124423926.7,15691470000,2016-02-02 23:59:59
2016-02-03,350.65,347.59999999999997,358.7,347.55,1160297233.8,16421380000,2016-02-03 23:59:59
2016-02-04,354.75,359.95,362.3,352.6,1297889491.7,18128180000,2016-02-04 23:59:59
2016-02-05,358.9,355.75,362.20000000000005,354.5,798494968.6,11155090000,2016-02-05 23:59:59
2016-02-08,356.35,348.75000000000006,357.75,347.59999999999997,782397692.6,11128100000,2016-02-08 23:59:59
2016-02-09,348.6,342.29999999999995,354.79999999999995,341.65000000000003,1312282766.0,18857840000,2016-02-09 23:59:59
2016-02-10,343.54999999999995,347.0,349.65000000000003,339.1,851169611.9,12403710000,2016-02-10 23:59:59
2016-02-11,344.75,339.7,345.90000000000003,332.7,1486425430.1,21985150000,2016-02-11 23:59:59
2016-02-12,341.7,346.5,347.4,340.84999999999997,701790269.1,10205840000,2016-02-12 23:59:59
2016-02-15,352.0,353.0,355.55,349.25,830144747.9,11776960000,2016-02-15 23:59:59
2016-02-16,356.0,352.29999999999995,358.5,350.15,928426415.6,13144250000,2016-02-16 23:59:59
2016-02-17,350.75,356.59999999999997,358.5,348.65,945898936.1,13312790000,2016-02-17 23:59:59
2016-02-18,358.54999999999995,367.75,369.49999999999994,357.84999999999997,1618748417.7,22172290000,2016-02-18 23:59:59
2016-02-19,362.90000000000003,363.5,366.25,359.5,964204251.3,13279170000,2016-02-19 23:59:59
2016-02-20,363.04999999999995,361.55,366.0,361.3,210336102.8,2895550000,2016-02-20 23:59:59
2016-02-22,361.75,366.5,368.9,361.1,373120158.6,5090520000,2016-02-22 23:59:59
2016-02-24,362.84999999999997,358.75,364.70000000000005,354.09999999999997,947530235.8,13215790000,2016-02-24 23:59:59
2016-02-25,359.90000000000003,357.20000000000005,363.5,354.25,961776217.1,13379170000,2016-02-25 23:59:59
2016-02-26,361.04999999999995,359.90000000000003,364.05,358.5,890411509.5,12319030000,2016-02-26 23:59:59
2016-02-29,357.65,367.00000000000006,367.00000000000006,356.3,899418590.7,12467430000,2016-02-29 23:59:59
2016-03-01,367.40000000000003,361.0,374.0,360.5,1400027741.4,19052620000,2016-03-01 23:59:59
2016-03-02,365.0,362.5,365.45,360.40000000000003,680666707.3,9367000000,2016-03-02 23:59:59
2016-03-03,364.50000000000006,366.5,369.0,361.1,912978357.9,12495610000,2016-03-03 23:59:59
2016-03-04,367.65,372.5,372.5,364.55,774174828.4,10536660000,2016-03-04 23:59:59
2016-03-07,372.9,385.5,385.5,372.9,1009661087.4,13267920000,2016-03-07 23:59:59
2016-03-09,380.7,378.15000000000003,383.0,375.75,820022572.6,10806380000,2016-03-09 23:59:59
2016-03-10,380.4,380.9,383.3,372.25,1091920678.9,14376380000,2016-03-10 23:59:59
2016-03-11,382.45,382.5,383.9,378.0,980021428.5,12852240000,2016-03-11 23:59:59
2016-03-14,384.9000000000001,374.40000000000003,384.9000000000001,372.5,730327379.9,9717360000,2016-03-14 23:59:59
2016-03-15,375.5,372.8,377.6,369.70000000000005,1758657036.6,23488600000,2016-03-15 23:59:59
2016-03-16,373.65000000000003,379.5,379.5,370.85,597989536.2,7972350000,2016-03-16 23:59:59
2016-03-17,381.70000000000005,385.95,389.5,380.59999999999997,1501290411.3,19478380000,2016-03-17 23:59:59
2016-03-18,385.15000000000003,387.8,392.7,382.7,1460654909.0,18796920000,2016-03-18 23:59:59
2016-03-21,386.25,376.50000000000006,386.25,374.0,1073608418.6,14182170000,2016-03-21 23:59:59
2016-03-22,376.75,367.3,379.75,363.3,1339788856.2,18122800000,2016-03-22 23:59:59
2016-03-23,367.5,368.24999999999994,372.25,364.25,848216945.1,11532840000,2016-03-23 23:59:59
2016-03-24,366.5,370.0,371.05,365.40000000000003,740470227.3,10025360000,2016-03-24 23:59:59
2016-03-25,372.5,368.35,373.5,367.95,344060746.5,4642210000,2016-03-25 23:59:59
2016-03-28,370.0,362.7,370.95000000000005,359.59999999999997,758121050.8,10411020000,2016-03-28 23:59:59
2016-03-29,362.3,365.0,365.0,358.34999999999997,809909290.1,11196160000,2016-03-29 23:59:59
2016-03-30,368.0,373.5,373.5,366.55,912393814.4,12301670000,2016-03-30 23:59:59
2016-03-31,370.54999999999995,383.4,387.74999999999994,370.34999999999997,2214054606.6,29117200000,2016-03-31 23:59:59
2016-04-01,381.94999999999993,372.5,382.29999999999995,367.6,1319576386.6,17667680000,2016-04-01 23:59:59
2016-04-04,370.0,377.75000000000006,382.15,369.2,921779973.6,12234390000,2016-04-04 23:59:59
2016-04-05,374.75,369.90000000000003,377.45,369.15000000000003,642332297.1,8619600000,2016-04-05 23:59:59
2016-04-06,372.25,369.49999999999994,373.35,365.34999999999997,725518340.5,9811910000,2016-04-06 23:59:59
2016-04-07,372.34999999999997,371.85,374.75,367.5,604865655.5,8155770000,2016-04-07 23:59:59
2016-04-08,372.05,373.24999999999994,379.95,370.54999999999995,1006105288.7,13385940000,2016-04-08 23:59:59
2016-04-11,374.70000000000005,384.7,384.75,373.0,1051634427.8,13832570000,2016-04-11 23:59:59
2016-04-12,383.55,375.5,387.5,375.25,1053156783.7,13824920000,2016-04-12 23:59:59
2016-04-13,376.65,383.99999999999994,387.00000000000006,376.65,1195706255.7,15613800000,2016-04-13 23:59:59
2016-04-14,383.3,374.25,386.55,366.0,2196151786.6,29282320000,2016-04-14 23:59:59
2016-04-15,374.45,376.35,378.85,368.35,1896364107.5,25356630000,2016-04-15 23:59:59
2016-04-18,369.0,367.5,372.34999999999997,360.40000000000003,1616691372.3,22144150000,2016-04-18 23:59:59
2016-04-19,368.0,367.00000000000006,373.45000000000005,363.3,2069909499.9,28089000000,2016-04-19 23:59:59
2016-04-20,366.0,367.05,367.5,360.84999999999997,1233767504.8,16940490000,2016-04-20 23:59:59
2016-04-21,370.0,358.2,371.15000000000003,356.55,1662372378.9,22926570000,2016-04-21 23:59:59
2016-04-22,358.7,360.0,363.25000000000006,353.6,1406896746.9,19645210000,2016-04-22 23:59:59
2016-04-25,359.5,357.70000000000005,361.85,354.65000000000003,1043550244.2,14582640000,2016-04-25 23:59:59
2016-04-26,357.05,351.0,359.5,347.59999999999997,1088278270.1,15414770000,2016-04-26 23:59:59
2016-04-27,354.4,354.35,358.65000000000003,350.15,993511366.0,14069050000,2016-04-27 23:59:59
2016-04-28,353.74999999999994,357.25,357.25,350.95,740903382.1,10482500000,2016-04-28 23:59:59
2016-04-29,356.24999999999994,350.25,359.0,349.05,1367558414.4,19401260000,2016-04-29 23:59:59
2016-05-04,347.0,350.5,350.5,338.15,2525568448.9,36691660000,2016-05-04 23:59:59
2016-05-05,350.84999999999997,351.0,351.0,344.1,1323739155.8,19047360000,2016-05-05 23:59:59
2016-05-06,348.75000000000006,345.00000000000006,349.45,342.55,928617541.4,13440250000,2016-05-06 23:59:59
2016-05-10,342.75,342.5,346.7,340.25,1131870229.8,16551040000,2016-05-10 23:59:59
2016-05-11,342.70000000000005,347.50000000000006,349.09999999999997,341.85,1463962285.0,21192590000,2016-05-11 23:59:59
2016-05-12,349.0,345.00000000000006,352.29999999999995,341.74999999999994,1034656634.5,14883520000,2016-05-12 23:59:59
2016-05-13,344.4,344.0,346.04999999999995,340.25,808567090.8,11790340000,2016-05-13 23:59:59
2016-05-16,347.2,347.95,350.6,345.05,967987332.6,13883110000,2016-05-16 23:59:59
2016-05-17,348.54999999999995,344.5,349.95,340.49999999999994,1181114788.8,17206350000,2016-05-17 23:59:59
2016-05-18,343.0,345.00000000000006,345.7,341.8,429374637.1,6247600000,2016-05-18 23:59:59
2016-05-19,343.0,340.8,343.7,340.75,653285047.7,9556220000,2016-05-19 23:59:59
2016-05-20,343.0,342.5,343.20000000000005,335.8,973023754.7,14333890000,2016-05-20 23:59:59
2016-05-23,341.0,342.5,342.5,337.99999999999994,510884562.9,7498180000,2016-05-23 23:59:59
2016-05-24,341.7,345.00000000000006,345.00000000000006,339.4,618125656.0,9038980000,2016-05-24 23:59:59
2016-05-25,346.45000000000005,349.5,351.3,346.0,1089848125.6,15618200000,2016-05-25 23:59:59
2016-05-26,351.75,350.00000000000006,353.74999999999994,345.25,1239528213.6,17727290000,2016-05-26 23:59:59
2016-05-27,348.05,346.1,349.5,345.45,560897499.2,8078420000,2016-05-27 23:59:59
2016-05-30,347.09999999999997,349.35,351.0,345.5,446996429.6,6422350000,2016-05-30 23:59:59
2016-05-31,348.1,342.0,351.5,338.90000000000003,1055216497.5,15254310000,2016-05-31 23:59:59
2016-06-01,342.4,341.6,344.1,339.7,863890794.8,12643310000,2016-06-01 23:59:59
2016-06-02,342.70000000000005,339.59999999999997,343.0,338.84999999999997,554349023.3,8139940000,2016-06-02 23:59:59
2016-06-03,340.25,342.0,344.4,339.59999999999997,768689476.4,11244810000,2016-06-03 23:59:59
2016-06-06,341.0,347.50000000000006,349.5,340.40000000000003,643970510.3,9262710000,2016-06-06 23:59:59
2016-06-07,346.6,351.5,354.3,346.0,1034024974.4,14724000000,2016-06-07 23:59:59
2016-06-08,352.84999999999997,360.0,360.5,348.15,1237886579.0,17454930000,2016-06-08 23:59:59
2016-06-09,360.25,365.0,367.95,360.25,2024174009.2,27795360000,2016-06-09 23:59:59
2016-06-10,363.0,364.0,365.5,357.70000000000005,1762463874.5,24280030000,2016-06-10 23:59:59
2016-06-14,361.3,354.99999999999994,363.6,352.49999999999994,1953354733.0,27502360000,2016-06-14 23:59:59
2016-06-15,354.0,350.65,358.75,350.25,1355984134.7,19090140000,2016-06-15 23:59:59
2016-06-16,347.65,346.0,349.95,338.8,1208072976.9,17531950000,2016-06-16 23:59:59
2016-06-17,347.85,345.00000000000006,353.5,341.74999999999994,918854906.4,13221440000,2016-06-17 23:59:59
2016-06-20,348.1,349.95,351.9,346.3,409444250.5,5862910000,2016-06-20 23:59:59
2016-06-21,348.1,350.90000000000003,352.25,345.5,429961753.4,6169200000,2016-06-21 23:59:59
2016-06-22,350.90000000000003,345.00000000000006,352.15000000000003,344.0,625031257.6,9008420000,2016-06-22 23:59:59
2016-06-23,346.75,347.50000000000006,348.7,341.7,385222320.7,5576950000,2016-06-23 23:59:59
2016-06-24,342.29999999999995,343.9,343.9,332.5,1102111814.0,16277460000,2016-06-24 23:59:59
2016-06-27,342.70000000000005,335.0,343.8,335.0,588405648.4,8714060000,2016-06-27 23:59:59
2016-06-28,337.3,338.15,338.7,332.75,694321032.0,10351090000,2016-06-28 23:59:59
2016-06-29,338.90000000000003,343.5,343.5,337.75,510069720.2,7503450000,2016-06-29 23:59:59
2016-06-30,344.0,340.0,345.00000000000006,336.54999999999995,696416826.9,10219700000,2016-06-30 23:59:59
2016-07-01,336.74999999999994,336.74999999999994,340.25,335.50000000000006,460311121.5,6822230000,2016-07-01 23:59:59
2016-07-04,338.5,336.95000000000005,339.4,334.5,302511628.8,4495900000,2016-07-04 23:59:59
2016-07-05,336.1,335.05,336.9,333.5,240519654.3,3592640000,2016-07-05 23:59:59
2016-07-06,333.8,336.15,337.0,332.7,364847342.5,5455290000,2016-07-06 23:59:59
2016-07-07,337.5,340.25,346.85,336.95000000000005,1031756740.3,15043010000,2016-07-07 23:59:59
2016-07-08,337.65000000000003,340.95,342.5,337.55,486660009.8,7153310000,2016-07-08 23:59:59
2016-07-11,342.5,344.45000000000005,347.35,339.75,463832823.7,6744880000,2016-07-11 23:59:59
2016-07-12,345.25,345.25,349.7,344.04999999999995,592891482.3,8533980000,2016-07-12 23:59:59
2016-07-13,345.29999999999995,337.5,346.8,337.4,824365840.1,12096590000,2016-07-13 23:59:59
2016-07-14,339.5,342.45,342.45,338.20000000000005,457236516.1,6719040000,2016-07-14 23:59:59
2016-07-15,341.5,341.6,342.85,337.99999999999994,466543647.7,6859530000,2016-07-15 23:59:59
2016-07-18,341.15,343.75,344.1,339.3,490868349.9,7172220000,2016-07-18 23:59:59
2016-07-19,342.65,337.99999999999994,342.65,334.0,1263455334.4,18747100000,2016-07-19 23:59:59
2016-07-20,335.55,334.5,338.34999999999997,333.05,492292999.0,7332540000,2016-07-20 23:59:59
2016-07-21,336.15,337.95,338.15,334.45000000000005,270006786.2,4011850000,2016-07-21 23:59:59
2016-07-22,336.95000000000005,335.55,339.35,335.55,241453072.8,3578750000,2016-07-22 23:59:59
2016-07-25,337.2,339.7,341.0,336.0,370824511.2,5470820000,2016-07-25 23:59:59
2016-07-26,339.4,338.55,341.0,335.6,315627512.6,4664200000,2016-07-26 23:59:59
2016-07-27,339.8,342.5,342.70000000000005,338.75,351181414.8,5148180000,2016-07-27 23:59:59
2016-07-28,342.90000000000003,340.90000000000003,342.90000000000003,339.35,344327962.0,5047560000,2016-07-28 23:59:59
2016-07-29,341.25,337.05,341.9,336.6,544538645.4,8039010000,2016-07-29 23:59:59
2016-08-01,339.65000000000003,334.59999999999997,341.05,332.75,407616342.9,6046190000,2016-08-01 23:59:59
2016-08-02,334.8,335.95,336.95000000000005,332.0,589619014.6999999,8817570000,2016-08-02 20:29:55
2016-08-03,335.95,335.8,336.54999999999995,333.00000000000006,267484168.2,3996450000,2016-08-03 23:59:59
2016-08-04,336.65,342.0,343.0,335.25,763696924.7000003,11255140000,2016-08-04 20:30:00
2016-08-05,342.75,338.1,344.75,335.50000000000006,863082390.8,12719750000,2016-08-05 23:59:59
2016-08-08,339.24999999999994,340.25,341.85,336.5,311530709.7,4586590000,2016-08-08 23:59:59
2016-08-09,340.0,338.25,340.90000000000003,336.54999999999995,291275773.8,4294830000,2016-08-09 23:59:59
2016-08-10,339.65000000000003,338.5,340.75,336.05,399898316.6,5912350000,2016-08-10 23:59:59
2016-08-11,337.5,338.84999999999997,339.1,333.84999999999997,508089781.8,7556160000,2016-08-11 23:59:59
2016-08-12,339.5,340.0,341.1,338.20000000000005,467716473.0,6885800000,2016-08-12 23:59:59
2016-08-15,340.95,337.0,341.5,333.00000000000006,1811012881.1,26996100000,2016-08-15 23:59:59
2016-08-16,337.09999999999997,333.00000000000006,339.35,331.1,1847840359.2,27594630000,2016-08-16 23:59:59
2016-08-17,334.15,335.0,335.0,330.59999999999997,720695811.8,10817660000,2016-08-17 23:59:59
2016-08-18,335.0,335.0,335.90000000000003,332.5,415983338.5,6230970000,2016-08-18 23:59:59
2016-08-19,334.4,335.0,335.84999999999997,331.0,1023738148.8,15355760000,2016-08-19 23:59:59
2016-08-22,333.65,335.0,335.0,332.1,468038469.4,7019130000,2016-08-22 23:59:59
2016-08-23,334.0,337.45,337.79999999999995,333.00000000000006,447170974.8,6652130000,2016-08-23 23:59:59
2016-08-24,336.5,336.0,336.9,333.25,262178416.5,3914960000,2016-08-24 23:59:59
2016-08-25,336.0,337.5,337.99999999999994,333.75,407174680.5,6055410000,2016-08-25 23:59:59
2016-08-26,336.15,335.50000000000006,337.95,333.15,702786629.4,10492380000,2016-08-26 23:59:59
2016-08-29,333.6,336.9,336.9,333.34999999999997,321075953.8,4793900000,2016-08-29 23:59:59
2016-08-30,337.0,341.0,341.85,335.35,994747524.1,14675820000,2016-08-30 23:59:59
2016-08-31,340.0,342.45,343.45,340.0,872388163.8,12788480000,2016-08-31 23:59:59
2016-09-01,341.5,351.0,352.25,340.6,1177666668.8,16996160000,2016-09-01 23:59:59
2016-09-02,352.35,368.75,370.95000000000005,350.7,4417619257.8,60588340000,2016-09-02 23:59:59
2016-09-05,370.15,369.49999999999994,374.35,363.75,1579055819.8,21329770000,2016-09-05 23:59:59
2016-09-06,370.05,371.25,371.90000000000003,364.59999999999997,1368576436.2,18538280000,2016-09-06 20:30:00
2016-09-07,372.65,377.25,378.95,371.3,1735250441.3,23175350000,2016-09-07 23:59:59
2016-09-08,378.65000000000003,381.90000000000003,383.8500000000001,376.15000000000003,1210486254.5,15968890000,2016-09-08 23:59:59
2016-09-09,379.15,383.75,383.75,374.0,1538579755.1,20193170000,2016-09-09 23:59:59
2016-09-12,380.3,375.0,383.95000000000005,371.45,2072178024.2,27618320000,2016-09-12 23:59:59
2016-09-13,375.9,372.75,377.95000000000005,372.5,867996403.0,11599180000,2016-09-13 23:59:59
2016-09-14,372.75,372.5,374.0,370.54999999999995,910729177.1,12231660000,2016-09-14 23:59:59
2016-09-15,372.5,373.0,373.5,350.05,982267720.3,13258500000,2016-09-15 23:59:59
2016-09-16,373.0,375.0,378.0,372.5,1271180159.9,16980520000,2016-09-16 23:59:59
2016-09-19,375.0,372.5,377.3,371.99999999999994,641512231.5,8563690000,2016-09-19 23:59:59
2016-09-20,371.0,372.5,372.5,364.50000000000006,852253720.0,11568480000,2016-09-20 23:59:59
2016-09-21,373.85,373.55,375.15,370.9,624963665.1,8381490000,2016-09-21 23:59:59
2016-09-22,375.3,379.25,379.25,371.59999999999997,824996066.3,10977750000,2016-09-22 23:59:59
2016-09-23,377.6,376.45,379.25,375.6,639313344.1,8480360000,2016-09-23 23:59:59
2016-09-26,374.20000000000005,374.0,376.50000000000006,371.25,864346127.9,11551600000,2016-09-26 23:59:59
2016-09-27,375.3,365.0,375.7,365.0,951957106.3,12918220000,2016-09-27 23:59:59
2016-09-28,364.50000000000006,363.6,367.25,362.75,627070052.2,8590970000,2016-09-28 23:59:59
2016-09-29,367.00000000000006,366.5,369.40000000000003,366.45,521269716.8,7085310000,2016-09-29 23:59:59
2016-09-30,364.15000000000003,360.5,366.15000000000003,357.0,983506065.7,13632500000,2016-09-30 23:59:59
2016-10-03,360.5,359.15000000000003,360.7,354.0,626215153.0,8737310000,2016-10-03 23:59:59
2016-10-04,359.70000000000005,357.25,359.95,357.25,303774662.9,4239070000,2016-10-04 23:59:59
2016-10-05,357.40000000000003,350.5,357.40000000000003,350.00000000000006,660964679.6,9378380000,2016-10-05 23:59:59
2016-10-06,350.00000000000006,350.75,352.15000000000003,349.0,296084760.4,4221470000,2016-10-06 23:59:59
2016-10-07,350.75,350.90000000000003,354.99999999999994,347.95,505037885.4,7181160000,2016-10-07 23:59:59
2016-10-10,351.55,353.8,353.95000000000005,345.40000000000003,1107438256.9,15868890000,2016-10-10 23:59:59
2016-10-11,353.25,351.0,354.65000000000003,347.75,802967663.8999993,11452800000,2016-10-11 20:30:00
2016-10-12,350.5,345.5,352.90000000000003,343.75,664752627.1,9572790000,2016-10-12 20:29:55
2016-10-13,342.65,343.45,345.8,339.8,534362154.2,7803130000,2016-10-13 23:59:59
2016-10-14,342.79999999999995,339.0,343.0,337.75,391240208.5,5749800000,2016-10-14 23:59:59
2016-10-17,340.0,337.79999999999995,340.90000000000003,337.0,443745762.5,6552730000,2016-10-17 23:59:59
2016-10-18,339.7,340.25,341.54999999999995,338.25,316302084.3,4656060000,2016-10-18 23:59:59
2016-10-19,340.6,343.5,344.55,339.65000000000003,327667826.8,4787690000,2016-10-19 23:59:59
2016-10-20,344.0,335.75,344.45000000000005,335.75,674640778.9,9959290000,2016-10-20 23:59:59
2016-10-21,336.0,337.65000000000003,338.20000000000005,334.15,252878140.6,3758730000,2016-10-21 23:59:59
2016-10-24,336.7,343.95000000000005,344.35,336.7,507632759.8,7423840000,2016-10-24 23:59:59
2016-10-25,344.3,346.25000000000006,349.75,339.59999999999997,816326934.9,11808110000,2016-10-25 23:59:59
2016-10-26,345.6,345.75,349.35,342.55,521871440.4,7546880000,2016-10-26 23:59:59
2016-10-27,345.75,340.05,347.45,340.05,439757834.2,6398390000,2016-10-27 23:59:59
2016-10-28,340.90000000000003,341.1,343.25,338.75,397833664.9,5826070000,2016-10-28 23:59:59
2016-10-31,340.84999999999997,338.75,341.15,338.25,445321215.7,6558420000,2016-10-31 23:59:59
2016-11-01,340.0,343.84999999999997,345.35,340.0,418359156.7,6096440000,2016-11-01 23:59:59
2016-11-02,341.5,337.5,343.3,337.5,376816168.0,5542910000,2016-11-02 23:59:59
2016-11-03,337.99999999999994,337.7,339.24999999999994,335.75,342198802.1,5072000000,2016-11-03 23:59:59
2016-11-07,339.95,337.65000000000003,341.95000000000005,337.65000000000003,449639030.7,6622430000,2016-11-07 23:59:59
2016-11-08,338.84999999999997,339.85,340.95,337.85,286495515.8,4218020000,2016-11-08 23:59:59
2016-11-09,335.0,346.0,348.65,334.95,1495398207.2,21798850000,2016-11-09 23:59:59
2016-11-10,346.55,343.84999999999997,351.45000000000005,343.84999999999997,1541730598.2,22167390000,2016-11-10 23:59:59
2016-11-11,344.5,341.05,345.40000000000003,340.90000000000003,555451922.6,8100080000,2016-11-11 23:59:59
2016-11-14,343.95000000000005,339.95,349.85,339.95,1038972349.8,15078970000,2016-11-14 23:59:59
2016-11-15,341.6,340.2,344.5,339.15000000000003,788916061.2,11539240000,2016-11-15 23:59:59
2016-11-16,341.5,340.75,344.95,339.1,957580114.3,14014010000,2016-11-16 23:59:59
2016-11-17,340.75,340.09999999999997,342.2,339.15000000000003,446126503.3,6555230000,2016-11-17 23:59:59
2016-11-18,340.0,338.75,341.1,338.65,243378102.8,3582870000,2016-11-18 23:59:59
2016-11-21,341.45000000000005,342.5,343.45,340.2,675806469.5,9888790000,2016-11-21 23:59:59
2016-11-22,344.0,341.05,349.5,339.5,2116117610.9,30748440000,2016-11-22 23:59:59
2016-11-23,342.95,343.75,344.25,341.85,335638661.2,4889660000,2016-11-23 23:59:59
2016-11-24,344.25,341.5,344.75,339.0,1083774656.6,15844640000,2016-11-24 23:59:59
2016-11-25,341.54999999999995,342.5,344.25,340.45,277832791.0,4058150000,2016-11-25 23:59:59
2016-11-28,342.79999999999995,343.75,346.25000000000006,341.3,529279578.3,7699690000,2016-11-28 23:59:59
2016-11-29,341.5,343.8,345.55,341.1,373995519.9,5435490000,2016-11-29 23:59:59
2016-11-30,345.00000000000006,347.0,347.25,340.49999999999994,1766332670.8,25645060000,2016-11-30 23:59:59
2016-12-01,348.40000000000003,341.54999999999995,348.40000000000003,341.0,1780838283.5,25965620000,2016-12-01 23:59:59
2016-12-02,342.45,341.74999999999994,345.95,339.2,1825307850.8,26579640000,2016-12-02 23:59:59
2016-12-05,343.0,343.3,345.90000000000003,341.8,652654133.3,9475540000,2016-12-05 23:59:59
2016-12-06,344.0,340.0,345.40000000000003,339.0,2529076429.4,37006410000,2016-12-06 23:59:59
2016-12-07,340.25,340.75,342.79999999999995,340.25,533471510.3,7801290000,2016-12-07 23:59:59
2016-12-08,342.2,345.00000000000006,351.5,339.5,2819323748.1,40884660000,2016-12-08 23:59:59
2016-12-09,347.50000000000006,376.15000000000003,376.25,346.04999999999995,4892226648.5,66912850000,2016-12-09 23:59:59
2016-12-12,379.45,367.00000000000006,381.5000000000001,365.75000000000006,3474741358.9,46663570000,2016-12-12 23:59:59
2016-12-13,368.0,368.0,372.25,361.1,1830330242.7,24904550000,2016-12-13 23:59:59
2016-12-14,368.0,361.4,371.75,357.6,1611672035.6,22191490000,2016-12-14 23:59:59
2016-12-15,358.0,361.5,364.4,354.0,2639280195.4,36901740000,2016-12-15 23:59:59
2016-12-16,362.75,368.5,374.75,357.55,2874950308.7,38966070000,2016-12-16 23:59:59
2016-12-19,368.7,362.75,373.9,361.45,1376065884.8,18714580000,2016-12-19 23:59:59
2016-12-20,362.75,362.95,366.09999999999997,359.5,711760217.5,9804820000,2016-12-20 23:59:59
2016-12-21,363.5,358.75,365.95000000000005,357.84999999999997,784085701.0,10854540000,2016-12-21 23:59:59
2016-12-22,359.29999999999995,357.49999999999994,359.45,355.5,632806854.9,8861690000,2016-12-22 23:59:59
2016-12-23,357.55,360.20000000000005,364.45,355.75,770146886.0,10704010000,2016-12-23 23:59:59
2016-12-26,361.45,356.5,362.35,356.5,285347705.5,3983900000,2016-12-26 23:59:59
2016-12-27,357.49999999999994,363.9,364.2,357.0,526287344.9,7278160000,2016-12-27 23:59:59
2016-12-28,363.95,365.1,368.5,362.5,920355051.7,12582340000,2016-12-28 23:59:59
2016-12-29,364.50000000000006,369.95,371.2,364.25,2230780801.4,30272290000,2016-12-29 23:59:59
2016-12-30,369.95,370.0,375.0,364.50000000000006,4129094237.0,55746330000,2016-12-30 23:59:59
2017-01-03,369.0,370.05,372.5,366.3,1328460858.9,17909210000,2017-01-03 23:59:59
2017-01-04,369.90000000000003,365.75000000000006,371.65,363.75,989066202.3,13480260000,2017-01-04 23:59:59
2017-01-05,366.3,357.45,366.59999999999997,355.25,1033031700.0,14362700000,2017-01-05 23:59:59
2017-01-06,357.75,354.85,357.75,354.0,826832813.2,11619480000,2017-01-06 23:59:59
2017-01-09,356.7,352.90000000000003,359.35,351.65000000000003,585376820.3,8232030000,2017-01-09 23:59:59
2017-01-10,353.95000000000005,356.24999999999994,357.0,352.0,1270091258.9,17928930000,2017-01-10 23:59:59
2017-01-11,355.3,351.04999999999995,358.75,349.59999999999997,1265476777.0,17917390000,2017-01-11 23:59:59
2017-01-12,352.35,347.75,352.35,346.55,797312142.2,11410060000,2017-01-12 23:59:59
2017-01-13,348.5,346.25000000000006,349.75,342.05,1142549012.4,16567840000,2017-01-13 23:59:59
2017-01-16,346.5,347.05,351.35,344.5,553565090.4,7946350000,2017-01-16 23:59:59
2017-01-17,347.8,346.04999999999995,349.45,345.5,426844941.1,6149710000,2017-01-17 23:59:59
2017-01-18,348.5,343.05,348.7,341.85,1534403350.0,22285370000,2017-01-18 23:59:59
2017-01-19,343.1,343.45,344.95,342.0,850407369.2,12391080000,2017-01-19 23:59:59
2017-01-20,343.25,342.15000000000003,344.55,340.29999999999995,554127071.1,8085880000,2017-01-20 23:59:59
2017-01-23,343.5,343.40000000000003,343.5,339.24999999999994,484879893.8,7105970000,2017-01-23 23:59:59
2017-01-24,343.40000000000003,342.5,346.5,341.8,885402636.0,12882230000,2017-01-24 23:59:59
2017-01-25,343.25,342.5,346.0,341.34999999999997,834344195.4,12128170000,2017-01-25 23:59:59
2017-01-26,343.5,345.45,349.75,343.1,1983822349.1,28668990000,2017-01-26 23:59:59
2017-01-27,346.85,348.5,350.75,344.25,1956321027.7,28131940000,2017-01-27 23:59:59
2017-01-30,349.25,347.0,353.74999999999994,346.75,1047184160.4,14944670000,2017-01-30 23:59:59
2017-01-31,346.5,344.85,348.5,342.55,685541404.0,9945400000,2017-01-31 23:59:59
2017-02-01,344.95,347.35,347.45,344.1,470739069.3,6809580000,2017-02-01 23:59:59
2017-02-02,347.4,345.45,348.0,343.40000000000003,502595030.8,7276010000,2017-02-02 23:59:59
2017-02-03,345.20000000000005,346.45000000000005,346.75,344.25,535748268.2,7746180000,2017-02-03 23:59:59
2017-02-06,348.0,343.40000000000003,348.0,342.15000000000003,457877549.8,6651240000,2017-02-06 23:59:59
2017-02-07,343.8,343.95000000000005,344.75,342.2,286943406.2,4174260000,2017-02-07 23:59:59
2017-02-08,343.9,343.5,344.59999999999997,341.5,363436674.9,5290270000,2017-02-08 23:59:59
2017-02-09,344.0,343.5,344.59999999999997,340.09999999999997,399989848.1,5845030000,2017-02-09 23:59:59
2017-02-10,343.5,342.15000000000003,344.35,341.3,252421305.3,3687080000,2017-02-10 23:59:59
2017-02-13,342.5,340.8,344.3,338.25,649336053.3,9530000000,2017-02-13 23:59:59
2017-02-14,338.6,339.4,341.25,336.1,474052345.3,7010050000,2017-02-14 23:59:59
2017-02-15,338.55,338.84999999999997,344.25,336.0,621583378.8,9112850000,2017-02-15 23:59:59
2017-02-16,340.0,339.95,340.90000000000003,337.95,293588637.8,4327210000,2017-02-16 23:59:59
2017-02-17,341.25,339.65000000000003,341.25,337.75,766134039.4,11266740000,2017-02-17 23:59:59
2017-02-20,341.0,339.95,341.95000000000005,339.24999999999994,290184455.2,4262040000,2017-02-20 23:59:59
2017-02-21,340.35,339.59999999999997,341.0,336.8,310052026.4,4574330000,2017-02-21 23:59:59
2017-02-22,339.65000000000003,337.09999999999997,339.65000000000003,334.75,474064705.8,7039020000,2017-02-22 23:59:59
2017-02-24,337.2,335.75,337.2,333.75,249223740.4,3717480000,2017-02-24 23:59:59
2017-02-27,335.75,333.75,336.0,330.55,1048942280.4,15737820000,2017-02-27 23:59:59
2017-02-28,332.75,330.4,334.85,327.5,850240533.0,12859530000,2017-02-28 23:59:59
2017-03-01,330.50000000000006,336.25,336.25,330.45,600992953.7,9005080000,2017-03-01 23:59:59
2017-03-02,335.55,330.0,337.35,328.6,732059495.4,11014830000,2017-03-02 23:59:59
2017-03-03,329.75,330.0,330.0,322.5,1053690239.2,16182170000,2017-03-03 23:59:59
2017-03-06,329.8,330.0,331.45,326.55,539933123.2,8208400000,2017-03-06 23:59:59
2017-03-07,329.5,330.0,330.0,323.8,1208500783.0,18445620000,2017-03-07 23:59:59
2017-03-09,326.8,323.0,332.0,317.5,3231987060.0,50222500000,2017-03-09 23:59:59
2017-03-10,322.55,325.25,328.5,320.79999999999995,1656786498.6,25375650000,2017-03-10 23:59:59
2017-03-13,325.25,326.3,328.0,321.34999999999997,615076114.5,9468550000,2017-03-13 23:59:59
2017-03-14,326.25,325.3,327.75,324.1,505559335.2,7754020000,2017-03-14 23:59:59
2017-03-15,325.99999999999994,325.70000000000005,328.84999999999997,325.15000000000003,415846561.3,6355710000,2017-03-15 23:59:59
2017-03-16,328.84999999999997,327.5,330.15000000000003,322.75,1114855231.5,17124260000,2017-03-16 23:59:59
2017-03-17,325.15000000000003,331.25,331.5,325.15000000000003,851326849.8,12914840000,2017-03-17 23:59:59
2017-03-20,331.25,336.0,336.45,330.25,976838299.5,14628740000,2017-03-20 23:59:59
2017-03-21,336.5,334.0,338.3,331.3,585296743.3,8736960000,2017-03-21 23:59:59
2017-03-22,331.45,334.85,334.9,327.85,550160235.0,8311870000,2017-03-22 23:59:59
2017-03-23,334.85,333.90000000000003,336.5,330.55,313483727.3,4701700000,2017-03-23 23:59:59
2017-03-24,332.75,332.0,333.90000000000003,328.90000000000003,419507502.0,6340360000,2017-03-24 23:59:59
2017-03-27,330.0,327.5,330.95,324.25,502666629.8,7695330000,2017-03-27 23:59:59
2017-03-28,326.25,327.59999999999997,329.45000000000005,325.59999999999997,403066615.8,6142970000,2017-03-28 23:59:59
2017-03-29,328.15,330.95,331.0,327.0,275887356.8,4191450000,2017-03-29 23:59:59
2017-03-30,330.55,334.0,335.0,329.4,403574969.0,6066040000,2017-03-30 23:59:59
2017-03-31,334.59999999999997,331.25,335.65,329.1,499304492.3,7523340000,2017-03-31 23:59:59
2017-04-03,331.25,334.3,334.3,327.9,540085154.8,8159240000,2017-04-03 23:59:59
2017-04-04,333.3,335.50000000000006,336.05,331.40000000000003,487693977.6,7304090000,2017-04-04 23:59:59
2017-04-05,336.7,334.5,339.2,334.3,534604650.9,7944190000,2017-04-05 23:59:59
2017-04-06,333.95,330.75,334.25000000000006,329.75,570398777.0,8609070000,2017-04-06 23:59:59
2017-04-07,328.95,327.95,330.70000000000005,326.25,700653631.7,10666100000,2017-04-07 23:59:59
2017-04-10,326.1,323.65,327.5,317.8,985007117.4,15328230000,2017-04-10 23:59:59
2017-04-11,322.45000000000005,324.5,325.0,319.0,1652695863.5,25615500000,2017-04-11 23:59:59
2017-04-12,325.90000000000003,320.5,325.90000000000003,316.5,628898145.6,9804850000,2017-04-12 23:59:59
2017-04-13,319.9,320.0,321.95,314.34999999999997,1048360024.8,16464840000,2017-04-13 23:59:59
2017-04-14,317.8,320.45,320.5,314.6,344332491.0,5410690000,2017-04-14 23:59:59
2017-04-17,318.8,320.99999999999994,321.6,316.84999999999997,206209904.8,3221780000,2017-04-17 23:59:59
2017-04-18,322.2,320.0,322.2,316.25,447841370.9,7026550000,2017-04-18 23:59:59
2017-04-19,319.7,320.0,320.0,317.5,487001559.3,7640070000,2017-04-19 23:59:59
2017-04-20,318.55,322.0,322.0,316.75,754758039.9,11816430000,2017-04-20 23:59:59
2017-04-21,322.5,325.0,329.4,320.75,703519503.4,10817490000,2017-04-21 23:59:59
2017-04-24,328.05,325.75,328.5,325.0,405294398.9,6207350000,2017-04-24 23:59:59
2017-04-25,325.75,330.59999999999997,335.50000000000006,325.09999999999997,865248473.4,13070070000,2017-04-25 23:59:59
2017-04-26,332.25,342.15000000000003,342.5,330.50000000000006,984874163.2,14617870000,2017-04-26 23:59:59
2017-04-27,341.25,333.55,343.0,333.20000000000005,657920061.7,9738740000,2017-04-27 23:59:59
2017-04-28,335.15000000000003,333.55,338.75,331.54999999999995,565972445.8,8447070000,2017-04-28 23:59:59
2017-05-02,334.59999999999997,336.85,338.84999999999997,333.6,403331515.5,5987720000,2017-05-02 23:59:59
2017-05-03,335.90000000000003,337.5,340.49999999999994,330.4,609137733.6,9055010000,2017-05-03 23:59:59
2017-05-04,337.99999999999994,335.50000000000006,342.15000000000003,335.0,629540262.2,9315320000,2017-05-04 23:59:59
2017-05-05,332.0,328.65,332.05,326.95000000000005,880217246.6,13381820000,2017-05-05 23:59:59
2017-05-10,329.85,334.5,334.5,327.59999999999997,450926646.8,6833000000,2017-05-10 23:59:59
2017-05-11,333.84999999999997,329.45000000000005,335.29999999999995,329.3,341775165.8,5146280000,2017-05-11 23:59:59
2017-05-12,330.2,328.35,330.70000000000005,327.24999999999994,244355369.7,3725700000,2017-05-12 23:59:59
2017-05-15,328.15,333.00000000000006,337.4,328.15,394461561.7,5944780000,2017-05-15 23:59:59
2017-05-16,333.00000000000006,335.0,342.35,331.34999999999997,1369193660.3,20243180000,2017-05-16 23:59:59
2017-05-17,334.0,333.00000000000006,335.0,330.50000000000006,562461592.6,8448870000,2017-05-17 23:59:59
2017-05-18,330.25,327.7,333.5,325.85,748297200.7,11375580000,2017-05-18 23:59:59
2017-05-19,328.25,331.95000000000005,337.25,327.0,948385925.0,14226890000,2017-05-19 23:59:59
2017-05-22,334.59999999999997,328.25,334.59999999999997,328.25,494471185.7,7489710000,2017-05-22 23:59:59
2017-05-23,327.55,336.05,336.2,327.55,443448615.4,6670920000,2017-05-23 23:59:59
2017-05-24,336.05,335.09999999999997,340.6,333.05,1100748979.8,16327270000,2017-05-24 23:59:59
2017-05-25,335.25,334.7,337.25,332.4,283279366.2,4224390000,2017-05-25 23:59:59
2017-05-26,335.0,331.84999999999997,335.0,329.34999999999997,403576025.5,6080640000,2017-05-26 23:59:59
2017-05-29,332.0,330.0,332.5,328.84999999999997,122037178.4,1844710000,2017-05-29 23:59:59
2017-05-30,329.9,329.7,330.75,326.75,277599569.1,4225710000,2017-05-30 23:59:59
2017-05-31,328.65,330.75,333.45,325.4,523659037.9,7957730000,2017-05-31 23:59:59
2017-06-01,329.45000000000005,323.65,333.34999999999997,321.15,607099783.8,9321710000,2017-06-01 23:59:59
2017-06-02,324.45,325.99999999999994,325.99999999999994,317.85,689435843.2,10719890000,2017-06-02 23:59:59
2017-06-05,326.05,325.25,328.40000000000003,322.5,369980287.3,5692130000,2017-06-05 23:59:59
2017-06-06,324.05,321.75,325.85,321.65,208387738.3,3225560000,2017-06-06 23:59:59
2017-06-07,321.75,320.55,323.49999999999994,320.55,355966721.7,5522070000,2017-06-07 23:59:59
2017-06-08,321.5,322.5,324.65000000000003,320.0,515307349.4,8020970000,2017-06-08 23:59:59
2017-06-09,322.24999999999994,326.25,326.25,321.20000000000005,496427647.1,7646790000,2017-06-09 23:59:59
2017-06-13,326.25,322.5,327.5,322.5,428030014.8,6605560000,2017-06-13 23:59:59
2017-06-14,322.85,320.0,322.85,316.6,547131138.2,8553950000,2017-06-14 23:59:59
2017-06-15,318.50000000000006,319.5,319.7,308.90000000000003,2766063646.4,43947310000,2017-06-15 23:59:59
2017-06-16,319.15,319.5,320.9,314.0,1781414819.6,28031570000,2017-06-16 23:59:59
2017-06-19,319.40000000000003,316.09999999999997,319.5,315.25,627368997.9,9885680000,2017-06-19 23:59:59
2017-06-20,316.6,319.5,319.5,313.25,1280083043.9,20210020000,2017-06-20 23:59:59
2017-06-21,318.25,316.7,319.45,315.75,348530669.1,5490500000,2017-06-21 23:59:59
2017-06-22,315.75,319.5,320.5,312.7,1197486001.5,18907740000,2017-06-22 23:59:59
2017-06-23,319.40000000000003,320.0,320.85,315.9,893195091.9,14029650000,2017-06-23 23:59:59
2017-06-26,320.59999999999997,317.45000000000005,322.5,317.45000000000005,277127115.5,4341440000,2017-06-26 23:59:59
2017-06-27,317.2,316.90000000000003,317.9,314.6,823480499.0,13015450000,2017-06-27 23:59:59
2017-06-28,315.5,319.0,319.0,314.05,633198844.3,9994450000,2017-06-28 23:59:59
2017-06-29,319.1,319.5,320.15000000000003,316.84999999999997,634973169.3,9962510000,2017-06-29 23:59:59
2017-06-30,318.55,320.0,322.5,317.95,580306267.3,9061350000,2017-06-30 23:59:59
2017-07-03,319.6,321.5,322.1,319.34999999999997,351541300.5,5475580000,2017-07-03 23:59:59
2017-07-04,322.15000000000003,322.0,324.74999999999994,321.25,308090139.0,4769990000,2017-07-04 23:59:59
2017-07-05,321.1,320.0,322.8,319.3,434214604.9,6771590000,2017-07-05 23:59:59
2017-07-06,320.25,319.34999999999997,321.25,316.8,428680392.8,6718440000,2017-07-06 23:59:59
2017-07-07,318.25,318.4,320.75,317.3,381333980.7,5974550000,2017-07-07 23:59:59
2017-07-10,318.50000000000006,319.0,320.99999999999994,317.55,359399352.0,5632190000,2017-07-10 23:59:59
2017-07-11,319.65,319.34999999999997,320.15000000000003,315.85,320011735.9,5033990000,2017-07-11 23:59:59
2017-07-12,319.34999999999997,320.0,322.5,317.5,675908621.3,10567520000,2017-07-12 23:59:59
2017-07-13,319.75000000000006,318.55,321.40000000000003,318.0,363853258.9,5697050000,2017-07-13 23:59:59
2017-07-14,318.35,319.0,320.05,318.35,273599307.5,4284020000,2017-07-14 23:59:59
2017-07-17,319.15,319.34999999999997,320.45,317.5,274277554.3,4296700000,2017-07-17 23:59:59
2017-07-18,318.95,317.5,319.54999999999995,315.15000000000003,491035928.9,7745060000,2017-07-18 23:59:59
2017-07-19,317.25000000000006,320.5,320.5,315.55,359159678.6,5638590000,2017-07-19 23:59:59
2017-07-20,320.7,324.5,326.9,319.1,648664134.6,10014490000,2017-07-20 23:59:59
2017-07-21,324.4,318.65,325.3,318.05,355097807.6,5531340000,2017-07-21 23:59:59
2017-07-24,318.0,317.5,319.5,315.55,488763536.2,7709970000,2017-07-24 23:59:59
2017-07-25,317.5,317.5,318.0,315.2,624176694.7,9865560000,2017-07-25 23:59:59
2017-07-26,317.15,318.0,318.70000000000005,316.00000000000006,300311355.4,4730320000,2017-07-26 23:59:59
2017-07-27,318.84999999999997,317.04999999999995,319.8,316.65,385022050.8,6048940000,2017-07-27 23:59:59
2017-07-28,317.0,304.5,317.0,303.84999999999997,2542400907.8,41407730000,2017-07-28 23:59:59
2017-07-31,305.65,298.45,305.75,294.05,903404808.0,15186110000,2017-07-31 23:59:59
2017-08-01,298.99999999999994,300.25,303.45,296.7,505855127.6,8402900000,2017-08-01 23:59:59
2017-08-02,301.0,308.55,310.75,300.0,805558558.8,13161380000,2017-08-02 23:59:59
2017-08-03,308.49999999999994,309.3,314.3,307.05,526462343.8,8476040000,2017-08-03 23:59:59
2017-08-04,308.55,304.09999999999997,309.15,303.15000000000003,401710140.0,6559440000,2017-08-04 23:59:59
2017-08-07,304.95,310.54999999999995,310.54999999999995,304.35,319739156.7,5193470000,2017-08-07 23:59:59
2017-08-08,311.0,310.3,314.75000000000006,310.09999999999997,895132330.5,14336060000,2017-08-08 23:59:59
2017-08-09,309.80000000000007,309.95000000000005,313.90000000000003,306.5,834404641.2,13465190000,2017-08-09 23:59:59
2017-08-10,309.9,303.40000000000003,310.9,301.15,461365556.2,7541640000,2017-08-10 23:59:59
2017-08-11,302.00000000000006,300.0,304.25,297.0,610768543.3,10184880000,2017-08-11 23:59:59
2017-08-14,301.25,302.5,304.6,300.75,200379687.7,3306080000,2017-08-14 23:59:59
2017-08-15,302.59999999999997,305.1,306.5,300.8,404324234.5,6650330000,2017-08-15 23:59:59
2017-08-16,305.0,301.85,306.0,300.45,314647092.7,5191230000,2017-08-16 23:59:59
2017-08-17,301.0,300.0,302.5,300.0,186268879.0,3094130000,2017-08-17 23:59:59
2017-08-18,299.5,297.25000000000006,300.0,295.5,384497311.6,6453350000,2017-08-18 23:59:59
2017-08-21,298.2,296.25,298.7,296.15,194026410.4,3261780000,2017-08-21 23:59:59
2017-08-22,297.35,297.0,297.75,296.2,117977479.8,1985250000,2017-08-22 23:59:59
2017-08-23,297.1,302.4,302.4,295.0,411452730.3,6901450000,2017-08-23 23:59:59
2017-08-24,302.45,304.6,305.25,301.4,363009442.7,5980250000,2017-08-24 23:59:59
2017-08-25,304.8,301.0,307.2,299.5,601164906.0,9934910000,2017-08-25 23:59:59
2017-08-28,301.65000000000003,300.85,301.65000000000003,298.35,317271499.9,5298830000,2017-08-28 23:59:59
2017-08-29,299.95,299.95,301.95,297.84999999999997,405659531.2,6768140000,2017-08-29 23:59:59
2017-08-30,300.35,324.0,324.85,299.95,2203845259.8,34746910000,2017-08-30 23:59:59
2017-08-31,325.0,322.8,326.5,320.55,1157424783.5,17846210000,2017-08-31 23:59:59
2017-09-01,323.49999999999994,317.25000000000006,334.15,316.55,2018525654.4,31203250000,2017-09-01 23:59:59
2017-09-04,315.1,308.15000000000003,317.85,308.15000000000003,1285396469.7,20675370000,2017-09-04 23:59:59
2017-09-05,308.35,300.5,310.19999999999993,298.5,1645616209.7,27212370000,2017-09-05 23:59:59
2017-09-06,300.0,301.0,303.6,296.5,908016349.0,15069150000,2017-09-06 23:59:59
2017-09-07,301.25,300.5,305.0,300.5,493963934.9,8165130000,2017-09-07 23:59:59
2017-09-08,301.1,308.0,309.25,300.5,781735567.1,12827310000,2017-09-08 23:59:59
2017-09-11,310.0,310.54999999999995,312.85,306.75000000000006,817767765.9,13181660000,2017-09-11 23:59:59
2017-09-12,311.0,318.65,321.34999999999997,310.05,1317565828.9,20743670000,2017-09-12 23:59:59
2017-09-13,318.65,311.95,324.2,311.95,1396276300.2,21831290000,2017-09-13 23:59:59
2017-09-14,313.0,314.45,316.75,311.0,608772160.9,9699470000,2017-09-14 23:59:59
2017-09-15,313.90000000000003,308.0,318.95,308.0,912779335.3,14547470000,2017-09-15 23:59:59
2017-09-18,310.54999999999995,311.35,312.4,309.95000000000005,359737031.1,5779730000,2017-09-18 23:59:59
2017-09-19,311.35,309.4,313.70000000000005,306.85,612103989.6,9887480000,2017-09-19 23:59:59
2017-09-20,309.9,309.0,309.95000000000005,305.5,789768966.7,12842060000,2017-09-20 23:59:59
2017-09-21,308.90000000000003,308.15000000000003,309.75,306.3,687606899.1,11160850000,2017-09-21 23:59:59
2017-09-22,307.8,306.45000000000005,309.7,305.25,684235137.2,11143710000,2017-09-22 23:59:59
2017-09-25,306.7,312.7,313.95,305.95,719268677.6,11604850000,2017-09-25 23:59:59
2017-09-26,313.05,311.65000000000003,314.25,310.54999999999995,812353143.2,13010550000,2017-09-26 23:59:59
2017-09-27,311.65000000000003,308.15000000000003,313.75,307.85,697567571.8,11268570000,2017-09-27 23:59:59
2017-09-28,309.0,309.55,311.20000000000005,308.25,458183313.0,7394570000,2017-09-28 23:59:59
2017-09-29,310.25,307.95,311.25,307.95,258023655.0,4168900000,2017-09-29 23:59:59
2017-10-02,308.49999999999994,307.2,310.84999999999997,306.2,665842400.8,10804930000,2017-10-02 23:59:59
2017-10-03,307.75,308.05,310.0,307.05,361701197.4,5861660000,2017-10-03 23:59:59
2017-10-04,306.0,307.0,307.95,306.0,364969329.4,5944340000,2017-10-04 23:59:59
2017-10-05,307.25,306.0,307.3,303.55,781576543.6,12814350000,2017-10-05 23:59:59
2017-10-06,306.3,307.25,310.5,306.3,1139251611.3,18458440000,2017-10-06 23:59:59
2017-10-09,307.95,307.85,309.5,306.75000000000006,419815447.2,6813410000,2017-10-09 23:59:59
2017-10-10,308.05,307.90000000000003,309.0,306.55,372970389.7,6061150000,2017-10-10 23:59:59
2017-10-11,308.45000000000005,305.9,308.55,305.9,918204601.4,14957370000,2017-10-11 23:59:59
2017-10-12,305.79999999999995,306.0,307.8,305.5,434369394.1,7088630000,2017-10-12 23:59:59
2017-10-13,306.7,305.0,307.45,304.2,373505029.6,6110830000,2017-10-13 23:59:59
2017-10-16,305.65,305.75,307.49999999999994,304.85,386303217.1,6308590000,2017-10-16 23:59:59
2017-10-17,305.85,303.0,306.09999999999997,301.45,319704831.0,5264980000,2017-10-17 23:59:59
2017-10-18,303.9,301.15,305.25,301.15,336077962.1,5540460000,2017-10-18 23:59:59
2017-10-19,302.04999999999995,301.04999999999995,303.40000000000003,301.0,445338143.0,7371390000,2017-10-19 23:59:59
2017-10-20,302.00000000000006,301.25,303.5,301.04999999999995,331326362.1,5486710000,2017-10-20 23:59:59
2017-10-23,302.45,301.25,303.45,301.0,246271875.4,4079550000,2017-10-23 23:59:59
2017-10-24,301.25,305.2,305.2,300.75,340257426.4,5616210000,2017-10-24 23:59:59
2017-10-25,306.09999999999997,302.15,307.0,302.15,450527573.8,7391110000,2017-10-25 23:59:59
2017-10-26,303.1,301.1,303.40000000000003,301.1,315676315.7,5228600000,2017-10-26 23:59:59
2017-10-27,302.25,302.45,304.2,301.75,415242769.9,6850200000,2017-10-27 23:59:59
2017-10-30,303.0,301.15,303.45,301.15,302383131.6,5001110000,2017-10-30 20:30:00
2017-10-31,302.15,300.0,302.90000000000003,300.0,394152909.0,6545270000,2017-10-31 23:59:59
2017-11-01,301.04999999999995,299.75,303.74999999999994,299.55,453197277.6,7530390000,2017-11-01 23:59:59
2017-11-02,299.95,298.8,300.15,296.75,373539775.1,6261530000,2017-11-02 23:59:59
2017-11-03,298.75,297.5,301.85,297.5,460028675.9,7689080000,2017-11-03 23:59:59
2017-11-07,299.65,303.74999999999994,305.0,298.5,1019560372.8,16911380000,2017-11-07 23:59:59
2017-11-08,302.55,300.5,304.45,300.5,440575171.9,7284310000,2017-11-08 23:59:59
2017-11-09,301.4,306.34999999999997,312.05,300.6,1933537760.1,31415920000,2017-11-09 23:59:59
2017-11-10,306.8,300.55,306.8,300.5,652421824.3,10769150000,2017-11-10 23:59:59
2017-11-13,300.5,300.05,303.6,300.05,427812364.5,7094890000,2017-11-13 23:59:59
2017-11-14,299.55,294.0,300.8,294.0,1425379000.9,24025980000,2017-11-14 23:59:59
2017-11-15,293.45,277.45,295.05,277.45,1679410670.9,29545350000,2017-11-15 23:59:59
2017-11-16,276.95,260.25,277.45,250.49999999999997,5883167793.0,113671220000,2017-11-16 23:59:59
2017-11-17,262.5,266.9,269.0,260.55,2154993426.6,40603970000,2017-11-17 23:59:59
2017-11-20,266.75,269.9,273.75,265.55,1318469391.9,24380870000,2017-11-20 23:59:59
2017-11-21,271.0,266.0,272.50000000000006,263.3,1211654163.8,22706150000,2017-11-21 23:59:59
2017-11-22,266.9,264.5,266.9,261.0,680129194.8,12903780000,2017-11-22 23:59:59
2017-11-23,263.5,261.1,264.5,258.7,426776324.4,8143100000,2017-11-23 23:59:59
2017-11-24,260.7,266.9,267.5,260.7,983644300.6,18574440000,2017-11-24 23:59:59
2017-11-27,266.6,263.35,267.15,261.8,405916938.0,7689640000,2017-11-27 23:59:59
2017-11-28,263.3,264.0,267.25,261.95,555001875.1,10514360000,2017-11-28 23:59:59
2017-11-29,264.9,261.0,264.9,261.0,358280837.0,6829760000,2017-11-29 23:59:59
2017-11-30,261.65000000000003,253.89999999999995,261.65000000000003,251.95,985709206.9,19296970000,2017-11-30 23:59:59
2017-12-01,255.45000000000002,258.0,259.7,250.55,1300614332.9,25524210000,2017-12-01 23:59:59
2017-12-04,256.55000000000007,254.99999999999997,258.1,254.55,532058263.2,10376730000,2017-12-04 23:59:59
2017-12-05,254.55,254.3,256.55000000000007,252.95000000000002,380624127.4,7476980000,2017-12-05 23:59:59
2017-12-06,253.95000000000002,257.5,259.15,253.20000000000002,417223103.7,8119390000,2017-12-06 23:59:59
2017-12-07,258.4,255.15,258.4,254.4,471565530.1,9199410000,2017-12-07 23:59:59
2017-12-08,255.15,253.29999999999998,257.35,253.29999999999998,341572390.6,6705350000,2017-12-08 23:59:59
2017-12-11,254.3,256.1,256.5,253.54999999999995,761559681.3,14926690000,2017-12-11 23:59:59
2017-12-12,256.75,256.25,257.0,254.2,483595797.8000002,9464440000,2017-12-12 20:30:00
2017-12-13,254.55,250.49999999999997,256.25,250.49999999999997,1211548948.0,24031720000,2017-12-13 23:59:59
2017-12-14,250.75,252.0,254.3,244.75,1716975150.5,34370400000,2017-12-14 23:59:59
2017-12-15,251.50000000000003,250.0,252.49999999999997,249.5,658074607.0,13132150000,2017-12-15 23:59:59
2017-12-18,251.0,249.35,252.45,248.5,506567583.7,10116840000,2017-12-18 23:59:59
2017-12-19,249.55,242.00000000000003,250.49999999999997,241.85000000000002,990823683.9,20170420000,2017-12-19 23:59:59
2017-12-20,240.75,229.54999999999998,241.74999999999997,228.55,2628491880.7,56587310000,2017-12-20 23:59:59
2017-12-21,229.0,226.74999999999997,230.45000000000002,221.04999999999998,2120145303.1,47160080000,2017-12-21 23:59:59
2017-12-22,227.20000000000002,232.75,236.0,225.45,1453391876.0,31362250000,2017-12-22 23:59:59
2017-12-25,234.45000000000002,236.5,236.5,231.49999999999997,383724399.4,8181230000,2017-12-25 23:59:59
2017-12-26,236.45,234.25,236.90000000000003,233.55,420467314.0,8946090000,2017-12-26 23:59:59
2017-12-27,234.0,237.25000000000003,245.25000000000003,232.50000000000003,2046661551.6,42724620000,2017-12-27 23:59:59
2017-12-28,237.54999999999998,234.8,238.95000000000002,231.1,884723329.4,18909720000,2017-12-28 23:59:59
2017-12-29,235.0,236.6,238.60000000000002,232.84999999999997,558044512.2,11846280000,2017-12-29 23:59:59
2018-01-03,236.64999999999998,247.5,247.5,236.1,843220389.7,17351060000,2018-01-03 23:59:59
2018-01-04,247.5,250.25,251.35000000000002,245.55,901142815.8,18109880000,2018-01-04 23:59:59
2018-01-05,251.4,251.0,251.4,247.54999999999998,469158792.0,9403260000,2018-01-05 23:59:59
2018-01-09,251.95,254.0,259.35,251.6,1643982953.6,32082650000,2018-01-09 23:59:59
2018-01-10,254.99999999999997,252.54999999999995,256.5,252.0,1206268375.5,23707190000,2018-01-10 23:59:59
2018-01-11,252.49999999999997,252.49999999999997,253.50000000000006,248.54999999999998,1134172517.8,22531410000,2018-01-11 23:59:59
2018-01-12,253.0,254.79999999999998,255.24999999999994,250.4,826358480.2,16350360000,2018-01-12 23:59:59
2018-01-15,256.1,254.05,258.95,254.05,663801621.6,12950920000,2018-01-15 23:59:59
2018-01-16,254.99999999999997,254.5,255.15,251.29999999999998,774523233.3,15305000000,2018-01-16 23:59:59
2018-01-17,253.05,256.94999999999993,258.5,251.4,1181635821.3,23192990000,2018-01-17 23:59:59
2018-01-18,256.75,253.0,258.75,252.25,1148776247.2,22574540000,2018-01-18 23:59:59
2018-01-19,254.45,248.25,254.65,245.5,977781583.0,19538840000,2018-01-19 23:59:59
2018-01-22,248.89999999999998,250.7,251.25000000000003,248.05,599096714.9,11996060000,2018-01-22 23:59:59
2018-01-23,250.75,248.89999999999998,251.25000000000003,245.55,717396131.3,14444060000,2018-01-23 23:59:59
2018-01-24,248.10000000000002,245.1,248.35,244.39999999999998,714582380.3,14545340000,2018-01-24 23:59:59
2018-01-25,245.5,249.5,252.25,245.05,1466938703.5,29437540000,2018-01-25 23:59:59
2018-01-26,249.05,246.75000000000003,249.3,243.55,819451406.9,16639130000,2018-01-26 23:59:59
2018-01-29,245.95,245.0,247.95000000000002,243.70000000000002,579307345.8,11776860000,2018-01-29 23:59:59
2018-01-30,244.55,244.00000000000006,247.5,243.20000000000002,538931929.9,10959050000,2018-01-30 23:59:59
2018-01-31,244.75,247.0,247.0,243.25,451905143.7,9231420000,2018-01-31 23:59:59
2018-02-01,246.70000000000002,246.9,250.45000000000005,245.25000000000003,1167678720.0,23638640000,2018-02-01 23:59:59
2018-02-02,247.0,246.0,248.35,243.75,861633984.2,17542490000,2018-02-02 23:59:59
2018-02-05,244.15,245.40000000000003,246.25,242.64999999999998,663004416.5,13536350000,2018-02-05 23:59:59
2018-02-06,242.00000000000003,235.1,244.10000000000002,234.0,2279009328.4,47781510000,2018-02-06 23:59:59
2018-02-07,237.85,238.05,239.75,236.1,683221019.4,14327120000,2018-02-07 23:59:59
2018-02-08,238.15,237.54999999999998,244.20000000000002,236.15,1530580496.2,31974490000,2018-02-08 23:59:59
2018-02-09,235.0,235.35,237.45,233.0,1339683828.5,28397130000,2018-02-09 23:59:59
2018-02-12,237.7,235.60000000000002,238.95000000000002,234.75,814559626.3,17212890000,2018-02-12 23:59:59
2018-02-13,235.95000000000002,238.35,238.75,235.25,578574338.2,12207000000,2018-02-13 23:59:59
2018-02-14,238.55,238.5,241.34999999999997,236.05,848079285.1,17793030000,2018-02-14 23:59:59
2018-02-15,240.0,236.75000000000003,240.0,236.6,977593330.6,20529160000,2018-02-15 23:59:59
2018-02-16,236.85000000000002,238.5,239.0,236.79999999999998,497349240.3,10440810000,2018-02-16 23:59:59
2018-02-19,237.75,237.25000000000003,238.90000000000006,236.15,301062437.1,6341120000,2018-02-19 23:59:59
2018-02-20,237.3,238.7,239.75,236.79999999999998,363181808.9,7623350000,2018-02-20 23:59:59
2018-02-21,238.25,244.5,245.85,238.05,1731354966.0,35538170000,2018-02-21 23:59:59
2018-02-22,242.79999999999998,258.75,264.75,242.79999999999998,3646338377.7000017,71280420000,2018-02-22 20:30:00
2018-02-26,264.85,273.15,279.15,262.75,5652448296.5,103495950000,2018-02-26 23:59:59
2018-02-27,273.59999999999997,269.0,274.45,266.75,2334068391.4,43129190000,2018-02-27 23:59:59
2018-02-28,268.05,263.8,270.25,263.05,2985402691.9,55940220000,2018-02-28 23:59:59
2018-03-01,263.05,262.5,265.85,261.5,1321185833.2,25081050000,2018-03-01 23:59:59
2018-03-02,263.8,262.04999999999995,269.95,260.5,1272886571.9,24080610000,2018-03-02 23:59:59
2018-03-05,263.5,262.3,267.09999999999997,260.09999999999997,1054118077.2,19975150000,2018-03-05 23:59:59
2018-03-06,263.25,265.0,268.45,262.65,1162129206.7,21940900000,2018-03-06 23:59:59
2018-03-07,263.74999999999994,273.5,273.90000000000003,263.2,2043419156.7,37893290000,2018-03-07 23:59:59
2018-03-09,272.7,281.3999999999999,282.95,271.65000000000003,1938585697.7,34734430000,2018-03-09 23:59:59
2018-03-12,285.05,278.55,288.2,278.5,1848171788.2,32589190000,2018-03-12 23:59:59
2018-03-13,278.85,279.0,281.3999999999999,274.59999999999997,1589069346.8,28687530000,2018-03-13 23:59:59
2018-03-14,277.7,267.7,279.90000000000003,267.5,1650904060.9,30212110000,2018-03-14 23:59:59
2018-03-15,268.3,269.2,271.15000000000003,265.95,1797121727.2,33459930000,2018-03-15 23:59:59
2018-03-16,269.0,267.4,270.95,266.75,2018640856.5,37576330000,2018-03-16 23:59:59
2018-03-19,269.5,267.0,270.7,267.0,680772092.2,12658970000,2018-03-19 23:59:59
2018-03-20,267.90000000000003,269.5,269.80000000000007,263.3,1027033103.6,19288980000,2018-03-20 23:59:59
2018-03-21,270.25,270.0,272.50000000000006,265.85,1652182182.3,30658230000,2018-03-21 23:59:59
2018-03-22,271.40000000000003,270.0,271.40000000000003,266.55,1486213401.1,27649420000,2018-03-22 23:59:59
2018-03-23,267.0,266.40000000000003,267.90000000000003,264.5,927688832.2,17421750000,2018-03-23 23:59:59
2018-03-26,266.2,254.95000000000002,266.2,254.95000000000002,1725465592.2,33123020000,2018-03-26 23:59:59
2018-03-27,256.85,258.99999999999994,260.95,255.24999999999994,1108335672.5,21467510000,2018-03-27 20:30:00
2018-03-28,256.7,254.99999999999997,257.9,252.75,859822350.8,16810600000,2018-03-28 23:59:59
2018-03-29,255.54999999999998,255.75,260.5,255.54999999999998,1067786445.6,20710280000,2018-03-29 23:59:59
2018-03-30,257.5,258.3,258.3,256.1,215831555.4,4193540000,2018-03-30 23:59:59
2018-04-02,258.0,255.7,259.7,255.7,646436389.7,12530820000,2018-04-02 23:59:59
2018-04-03,255.59999999999997,261.5,265.5,253.84999999999997,2217391301.1,42471760000,2018-04-03 23:59:59
2018-04-04,263.2,261.85,263.2,260.5,1013482575.1,19378720000,2018-04-04 23:59:59
2018-04-05,263.45,269.75,269.75,262.65,3608434069.1,67703760000,2018-04-05 23:59:59
2018-04-06,268.0,277.0,277.75,267.95,4612400257.8,84007570000,2018-04-06 23:59:59
2018-04-09,276.0,252.0,276.25000000000006,242.5,6017971259.3,117719370000,2018-04-09 23:59:59
2018-04-10,250.0,254.55,258.95,246.09999999999997,4197720212.1,83439090000,2018-04-10 23:59:59
2018-04-11,254.55,252.35,257.95000000000005,247.05000000000004,2177617373.3,43223020000,2018-04-11 23:59:59
2018-04-12,254.6,254.65,257.4,252.54999999999995,1070779672.3,21003970000,2018-04-12 23:59:59
2018-04-13,254.90000000000003,254.35,257.5,250.6,1371451308.6,27025650000,2018-04-13 23:59:59
2018-04-16,250.04999999999998,258.95,260.95,250.0,1445308878.8,28261520000,2018-04-16 23:59:59
2018-04-17,267.45,260.85,267.7,259.7,1830840132.6,34786470000,2018-04-17 23:59:59
2018-04-18,262.2,265.0,267.45,261.0,1272450880.0,24051110000,2018-04-18 23:59:59
2018-04-19,265.3,262.5,267.5,259.85,1133658406.2,21522020000,2018-04-19 23:59:59
2018-04-20,262.25,264.45,266.0,260.5,833956653.6,15856560000,2018-04-20 23:59:59
2018-04-23,263.5,265.0,265.0,262.55,1106620465.0,20982100000,2018-04-23 23:59:59
2018-04-24,265.0,265.0,269.5,264.0,1437796259.2,26963840000,2018-04-24 23:59:59
2018-04-25,263.74999999999994,264.35,264.5,261.4,764356700.4,14514260000,2018-04-25 23:59:59
2018-04-26,265.0,262.0,266.75,260.40000000000003,1042844855.7,19855440000,2018-04-26 23:59:59
2018-04-27,262.75,262.84999999999997,264.0,260.85,717970170.3000001,13673820000,2018-04-27 20:29:56
2018-04-28,262.84999999999997,263.5,263.6,261.75,139296942.4,2649990000,2018-04-28 23:59:59
2018-04-30,263.6,269.84999999999997,269.84999999999997,263.25,706893214.7,13301570000,2018-04-30 23:59:59
2018-05-02,267.95,267.0,270.7,265.4,827569602.1999995,15488420000,2018-05-02 20:30:01
2018-05-03,266.9,263.05,268.3,263.05,614081772.2,11557270000,2018-05-03 23:59:59
2018-05-04,264.85,263.74999999999994,265.55,263.25,454929390.4,8613650000,2018-05-04 23:59:59
2018-05-07,265.5,263.84999999999997,266.5,263.6,699751089.1,13219540000,2018-05-07 23:59:59
2018-05-08,262.84999999999997,263.5,264.75,254.25,1071211133.5,20443090000,2018-05-08 23:59:59
2018-05-10,265.5,261.25,265.85,261.2,819771938.5,15581900000,2018-05-10 23:59:59
2018-05-11,261.95,261.90000000000003,263.5,260.2,1076081837.9,20571320000,2018-05-11 23:59:59
2018-05-14,262.15,262.5,263.65,260.85,1030138847.5,19652910000,2018-05-14 23:59:59
2018-05-15,261.25,257.5,261.85,255.54999999999998,2053328944.7,39760920000,2018-05-15 23:59:59
2018-05-16,256.5,256.6,258.2,255.79999999999998,1082246972.9,21053480000,2018-05-16 23:59:59
2018-05-17,257.8,256.1,259.75,256.1,1773436935.1,34370490000,2018-05-17 23:59:59
2018-05-18,257.35,256.0,257.95000000000005,254.99999999999997,1110300021.0,21615830000,2018-05-18 23:59:59
2018-05-21,256.55000000000007,257.8,259.45,256.4,900688385.5,17445590000,2018-05-21 23:59:59
2018-05-22,258.3,256.94999999999993,258.3,256.6,566901274.6,11015980000,2018-05-22 23:59:59
2018-05-23,256.5,255.75,258.3,255.75,736540012.7,14336830000,2018-05-23 23:59:59
2018-05-24,256.5,256.05,257.95000000000005,255.79999999999998,779684496.9,15182700000,2018-05-24 23:59:59
2018-05-25,256.5,255.3,257.45,253.84999999999997,831457676.1,16271680000,2018-05-25 23:59:59
2018-05-28,255.7,257.25,257.5,255.4,449493308.7,8744700000,2018-05-28 23:59:59
2018-05-29,256.6,256.4,257.5,254.79999999999998,934422428.1,18245310000,2018-05-29 23:59:59
2018-05-30,256.5,256.7,258.25000000000006,255.7,1615706683.8,31451320000,2018-05-30 23:59:59
2018-05-31,257.25,249.45,258.1,249.45,6425493889.8,127556320000,2018-05-31 23:59:59
2018-06-01,237.45,237.0,241.15,237.0,3765786447.8,78735380000,2018-06-01 23:59:59
2018-06-04,238.20000000000002,235.15,239.4,234.20000000000005,1443000244.9,30486540000,2018-06-04 23:59:59
2018-06-05,235.8,237.20000000000005,238.00000000000003,235.05,910201274.5,19222000000,2018-06-05 23:59:59
2018-06-06,237.0,236.24999999999997,238.45000000000002,235.25,781067987.8,16496550000,2018-06-06 23:59:59
2018-06-07,237.25000000000003,234.04999999999998,237.25000000000003,234.04999999999998,878125467.4,18660120000,2018-06-07 23:59:59
2018-06-08,233.5,226.55,233.65,226.5,1882884199.6,41031590000,2018-06-08 23:59:59
2018-06-09,226.6,227.6,228.04999999999998,226.6,176792532.0,3884090000,2018-06-09 23:59:59
2018-06-11,227.7,225.70000000000005,228.29999999999998,222.5,859967843.6,19105330000,2018-06-11 23:59:59
2018-06-13,224.25,223.75,226.35,223.15,1156849685.2,25759980000,2018-06-13 23:59:59
2018-06-14,223.75,223.25,225.99999999999997,222.85,773679568.9,17252480000,2018-06-14 23:59:59
2018-06-15,224.05,222.55,225.25,222.55,1056899488.2,23643230000,2018-06-15 23:59:59
2018-06-18,222.55,230.54999999999998,231.6,222.2,1758870724.9,38501220000,2018-06-18 23:59:59
2018-06-19,230.0,225.95000000000002,230.4,225.95000000000002,1261537859.9,27629400000,2018-06-19 23:59:59
2018-06-20,227.7,236.0,236.0,227.7,1497538537.6,32127790000,2018-06-20 23:59:59
2018-06-21,236.0,234.8,238.90000000000006,233.55,1335805274.6,28289840000,2018-06-21 23:59:59
2018-06-22,236.45,233.0,237.65,232.45,929390261.3,19795690000,2018-06-22 23:59:59
2018-06-25,234.65,233.5,236.35,232.79999999999998,823716107.2,17530440000,2018-06-25 23:59:59
2018-06-26,234.29999999999998,234.5,235.89999999999998,233.55,630955571.8,13434240000,2018-06-26 23:59:59
2018-06-27,235.2,236.75000000000003,237.94999999999996,233.75,1010513189.1,21367130000,2018-06-27 23:59:59
2018-06-28,237.0,239.14999999999998,243.35000000000002,236.75000000000003,1440372104.8,29931750000,2018-06-28 23:59:59
2018-06-29,240.0,240.04999999999998,244.45000000000002,240.0,1014733186.4,20972020000,2018-06-29 23:59:59
2018-07-02,239.6,241.65000000000003,242.2,237.05,1197604471.2,24943340000,2018-07-02 23:59:59
2018-07-03,241.70000000000002,241.9,243.6,240.95,638446599.8,13168400000,2018-07-03 23:59:59
2018-07-04,242.89999999999998,242.79999999999998,244.00000000000006,241.29999999999998,579558206.8,11944910000,2018-07-04 23:59:59
2018-07-05,242.00000000000003,243.3,243.65000000000003,241.60000000000002,607916330.0,12524260000,2018-07-05 23:59:59
2018-07-06,243.3,242.5,246.0,242.00000000000003,718814302.6,14756910000,2018-07-06 23:59:59
2018-07-09,244.00000000000006,246.95000000000002,246.95000000000002,243.65000000000003,722546629.2,14710180000,2018-07-09 23:59:59
2018-07-10,247.15,245.14999999999998,247.35,244.20000000000002,593036101.5,12058850000,2018-07-10 23:59:59
2018-07-11,243.6,243.0,244.20000000000002,241.9,675880384.1,13912910000,2018-07-11 23:59:59
2018-07-12,242.54999999999998,241.54999999999998,244.20000000000002,239.4,609709236.9,12582100000,2018-07-12 23:59:59
2018-07-13,242.34999999999997,248.75000000000006,248.75000000000006,241.4,1322830170.5,26847860000,2018-07-13 23:59:59
2018-07-16,248.75000000000006,247.0,249.89999999999998,246.8,1019811515.5,20497200000,2018-07-16 23:59:59
2018-07-17,246.85,243.6,247.25,243.0,628841905.9,12851730000,2018-07-17 23:59:59
2018-07-18,243.55,242.64999999999998,245.14999999999998,242.4,427411503.7,8776450000,2018-07-18 23:59:59
2018-07-19,243.15,239.20000000000002,243.89999999999998,237.25000000000003,946276810.3,19691340000,2018-07-19 23:59:59
2018-07-20,239.70000000000002,241.25,243.45,236.85000000000002,734458245.7,15239130000,2018-07-20 23:59:59
2018-07-23,240.9,241.2,244.9,240.9,360991663.6,7436910000,2018-07-23 23:59:59
2018-07-24,242.34999999999997,241.1,242.34999999999997,239.55,511805718.0,10632880000,2018-07-24 23:59:59
2018-07-25,238.5,239.75,239.95,235.8,740925031.8,15566050000,2018-07-25 23:59:59
2018-07-26,240.25,237.89999999999998,241.15,237.65,389534146.0,8148640000,2018-07-26 23:59:59
2018-07-27,238.5,239.1,239.75,237.05,328621921.0,6888160000,2018-07-27 23:59:59
2018-07-30,238.90000000000006,239.85,240.35,237.65,350790192.3,7336410000,2018-07-30 23:59:59
2018-07-31,238.10000000000002,241.4,241.4,238.10000000000002,446898739.8,9305960000,2018-07-31 23:59:59
2018-08-01,240.75,241.4,244.3,240.35,658822702.8,13563150000,2018-08-01 23:59:59
2018-08-02,241.4,237.89999999999998,242.30000000000004,237.25000000000003,444151812.7,9252880000,2018-08-02 23:59:59
2018-08-03,238.4,236.75000000000003,238.5,234.70000000000002,481793311.9,10185690000,2018-08-03 23:59:59
2018-08-06,237.05,234.04999999999998,238.15,233.95,508711987.2,10786720000,2018-08-06 23:59:59
2018-08-07,234.5,234.0,236.75000000000003,232.79999999999998,380203426.3,8090770000,2018-08-07 23:59:59
2018-08-08,233.24999999999997,228.44999999999996,234.1,226.5,1382077879.0,30146560000,2018-08-08 23:59:59
2018-08-09,226.85,225.54999999999998,226.85,211.04999999999998,2752234574.0000014,62911480000,2018-08-09 20:30:04
2018-08-10,225.45,216.85,225.65,214.20000000000002,1282305202.9,29169930000,2018-08-10 23:59:59
2018-08-13,213.0,214.75,218.9,212.54999999999998,948349255.7,21963280000,2018-08-13 23:59:59
2018-08-14,216.14999999999998,218.2,218.5,213.35,652682391.9,15100150000,2018-08-14 23:59:59
2018-08-15,217.04999999999998,217.0,219.45,215.75,527045800.0,12130540000,2018-08-15 23:59:59
2018-08-16,218.0,219.4,219.4,217.39999999999998,342635334.1,7841670000,2018-08-16 23:59:59
2018-08-17,218.75,218.54999999999998,219.45,216.5,367108527.7,8420680000,2018-08-17 23:59:59
2018-08-20,219.05,220.75,221.45000000000002,219.05,275576906.1,6255760000,2018-08-20 23:59:59
2018-08-21,221.00000000000003,220.75,221.99999999999997,218.54999999999998,349930158.1,7950990000,2018-08-21 23:59:59
2018-08-22,220.05,214.99999999999997,221.00000000000003,213.95000000000002,1005642162.2,23196160000,2018-08-22 23:59:59
2018-08-23,214.50000000000003,206.95000000000002,214.99999999999997,205.34999999999997,1406165877.8,33316520000,2018-08-23 23:59:59
2018-08-24,206.50000000000003,205.1,207.6,200.9,1321491930.7,32425410000,2018-08-24 23:59:59
2018-08-27,206.45,210.75,210.75,206.2,576827949.4,13833320000,2018-08-27 23:59:59
2018-08-28,211.49999999999994,207.64999999999998,211.49999999999994,207.5,429633513.1,10251730000,2018-08-28 23:59:59
2018-08-29,208.0,209.95,209.95,205.34999999999997,509081751.7,12199610000,2018-08-29 23:59:59
2018-08-30,210.0,206.1,210.85,205.5,518458461.7,12486160000,2018-08-30 23:59:59
2018-08-31,205.55,207.0,207.75000000000003,204.25,587417619.4,14241380000,2018-08-31 23:59:59
2018-09-03,206.50000000000003,206.45,207.54999999999998,205.25000000000003,277383677.2,6716220000,2018-09-03 23:59:59
2018-09-04,207.0,204.6,208.65,204.3,415215805.7,10083340000,2018-09-04 23:59:59
2018-09-05,204.6,200.1,205.55,200.1,562420795.3,13846920000,2018-09-05 23:59:59
2018-09-06,200.29999999999995,197.5,201.74999999999997,197.15,794095291.7,19862000000,2018-09-06 23:59:59
2018-09-07,198.00000000000003,196.64999999999998,199.75,195.15000000000003,647097882.8,16381190000,2018-09-07 23:59:59
2018-09-10,196.75000000000003,193.0,197.4,192.10000000000005,864455381.6,22287820000,2018-09-10 23:59:59
2018-09-11,193.1,195.0,195.50000000000006,191.7,797139265.2,20535740000,2018-09-11 23:59:59
2018-09-12,196.0,198.00000000000003,199.0,195.15000000000003,693348156.1,17555880000,2018-09-12 23:59:59
2018-09-13,198.5,202.4,208.40000000000003,198.04999999999998,1535223104.2,37625190000,2018-09-13 23:59:59
2018-09-14,202.5,200.25000000000006,204.9,198.3,1040722493.1,25899610000,2018-09-14 23:59:59
2018-09-17,200.25000000000006,200.2,202.15,199.04999999999998,524203356.4,13071920000,2018-09-17 23:59:59
2018-09-18,199.55,205.9,206.0,199.55,707018391.6,17415010000,2018-09-18 23:59:59
2018-09-19,206.74999999999994,206.40000000000003,208.99999999999997,205.34999999999997,812119322.6,19619610000,2018-09-19 23:59:59
2018-09-20,206.9,205.55,210.0,204.5,1457468927.9,35099600000,2018-09-20 23:59:59
2018-09-21,206.25,211.0,211.0,204.04999999999995,746309550.7,17944510000,2018-09-21 23:59:59
2018-09-24,209.5,209.55,212.25,207.8,957293311.2,22776370000,2018-09-24 23:59:59
2018-09-25,210.20000000000002,208.0,211.25,207.5,431980104.3,10345900000,2018-09-25 23:59:59
2018-09-26,208.5,205.9,208.65,205.00000000000006,732647449.8,17694320000,2018-09-26 23:59:59
2018-09-27,205.9,206.50000000000003,208.44999999999996,202.25,1027151505.0,24976480000,2018-09-27 23:59:59
2018-09-28,208.0,203.79999999999998,208.0,202.34999999999997,925503349.6,22657560000,2018-09-28 23:59:59
2018-10-01,204.6,201.54999999999998,205.05,200.70000000000002,532285457.0,13112240000,2018-10-01 23:59:59
2018-10-02,203.00000000000003,201.85000000000002,203.35000000000002,200.59999999999997,399078644.5,9894130000,2018-10-02 23:59:59
2018-10-03,201.85000000000002,203.55,204.75,200.9,674120911.2,16612190000,2018-10-03 23:59:59
2018-10-04,203.45,199.5,204.95,198.15,863964994.0,21445400000,2018-10-04 23:59:59
2018-10-05,199.4,197.89999999999998,200.0,196.7,546832812.3,13777860000,2018-10-05 23:59:59
2018-10-08,198.04999999999998,196.05,199.0,194.1,590820465.2,15056980000,2018-10-08 23:59:59
2018-10-09,196.5,191.99999999999997,198.3,191.99999999999997,868415068.6,22337310000,2018-10-09 23:59:59
2018-10-10,192.75,190.64999999999998,193.3,188.8,784877514.5,20581840000,2018-10-10 23:59:59
2018-10-11,186.95,188.5,189.29999999999998,182.9,1682064260.3,45174210000,2018-10-11 23:59:59
2018-10-12,190.0,189.75,191.99999999999997,186.85,799773248.8,21086340000,2018-10-12 23:59:59
2018-10-15,190.85000000000002,192.45000000000005,194.0,189.50000000000003,617352625.3,16113400000,2018-10-15 23:59:59
2018-10-16,192.3,191.99999999999997,194.75,188.04999999999998,993314298.2,25940890000,2018-10-16 23:59:59
2018-10-17,193.35000000000002,192.3,194.35000000000002,190.05,756451042.4,19703850000,2018-10-17 23:59:59
2018-10-18,191.89999999999998,189.65,192.49999999999997,188.70000000000002,450109601.2,11823560000,2018-10-18 23:59:59
2018-10-19,189.9,184.45,189.9,184.25,735865102.9,19689400000,2018-10-19 23:59:59
2018-10-22,184.45,180.7,185.15,179.3,982704907.2,26963850000,2018-10-22 23:59:59
2018-10-23,179.7,181.00000000000003,181.9,176.0,887692909.7,24884710000,2018-10-23 23:59:59
2018-10-24,181.5,184.25,185.7,179.25,1051173640.5,28780230000,2018-10-24 23:59:59
2018-10-25,181.4,181.75,182.6,180.15,406171108.6,11194100000,2018-10-25 23:59:59
2018-10-26,180.55,178.70000000000002,181.10000000000002,178.1,518120329.8,14458280000,2018-10-26 23:59:59
2018-10-29,178.15,182.0,183.50000000000003,178.15,464270031.2,12806770000,2018-10-29 23:59:59
2018-10-30,181.45000000000002,183.0,183.35,180.05,426152220.5,11716220000,2018-10-30 23:59:59
2018-10-31,183.8,182.9,185.25,182.9,526226195.1,14311030000,2018-10-31 23:59:59
2018-11-01,183.45,181.00000000000003,183.45,179.25,650891671.2,17990650000,2018-11-01 23:59:59
2018-11-02,181.125,180.65,181.75,180.20000000000002,414805762.3,11459220000,2018-11-02 23:59:59
2018-11-06,181.00000000000003,180.75,183.1,180.7,578134917.1,15910200000,2018-11-06 23:59:59
2018-11-07,180.0,190.95000000000002,190.95000000000002,178.64999999999998,2168299055.45,58167200000,2018-11-07 23:59:59
2018-11-08,191.5,190.15,193.7,188.97500000000002,1381254230.1,36034700000,2018-11-08 23:59:59
2018-11-09,189.375,187.85,190.4,185.5,786522306.55,20899340000,2018-11-09 23:59:59
2018-11-12,188.5,190.9,192.49999999999997,188.5,752117435.35,19761240000,2018-11-12 23:59:59
2018-11-13,190.02499999999998,192.20000000000002,195.75,188.67499999999998,1253798469.35,32421450000,2018-11-13 23:59:59
2018-11-14,191.5,190.75000000000006,192.84999999999997,189.0,672116470.65,17596900000,2018-11-14 23:59:59
2018-11-15,191.92500000000004,196.4,197.0,190.825,1281638847.45,32876180000,2018-11-15 23:59:59
2018-11-16,197.59999999999997,195.8,197.79999999999998,194.37499999999997,773192751.7,19737790000,2018-11-16 23:59:59
2018-11-19,195.8,194.0,197.5,192.49999999999997,492640504.15,12625230000,2018-11-19 23:59:59
2018-11-20,193.6,187.14999999999998,193.6,186.72500000000002,776279761.55,20507410000,2018-11-20 23:59:59
2018-11-21,186.075,186.10000000000002,188.39999999999998,184.32500000000002,870897748.5,23348180000,2018-11-21 23:59:59
2018-11-22,187.10000000000002,186.5,188.85,186.05,517419236.3,13814970000,2018-11-22 23:59:59
2018-11-23,186.05,185.3,186.85,183.575,457511921.2,12355030000,2018-11-23 23:59:59
2018-11-26,185.1,183.475,185.825,177.75,1128055098.75,31053560000,2018-11-26 23:59:59
2018-11-27,183.50000000000003,184.15,185.99999999999997,182.525,454449615.3,12318760000,2018-11-27 23:59:59
2018-11-28,184.8,187.9,188.425,184.075,592234748.7999998,15893200000,2018-11-28 20:30:02
2018-11-29,188.0,190.15,191.675,187.5,830639200.2,21870920000,2018-11-29 23:59:59
2018-11-30,188.8,186.5,189.225,185.525,462521023.85,12367990000,2018-11-30 23:59:59
2018-12-03,187.52499999999998,188.0,190.85000000000002,187.5,505436614.8,13345570000,2018-12-03 23:59:59
2018-12-04,187.9,184.95000000000002,188.95,184.775,697492809.7,18734290000,2018-12-04 23:59:59
2018-12-05,183.775,184.975,185.3,182.6,621984824.4,16880750000,2018-12-05 23:59:59
2018-12-06,183.625,183.55,184.2,181.25,460315206.85,12575580000,2018-12-06 23:59:59
2018-12-07,183.92499999999998,182.77499999999998,185.2,182.375,625306908.1,17037480000,2018-12-07 23:59:59
2018-12-10,181.95,180.5,183.45,180.5,410783631.25,11303680000,2018-12-10 23:59:59
2018-12-11,181.62500000000003,180.025,181.775,179.7,391103935.45,10809270000,2018-12-11 23:59:59
2018-12-12,180.725,181.25,181.25,179.17499999999998,438792098.65,12161040000,2018-12-12 23:59:59
2018-12-13,181.20000000000002,180.4,181.4,179.54999999999998,284864753.9,7906700000,2018-12-13 23:59:59
2018-12-14,179.79999999999998,179.975,180.35,177.775,434140079.3,12124480000,2018-12-14 23:59:59
2018-12-17,179.5,181.7,184.74999999999997,179.425,736154631.45,20142510000,2018-12-17 23:59:59
2018-12-18,180.5,181.00000000000003,181.25,178.2,606025308.7,16843810000,2018-12-18 23:59:59
2018-12-19,179.5,181.5,182.70000000000002,178.5,462177380.55,12811780000,2018-12-19 23:59:59
2018-12-20,181.075,179.35,181.125,178.5,834751200.25,23266560000,2018-12-20 23:59:59
2018-12-21,179.0,176.225,180.45,176.225,641703542.6,18021720000,2018-12-21 23:59:59
2018-12-24,177.07500000000002,173.6,178.2,173.1,775414051.9,22142880000,2018-12-24 23:59:59
2018-12-25,172.39999999999998,170.87499999999997,172.50000000000003,165.25000000000003,905199514.55,26771770000,2018-12-25 23:59:59
2018-12-26,171.97500000000002,172.275,173.475,170.025,613474771.35,17845840000,2018-12-26 23:59:59
2018-12-27,174.25,170.24999999999997,174.525,170.24999999999997,711264329.55,20645200000,2018-12-27 23:59:59
2018-12-28,170.97500000000002,169.55,172.15,168.85,693889751.15,20352030000,2018-12-28 23:59:59
2018-12-29,170.475,169.25,170.72500000000002,169.25,200123694.2,5885490000,2018-12-29 23:59:59
2019-01-03,169.52499999999998,171.04999999999998,171.8,168.3,307679094.85,9013110000,2019-01-03 23:59:59
2019-01-04,171.2,173.1,173.1,171.1,296856106.25,8609390000,2019-01-04 23:59:59
2019-01-08,173.5,174.20000000000002,174.975,172.35,383012779.55,11018110000,2019-01-08 23:59:59
2019-01-09,175.00000000000003,175.00000000000003,175.7,174.225,429540026.75,12269360000,2019-01-09 23:59:59
2019-01-10,175.00000000000003,175.225,175.3,173.25,448676794.15,12868910000,2019-01-10 23:59:59
2019-01-11,175.6,175.925,177.175,174.79999999999998,528556158.7,15016080000,2019-01-11 23:59:59
2019-01-14,175.00000000000003,176.5,176.67499999999998,174.025,325828804.15,9282210000,2019-01-14 23:59:59
2019-01-15,176.67499999999998,177.32500000000002,179.0,176.575,489075094.2,13762220000,2019-01-15 23:59:59
2019-01-16,178.0,178.25,178.64999999999998,176.85,310874843.5,8738100000,2019-01-16 23:59:59
2019-01-17,178.4,178.525,178.9,177.775,310759846.55,8713650000,2019-01-17 23:59:59
2019-01-18,179.02499999999998,185.5,185.5,179.02499999999998,1266351504.5,34601560000,2019-01-18 23:59:59
2019-01-21,185.89999999999998,184.45,188.14999999999998,184.02499999999998,868945871.4,23355290000,2019-01-21 23:59:59
2019-01-22,184.25,185.5,186.6,183.025,809610437.9,21930220000,2019-01-22 23:59:59
2019-01-23,185.7,187.67499999999998,188.425,185.1,884602823.9,23644490000,2019-01-23 23:59:59
2019-01-24,188.0,184.625,189.9,183.70000000000002,1426419576.6,38187530000,2019-01-24 23:59:59
2019-01-25,185.1,184.8,185.875,183.2,618785018.6,16794490000,2019-01-25 23:59:59
2019-01-28,185.075,184.70000000000002,187.125,183.575,659376972.1,17773950000,2019-01-28 23:59:59
2019-01-29,184.70000000000002,187.10000000000002,187.35000000000002,183.55,499413471.4,13449140000,2019-01-29 23:59:59
2019-01-30,186.925,187.4,187.5,185.99999999999997,371644290.3,9944890000,2019-01-30 23:59:59
2019-01-31,188.25000000000003,188.85,189.475,187.125,524971172.4,13944430000,2019-01-31 23:59:59
2019-02-01,188.04999999999998,189.575,190.2,187.77499999999998,619128609.65,16370750000,2019-02-01 23:59:59
2019-02-04,189.85,191.725,192.10000000000005,189.75,573752058.35,14994430000,2019-02-04 23:59:59
2019-02-05,192.225,191.05,192.49999999999997,190.425,478009624.1,12475430000,2019-02-05 23:59:59
2019-02-06,191.05,188.04999999999998,191.05,188.04999999999998,598693561.4,15812430000,2019-02-06 23:59:59
2019-02-07,187.85,185.05,187.85,184.74999999999997,549020155.75,14763560000,2019-02-07 23:59:59
2019-02-08,184.25,185.65,186.55,183.8,451322641.5,12170460000,2019-02-08 23:59:59
2019-02-11,185.525,188.0,188.07500000000002,185.525,408404706.95,10899170000,2019-02-11 23:59:59
2019-02-12,188.97500000000002,189.50000000000003,190.32500000000002,188.425,514419648.85,13570850000,2019-02-12 23:59:59
2019-02-13,189.975,184.92499999999998,190.02499999999998,184.64999999999998,781561664.55,20971120000,2019-02-13 23:59:59
2019-02-14,182.0,180.20000000000002,182.325,178.07500000000002,1317542711.75,36544690000,2019-02-14 23:59:59
2019-02-15,180.875,183.0,183.04999999999998,180.57500000000002,536697255.0,14730840000,2019-02-15 23:59:59
2019-02-18,183.50000000000003,181.65,184.5,180.325,451684486.1,12391770000,2019-02-18 23:59:59
2019-02-19,181.75,181.225,183.475,180.025,379872589.5,10464070000,2019-02-19 23:59:59
2019-02-20,181.025,182.1,182.70000000000002,181.025,264014667.0,7251600000,2019-02-20 23:59:59
2019-02-21,182.6,180.325,182.6,179.075,489218445.45,13548950000,2019-02-21 23:59:59
2019-02-22,180.35,180.4,181.4,179.54999999999998,299925244.05,8297490000,2019-02-22 23:59:59
2019-02-25,181.125,181.20000000000002,181.975,179.54999999999998,392802540.3,10851070000,2019-02-25 23:59:59
2019-02-26,180.775,179.0,181.325,178.875,490601840.3,13641460000,2019-02-26 23:59:59
2019-02-27,179.75,179.775,180.17499999999998,178.25,589370570.35,16444960000,2019-02-27 23:59:59
2019-02-28,179.6,179.5,180.725,178.8,377069624.55,10494720000,2019-02-28 23:59:59
2019-03-01,180.0,180.15,180.47500000000002,179.5,346193288.3,9621840000,2019-03-01 23:59:59
2019-03-04,180.15,179.85000000000002,180.775,179.375,285526440.05,7923610000,2019-03-04 23:59:59
2019-03-05,179.5,176.5,179.5,176.4,641625407.05,18095820000,2019-03-05 23:59:59
2019-03-06,176.0,177.475,177.475,175.875,375162835.45,10603290000,2019-03-06 23:59:59
2019-03-07,176.77499999999998,176.1,177.275,175.55,397560364.85,11256550000,2019-03-07 23:59:59
2019-03-11,175.7,176.85,177.49999999999997,175.4,463461928.15,13134140000,2019-03-11 23:59:59
2019-03-12,177.25,178.25,179.22500000000002,176.85,468180585.85,13138370000,2019-03-12 23:59:59
2019-03-13,177.625,181.7,182.75,177.55,758686339.25,20985720000,2019-03-13 23:59:59
2019-03-14,181.67499999999998,181.075,184.0,180.10000000000002,663189016.7,18215810000,2019-03-14 23:59:59
2019-03-15,181.5,186.95,186.95,180.35,1354643798.2,36753850000,2019-03-15 23:59:59
2019-03-18,185.1,184.6,186.075,183.55,948901849.05,25715580000,2019-03-18 23:59:59
2019-03-19,184.85000000000002,183.85,185.0,183.29999999999998,352452558.65,9572490000,2019-03-19 23:59:59
2019-03-20,183.775,183.45,184.25,183.025,533028488.5,14499060000,2019-03-20 23:59:59
2019-03-21,183.975,182.575,184.8,181.52499999999998,724757365.3,19756270000,2019-03-21 23:59:59
2019-03-22,182.75,180.0,182.75,179.64999999999998,477510794.7,13209080000,2019-03-22 23:59:59
2019-03-25,179.25,181.65,182.025,178.35,514141339.25,14212080000,2019-03-25 23:59:59
2019-03-26,181.62500000000003,181.25,182.5,181.025,401706575.2,11043820000,2019-03-26 23:59:59
2019-03-27,181.00000000000003,179.75,181.75,179.75,255271179.3,7071180000,2019-03-27 23:59:59
2019-03-28,180.025,180.0,180.5,179.75,190842274.95,5297950000,2019-03-28 23:59:59
2019-03-29,180.5,178.22500000000002,182.2,177.775,724837562.7,20126600000,2019-03-29 23:59:59
2019-04-01,179.375,180.975,181.25,178.8,467441242.95,12965960000,2019-04-01 23:59:59
2019-04-02,181.00000000000003,181.00000000000003,182.25000000000003,179.85000000000002,388679031.4,10745160000,2019-04-02 23:59:59
2019-04-03,181.575,183.04999999999998,183.32500000000002,181.55,740340016.6,20261430000,2019-04-03 23:59:59
2019-04-04,182.77499999999998,182.5,183.04999999999998,181.55,242420322.55,6648290000,2019-04-04 23:59:59
2019-04-05,182.5,181.6,183.04999999999998,180.65,357087300.7,9821600000,2019-04-05 23:59:59
2019-04-08,181.9,181.5,182.77499999999998,180.875,364603369.15,10035560000,2019-04-08 23:59:59
2019-04-09,181.7,181.4,182.5,181.4,664948109.8,18295280000,2019-04-09 23:59:59
2019-04-10,181.4,184.425,189.95000000000002,166.05,2351051159.7,63656110000,2019-04-10 23:59:59
2019-04-11,184.425,183.475,185.54999999999998,182.70000000000002,509823333.4,13855500000,2019-04-11 23:59:59
2019-04-12,183.2,181.275,183.70000000000002,180.65,464500136.15,12743380000,2019-04-12 23:59:59
2019-04-15,182.125,179.85000000000002,182.275,179.22500000000002,544395579.45,15083520000,2019-04-15 23:59:59
2019-04-16,180.05,180.4,180.75,178.375,595759919.5,16617900000,2019-04-16 23:59:59
2019-04-17,180.47500000000002,179.5,181.075,179.35,385771468.5,10716660000,2019-04-17 23:59:59
2019-04-18,179.35,180.05,180.10000000000002,178.5,444428758.95,12399230000,2019-04-18 23:59:59
2019-04-19,180.10000000000002,179.05,180.5,179.0,176322438.85,4907200000,2019-04-19 23:59:59
2019-04-22,179.975,178.92499999999998,180.20000000000002,178.875,236139651.55,6577080000,2019-04-22 23:59:59
2019-04-23,179.375,176.65,179.825,176.025,857746249.65,24110830000,2019-04-23 23:59:59
2019-04-24,175.82500000000002,178.85000000000002,178.85000000000002,174.27499999999998,866907193.15,24553760000,2019-04-24 23:59:59
2019-04-25,178.5,176.87499999999997,179.0,176.35000000000002,478934924.15,13469280000,2019-04-25 23:59:59
2019-04-26,176.87499999999997,177.04999999999998,177.04999999999998,175.5,419596785.85,11906750000,2019-04-26 23:59:59
2019-04-29,176.97500000000002,177.15,178.5,176.42499999999998,249890932.7,7043190000,2019-04-29 23:59:59
2019-04-30,178.25,177.49999999999997,178.25,175.75,432589585.1,12231660000,2019-04-30 23:59:59
2019-05-02,177.425,177.70000000000002,178.875,176.75,207538100.6,5829590000,2019-05-02 23:59:59
2019-05-03,178.25,178.9,179.925,177.875,292712876.5,8180590000,2019-05-03 23:59:59
2019-05-06,176.75,178.8,178.8,176.75,187528601.7499999,5268260000,2019-05-06 20:30:00
2019-05-07,178.29999999999998,177.875,180.47500000000002,177.875,322651757.45,9009900000,2019-05-07 23:59:59
2019-05-08,178.15,177.29999999999998,178.64999999999998,177.29999999999998,232275678.0,6523260000,2019-05-08 23:59:59
2019-05-10,177.275,175.975,178.1,175.35,351383820.05,9965060000,2019-05-10 23:59:59
2019-05-13,175.95,174.875,176.95,174.875,332019878.35,9445640000,2019-05-13 23:59:59
2019-05-14,175.35,174.65,175.95,174.54999999999998,362833310.85,10353790000,2019-05-14 23:59:59
2019-05-15,175.00000000000003,175.475,176.4,174.075,631465731.25,18029810000,2019-05-15 23:59:59
2019-05-16,175.82500000000002,174.79999999999998,176.24999999999997,174.79999999999998,306384198.45,8723780000,2019-05-16 23:59:59
2019-05-17,175.10000000000002,175.5,175.82500000000002,174.27499999999998,306367774.7,8751790000,2019-05-17 23:59:59
2019-05-20,175.52499999999998,174.95,175.82500000000002,174.875,243478819.6,6944110000,2019-05-20 23:59:59
2019-05-21,174.975,174.5,175.72500000000002,174.5,303364574.75,8668980000,2019-05-21 23:59:59
2019-05-22,175.00000000000003,175.925,176.65,174.17499999999998,365286792.35,10401610000,2019-05-22 23:59:59
2019-05-23,175.5,193.75,194.25,175.15,3910131138.0,105668120000,2019-05-23 23:59:59
2019-05-24,195.50000000000006,185.99999999999997,199.225,185.6,5159750248.95,134615810000,2019-05-24 23:59:59
2019-05-27,185.99999999999997,188.04999999999998,189.725,185.95000000000002,719276852.3,19159470000,2019-05-27 23:59:59
2019-05-28,188.45000000000002,182.67499999999998,190.64999999999998,182.67499999999998,1469076328.2500007,39469860000,2019-05-28 20:30:10
2019-05-29,183.15,184.0,184.675,181.15,1203662522.2,32890430000,2019-05-29 23:59:59
2019-05-30,184.2,183.50000000000003,185.89999999999998,181.5,1137597516.8,30992120000,2019-05-30 23:59:59
2019-05-31,182.1,183.525,183.525,180.27499999999998,567618754.7,15595550000,2019-05-31 23:59:59
2019-06-03,182.475,184.9,186.72500000000002,181.25,1361245136.9,37015240000,2019-06-03 23:59:59
2019-06-04,185.0,185.89999999999998,187.7,184.2,731500772.2,19711250000,2019-06-04 23:59:59
2019-06-05,187.0,193.50000000000003,196.0,185.4,3382217664.35,88207510000,2019-06-05 23:59:59
2019-06-06,193.525,194.85000000000002,196.85000000000005,192.025,1353366804.7,34815800000,2019-06-06 23:59:59
2019-06-07,195.0,195.0,195.975,193.50000000000003,641016368.5,16464710000,2019-06-07 23:59:59
2019-06-10,195.275,197.24999999999997,198.20000000000002,195.1,878419712.6,22309060000,2019-06-10 23:59:59
2019-06-11,197.5,200.0,205.725,196.27499999999998,3059892153.6,75776060000,2019-06-11 23:59:59
2019-06-13,200.07500000000005,203.25,203.25,198.925,974371903.2,24213910000,2019-06-13 23:59:59
2019-06-14,202.75,201.60000000000005,204.5,201.60000000000005,791246080.85,19482200000,2019-06-14 23:59:59
2019-06-17,201.74999999999997,202.425,204.65,200.59999999999997,751649165.7,18499440000,2019-06-17 23:59:59
2019-06-18,202.5,202.2,203.325,200.15,759242895.35,18823990000,2019-06-18 23:59:59
2019-06-19,201.99999999999994,201.15,203.30000000000004,200.175,695583566.9,17272360000,2019-06-19 23:59:59
2019-06-20,201.74999999999997,202.075,203.00000000000003,200.42500000000004,1248853378.45,30958520000,2019-06-20 23:59:59
2019-06-21,197.5,201.0,201.0,197.37499999999997,1253171158.4,31454450000,2019-06-21 23:59:59
2019-06-24,199.95000000000002,203.625,206.425,199.24999999999997,1619578634.65,39795090000,2019-06-24 23:59:59
2019-06-25,203.45,202.875,204.5,201.0,790454628.45,19502910000,2019-06-25 23:59:59
2019-06-26,202.75,201.3,204.125,201.25,572294930.0,14117000000,2019-06-26 23:59:59
2019-06-27,201.525,200.64999999999995,202.29999999999998,200.25000000000006,562943874.85,14005770000,2019-06-27 23:59:59
2019-06-28,201.25,199.4,202.17499999999995,199.35000000000002,412475616.7,10281340000,2019-06-28 23:59:59
2019-07-01,200.95,201.25,203.5,199.77500000000003,844071388.35,20891210000,2019-07-01 23:59:59
2019-07-02,201.9,202.5,202.675,200.75,429436210.4,10631460000,2019-07-02 23:59:59
2019-07-03,201.60000000000005,202.925,203.00000000000003,201.12499999999997,456040790.75,11268790000,2019-07-03 23:59:59
2019-07-04,203.075,206.975,210.97500000000002,202.625,3103351666.4,74654900000,2019-07-04 23:59:59
2019-07-05,207.32500000000002,206.775,208.17499999999998,206.35000000000005,1671357757.7,40369620000,2019-07-05 23:59:59
2019-07-08,206.25,212.75,214.625,203.57500000000002,3746778808.8,88335210000,2019-07-08 23:59:59
2019-07-09,212.75,215.65,216.72499999999997,211.75,2378670798.7,55492090000,2019-07-09 23:59:59
2019-07-10,216.475,219.64999999999995,221.99999999999997,215.52499999999998,3724542002.4,84692430000,2019-07-10 23:59:59
2019-07-11,220.75,219.99999999999994,225.0,216.225,3741187958.75,84576050000,2019-07-11 23:59:59
2019-07-12,219.02499999999998,219.99999999999994,222.25000000000003,212.70000000000002,2894670765.15,66589810000,2019-07-12 23:59:59
2019-07-15,220.725,219.94999999999996,223.95000000000002,218.2,1916977003.9,43244330000,2019-07-15 23:59:59
2019-07-16,219.975,215.05,220.20000000000002,214.89999999999995,1249458874.15,28768430000,2019-07-16 23:59:59
2019-07-17,214.99999999999997,212.225,217.45000000000002,212.05,1365682434.25,31768990000,2019-07-17 23:59:59
2019-07-18,211.97499999999997,210.9,214.37500000000003,210.04999999999998,1494177931.25,35284090000,2019-07-18 23:59:59
2019-07-19,212.25,212.0,214.25,211.0,823212563.75,19358720000,2019-07-19 23:59:59
2019-07-22,212.75,217.025,219.5,210.20000000000002,2275454982.85,52647920000,2019-07-22 23:59:59
2019-07-23,217.97500000000002,216.14999999999998,219.99999999999994,216.1,1126493829.9,25859010000,2019-07-23 23:59:59
2019-07-24,217.29999999999998,214.75,218.29999999999995,213.1,940773509.15,21868240000,2019-07-24 23:59:59
2019-07-25,214.99999999999997,215.75,218.45,212.60000000000002,976404992.1,22619620000,2019-07-25 23:59:59
2019-07-26,215.275,213.49999999999997,216.1,212.75,914859130.4,21292670000,2019-07-26 23:59:59
2019-07-29,213.84999999999997,214.05,215.5,212.35,579264166.6,13536160000,2019-07-29 23:59:59
2019-07-30,214.50000000000003,214.0,215.3,212.825,468295554.2,10939130000,2019-07-30 23:59:59
2019-07-31,214.125,212.50000000000003,214.75,212.50000000000003,608899214.35,14277630000,2019-07-31 23:59:59
2019-08-01,211.97499999999997,212.675,213.9,211.25,756908810.5,17798840000,2019-08-01 23:59:59
2019-08-02,209.97499999999997,210.075,211.0,207.15,2611078992.65,62242000000,2019-08-02 23:59:59
2019-08-05,209.7,207.725,214.20000000000002,207.5,1219139677.95,29032060000,2019-08-05 23:59:59
2019-08-06,208.44999999999996,208.0,209.55,207.25,830034079.95,19908100000,2019-08-06 23:59:59
2019-08-07,208.025,204.25,209.1,203.75,1407871940.6,34140210000,2019-08-07 23:59:59
2019-08-08,205.425,205.00000000000006,207.45,200.625,2383515172.65,58700620000,2019-08-08 23:59:59
2019-08-09,204.5,203.00000000000003,204.5,202.29999999999998,623824004.7999998,15351250000,2019-08-09 20:29:59
2019-08-12,203.45,203.00000000000003,204.75,202.625,577158929.55,14157810000,2019-08-12 23:59:59
2019-08-13,203.025,201.1,203.27499999999998,199.42499999999998,1113425594.8,27723910000,2019-08-13 23:59:59
2019-08-14,201.60000000000005,195.05,201.77500000000003,194.60000000000002,1260626276.55,31912630000,2019-08-14 23:59:59
2019-08-15,196.0,193.14999999999998,196.825,192.45000000000005,1177952908.3,30324310000,2019-08-15 23:59:59
2019-08-16,194.07500000000002,190.5,195.32500000000005,190.5,831113337.1,21608420000,2019-08-16 23:59:59
2019-08-19,191.75,191.82500000000002,192.875,190.7,884577963.1,23063280000,2019-08-19 23:59:59
2019-08-20,191.65,196.6,197.59999999999997,191.65,1544318763.7,39483860000,2019-08-20 23:59:59
2019-08-21,197.0,196.64999999999998,198.77499999999995,195.70000000000002,800843364.55,20314050000,2019-08-21 23:59:59
2019-08-22,196.64999999999998,192.84999999999997,196.90000000000003,192.84999999999997,679625662.35,17449850000,2019-08-22 23:59:59
2019-08-23,193.0,190.525,193.87499999999997,189.725,975307950.1,25460990000,2019-08-23 23:59:59
2019-08-26,189.50000000000003,190.29999999999998,191.97500000000002,188.85,695261164.1,18242990000,2019-08-26 23:59:59
2019-08-27,190.725,191.89999999999998,191.89999999999998,189.425,752754623.45,19712780000,2019-08-27 23:59:59
2019-08-28,192.20000000000002,192.35,192.57500000000002,190.425,574930337.55,15007890000,2019-08-28 23:59:59
2019-08-29,192.225,192.9,194.9,191.35,945790027.5,24466780000,2019-08-29 23:59:59
2019-08-30,192.65,193.4,193.95,191.425,876304710.75,22723510000,2019-08-30 23:59:59
2019-09-02,193.4,197.02500000000003,198.4,193.04999999999998,1213342050.15,30823490000,2019-09-02 23:59:59
2019-09-03,197.225,196.0,198.675,194.55,922614930.45,23483670000,2019-09-03 23:59:59
2019-09-04,197.02500000000003,214.55,215.475,196.875,7232407102.8,172677690000,2019-09-04 23:59:59
2019-09-05,215.75,210.025,219.99999999999994,208.25,4877980268.8,114421060000,2019-09-05 23:59:59
2019-09-06,210.49999999999997,209.75000000000003,212.825,207.75000000000003,1476264721.95,35052460000,2019-09-06 23:59:59
2019-09-09,210.72500000000002,207.5,211.65,207.04999999999998,982975409.05,23496310000,2019-09-09 23:59:59
2019-09-10,207.875,213.25,214.15,206.22500000000002,2456606353.0,58242810000,2019-09-10 23:59:59
2019-09-11,213.975,213.49999999999997,215.24999999999994,211.79999999999998,1489384455.1,34861520000,2019-09-11 23:59:59
2019-09-12,213.0,214.37500000000003,216.5,212.29999999999998,1523838760.0,35521630000,2019-09-12 23:59:59
2019-09-13,214.4,212.50000000000003,215.72500000000002,211.49999999999994,866682584.05,20266140000,2019-09-13 23:59:59
2019-09-16,213.45,213.35,213.92499999999998,210.4,838964710.4,19779010000,2019-09-16 23:59:59
2019-09-17,213.0,211.70000000000002,213.95000000000002,210.6,994547832.1,23440700000,2019-09-17 23:59:59
2019-09-18,211.67499999999995,212.775,214.6,211.1,1117789820.35,26237130000,2019-09-18 23:59:59
2019-09-19,212.80000000000004,212.275,213.49999999999997,211.27500000000003,819035931.5,19273210000,2019-09-19 23:59:59
2019-09-20,212.0,212.0,212.575,209.4,796959560.4,18899390000,2019-09-20 23:59:59
2019-09-23,211.9,210.35000000000002,212.95000000000002,209.4,512595353.1,12162500000,2019-09-23 23:59:59
2019-09-24,211.0,210.375,217.49999999999997,210.35000000000002,2595988453.05,60544100000,2019-09-24 23:59:59
2019-09-25,210.0,211.49999999999994,212.375,207.575,948386989.85,22588880000,2019-09-25 23:59:59
2019-09-26,211.04999999999998,214.6,216.0,210.62499999999997,1448262592.1,33782810000,2019-09-26 23:59:59
2019-09-27,214.75,213.475,214.89999999999995,213.15000000000003,411887147.0,9624050000,2019-09-27 23:59:59
2019-09-30,213.7,212.97500000000005,213.825,210.025,657780134.25,15515520000,2019-09-30 23:59:59
2019-10-01,212.725,211.49999999999994,214.075,211.49999999999994,397420202.9,9337040000,2019-10-01 23:59:59
2019-10-02,211.49999999999994,206.55,212.50000000000003,206.475,1070573185.05,25627160000,2019-10-02 23:59:59
2019-10-03,206.57500000000002,204.5,207.85000000000002,202.17499999999995,1718612189.75,41995900000,2019-10-03 23:59:59
2019-10-04,205.39999999999995,203.75,206.45,203.27499999999998,621912782.2,15179030000,2019-10-04 23:59:59
2019-10-07,204.75,207.32500000000002,208.20000000000002,203.4,701923167.95,17008110000,2019-10-07 23:59:59
2019-10-08,207.7,203.27499999999998,207.7,203.27499999999998,816600875.2,19893050000,2019-10-08 23:59:59
2019-10-09,203.30000000000004,203.99999999999997,206.50000000000003,203.30000000000004,601512884.2,14673630000,2019-10-09 23:59:59
2019-10-10,204.04999999999995,206.74999999999994,206.74999999999994,203.325,547360206.15,13333850000,2019-10-10 23:59:59
2019-10-11,207.12499999999997,209.62500000000003,211.97499999999997,206.975,1440271601.55,34354720000,2019-10-11 23:59:59
2019-10-14,209.7,208.74999999999997,210.9,207.525,542015691.65,12970040000,2019-10-14 23:59:59
2019-10-15,208.74999999999997,208.5,209.72500000000002,206.50000000000003,647835681.0,15549760000,2019-10-15 23:59:59
2019-10-16,209.35,209.9,210.79999999999998,208.62499999999994,502325914.3,11976390000,2019-10-16 23:59:59
2019-10-17,209.875,210.025,210.82500000000002,208.525,371762032.2,8851320000,2019-10-17 23:59:59
2019-10-18,210.0,214.0,215.5,209.4,1475651527.7,34679150000,2019-10-18 23:59:59
2019-10-21,214.89999999999995,218.2,220.29999999999998,214.6,2146978782.35,49294400000,2019-10-21 23:59:59
2019-10-22,219.85000000000002,218.5,219.85000000000002,216.59999999999997,1046187041.0,23986860000,2019-10-22 23:59:59
2019-10-23,218.275,216.0,218.29999999999995,211.39999999999998,2276204642.55,52946890000,2019-10-23 23:59:59
2019-10-24,215.95,214.27499999999998,215.95,212.65,1235118630.55,28824840000,2019-10-24 23:59:59
2019-10-25,214.3,214.925,216.5,211.87500000000003,1293710319.15,30165350000,2019-10-25 23:59:59
2019-10-28,215.4,214.125,217.70000000000002,213.275,981549398.75,22783580000,2019-10-28 23:59:59
2019-10-29,214.125,215.3,215.3,212.97500000000005,620826108.05,14475340000,2019-10-29 23:59:59
2019-10-30,215.75,217.49999999999997,219.375,214.72499999999994,1526484606.05,35116580000,2019-10-30 23:59:59
2019-10-31,217.94999999999996,215.45000000000002,218.8,213.49999999999997,1214096818.65,28055700000,2019-10-31 23:59:59
2019-11-01,215.37499999999997,215.72500000000002,216.65,214.1,697843832.7,16201530000,2019-11-01 23:59:59
2019-11-05,218.5,220.12499999999997,220.5,217.0,1341299106.4,30721450000,2019-11-05 23:59:59
2019-11-06,220.12499999999997,221.00000000000003,223.39999999999998,219.0,3967593737.0,89818010000,2019-11-06 23:59:59
2019-11-07,220.17499999999995,221.5,223.75,218.02499999999998,2254773426.2,50741450000,2019-11-07 23:59:59
2019-11-08,220.82500000000002,230.0,231.25,219.05,4580315432.25,100806820000,2019-11-08 23:59:59
2019-11-11,230.375,234.75,236.7,228.375,4459479935.95,95332660000,2019-11-11 23:59:59
2019-11-12,234.97500000000002,235.0,240.0,232.975,3567623297.25,75167860000,2019-11-12 23:59:59
2019-11-13,234.175,236.64999999999998,240.0,229.75,3333478094.3,71195710000,2019-11-13 23:59:59
2019-11-14,237.5,235.32500000000002,239.4,232.32500000000005,2255223568.1,47914520000,2019-11-14 23:59:59
2019-11-15,235.29999999999998,234.60000000000002,235.72500000000002,232.65,1086673223.95,23204580000,2019-11-15 23:59:59
2019-11-18,233.77499999999998,231.0,236.1,230.7,1152608291.4,24715930000,2019-11-18 23:59:59
2019-11-19,231.3,232.3,234.75,230.5,1060893257.35,22817710000,2019-11-19 23:59:59
2019-11-20,230.7,230.0,232.25,228.67499999999998,1155919172.65,25076850000,2019-11-20 23:59:59
2019-11-21,229.50000000000003,229.97499999999997,231.875,227.8,985547895.9,21408010000,2019-11-21 23:59:59
2019-11-22,230.175,230.95000000000002,231.79999999999998,229.60000000000002,675940584.45,14648100000,2019-11-22 23:59:59
2019-11-25,231.14999999999998,231.25,232.95,230.5,488198186.2,10532000000,2019-11-25 23:59:59
2019-11-26,231.49999999999997,229.375,231.82500000000002,228.525,1006585279.8,21916290000,2019-11-26 23:59:59
2019-11-27,229.35,229.0,230.0,228.77499999999998,479994594.85,10459450000,2019-11-27 23:59:59
2019-11-28,229.04999999999998,227.14999999999998,229.67499999999995,226.5,827355782.5,18181300000,2019-11-28 23:59:59
2019-11-29,226.79999999999998,226.65,228.4,225.45,911498573.7,20112070000,2019-11-29 23:59:59
2019-12-02,227.5,224.57499999999996,228.14999999999995,223.825,1148902024.45,25424410000,2019-12-02 23:59:59
2019-12-03,224.32500000000002,221.225,224.825,220.075,1293719363.45,29181220000,2019-12-03 23:59:59
2019-12-04,220.65,222.97500000000002,223.92499999999998,219.525,915260820.2,20635620000,2019-12-04 23:59:59
2019-12-05,223.425,223.575,224.22500000000002,221.34999999999994,522420053.3,11720720000,2019-12-05 23:59:59
2019-12-06,223.575,226.375,226.375,223.1,763209445.3,16962870000,2019-12-06 23:59:59
2019-12-09,226.35,227.25,227.25,224.07500000000002,825645262.3,18242500000,2019-12-09 23:59:59
2019-12-10,226.10000000000002,225.85000000000002,228.25000000000003,224.825,813919617.2,17959850000,2019-12-10 23:59:59
2019-12-11,225.925,226.52499999999998,227.42499999999998,225.5,558513409.8,12330540000,2019-12-11 23:59:59
2019-12-12,226.775,226.775,227.25,225.37499999999997,759696215.15,16774560000,2019-12-12 23:59:59
2019-12-13,227.375,231.75,232.79999999999998,227.00000000000003,1997317503.55,43271730000,2019-12-13 23:59:59
2019-12-16,231.89999999999998,232.55,234.92499999999998,231.75,1263601190.6,27047280000,2019-12-16 23:59:59
2019-12-17,233.10000000000002,232.75,233.925,232.10000000000002,682533202.05,14654050000,2019-12-17 23:59:59
2019-12-18,232.7,234.60000000000002,235.0,230.95000000000002,1028001319.0,22032700000,2019-12-18 23:59:59
2019-12-19,234.20000000000005,232.57500000000002,236.07499999999996,230.0,1631039815.85,34847580000,2019-12-19 23:59:59
2019-12-20,233.04999999999998,231.49999999999997,233.475,230.54999999999998,799593570.75,17237600000,2019-12-20 23:59:59
2019-12-23,231.525,232.52499999999998,233.275,231.525,547040161.9,11769950000,2019-12-23 23:59:59
2019-12-24,233.4,231.75,233.525,231.49999999999997,445262487.45,9577350000,2019-12-24 23:59:59
2019-12-25,231.99999999999997,229.9,232.42499999999998,229.65,573581459.75,12430690000,2019-12-25 23:59:59
2019-12-26,229.97499999999997,230.0,230.80000000000004,229.35,465472741.65,10110880000,2019-12-26 23:59:59
2019-12-27,230.5,229.39999999999998,230.85000000000002,228.77499999999998,717174639.65,15598600000,2019-12-27 23:59:59
2019-12-30,229.95000000000002,229.50000000000003,230.95000000000002,229.32500000000002,545894082.7,11859280000,2019-12-30 23:59:59
2020-01-03,230.725,231.20000000000002,231.7,229.97499999999997,549559279.9,11909550000,2020-01-03 23:59:59
2020-01-06,230.54999999999998,230.54999999999998,230.97500000000002,229.65,368895793.95,8017580000,2020-01-06 23:59:59
2020-01-08,231.05,232.62499999999997,235.0,231.0,1347597297.1,28820270000,2020-01-08 23:59:59
2020-01-09,234.14999999999998,235.37500000000003,236.5,232.875,1387380128.5,29512690000,2020-01-09 23:59:59
2020-01-10,235.75,238.00000000000003,239.45000000000002,235.02499999999998,1422514401.85,29926040000,2020-01-10 23:59:59
2020-01-13,238.5,240.30000000000004,241.25,238.05,1565494120.5,32648660000,2020-01-13 23:59:59
2020-01-14,240.75,236.3,242.12500000000006,235.50000000000003,1891973977.5,39584050000,2020-01-14 23:59:59
2020-01-15,236.1,234.02500000000003,240.75,233.5,2833190981.85,59834060000,2020-01-15 23:59:59
2020-01-16,235.1,239.12499999999997,239.12499999999997,235.0,1464964639.5,30869390000,2020-01-16 23:59:59
2020-01-17,239.04999999999998,240.175,240.99999999999997,238.5,1344876338.45,28034470000,2020-01-17 23:59:59
2020-01-20,241.22500000000002,240.07500000000002,244.20000000000002,240.0,2173621015.9,44846630000,2020-01-20 23:59:59
2020-01-21,240.07500000000002,249.05,251.25000000000003,237.07500000000002,7722363226.85,156573160000,2020-01-21 23:59:59
2020-01-22,249.5,244.85,251.25000000000003,244.42499999999998,2566588622.65,51858400000,2020-01-22 23:59:59
2020-01-23,242.975,242.5,247.25,240.99999999999997,2110177413.3,43270260000,2020-01-23 23:59:59
2020-01-24,243.85,240.0,245.57499999999996,240.0,1939133089.05,39924570000,2020-01-24 23:59:59
2020-01-27,237.5,234.1,238.35,231.25,2389715407.65,50776730000,2020-01-27 23:59:59
2020-01-28,235.60000000000002,236.0,236.475,232.125,1223115679.9,26075830000,2020-01-28 23:59:59
2020-01-29,236.75000000000003,237.7,238.90000000000006,235.0,1636135994.3,34516560000,2020-01-29 23:59:59
2020-01-30,236.625,235.225,238.675,235.05,1064965022.25,22479350000,2020-01-30 23:59:59
2020-01-31,237.05,231.99999999999997,237.79999999999998,231.99999999999997,1414196588.0,30120300000,2020-01-31 23:59:59
2020-02-03,230.0,230.74999999999997,232.82500000000002,229.175,1351918069.3,29255480000,2020-02-03 23:59:59
2020-02-04,231.79999999999998,236.275,237.17499999999998,231.65,1811987712.65,38560410000,2020-02-04 23:59:59
2020-02-05,236.625,238.4,240.875,235.125,1887077447.3,39548110000,2020-02-05 23:59:59
2020-02-06,240.0,240.375,241.74999999999997,238.55,1460423331.05,30435590000,2020-02-06 23:59:59
2020-02-07,240.2,240.45000000000002,241.15,237.0,841768004.35,17589390000,2020-02-07 23:59:59
2020-02-10,240.99999999999997,237.0,242.5,237.0,1669281970.05,34916240000,2020-02-10 23:59:59
2020-02-11,238.00000000000003,237.20000000000005,238.95000000000002,237.1,1333694144.1,28048400000,2020-02-11 23:59:59
2020-02-12,237.5,239.35000000000002,240.25,237.25000000000003,941176153.7,19686100000,2020-02-12 23:59:59
2020-02-13,238.90000000000006,240.0,241.8,237.925,1377181143.85,28699430000,2020-02-13 23:59:59
2020-02-14,240.525,239.42499999999998,241.25,238.675,558191189.6,11631800000,2020-02-14 23:59:59
2020-02-17,240.47500000000002,240.47500000000002,240.9,239.4,442462909.3,9212240000,2020-02-17 23:59:59
2020-02-18,239.625,236.02499999999998,239.97500000000002,236.0,1129018837.0,23776690000,2020-02-18 23:59:59
2020-02-19,237.1,237.35,237.89999999999998,236.4,655205703.45,13813580000,2020-02-19 23:59:59
2020-02-20,238.00000000000003,237.54999999999998,238.925,237.54999999999998,601877594.45,12629910000,2020-02-20 23:59:59
2020-02-21,236.875,239.8,240.49999999999997,236.0,948097720.45,19858660000,2020-02-21 23:59:59
2020-02-25,236.85000000000002,236.475,241.375,236.1,2534910827.4,53161810000,2020-02-25 23:59:59
2020-02-26,235.25,236.15,238.7,232.6,2471940020.3,52366390000,2020-02-26 23:59:59
2020-02-27,234.72499999999997,226.95,235.64999999999998,226.55,2147760874.75,46448270000,2020-02-27 23:59:59
2020-02-28,221.00000000000003,216.65,222.47500000000002,212.14999999999998,3862404888.0,89304060000,2020-02-28 23:59:59
2020-03-02,220.85,214.99999999999997,222.2,213.075,2810055392.05,64404120000,2020-03-02 23:59:59
2020-03-03,218.64999999999998,216.275,220.95000000000005,214.17499999999998,2211367491.2,50770690000,2020-03-03 23:59:59
2020-03-04,214.17499999999998,215.775,219.0,213.49999999999997,1255430172.25,28914560000,2020-03-04 23:59:59
2020-03-05,217.875,215.35,218.9,214.625,1100411612.9,25439920000,2020-03-05 23:59:59
2020-03-06,213.0,206.1,213.0,204.17499999999998,2593763215.95,62608260000,2020-03-06 23:59:59
2020-03-10,185.5,187.25,198.5,173.9,3872200100.1,101031410000,2020-03-10 23:59:59
2020-03-11,191.5,181.775,191.5,180.85,2181638639.4,58794660000,2020-03-11 23:59:59
2020-03-12,174.975,155.60000000000002,174.975,153.67499999999998,4854860225.95,147127700000,2020-03-12 23:59:59
2020-03-13,158.775,157.875,164.975,156.0,4197267474.5,130916070000,2020-03-13 23:59:59
2020-03-16,151.65,150.75,154.725,143.775,3578250562.0,118854640000,2020-03-16 23:59:59
2020-03-17,151.1,148.675,157.20000000000002,144.525,2720633058.8,90650580000,2020-03-17 23:59:59
2020-03-18,145.5,140.69999999999996,146.95000000000002,138.0,2593257197.2,90604990000,2020-03-18 23:59:59
2020-03-19,142.5,152.85,153.25,139.275,2981147326.5,101200110000,2020-03-19 23:59:59
2020-03-20,155.82500000000002,157.5,165.125,155.45,3764067957.65,117473160000,2020-03-20 23:59:59
2020-03-23,150.25,158.00000000000003,162.37499999999997,150.25,2511120441.25,80082710000,2020-03-23 23:59:59
2020-03-24,165.125,164.4,167.475,162.0,2081718721.15,63291310000,2020-03-24 23:59:59
2020-03-25,168.0,164.0,177.425,158.5,4416428023.25,131955800000,2020-03-25 23:59:59
2020-03-26,163.47500000000002,162.5,167.0,160.49999999999997,2109544571.05,64717070000,2020-03-26 23:59:59
2020-03-27,164.75,155.5,164.75,154.275,1921554769.4,60796540000,2020-03-27 23:59:59
2020-03-30,153.7,158.25,158.975,149.1,2411365420.8,78153550000,2020-03-30 23:59:59
2020-03-31,161.725,162.99999999999997,163.47500000000002,158.975,2335547554.200001,72341470000,2020-03-31 20:30:07
2020-04-01,158.20000000000002,160.15,161.9,157.79999999999998,1852811346.45,57942320000,2020-04-01 23:59:59
2020-04-02,163.85,160.875,164.975,155.875,2690679320.3,83791020000,2020-04-02 23:59:59
2020-04-03,160.0,160.39999999999998,162.99999999999997,159.125,2234093300.45,69403500000,2020-04-03 23:59:59
2020-04-06,162.5,168.35,169.3,161.85000000000002,2816946600.7,85024250000,2020-04-06 23:59:59
2020-04-07,170.75,171.85,176.0,170.125,4501504719.25,129602330000,2020-04-07 23:59:59
2020-04-08,171.85,175.00000000000003,175.00000000000003,169.6,2177946994.85,62953000000,2020-04-08 23:59:59
2020-04-09,178.02499999999998,182.0,184.70000000000002,176.87499999999997,4568638059.0,126405020000,2020-04-09 23:59:59
2020-04-10,181.00000000000003,182.95,183.9,177.49999999999997,2300366140.85,63274590000,2020-04-10 23:59:59
2020-04-13,182.87500000000003,179.5,185.625,179.075,2562187731.0,70638440000,2020-04-13 23:59:59
2020-04-14,182.0,177.07500000000002,182.25000000000003,175.975,2090814270.9,58137130000,2020-04-14 23:59:59
2020-04-15,175.6,166.2,175.925,165.87500000000003,3058410763.35,89841270000,2020-04-15 23:59:59
2020-04-16,167.45,170.0,172.32500000000002,163.5,2946299603.9,87102260000,2020-04-16 23:59:59
2020-04-17,174.0,171.5,174.0,170.0,1394950592.75,40591000000,2020-04-17 23:59:59
2020-04-20,169.5,169.025,171.375,168.0,1380480365.75,40668330000,2020-04-20 23:59:59
2020-04-21,166.54999999999998,165.5,166.9,163.20000000000002,2004477263.9,60632240000,2020-04-21 23:59:59
2020-04-22,164.75,170.0,170.85,163.55,1874960489.3,55754430000,2020-04-22 23:59:59
2020-04-23,171.25,171.35000000000002,172.275,169.10000000000002,1491680051.2,43622580000,2020-04-23 23:59:59
2020-04-24,170.475,168.525,170.8,168.0,1211180904.0,35756070000,2020-04-24 23:59:59
2020-04-27,168.5,169.5,170.42499999999998,168.25,776451803.6,22889990000,2020-04-27 23:59:59
2020-04-28,169.375,172.50000000000003,175.00000000000003,168.925,1959524380.3,56795800000,2020-04-28 23:59:59
2020-04-29,173.75000000000003,175.975,176.14999999999998,173.25,1360955283.75,38851640000,2020-04-29 23:59:59
2020-04-30,178.0,174.5,179.17499999999998,173.79999999999998,1556660860.9,44164690000,2020-04-30 23:59:59
2020-05-04,172.50000000000003,174.3,175.5,170.525,1138975268.45,32897410000,2020-05-04 23:59:59
2020-05-05,176.325,177.375,178.275,175.79999999999998,1060435681.5,29973320000,2020-05-05 23:59:59
2020-05-06,177.475,176.55,179.47500000000002,176.525,1179047699.85,33139220000,2020-05-06 23:59:59
2020-05-07,177.25,177.65,179.7,176.87499999999997,958549742.35,26874870000,2020-05-07 23:59:59
2020-05-08,178.05,176.87499999999997,178.92499999999998,175.25,965429749.95,27298050000,2020-05-08 23:59:59
2020-05-12,176.8,175.925,177.55,175.5,719283307.0,20395570000,2020-05-12 23:59:59
2020-05-13,175.00000000000003,171.025,175.20000000000002,171.025,1198629805.45,34688080000,2020-05-13 23:59:59
2020-05-14,170.20000000000002,171.55,172.50000000000003,169.57500000000002,989305185.45,28918490000,2020-05-14 23:59:59
2020-05-15,173.1,171.07500000000002,174.25,171.07500000000002,748585655.7,21677280000,2020-05-15 23:59:59
2020-05-18,173.1,174.95,175.225,172.50000000000003,887758081.85,25536360000,2020-05-18 23:59:59
2020-05-19,175.5,174.15,177.15,173.35,1055293149.05,30088980000,2020-05-19 23:59:59
2020-05-20,173.975,176.04999999999998,176.175,173.15,976931713.45,27893940000,2020-05-20 23:59:59
2020-05-21,176.3,174.79999999999998,177.1,173.925,1199523908.15,34193070000,2020-05-21 23:59:59
2020-05-22,173.5,173.35,174.4,172.64999999999998,736947771.95,21239030000,2020-05-22 23:59:59
2020-05-25,174.025,175.025,175.45000000000002,174.025,417466069.55,11943430000,2020-05-25 23:59:59
2020-05-26,175.9,175.5,177.85,175.3,1015103200.7,28693510000,2020-05-26 23:59:59
2020-05-27,175.45000000000002,176.95,178.25,175.25,1287902295.2,36437990000,2020-05-27 23:59:59
2020-05-28,177.975,179.85000000000002,180.3,177.04999999999998,1434052660.75,40127180000,2020-05-28 23:59:59
2020-05-29,179.5,181.55,181.55,176.5,1471491886.1,41176300000,2020-05-29 23:59:59
2020-06-01,182.1,183.2,183.65,181.35,1404515718.8,38481470000,2020-06-01 23:59:59
2020-06-02,183.70000000000002,185.875,185.875,183.25,1700680971.8,46046810000,2020-06-02 23:59:59
2020-06-03,186.3,189.9,189.9,186.25,1730421692.35,45953780000,2020-06-03 23:59:59
2020-06-04,189.35,185.75,189.50000000000003,184.0,1788951383.65,48038880000,2020-06-04 23:59:59
2020-06-05,186.55,187.97500000000002,188.375,185.95000000000002,1178618729.5,31463070000,2020-06-05 23:59:59
2020-06-08,188.75,188.475,189.725,187.0,1395256551.2,36997900000,2020-06-08 23:59:59
2020-06-09,189.0,188.5,189.175,185.825,1043110675.85,27801740000,2020-06-09 23:59:59
2020-06-10,188.85,187.9,189.07500000000002,186.82500000000002,855350224.7,22764120000,2020-06-10 23:59:59
2020-06-11,186.35,183.725,186.4,182.2,1356638526.15,36959020000,2020-06-11 23:59:59
2020-06-15,180.75,184.22500000000002,185.25,179.15,1052669030.45,28893720000,2020-06-15 23:59:59
2020-06-16,185.99999999999997,184.4,187.14999999999998,184.0,959110152.65,25790530000,2020-06-16 23:59:59
2020-06-17,184.6,182.5,185.79999999999998,182.25000000000003,914193318.9,24866380000,2020-06-17 23:59:59
2020-06-18,182.14999999999998,179.5,182.475,179.15,1180310959.0,32679350000,2020-06-18 23:59:59
2020-06-19,180.6,176.275,181.75,176.275,1922444938.0,53976150000,2020-06-19 23:59:59
2020-06-22,177.0,177.825,178.74999999999997,176.14999999999998,1299660296.85,36664210000,2020-06-22 23:59:59
2020-06-23,177.725,177.70000000000002,179.4,177.15,732281368.3,20512740000,2020-06-23 23:59:59
2020-06-25,175.52499999999998,178.0,178.0,174.875,929924700.5,26359740000,2020-06-25 23:59:59
2020-06-26,177.9,175.75,178.5,175.20000000000002,686078886.95,19433400000,2020-06-26 23:59:59
2020-06-29,175.875,177.425,177.55,174.225,682569632.6,19417280000,2020-06-29 23:59:59
2020-06-30,177.1,175.25,177.75,174.6,754505239.25,21458800000,2020-06-30 23:59:59
2020-07-02,175.65,177.04999999999998,177.9,175.65,765163418.9,21612520000,2020-07-02 23:59:59
2020-07-03,177.575,178.35,178.475,176.9,603510182.05,16978650000,2020-07-03 23:59:59
2020-07-06,179.875,180.4,180.79999999999998,179.0,929183566.65,25804320000,2020-07-06 23:59:59
2020-07-07,179.975,178.675,180.0,178.275,755561756.2,21095430000,2020-07-07 23:59:59
2020-07-08,178.525,177.55,178.74999999999997,176.375,1014592964.55,28616380000,2020-07-08 23:59:59
2020-07-09,178.2,175.875,178.2,175.00000000000003,901366630.05,25571990000,2020-07-09 23:59:59
2020-07-10,174.7,176.175,176.275,174.3,754910362.0,21517570000,2020-07-10 23:59:59
2020-07-13,176.8,175.00000000000003,176.97500000000002,174.775,765450568.4,21755330000,2020-07-13 23:59:59
2020-07-14,175.05,174.57500000000002,175.275,170.9,1291781690.9,37320990000,2020-07-14 23:59:59
2020-07-15,175.00000000000003,174.975,175.275,173.7,711928780.35,20380650000,2020-07-15 23:59:59
2020-07-16,173.79999999999998,174.05,174.7,173.12500000000003,505393099.45,14545360000,2020-07-16 23:59:59
2020-07-17,174.075,174.0,174.4,173.02499999999998,536432351.25,15442940000,2020-07-17 23:59:59
2020-07-20,174.0,185.5,185.675,173.25,3887416342.8,107900140000,2020-07-20 23:59:59
2020-07-21,185.75,190.35,193.6,185.75,5356322975.65,140523650000,2020-07-21 23:59:59
2020-07-22,189.92499999999998,189.45,191.75,187.6,1909088797.15,50343730000,2020-07-22 23:59:59
2020-07-23,190.725,187.325,191.025,185.79999999999998,1433513481.1,37908140000,2020-07-23 23:59:59
2020-07-24,187.45000000000002,189.75,190.12500000000003,185.6,1112095431.7,29501100000,2020-07-24 23:59:59
2020-07-27,190.5,196.05,197.5,190.22500000000002,3544192884.65,90604760000,2020-07-27 23:59:59
2020-07-28,196.5,194.525,197.57500000000002,193.7,1255526768.3,32229060000,2020-07-28 23:59:59
2020-07-29,194.1,196.2,196.475,192.49999999999997,1572952452.65,40381380000,2020-07-29 23:59:59
2020-07-30,192.49999999999997,193.04999999999998,195.575,191.25,1746401394.65,45253480000,2020-07-30 23:59:59
2020-07-31,192.20000000000002,193.77499999999998,194.49999999999997,192.20000000000002,1095743839.15,28315540000,2020-07-31 23:59:59
2020-08-03,194.175,200.625,200.67499999999998,193.80000000000004,2640953027.55,66517620000,2020-08-03 23:59:59
2020-08-04,201.0,201.92499999999998,203.52499999999995,199.24999999999997,1758379096.0,43705150000,2020-08-04 23:59:59
2020-08-05,202.64999999999998,192.75,203.625,190.54999999999998,7253518468.7,187088610000,2020-08-05 23:59:59
2020-08-06,192.79999999999998,189.15,193.9,187.14999999999998,3254746312.75,85657880000,2020-08-06 23:59:59
2020-08-07,189.1,183.60000000000002,189.70000000000002,182.97500000000002,3715065787.1,100285270000,2020-08-07 23:59:59
2020-08-10,183.50000000000003,183.775,185.25,182.55,1474899305.55,40059580000,2020-08-10 23:59:59
2020-08-11,183.25,184.64999999999998,187.275,183.025,2193169529.7,59060670000,2020-08-11 23:59:59
2020-08-12,185.85,188.39999999999998,188.5,184.675,1495584697.95,39962170000,2020-08-12 23:59:59
2020-08-13,187.95,188.2,189.92499999999998,187.275,1303649694.0,34535440000,2020-08-13 23:59:59
2020-08-14,188.9,188.6,189.225,186.375,943049561.6,25084530000,2020-08-14 23:59:59
2020-08-17,189.25,188.04999999999998,190.5,186.85,1360532248.65,36069770000,2020-08-17 23:59:59
2020-08-18,187.875,186.775,188.67499999999998,185.85,728402791.55,19458890000,2020-08-18 23:59:59
2020-08-19,186.6,187.225,188.29999999999998,186.225,677661803.3,18066600000,2020-08-19 23:59:59
2020-08-20,186.62499999999997,184.85000000000002,186.72500000000002,183.55,1074095806.65,29008710000,2020-08-20 23:59:59
2020-08-21,185.05,181.8,185.5,180.37500000000003,1265693416.4,34656660000,2020-08-21 23:59:59
2020-08-24,182.29999999999998,181.575,183.29999999999998,180.025,1491170718.6,41049570000,2020-08-24 23:59:59
2020-08-25,181.6,179.25,182.29999999999998,178.25,1303985308.35,36272520000,2020-08-25 23:59:59
2020-08-26,178.95000000000002,180.325,180.4,176.8,1138074254.8,31798930000,2020-08-26 23:59:59
2020-08-27,180.25,180.45,181.85,179.75,808870492.25,22391500000,2020-08-27 23:59:59
2020-08-28,180.775,179.75,181.375,179.0,543452277.15,15121180000,2020-08-28 23:59:59
2020-08-31,180.3,176.87499999999997,180.975,175.275,1062231833.45,29831200000,2020-08-31 23:59:59
2020-09-01,177.175,180.325,180.42499999999998,176.85,879727612.35,24617740000,2020-09-01 23:59:59
2020-09-02,180.5,177.775,180.79999999999998,175.79999999999998,1069672816.0,29992580000,2020-09-02 23:59:59
2020-09-03,177.67499999999998,175.4,178.1,174.625,1202169700.9,34146140000,2020-09-03 23:59:59
2020-09-04,174.925,176.67499999999998,177.0,174.025,738517413.85,20974240000,2020-09-04 23:59:59
2020-09-07,176.24999999999997,176.04999999999998,177.225,175.42499999999998,498809455.55,14155070000,2020-09-07 23:59:59
2020-09-08,176.24999999999997,174.125,176.42499999999998,172.50000000000003,935808962.55,26895620000,2020-09-08 23:59:59
2020-09-09,174.15,175.15,175.3,173.54999999999998,517167055.1,14808510000,2020-09-09 23:59:59
2020-09-10,175.25,175.75,177.425,173.075,865210497.35,24680060000,2020-09-10 23:59:59
2020-09-11,176.2,177.1,177.2,175.45000000000002,468069850.95,13257920000,2020-09-11 23:59:59
2020-09-14,177.65,179.0,179.375,177.39999999999998,873907135.35,24480920000,2020-09-14 23:59:59
2020-09-15,179.15,180.925,181.25,178.175,897742672.25,24933190000,2020-09-15 23:59:59
2020-09-16,181.20000000000002,178.975,181.72500000000002,178.425,793501236.8,22062020000,2020-09-16 23:59:59
2020-09-17,178.05,178.525,178.85000000000002,176.725,870344625.65,24480770000,2020-09-17 23:59:59
2020-09-18,178.8,177.45000000000002,179.0,176.275,795133630.75,22396030000,2020-09-18 23:59:59
2020-09-21,177.375,174.27499999999998,177.375,172.75,944957515.75,27058740000,2020-09-21 23:59:59
2020-09-22,174.17499999999998,173.17499999999998,175.575,171.5,1766978836.55,51071170000,2020-09-22 23:59:59
2020-09-23,173.0,171.77499999999998,174.37500000000003,171.5,946317060.65,27369640000,2020-09-23 23:59:59
2020-09-24,170.7,171.375,173.0,170.1,1214334217.85,35481010000,2020-09-24 23:59:59
2020-09-25,171.70000000000002,171.125,171.95,169.55,639802014.65,18763710000,2020-09-25 23:59:59
2020-09-28,171.275,172.475,172.95000000000002,170.85,632715935.3,18386560000,2020-09-28 23:59:59
2020-09-29,172.50000000000003,172.9,174.4,168.15,1152861540.2,33614040000,2020-09-29 23:59:59
2020-09-30,172.725,172.375,173.75000000000003,171.35000000000002,670473188.45,19438520000,2020-09-30 23:59:59
2020-10-01,173.22500000000002,171.25,173.525,170.75,482164010.8,14037380000,2020-10-01 23:59:59
2020-10-02,168.7,169.17499999999998,169.5,167.54999999999998,665644179.05,19757220000,2020-10-02 23:59:59
2020-10-05,169.75,168.75,169.9,168.0,499483503.15,14806130000,2020-10-05 23:59:59
2020-10-06,168.725,168.95000000000002,170.325,168.47500000000002,482216104.45,14221960000,2020-10-06 23:59:59
2020-10-07,168.99999999999997,167.02499999999998,169.75,165.95,795693241.3,23753780000,2020-10-07 23:59:59
2020-10-08,167.0,166.975,167.525,165.275,618626122.65,18563020000,2020-10-08 23:59:59
2020-10-09,167.375,166.025,167.375,165.025,463560004.75,13953360000,2020-10-09 23:59:59
2020-10-12,165.97500000000002,166.15,167.7,165.575,444534795.55,13353250000,2020-10-12 23:59:59
2020-10-13,165.9,165.2,166.9,164.575,403061683.7,12164670000,2020-10-13 23:59:59
2020-10-14,164.82500000000002,166.125,166.475,164.025,425559690.55,12838710000,2020-10-14 23:59:59
2020-10-15,165.6,163.275,165.92499999999998,162.025,819064901.65,25034160000,2020-10-15 23:59:59
2020-10-16,162.99999999999997,160.1,163.375,160.025,643403969.2,19953610000,2020-10-16 23:59:59
2020-10-19,160.60000000000002,158.62500000000003,161.475,158.125,679118589.25,21276610000,2020-10-19 23:59:59
2020-10-20,159.0,169.45000000000002,169.9,157.5,3564651813.8,107520980000,2020-10-20 23:59:59
2020-10-21,169.79999999999998,168.0,173.35,166.625,3130467467.45,91922600000,2020-10-21 23:59:59
2020-10-22,167.0,173.2,173.9,166.25,2247237088.4,65648000000,2020-10-22 23:59:59
2020-10-23,173.05,173.925,175.72500000000002,171.35000000000002,1360727445.2,39225860000,2020-10-23 23:59:59
2020-10-26,173.625,170.575,173.64999999999998,169.42499999999998,916579869.15,26684250000,2020-10-26 23:59:59
2020-10-27,170.8,167.175,172.125,167.0,802042622.55,23796420000,2020-10-27 23:59:59
2020-10-28,167.175,161.12499999999997,167.175,161.0,1168649301.35,35777770000,2020-10-28 23:59:59
2020-10-29,161.85000000000002,163.79999999999998,165.5,160.25,1278638819.2,39284930000,2020-10-29 23:59:59
2020-10-30,162.37499999999997,163.325,166.1,161.1,995555086.9,30379460000,2020-10-30 23:59:59
2020-11-02,163.15,164.325,164.575,160.49999999999997,802454874.8,24608640000,2020-11-02 23:59:59
2020-11-03,165.0,164.77499999999998,166.475,163.52499999999998,1133009736.45,34418860000,2020-11-03 23:59:59
2020-11-05,167.1,168.225,168.95000000000002,165.77499999999998,1353704999.15,40427060000,2020-11-05 23:59:59
2020-11-06,167.85000000000002,168.025,168.625,166.0,787069073.25,23497920000,2020-11-06 23:59:59
2020-11-09,169.5,171.95,173.1,168.125,2227259631.9,65190950000,2020-11-09 23:59:59
2020-11-10,171.9,173.2,174.17499999999998,170.82500000000002,1254123821.9,36265150000,2020-11-10 23:59:59
2020-11-11,173.54999999999998,170.7,176.1,170.6,2060325108.05,59201710000,2020-11-11 23:59:59
2020-11-12,170.0,179.675,183.025,169.25,3855408444.6,108567640000,2020-11-12 23:59:59
2020-11-13,179.64999999999998,183.0,185.25,178.725,3921926587.35,107156980000,2020-11-13 23:59:59
2020-11-16,184.74999999999997,185.99999999999997,186.5,183.025,3223368638.7,87168040000,2020-11-16 23:59:59
2020-11-17,185.95000000000002,181.00000000000003,186.225,179.5,2442726499.35,67093790000,2020-11-17 23:59:59
2020-11-18,180.05,180.25,183.39999999999998,177.175,1556731630.65,42886420000,2020-11-18 23:59:59
2020-11-19,180.25,180.5,181.325,178.45,979565962.05,27247570000,2020-11-19 23:59:59
2020-11-20,180.5,182.725,184.22500000000002,180.25,1261359108.75,34485610000,2020-11-20 23:59:59
2020-11-23,183.35,182.65,185.0,181.275,1166008128.0,31805190000,2020-11-23 23:59:59
2020-11-24,183.475,184.675,184.975,182.175,1158534339.9,31575580000,2020-11-24 23:59:59
2020-11-25,184.70000000000002,184.1,185.75,182.225,1897712850.3,51552500000,2020-11-25 23:59:59
2020-11-26,184.32500000000002,185.0,187.20000000000002,183.0,2650035241.4,71428160000,2020-11-26 23:59:59
2020-11-27,185.5,188.825,191.0,183.92499999999998,4167522501.85,110563390000,2020-11-27 23:59:59
2020-11-30,188.525,186.05,189.25,185.025,1668342028.65,44631670000,2020-11-30 23:59:59
2020-12-01,186.925,188.5,189.125,186.35,1122499838.35,29865660000,2020-12-01 23:59:59
2020-12-02,187.75,189.85,190.25,187.35000000000002,1257862463.95,33249460000,2020-12-02 23:59:59
2020-12-03,189.95000000000002,188.77499999999998,192.15000000000003,186.7,1756556529.2,46394130000,2020-12-03 23:59:59
2020-12-04,189.2,189.175,190.5,188.5,1515158375.7,39952560000,2020-12-04 23:59:59
2020-12-07,189.0,187.45000000000002,189.92499999999998,187.225,976865269.35,25906660000,2020-12-07 23:59:59
2020-12-08,187.42499999999998,187.4,189.0,185.25,981436821.65,26201790000,2020-12-08 23:59:59
2020-12-09,187.65,186.6,189.70000000000002,186.25,1176712936.6,31229180000,2020-12-09 23:59:59
2020-12-10,187.125,190.15,190.7,186.15,1810475469.6,47836870000,2020-12-10 23:59:59
2020-12-11,190.375,189.725,191.14999999999998,188.5,1357450556.35,35754990000,2020-12-11 23:59:59
2020-12-14,190.75000000000006,189.15,193.475,187.5,2440398742.0,63805610000,2020-12-14 23:59:59
2020-12-15,188.525,188.825,190.2,188.04999999999998,1485229388.75,39280020000,2020-12-15 23:59:59
2020-12-16,189.125,191.57500000000002,192.49999999999997,188.5,2466347963.6,64512440000,2020-12-16 23:59:59
2020-12-17,191.75,191.75,194.70000000000002,190.02499999999998,1863205630.85,48357600000,2020-12-17 23:59:59
2020-12-18,190.75000000000006,190.75000000000006,191.82500000000002,189.125,1131062740.1,29665660000,2020-12-18 23:59:59
2020-12-21,189.8,185.89999999999998,190.22500000000002,182.575,2176322548.35,58560480000,2020-12-21 23:59:59
2020-12-22,184.5,186.025,187.7,183.775,1036881843.65,27838570000,2020-12-22 23:59:59
2020-12-23,186.47500000000002,189.725,190.725,185.775,1254625383.3,33251380000,2020-12-23 23:59:59
2020-12-24,190.75000000000006,189.15,191.35,188.35000000000002,676633066.3,17867390000,2020-12-24 23:59:59
2020-12-25,189.2,189.75,190.375,189.0,375853818.6,9899430000,2020-12-25 23:59:59
2020-12-28,191.5,190.05,191.57500000000002,189.50000000000003,702235817.5,18439690000,2020-12-28 23:59:59
2020-12-29,190.9,188.77499999999998,191.1,187.325,630545923.85,16673280000,2020-12-29 23:59:59
2020-12-30,189.45,189.475,190.9,187.5,673135445.6,17776870000,2020-12-30 23:59:59
2021-01-04,190.5,189.625,192.6,189.0,914549701.85,23944330000,2021-01-04 23:59:59
2021-01-05,189.625,192.225,193.0,189.275,1102082784.3,28792370000,2021-01-05 23:59:59
2021-01-06,192.9,191.17499999999998,192.975,190.25,976682533.55,25475760000,2021-01-06 23:59:59
2021-01-08,192.57500000000002,194.70000000000002,195.475,192.225,1539974457.0,39651860000,2021-01-08 23:59:59
2021-01-11,193.725,199.45000000000002,200.25000000000006,192.05,2378880447.55,60323050000,2021-01-11 23:59:59
2021-01-12,200.225,200.875,202.75,198.75,2009167582.8,50005080000,2021-01-12 23:59:59
2021-01-13,201.0,198.675,202.29999999999998,197.54999999999998,1482782022.3,37111550000,2021-01-13 23:59:59
2021-01-14,198.94999999999996,199.375,200.49999999999997,196.3,1058014682.9,26622860000,2021-01-14 23:59:59
2021-01-15,198.675,197.79999999999998,207.2,196.0,3412889454.75,84249390000,2021-01-15 23:59:59
2021-01-18,196.875,195.8,197.20000000000005,193.77499999999998,1531602690.3,39201640000,2021-01-18 23:59:59
2021-01-19,197.35,193.225,197.37499999999997,192.75,1318168459.75,33876040000,2021-01-19 23:59:59
2021-01-20,193.4,193.95,194.55,193.0,961073181.2,24794300000,2021-01-20 23:59:59
2021-01-21,194.9,189.35,194.95,188.95,1448843543.05,37890030000,2021-01-21 23:59:59
2021-01-22,188.25000000000003,186.85,188.70000000000002,185.4,1250229937.85,33448360000,2021-01-22 23:59:59
2021-01-25,188.0,188.6,189.50000000000003,187.025,974142948.3,25857840000,2021-01-25 23:59:59
2021-01-26,187.75,188.6,189.125,186.75,698280481.65,18564990000,2021-01-26 23:59:59
2021-01-27,189.0,185.32500000000002,189.425,185.1,919874911.0,24568050000,2021-01-27 23:59:59
2021-01-28,185.0,185.45,186.6,182.0,1257202565.45,34129890000,2021-01-28 23:59:59
2021-01-29,184.675,183.175,184.775,182.75,817805630.7,22255430000,2021-01-29 23:59:59
2021-02-01,184.0,184.725,185.725,183.175,770417822.15,20879260000,2021-02-01 23:59:59
2021-02-02,185.5,184.725,187.65,184.25,1041117519.75,27939660000,2021-02-02 23:59:59
2021-02-03,185.7,185.0,186.875,183.75,837304980.0,22615290000,2021-02-03 23:59:59
2021-02-04,184.6,186.89999999999998,187.0,184.6,686291993.65,18429970000,2021-02-04 23:59:59
2021-02-05,187.275,189.425,190.375,186.57500000000002,1125067185.6,29792610000,2021-02-05 23:59:59
2021-02-08,190.1,191.425,191.7,190.1,767367746.75,20104930000,2021-02-08 23:59:59
2021-02-09,191.99999999999997,189.025,192.125,187.95,954871787.6,25175230000,2021-02-09 23:59:59
2021-02-10,189.25,186.85,190.35,186.4,634835427.2,16866700000,2021-02-10 23:59:59
2021-02-11,187.0,187.35000000000002,188.65,186.17499999999998,458692068.5,12237700000,2021-02-11 23:59:59
2021-02-12,186.57500000000002,188.425,188.45000000000002,184.725,750798193.1,20143020000,2021-02-12 23:59:59
2021-02-15,189.2,190.4,190.725,188.75,812603874.75,21421400000,2021-02-15 23:59:59
2021-02-16,190.75000000000006,189.45,191.125,188.5,595782198.05,15731190000,2021-02-16 23:59:59
2021-02-17,189.275,188.39999999999998,191.5,186.89999999999998,886071011.6,23409080000,2021-02-17 23:59:59
2021-02-18,188.67499999999998,184.70000000000002,188.67499999999998,183.775,956090032.4,25715150000,2021-02-18 23:59:59
2021-02-19,184.02499999999998,186.89999999999998,187.325,183.575,767723151.1,20674660000,2021-02-19 23:59:59
2021-02-20,186.45,186.55,186.89999999999998,185.75,115458940.1,3098180000,2021-02-20 23:59:59
2021-02-22,187.325,186.75,188.125,184.85000000000002,385149085.0,10337580000,2021-02-22 23:59:59
2021-02-24,185.99999999999997,187.4,187.9,185.54999999999998,620352413.25,16615080000,2021-02-24 23:59:59
2021-02-25,187.75,187.075,190.5,186.62499999999997,1379203784.1,36458160000,2021-02-25 23:59:59
2021-02-26,186.4,185.37499999999997,188.6,184.8,1250288399.65,33570090000,2021-02-26 23:59:59
2021-03-01,186.275,186.925,187.3,186.075,549488887.1,14719430000,2021-03-01 23:59:59
2021-03-02,186.47500000000002,188.025,188.65,185.625,739432957.75,19735210000,2021-03-02 23:59:59
2021-03-03,188.85,187.225,190.425,186.5,968477720.8,25685690000,2021-03-03 23:59:59
2021-03-04,187.4,184.875,188.77499999999998,184.25,1166908643.45,31210100000,2021-03-04 23:59:59
2021-03-05,185.825,187.95,188.0,184.825,965358936.35,25894490000,2021-03-05 23:59:59
2021-03-09,188.2,192.32499999999996,193.175,187.97500000000002,1564733742.3,40891710000,2021-03-09 23:59:59
2021-03-10,191.5,191.54999999999998,195.45,190.425,1017655078.95,26424890000,2021-03-10 23:59:59
2021-03-11,192.35,191.325,193.275,189.07500000000002,943072376.55,24737460000,2021-03-11 23:59:59
2021-03-12,191.4,190.875,191.47500000000002,189.875,489787465.6,12851650000,2021-03-12 23:59:59
2021-03-15,191.5,192.84999999999997,194.0,191.025,884248367.1,22968780000,2021-03-15 23:59:59
2021-03-16,192.45000000000005,193.82500000000002,194.60000000000002,191.5,741630750.35,19205050000,2021-03-16 23:59:59
2021-03-17,193.55,191.075,194.125,189.225,1003166104.35,26216840000,2021-03-17 23:59:59
2021-03-18,191.65,188.04999999999998,192.25,187.225,1000124956.25,26270740000,2021-03-18 23:59:59
2021-03-19,188.25000000000003,189.25,190.15,187.10000000000002,1051531956.3,27791790000,2021-03-19 23:59:59
2021-03-22,189.39999999999998,190.79999999999995,193.0,188.6,1131362183.55,29558520000,2021-03-22 23:59:59
2021-03-23,190.45,189.0,191.45,188.125,873355001.85,22980950000,2021-03-23 23:59:59
2021-03-24,189.95000000000002,189.575,190.97499999999997,189.07500000000002,524531222.8,13796240000,2021-03-24 23:59:59
2021-03-25,189.60000000000002,190.25,190.825,188.35000000000002,526069486.3,13874130000,2021-03-25 23:59:59
2021-03-26,190.5,191.89999999999998,192.3,190.5,462474451.0,12087100000,2021-03-26 23:59:59
2021-03-29,191.65,193.925,194.49999999999997,190.675,969284230.6,25068860000,2021-03-29 23:59:59
2021-03-30,194.75,199.3,199.67499999999998,194.25,1429378991.5,36327050000,2021-03-30 23:59:59
2021-03-31,199.575,213.57500000000002,214.45,199.24999999999997,7675764069.9,183384400000,2021-03-31 23:59:59
2021-04-01,214.99999999999997,212.9,218.175,211.49999999999994,4027067778.45,93832880000,2021-04-01 23:59:59
2021-04-02,214.05,214.27499999999998,215.875,210.35000000000002,1649323250.3,38690610000,2021-04-02 23:59:59
2021-04-05,214.3,221.875,222.14999999999998,213.625,3135339260.0,71705980000,2021-04-05 23:59:59
2021-04-06,222.42499999999998,214.50000000000003,224.675,214.15,4229155126.55,96213900000,2021-04-06 23:59:59
2021-04-07,214.50000000000003,220.5,221.99999999999997,213.37499999999994,2451176541.1,56021740000,2021-04-07 23:59:59
2021-04-08,221.9,220.27499999999998,224.9,219.32500000000002,2242377307.2,50377450000,2021-04-08 23:59:59
2021-04-09,220.29999999999998,218.75,220.725,217.0,1340874350.3,30692520000,2021-04-09 23:59:59
2021-04-12,218.07500000000005,220.1,222.5,216.75,1211060413.0,27505520000,2021-04-12 23:59:59
2021-04-13,221.34999999999994,227.40000000000003,227.5,220.82500000000002,2491209752.55,55400560000,2021-04-13 23:59:59
2021-04-14,228.6,233.8,235.89999999999998,228.125,3875319349.95,83229210000,2021-04-14 23:59:59
2021-04-15,229.50000000000003,231.775,233.525,228.225,1833631668.15,39619790000,2021-04-15 23:59:59
2021-04-16,233.77499999999998,237.37500000000006,237.7,232.82500000000002,2461879412.85,52252950000,2021-04-16 23:59:59
2021-04-19,238.00000000000003,232.10000000000002,239.0,231.75,2524982507.85,53903270000,2021-04-19 23:59:59
2021-04-20,233.375,234.125,240.99999999999997,229.62499999999997,6479612496.7,136890110000,2021-04-20 23:59:59
2021-04-21,233.82500000000002,239.29999999999995,239.75,232.475,3209997095.3,67800970000,2021-04-21 23:59:59
2021-04-22,240.0,240.0,241.34999999999997,236.1,2736606379.55,57180210000,2021-04-22 23:59:59
2021-04-23,240.8,256.8,257.5,240.47500000000002,9618114231.5,192194760000,2021-04-23 23:59:59
2021-04-26,258.99999999999994,256.575,260.8,252.05,5530143987.8,107433310000,2021-04-26 23:59:59
2021-04-27,256.575,256.475,258.84999999999997,254.4,3058009272.65,59692860000,2021-04-27 23:59:59
2021-04-28,258.5,251.65,258.6,250.7,3647054899.65,72041480000,2021-04-28 23:59:59
2021-04-29,253.1,250.04999999999998,256.2,247.25,3340622250.35,66675490000,2021-04-29 23:59:59
2021-04-30,249.125,258.0,258.4,247.775,3727843057.2,73640960000,2021-04-30 23:59:59
2021-05-04,259.45,273.475,274.5,258.6,7728791695.4,144393170000,2021-05-04 23:59:59
2021-05-05,274.15,270.625,278.27500000000003,267.65000000000003,4150192288.6,76302090000,2021-05-05 23:59:59
2021-05-06,271.0,271.425,274.22499999999997,267.825,2053865525.4,37973130000,2021-05-06 23:59:59
2021-05-07,272.475,263.625,272.75,262.1,3031816023.2,56926980000,2021-05-07 23:59:59
2021-05-10,265.0,254.47500000000002,265.975,251.1,3330038221.75,64939230000,2021-05-10 23:59:59
2021-05-11,253.50000000000006,247.9,258.2,247.5,4373764469.8,87188320000,2021-05-11 23:59:59
2021-05-12,249.25,243.025,250.49999999999997,242.02499999999998,4195138592.8,85049780000,2021-05-12 23:59:59
2021-05-13,243.625,255.275,256.3,242.85000000000002,3917015345.65,78539940000,2021-05-13 23:59:59
2021-05-14,256.5,250.375,257.75,248.0,2784527867.45,55320760000,2021-05-14 23:59:59
2021-05-17,251.62500000000006,239.8,251.675,238.82500000000002,5110050242.5,105454970000,2021-05-17 23:59:59
2021-05-18,240.75,228.35000000000002,242.89999999999998,228.0,10248373083.45,218991330000,2021-05-18 23:59:59
2021-05-19,225.99999999999997,226.5,237.1,220.55,15849709378.85,347106250000,2021-05-19 23:59:59
2021-05-20,227.45000000000002,231.6,233.35000000000002,223.85,6642965877.8,144574730000,2021-05-20 23:59:59
2021-05-21,232.20000000000002,228.025,232.20000000000002,225.79999999999998,3856620290.3,84414040000,2021-05-21 23:59:59
2021-05-24,229.04999999999998,227.075,230.375,225.725,2405427829.45,52735090000,2021-05-24 23:59:59
2021-05-25,227.25,226.79999999999998,228.27499999999998,225.75,1986310519.8,43748190000,2021-05-25 23:59:59
2021-05-26,227.97499999999994,237.42500000000004,238.85,227.57500000000005,8034090627.05,170850510000,2021-05-26 23:59:59
2021-05-27,237.1,243.47500000000002,245.95,234.1,9142050479.55,189409920000,2021-05-27 23:59:59
2021-05-28,244.45000000000002,241.975,245.45000000000002,239.14999999999998,2619067887.5,54170000000,2021-05-28 23:59:59
2021-05-31,242.00000000000003,243.75,244.85,242.00000000000003,1899605032.3,38982240000,2021-05-31 23:59:59
2021-06-01,244.5,247.74999999999997,250.25,243.75,4992632809.05,100717070000,2021-06-01 23:59:59
2021-06-02,248.0,249.6,249.72500000000002,244.3,2961136208.3,59829540000,2021-06-02 23:59:59
2021-06-03,250.475,246.92500000000004,251.475,244.575,2977639544.6,60119670000,2021-06-03 23:59:59
2021-06-04,247.175,243.075,247.22500000000005,239.29999999999995,3824352047.4,78832000000,2021-06-04 23:59:59
2021-06-07,242.00000000000003,243.975,245.3,241.525,1607867872.6,32929330000,2021-06-07 23:59:59
2021-06-08,243.025,250.0,250.49999999999997,242.95000000000002,3818549779.65,77005920000,2021-06-08 23:59:59
2021-06-09,250.32500000000002,255.82500000000002,255.975,250.125,3942199468.4,77691190000,2021-06-09 23:59:59
2021-06-10,256.0,251.29999999999998,256.8,250.15000000000003,2592656377.25,51286000000,2021-06-10 23:59:59
2021-06-11,252.125,252.02499999999995,254.79999999999998,249.7,2318222535.95,45933680000,2021-06-11 23:59:59
2021-06-14,252.45,249.675,253.72499999999997,248.99999999999997,1537333909.4,30648930000,2021-06-14 23:59:59
2021-06-15,250.0,245.825,251.475,244.025,2838516784.8,57347290000,2021-06-15 23:59:59
2021-06-16,245.87499999999997,241.9,248.10000000000002,239.47499999999997,3503729000.6,71934460000,2021-06-16 23:59:59
2021-06-17,240.92499999999998,242.30000000000004,243.6,238.90000000000006,2930300662.15,60685940000,2021-06-17 23:59:59
2021-06-18,242.2,236.725,242.4,236.0,3509611042.7,73770400000,2021-06-18 23:59:59
2021-06-21,235.95000000000002,241.32500000000002,242.5,233.5,2811766050.0,58898120000,2021-06-21 23:59:59
2021-06-22,242.52499999999995,241.12499999999997,243.15,239.5,1880762297.45,39051460000,2021-06-22 23:59:59
2021-06-23,241.675,241.12499999999997,243.05,239.67499999999998,1390231461.45,28804040000,2021-06-23 23:59:59
2021-06-24,241.95000000000005,242.5,246.07500000000002,240.2,2551546964.05,52390430000,2021-06-24 23:59:59
2021-06-25,243.25,243.17499999999998,244.7,241.525,1061956677.4,21849120000,2021-06-25 23:59:59
2021-06-28,244.17500000000004,248.05,248.62500000000003,231.65,2842800382.0,57720800000,2021-06-28 23:59:59
2021-06-29,247.525,243.3,248.0,240.75,2541964951.8,52177930000,2021-06-29 23:59:59
2021-06-30,244.00000000000006,242.375,244.9,238.00000000000003,3648421831.1,75766760000,2021-06-30 23:59:59
2021-07-01,242.825,244.575,245.5,242.45,1970532578.5,40345760000,2021-07-01 23:59:59
2021-07-02,244.5,243.85,245.05,242.75000000000003,1069111892.0,21938710000,2021-07-02 23:59:59
2021-07-05,244.5,252.725,253.875,243.55,3268434049.0,65528040000,2021-07-05 23:59:59
2021-07-06,253.6,247.40000000000006,254.37499999999997,245.52500000000006,3093586080.4,62108580000,2021-07-06 23:59:59
2021-07-07,248.45000000000002,247.0,249.65,245.325,2398787534.6,48489490000,2021-07-07 23:59:59
2021-07-08,245.5,243.47500000000002,245.825,242.00000000000003,2208651135.05,45351200000,2021-07-08 23:59:59
2021-07-09,244.00000000000006,244.975,245.87499999999997,242.1,1672078669.6,34227330000,2021-07-09 23:59:59
2021-07-12,245.87499999999997,244.45000000000002,246.49999999999997,242.775,1519851915.35,31075510000,2021-07-12 23:59:59
2021-07-13,244.975,241.12499999999997,245.275,240.60000000000005,1778965278.0,36670960000,2021-07-13 23:59:59
2021-07-14,235.29999999999998,236.54999999999998,237.37500000000006,234.60000000000002,1864525244.45,39409070000,2021-07-14 23:59:59
2021-07-15,236.5,235.95000000000002,239.24999999999997,234.39999999999998,1811872666.15,38177880000,2021-07-15 23:59:59
2021-07-16,235.95000000000002,236.24999999999997,238.75,235.29999999999998,1597211476.15,33683490000,2021-07-16 23:59:59
2021-07-19,235.50000000000003,230.0,236.07499999999996,228.425,2932712183.75,63337240000,2021-07-19 23:59:59
2021-07-20,230.54999999999998,231.25,232.62499999999997,229.0,1699677778.8,36798070000,2021-07-20 23:59:59
2021-07-21,231.25,234.65,235.0,230.05,1146940930.55,24714140000,2021-07-21 23:59:59
2021-07-22,235.02499999999998,233.8,237.05,232.975,1387944055.15,29547310000,2021-07-22 23:59:59
2021-07-23,234.525,233.67500000000004,235.225,232.65,1163916471.75,24867690000,2021-07-23 23:59:59
2021-07-26,232.55,232.9,233.925,231.625,1515899690.6,32573620000,2021-07-26 23:59:59
2021-07-27,232.375,231.17499999999998,233.475,230.0,2200690126.95,47609430000,2021-07-27 23:59:59
2021-07-28,231.7,240.0,240.75,231.14999999999998,2940207080.0,61946180000,2021-07-28 23:59:59
2021-07-29,240.9,241.8,245.0,239.225,2846377919.85,58818250000,2021-07-29 23:59:59
2021-07-30,241.8,242.30000000000004,244.22499999999997,238.35,3779175878.05,78405080000,2021-07-30 23:59:59
2021-08-02,244.5,243.925,247.0,242.925,2646319673.95,53898020000,2021-08-02 23:59:59
2021-08-03,244.125,244.975,246.425,240.49999999999997,1649107671.85,33810770000,2021-08-03 23:59:59
2021-08-04,245.5,245.625,245.9,244.22499999999997,1342023567.95,27363820000,2021-08-04 23:59:59
2021-08-05,245.97500000000002,248.40000000000003,249.97500000000002,245.0,2017976083.8,40718290000,2021-08-05 23:59:59
2021-08-06,248.62500000000003,249.72500000000002,251.62500000000006,246.825,2239106824.3,44808670000,2021-08-06 23:59:59
2021-08-09,248.99999999999997,255.02500000000003,257.25,247.0,3044290702.4,60263650000,2021-08-09 23:59:59
2021-08-10,256.575,259.25,260.625,255.5,3021444977.3,58438970000,2021-08-10 23:59:59
2021-08-11,259.5,265.6,265.675,257.875,3563310969.25,67710700000,2021-08-11 23:59:59
2021-08-12,265.75,260.375,267.0,259.05,3113276678.2,59329300000,2021-08-12 23:59:59
2021-08-13,260.34999999999997,257.22499999999997,263.35,256.475,1799480462.2,34631080000,2021-08-13 23:59:59
2021-08-16,256.475,261.925,262.1,255.325,1608723687.35,30976730000,2021-08-16 23:59:59
2021-08-17,261.5,261.925,265.45,260.6,2734508252.8,51879880000,2021-08-17 23:59:59
2021-08-18,263.2,255.95,263.975,255.675,1901672213.05,36490990000,2021-08-18 23:59:59
2021-08-19,255.07500000000002,252.39999999999998,255.10000000000002,249.125,3340623752.8,66391340000,2021-08-19 23:59:59
2021-08-20,252.02499999999995,253.425,255.5,247.9,2216372271.3,43960290000,2021-08-20 23:59:59
2021-08-23,256.5,256.5,257.075,254.675,1136798183.45,22210540000,2021-08-23 23:59:59
2021-08-24,256.925,255.325,258.7,252.85,1779632922.95,34832630000,2021-08-24 23:59:59
2021-08-25,255.325,255.42499999999995,256.45,252.0,1312060684.9,25778320000,2021-08-25 23:59:59
2021-08-26,254.975,250.225,255.42499999999995,248.99999999999997,1524683433.85,30235820000,2021-08-26 23:59:59
2021-08-27,251.35000000000002,254.02499999999998,254.37499999999997,248.5,1646892572.05,32760020000,2021-08-27 23:59:59
2021-08-30,254.05,260.75,261.25,254.05,2638910737.4,51014370000,2021-08-30 23:59:59
2021-08-31,261.75,263.45,264.975,260.875,3801609232.2,72035330000,2021-08-31 23:59:59
2021-09-01,264.975,266.0,266.075,262.04999999999995,2075353378.4,39277270000,2021-09-01 23:59:59
2021-09-02,266.65000000000003,262.22499999999997,267.5,260.75,1975785228.2,37365780000,2021-09-02 23:59:59
2021-09-03,262.5,262.0,264.5,259.25,2266461594.35,43189030000,2021-09-03 23:59:59
2021-09-06,263.125,270.45,272.7,262.5,3652830285.35,67941420000,2021-09-06 23:59:59
2021-09-07,271.84999999999997,268.2,274.20000000000005,265.25,2946606518.7,54765000000,2021-09-07 23:59:59
2021-09-08,269.45000000000005,268.925,272.0,264.6,2697522070.75,50190650000,2021-09-08 23:59:59
2021-09-09,268.725,261.95,268.725,261.375,2487700407.7,46956130000,2021-09-09 23:59:59
2021-09-10,263.25,259.75,266.125,258.8,1890961256.85,35974380000,2021-09-10 23:59:59
2021-09-13,261.3,262.75,262.75,259.5,1595780937.5,30557760000,2021-09-13 23:59:59
2021-09-14,262.925,257.475,263.74999999999994,256.375,2347249085.25,45208440000,2021-09-14 23:59:59
2021-09-15,257.5,260.6,262.425,255.62499999999997,2963105845.1,57187640000,2021-09-15 23:59:59
2021-09-16,260.275,258.175,261.95,255.65,2121370123.1,41156670000,2021-09-16 23:59:59
2021-09-17,258.45,257.0,259.5,256.0,1913043185.55,37151220000,2021-09-17 23:59:59
2021-09-20,254.99999999999997,249.89999999999998,255.24999999999994,247.0,2356121289.55,46809920000,2021-09-20 23:59:59
2021-09-21,251.50000000000003,250.32500000000002,253.525,247.27499999999995,2130111401.55,42526390000,2021-09-21 23:59:59
2021-09-22,252.49999999999997,254.07499999999996,255.75,249.5,2260040787.6,44786380000,2021-09-22 23:59:59
2021-09-23,255.10000000000002,253.975,256.52500000000003,250.75,1940599270.5,38198850000,2021-09-23 23:59:59
2021-09-24,253.35,254.625,255.62499999999997,251.9,1273580600.75,25084550000,2021-09-24 23:59:59
2021-09-27,256.55000000000007,261.725,261.75,255.5,2213902578.55,42822290000,2021-09-27 23:59:59
2021-09-28,262.04999999999995,254.27499999999998,265.55,252.75,4094243730.45,78959040000,2021-09-28 23:59:59
2021-09-29,253.50000000000006,254.79999999999998,257.975,252.325,1822860673.0,35803390000,2021-09-29 23:59:59
2021-09-30,256.5,258.35,261.1,255.7,3648927742.25,70653200000,2021-09-30 23:59:59
2021-10-01,256.0,257.42499999999995,257.5,254.15,1594263977.5,31149940000,2021-10-01 23:59:59
2021-10-04,257.2,258.4,262.0,254.7,3342237502.8,64568670000,2021-10-04 23:59:59
2021-10-05,259.575,269.175,269.97499999999997,257.9,4911209508.4,92936250000,2021-10-05 23:59:59
2021-10-06,269.9,270.8,274.5,263.55,6851171879.5,127269990000,2021-10-06 23:59:59
2021-10-07,272.50000000000006,271.40000000000003,275.5,268.55,4021611274.0,74049560000,2021-10-07 23:59:59
2021-10-08,271.75,272.97499999999997,273.75,269.15000000000003,2864562794.95,52697970000,2021-10-08 23:59:59
2021-10-11,274.37500000000006,280.95,282.70000000000005,273.65,6626453686.25,118934990000,2021-10-11 23:59:59
2021-10-12,279.075,276.95,279.75,276.025,2919702497.25,52446470000,2021-10-12 23:59:59
2021-10-13,277.5,275.55,278.25,271.7,3236772282.45,59028170000,2021-10-13 23:59:59
2021-10-14,276.875,276.85,279.99999999999994,272.8,3782918206.0,68298000000,2021-10-14 23:59:59
2021-10-15,277.55,277.99999999999994,278.725,274.75,1876064408.05,33865940000,2021-10-15 23:59:59
2021-10-18,277.95,278.825,279.12500000000006,275.3,1591110388.4,28718880000,2021-10-18 23:59:59
2021-10-19,280.8,287.0,287.47499999999997,279.025,5795499754.1,102520900000,2021-10-19 23:59:59
2021-10-20,286.0,283.04999999999995,287.5,281.225,3940248505.75,69284200000,2021-10-20 23:59:59
2021-10-21,280.52500000000003,275.8,282.5,273.15,4014427708.25,72413390000,2021-10-21 23:59:59
2021-10-22,276.05,272.0,279.5,271.02500000000003,3636828011.0,65835260000,2021-10-22 23:59:59
2021-10-25,273.975,280.84999999999997,281.00000000000006,269.725,3549596305.95,64228310000,2021-10-25 23:59:59
2021-10-26,282.35,279.85,282.35,277.77500000000003,3180904368.45,56846650000,2021-10-26 23:59:59
2021-10-27,276.35,275.3,279.99999999999994,274.625,3071878022.5,55368660000,2021-10-27 23:59:59
2021-10-28,274.72499999999997,268.825,276.42499999999995,265.4,4124895069.3,76534200000,2021-10-28 23:59:59
2021-10-29,267.3,263.65,267.95,259.99999999999994,4921929489.9,93372230000,2021-10-29 23:59:59
2021-11-01,263.74999999999994,267.7,267.75000000000006,261.59999999999997,3125247382.5,58834370000,2021-11-01 23:59:59
2021-11-02,268.15,264.1,268.59999999999997,261.8,2982471140.55,56291490000,2021-11-02 23:59:59
2021-11-03,262.25,264.425,264.92499999999995,258.99999999999994,2506200200.55,47906350000,2021-11-03 23:59:59
2021-11-05,262.475,264.075,264.3,260.7,1671461324.6,31850440000,2021-11-05 23:59:59
2021-11-08,265.5,261.85,266.85,259.325,2479731680.35,47162750000,2021-11-08 23:59:59
2021-11-09,261.5,257.59999999999997,261.85,254.99999999999997,3264522754.25,63058750000,2021-11-09 23:59:59
2021-11-10,256.90000000000003,250.125,258.325,250.0,3720917569.6,73397730000,2021-11-10 23:59:59
2021-11-11,250.975,256.25,257.42499999999995,250.25,3778713917.55,74250150000,2021-11-11 23:59:59
2021-11-12,256.55000000000007,251.45000000000002,257.7,247.85000000000002,4655346068.25,92696270000,2021-11-12 23:59:59
2021-11-15,251.525,259.45,261.55,250.84999999999997,4512739892.15,87731940000,2021-11-15 23:59:59
2021-11-16,260.65,255.20000000000005,261.225,254.05,2666657564.2,51956540000,2021-11-16 23:59:59
2021-11-17,254.5,257.825,259.8,254.425,1934203691.55,37487760000,2021-11-17 23:59:59
2021-11-18,257.675,262.75,265.05000000000007,252.65,4577417589.9,88387770000,2021-11-18 23:59:59
2021-11-19,265.0,252.475,266.2,250.62499999999997,6537931616.5,127522960000,2021-11-19 23:59:59
2021-11-22,250.75,242.02499999999998,251.80000000000004,240.15,5990495091.15,122276130000,2021-11-22 23:59:59
2021-11-23,240.39999999999998,249.375,250.0,235.125,5166851309.6,105135770000,2021-11-23 23:59:59
2021-11-24,250.65,246.75000000000003,251.825,244.62500000000003,2380568209.65,47967190000,2021-11-24 23:59:59
2021-11-25,247.775,243.95,248.47500000000002,243.35000000000002,1688420490.6,34404540000,2021-11-25 23:59:59
2021-11-26,238.5,232.9,239.95,232.6,4165978155.35,87920040000,2021-11-26 23:59:59
2021-11-29,238.00000000000003,236.875,240.275,232.62499999999997,4090176464.15,86409470000,2021-11-29 23:59:59
2021-11-30,232.84999999999997,235.975,240.0,232.20000000000002,4062546773.9,85998990000,2021-11-30 23:59:59
2021-12-01,238.675,237.89999999999998,242.975,236.0,3560126070.8,73979600000,2021-12-01 23:59:59
2021-12-02,238.00000000000003,244.65,245.40000000000003,238.00000000000003,3058427096.65,63079060000,2021-12-02 23:59:59
2021-12-03,246.29999999999998,243.05,246.32500000000002,240.9,2001294527.8,41028580000,2021-12-03 23:59:59
2021-12-06,243.89999999999998,240.04999999999998,246.09999999999997,237.17499999999998,2135695988.15,44447040000,2021-12-06 23:59:59
2021-12-07,240.04999999999998,241.9,243.37500000000003,235.50000000000003,3185765115.35,66569670000,2021-12-07 23:59:59
2021-12-08,243.0,236.275,245.9,233.275,3070897770.55,63975270000,2021-12-08 23:59:59
2021-12-09,236.675,234.575,239.67499999999998,232.35,2447684957.95,51939810000,2021-12-09 23:59:59
2021-12-10,235.2,229.67499999999995,235.50000000000003,229.07500000000002,3393633545.15,73429100000,2021-12-10 23:59:59
2021-12-13,230.22500000000002,214.65,231.17499999999998,212.35,6236575630.75,140574070000,2021-12-13 23:59:59
2021-12-14,214.45,222.2,222.75,195.45,6599408361.9,153690120000,2021-12-14 23:59:59
2021-12-15,222.5,223.975,224.4,217.29999999999998,2700013673.05,61040650000,2021-12-15 23:59:59
2021-12-16,224.00000000000003,231.20000000000002,233.55,223.975,4051321227.25,88088510000,2021-12-16 23:59:59
2021-12-17,230.02499999999998,234.525,236.64999999999998,228.175,3031551773.75,65058510000,2021-12-17 23:59:59
2021-12-20,232.475,231.82500000000002,232.975,226.74999999999997,3037271775.65,66071540000,2021-12-20 23:59:59
2021-12-21,232.79999999999998,236.7,237.37500000000006,230.29999999999998,2622724621.05,55918320000,2021-12-21 23:59:59
2021-12-22,236.5,237.875,240.97500000000002,234.75,2834375599.25,59557760000,2021-12-22 23:59:59
2021-12-23,237.875,236.0,240.99999999999997,234.87500000000003,1794917514.8,37777400000,2021-12-23 23:59:59
2021-12-24,236.625,235.45,236.725,231.025,1639873763.25,35005460000,2021-12-24 23:59:59
2021-12-27,235.07500000000002,238.65,240.25,235.05,2245508739.1,47068130000,2021-12-27 23:59:59
2021-12-28,239.1,241.975,242.25,238.375,2349541245.95,48837170000,2021-12-28 23:59:59
2021-12-29,242.075,242.15,242.89999999999998,238.79999999999998,1358287594.6,28217600000,2021-12-29 23:59:59
2021-12-30,242.12500000000006,240.97500000000002,243.075,239.625,1481475346.5,30722500000,2021-12-30 23:59:59
2022-01-03,241.525,247.25,247.475,241.525,1372374273.05,27960480000,2022-01-03 23:59:59
2022-01-04,247.25,248.5,249.35,245.3,1477383668.1,29800590000,2022-01-04 23:59:59
2022-01-05,248.5,236.79999999999998,249.32499999999996,235.875,2315644241.15,47637800000,2022-01-05 23:59:59
2022-01-06,237.5,242.22500000000002,242.5,235.25,1909715393.3,39703020000,2022-01-06 23:59:59
2022-01-10,243.42499999999998,244.75,246.32500000000002,241.1,1701113944.9,34889740000,2022-01-10 23:59:59
2022-01-11,244.975,251.29999999999998,252.0,243.37500000000003,2360227827.35,47476640000,2022-01-11 23:59:59
2022-01-12,251.025,250.55,254.3,249.375,2450230571.45,48695880000,2022-01-12 23:59:59
2022-01-13,250.49999999999997,235.37500000000003,251.2,229.2,8285206610.75,173664060000,2022-01-13 23:59:59
2022-01-14,236.875,232.05,239.95,219.2,8951158620.75,195068910000,2022-01-14 23:59:59
2022-01-17,232.50000000000003,232.50000000000003,234.125,224.29999999999998,4881425694.5,106319310000,2022-01-17 23:59:59
2022-01-18,232.67499999999995,218.175,233.475,215.35,7012527372.45,157239850000,2022-01-18 23:59:59
2022-01-19,215.225,226.375,232.50000000000003,205.625,6676468104.85,149973430000,2022-01-19 23:59:59
2022-01-20,225.075,227.075,234.1,224.02499999999998,4710277257.95,102645960000,2022-01-20 23:59:59
2022-01-21,225.5,219.675,231.25,218.8,3623022517.5,80614890000,2022-01-21 23:59:59
2022-01-24,221.975,205.9,222.42499999999998,197.75,8968965021.95,217314170000,2022-01-24 23:59:59
2022-01-25,204.975,212.675,213.49999999999997,203.00000000000003,5780446089.15,139125830000,2022-01-25 23:59:59
2022-01-26,212.70000000000002,206.45,213.875,202.75,7246332663.55,174310560000,2022-01-26 23:59:59
2022-01-27,203.99999999999997,215.5,220.6,203.325,6431009347.7,150261730000,2022-01-27 23:59:59
2022-01-28,216.5,216.97500000000002,221.275,213.22500000000002,3274718477.35,75282580000,2022-01-28 23:59:59
2022-01-31,217.29999999999998,218.9,221.99999999999997,214.99999999999997,4135855666.6,94754810000,2022-01-31 23:59:59
2022-02-01,219.0,213.475,220.47500000000002,211.07500000000002,4082435479.0,94957500000,2022-02-01 23:59:59
2022-02-02,214.6,212.0,216.125,209.4,2857300119.65,67052680000,2022-02-02 23:59:59
2022-02-03,210.20000000000002,206.22500000000002,211.725,203.99999999999997,2812939719.6,67852200000,2022-02-03 23:59:59
2022-02-04,208.0,206.25,210.62499999999997,203.625,2764284292.6,66810070000,2022-02-04 23:59:59
2022-02-07,206.0,205.5,208.20000000000002,202.875,2097808513.5,51195960000,2022-02-07 23:59:59
2022-02-08,205.5,211.025,211.15,204.42499999999998,4061823936.5,97408520000,2022-02-08 23:59:59
2022-02-09,211.67499999999995,213.7,214.99999999999997,210.27499999999998,5082711835.7,119449850000,2022-02-09 23:59:59
2022-02-10,213.7,209.5,214.50000000000003,208.25,4394271318.55,104296570000,2022-02-10 23:59:59
2022-02-11,208.5,202.5,210.24999999999997,200.49999999999997,4198111960.9,102231000000,2022-02-11 23:59:59
2022-02-14,200.025,201.425,202.75,193.175,5740030529.3,144240050000,2022-02-14 23:59:59
2022-02-15,201.65000000000003,209.42499999999998,209.475,201.65000000000003,4028190410.1,97504270000,2022-02-15 23:59:59
2022-02-16,210.175,214.625,216.89999999999998,210.0,5168897703.5,121166540000,2022-02-16 23:59:59
2022-02-17,214.50000000000003,205.92499999999998,214.75,204.3,4811097544.2,115812590000,2022-02-17 23:59:59
2022-02-18,206.725,196.45,209.4,194.1,5444176174.65,135861470000,2022-02-18 23:59:59
2022-02-21,195.75,160.60000000000002,201.0,146.0,16468745452.3,472628730000,2022-02-21 23:59:59
2022-02-22,159.87500000000003,171.07500000000002,172.9,144.8,13431505393.95,417837380000,2022-02-22 23:59:59
2022-02-24,152.55,100.5,152.55,81.94999999999999,8851097507.95,425751480000,2022-02-24 23:59:59
2022-02-25,100.99999999999997,100.55,113.475,91.25,4460680826.2,220823080000,2022-02-25 23:59:59
2022-03-24,90.50000000000001,95.0,108.85000000000001,79.975,2566984808.15,130386410000,2022-03-24 23:59:59
2022-03-25,98.5,87.50000000000001,99.02499999999999,85.5,1274888326.0,71412430000,2022-03-25 23:59:59
2022-03-28,87.72500000000001,84.25,88.475,82.5,643399217.3,37982400000,2022-03-28 23:59:59
2022-03-29,84.35,82.5,89.725,81.1,1013898420.6,58962780000,2022-03-29 23:59:59
2022-03-30,87.75,85.775,87.75,84.72500000000001,701185084.55,40808550000,2022-03-30 23:59:59
2022-03-31,86.77499999999999,99.00000000000001,99.6,86.77499999999999,3452642015.95,183259810000,2022-03-31 23:59:59
2022-04-01,102.50000000000003,112.5,119.22500000000001,99.47499999999998,5285379874.2,242805450000,2022-04-01 23:59:59
2022-04-04,115.1,125.5,125.75000000000001,112.5,7255903812.5,300618160000,2022-04-04 23:59:59
2022-04-05,129.0,115.40000000000002,131.8,109.0,8714063569.65,361545810000,2022-04-05 23:59:59
2022-04-06,110.10000000000001,109.75,117.5,106.1,3347243425.25,149123410000,2022-04-06 23:59:59
2022-04-07,109.89999999999999,114.04999999999998,115.57499999999999,109.89999999999999,1835890598.2,80947840000,2022-04-07 23:59:59
2022-04-08,115.47500000000001,111.80000000000001,116.39999999999999,110.025,1245838263.55,55374580000,2022-04-08 23:59:59
2022-04-11,109.99999999999997,107.49999999999999,113.15,107.0,1300244778.65,58984520000,2022-04-11 23:59:59
2022-04-12,108.5,105.55,108.5,100.75,1512192790.05,72635470000,2022-04-12 23:59:59
2022-04-13,107.225,105.67500000000001,108.07499999999999,104.15,779735402.75,36850630000,2022-04-13 23:59:59
2022-04-14,106.125,99.67500000000001,106.5,99.52499999999999,901768912.9,44074690000,2022-04-14 23:59:59
2022-04-15,99.55,100.625,103.1,95.525,1262316812.3,63263340000,2022-04-15 23:59:59
2022-04-18,101.375,95.125,102.50000000000003,95.1,852031778.9,43354960000,2022-04-18 23:59:59
2022-04-19,95.0,93.475,95.0,89.30000000000001,1166044875.75,63315550000,2022-04-19 23:59:59
2022-04-20,94.0,96.475,96.775,91.12500000000001,1142401210.1,60249050000,2022-04-20 23:59:59
2022-04-21,96.15,94.9,96.39999999999999,93.57499999999999,561985431.9000006,29570020000,2022-04-21 23:59:59
2022-04-22,94.0,94.05,98.0,93.39999999999999,610214412.45,31992480000,2022-04-22 23:59:59
2022-04-25,92.99999999999999,90.775,93.5,90.15,561860862.85,30746060000,2022-04-25 23:59:59
2022-04-26,91.25,95.625,97.82499999999999,90.60000000000001,1115340132.3,59101750000,2022-04-26 23:59:59
2022-04-27,95.975,99.5,100.5,94.5,1535096108.6,77884190000,2022-04-27 23:59:59
2022-04-28,100.5,95.57499999999999,101.975,95.14999999999999,1411154271.45,71145610000,2022-04-28 23:59:59
2022-04-29,97.5,100.475,101.94999999999999,96.39999999999999,2044059244.0,102541110000,2022-04-29 23:59:59
2022-05-04,100.425,97.94999999999999,102.475,97.60000000000001,831465182.1,41816660000,2022-05-04 23:59:59
2022-05-05,98.875,98.975,99.57499999999999,98.0,388454506.95,19657730000,2022-05-05 23:59:59
2022-05-06,98.75,97.4,98.75,96.22500000000002,417619944.65,21489100000,2022-05-06 23:59:59
2022-05-11,97.22500000000001,96.52499999999999,98.75,95.875,473043285.75,24327270000,2022-05-11 23:59:59
2022-05-12,96.5,92.77499999999999,96.875,91.725,507052251.2,26819880000,2022-05-12 23:59:59
2022-05-13,94.25,93.25,94.475,92.3,284073291.45,15195650000,2022-05-13 23:59:59
2022-05-16,94.25,94.9,95.725,93.25,382082651.55,20155060000,2022-05-16 23:59:59
2022-05-17,95.90000000000002,96.65,97.4,95.05,518123398.55,26857050000,2022-05-17 23:59:59
2022-05-18,97.22500000000001,95.99999999999999,99.6,95.99999999999999,734955943.0,37523870000,2022-05-18 23:59:59
2022-05-19,95.99999999999999,95.85,96.90000000000002,94.55,376975225.6500004,19665300000,2022-05-19 23:59:57
2022-05-20,96.475,94.375,96.95,93.625,393890049.15,20766170000,2022-05-20 23:59:59
2022-05-23,94.875,92.85,95.42500000000001,92.525,351675698.35,18746790000,2022-05-23 23:59:59
2022-05-24,92.625,93.52499999999999,94.4,90.50000000000001,498148153.85,26898460000,2022-05-24 23:59:59
2022-05-25,94.0,94.05,94.69999999999999,92.5,390522056.65,20856780000,2022-05-25 23:59:59
2022-05-26,94.35000000000001,94.0,95.39999999999998,93.175,617862363.25,32812530000,2022-05-26 23:59:59
2022-05-27,94.4,92.99999999999999,94.4,92.75,354192357.2,19001020000,2022-05-27 23:59:59
2022-05-30,93.475,91.5,93.8,91.325,470738310.15,25536330000,2022-05-30 23:59:59
2022-05-31,91.22500000000001,91.55,91.95,90.52499999999999,272639363.75,14975090000,2022-05-31 23:59:59
2022-06-01,91.2,92.47500000000001,92.94999999999999,90.50000000000001,454319066.65,24634200000,2022-06-01 23:59:59
2022-06-02,92.175,89.675,92.5,89.575,548315461.65,30268790000,2022-06-02 23:59:59
2022-06-03,89.675,87.75,90.475,87.125,533082195.7,30221140000,2022-06-03 23:59:59
2022-06-06,87.8,87.075,88.4,86.0,356095790.7,20480150000,2022-06-06 23:59:59
2022-06-07,87.075,86.05,87.10000000000001,84.775,449565315.65,26208780000,2022-06-07 23:59:59
2022-06-08,86.32499999999999,86.7,88.475,85.625,463987497.15,26625180000,2022-06-08 23:59:59
2022-06-09,86.97500000000001,85.15,87.075,84.875,278408104.1,16270650000,2022-06-09 23:59:59
2022-06-10,85.15,85.0,85.95,84.75,273061440.3,16023640000,2022-06-10 23:59:59
2022-06-14,84.95,87.475,88.25,83.75,563249111.2,32523270000,2022-06-14 23:59:59
2022-06-15,87.60000000000001,88.0,89.85,87.60000000000001,636301070.4,35810820000,2022-06-15 23:59:59
2022-06-16,88.425,88.975,89.175,87.50000000000001,555869032.6,31430570000,2022-06-16 23:59:59
2022-06-17,89.0,89.5,91.05,88.575,703597833.0,39109430000,2022-06-17 23:59:59
2022-06-20,90.225,93.7,94.275,90.0,884441606.55,48161610000,2022-06-20 23:59:59
2022-06-21,94.5,91.02499999999999,94.85000000000001,91.0,872035607.55,47154370000,2022-06-21 23:59:59
2022-06-22,90.475,92.55,92.55,89.05,713261915.65,39353840000,2022-06-22 23:59:59
2022-06-23,92.4,92.925,94.85000000000001,91.375,966226199.3,51718500000,2022-06-23 23:59:59
2022-06-24,93.57499999999999,92.99999999999999,93.925,91.625,492904062.25,26584940000,2022-06-24 23:59:59
2022-06-27,92.94999999999999,95.5,95.85,92.75,909133627.8,47904940000,2022-06-27 23:59:59
2022-06-28,95.90000000000002,96.5,97.64999999999999,94.1,1035744290.35,53939280000,2022-06-28 23:59:59
2022-06-29,96.72500000000002,93.52499999999999,96.72500000000002,92.925,683188022.7,36092380000,2022-06-29 23:59:57
2022-06-30,93.5,88.9,94.75000000000001,88.0,1048966525.05,57706770000,2022-06-30 23:59:59
2022-07-01,88.5,87.525,91.25,86.575,600561598.0,33495700000,2022-07-01 23:59:59
2022-07-04,88.80000000000001,92.75,92.75,88.80000000000001,752458841.45,41462620000,2022-07-04 23:59:59
2022-07-05,92.77499999999999,93.925,95.5,92.47500000000001,1160924358.3,61765120000,2022-07-05 23:59:59
2022-07-06,93.05000000000001,93.60000000000001,95.5,92.925,596895707.5,31627190000,2022-07-06 23:59:59
2022-07-07,94.0,93.67500000000001,94.4,92.5,426306137.0,22802910000,2022-07-07 23:59:59
2022-07-08,94.25,94.14999999999999,94.69999999999999,93.10000000000001,348685188.05,18567480000,2022-07-08 23:59:59
2022-07-11,93.25,91.625,94.35000000000001,91.35000000000001,436442970.0,23565200000,2022-07-11 23:59:59
2022-07-12,91.80000000000001,90.825,92.37499999999999,90.25,561454551.8,30737190000,2022-07-12 23:59:59
2022-07-13,91.64999999999999,89.42500000000001,92.14999999999999,88.85000000000001,435634264.1,24178060000,2022-07-13 23:59:59
2022-07-14,89.5,88.74999999999999,91.0,88.675,405086050.3,22543310000,2022-07-14 23:59:59
2022-07-15,89.32499999999999,89.92500000000001,90.325,88.4,416868950.15,23313250000,2022-07-15 23:59:59
2022-07-18,90.325,90.39999999999999,91.17500000000001,89.37499999999999,359738488.45,19932630000,2022-07-18 23:59:59
2022-07-19,90.44999999999999,92.025,92.075,89.14999999999999,554022486.75,30482030000,2022-07-19 23:59:59
2022-07-20,92.6,91.14999999999999,93.72500000000001,91.02499999999999,591547455.5,32032280000,2022-07-20 23:59:59
2022-07-21,91.14999999999999,90.9,91.575,89.37499999999999,447800834.4,24706290000,2022-07-21 23:59:59
2022-07-22,90.85,91.95,92.825,90.675,435089843.35,23651040000,2022-07-22 23:59:59
2022-07-25,91.75000000000001,92.55,93.375,91.35000000000001,401395590.9,21705100000,2022-07-25 23:59:59
2022-07-26,92.85,93.15,93.85,92.55,413284143.65,22175340000,2022-07-26 23:59:59
2022-07-27,93.15,92.25,94.25,92.0,496772393.55,26637330000,2022-07-27 23:59:59
2022-07-28,92.94999999999999,92.5,93.175,91.375,295530543.55,16027750000,2022-07-28 23:59:59
2022-07-29,92.75,92.925,92.99999999999999,91.75000000000001,304116090.1,16443340000,2022-07-29 23:59:59
2022-08-01,92.97500000000001,90.775,93.075,90.775,366232435.9499998,19968420000,2022-08-01 23:59:58
2022-08-02,90.75,90.05000000000001,91.35000000000001,89.92500000000001,380060608.8,21005520000,2022-08-02 23:59:59
2022-08-03,90.175,89.0,90.75,89.0,355441520.25,19773650000,2022-08-03 23:59:59
2022-08-04,89.42500000000001,89.725,90.425,89.025,282028416.5,15688910000,2022-08-04 23:59:59
2022-08-05,90.075,88.1,90.125,87.27499999999999,448039155.45,25334270000,2022-08-05 23:59:59
2022-08-08,89.25,88.275,89.97500000000001,88.275,423983846.9,23769680000,2022-08-08 23:59:59
2022-08-09,88.55,89.6,89.675,87.675,323829543.7,18270560000,2022-08-09 23:59:59
2022-08-10,89.37499999999999,90.35,90.625,88.925,336787408.3,18732570000,2022-08-10 23:59:59
2022-08-11,90.50000000000001,89.25,90.85,88.775,338269889.0,18839050000,2022-08-11 23:59:59
2022-08-12,89.25,89.77499999999999,90.0,88.4,264434826.4,14787610000,2022-08-12 23:59:59
2022-08-15,89.6,90.0,90.425,88.95,318864680.9,17785520000,2022-08-15 23:59:59
2022-08-16,90.35,90.325,90.65,89.575,323978962.45,17947720000,2022-08-16 23:59:59
2022-08-17,90.52499999999999,90.9,92.5,90.52499999999999,753412196.6,41140760000,2022-08-17 23:59:59
2022-08-18,90.95,90.7,91.5,90.10000000000001,282092257.75,15518100000,2022-08-18 23:59:59
2022-08-19,90.95,90.0,90.95,89.575,306455047.95,17007850000,2022-08-19 23:59:59
2022-08-22,89.875,90.2,90.55000000000001,89.37499999999999,297223652.0,16478320000,2022-08-22 23:59:59
2022-08-23,90.025,91.64999999999999,91.825,90.025,412706022.3,22618070000,2022-08-23 23:59:59
2022-08-24,91.925,91.375,92.2,90.75,314508424.85,17220450000,2022-08-24 23:59:59
2022-08-25,91.4,90.72500000000001,92.0,90.50000000000001,289495124.5,15858930000,2022-08-25 23:59:59
2022-08-26,90.52499999999999,91.2,91.475,90.50000000000001,197867007.7,10865740000,2022-08-26 23:59:59
2022-08-29,91.2,93.25,93.44999999999999,90.9,496685676.9,26975340000,2022-08-29 23:59:59
2022-08-30,93.75,93.975,94.9,92.8,940505596.45,50050500000,2022-08-30 23:59:59
2022-08-31,95.725,96.72500000000002,97.85000000000001,94.625,1485762280.55,77254320000,2022-08-31 23:59:59
2022-09-01,96.72500000000002,97.64999999999999,98.42500000000003,95.625,939190473.35,48425110000,2022-09-01 23:59:59
2022-09-02,98.25,100.45,100.9,97.5,1570873173.25,78824930000,2022-09-02 23:59:59
2022-09-05,100.99999999999997,103.35000000000002,103.45,98.79999999999998,1465194444.45,72588640000,2022-09-05 23:59:59
2022-09-06,102.69999999999997,99.55,104.0,97.525,2007675760.65,99815170000,2022-09-06 23:59:59
2022-09-07,99.55,99.39999999999999,102.3,98.5,1157352320.1,57602340000,2022-09-07 23:59:59
2022-09-08,99.45000000000003,98.25,100.5,98.0,952151288.85,48011240000,2022-09-08 23:59:59
2022-09-09,99.10000000000001,99.30000000000001,99.75,98.3,597247062.85,30176260000,2022-09-09 23:59:59
2022-09-12,98.77499999999999,100.65,101.39999999999999,98.15,980844508.3,48800820000,2022-09-12 23:59:59
2022-09-13,101.17499999999998,99.72500000000001,101.925,99.55,929033676.85,46147680000,2022-09-13 23:59:59
2022-09-14,99.5,100.22500000000001,100.525,98.25,883483938.8,44495730000,2022-09-14 23:59:59
2022-09-15,100.14999999999998,100.175,100.75,99.45000000000003,644060101.55,32174240000,2022-09-15 23:59:59
2022-09-16,100.0,99.7,100.97500000000002,99.10000000000001,764300616.5,38209990000,2022-09-16 23:59:59
2022-09-19,99.5,99.375,100.35000000000001,99.175,485937481.4,24377640000,2022-09-19 23:59:59
2022-09-20,99.375,92.25,99.85000000000001,89.75,2489593086.1,131611280000,2022-09-20 23:59:59
2022-09-21,85.0,87.15,91.5,84.025,1725143961.3,97619590000,2022-09-21 23:59:59
2022-09-22,87.3,89.75,91.55,87.175,1038741876.55,57933190000,2022-09-22 23:59:59
2022-09-23,89.5,85.07499999999999,89.85,84.25,1053417022.0,61153970000,2022-09-23 23:59:59
2022-09-26,82.5,76.87499999999999,83.87500000000001,75.95,2088543855.5,131286950000,2022-09-26 23:59:59
2022-09-27,78.975,79.325,80.7,76.97500000000001,1183388619.55,75089350000,2022-09-27 23:59:59
2022-09-28,79.00000000000001,77.575,80.75,75.3,976342596.75,62557770000,2022-09-28 23:59:59
2022-09-29,77.925,74.85000000000001,78.39999999999999,72.525,1106160367.5,73861410000,2022-09-29 23:59:59
2022-09-30,75.275,74.65,75.875,71.125,1902285775.2,129066780000,2022-09-30 23:59:59
2022-10-03,75.2,78.625,79.2,74.05,1147665619.4,74617600000,2022-10-03 23:59:59
2022-10-04,79.425,76.5,79.55,75.05,1110443376.5,72075030000,2022-10-04 23:59:59
2022-10-05,76.4,76.0,76.475,73.27499999999999,795345270.6,53028510000,2022-10-05 23:59:59
2022-10-06,76.375,75.7,77.375,75.2,466687315.7,30618670000,2022-10-06 23:59:59
2022-10-07,75.50000000000001,72.125,75.55,72.0,634793094.8,42921860000,2022-10-07 23:59:59
2022-10-10,70.125,74.6,75.3,69.4,839433175.6,57152160000,2022-10-10 23:59:59
2022-10-11,75.0,76.125,76.775,73.725,620320616.35,41081160000,2022-10-11 23:59:59
2022-10-12,76.225,76.15,76.95,75.325,422900621.85,27777060000,2022-10-12 23:59:59
2022-10-13,76.425,76.375,77.5,75.42500000000001,418856400.2,27375990000,2022-10-13 23:59:59
2022-10-14,77.0,76.0,77.0,74.25,646882340.3,42807260000,2022-10-14 23:59:59
2022-10-17,76.05,78.975,79.475,75.8,707693519.9,45555320000,2022-10-17 23:59:59
2022-10-18,79.375,78.65,81.925,78.05,1239663211.55,77165600000,2022-10-18 23:59:59
2022-10-19,78.65,79.175,79.75,77.625,1123728606.75,71584820000,2022-10-19 23:59:59
2022-10-20,79.5,80.30000000000001,81.42500000000001,78.925,958779958.95,59748230000,2022-10-20 23:59:59
2022-10-21,80.325,80.9,81.325,79.05000000000001,688011379.85,42857760000,2022-10-21 23:59:59
2022-10-24,81.25,80.4,82.15,79.39999999999999,742169682.65,45914800000,2022-10-24 23:59:59
2022-10-25,80.275,82.75,83.8,80.125,1050558483.2,63899670000,2022-10-25 23:59:59
2022-10-26,82.775,83.77499999999999,84.7,82.15,857945674.3,51385960000,2022-10-26 23:59:59
2022-10-27,83.95,84.175,84.975,83.05,837298062.1,49704700000,2022-10-27 23:59:59
2022-10-28,83.92500000000001,84.575,85.0,82.5,756700775.15,45094060000,2022-10-28 23:59:59
2022-10-31,84.575,84.2,85.72500000000001,83.8,568476369.85,33601460000,2022-10-31 23:59:59
2022-11-01,84.575,84.225,84.95,83.9,403778836.7,23911860000,2022-11-01 23:59:59
2022-11-02,84.25,82.0,84.39999999999999,81.125,544123522.05,32668910000,2022-11-02 23:59:59
2022-11-03,82.0,82.0,82.45,80.55,463182738.85,28359950000,2022-11-03 23:59:59
2022-11-07,82.925,84.3,84.425,82.425,799019074.2,47761910000,2022-11-07 23:59:59
2022-11-08,84.49999999999999,86.25000000000001,87.125,83.5,1198208720.05,69906900000,2022-11-08 23:59:59
2022-11-09,86.0,82.95,87.025,82.6,1058299023.75,62500760000,2022-11-09 23:59:59
2022-11-10,83.675,86.45,86.8,83.27499999999999,1554731943.55,90875410000,2022-11-10 23:59:59
2022-11-11,86.675,85.80000000000001,86.97500000000001,84.89999999999999,817665113.2,47581650000,2022-11-11 23:59:59
2022-11-14,86.125,87.125,88.55,85.35,978099208.9,56006780000,2022-11-14 23:59:59
2022-11-15,87.3,84.025,88.275,81.575,1334550350.65,78295580000,2022-11-15 23:59:59
2022-11-16,84.75,85.4,86.0,84.55000000000001,596658334.35,34916710000,2022-11-16 23:59:59
2022-11-17,85.625,85.57499999999999,86.55,84.8,540867097.45,31583680000,2022-11-17 23:59:59
2022-11-18,85.69999999999999,85.17500000000001,85.925,84.60000000000001,406208211.65,23876860000,2022-11-18 23:59:59
2022-11-21,85.325,84.39999999999999,85.325,83.5,530689458.5,31512770000,2022-11-21 23:59:59
2022-11-22,84.05,84.95,85.15,83.97500000000001,390223173.85,23044230000,2022-11-22 23:59:59
2022-11-23,85.0,85.3,85.95,84.49999999999999,397984693.0,23320040000,2022-11-23 23:59:59
2022-11-24,85.5,85.17500000000001,86.075,84.925,368392701.95,21549630000,2022-11-24 23:59:59
2022-11-25,85.05,84.89999999999999,85.45,84.72500000000001,239052785.65,14044570000,2022-11-25 23:59:59
2022-11-28,84.325,84.25,84.72500000000001,83.85,363853586.15,21612920000,2022-11-28 23:59:59
2022-11-29,84.55000000000001,84.575,84.75,84.175,220332633.4,13036460000,2022-11-29 23:59:59
2022-11-30,84.875,84.7,84.875,84.075,178831079.55,10595530000,2022-11-30 23:59:59
2022-12-01,84.95,84.675,85.25,84.15,267957659.1,15840890000,2022-12-01 23:59:59
2022-12-02,84.575,84.15,84.575,83.95,244711625.55,14539920000,2022-12-02 23:59:59
2022-12-05,84.2,84.89999999999999,86.27499999999999,83.92500000000001,834340566.7,48828260000,2022-12-05 23:59:59
2022-12-06,85.325,83.55,85.625,78.5,1137829544.7,67929000000,2022-12-06 23:59:59
2022-12-07,82.875,84.0,84.825,81.55000000000001,1532892481.1,92482960000,2022-12-07 23:59:59
2022-12-08,84.425,83.55,84.72500000000001,83.14999999999999,422011753.3,25221280000,2022-12-08 23:59:59
2022-12-09,83.55,83.575,84.225,83.075,321250559.75,19199450000,2022-12-09 23:59:59
2022-12-12,83.575,83.45,83.9,83.05,275150259.45,16489960000,2022-12-12 23:59:59
2022-12-13,83.77499999999999,83.14999999999999,83.77499999999999,82.925,285137756.9,17126460000,2022-12-13 23:59:59
2022-12-14,83.14999999999999,82.07499999999999,83.225,81.60000000000001,422336834.25,25635080000,2022-12-14 23:59:59
2022-12-15,81.725,80.625,82.10000000000001,80.225,591998956.35,36519070000,2022-12-15 23:59:59
2022-12-16,80.525,80.9,81.44999999999999,80.4,277828919.55,17172300000,2022-12-16 23:59:59
2022-12-19,80.64999999999999,80.14999999999999,81.2,80.05,391461964.05,24301520000,2022-12-19 23:59:59
2022-12-20,80.0,82.125,82.45,79.39999999999999,558741211.3,34557050000,2022-12-20 23:59:59
2022-12-21,82.425,81.89999999999999,82.67500000000001,81.05,357244441.15,21811800000,2022-12-21 23:59:59
2022-12-22,82.15,85.22500000000001,85.9,81.60000000000001,1544242070.45,91673740000,2022-12-22 23:59:59
2022-12-23,85.22500000000001,84.65,85.75,84.49999999999999,690870920.05,40642620000,2022-12-23 23:59:59
2022-12-26,85.02499999999999,85.52499999999999,86.0,84.775,686501894.85,40172900000,2022-12-26 23:59:59
2022-12-27,85.9,85.0,86.675,84.7,763864072.8,44723620000,2022-12-27 23:59:59
2022-12-28,84.975,82.375,85.22500000000001,81.1,2449268698.6,148064800000,2022-12-28 23:59:59
2022-12-29,82.5,83.05,83.35000000000001,81.825,639657971.85,38612470000,2022-12-29 23:59:59
2022-12-30,83.27499999999999,81.94999999999999,83.6,81.75,844293910.9,51044760000,2022-12-30 23:59:59
2023-01-03,81.775,82.22500000000001,82.5,81.725,351388902.55,21387320000,2023-01-03 23:59:59
2023-01-04,82.2,82.15,82.62500000000001,81.89999999999999,210058797.9,12781350000,2023-01-04 23:59:59
2023-01-05,82.475,81.60000000000001,82.475,81.175,253557995.15,15506460000,2023-01-05 23:59:59
2023-01-06,81.775,81.025,81.775,80.85000000000001,261429957.7,16107440000,2023-01-06 23:59:59
2023-01-09,81.35,82.3,82.67500000000001,81.15,648716246.65,39558910000,2023-01-09 23:59:59
2023-01-10,82.0,81.825,82.2,81.49999999999999,283545336.3,17326130000,2023-01-10 23:59:59
2023-01-11,81.625,83.4,83.8,81.60000000000001,876527831.25,52826330000,2023-01-11 23:59:59
2023-01-12,83.87500000000001,82.925,83.9,82.6,512126532.85,30846440000,2023-01-12 23:59:59
2023-01-13,82.875,83.225,84.10000000000001,82.325,684903583.2,41121110000,2023-01-13 23:59:59
2023-01-16,83.6,85.64999999999999,85.72500000000001,83.575,1011482981.9,59690630000,2023-01-16 23:59:59
2023-01-17,85.75,83.55,85.85000000000001,83.5,870759312.7,51411590000,2023-01-17 23:59:59
2023-01-18,83.6,83.64999999999999,84.8,83.27499999999999,533359646.1,31694090000,2023-01-18 23:59:59
2023-01-19,83.55,83.25000000000001,84.10000000000001,82.52499999999999,674072997.85,40591550000,2023-01-19 23:59:59
2023-01-20,83.45,83.575,83.675,82.62500000000001,331196677.1,19920510000,2023-01-20 23:59:59
2023-01-23,83.85,84.10000000000001,84.39999999999999,83.5,468766578.45,27879310000,2023-01-23 23:59:59
2023-01-24,84.225,82.95,84.49999999999999,82.9,460749895.9,27517030000,2023-01-24 23:59:59
2023-01-25,83.0,83.14999999999999,83.75,81.65,743868534.25,45084280000,2023-01-25 23:59:59
2023-01-26,83.325,83.0,83.675,82.775,313296061.45,18835500000,2023-01-26 23:59:59
2023-01-27,82.775,82.925,83.425,82.72500000000001,361863106.55,21798590000,2023-01-27 23:59:59
2023-01-30,82.75,83.97500000000001,85.12499999999999,82.35,1247138308.65,74454490000,2023-01-30 23:59:59
2023-01-31,84.35,84.75,84.89999999999999,83.95,658087419.25,38953660000,2023-01-31 23:59:59
2023-02-01,84.75,85.57499999999999,86.97500000000001,84.49999999999999,1538083961.25,89606360000,2023-02-01 23:59:59
2023-02-02,85.975,85.12499999999999,86.25000000000001,84.025,904928748.05,52995290000,2023-02-02 23:59:59
2023-02-03,85.0,84.575,85.325,83.19999999999999,791874140.6,46911780000,2023-02-03 23:59:59
2023-02-06,84.575,85.64999999999999,85.80000000000001,84.3,840645058.45,49279660000,2023-02-06 23:59:59
2023-02-07,85.10000000000001,85.5,86.75,84.39999999999999,1560004849.2,91083520000,2023-02-07 23:59:59
2023-02-08,85.6,85.10000000000001,86.4,84.775,817800299.8,47785530000,2023-02-08 23:59:59
2023-02-09,85.15,84.975,85.4,84.49999999999999,507918705.55,29883080000,2023-02-09 23:59:59
2023-02-10,85.07499999999999,84.72500000000001,85.07499999999999,84.525,300727972.65,17729810000,2023-02-10 23:59:59
2023-02-13,84.8,84.15,85.12499999999999,83.87500000000001,389429951.45,23037000000,2023-02-13 23:59:59
2023-02-14,84.15,84.2,84.25,82.0,684713430.95,41106970000,2023-02-14 23:59:59
2023-02-15,83.175,80.19999999999999,83.425,79.65,1091167994.05,66842640000,2023-02-15 23:59:59
2023-02-16,80.97500000000001,80.0,81.775,79.05000000000001,918127781.15,57120540000,2023-02-16 23:59:59
2023-02-17,79.975,79.925,80.625,79.275,508344542.0,31729180000,2023-02-17 23:59:59
2023-02-20,80.225,81.075,81.675,79.52499999999999,619781584.7,38471580000,2023-02-20 23:59:59
2023-02-21,81.1,82.0,83.325,81.1,866545042.2,52725820000,2023-02-21 23:59:59
2023-02-22,82.0,81.7,82.22500000000001,81.47500000000001,215049401.65,13144380000,2023-02-22 23:59:59
2023-02-24,81.75,81.025,82.2,80.47500000000001,386797138.3,23815610000,2023-02-24 23:59:59
2023-02-27,80.75,82.07499999999999,82.925,80.625,558528306.8,34081850000,2023-02-27 23:59:59
2023-02-28,82.07499999999999,82.3,83.075,81.7,509246248.1,30927870000,2023-02-28 23:59:59
2023-03-01,82.52499999999999,83.25000000000001,83.45,82.3,659963795.8,39766570000,2023-03-01 23:59:59
2023-03-02,83.225,82.02499999999999,83.625,81.175,659927367.3,40114090000,2023-03-02 23:59:59
2023-03-03,82.17500000000001,82.925,83.0,81.925,368089873.2,22269580000,2023-03-03 23:59:59
2023-03-06,83.25000000000001,83.85,84.05,83.14999999999999,518940685.5,30988050000,2023-03-06 23:59:59
2023-03-07,84.05,83.82499999999999,84.325,83.375,411672408.1,24540500000,2023-03-07 23:59:59
2023-03-09,83.92500000000001,83.4,84.175,83.27499999999999,356226528.25,21302840000,2023-03-09 23:59:59
2023-03-10,83.125,82.45,83.14999999999999,82.02499999999999,547905610.8,33128700000,2023-03-10 23:59:59
2023-03-13,82.75,82.275,83.375,81.7,537484088.3,32572820000,2023-03-13 23:59:59
2023-03-14,82.475,82.75,83.225,81.975,414302745.5,25027810000,2023-03-14 23:59:59
2023-03-15,82.9,82.3,83.375,81.775,597159991.5,36207950000,2023-03-15 23:59:59
2023-03-16,82.2,82.125,82.52499999999999,81.44999999999999,372260987.1,22706260000,2023-03-16 23:59:59
2023-03-17,82.475,83.45,84.0,82.25,1196598475.15,71995700000,2023-03-17 23:59:59
2023-03-20,86.525,94.97500000000001,95.94999999999999,85.9,12401195481.6,673816380000,2023-03-20 23:59:59
2023-03-21,94.97500000000001,91.375,96.72500000000002,90.175,7504173213.95,402645950000,2023-03-21 23:59:59
2023-03-22,91.25,92.025,92.99999999999999,90.675,1858159919.3,100895830000,2023-03-22 23:59:59
2023-03-23,92.0,90.775,92.77499999999999,90.25,1176745295.15,64371940000,2023-03-23 23:59:59
2023-03-24,91.05,89.5,91.2,88.625,2270006188.8,126451050000,2023-03-24 23:59:59
2023-03-27,89.92500000000001,91.69999999999999,92.37499999999999,89.575,1649296865.8,90530560000,2023-03-27 23:59:59
2023-03-28,91.9,91.5,92.6,90.425,930450843.0,50979060000,2023-03-28 23:59:59
2023-03-29,91.925,91.69999999999999,92.32499999999999,90.875,996887031.4,54341980000,2023-03-29 23:59:59
2023-03-30,91.69999999999999,91.80000000000001,92.225,91.25,620318170.5,33790680000,2023-03-30 23:59:59
2023-03-31,92.0,90.7,92.1,89.32499999999999,1236854043.55,68399730000,2023-03-31 23:59:59
2023-04-03,90.925,99.55,100.14999999999998,90.15,7758018479.9,401936830000,2023-04-03 23:59:59
2023-04-04,100.0,101.84999999999998,104.60000000000001,98.975,9897462770.15,485235360000,2023-04-04 23:59:59
2023-04-05,102.02499999999998,94.475,102.125,93.55000000000001,10488514590.2,545679830000,2023-04-05 23:59:59
2023-04-06,94.25,93.85,95.875,93.05000000000001,2760251050.25,146200110000,2023-04-06 23:59:59
2023-04-07,94.0,94.14999999999999,94.45,93.39999999999999,1110249188.05,59084420000,2023-04-07 23:59:59
2023-04-10,94.825,95.2,95.37500000000003,94.25,1678557726.5,88429850000,2023-04-10 23:59:59
2023-04-11,95.45,92.89999999999999,95.7,91.725,2620963948.35,139411100000,2023-04-11 23:59:59
2023-04-12,93.05000000000001,93.275,94.0,92.35000000000001,1119027190.0,59996750000,2023-04-12 23:59:59
2023-04-13,93.52499999999999,93.2,94.12500000000001,92.42500000000001,992473912.55,53348300000,2023-04-13 23:59:59
2023-04-14,93.125,93.475,93.7,92.025,796613738.95,42830640000,2023-04-14 23:59:59
2023-04-17,94.1,96.55,97.24999999999999,93.7,3714547156.35,192874350000,2023-04-17 23:59:59
2023-04-18,96.57499999999999,97.05,97.275,95.39999999999998,1878729457.75,97408530000,2023-04-18 23:59:59
2023-04-19,97.60000000000001,96.57499999999999,99.375,94.25,4273885932.15,218843130000,2023-04-19 23:59:59
2023-04-20,97.09999999999998,100.14999999999998,101.82500000000002,96.52499999999999,4977614552.8,250942300000,2023-04-20 23:59:59
2023-04-21,100.22500000000001,100.97500000000002,101.55000000000001,99.30000000000001,2083710434.55,103669270000,2023-04-21 23:59:59
2023-04-24,100.575,100.05,103.20000000000002,99.55,3399683650.9,167693220000,2023-04-24 23:59:59
2023-04-25,100.32499999999997,98.825,100.9,98.025,2740228714.2,137647520000,2023-04-25 23:59:59
2023-04-26,99.10000000000001,103.69999999999999,104.425,98.89999999999999,6636578410.4,323628380000,2023-04-26 23:59:59
2023-04-27,104.25,112.32499999999999,113.95,104.075,15347549575.15,703268100000,2023-04-27 23:59:59
2023-04-28,112.5,111.1,114.75000000000001,108.74999999999999,10437055476.3,468890990000,2023-04-28 23:59:59
2023-05-02,111.50000000000001,109.4,114.375,105.475,8174367794.3,370359620000,2023-05-02 23:59:59
2023-05-03,109.32499999999999,104.775,109.32499999999999,104.0,6292012056.45,295049720000,2023-05-03 23:59:59
2023-05-04,105.5,105.475,106.74999999999999,103.025,4140527876.9,197494540000,2023-05-04 23:59:59
2023-05-05,105.64999999999999,105.3,108.97499999999998,104.49999999999999,5085242355.3,237975820000,2023-05-05 23:59:59
2023-05-08,105.975,103.45,106.57500000000002,103.37499999999997,2077322246.05,99369090000,2023-05-08 23:59:59
2023-05-10,103.8,110.50000000000001,110.89999999999999,103.75,6180518791.75,286899450000,2023-05-10 23:59:59
2023-05-11,110.50000000000001,108.325,112.27499999999999,106.1,6882076301.35,314130370000,2023-05-11 23:59:59
2023-05-12,108.02499999999999,108.55,109.6,107.05,2935326546.75,135717700000,2023-05-12 23:59:59
2023-05-15,109.99999999999997,112.4,112.45,109.05,3041968982.4,137572710000,2023-05-15 23:59:59
2023-05-16,112.7,111.64999999999999,113.44999999999999,110.05,3073768117.95,137915570000,2023-05-16 23:59:59
2023-05-17,111.85000000000001,116.72500000000001,117.425,110.575,10003399796.85,435976470000,2023-05-17 23:59:59
2023-05-18,117.25,116.05000000000001,120.725,114.04999999999998,11767610071.15,501095260000,2023-05-18 23:59:59
2023-05-19,115.175,115.65,118.2,114.04999999999998,5147290255.0,221654100000,2023-05-19 23:59:59
2023-05-22,116.975,114.425,117.4,113.05000000000001,3945170071.9,171407150000,2023-05-22 23:59:59
2023-05-23,115.74999999999999,118.3,119.00000000000001,114.0,7061213598.0,303318930000,2023-05-23 23:59:59
2023-05-24,119.00000000000001,118.12499999999999,120.35000000000001,116.45,6921526385.4,292403010000,2023-05-24 23:59:59
2023-05-25,118.0,116.10000000000001,118.75,114.4,5916139100.75,254984630000,2023-05-25 23:59:59
2023-05-26,115.57499999999999,116.25000000000001,118.2,114.4,5159064104.7,221968570000,2023-05-26 23:59:59
2023-05-29,117.44999999999999,116.025,117.94999999999999,114.625,5107964844.6,219766510000,2023-05-29 23:59:59
2023-05-30,114.25,112.42500000000001,115.97500000000001,111.4,5304691550.15,232708260000,2023-05-30 23:59:59
2023-05-31,111.80000000000001,110.99999999999999,112.37499999999997,109.77499999999999,3923941267.75,176541100000,2023-05-31 23:59:59
2023-06-01,111.25,107.125,111.80000000000001,106.325,4240309016.95,194516060000,2023-06-01 23:59:59
2023-06-02,102.50000000000003,113.15,113.75,101.14999999999999,13564847319.0,622221870000,2023-06-02 23:59:59
2023-06-05,113.50000000000001,109.525,115.14999999999999,108.5,6675100646.1,299508140000,2023-06-05 23:59:59
2023-06-06,109.14999999999998,111.67499999999998,113.125,107.3,4727103562.7,214238630000,2023-06-06 23:59:59
2023-06-07,111.69999999999999,114.80000000000001,116.225,111.6,8252130859.65,360657810000,2023-06-07 23:59:59
2023-06-08,114.575,113.75,115.85,113.37499999999999,3885256336.2,169705790000,2023-06-08 23:59:59
2023-06-09,114.12500000000001,113.925,115.37499999999999,113.25,2713137677.8,118662100000,2023-06-09 23:59:59
2023-06-13,115.05,115.1,116.65,114.07499999999997,4238580101.85,184036000000,2023-06-13 23:59:59
2023-06-14,115.60000000000001,115.25,116.15,114.6,2422696851.6,104983450000,2023-06-14 23:59:59
2023-06-15,115.175,115.25,115.5,113.8,2499942462.55,108853080000,2023-06-15 23:59:59
2023-06-16,115.3,114.875,115.825,113.425,2542527526.75,110827410000,2023-06-16 23:59:59
2023-06-19,114.625,114.425,115.3,113.9,2006428227.1,87493720000,2023-06-19 23:59:59
2023-06-20,114.07499999999997,113.475,114.5,111.825,2607791354.9,114837810000,2023-06-20 23:59:59
2023-06-21,113.475,113.87500000000001,115.0,112.625,2062880727.9,90555920000,2023-06-21 23:59:59
2023-06-22,113.52499999999999,111.64999999999999,114.07499999999997,104.49999999999999,2757287583.75,123013090000,2023-06-22 23:59:59
2023-06-23,110.99999999999999,109.99999999999997,112.625,108.0,4629751828.0,209502100000,2023-06-23 23:59:59
2023-06-26,111.375,109.4,111.74999999999999,107.125,4176023493.35,190469340000,2023-06-26 23:59:59
2023-06-27,109.675,109.05,110.775,108.05,2817562287.05,128744440000,2023-06-27 23:59:59
2023-06-28,109.225,108.375,109.75,108.0,1682233720.5,77328860000,2023-06-28 23:59:59
2023-06-29,108.25,109.025,109.75,107.75,2096990659.05,96213400000,2023-06-29 23:59:59
2023-06-30,109.05,108.425,109.675,108.22500000000001,1105446503.6,50854820000,2023-06-30 23:59:59
2023-07-03,108.97499999999998,110.44999999999999,110.44999999999999,108.375,2487301849.4,113339920000,2023-07-03 23:59:59
2023-07-04,110.7,112.14999999999999,113.475,110.35,4874482518.8,217582380000,2023-07-04 23:59:59
2023-07-05,112.625,112.2,113.325,111.02499999999999,2221725026.55,99031940000,2023-07-05 23:59:59
2023-07-06,112.25,112.075,112.77499999999999,111.475,2194850649.5,97839470000,2023-07-06 23:59:59
2023-07-07,112.225,112.42500000000001,112.55,110.125,1894538892.4,84905710000,2023-07-07 23:59:59
2023-07-10,113.39999999999999,115.05,115.125,113.10000000000001,3196026619.9,139973490000,2023-07-10 23:59:59
2023-07-11,115.1,116.8,117.25,114.25,5989254146.6,258294440000,2023-07-11 23:59:59
2023-07-12,117.17500000000001,115.99999999999999,117.425,115.1,3516381652.1,151323980000,2023-07-12 23:59:59
2023-07-13,116.15,115.37499999999999,116.75,114.5,2227901536.5,96551450000,2023-07-13 23:59:59
2023-07-14,115.32499999999999,116.375,116.85,114.69999999999999,1996762371.8,86207880000,2023-07-14 23:59:59
2023-07-17,115.27499999999999,116.15,116.72500000000001,114.575,1991508189.6,85729720000,2023-07-17 23:59:59
2023-07-18,116.35,117.69999999999999,118.37500000000001,116.10000000000001,3716875852.25,158511580000,2023-07-18 23:59:59
2023-07-19,118.05,116.75,118.175,116.39999999999999,1965336814.75,83774130000,2023-07-19 23:59:59
2023-07-20,117.0,113.8,117.05,113.55000000000001,3122749522.2,135665750000,2023-07-20 23:59:59
2023-07-21,114.0,115.175,115.57499999999999,113.8,1873640799.65,81620190000,2023-07-21 23:59:59
2023-07-24,115.60000000000001,116.125,116.45,115.075,1346758998.3,58112240000,2023-07-24 23:59:59
2023-07-25,116.45,116.55000000000001,117.05,115.89999999999999,1462202989.95,62771810000,2023-07-25 23:59:59
2023-07-26,116.55000000000001,117.44999999999999,117.80000000000001,116.05000000000001,2134173399.1,91254990000,2023-07-26 23:59:59
2023-07-27,117.77500000000002,125.5,126.5,117.725,12629467976.4,514402230000,2023-07-27 23:59:59
2023-07-28,125.62500000000001,125.39999999999999,126.425,123.175,5678731435.1,227682280000,2023-07-28 23:59:59
2023-07-31,126.75000000000003,129.07500000000002,129.75,126.19999999999999,6546090798.1,254625420000,2023-07-31 23:59:59
2023-08-01,129.49999999999997,128.15,129.99999999999997,127.075,5031957964.05,195545800000,2023-08-01 23:59:59
2023-08-02,128.15,128.0,128.425,126.7,2508929958.75,98384100000,2023-08-02 23:59:59
2023-08-03,127.75,135.35,136.55,127.075,11351785596.4,425427190000,2023-08-03 23:59:59
2023-08-04,135.5,132.625,137.75,129.70000000000002,10533087270.5,392415670000,2023-08-04 23:59:59
2023-08-07,133.1,130.375,135.20000000000002,128.15,5431305900.1,205075020000,2023-08-07 23:59:59
2023-08-08,130.04999999999998,133.3,133.3,127.0,5785700759.65,221939250000,2023-08-08 23:59:59
2023-08-09,133.525,132.725,134.825,131.2,3227335659.2,121364110000,2023-08-09 23:59:59
2023-08-10,133.6,142.75,144.0,132.625,18133724316.5,649697540000,2023-08-10 23:59:59
2023-08-11,142.70000000000002,141.5,144.1,140.4,7039801886.15,248281190000,2023-08-11 23:59:59
2023-08-14,143.375,137.29999999999998,143.95,136.35,8508148291.4,303299500000,2023-08-14 23:59:59
2023-08-15,136.0,135.975,139.95000000000002,135.275,5325058239.9,192669990000,2023-08-15 23:59:59
2023-08-16,136.675,133.87500000000003,137.025,131.275,5954005546.4,222547540000,2023-08-16 23:59:59
2023-08-17,135.04999999999998,139.225,140.4,132.775,5575838260.2,204891540000,2023-08-17 23:59:59
2023-08-18,139.95000000000002,139.79999999999998,141.6,138.025,5494982085.05,196579970000,2023-08-18 23:59:59
2023-08-21,140.65,139.35,141.20000000000002,138.575,2906776312.25,103987910000,2023-08-21 23:59:59
2023-08-22,139.25,138.67499999999998,139.5,137.525,2709701578.55,97875470000,2023-08-22 23:59:59
2023-08-23,139.075,135.09999999999997,139.075,133.85,4387752028.55,160730700000,2023-08-23 23:59:59
2023-08-24,136.0,138.12500000000003,138.25,134.525,2769449362.25,101410180000,2023-08-24 23:59:59
2023-08-25,138.07500000000002,139.275,140.225,137.5,3136959619.8,112752270000,2023-08-25 23:59:59
2023-08-28,139.825,142.17499999999998,142.5,139.75,3909257550.25,138460850000,2023-08-28 23:59:59
2023-08-29,142.17499999999998,141.20000000000002,143.2,140.25,3552215301.35,125280620000,2023-08-29 23:59:59
2023-08-30,141.875,140.50000000000003,141.875,139.25,2413618419.2,85880150000,2023-08-30 23:59:59
2023-08-31,140.925,144.125,145.875,140.75,7613687845.3,264299810000,2023-08-31 23:59:59
2023-09-01,144.04999999999998,143.95,144.95,142.87500000000003,2508006412.85,87166090000,2023-09-01 23:59:59
2023-09-04,144.975,146.475,146.925,144.45,4035096545.5,138413570000,2023-09-04 23:59:59
2023-09-05,146.4,144.975,146.57500000000002,143.5,4365688474.3,150586110000,2023-09-05 23:59:59
2023-09-06,144.975,142.575,144.975,141.575,2831076192.45,98856220000,2023-09-06 23:59:59
2023-09-07,142.5,137.725,143.57500000000002,135.375,6460995135.2,231468320000,2023-09-07 23:59:59
2023-09-08,138.35,135.95,138.70000000000002,133.67499999999998,4425432189.3,162716390000,2023-09-08 23:59:59
2023-09-11,135.25,133.32500000000002,137.725,132.6,4603240750.35,171199450000,2023-09-11 23:59:59
2023-09-12,134.65,136.77499999999998,137.10000000000002,133.5,3569190941.4,131456480000,2023-09-12 23:59:59
2023-09-13,137.0,133.35,137.875,132.775,2933635646.1,108351140000,2023-09-13 23:59:59
2023-09-14,133.525,133.025,134.1,129.625,4281722907.3,162235590000,2023-09-14 23:59:59
2023-09-15,133.32500000000002,135.425,135.9,132.45,3008098587.45,111822750000,2023-09-15 23:59:59
2023-09-18,136.225,134.35,136.875,133.35,2588042760.6,95815130000,2023-09-18 23:59:59
2023-09-19,134.35,128.35,134.35,128.15,5325106819.75,203414590000,2023-09-19 23:59:59
2023-09-20,128.1,127.7,129.99999999999997,124.525,5898938039.1,231455670000,2023-09-20 23:59:59
2023-09-21,127.45000000000002,123.0,128.35,122.57499999999999,4154300955.85,165963860000,2023-09-21 23:59:59
2023-09-22,123.55000000000001,125.62500000000001,126.24999999999999,122.39999999999999,3662959480.7,147068200000,2023-09-22 23:59:59
2023-09-25,126.0,125.6,126.75000000000003,124.27499999999999,2121058381.75,84521590000,2023-09-25 23:59:59
2023-09-26,125.325,127.49999999999999,128.575,123.4,3330933454.4,132158130000,2023-09-26 23:59:59
2023-09-27,128.0,128.075,129.42499999999998,126.7,2374993372.3,92623270000,2023-09-27 23:59:59
2023-09-28,128.1,129.025,129.925,127.2,2681841949.5,104239250000,2023-09-28 23:59:59
2023-09-29,129.525,128.5,130.5,127.75,2487369889.25,96276770000,2023-09-29 23:59:59
2023-10-02,128.75,126.55,129.35,126.0,2243610074.1,87956350000,2023-10-02 23:59:59
2023-10-03,126.30000000000001,125.95,126.9,124.47500000000001,2289806603.55,91104920000,2023-10-03 23:59:59
2023-10-04,125.55,124.44999999999999,126.9,124.0,1841293547.6,73510180000,2023-10-04 23:59:59
2023-10-05,124.39999999999998,123.97500000000001,125.125,123.14999999999999,1877341655.95,75681230000,2023-10-05 23:59:59
2023-10-06,124.9,125.75000000000001,125.85000000000001,123.19999999999999,1956274748.85,78629930000,2023-10-06 23:59:59
2023-10-09,126.85,127.35,127.925,126.175,3437478921.0,135209930000,2023-10-09 23:59:59
2023-10-10,127.25,126.7,127.62499999999997,126.24999999999999,1580844170.7,62311940000,2023-10-10 23:59:59
2023-10-11,127.0,124.22500000000001,127.35,123.70000000000003,2207943435.8,87528150000,2023-10-11 23:59:59
2023-10-12,124.22500000000001,125.875,125.975,123.75,1576299586.9,63007420000,2023-10-12 23:59:59
2023-10-13,125.52499999999999,126.9,128.2,125.2,2070230478.7,81731370000,2023-10-13 23:59:59
2023-10-16,127.45000000000002,129.9,130.7,127.2,3105797439.2,120480210000,2023-10-16 23:59:59
2023-10-17,129.85,130.975,132.375,129.25,3672432795.0,139787150000,2023-10-17 23:59:59
2023-10-18,131.275,130.6,131.975,128.79999999999998,2383121770.65,91303270000,2023-10-18 23:59:59
2023-10-19,130.25,130.84999999999997,131.95,129.325,1791002747.2,68493140000,2023-10-19 23:59:59
2023-10-20,131.125,129.97500000000002,131.125,128.64999999999998,2291369873.8,88342450000,2023-10-20 23:59:59
2023-10-23,130.3,130.55,131.50000000000003,129.82500000000002,1663168235.5,63592440000,2023-10-23 23:59:59
2023-10-24,130.475,133.075,133.82500000000002,129.925,2855281388.7,107873830000,2023-10-24 23:59:59
2023-10-25,133.05,131.975,134.35,131.50000000000003,2523553665.25,94874290000,2023-10-25 23:59:59
2023-10-26,132.375,127.75,132.7,127.49999999999999,4123060986.7,158898870000,2023-10-26 23:59:59
2023-10-27,128.15,126.64999999999999,128.5,124.75,3549245238.6,140133650000,2023-10-27 23:59:59
2023-10-30,126.4,125.8,127.45000000000002,125.475,1327604569.35,52501880000,2023-10-30 23:59:59
2023-10-31,125.5,126.575,127.05,124.49999999999999,2000483920.85,79536410000,2023-10-31 23:59:59
2023-11-01,126.725,126.0,127.72500000000001,125.6,1802836408.8,71111550000,2023-11-01 23:59:59
2023-11-02,126.30000000000001,125.275,126.675,124.60000000000001,1626005109.05,64684470000,2023-11-02 23:59:59
2023-11-03,125.275,124.49999999999999,125.6,123.47500000000001,1619594262.85,65115380000,2023-11-03 23:59:59
2023-11-06,124.675,126.82499999999999,126.85,124.525,1008174906.8,40091670000,2023-11-06 23:59:59
2023-11-07,126.77499999999998,125.85000000000001,127.72500000000001,125.52499999999999,1658510110.2,65604210000,2023-11-07 23:59:59
2023-11-08,125.90000000000002,126.07500000000002,127.225,125.275,1586075236.4,62788560000,2023-11-08 23:59:59
2023-11-09,126.07500000000002,125.02499999999999,126.325,124.7,1307551263.2,52172840000,2023-11-09 23:59:59
2023-11-10,125.45,124.525,125.72500000000001,124.22500000000001,1391409831.5,55638390000,2023-11-10 23:59:59
2023-11-13,124.55,123.87499999999999,125.0,123.52500000000002,1349446390.7,54271410000,2023-11-13 23:59:59
2023-11-14,123.5,120.525,123.5,120.05,3005025913.75,123682620000,2023-11-14 23:59:59
2023-11-15,120.45,122.175,123.125,120.275,2059524125.15,84636010000,2023-11-15 23:59:59
2023-11-16,122.25,120.75,122.87499999999999,120.49999999999999,1044807660.0,42933720000,2023-11-16 23:59:59
2023-11-17,120.725,121.925,122.19999999999999,119.7,1440005078.55,59523010000,2023-11-17 23:59:59
2023-11-20,122.25,122.075,122.975,121.1,1040220895.65,42648690000,2023-11-20 23:59:59
2023-11-21,121.7,122.39999999999999,122.75,121.27499999999999,833790597.65,34186540000,2023-11-21 23:59:59
2023-11-22,122.5,126.0,126.0,122.425,2358445594.95,94697980000,2023-11-22 23:59:59
2023-11-23,126.0,124.55,126.5,124.3,1402971493.55,56023260000,2023-11-23 23:59:59
2023-11-24,124.65,124.22500000000001,125.8,123.55000000000001,1527687683.0,61265260000,2023-11-24 23:59:59
2023-11-27,124.42500000000001,121.5,124.975,121.25,1704838730.7,69274040000,2023-11-27 23:59:59
2023-11-28,122.125,120.64999999999999,122.15,118.89999999999999,1812443926.5,75448550000,2023-11-28 23:59:59
2023-11-29,120.80000000000001,119.5,121.47500000000001,119.30000000000001,1052015303.55,43817200000,2023-11-29 23:59:59
2023-11-30,119.35,119.425,119.75,117.5,1729579065.65,72939750000,2023-11-30 23:59:59
2023-12-01,119.39999999999999,118.05,120.625,117.6,1446224853.55,60771530000,2023-12-01 23:59:59
2023-12-04,117.97500000000001,112.725,117.97500000000001,112.34999999999998,2560677238.7,110798930000,2023-12-04 23:59:59
2023-12-05,113.3,114.425,114.5,111.64999999999999,2239392248.85,98819340000,2023-12-05 23:59:59
2023-12-06,114.4,110.35,114.825,109.725,2878086976.2,129074380000,2023-12-06 23:59:59
2023-12-07,110.75,112.3,114.325,110.125,3332433622.1,148699410000,2023-12-07 23:59:59
2023-12-08,112.5,111.64999999999999,113.19999999999999,110.625,1451980452.35,64922050000,2023-12-08 23:59:59
2023-12-11,111.825,110.225,112.97500000000001,109.80000000000003,2349349545.9,105395810000,2023-12-11 23:59:59
2023-12-12,110.25,111.74999999999999,114.475,110.25,3174929072.25,141251240000,2023-12-12 23:59:59
2023-12-13,111.35000000000001,113.925,113.925,110.84999999999998,1701679581.55,75477780000,2023-12-13 23:59:59
2023-12-14,114.4,112.99999999999999,115.74999999999999,112.025,2129580425.6,93263860000,2023-12-14 23:59:59
2023-12-15,112.89999999999999,117.425,118.1,112.42500000000001,3004327758.7,129754540000,2023-12-15 23:59:59
2023-12-18,117.9,117.30000000000001,119.64999999999998,116.52499999999999,2402246428.3,101620620000,2023-12-18 23:59:59
2023-12-19,116.2,117.75000000000001,117.85000000000001,115.35,1760250681.9,75533400000,2023-12-19 23:59:59
2023-12-20,117.75000000000001,116.52499999999999,118.37500000000001,116.25000000000001,1268005444.95,54064580000,2023-12-20 23:59:59
2023-12-21,116.5,114.675,117.25,113.75,2225134473.5,96490640000,2023-12-21 23:59:59
2023-12-22,114.925,114.875,116.52499999999999,114.07499999999997,2330356746.85,101076090000,2023-12-22 23:59:59
2023-12-25,115.25,115.97500000000001,116.15,113.975,1427934568.4,62096410000,2023-12-25 23:59:59
2023-12-26,115.7,115.8,116.325,114.825,1449800104.3,62728940000,2023-12-26 23:59:59
2023-12-27,115.94999999999999,114.375,115.97500000000001,114.1,1370820897.45,59591860000,2023-12-27 23:59:59
2023-12-28,114.77499999999999,113.475,114.95,113.22499999999998,1190856857.8,52271220000,2023-12-28 23:59:59
2023-12-29,113.65,113.39999999999999,115.25,113.25,1253676505.25,54877170000,2023-12-29 23:59:59
2024-01-03,113.57499999999999,115.125,115.2,113.55000000000001,829598515.0,36210160000,2024-01-03 23:59:59
2024-01-04,115.125,115.55,115.97500000000001,114.85000000000001,689707467.55,29864140000,2024-01-04 23:59:59
2024-01-05,115.5,120.0,120.275,115.40000000000002,3608846863.15,152250320000,2024-01-05 23:59:59
2024-01-08,120.24999999999999,124.27499999999999,124.49999999999999,120.075,4398224643.65,179298410000,2024-01-08 23:59:59
2024-01-09,124.57499999999997,123.5,124.7,122.35,2171111269.8,88003570000,2024-01-09 23:59:59
2024-01-10,123.5,122.175,124.25,121.17499999999998,1721813372.15,70118070000,2024-01-10 23:59:59
2024-01-11,122.5,125.95,126.675,121.37500000000001,4672099800.55,186561810000,2024-01-11 23:59:59
2024-01-12,126.30000000000001,125.125,126.75000000000003,124.60000000000001,1612345242.65,64229710000,2024-01-12 23:59:59
2024-01-15,125.275,124.3,125.975,123.6,1575041268.65,63066930000,2024-01-15 23:59:59
2024-01-16,124.35,124.925,125.85000000000001,122.67500000000003,1862111421.9,74801180000,2024-01-16 23:59:59
2024-01-17,125.2,124.975,126.7,124.7,2245921927.65,89421770000,2024-01-17 23:59:59
2024-01-18,125.0,122.57499999999999,125.375,122.425,1919055958.65,77415460000,2024-01-18 23:59:59
2024-01-19,122.825,122.75,124.20000000000002,122.02499999999998,1750884472.05,71118740000,2024-01-19 23:59:59
2024-01-22,123.0,124.175,124.925,122.125,1186285811.5,48144060000,2024-01-22 23:59:59
2024-01-23,124.37500000000003,122.975,124.75,122.62500000000001,1252620564.1,50751410000,2024-01-23 23:59:59
2024-01-24,123.1,120.85000000000001,123.97500000000001,120.1,2600660418.9,106900820000,2024-01-24 23:59:59
2024-01-25,121.00000000000001,121.975,122.3,120.175,1557175141.4,64208690000,2024-01-25 23:59:59
2024-01-26,121.975,120.75,122.9,120.575,1293221518.35,53177610000,2024-01-26 23:59:59
2024-01-29,120.92500000000001,121.82500000000002,122.275,120.87499999999999,1058522836.75,43521480000,2024-01-29 23:59:59
2024-01-30,122.00000000000003,122.62500000000001,123.92500000000001,121.925,2094176466.65,85213070000,2024-01-30 23:59:59
2024-01-31,122.95,122.87499999999999,123.45,122.05000000000001,1451279186.75,59112840000,2024-01-31 23:59:59
2024-02-01,123.30000000000001,123.125,124.25,122.5,1686048350.5,68349610000,2024-02-01 23:59:59
2024-02-02,123.125,122.19999999999999,123.19999999999999,121.7,1092546165.75,44656830000,2024-02-02 23:59:59
2024-02-05,122.19999999999999,122.275,123.175,121.67500000000001,1178868113.85,48126380000,2024-02-05 23:59:59
2024-02-06,122.325,121.89999999999999,122.70000000000002,121.025,1210183150.65,49698230000,2024-02-06 23:59:59
2024-02-07,122.00000000000003,123.45,123.9,121.8,2925535637.2,118896510000,2024-02-07 23:59:59
2024-02-08,123.6,121.3,124.94999999999999,121.15000000000002,3510477242.15,142694950000,2024-02-08 23:59:59
2024-02-09,121.37500000000001,121.65,122.475,120.4,1455803103.95,59885640000,2024-02-09 23:59:59
2024-02-12,122.175,122.325,122.9,121.89999999999999,1331818947.85,54391690000,2024-02-12 23:59:59
2024-02-13,122.67500000000003,121.975,123.45,121.00000000000001,1978566294.3,80941840000,2024-02-13 23:59:59
2024-02-14,122.3,122.5,123.04999999999998,121.75,2815977931.35,115008520000,2024-02-14 23:59:59
2024-02-15,122.55,121.925,122.72500000000001,121.3,1889813200.95,77521350000,2024-02-15 23:59:59
2024-02-16,122.075,121.25,124.05000000000001,120.275,5153509058.4,210783070000,2024-02-16 23:59:59
2024-02-19,121.8,124.7,125.24999999999999,121.225,7306307952.15,295361530000,2024-02-19 23:59:59
2024-02-20,124.875,117.875,124.875,116.45,11129669422.5,461548220000,2024-02-20 23:59:59
2024-02-21,118.0,115.5,119.25,113.95,7476202586.0,320266570000,2024-02-21 23:59:59
2024-02-22,115.675,115.94999999999999,117.77500000000002,114.52499999999999,3403274341.6,146267900000,2024-02-22 23:59:59
2024-02-26,119.25,118.0,119.25,117.125,2795735532.75,118346630000,2024-02-26 23:59:59
2024-02-27,118.05,116.92500000000001,118.42500000000001,116.275,1947994010.85,83096510000,2024-02-27 23:59:59
2024-02-28,117.0,116.55000000000001,117.77500000000002,115.875,1668037259.75,71330480000,2024-02-28 23:59:59
2024-02-29,116.62499999999999,117.125,117.85000000000001,115.85,2240049111.8,95813610000,2024-02-29 23:59:59
2024-03-01,117.14999999999999,118.27499999999999,119.95,116.8,5384012512.55,226717350000,2024-03-01 23:59:59
2024-03-04,118.94999999999999,118.89999999999999,119.35,118.32499999999999,1872747590.45,78796360000,2024-03-04 23:59:59
2024-03-05,119.05000000000001,117.525,119.15,117.27499999999998,1813916016.4,76806770000,2024-03-05 23:59:59
2024-03-06,117.64999999999999,117.19999999999999,118.35,117.0,1436972780.65,61023230000,2024-03-06 23:59:59
2024-03-07,117.475,116.55000000000001,117.85000000000001,115.99999999999999,1486629181.55,63632030000,2024-03-07 23:59:59
2024-03-11,117.02499999999999,116.65,117.5,116.025,1380500813.65,59157950000,2024-03-11 23:59:59
2024-03-12,116.7,116.975,117.0,115.32499999999999,1440336725.8,61963820000,2024-03-12 23:59:59
2024-03-13,117.0,116.92500000000001,117.625,116.39999999999999,1373027714.4,58639050000,2024-03-13 23:59:59
2024-03-14,116.875,115.45,117.14999999999999,115.05,1547607251.55,66786660000,2024-03-14 23:59:59
2024-03-15,115.22500000000001,115.97500000000001,116.3,115.22500000000001,1281077977.55,55263590000,2024-03-15 23:59:59
2024-03-18,116.05000000000001,114.35000000000001,116.825,114.275,2082644812.7,90294130000,2024-03-18 23:59:59
2024-03-19,114.375,111.825,114.925,110.99999999999999,4092894008.0,180951130000,2024-03-19 23:59:59
2024-03-20,112.1,112.34999999999998,112.625,110.65000000000002,2304262642.75,103122460000,2024-03-20 23:59:59
2024-03-21,112.5,112.37499999999997,113.44999999999999,111.375,1968496428.9,87498170000,2024-03-21 23:59:59
2024-03-22,112.4,111.50000000000001,113.22499999999998,109.75,2813503561.1,126249960000,2024-03-22 23:59:59
2024-03-25,111.50000000000001,113.19999999999999,113.44999999999999,110.8,1776581838.95,79367550000,2024-03-25 23:59:59
2024-03-26,113.425,112.875,113.70000000000002,112.52499999999999,1111434132.2,49179190000,2024-03-26 23:59:59
2024-03-27,112.7,112.97500000000001,113.37499999999999,111.95,1438376610.9,63780330000,2024-03-27 23:59:59
2024-03-28,113.325,112.89999999999999,113.8,112.6,1218112693.9,53805310000,2024-03-28 23:59:59
2024-03-29,113.175,114.625,115.05,112.75,1866723653.15,82120300000,2024-03-29 23:59:59
2024-04-01,115.5,116.475,116.7,114.72499999999998,2652399162.4,114654010000,2024-04-01 23:59:59
2024-04-02,116.52499999999999,118.15,119.075,115.175,4097497046.9,174773110000,2024-04-02 23:59:59
2024-04-03,118.175,118.35,119.975,117.30000000000001,4539257860.75,190972940000,2024-04-03 23:59:59
2024-04-04,118.575,119.7,121.75,118.025,5255401167.1,218995360000,2024-04-04 23:59:59
2024-04-05,119.85000000000001,119.375,120.6,118.94999999999999,2235372143.15,93323900000,2024-04-05 23:59:59
2024-04-08,119.2,120.125,120.97500000000002,119.2,2229895018.85,92697120000,2024-04-08 23:59:59
2024-04-09,120.625,118.32499999999999,120.625,117.64999999999999,2697860371.1,113461490000,2024-04-09 23:59:59
2024-04-10,118.39999999999999,118.7,119.05000000000001,117.05,1955516219.05,82741090000,2024-04-10 23:59:59
2024-04-11,119.00000000000001,118.42500000000001,119.25,117.875,1447199866.25,61039820000,2024-04-11 23:59:59
2024-04-12,118.575,119.30000000000001,120.82500000000002,118.32499999999999,2470321498.0,103230780000,2024-04-12 23:59:59
2024-04-15,119.775,118.675,120.375,118.2,2107660284.9,88521310000,2024-04-15 23:59:59
2024-04-16,118.7,118.575,119.60000000000001,117.82499999999999,1796700221.55,75739620000,2024-04-16 23:59:59
2024-04-17,118.97499999999998,118.60000000000002,119.15,117.6,1470025280.35,62036080000,2024-04-17 23:59:59
2024-04-18,118.85,119.125,119.52499999999999,118.60000000000002,1199883020.6,50371790000,2024-04-18 23:59:59
2024-04-19,119.125,119.47500000000001,120.175,119.025,1823831099.35,76133160000,2024-04-19 23:59:59
2024-04-22,119.62499999999999,120.475,120.49999999999999,119.10000000000001,2188598984.1,91238080000,2024-04-22 23:59:59
2024-04-23,120.55,118.37500000000001,121.42500000000001,117.80000000000001,3498599829.45,146254700000,2024-04-23 23:59:59
2024-04-24,118.5,116.975,118.97499999999998,115.74999999999999,2978743987.4,126732160000,2024-04-24 23:59:59
2024-04-25,116.875,118.05,119.30000000000001,116.62499999999999,2600037936.25,110082120000,2024-04-25 23:59:59
2024-04-26,118.60000000000002,117.64999999999999,119.10000000000001,117.27499999999998,1698085417.15,71835210000,2024-04-26 23:59:59
2024-04-27,117.6,116.52499999999999,118.15,114.575,2863472860.05,122969420000,2024-04-27 23:59:59
2024-04-29,116.55000000000001,117.475,118.47500000000001,116.175,1352340388.05,57663940000,2024-04-29 23:59:59
2024-04-30,117.425,116.825,117.94999999999999,116.65,654910550.7,27953080000,2024-04-30 23:59:59
2024-05-02,117.05,116.125,117.4,115.8,1051229312.5,45178390000,2024-05-02 23:59:59
2024-05-03,116.125,114.97500000000001,116.25000000000001,114.85000000000001,1254569277.45,54269470000,2024-05-03 23:59:59
2024-05-06,115.05,115.0,115.42500000000001,114.17500000000001,1289587846.05,56141390000,2024-05-06 23:59:59
2024-05-07,115.0,115.2,115.675,114.69999999999999,946530982.55,41089550000,2024-05-07 23:59:59
2024-05-08,115.625,115.22500000000001,115.875,115.14999999999999,710396997.05,30755750000,2024-05-08 23:59:59
2024-05-10,115.45,115.40000000000002,115.925,115.3,499226486.05,21590670000,2024-05-10 23:59:59
2024-05-13,115.55,115.5,116.57499999999999,114.825,1587573296.5,68631910000,2024-05-13 23:59:59
2024-05-14,115.55,115.3,115.7,114.4,1110038355.65,48257220000,2024-05-14 23:59:59
2024-05-15,115.32499999999999,116.025,116.3,115.1,1482666377.75,64032590000,2024-05-15 23:59:59
2024-05-16,116.39999999999999,115.94999999999999,116.975,115.875,1650696912.35,70858380000,2024-05-16 23:59:59
2024-05-17,116.225,115.37499999999999,116.35,115.1,1116822998.8,48306970000,2024-05-17 23:59:59
2024-05-20,115.875,112.875,115.875,112.34999999999998,2202697756.35,96688120000,2024-05-20 23:59:59
2024-05-21,112.875,112.45,113.50000000000001,111.07499999999999,1741412867.8,77674730000,2024-05-21 23:59:59
2024-05-22,112.45,112.5,113.22499999999998,112.00000000000001,823040501.1,36524430000,2024-05-22 23:59:59
2024-05-23,112.25,112.6,113.625,111.375,1328054220.65,59019030000,2024-05-23 23:59:59
2024-05-24,112.6,110.05,116.39999999999999,109.99999999999997,5194920412.05,229955770000,2024-05-24 23:59:59
2024-05-27,110.75,105.10000000000001,112.37499999999997,102.2,8485106302.95,396770460000,2024-05-27 23:59:59
2024-05-28,105.55,104.27499999999999,106.85,102.72500000000001,4266775139.8,202783360000,2024-05-28 23:59:59
2024-05-29,104.60000000000001,105.05000000000003,105.425,102.75,2130117292.05,102303560000,2024-05-29 23:59:59
2024-05-30,105.24999999999999,101.05,105.55,100.675,3929645613.3,191711860000,2024-05-30 23:59:59
2024-05-31,101.05,98.825,101.725,97.5,4679269702.95,234379330000,2024-05-31 23:59:59
2024-06-03,99.65,99.425,100.24999999999999,94.325,4598238919.4,236266840000,2024-06-03 23:59:59
2024-06-04,99.175,101.84999999999998,101.875,98.32499999999999,4028341850.15,200770900000,2024-06-04 23:59:59
2024-06-05,102.25,100.35000000000001,103.425,99.65,3837538705.0,188309720000,2024-06-05 23:59:59
2024-06-06,100.14999999999998,100.14999999999998,101.1,99.5,1434092531.75,71451140000,2024-06-06 23:59:59
2024-06-07,100.625,101.99999999999999,103.75,100.4,3311691139.5,162266660000,2024-06-07 23:59:59
2024-06-10,103.14999999999999,101.7,104.10000000000001,100.35000000000001,3504782018.05,170903380000,2024-06-10 23:59:59
2024-06-11,101.39999999999999,99.10000000000001,101.8,97.5,3683219177.5,185382120000,2024-06-11 23:59:59
2024-06-13,94.475,100.82500000000002,100.99999999999997,93.175,2912581949.75,147968770000,2024-06-13 23:59:59
2024-06-14,100.99999999999997,100.6,101.7,99.52499999999999,1711014225.15,84917750000,2024-06-14 23:59:59
2024-06-17,101.17499999999998,101.975,103.075,100.375,2641246753.95,129540690000,2024-06-17 23:59:59
2024-06-18,101.99999999999999,99.375,102.67499999999998,97.925,2765536755.9,138296810000,2024-06-18 23:59:59
2024-06-19,99.325,96.22500000000002,99.55,94.77499999999999,3225429601.1,166435080000,2024-06-19 23:59:59
2024-06-20,96.5,97.925,98.65,94.12500000000001,3307783784.05,171083410000,2024-06-20 23:59:59
2024-06-21,98.125,97.30000000000001,99.075,96.7,1295691296.95,66200500000,2024-06-21 23:59:59
2024-06-24,97.22500000000001,97.725,98.94999999999999,96.5,1556442871.8,79512760000,2024-06-24 23:59:59
2024-06-25,98.1,102.35000000000001,102.4,97.07499999999999,3382180196.35,168292330000,2024-06-25 23:59:59
2024-06-26,102.6,108.25,108.675,102.15,8882644907.45,418582100000,2024-06-26 23:59:59
2024-06-27,108.6,106.30000000000001,108.80000000000001,105.375,6129886303.7,286744260000,2024-06-27 23:59:59
2024-06-28,106.25000000000001,105.69999999999999,108.4,105.275,3813495780.25,178574210000,2024-06-28 23:59:59
2024-07-01,105.825,106.55,106.97500000000001,103.625,3651855227.85,173274700000,2024-07-01 23:59:59
2024-07-02,106.59999999999998,105.05000000000003,106.82499999999999,105.0,1191363869.75,56250780000,2024-07-02 23:59:59
2024-07-03,105.0,101.82500000000002,105.92499999999998,101.3,2457314665.8,118577570000,2024-07-03 23:59:59
2024-07-04,101.84999999999998,102.525,104.75,101.27499999999999,3006586422.85,145494940000,2024-07-04 23:59:59
2024-07-05,102.95,101.35,103.95,100.6,1906768102.6,93540060000,2024-07-05 23:59:59
2024-07-08,101.50000000000001,99.65,102.85,98.79999999999998,1758643680.55,87537340000,2024-07-08 23:59:59
2024-07-15,100.0,92.95,100.05,91.65,9231144176.779997,97984027,2024-07-15 23:59:59
2024-07-16,92.93,95.32,95.4,91.8,4643412469.06,49545775,2024-07-16 23:59:59
2024-07-17,95.6,93.72,96.69,93.1,3172871269.89,33479366,2024-07-17 23:59:59
2024-07-18,93.59,95.89,96.15,92.8,2586669295.97,27363977,2024-07-18 23:59:59
2024-07-19,95.89,96.33,97.66,95.0,2421389419.28,25117590,2024-07-19 23:59:59
2024-07-22,96.98,99.75,100.23,96.38,2622815167.7,26731660,2024-07-22 23:59:59
2024-07-23,99.5,100.75,101.55,98.67,3507821464.58,34916676,2024-07-23 23:59:59
2024-07-24,101.15,99.9,101.8,99.81,1699868029.82,16873670,2024-07-24 23:59:59
2024-07-25,99.7,99.2,99.89,97.82,1740551571.75,17614359,2024-07-25 23:59:59
2024-07-26,99.0,96.73,101.15,95.5,4056099521.75,41361366,2024-07-26 23:59:59
2024-07-29,96.56,93.4,96.56,93.01,2705339753.06,28664465,2024-07-29 23:59:59
2024-07-30,92.97,99.09,99.86,92.6,7131384261.81,73201724,2024-07-30 23:59:59
2024-07-31,99.2,97.82,99.99,97.1,5733984793.42,58370837,2024-07-31 23:59:59
2024-08-01,97.63,98.13,99.8,97.56,3463127848.56,35091806,2024-08-01 23:59:59
2024-08-02,98.06,97.69,98.81,96.7,2671333956.56,27340356,2024-08-02 23:59:59
2024-08-05,96.05,95.36,97.2,94.44,4536943788.78,47447995,2024-08-05 23:59:59
2024-08-06,96.4,96.21,97.55,95.39,2745864413.69,28468044,2024-08-06 23:59:59
2024-08-07,96.5,98.35,99.0,95.1,4332545845.01,44522199,2024-08-07 23:59:59
2024-08-08,98.36,96.85,99.21,96.06,2538076069.96,25976954,2024-08-08 23:59:59
2024-08-09,96.55,97.09,97.92,96.32,1540884782.25,15863793,2024-08-09 23:59:59
2024-08-12,96.99,98.03,98.49,96.41,2569197132.99,26317982,2024-08-12 23:59:59
2024-08-13,98.4,100.69,100.83,98.16,3756550433.92,37675640,2024-08-13 23:59:59
2024-08-14,100.75,99.81,102.0,99.37,4263065472.7,42292473,2024-08-14 23:59:59
2024-08-15,99.81,99.28,100.69,98.69,1974530051.98,19823868,2024-08-15 23:59:59
2024-08-16,99.28,97.85,99.67,97.76,2176035316.06,22038938,2024-08-16 23:59:59
2024-08-19,98.26,98.78,99.0,97.18,2796774324.22,28501402,2024-08-19 23:59:59
2024-08-20,98.92,99.47,100.49,98.43,3234572657.34,32499931,2024-08-20 23:59:59
2024-08-21,99.79,100.19,100.34,98.85,2470268210.13,24777709,2024-08-21 23:59:59
2024-08-22,100.44,96.64,100.67,94.61,4601992565.32,46867989,2024-08-22 23:59:59
2024-08-23,96.62,96.47,97.73,94.03,4352410309.82,45268851,2024-08-23 23:59:59
2024-08-26,98.36,99.09,99.3,97.29,2768641055.25,28149127,2024-08-26 23:59:59
2024-08-27,99.35,96.88,99.83,96.57,2331013435.72,23726200,2024-08-27 23:59:59
2024-08-28,97.07,97.02,97.32,95.0,2249356505.64,23356646,2024-08-28 23:59:59
2024-08-29,97.03,96.02,97.6,95.35,1882619010.12,19550565,2024-08-29 23:59:59
2024-08-30,96.06,91.48,96.32,91.0,3900901447.63,41814880,2024-08-30 23:59:59
2024-09-02,90.96,86.1,91.06,85.2,5514910782.36,62710686,2024-09-02 23:59:59
2024-09-03,86.47,86.23,89.06,84.14,4721901380.14,54502607,2024-09-03 23:59:59
2024-09-04,86.41,89.03,89.38,85.83,3014753438.19,34345870,2024-09-04 23:59:59
2024-09-05,89.04,87.2,90.08,86.79,3188132043.19,35947788,2024-09-05 23:59:59
2024-09-06,87.3,87.3,88.15,86.5,1940287777.32,22257375,2024-09-06 23:59:59
2024-09-09,87.63,90.9,91.0,87.56,2755937870.45,30926870,2024-09-09 23:59:59
2024-09-10,91.43,88.89,91.5,88.12,2566723030.62,28602879,2024-09-10 23:59:59
2024-09-11,88.7,87.2,89.48,86.84,1944940036.03,22052986,2024-09-11 23:59:59
2024-09-12,87.18,86.2,87.5,85.22,2517923394.59,29269486,2024-09-12 23:59:59
2024-09-13,85.75,87.14,87.42,83.81,4226755608.32,49230480,2024-09-13 23:59:59
2024-09-16,87.7,88.62,89.75,87.33,2632045880.84,29728847,2024-09-16 23:59:59
2024-09-17,88.67,90.1,90.39,87.81,1826935002.35,20545189,2024-09-17 23:59:59
2024-09-18,90.1,87.93,90.95,87.33,2154574653.7,24057838,2024-09-18 23:59:59
2024-09-19,88.06,88.53,89.36,87.61,1795057571.5,20280841,2024-09-19 23:59:59
2024-09-20,88.51,89.35,89.9,88.42,1803224390.62,20224843,2024-09-20 23:59:59
2024-09-23,89.7,91.96,92.37,89.56,3283218564.34,36112072,2024-09-23 23:59:59
2024-09-24,92.2,92.65,93.95,90.81,3362836623.77,36591103,2024-09-24 23:59:59
2024-09-25,92.76,90.83,94.6,90.31,4401511393.1,47531119,2024-09-25 23:59:59
2024-09-26,90.8,90.76,91.84,89.82,2159972084.19,23843726,2024-09-26 23:59:59
2024-09-27,90.94,90.57,91.5,90.31,1741990037.23,19163617,2024-09-27 23:59:59
2024-09-30,90.75,89.03,91.42,88.92,2234031396.88,24733831,2024-09-30 23:59:59
2024-10-01,89.05,87.52,89.08,86.37,3328573626.32,38010697,2024-10-01 23:59:59
2024-10-02,87.7,86.16,88.12,85.0,2180814649.97,25194369,2024-10-02 23:59:59
2024-10-03,85.9,87.23,87.49,84.69,2765774572.34,32068134,2024-10-03 23:59:59
2024-10-04,87.35,86.63,87.71,86.22,1373108218.03,15793558,2024-10-04 23:59:59
2024-10-07,86.8,86.43,87.1,85.37,1489515271.41,17315416,2024-10-07 23:59:59
2024-10-08,86.25,85.85,86.48,85.37,1205015482.51,14046334,2024-10-08 23:59:59
2024-10-09,85.71,89.79,89.9,85.13,3337770644.93,38423173,2024-10-09 23:59:59
2024-10-10,89.47,86.16,89.66,85.9,5587584824.76,64088299,2024-10-10 23:59:59
2024-10-11,86.18,85.61,86.31,85.2,1474661084.92,17191954,2024-10-11 23:59:59
2024-10-14,85.58,86.7,86.99,84.6,2758107406.45,32158482,2024-10-14 23:59:59
2024-10-15,86.49,86.67,87.17,86.21,1546621572.17,17827200,2024-10-15 23:59:59
2024-10-16,86.8,85.82,87.62,85.0,2041287128.8,23580144,2024-10-16 23:59:59
2024-10-17,85.78,85.09,86.07,84.8,1284131430.34,15042763,2024-10-17 23:59:59
2024-10-18,84.81,84.84,85.4,84.01,2323678690.77,27465894,2024-10-18 23:59:59
2024-10-21,84.98,84.71,85.21,84.42,1039564991.49,12254782,2024-10-21 23:59:59
2024-10-22,84.65,83.58,85.1,83.45,1416430990.18,16817118,2024-10-22 23:59:59
2024-10-23,83.41,82.22,84.98,81.84,3281632138.71,39400102,2024-10-23 23:59:59
2024-10-24,82.4,82.64,82.9,81.2,1728228329.69,21044752,2024-10-24 23:59:59
2024-10-25,82.66,79.89,83.3,79.67,3681578346.11,45319475,2024-10-25 23:59:59
2024-10-28,79.15,76.2,80.19,75.16,3993908248.01,51210979,2024-10-28 23:59:59
2024-10-29,76.33,77.45,78.08,74.9,2556315810.17,33398253,2024-10-29 23:59:59
2024-10-30,77.56,76.19,78.42,76.0,2141854946.01,27658778,2024-10-30 23:59:59
2024-10-31,75.91,75.25,76.47,74.73,2005659632.56,26553420,2024-10-31 23:59:59
2024-11-01,75.25,76.62,76.85,74.53,1611569092.12,21291035,2024-11-01 23:59:59
2024-11-02,76.62,77.12,77.44,76.42,759160490.45,9872711,2024-11-02 23:59:59
2024-11-05,77.69,77.38,78.2,76.86,1217856343.32,15716693,2024-11-05 23:59:59
2024-11-06,78.66,78.32,79.9,77.66,3097160838.6,39313061,2024-11-06 23:59:59
2024-11-07,78.29,79.1,79.31,76.53,3288853055.14,42338206,2024-11-07 23:59:59
2024-11-08,79.5,80.2,80.43,77.85,3535519954.44,44654022,2024-11-08 23:59:59
2024-11-11,81.1,81.58,82.16,80.5,3869620874.51,47585502,2024-11-11 23:59:59
2024-11-12,81.5,80.68,81.78,80.2,1753491419.26,21662500,2024-11-12 23:59:59
2024-11-13,80.64,79.41,81.4,79.33,1862626922.73,23142380,2024-11-13 23:59:59
2024-11-14,79.5,79.19,80.16,78.83,1641823902.4,20672317,2024-11-14 23:59:59
2024-11-15,79.1,80.59,80.61,78.88,1320391899.69,16537426,2024-11-15 23:59:59
2024-11-18,79.0,78.95,79.84,78.2,1497285796.13,18906357,2024-11-18 23:59:59
2024-11-19,78.96,77.06,79.47,76.57,2022433713.45,25948089,2024-11-19 23:59:59
2024-11-20,77.1,75.64,77.88,75.03,1779631393.65,23271744,2024-11-20 23:59:59
2024-11-21,75.77,76.3,76.3,74.03,2536637338.39,33771142,2024-11-21 23:59:59
2024-11-22,76.49,74.05,76.58,73.78,1698352023.11,22691723,2024-11-22 23:59:59
2024-11-25,74.15,70.11,74.36,69.83,4277014585.15,59661785,2024-11-25 23:59:59
2024-11-26,70.31,68.23,72.48,67.75,6671398087.09,95529679,2024-11-26 23:59:59
2024-11-27,68.49,70.02,70.07,65.67,4619846404.31,68078498,2024-11-27 23:59:59
2024-11-28,70.21,69.28,70.69,67.69,2940128240.4,42364945,2024-11-28 23:59:59
2024-11-29,69.53,69.5,70.48,68.8,2210972899.69,31730166,2024-11-29 23:59:59
2024-12-02,69.0,69.27,70.17,68.85,1996440595.84,28741858,2024-12-02 23:59:59
2024-12-03,69.27,67.28,69.34,67.0,1688445575.31,24805958,2024-12-03 23:59:59
2024-12-04,67.32,65.38,69.07,65.02,4424664107.95,65948082,2024-12-04 23:59:59
2024-12-05,65.35,66.95,67.21,64.3,3625958905.73,55308081,2024-12-05 23:59:59
2024-12-06,67.0,67.52,68.17,66.01,2115074413.85,31484825,2024-12-06 23:59:59
2024-12-09,67.94,68.1,68.8,67.54,1284558288.62,18835357,2024-12-09 23:59:59
2024-12-10,68.19,66.94,68.22,66.68,1458438120.61,21687902,2024-12-10 23:59:59
2024-12-11,66.94,67.81,67.85,66.49,1222081073.54,18179072,2024-12-11 23:59:59
2024-12-12,68.0,66.57,68.66,66.5,1663996581.92,24618039,2024-12-12 23:59:59
2024-12-13,66.45,66.38,67.0,65.73,1252997497.59,18868781,2024-12-13 23:59:59
2024-12-16,66.12,64.25,66.31,63.8,1708114824.22,26327675,2024-12-16 23:59:59
2024-12-17,64.22,64.21,64.79,63.67,1042887482.09,16247676,2024-12-17 23:59:59
2024-12-18,64.27,65.23,65.41,63.62,1275412869.77,19808191,2024-12-18 23:59:59
2024-12-19,65.45,65.95,66.27,64.85,1923253750.71,29301766,2024-12-19 23:59:59
2024-12-20,65.82,72.88,73.27,65.8,4313427104.98,61175664,2024-12-20 23:59:59
2024-12-23,73.68,74.19,74.8,72.98,2719822658.9,36815537,2024-12-23 23:59:59
2024-12-24,74.25,73.89,74.75,72.6,2456289372.45,33315172,2024-12-24 23:59:59
2024-12-25,73.73,76.53,76.85,73.03,4045999589.98,53776399,2024-12-25 23:59:59
2024-12-26,76.61,75.74,77.67,75.65,3181527431.96,41480719,2024-12-26 23:59:59
2024-12-27,75.97,76.49,76.99,75.52,1748147755.08,22885289,2024-12-27 23:59:59
2024-12-28,76.7,78.09,78.48,76.59,1965615188.6,25257477,2024-12-28 23:59:59
2024-12-30,78.99,80.03,80.41,78.05,1749330631.8,22006468,2024-12-30 23:59:59
2025-01-03,80.51,77.78,80.63,77.5,1582542966.55,20172875,2025-01-03 23:59:59
2025-01-06,77.35,77.97,78.0,76.48,841574635.63,10880044,2025-01-06 23:59:59
2025-01-08,78.04,78.64,79.2,77.9,798488641.75,10152728,2025-01-08 23:59:59
2025-01-09,78.64,76.04,79.15,76.0,1616392632.27,20988164,2025-01-09 23:59:59
2025-01-10,76.39,79.28,79.5,75.54,2911159958.45,37480644,2025-01-10 23:59:59
2025-01-13,79.86,79.36,80.96,78.96,2625890489.24,32791193,2025-01-13 23:59:59
2025-01-14,79.5,81.27,82.45,78.51,2922450974.52,36166249,2025-01-14 23:59:59
2025-01-15,81.28,82.5,83.25,80.05,2916678507.61,35684641,2025-01-15 23:59:59
2025-01-16,82.8,84.56,85.21,81.5,4639815304.14,55379727,2025-01-16 23:59:59
2025-01-17,84.5,87.0,87.26,84.3,4631871684.53,53652615,2025-01-17 23:59:59
2025-01-20,88.5,86.17,88.75,85.36,3606149597.46,41355718,2025-01-20 23:59:59
2025-01-21,86.16,87.69,87.69,85.45,2085685330.32,24127482,2025-01-21 23:59:59
2025-01-22,87.82,86.01,88.25,85.65,2583476774.94,29640595,2025-01-22 23:59:59
2025-01-23,86.0,87.8,87.94,85.59,1982792365.62,22917147,2025-01-23 23:59:59
2025-01-24,88.25,87.54,88.66,86.49,2493761880.54,28423166,2025-01-24 23:59:59
2025-01-27,87.28,83.72,87.48,83.4,3364390795.03,39470799,2025-01-27 23:59:59
2025-01-28,83.48,84.66,84.88,82.32,2874505884.37,34310455,2025-01-28 23:59:59
2025-01-29,84.55,83.95,85.2,83.53,2163773140.87,25708214,2025-01-29 23:59:59
2025-01-30,84.0,83.85,84.4,82.77,2247317578.71,26863409,2025-01-30 23:59:59
2025-01-31,84.0,83.89,86.49,83.33,6467359034.83,76054183,2025-01-31 23:59:59
2025-02-03,84.0,81.96,84.45,81.3,3303608749.17,40062337,2025-02-03 23:59:59
2025-02-04,82.0,80.35,82.42,79.96,2613220258.52,32273051,2025-02-04 23:59:59
2025-02-05,80.35,82.09,82.88,79.05,2986724204.35,36894812,2025-02-05 23:59:59
2025-02-06,82.79,82.4,83.41,81.45,2417580821.76,29310583,2025-02-06 23:59:59
2025-02-07,82.3,81.19,82.97,80.74,2548747644.74,31211060,2025-02-07 23:59:59
2025-02-10,81.8,80.0,82.72,79.7,3440285771.25,42254099,2025-02-10 23:59:59
2025-02-11,80.24,82.11,82.11,80.07,2239985315.82,27636653,2025-02-11 23:59:59
2025-02-12,82.11,88.14,88.21,81.06,11706993777.11,139119077,2025-02-12 23:59:59
2025-02-13,88.59,89.54,89.87,85.06,12380199630.64,141074899,2025-02-13 23:59:59
2025-02-14,85.02,87.79,94.23,80.5,24913822017.1,275071336,2025-02-14 23:59:59
2025-02-17,90.44,98.76,98.77,90.04,32308575737.17,342190022,2025-02-17 23:59:59
2025-02-18,99.73,91.73,101.33,90.59,43134679317.49,453800162,2025-02-18 23:59:59
2025-02-19,92.9,94.5,94.97,90.73,17644500980.6,189983768,2025-02-19 23:59:59
2025-02-20,94.53,92.92,95.05,92.42,11148252056.43,118970080,2025-02-20 23:59:59
2025-02-21,92.61,92.36,93.58,90.74,8759772882.05,94984522,2025-02-21 23:59:59
2025-02-24,92.84,96.22,96.23,92.58,14627603810.8,155021506,2025-02-24 23:59:59
2025-02-25,96.45,93.68,97.44,93.4,18884794118.11,198593547,2025-02-25 23:59:59
2025-02-26,93.89,90.48,94.32,89.67,14301819629.27,156378554,2025-02-26 23:59:59
2025-02-27,90.47,89.3,91.82,89.05,9414574435.21,104191752,2025-02-27 23:59:59
2025-02-28,88.99,91.7,92.62,88.44,12732010702.86,140903853,2025-02-28 23:59:59
2025-03-01,92.0,91.73,92.19,91.02,191730791.06999987,2091351,2025-03-01 23:59:56
2025-03-02,91.24,90.49,91.49,90.41,448993222.0799999,4943226,2025-03-02 23:59:59
2025-03-03,90.49,90.77,91.75,88.12,9382463065.449984,104760894,2025-03-03 23:59:52
2025-03-04,91.0,93.18,94.5,90.86,10304383948.329975,111086804,2025-03-04 23:59:56
2025-03-05,93.3,90.52,93.49,90.38,9261198950.050014,100456586,2025-03-05 23:59:55
2025-03-06,90.53,91.15,91.7,89.4,5414868346.020002,59628279,2025-03-06 23:59:51
2025-03-07,91.18,91.07,93.81,88.5,14517382005.590021,159207500,2025-03-07 23:59:55
2025-03-10,91.19,90.99,92.0,90.15,4301487075.839995,47162079,2025-03-10 23:59:56
2025-03-11,91.29,90.7,91.86,89.5,5836773356.689998,64236484,2025-03-11 23:59:55
2025-03-12,90.6,90.31,91.18,89.75,3378964801.669997,37364218,2025-03-12 23:59:55
2025-03-13,90.01,89.86,91.67,87.6,10265246380.599997,114486726,2025-03-13 23:59:56
2025-03-14,89.5,90.99,91.5,89.18,4796044483.479996,53064071,2025-03-14 23:59:55
2025-03-15,91.13,91.02,91.22,90.95,137731723.89999995,1512265,2025-03-15 23:59:56
2025-03-16,91.03,92.29,92.36,91.0,740165671.34,8047605,2025-03-16 23:59:56
2025-03-17,92.5,92.6,93.75,91.2,7864565153.299985,84839865,2025-03-17 23:59:57
2025-03-18,93.0,90.13,93.18,90.05,10990108851.0,119458595,2025-03-18 23:59:56
2025-03-19,90.38,90.65,91.25,89.3,5257130996.64,58220298,2025-03-19 23:59:55
2025-03-20,90.66,90.72,91.35,90.3,3485236723.0599985,38329904,2025-03-20 23:59:59
2025-03-21,90.62,89.82,91.33,89.58,3899041781.9399996,43115370,2025-03-21 23:59:55
2025-03-24,89.82,89.05,89.87,88.5,2680966122.1500006,30074585,2025-03-24 23:59:56
2025-03-25,88.82,90.99,91.45,87.74,6439072531.209991,71624735,2025-03-25 23:59:55
2025-03-26,91.22,89.11,91.46,88.87,4690156929.880002,51942776,2025-03-26 23:59:59
2025-03-27,89.02,87.07,89.9,87.0,5397697608.670005,60801126,2025-03-27 23:59:56
2025-03-28,87.0,82.35,87.76,82.2,9321787829.079988,110478148,2025-03-28 23:59:56
2025-03-29,82.56,81.59,82.6,81.59,439435083.6199992,5380604,2025-03-29 23:59:56
2025-03-30,81.59,81.59,81.59,81.59,40656623.36000003,498304,2025-03-30 23:59:56
2025-03-31,80.0,81.96,83.54,79.38,5782385530.180007,70743388,2025-03-31 23:59:56
2025-04-01,82.04,78.78,83.46,78.55,5452837551.609995,67192645,2025-04-01 23:59:55
2025-04-02,78.78,79.88,80.62,78.31,4691606428.690002,59011465,2025-04-02 23:59:55
2025-04-03,80.02,77.86,80.89,75.7,5919037925.899996,76035974,2025-04-03 23:59:56
2025-04-04,78.5,72.25,78.66,72.08,8444707086.240008,112565622,2025-04-04 23:59:57
2025-04-05,72.02,72.32,72.9,72.02,614250120.5499997,8499673,2025-04-05 23:59:56
2025-04-06,72.6,73.73,73.85,72.19,721192529.8500003,9847078,2025-04-06 23:59:57
2025-04-07,72.07,70.89,72.7,67.76,10866242309.3,155853500,2025-04-07 23:59:49
2025-04-08,71.66,67.76,72.64,67.51,7323085776.83,103817837,2025-04-08 23:59:51
2025-04-09,67.34,73.28,73.49,66.1,11601921692.440018,167028382,2025-04-09 23:59:53
2025-04-10,73.67,72.2,74.41,71.74,6056564772.339998,82846689,2025-04-10 19:04:15
2025-04-11,73.25,76.76,76.84,72.96,6485062153.599997,86278762,2025-04-11 23:59:55
2025-04-12,77.0,78.17,78.28,76.91,1078938775.5800002,13869580,2025-04-12 23:59:56
2025-04-13,78.1,78.19,78.24,77.7,574625205.8899997,7366879,2025-04-13 23:59:56
2025-04-14,78.2,75.5,78.29,75.09,4795231739.299995,62802061,2025-04-14 23:59:55
2025-04-15,75.88,77.1,77.47,75.23,5438907749.069997,71186705,2025-04-15 23:59:55
2025-04-16,76.85,79.73,80.18,76.34,7559387071.759996,95919691,2025-04-16 23:59:55
2025-04-17,79.74,83.28,83.37,79.73,8054955493.839996,99044151,2025-04-17 23:59:55
2025-04-18,82.0,83.3,84.18,80.61,9238737118.40999,112129272,2025-04-18 23:59:55
2025-04-21,84.0,85.39,85.87,83.65,6115485265.800001,72097960,2025-04-21 23:59:55
2025-04-22,85.52,86.32,88.1,84.41,9457169182.60001,109837031,2025-04-22 23:59:55
2025-04-23,86.35,85.4,86.59,83.4,7485048367.680009,88164757,2025-04-23 23:59:55
2025-04-24,85.4,85.52,86.97,84.93,4942765915.009999,57477105,2025-04-24 23:59:59
2025-04-25,86.4,87.24,87.78,85.92,6826801805.539998,78570788,2025-04-25 23:59:55
2025-04-26,87.62,87.84,89.15,87.45,2291979238.970002,25951696,2025-04-26 23:59:56
2025-04-27,88.0,87.93,88.26,87.65,451504246.1700002,5134555,2025-04-27 23:59:57
2025-04-28,87.93,98.55,109.04,85.9,63476053120.92988,631171764,2025-04-28 23:59:57
2025-04-29,98.75,97.3,100.62,95.08,24833865788.61,252702303,2025-04-29 23:59:56
2025-04-30,97.4,98.1,98.41,94.71,12758500829.479986,131778296,2025-04-30 23:59:56
2025-05-02,98.44,96.6,98.45,96.07,5394139953.530004,55606044,2025-05-02 23:59:55
2025-05-03,96.4,96.59,97.19,96.29,631112918.3900001,6527566,2025-05-03 23:59:57
2025-05-04,96.59,97.13,97.39,96.56,760387757.28,7838190,2025-05-04 23:59:57
2025-05-05,97.5,96.19,97.7,95.56,6128540503.180002,63328346,2025-05-05 23:59:56
2025-05-06,96.35,97.42,98.28,95.92,5943962294.589988,61119518,2025-05-06 23:59:59
2025-05-07,97.6,97.64,98.35,96.8,4716295988.390009,48283001,2025-05-07 23:59:54
2025-05-08,97.8,97.75,98.82,97.35,2878463190.759997,29363640,2025-05-08 23:59:54
2025-05-10,98.11,98.08,98.33,97.8,457415438.76,4666238,2025-05-10 23:59:57
2025-05-11,98.8,99.07,99.86,98.5,2064189874.0999997,20830726,2025-05-11 23:59:56
2025-05-12,99.6,99.72,100.33,98.74,5676128598.939997,56983616,2025-05-12 23:59:51
2025-05-13,99.81,99.17,100.09,98.91,3269882533.3099947,32895260,2025-05-13 23:59:55
2025-05-14,99.18,97.0,99.66,96.5,4051122041.6299963,41130665,2025-05-14 23:59:55
2025-05-15,97.0,97.25,98.0,96.05,4504994707.01,46345691,2025-05-15 23:59:55
2025-05-16,97.26,97.19,98.12,94.35,7688194977.519993,79806290,2025-05-16 23:59:55
2025-05-17,97.3,98.32,98.48,97.14,815878532.4499996,8345597,2025-05-17 23:59:57
2025-05-18,98.71,98.89,99.05,98.4,865710797.4199988,8765308,2025-05-18 23:59:57
2025-05-19,98.96,96.97,98.96,96.55,3690424251.059997,37716670,2025-05-19 23:59:55
2025-05-20,97.21,96.3,97.32,96.1,2265968771.4200025,23438344,2025-05-20 23:59:59
2025-05-21,96.33,95.65,97.03,95.31,2109012447.6099944,21913342,2025-05-21 23:59:55
2025-05-22,95.87,95.18,96.68,94.24,5394220333.439991,56593274,2025-05-22 23:59:57
2025-05-23,95.23,95.5,96.27,95.01,2025115542.3300009,21179104,2025-05-23 23:59:55
2025-05-26,95.5,92.25,95.5,91.34,6623206654.180006,71220223,2025-05-26 23:59:56
2025-05-27,92.25,93.59,94.28,90.22,4979326420.430006,53752749,2025-05-27 23:59:54
2025-05-28,93.77,95.78,95.85,93.73,5127529118.819988,53930012,2025-05-28 23:59:55
2025-05-29,95.87,94.17,95.98,93.87,2946801755.529998,30980421,2025-05-29 23:59:55
2025-05-30,94.17,93.9,96.64,93.11,7769180043.969993,82178565,2025-05-30 23:59:56
2025-05-31,94.0,93.87,94.36,93.77,297855656.9699999,3166785,2025-05-31 23:59:56
2025-06-01,93.79,91.89,93.82,91.1,1744881873.399999,18943641,2025-06-01 23:59:57
2025-06-02,91.89,93.47,94.15,91.51,3999303244.990004,42956625,2025-06-02 23:59:56
2025-06-03,93.49,95.41,95.5,93.48,4044689034.1600003,42716344,2025-06-03 23:59:55
2025-06-04,95.4,95.1,96.86,94.55,6132148366.77,63941642,2025-06-04 23:59:56
2025-06-05,95.12,95.44,96.1,95.12,2316678473.319999,24214002,2025-06-05 23:59:54
2025-06-06,95.5,93.27,98.5,92.82,9300019243.779972,97289727,2025-06-06 23:59:58
2025-06-07,93.68,93.77,94.48,93.21,347641879.9000003,3711888,2025-06-07 23:59:57
2025-06-08,93.83,93.64,93.96,93.38,202902314.24000007,2165872,2025-06-08 23:59:57
2025-06-09,93.8,94.27,94.57,93.03,3606989319.550003,38520607,2025-06-09 23:59:56
2025-06-10,94.4,93.5,95.04,93.25,2798921938.5000043,29780096,2025-06-10 23:59:55
2025-06-11,93.5,93.44,94.37,93.13,2771253765.9000072,29526966,2025-06-11 23:59:59
2025-06-13,96.4,98.12,98.38,95.31,7372639614.209997,75885452,2025-06-13 23:59:56
2025-06-14,98.15,98.55,98.87,98.15,574496834.4700001,5831354,2025-06-14 23:59:56
2025-06-15,98.76,99.18,99.42,98.36,1278792857.9600008,12928840,2025-06-15 23:59:57
2025-06-16,99.2,96.69,99.33,96.02,7268845990.1199875,74831587,2025-06-16 23:59:51
2025-06-17,96.69,97.85,98.65,96.3,4882889809.219998,50032999,2025-06-17 23:59:55
2025-06-18,98.1,97.37,98.56,96.9,3820649740.140004,39139929,2025-06-18 23:59:55
2025-06-19,97.61,97.97,98.6,97.0,6303017885.679996,64410178,2025-06-19 23:59:59
2025-06-20,98.0,101.75,102.24,97.86,18495874958.829998,183512858,2025-06-20 23:59:54
2025-06-23,102.42,104.23,104.95,101.8,13593177880.340008,131509164,2025-06-23 23:59:55
2025-06-24,104.5,106.45,106.77,104.11,11255388758.480013,106541757,2025-06-24 23:59:59
2025-06-25,106.66,107.48,107.58,105.04,8200364404.999987,77325861,2025-06-25 23:59:56
2025-06-26,107.48,106.46,107.76,106.04,6872534125.819998,64378367,2025-06-26 23:59:54
2025-06-27,106.77,106.75,107.13,106.16,4959879983.999999,46503521,2025-06-27 23:59:59
2025-06-28,106.96,107.13,107.27,106.88,450615973.1399996,4205789,2025-06-28 23:59:57
2025-06-29,107.14,107.28,107.77,107.14,925686750.8499998,8620056,2025-06-29 23:59:59
2025-06-30,107.3,106.22,107.6,105.3,9803826356.500006,92263872,2025-06-30 23:59:56
2025-07-01,106.22,104.69,107.2,102.62,19285998151.209972,182689358,2025-07-01 23:59:54
2025-07-02,105.0,102.57,105.16,101.31,16319236583.000008,158811790,2025-07-02 23:59:55
2025-07-03,102.61,99.94,103.13,99.61,10897806176.359993,107546620,2025-07-03 23:59:55
2025-07-04,99.86,99.38,100.96,98.31,10493627739.140032,105454601,2025-07-04 23:59:55
2025-07-05,99.55,99.39,99.67,99.3,338260668.3199999,3400795,2025-07-05 23:59:56
2025-07-06,99.41,100.15,100.79,99.09,1034522591.8700004,10343526,2025-07-06 23:59:56
2025-07-07,100.47,96.6,100.47,96.27,10516882107.479984,107383156,2025-07-07 23:59:55
2025-07-08,96.2,94.38,97.48,94.03,15977121279.109995,166997625,2025-07-08 23:59:55
2025-07-09,94.5,94.45,95.78,92.82,12066933414.050009,127771946,2025-07-09 23:59:56
2025-07-10,93.05,93.46,95.05,93.05,15737539972.330023,167592383,2025-07-10 23:59:56
2025-07-11,71.0,72.79,74.9,70.91,22406122615.190025,307746735,2025-07-11 23:59:56
2025-07-12,72.79,73.29,74.02,72.6,1173406316.5100005,15958804,2025-07-12 23:59:56
2025-07-13,73.55,72.8,73.59,72.22,848518545.8100005,11668009,2025-07-13 23:59:57
2025-07-14,72.68,74.91,75.3,71.27,10746145327.559996,146998763,2025-07-14 23:59:57
2025-07-15,75.07,78.85,78.92,74.81,11855893759.510006,153609402,2025-07-15 23:59:56
2025-07-16,79.0,79.38,80.83,78.73,11238597873.420013,140970732,2025-07-16 23:59:55
2025-07-17,79.6,78.02,80.3,77.18,7921564665.770019,100506088,2025-07-17 23:59:56
2025-07-18,78.02,81.0,81.25,78.0,6402924391.710002,80456193,2025-07-18 23:59:56
2025-07-19,81.35,82.76,82.96,81.3,2392818856.379997,29023234,2025-07-19 23:59:57
2025-07-20,83.35,82.9,83.45,82.32,1551347784.6700008,18726668,2025-07-20 23:59:57
2025-07-21,82.9,82.05,83.48,81.38,6839585220.090004,83220220,2025-07-21 23:59:57
2025-07-22,82.24,82.51,82.72,81.22,3664718937.9099965,44677931,2025-07-22 23:59:59
2025-07-23,82.51,82.6,83.0,82.12,4782757412.7599945,57834655,2025-07-23 23:59:59
2025-07-24,82.73,82.28,83.15,81.77,4230010661.439998,51338713,2025-07-24 23:59:55
2025-07-25,82.4,83.6,84.46,81.8,11825651287.219994,141893529,2025-07-25 23:59:57
2025-07-26,83.7,83.46,83.95,83.28,519329087.12000054,6211629,2025-07-26 23:59:57
2025-07-27,83.5,83.3,83.63,82.97,436730414.1899995,5245841,2025-07-27 23:59:57
2025-07-28,83.41,79.59,83.6,78.77,17471984863.089996,217147752,2025-07-28 23:59:58
2025-07-29,79.6,78.72,80.23,77.4,11526251785.949986,146226966,2025-07-29 23:59:55
2025-07-30,78.71,78.19,79.49,77.77,4146485712.130002,52789325,2025-07-30 23:59:59
2025-07-31,77.96,77.77,81.28,75.01,25118010481.170006,323128915,2025-07-31 23:59:55
2025-08-01,78.0,76.68,78.5,76.26,6334003804.000003,81945601,2025-08-01 23:59:56
2025-08-04,76.68,76.62,76.94,75.86,4160443421.2800007,54432346,2025-08-04 23:59:56
2025-08-05,76.91,78.85,78.98,75.96,10888016004.130009,140085182,2025-08-05 23:59:54
2025-08-06,78.97,79.6,80.26,77.21,10272917882.859997,130062144,2025-08-06 23:59:51
2025-08-07,79.96,79.6,80.67,78.82,9936784145.430006,124453062,2025-08-07 23:59:56
2025-08-08,79.62,80.53,80.77,79.18,6760594543.129992,84610393,2025-08-08 23:59:59
2025-08-11,81.2,79.52,81.93,79.0,8739024642.61,108437874,2025-08-11 23:59:57
2025-08-12,79.52,79.38,80.08,78.83,2979997640.039998,37509664,2025-08-12 23:59:54
2025-08-13,79.38,78.98,80.07,78.9,2687059572.400004,33863429,2025-08-13 23:59:59
2025-08-14,78.9,80.28,80.5,78.4,4092782142.7100067,51511279,2025-08-14 23:59:59
2025-08-15,80.4,80.28,80.68,79.65,3216239677.58,40097115,2025-08-15 23:59:51
2025-08-16,79.1,79.0,79.37,78.0,1307171677.5799994,16548345,2025-08-16 23:59:56
2025-08-17,79.19,78.88,79.34,78.8,363221533.91000026,4592854,2025-08-17 23:59:57
2025-08-18,79.09,80.1,80.8,78.71,3855497279.5400043,48411896,2025-08-18 23:59:56
2025-08-19,80.72,79.51,81.08,79.17,3043850596.5099964,38056400,2025-08-19 23:59:55
2025-08-20,79.63,77.99,79.78,77.61,3205758499.719996,40821288,2025-08-20 23:59:59
2025-08-21,78.0,76.63,78.4,76.4,3538930716.5000033,45777515,2025-08-21 23:59:56
2025-08-22,76.8,76.98,77.52,76.1,2186577654.8199987,28407778,2025-08-22 23:59:55
2025-08-23,77.05,77.03,77.3,77.01,99192474.4800001,1285790,2025-08-23 23:59:57
2025-08-24,77.1,76.93,77.21,76.8,116592860.37,1514125,2025-08-24 23:59:56
2025-08-25,76.93,76.32,77.08,75.4,2958178886.749997,38883157,2025-08-25 23:59:51
2025-08-26,76.5,76.4,77.08,75.89,1871060504.210003,24463356,2025-08-26 23:59:55
2025-08-27,76.4,76.55,76.97,76.07,1916596382.9899998,25064470,2025-08-27 23:59:59
2025-08-28,76.65,75.9,76.87,75.46,2367325625.3600006,31098014,2025-08-28 23:59:55
2025-08-29,76.04,75.15,76.15,74.6,3273613196.610005,43527262,2025-08-29 23:59:55
2025-08-30,75.2,75.04,75.27,74.97,207698683.54000002,2765970,2025-08-30 23:59:57
2025-08-31,75.04,75.14,75.28,75.0,325646276.11000013,4333560,2025-08-31 23:59:56
2025-09-01,75.2,74.79,76.09,74.4,3053614066.3499994,40713695,2025-09-01 23:59:55
2025-09-02,74.94,74.02,74.97,73.56,3301701380.209994,44575355,2025-09-02 23:59:56
2025-09-03,74.02,75.13,75.34,73.17,3337219883.270002,45145535,2025-09-03 23:59:59
2025-09-04,75.1,75.74,75.96,74.61,3735625108.9399905,49552606,2025-09-04 23:59:54
2025-09-05,75.85,75.5,76.13,74.94,3075478396.3900003,40701093,2025-09-05 23:59:59
2025-09-06,75.59,75.64,75.71,75.35,127128309.49999991,1681425,2025-09-06 23:59:56
2025-09-07,75.69,75.68,75.85,75.5,165523274.90999982,2186520,2025-09-07 23:59:57
2025-09-08,75.68,75.23,76.05,74.85,2391665336.2499995,31765976,2025-09-08 23:59:55
2025-09-09,75.23,74.97,75.36,74.46,2717352057.8800097,36297719,2025-09-09 23:59:59
2025-09-10,74.83,74.1,75.0,73.9,2257547281.2699986,30344127,2025-09-10 23:59:55
2025-09-11,74.1,77.86,78.59,73.72,18714173366.93001,244182377,2025-09-11 23:59:59
2025-09-12,77.86,75.86,78.15,75.35,12874289135.84002,168288339,2025-09-12 23:59:59
2025-09-13,75.94,76.0,76.17,75.64,358550127.75000024,4718687,2025-09-13 23:59:56
2025-09-14,76.02,76.38,76.51,75.92,528852939.8299995,6941025,2025-09-14 23:59:56
2025-09-15,76.53,74.11,76.65,73.6,7974733144.799993,106676819,2025-09-15 23:59:59
2025-09-16,74.0,72.97,75.5,72.5,12547250978.169998,170234984,2025-09-16 23:59:55
2025-09-17,73.1,72.09,73.69,71.81,8446008403.959995,116632728,2025-09-17 23:59:59
2025-09-18,72.2,71.83,72.88,71.1,9334572809.349998,129722877,2025-09-18 23:59:59
2025-09-19,71.79,71.54,72.18,69.31,31969994536.790005,452776188,2025-09-19 23:59:59
2025-09-22,71.82,70.94,72.15,70.01,9813889298.409988,138252439,2025-09-22 23:59:56
2025-09-23,70.94,70.25,72.15,69.68,7887166281.300005,110811058,2025-09-23 23:59:59
2025-09-24,70.25,70.78,71.28,69.88,6186563185.879995,87477449,2025-09-24 23:59:55
2025-09-25,70.84,69.97,71.05,69.73,3446550997.699995,48973034,2025-09-25 23:59:54
2025-09-26,70.0,69.19,70.19,67.84,10410032790.929981,150982234,2025-09-26 23:59:54
2025-09-27,69.2,69.01,69.47,68.9,276468339.40999967,3997668,2025-09-27 23:59:57
2025-09-28,69.17,69.0,69.18,68.78,336054642.12000036,4875131,2025-09-28 23:59:57
2025-09-29,69.15,68.2,70.29,67.9,7423805689.109999,107407639,2025-09-29 23:59:55
2025-09-30,68.22,68.16,68.99,67.5,6903628804.360008,101209379,2025-09-30 23:59:59
2025-10-01,68.35,67.96,68.69,67.65,4202369800.14,61679590,2025-10-01 23:59:54
2025-10-02,67.96,67.49,68.07,67.34,4143633255.5099974,61292832,2025-10-02 23:59:59
2025-10-03,67.49,66.6,67.87,66.55,5438336911.910009,81108970,2025-10-03 23:59:59
2025-10-04,66.71,65.99,66.75,65.71,1533895185.7800012,23228630,2025-10-04 23:59:57
2025-10-05,65.89,66.48,66.48,65.72,744079708.8699999,11253804,2025-10-05 23:59:57
2025-10-06,66.59,67.52,67.95,66.11,6879533682.680007,102317619,2025-10-06 23:59:55
2025-10-07,67.36,68.7,69.19,67.18,5656359394.309985,82681804,2025-10-07 23:59:54
2025-10-08,68.7,66.04,69.15,64.87,11063969172.580013,165720130,2025-10-08 23:59:51
2025-10-09,66.26,67.8,68.16,64.9,7883090719.969986,118288138,2025-10-09 23:59:55
2025-10-10,67.8,67.0,67.81,66.83,4510350011.91,66955921,2025-10-10 23:59:55
2025-10-11,66.92,66.78,67.01,66.1,490534227.34999985,7350523,2025-10-11 23:59:57
2025-10-12,66.86,67.03,67.2,66.78,316372996.7699999,4719374,2025-10-12 23:59:56
2025-10-13,67.33,67.98,68.88,66.81,5113051329.249998,75396304,2025-10-13 23:59:59
2025-10-14,68.05,67.25,68.3,66.91,2997224093.4000015,44371188,2025-10-14 23:59:54
2025-10-15,67.11,67.53,68.06,66.8,3150560674.349996,46675347,2025-10-15 23:59:55
2025-10-16,67.53,71.24,71.38,67.22,10033968275.59999,144689520,2025-10-16 23:59:51
2025-10-17,71.44,70.38,72.0,69.8,8281592392.780007,117563236,2025-10-17 23:59:55
2025-10-18,70.98,71.42,71.6,70.47,1454333522.559998,20416604,2025-10-18 23:59:57
2025-10-19,71.45,70.81,71.6,70.25,1451412334.1499996,20455978,2025-10-19 23:59:56
2025-10-20,71.08,70.69,71.26,70.4,4269536723.450005,60258345,2025-10-20 23:59:54
2025-10-21,70.69,68.08,70.75,67.23,8756363253.330004,127092058,2025-10-21 23:59:55
2025-10-22,68.09,67.13,68.94,66.74,4808771487.109999,70841565,2025-10-22 23:59:59
2025-10-23,66.44,67.98,68.06,65.7,4755832202.569999,71309359,2025-10-23 23:59:59
2025-10-24,68.0,67.28,69.4,66.89,6813177460.310003,100192359,2025-10-24 23:59:59
2025-10-27,67.19,66.08,67.19,66.04,3834091621.5199914,57617918,2025-10-27 23:59:59
2025-10-28,66.23,68.1,68.28,65.85,4601914877.430004,68249283,2025-10-28 23:59:59
2025-10-29,68.12,67.83,68.5,67.55,2328690443.8900013,34241176,2025-10-29 23:59:54
2025-10-30,67.83,68.82,69.18,67.6,4079595867.769997,59430799,2025-10-30 23:59:59
2025-10-31,68.8,68.02,69.19,67.7,2439195080.3000007,35669258,2025-10-31 23:59:54
2025-11-01,68.02,68.25,68.4,67.91,720443546.0799994,10560592,2025-11-01 23:59:58
2025-11-03,68.35,68.66,69.0,68.31,1330064318.4900022,19354940,2025-11-03 23:59:57
2025-11-05,68.63,69.41,70.5,68.16,7270501801.170001,104576243,2025-11-05 23:59:58
2025-11-06,69.39,69.63,70.28,68.7,3923666359.070003,56503919,2025-11-06 23:59:58
2025-11-07,69.44,69.89,70.3,69.22,3754951772.2500024,53708663,2025-11-07 23:59:58
2025-11-08,69.89,69.96,70.1,69.85,225853397.27000004,3228323,2025-11-08 23:59:57
2025-11-09,70.07,70.15,70.2,69.88,278656790.75999993,3977794,2025-11-09 23:59:59
2025-11-10,70.22,69.96,70.78,69.6,3694434678.319997,52610424,2025-11-10 23:59:58
2025-11-11,69.96,70.21,70.3,69.62,1943476547.3299994,27746334,2025-11-11 23:59:58
2025-11-12,70.25,69.25,70.26,68.83,2691255659.0799975,38769530,2025-11-12 23:59:58
2025-11-13,69.25,69.18,69.75,69.1,1797735963.0100005,25910002,2025-11-13 23:59:58
2025-11-14,69.18,68.64,69.47,68.34,2074868050.4599993,30161156,2025-11-14 23:59:58
2025-11-15,68.64,68.72,68.91,68.64,214443968.75999996,3118512,2025-11-15 23:59:59
2025-11-16,68.62,68.71,68.88,68.62,150176344.2899999,2185583,2025-11-16 23:59:59
2025-11-17,68.54,68.49,69.71,68.03,4113993668.1499996,59558802,2025-11-17 23:59:58
2025-11-18,68.5,69.02,69.78,67.63,5740005731.019996,83103750,2025-11-18 23:59:58
2025-11-19,69.03,69.9,70.81,68.95,8722236452.599995,124548708,2025-11-19 23:59:59
2025-11-20,69.91,71.86,71.88,69.51,7572580845.500003,107356729,2025-11-20 23:59:58
2025-11-21,72.0,71.16,72.0,70.51,5428282062.129996,76243862,2025-11-21 23:59:58
2025-11-24,71.83,71.29,72.6,70.94,5080913894.570002,70894812,2025-11-24 23:59:59
2025-11-25,71.31,72.04,72.37,70.87,5344777660.779998,74577000,2025-11-25 23:59:59
2025-11-26,72.05,71.5,72.1,71.3,2308919162.119999,32199503,2025-11-26 23:59:57
2025-11-27,71.5,70.51,71.85,70.17,3829074848.859996,54007456,2025-11-27 23:59:58
2025-11-28,70.51,72.85,73.33,70.34,9452180281.999992,130788627,2025-11-28 23:59:58
2025-11-29,72.85,72.88,72.98,72.65,417226077.18999976,5726926,2025-11-29 23:59:59
2025-11-30,72.85,74.1,74.28,72.83,2002174397.0599997,27151688,2025-11-30 23:59:59
2025-12-01,73.88,72.47,74.18,72.14,10192441613.489958,139601180,2025-12-01 23:59:58
2025-12-02,72.31,71.96,72.69,71.53,4556062520.179994,63187874,2025-12-02 23:59:57
2025-12-03,71.43,71.87,71.93,71.0,5165415211.470005,72315750,2025-12-03 23:59:58
2025-12-04,72.11,72.16,72.76,72.0,3077721464.2900014,42568645,2025-12-04 23:59:58
2025-12-05,72.24,73.17,73.41,72.13,5955862234.759999,81774231,2025-12-05 23:59:58
2025-12-08,73.2,72.22,73.52,72.1,4930503585.950005,67615625,2025-12-08 23:59:59
2025-12-09,72.31,72.87,73.26,72.01,3447886929.7400007,47449913,2025-12-09 23:59:58
2025-12-10,72.97,72.68,73.19,72.19,3110597967.52,42800562,2025-12-10 23:59:59
2025-12-11,72.8,72.9,73.41,72.66,5150507115.579996,70507179,2025-12-11 23:59:59
2025-12-12,72.88,71.62,73.11,71.54,5468326824.879997,75740303,2025-12-12 23:59:59
2025-12-13,72.0,72.07,72.22,71.82,645488297.8300014,8959461,2025-12-13 23:59:57
2025-12-14,72.07,71.52,72.13,71.2,1214976231.389999,16988201,2025-12-14 23:59:57
2025-12-15,71.58,71.85,71.96,71.3,4114738958.2899995,57439790,2025-12-15 23:59:59
2025-12-16,71.95,72.1,72.4,71.8,3731347397.8600006,51694527,2025-12-16 23:59:58
2025-12-17,72.19,72.0,72.48,71.56,4500816391.509999,62494292,2025-12-17 23:59:58
2025-12-18,72.1,73.32,73.57,71.97,9110026228.55999,124800206,2025-12-18 23:59:59
2025-12-19,73.36,73.07,74.28,72.72,10011309516.020027,136119142,2025-12-19 23:59:59
2025-12-20,73.15,73.12,73.25,72.95,223428558.66999984,3056760,2025-12-20 23:59:56
2025-12-21,73.09,73.08,73.16,72.95,202467766.8000002,2771633,2025-12-21 23:59:56
2025-12-22,73.17,71.19,73.33,71.03,7004361536.969996,97237119,2025-12-22 23:59:59
2025-12-23,71.25,71.88,72.11,70.62,4117313403.6899996,57546593,2025-12-23 23:59:59
2025-12-24,71.92,71.6,72.2,71.37,2770743371.0099998,38647750,2025-12-24 23:59:58
2025-12-25,71.8,71.4,71.88,71.18,1840750178.359998,25762422,2025-12-25 23:59:59
2025-12-26,71.4,72.92,73.1,71.3,5230880515.110005,72258291,2025-12-26 23:59:58
2025-12-27,73.01,72.95,73.15,72.77,630545970.1199999,8640898,2025-12-27 23:59:57
2025-12-28,72.83,72.92,73.07,72.6,509877193.1700001,6997767,2025-12-28 23:59:57
2025-12-29,73.29,72.17,73.95,71.8,6656170027.050006,91335409,2025-12-29 23:59:59
2025-12-30,72.08,72.22,72.57,72.08,2928539886.559998,40481842,2025-12-30 23:59:58
2026-01-05,72.22,71.55,72.24,70.91,2722703948.6000013,38134118,2026-01-05 23:59:59
2026-01-06,71.65,71.5,71.84,71.4,1223752395.729999,17092027,2026-01-06 23:59:57
2026-01-08,71.1,71.07,71.36,70.9,1493109094.3600008,20999977,2026-01-08 23:59:58
2026-01-09,71.13,71.22,71.67,71.09,1188335409.5400026,16645611,2026-01-09 23:59:57
2026-01-12,71.25,71.34,71.88,71.05,2039636478.4400015,28565381,2026-01-12 23:59:59
2026-01-13,71.35,71.16,71.56,70.76,2284283263.9300017,32112758,2026-01-13 23:59:59
2026-01-14,71.26,70.91,71.4,70.51,4710597578.259995,66380918,2026-01-14 23:59:59
2026-01-15,71.05,71.13,71.48,70.85,2752098570.0300007,38683220,2026-01-15 23:59:59
2026-01-16,71.13,71.98,72.19,71.13,3017342765.5100036,42039891,2026-01-16 23:59:59
2026-01-17,72.14,72.05,72.15,71.93,191659981.43999973,2661082,2026-01-17 23:59:59
2026-01-18,72.05,72.09,72.19,71.97,226615691.63000003,3144375,2026-01-18 23:59:57
2026-01-19,72.09,71.91,72.45,71.65,2920669874.6699953,40517566,2026-01-19 23:59:59
2026-01-20,71.93,71.85,72.25,71.51,1964721514.959998,27362258,2026-01-20 23:59:58
2026-01-21,71.84,72.72,72.87,71.63,3677163850.0500007,50772163,2026-01-21 23:59:59
2026-01-22,72.75,72.82,73.25,72.4,3972506892.3900027,54525237,2026-01-22 23:59:59
2026-01-23,72.84,73.12,73.36,72.51,2377179127.020001,32608329,2026-01-23 23:59:58
2026-01-24,73.12,72.94,73.3,72.7,519112309.1000003,7116641,2026-01-24 23:59:52
2026-01-25,72.95,73.14,73.15,72.87,384352554.4800007,5262792,2026-01-25 23:59:56
2026-01-26,72.9,72.29,72.97,72.2,2552741764.48,35219897,2026-01-26 23:59:55
2026-01-27,72.4,72.92,73.2,72.06,2456426687.4600005,33786003,2026-01-27 23:59:59
2026-01-28,72.94,73.28,73.48,72.91,2838147038.3000026,38768967,2026-01-28 23:59:59
2026-01-29,73.4,77.75,78.08,73.23,18658790316.329994,245835104,2026-01-29 23:59:51
2026-01-30,77.72,77.47,79.29,75.85,17624817573.23,226918931,2026-01-30 23:59:54
2026-01-31,77.5,77.62,78.08,77.33,774276476.1899995,9972648,2026-01-31 23:59:59
2026-02-01,77.62,79.06,79.2,77.5,3459665718.85,43948518,2026-02-01 23:59:56
2026-02-02,78.5,82.25,82.39,77.88,24711380351.10002,307773301,2026-02-02 23:59:59
2026-02-03,82.35,81.37,82.86,80.23,16582172489.040009,203671085,2026-02-03 23:59:59
2026-02-04,81.48,82.26,83.475,81.0,18788173029.170033,228124229,2026-02-04 23:59:59
2026-02-05,82.26,81.27,82.35,80.245,9150452196.179977,112690833,2026-02-05 23:59:55
2026-02-06,81.27,83.2,83.8,81.205,14330463984.950018,172961252,2026-02-06 23:59:58
2026-02-07,83.245,84.54,84.585,83.16,4126624036.2899957,49066838,2026-02-07 23:59:56
2026-02-08,84.6,85.065,85.57,84.565,4443262226.409998,52183416,2026-02-08 23:59:56
2026-02-09,84.965,82.615,85.3,82.15,11988134045.530016,144080729,2026-02-09 23:59:59
2026-02-10,82.7,83.48,84.24,82.51,8678997302.67001,103787347,2026-02-10 23:59:59
2026-02-11,83.575,83.9,84.7,81.135,18077200371.010017,217442548,2026-02-11 23:59:59
2026-02-12,84.02,83.965,84.395,83.405,5431859698.310005,64740190,2026-02-12 23:59:58
2026-02-13,83.965,87.62,87.655,83.53,16752590944.650023,195369145,2026-02-13 23:59:55
2026-02-16,87.85,87.795,89.37,87.015,15049198421.53,170685922,2026-02-16 23:59:59
2026-02-17,87.9,89.4,89.5,87.255,8452442667.740007,95901712,2026-02-17 23:59:59
2026-02-18,89.345,87.375,89.95,86.2,16741732404.869999,191101617,2026-02-18 23:59:59
2026-02-19,87.375,85.51,87.61,84.94,14522282905.030003,169009490,2026-02-19 23:59:59
2026-02-20,85.5,88.88,88.89,84.76,19041662027.56001,218147842,2026-02-20 23:59:59
2026-02-21,88.88,88.445,89.13,88.05,2420143326.2499976,27337285,2026-02-21 23:59:57
2026-02-22,88.44,88.595,88.835,88.35,941501324.150002,10633608,2026-02-22 23:59:57
2026-02-23,88.6,88.51,88.61,88.31,675876763.8399997,7640596,2026-02-23 23:59:58
2026-02-24,88.54,87.38,88.8,86.71,7818338775.690012,89225698,2026-02-24 23:59:59
2026-02-25,87.38,88.1,90.55,87.1,19364929459.560055,218882209,2026-02-25 23:59:59
2026-02-26,88.0,87.32,88.4,87.055,4891272847.029998,55717258,2026-02-26 23:59:59
2026-02-27,87.105,86.925,87.47,85.52,5110838134.709994,58866261,2026-02-27 23:59:59
2026-02-28,86.9,86.255,87.15,85.8,2289110305.5299993,26522014,2026-02-28 23:59:57
2026-03-01,85.94,86.2,86.5,85.85,859589449.6500001,9977248,2026-03-01 23:59:58
2026-03-02,86.0,85.045,86.315,84.63,4709343433.550007,55022910,2026-03-02 23:59:52
2026-03-03,85.0,84.3,86.08,84.06,6476916761.669997,76364712,2026-03-03 23:59:55
2026-03-04,84.4,83.8,84.925,83.7,3424505791.389998,40671900,2026-03-04 23:59:58
2026-03-05,83.85,85.93,86.6,83.555,7637305090.480001,89704882,2026-03-05 23:59:59
2026-03-06,85.85,86.02,86.68,85.575,3417347133.300001,39722553,2026-03-06 23:59:59
2026-03-09,86.03,86.07,87.48,84.61,5049154273.519993,58760242,2026-03-09 23:59:59
2026-03-10,86.08,85.51,86.67,85.26,2770859058.1699967,32200726,2026-03-10 23:59:59
2026-03-11,85.55,85.9,86.4,85.55,1650346623.2999983,19207491,2026-03-11 23:59:58
2026-03-12,85.8,85.69,86.1,85.31,1623058489.8100011,18928981,2026-03-12 23:59:59
2026-03-13,85.7,86.2,86.645,85.69,2183499274.6999984,25304647,2026-03-13 23:59:58
2026-03-14,86.35,86.355,86.445,86.225,220844749.23999995,2557252,2026-03-14 23:59:59
2026-03-15,86.355,86.475,86.505,86.255,209648764.83000016,2426566,2026-03-15 23:59:56
2026-03-16,86.55,86.45,88.165,86.14,6123433882.690004,70294001,2026-03-16 23:59:59
2026-03-17,86.52,86.445,86.94,85.6,3202303405.119995,37124165,2026-03-17 23:59:58
2026-03-18,86.62,86.445,87.195,86.11,3648495157.659997,42144730,2026-03-18 23:59:58
2026-03-19,86.45,85.965,86.71,85.5,3042169203.1,35329632,2026-03-19 23:59:54
2026-03-20,86.17,85.905,86.85,85.725,3107351735.38,35982247,2026-03-20 23:59:38
2026-03-23,86.0,85.17,86.1,84.4,4481773412.649999,52634500,2026-03-23 23:59:59
2026-03-24,85.3,85.56,85.775,84.82,2571370559.2900014,30183167,2026-03-24 23:59:59
2026-03-25,85.61,86.78,86.875,85.335,3485854447.380001,40484392,2026-03-25 23:59:59
2026-03-26,86.8,84.52,87.28,84.24,6806323961.14,79598838,2026-03-26 23:59:59
2026-03-27,84.665,82.995,85.185,82.44,5073972094.469995,60715180,2026-03-27 23:59:59
2026-03-28,82.89,82.92,83.285,82.89,257791271.06000006,3101648,2026-03-28 23:59:57
2026-03-29,82.92,83.32,83.36,82.92,316171427.08000004,3802927,2026-03-29 23:59:57
2026-03-30,83.405,83.39,84.63,81.92,5360823008.290004,64323489,2026-03-30 23:59:59
2026-03-31,83.505,86.045,86.18,82.935,6554004655.809996,77288385,2026-03-31 23:59:59
2026-04-01,86.045,88.135,88.145,85.505,8438731656.050009,96677530,2026-04-01 23:59:58
2026-04-02,88.095,89.91,90.085,87.24,12421655267.750002,139430129,2026-04-02 23:59:59
2026-04-03,89.91,91.66,92.065,89.685,14945773886.929974,163591619,2026-04-03 23:59:59
2026-04-04,91.65,92.505,92.78,91.5,1467399530.73,15878439,2026-04-04 23:59:59
2026-04-05,92.575,91.3,92.775,90.805,2623941704.970007,28669025,2026-04-05 23:59:56
2026-04-06,91.21,90.81,91.475,89.7,5964177765.310007,65847365,2026-04-06 23:59:58
2026-04-07,91.0,91.15,91.96,90.245,4344573226.359999,47573852,2026-04-07 23:59:59
2026-04-08,91.6,90.93,92.38,90.365,4323150778.729997,47357424,2026-04-08 23:59:58
2026-04-09,91.005,90.145,91.25,89.46,6226307331.969989,68991397,2026-04-09 23:59:59
2026-04-10,90.15,90.4,91.25,89.55,4164450274.7999983,46029849,2026-04-10 23:59:59
2026-04-11,90.425,90.8,90.81,90.4,226297429.9499998,2498528,2026-04-11 23:59:56
2026-04-12,90.8,90.84,91.0,90.5,423068362.8599996,4661094,2026-04-12 23:59:57
2026-04-13,90.84,91.955,92.485,90.84,6352113267.539996,69225123,2026-04-13 23:59:59
2026-04-14,92.01,91.93,92.1,90.66,4052011879.280002,44231124,2026-04-14 23:59:59
2026-04-15,91.93,93.75,93.875,91.295,6900350277.749999,74411883,2026-04-15 23:59:59
2026-04-16,93.83,95.135,95.98,93.57,8978842966.290003,94595031,2026-04-16 23:59:59
2026-04-17,95.135,95.405,95.875,94.04,5885579572.989998,61863216,2026-04-17 23:59:55
2026-04-18,95.365,95.69,95.75,95.315,499866254.70000005,5228366,2026-04-18 23:59:56
2026-04-19,95.71,95.845,96.0,95.49,384324181.28999984,4016583,2026-04-19 23:59:56
